time,theta,zeta_wall
0.0,-3.0925052683774528,0.004100000020116568
0.0,-2.994330497952771,0.004100000020116568
0.0,-2.8961557275280905,0.004100000020116568
0.0,-2.7979809571034098,0.004100000020116568
0.0,-2.699806186678728,0.004100000020116568
0.0,-2.6016314162540475,0.004100000020116568
0.0,-2.5034566458293668,0.004100000020116568
0.0,-2.405281875404685,0.004100000020116568
0.0,-2.3071071049800045,0.004100000020116568
0.0,-2.208932334555323,0.004100000020116568
0.0,-2.110757564130642,0.004100000020116568
0.0,-2.0125827937059615,0.004100000020116568
0.0,-1.9144080232812801,0.004100000020116568
0.0,-1.8162332528565992,0.004100000020116568
0.0,-1.718058482431918,0.004100000020116568
0.0,-1.6198837120072371,0.004100000020116568
0.0,-1.521708941582556,0.004100000020116568
0.0,-1.423534171157875,0.004100000020116568
0.0,-1.325359400733194,0.004100000020116568
0.0,-1.227184630308513,0.004100000020116568
0.0,-1.1290098598838318,0.004100000020116568
0.0,-1.030835089459151,0.004100000020116568
0.0,-0.93266031903447,0.004100000020116568
0.0,-0.8344855486097889,0.004100000020116568
0.0,-0.7363107781851077,0.004100000020116568
0.0,-0.6381360077604266,0.004100000020116568
0.0,-0.5399612373357456,0.004100000020116568
0.0,-0.4417864669110647,0.004100000020116568
0.0,-0.34361169648638357,0.004100000020116568
0.0,-0.24543692606170264,0.004100000020116568
0.0,-0.14726215563702172,0.004100000020116568
0.0,-0.04908738521234057,0.004100000020116568
0.0,0.04908738521234057,0.004100000020116568
0.0,0.14726215563702172,0.004100000020116568
0.0,0.24543692606170264,0.004100000020116568
0.0,0.34361169648638357,0.004100000020116568
0.0,0.4417864669110647,0.004100000020116568
0.0,0.5399612373357456,0.004100000020116568
0.0,0.6381360077604266,0.004100000020116568
0.0,0.7363107781851077,0.004100000020116568
0.0,0.8344855486097886,0.004100000020116568
0.0,0.9326603190344698,0.004100000020116568
0.0,1.030835089459151,0.004100000020116568
0.0,1.1290098598838316,0.004100000020116568
0.0,1.2271846303085128,0.004100000020116568
0.0,1.325359400733194,0.004100000020116568
0.0,1.423534171157875,0.004100000020116568
0.0,1.5217089415825562,0.004100000020116568
0.0,1.619883712007237,0.004100000020116568
0.0,1.718058482431918,0.004100000020116568
0.0,1.8162332528565992,0.004100000020116568
0.0,1.9144080232812803,0.004100000020116568
0.0,2.0125827937059615,0.004100000020116568
0.0,2.110757564130642,0.004100000020116568
0.0,2.2089323345553233,0.004100000020116568
0.0,2.3071071049800045,0.004100000020116568
0.0,2.405281875404685,0.004100000020116568
0.0,2.5034566458293663,0.004100000020116568
0.0,2.6016314162540475,0.004100000020116568
0.0,2.699806186678728,0.004100000020116568
0.0,2.7979809571034093,0.004100000020116568
0.0,2.8961557275280905,0.004100000020116568
0.0,2.9943304979527716,0.004100000020116568
0.0,3.0925052683774528,0.004100000020116568
0.1,-3.0925052683774528,0.004099920392036438
0.1,-2.994330497952771,0.004099064972251654
0.1,-2.8961557275280905,0.004099221434444189
0.1,-2.7979809571034098,0.004099265206605196
0.1,-2.699806186678728,0.004098840989172459
0.1,-2.6016314162540475,0.004098755307495594
0.1,-2.5034566458293668,0.004099316895008087
0.1,-2.405281875404685,0.004099531564861536
0.1,-2.3071071049800045,0.004099209792912006
0.1,-2.208932334555323,0.004099877085536718
0.1,-2.110757564130642,0.004100633319467306
0.1,-2.0125827937059615,0.0041007716208696365
0.1,-1.9144080232812801,0.004101037047803402
0.1,-1.8162332528565992,0.004101396072655916
0.1,-1.718058482431918,0.004100192338228226
0.1,-1.6198837120072371,0.004100107587873936
0.1,-1.521708941582556,0.004100103862583637
0.1,-1.423534171157875,0.004100177437067032
0.1,-1.325359400733194,0.004100147634744644
0.1,-1.227184630308513,0.0040998151525855064
0.1,-1.1290098598838318,0.0040991175919771194
0.1,-1.030835089459151,0.004098033532500267
0.1,-0.93266031903447,0.004098339006304741
0.1,-0.8344855486097889,0.00409933365881443
0.1,-0.7363107781851077,0.0040999287739396095
0.1,-0.6381360077604266,0.004100075922906399
0.1,-0.5399612373357456,0.0040994491428136826
0.1,-0.4417864669110647,0.004098857752978802
0.1,-0.34361169648638357,0.004098926670849323
0.1,-0.24543692606170264,0.00409880792722106
0.1,-0.14726215563702172,0.0040981704369187355
0.1,-0.04908738521234057,0.004098558332771063
0.1,0.04908738521234057,0.004098320379853249
0.1,0.14726215563702172,0.00409863144159317
0.1,0.24543692606170264,0.004098348785191774
0.1,0.34361169648638357,0.004098222590982914
0.1,0.4417864669110647,0.004099377430975437
0.1,0.5399612373357456,0.0040998635813593864
0.1,0.6381360077604266,0.004099135287106037
0.1,0.7363107781851077,0.004098990932106972
0.1,0.8344855486097886,0.004099017009139061
0.1,0.9326603190344698,0.004099865909665823
0.1,1.030835089459151,0.004100957419723272
0.1,1.1290098598838316,0.004100654739886522
0.1,1.2271846303085128,0.004099916201084852
0.1,1.325359400733194,0.0041001648642122746
0.1,1.423534171157875,0.00409934064373374
0.1,1.5217089415825562,0.004099741578102112
0.1,1.619883712007237,0.004099950660020113
0.1,1.718058482431918,0.004100355319678783
0.1,1.8162332528565992,0.004100315272808075
0.1,1.9144080232812803,0.004099721554666758
0.1,2.0125827937059615,0.004099278710782528
0.1,2.110757564130642,0.004099020268768072
0.1,2.2089323345553233,0.004099797923117876
0.1,2.3071071049800045,0.004099830985069275
0.1,2.405281875404685,0.004099672194570303
0.1,2.5034566458293663,0.004099399782717228
0.1,2.6016314162540475,0.004098584875464439
0.1,2.699806186678728,0.004098730161786079
0.1,2.7979809571034093,0.004100002348423004
0.1,2.8961557275280905,0.004100726917386055
0.1,2.9943304979527716,0.004101282451301813
0.1,3.0925052683774528,0.004101277329027653
0.2,-3.0925052683774528,0.004100536461919546
0.2,-2.994330497952771,0.004101427737623453
0.2,-2.8961557275280905,0.004101598169654608
0.2,-2.7979809571034098,0.004102122038602829
0.2,-2.699806186678728,0.004101292230188847
0.2,-2.6016314162540475,0.004100429825484753
0.2,-2.5034566458293668,0.004100375343114138
0.2,-2.405281875404685,0.004100588615983725
0.2,-2.3071071049800045,0.004100476857274771
0.2,-2.208932334555323,0.004100171383470297
0.2,-2.110757564130642,0.004100016318261623
0.2,-2.0125827937059615,0.0041008684784173965
0.2,-1.9144080232812801,0.004101600497961044
0.2,-1.8162332528565992,0.004100992809981108
0.2,-1.718058482431918,0.004100526683032513
0.2,-1.6198837120072371,0.0041003143414855
0.2,-1.521708941582556,0.0041007837280631065
0.2,-1.423534171157875,0.004100640304386616
0.2,-1.325359400733194,0.004101220052689314
0.2,-1.227184630308513,0.004101852420717478
0.2,-1.1290098598838318,0.004100941587239504
0.2,-1.030835089459151,0.004100192338228226
0.2,-0.93266031903447,0.004100443795323372
0.2,-0.8344855486097889,0.00410075020045042
0.2,-0.7363107781851077,0.004100950434803963
0.2,-0.6381360077604266,0.004100452177226543
0.2,-0.5399612373357456,0.004099996294826269
0.2,-0.4417864669110647,0.004100259393453598
0.2,-0.34361169648638357,0.004100433550775051
0.2,-0.24543692606170264,0.0040999725461006165
0.2,-0.14726215563702172,0.004098972771316767
0.2,-0.04908738521234057,0.004099095705896616
0.2,0.04908738521234057,0.0040985229425132275
0.2,0.14726215563702172,0.004098785575479269
0.2,0.24543692606170264,0.004099668934941292
0.2,0.34361169648638357,0.004100277554243803
0.2,0.4417864669110647,0.004100023303180933
0.2,0.5399612373357456,0.004099933430552483
0.2,0.6381360077604266,0.004100303631275892
0.2,0.7363107781851077,0.004100807011127472
0.2,0.8344855486097886,0.004100824240595102
0.2,0.9326603190344698,0.004100341349840164
0.2,1.030835089459151,0.004099972080439329
0.2,1.1290098598838316,0.004100077785551548
0.2,1.2271846303085128,0.004100542049854994
0.2,1.325359400733194,0.00410012761130929
0.2,1.423534171157875,0.004099600948393345
0.2,1.5217089415825562,0.0040997606702148914
0.2,1.619883712007237,0.004100087098777294
0.2,1.718058482431918,0.004102521110326052
0.2,1.8162332528565992,0.004102631006389856
0.2,1.9144080232812803,0.0041027674451470375
0.2,2.0125827937059615,0.00410167733207345
0.2,2.110757564130642,0.004100681282579899
0.2,2.2089323345553233,0.0041005853563547134
0.2,2.3071071049800045,0.004100611433386803
0.2,2.405281875404685,0.004100622609257698
0.2,2.5034566458293663,0.004100047517567873
0.2,2.6016314162540475,0.004099945537745953
0.2,2.699806186678728,0.00410068966448307
0.2,2.7979809571034093,0.004101565107703209
0.2,2.8961557275280905,0.0041005355305969715
0.2,2.9943304979527716,0.0040999106131494045
0.2,3.0925052683774528,0.00410007918253541
0.3,-3.0925052683774528,0.004099481739103794
0.3,-2.994330497952771,0.004097755998373032
0.3,-2.8961557275280905,0.004099362064152956
0.3,-2.7979809571034098,0.004100382328033447
0.3,-2.699806186678728,0.004100535996258259
0.3,-2.6016314162540475,0.004100640770047903
0.3,-2.5034566458293668,0.004100327845662832
0.3,-2.405281875404685,0.004100293852388859
0.3,-2.3071071049800045,0.004100081045180559
0.3,-2.208932334555323,0.0041000149212777615
0.3,-2.110757564130642,0.004100070800632238
0.3,-2.0125827937059615,0.00409961212426424
0.3,-1.9144080232812801,0.004099496640264988
0.3,-1.8162332528565992,0.004099735524505377
0.3,-1.718058482431918,0.004100015386939049
0.3,-1.6198837120072371,0.0040984791703522205
0.3,-1.521708941582556,0.004098988138139248
0.3,-1.423534171157875,0.0041004568338394165
0.3,-1.325359400733194,0.00410016905516386
0.3,-1.227184630308513,0.004100196994841099
0.3,-1.1290098598838318,0.004099985118955374
0.3,-1.030835089459151,0.004100013989955187
0.3,-0.93266031903447,0.004100072663277388
0.3,-0.8344855486097889,0.004100282210856676
0.3,-0.7363107781851077,0.004100616555660963
0.3,-0.6381360077604266,0.004100503399968147
0.3,-0.5399612373357456,0.004100060556083918
0.3,-0.4417864669110647,0.004099547863006592
0.3,-0.34361169648638357,0.004099254496395588
0.3,-0.24543692606170264,0.004098955076187849
0.3,-0.14726215563702172,0.004099739715456963
0.3,-0.04908738521234057,0.004099222831428051
0.3,0.04908738521234057,0.004098600707948208
0.3,0.14726215563702172,0.004099070094525814
0.3,0.24543692606170264,0.004098678473383188
0.3,0.34361169648638357,0.004099312704056501
0.3,0.4417864669110647,0.004099823534488678
0.3,0.5399612373357456,0.004100270569324493
0.3,0.6381360077604266,0.004100383259356022
0.3,0.7363107781851077,0.004100305959582329
0.3,0.8344855486097886,0.004099998623132706
0.3,0.9326603190344698,0.004100212827324867
0.3,1.030835089459151,0.004100460093468428
0.3,1.1290098598838316,0.004100392572581768
0.3,1.2271846303085128,0.004100858233869076
0.3,1.325359400733194,0.0041001890785992146
0.3,1.423534171157875,0.004099924582988024
0.3,1.5217089415825562,0.00410092668607831
0.3,1.619883712007237,0.004100089427083731
0.3,1.718058482431918,0.004100716672837734
0.3,1.8162332528565992,0.004100950434803963
0.3,1.9144080232812803,0.004100570920854807
0.3,2.0125827937059615,0.004100373014807701
0.3,2.110757564130642,0.004100518766790628
0.3,2.2089323345553233,0.0041002919897437096
0.3,2.3071071049800045,0.004100141115486622
0.3,2.405281875404685,0.004100040066987276
0.3,2.5034566458293663,0.0041000330820679665
0.3,2.6016314162540475,0.004100385122001171
0.3,2.699806186678728,0.004100277088582516
0.3,2.7979809571034093,0.004100074991583824
0.3,2.8961557275280905,0.004099947866052389
0.3,2.9943304979527716,0.0041000437922775745
0.3,3.0925052683774528,0.004099482670426369
0.4,-3.0925052683774528,0.004100335296243429
0.4,-2.994330497952771,0.004102085717022419
0.4,-2.8961557275280905,0.004101581405848265
0.4,-2.7979809571034098,0.0041013057343661785
0.4,-2.699806186678728,0.004100480582565069
0.4,-2.6016314162540475,0.0040996866300702095
0.4,-2.5034566458293668,0.004099817015230656
0.4,-2.405281875404685,0.004099769052118063
0.4,-2.3071071049800045,0.004100001882761717
0.4,-2.208932334555323,0.004100564867258072
0.4,-2.110757564130642,0.00410083495080471
0.4,-2.0125827937059615,0.004101380705833435
0.4,-1.9144080232812801,0.004101631697267294
0.4,-1.8162332528565992,0.004100623074918985
0.4,-1.718058482431918,0.004100044723600149
0.4,-1.6198837120072371,0.004099213518202305
0.4,-1.521708941582556,0.004099322482943535
0.4,-1.423534171157875,0.004100088495761156
0.4,-1.325359400733194,0.004099955782294273
0.4,-1.227184630308513,0.004100694786757231
0.4,-1.1290098598838318,0.004100595600903034
0.4,-1.030835089459151,0.004099979531019926
0.4,-0.93266031903447,0.004100050311535597
0.4,-0.8344855486097889,0.0040998924523591995
0.4,-0.7363107781851077,0.004099671263247728
0.4,-0.6381360077604266,0.004099981393665075
0.4,-0.5399612373357456,0.004099838901311159
0.4,-0.4417864669110647,0.004100298974663019
0.4,-0.34361169648638357,0.004100689198821783
0.4,-0.24543692606170264,0.004100406542420387
0.4,-0.14726215563702172,0.004100475460290909
0.4,-0.04908738521234057,0.004099568352103233
0.4,0.04908738521234057,0.004099369049072266
0.4,0.14726215563702172,0.004100434947758913
0.4,0.24543692606170264,0.004100119229406118
0.4,0.34361169648638357,0.004100307822227478
0.4,0.4417864669110647,0.004100111313164234
0.4,0.5399612373357456,0.0040998938493430614
0.4,0.6381360077604266,0.0041002859361469746
0.4,0.7363107781851077,0.00409998232498765
0.4,0.8344855486097886,0.0040998999029397964
0.4,0.9326603190344698,0.004099989775568247
0.4,1.030835089459151,0.004100005608052015
0.4,1.1290098598838316,0.004100773483514786
0.4,1.2271846303085128,0.004101030994206667
0.4,1.325359400733194,0.004100404214113951
0.4,1.423534171157875,0.004100167658179998
0.4,1.5217089415825562,0.004099496640264988
0.4,1.619883712007237,0.0040987771935760975
0.4,1.718058482431918,0.004100000020116568
0.4,1.8162332528565992,0.004099369514733553
0.4,1.9144080232812803,0.004099446814507246
0.4,2.0125827937059615,0.004099488724023104
0.4,2.110757564130642,0.0040994370356202126
0.4,2.2089323345553233,0.004100138787180185
0.4,2.3071071049800045,0.0041004689410328865
0.4,2.405281875404685,0.0041006263345479965
0.4,2.5034566458293663,0.00410088524222374
0.4,2.6016314162540475,0.004100410267710686
0.4,2.699806186678728,0.004100555554032326
0.4,2.7979809571034093,0.00410070875659585
0.4,2.8961557275280905,0.004100705962628126
0.4,2.9943304979527716,0.0041015599854290485
0.4,3.0925052683774528,0.004100127145648003
0.5,-3.0925052683774528,0.004098048433661461
0.5,-2.994330497952771,0.004100116901099682
0.5,-2.8961557275280905,0.004100098740309477
0.5,-2.7979809571034098,0.0041004205122590065
0.5,-2.699806186678728,0.004100474063307047
0.5,-2.6016314162540475,0.004100486170500517
0.5,-2.5034566458293668,0.004100804682821035
0.5,-2.405281875404685,0.004101001191884279
0.5,-2.3071071049800045,0.004101000726222992
0.5,-2.208932334555323,0.0041006761603057384
0.5,-2.110757564130642,0.004100257530808449
0.5,-2.0125827937059615,0.0041002025827765465
0.5,-1.9144080232812801,0.004100095480680466
0.5,-1.8162332528565992,0.004099989775568247
0.5,-1.718058482431918,0.0041000801138579845
0.5,-1.6198837120072371,0.004097765777260065
0.5,-1.521708941582556,0.004097703378647566
0.5,-1.423534171157875,0.00410006009042263
0.5,-1.325359400733194,0.004100111313164234
0.5,-1.227184630308513,0.004100409802049398
0.5,-1.1290098598838318,0.0041004628874361515
0.5,-1.030835089459151,0.004100415855646133
0.5,-0.93266031903447,0.004100549966096878
0.5,-0.8344855486097889,0.004100631922483444
0.5,-0.7363107781851077,0.004100699443370104
0.5,-0.6381360077604266,0.004100631456822157
0.5,-0.5399612373357456,0.0041005052626132965
0.5,-0.4417864669110647,0.004100693389773369
0.5,-0.34361169648638357,0.004100868012756109
0.5,-0.24543692606170264,0.004100433085113764
0.5,-0.14726215563702172,0.004100044723600149
0.5,-0.04908738521234057,0.004098586272448301
0.5,0.04908738521234057,0.004098167642951012
0.5,0.14726215563702172,0.004100765101611614
0.5,0.24543692606170264,0.004101159051060677
0.5,0.34361169648638357,0.0041013797745108604
0.5,0.4417864669110647,0.004101247526705265
0.5,0.5399612373357456,0.004100793972611427
0.5,0.6381360077604266,0.004100666381418705
0.5,0.7363107781851077,0.004100699443370104
0.5,0.8344855486097886,0.004100589081645012
0.5,0.9326603190344698,0.004100355319678783
0.5,1.030835089459151,0.004100033547729254
0.5,1.1290098598838316,0.004100059624761343
0.5,1.2271846303085128,0.00410015694797039
0.5,1.325359400733194,0.0040998575277626514
0.5,1.423534171157875,0.00409978162497282
0.5,1.5217089415825562,0.004098496399819851
0.5,1.619883712007237,0.004097998607903719
0.5,1.718058482431918,0.004097397904843092
0.5,1.8162332528565992,0.004099381621927023
0.5,1.9144080232812803,0.004100208170711994
0.5,2.0125827937059615,0.004100069869309664
0.5,2.110757564130642,0.004099996294826269
0.5,2.2089323345553233,0.004100424703210592
0.5,2.3071071049800045,0.004100850783288479
0.5,2.405281875404685,0.004100973252207041
0.5,2.5034566458293663,0.0041008442640304565
0.5,2.6016314162540475,0.0041006929241120815
0.5,2.699806186678728,0.004100938327610493
0.5,2.7979809571034093,0.004101088270545006
0.5,2.8961557275280905,0.004101013299077749
0.5,2.9943304979527716,0.004100640770047903
0.5,3.0925052683774528,0.004098590463399887
0.6,-3.0925052683774528,0.004099227022379637
0.6,-2.994330497952771,0.004098676610738039
0.6,-2.8961557275280905,0.004100194200873375
0.6,-2.7979809571034098,0.004099526442587376
0.6,-2.699806186678728,0.004099977668374777
0.6,-2.6016314162540475,0.004100162535905838
0.6,-2.5034566458293668,0.00410002376884222
0.6,-2.405281875404685,0.004100338090211153
0.6,-2.3071071049800045,0.004100367892533541
0.6,-2.208932334555323,0.0041008610278368
0.6,-2.110757564130642,0.004101005382835865
0.6,-2.0125827937059615,0.004100963473320007
0.6,-1.9144080232812801,0.004101995378732681
0.6,-1.8162332528565992,0.004099949263036251
0.6,-1.718058482431918,0.004099458921700716
0.6,-1.6198837120072371,0.004099355544894934
0.6,-1.521708941582556,0.004099555313587189
0.6,-1.423534171157875,0.0040981946513056755
0.6,-1.325359400733194,0.004100174643099308
0.6,-1.227184630308513,0.004102268256247044
0.6,-1.1290098598838318,0.004100960213690996
0.6,-1.030835089459151,0.004100169520825148
0.6,-0.93266031903447,0.004100054036825895
0.6,-0.8344855486097889,0.004100590478628874
0.6,-0.7363107781851077,0.004100515972822905
0.6,-0.6381360077604266,0.004099860321730375
0.6,-0.5399612373357456,0.004099812358617783
0.6,-0.4417864669110647,0.00409986125305295
0.6,-0.34361169648638357,0.00409966753795743
0.6,-0.24543692606170264,0.004099979531019926
0.6,-0.14726215563702172,0.004099123179912567
0.6,-0.04908738521234057,0.004098963458091021
0.6,0.04908738521234057,0.004099807236343622
0.6,0.14726215563702172,0.004097459372133017
0.6,0.24543692606170264,0.004099791403859854
0.6,0.34361169648638357,0.004101941827684641
0.6,0.4417864669110647,0.0041006216779351234
0.6,0.5399612373357456,0.004100114572793245
0.6,0.6381360077604266,0.004100031219422817
0.6,0.7363107781851077,0.004100103862583637
0.6,0.8344855486097886,0.004100103862583637
0.6,0.9326603190344698,0.004099597688764334
0.6,1.030835089459151,0.004099653102457523
0.6,1.1290098598838316,0.004099354147911072
0.6,1.2271846303085128,0.004099011421203613
0.6,1.325359400733194,0.0041006277315318584
0.6,1.423534171157875,0.004099920392036438
0.6,1.5217089415825562,0.004099205136299133
0.6,1.619883712007237,0.004099253565073013
0.6,1.718058482431918,0.004099640995264053
0.6,1.8162332528565992,0.004101010970771313
0.6,1.9144080232812803,0.004099441692233086
0.6,2.0125827937059615,0.004099434241652489
0.6,2.110757564130642,0.004099753685295582
0.6,2.2089323345553233,0.004099286627024412
0.6,2.3071071049800045,0.004099974408745766
0.6,2.405281875404685,0.004100039601325989
0.6,2.5034566458293663,0.004099922254681587
0.6,2.6016314162540475,0.004100128076970577
0.6,2.699806186678728,0.004101157188415527
0.6,2.7979809571034093,0.004102364182472229
0.6,2.8961557275280905,0.004100171849131584
0.6,2.9943304979527716,0.004098924808204174
0.6,3.0925052683774528,0.004099355079233646
0.7,-3.0925052683774528,0.004099250305444002
0.7,-2.994330497952771,0.0040990086272358894
0.7,-2.8961557275280905,0.004099057987332344
0.7,-2.7979809571034098,0.004100370686501265
0.7,-2.699806186678728,0.004100752528756857
0.7,-2.6016314162540475,0.004100318066775799
0.7,-2.5034566458293668,0.004100551828742027
0.7,-2.405281875404685,0.004100589547306299
0.7,-2.3071071049800045,0.004100919235497713
0.7,-2.208932334555323,0.004101176746189594
0.7,-2.110757564130642,0.004100719932466745
0.7,-2.0125827937059615,0.004101126454770565
0.7,-1.9144080232812801,0.004100579768419266
0.7,-1.8162332528565992,0.004099220968782902
0.7,-1.718058482431918,0.004099712707102299
0.7,-1.6198837120072371,0.004099750425666571
0.7,-1.521708941582556,0.004098984412848949
0.7,-1.423534171157875,0.004098875448107719
0.7,-1.325359400733194,0.004099949728697538
0.7,-1.227184630308513,0.004100207705050707
0.7,-1.1290098598838318,0.004100637510418892
0.7,-1.030835089459151,0.00410062912851572
0.7,-0.93266031903447,0.004101090598851442
0.7,-0.8344855486097889,0.004101126920431852
0.7,-0.7363107781851077,0.004101056605577469
0.7,-0.6381360077604266,0.004101264756172895
0.7,-0.5399612373357456,0.0041008018888533115
0.7,-0.4417864669110647,0.004101114347577095
0.7,-0.34361169648638357,0.00410027801990509
0.7,-0.24543692606170264,0.0040999772027134895
0.7,-0.14726215563702172,0.004099640063941479
0.7,-0.04908738521234057,0.004099561367183924
0.7,0.04908738521234057,0.004099644720554352
0.7,0.14726215563702172,0.004098927602171898
0.7,0.24543692606170264,0.004099990241229534
0.7,0.34361169648638357,0.004101630300283432
0.7,0.4417864669110647,0.00410163588821888
0.7,0.5399612373357456,0.00410121213644743
0.7,0.6381360077604266,0.004101317375898361
0.7,0.7363107781851077,0.0041009909473359585
0.7,0.8344855486097886,0.0041010198183357716
0.7,0.9326603190344698,0.00410121725872159
0.7,1.030835089459151,0.004100740887224674
0.7,1.1290098598838316,0.004100796766579151
0.7,1.2271846303085128,0.004100896418094635
0.7,1.325359400733194,0.004099925048649311
0.7,1.423534171157875,0.004099392332136631
0.7,1.5217089415825562,0.004099458456039429
0.7,1.619883712007237,0.004098961595445871
0.7,1.718058482431918,0.004099622834473848
0.7,1.8162332528565992,0.004099925979971886
0.7,1.9144080232812803,0.004099929239600897
0.7,2.0125827937059615,0.004100823774933815
0.7,2.110757564130642,0.004100746475160122
0.7,2.2089323345553233,0.004100997466593981
0.7,2.3071071049800045,0.004100823309272528
0.7,2.405281875404685,0.004100864287465811
0.7,2.5034566458293663,0.004100757651031017
0.7,2.6016314162540475,0.0041000996716320515
0.7,2.699806186678728,0.0041009364649653435
0.7,2.7979809571034093,0.0041006989777088165
0.7,2.8961557275280905,0.004099720623344183
0.7,2.9943304979527716,0.004099453333765268
0.7,3.0925052683774528,0.004099090583622456
0.8,-3.0925052683774528,0.004099862650036812
0.8,-2.994330497952771,0.004099832382053137
0.8,-2.8961557275280905,0.004100187681615353
0.8,-2.7979809571034098,0.004099800251424313
0.8,-2.699806186678728,0.00409953948110342
0.8,-2.6016314162540475,0.004099828191101551
0.8,-2.5034566458293668,0.004099467769265175
0.8,-2.405281875404685,0.004100128076970577
0.8,-2.3071071049800045,0.0041002496145665646
0.8,-2.208932334555323,0.004099961835891008
0.8,-2.110757564130642,0.004099782556295395
0.8,-2.0125827937059615,0.004099581856280565
0.8,-1.9144080232812801,0.004099850542843342
0.8,-1.8162332528565992,0.004099959507584572
0.8,-1.718058482431918,0.00409956369549036
0.8,-1.6198837120072371,0.004099883139133453
0.8,-1.521708941582556,0.004100044723600149
0.8,-1.423534171157875,0.004099773243069649
0.8,-1.325359400733194,0.0041002146899700165
0.8,-1.227184630308513,0.004099578596651554
0.8,-1.1290098598838318,0.004098955541849136
0.8,-1.030835089459151,0.004099288955330849
0.8,-0.93266031903447,0.004099700134247541
0.8,-0.8344855486097889,0.004100186750292778
0.8,-0.7363107781851077,0.004100574180483818
0.8,-0.6381360077604266,0.004100438207387924
0.8,-0.5399612373357456,0.004100021440535784
0.8,-0.4417864669110647,0.004099683836102486
0.8,-0.34361169648638357,0.004099908284842968
0.8,-0.24543692606170264,0.0040993657894432545
0.8,-0.14726215563702172,0.004099614918231964
0.8,-0.04908738521234057,0.0040996684692800045
0.8,0.04908738521234057,0.0041013858281075954
0.8,0.14726215563702172,0.004099896177649498
0.8,0.24543692606170264,0.004100374411791563
0.8,0.34361169648638357,0.004102213773876429
0.8,0.4417864669110647,0.004100813530385494
0.8,0.5399612373357456,0.004100137855857611
0.8,0.6381360077604266,0.004099797923117876
0.8,0.7363107781851077,0.004100275691598654
0.8,0.8344855486097886,0.004100434947758913
0.8,0.9326603190344698,0.0041000875644385815
0.8,1.030835089459151,0.004100427497178316
0.8,1.1290098598838316,0.004100749269127846
0.8,1.2271846303085128,0.004100902937352657
0.8,1.325359400733194,0.004099907819181681
0.8,1.423534171157875,0.004099675919860601
0.8,1.5217089415825562,0.004100762773305178
0.8,1.619883712007237,0.0040999967604875565
0.8,1.718058482431918,0.004099640063941479
0.8,1.8162332528565992,0.004100006073713303
0.8,1.9144080232812803,0.004099584650248289
0.8,2.0125827937059615,0.004099159501492977
0.8,2.110757564130642,0.004099990241229534
0.8,2.2089323345553233,0.004100102931261063
0.8,2.3071071049800045,0.004100746940821409
0.8,2.405281875404685,0.004100745543837547
0.8,2.5034566458293663,0.004100464284420013
0.8,2.6016314162540475,0.004100099205970764
0.8,2.699806186678728,0.004099336918443441
0.8,2.7979809571034093,0.004099756013602018
0.8,2.8961557275280905,0.004099989775568247
0.8,2.9943304979527716,0.004099464975297451
0.8,3.0925052683774528,0.004100806545466185
0.9,-3.0925052683774528,0.004099867772310972
0.9,-2.994330497952771,0.004100973717868328
0.9,-2.8961557275280905,0.004101258236914873
0.9,-2.7979809571034098,0.004099997226148844
0.9,-2.699806186678728,0.004099743440747261
0.9,-2.6016314162540475,0.004099424462765455
0.9,-2.5034566458293668,0.004099653102457523
0.9,-2.405281875404685,0.004099991172552109
0.9,-2.3071071049800045,0.0041001238860189915
0.9,-2.208932334555323,0.004100307356566191
0.9,-2.110757564130642,0.004100530408322811
0.9,-2.0125827937059615,0.00410093180835247
0.9,-1.9144080232812801,0.0041014584712684155
0.9,-1.8162332528565992,0.004100189544260502
0.9,-1.718058482431918,0.004099483601748943
0.9,-1.6198837120072371,0.004100344143807888
0.9,-1.521708941582556,0.004100288264453411
0.9,-1.423534171157875,0.004101567901670933
0.9,-1.325359400733194,0.004101280588656664
0.9,-1.227184630308513,0.0041005793027579784
0.9,-1.1290098598838318,0.0041008926928043365
0.9,-1.030835089459151,0.004100987687706947
0.9,-0.93266031903447,0.00410094391554594
0.9,-0.8344855486097889,0.00410078838467598
0.9,-0.7363107781851077,0.004100532736629248
0.9,-0.6381360077604266,0.004100607708096504
0.9,-0.5399612373357456,0.004100477322936058
0.9,-0.4417864669110647,0.004100258927792311
0.9,-0.34361169648638357,0.004100032616406679
0.9,-0.24543692606170264,0.004100000020116568
0.9,-0.14726215563702172,0.004100041463971138
0.9,-0.04908738521234057,0.004098871722817421
0.9,0.04908738521234057,0.004099155776202679
0.9,0.14726215563702172,0.004100870341062546
0.9,0.24543692606170264,0.004101450089365244
0.9,0.34361169648638357,0.004100491758435965
0.9,0.4417864669110647,0.004100675228983164
0.9,0.5399612373357456,0.004100825637578964
0.9,0.6381360077604266,0.0041008442640304565
0.9,0.7363107781851077,0.004100610502064228
0.9,0.8344855486097886,0.004100406542420387
0.9,0.9326603190344698,0.004100058227777481
0.9,1.030835089459151,0.004099735990166664
0.9,1.1290098598838316,0.004099717829376459
0.9,1.2271846303085128,0.0041000316850841045
0.9,1.325359400733194,0.004098815843462944
0.9,1.423534171157875,0.004096715245395899
0.9,1.5217089415825562,0.004098119214177132
0.9,1.619883712007237,0.004098068922758102
0.9,1.718058482431918,0.004100018180906773
0.9,1.8162332528565992,0.004099946469068527
0.9,1.9144080232812803,0.0040992069989442825
0.9,2.0125827937059615,0.004099644720554352
0.9,2.110757564130642,0.004100037273019552
0.9,2.2089323345553233,0.004100307822227478
0.9,2.3071071049800045,0.004100354388356209
0.9,2.405281875404685,0.004100370220839977
0.9,2.5034566458293663,0.0041001285426318645
0.9,2.6016314162540475,0.004099829122424126
0.9,2.699806186678728,0.004099903162568808
0.9,2.7979809571034093,0.004099908284842968
0.9,2.8961557275280905,0.004101423546671867
0.9,2.9943304979527716,0.0041021984070539474
0.9,3.0925052683774528,0.004099920857697725
1.0,-3.0925052683774528,0.004100012592971325
1.0,-2.994330497952771,0.004100294318050146
1.0,-2.8961557275280905,0.004100986290723085
1.0,-2.7979809571034098,0.0041014752350747585
1.0,-2.699806186678728,0.004100854508578777
1.0,-2.6016314162540475,0.0040999227203428745
1.0,-2.5034566458293668,0.004099942743778229
1.0,-2.405281875404685,0.004099984187632799
1.0,-2.3071071049800045,0.004100054036825895
1.0,-2.208932334555323,0.004100286401808262
1.0,-2.110757564130642,0.004100187681615353
1.0,-2.0125827937059615,0.00410065520554781
1.0,-1.9144080232812801,0.004099976271390915
1.0,-1.8162332528565992,0.004099976737052202
1.0,-1.718058482431918,0.004099637735635042
1.0,-1.6198837120072371,0.004099929239600897
1.0,-1.521708941582556,0.004100096877664328
1.0,-1.423534171157875,0.004099579527974129
1.0,-1.325359400733194,0.004100127145648003
1.0,-1.227184630308513,0.0041001117788255215
1.0,-1.1290098598838318,0.004100678488612175
1.0,-1.030835089459151,0.004100102931261063
1.0,-0.93266031903447,0.004100308753550053
1.0,-0.8344855486097889,0.004100365098565817
1.0,-0.7363107781851077,0.004100389778614044
1.0,-0.6381360077604266,0.004100169986486435
1.0,-0.5399612373357456,0.004099582321941853
1.0,-0.4417864669110647,0.004099368583410978
1.0,-0.34361169648638357,0.004099727608263493
1.0,-0.24543692606170264,0.00409908639267087
1.0,-0.14726215563702172,0.004098483361303806
1.0,-0.04908738521234057,0.004099048674106598
1.0,0.04908738521234057,0.00409963121637702
1.0,0.14726215563702172,0.004100729711353779
1.0,0.24543692606170264,0.004100554157048464
1.0,0.34361169648638357,0.004100716207176447
1.0,0.4417864669110647,0.004100557882338762
1.0,0.5399612373357456,0.004099985584616661
1.0,0.6381360077604266,0.004100475925952196
1.0,0.7363107781851077,0.004100657533854246
1.0,0.8344855486097886,0.004100657068192959
1.0,0.9326603190344698,0.00410049594938755
1.0,1.030835089459151,0.00409999443218112
1.0,1.1290098598838316,0.004100369289517403
1.0,1.2271846303085128,0.0041005271486938
1.0,1.325359400733194,0.004100363235920668
1.0,1.423534171157875,0.004100476857274771
1.0,1.5217089415825562,0.004099438898265362
1.0,1.619883712007237,0.004099396988749504
1.0,1.718058482431918,0.004100004676729441
1.0,1.8162332528565992,0.004099762532860041
1.0,1.9144080232812803,0.004098557401448488
1.0,2.0125827937059615,0.004099586047232151
1.0,2.110757564130642,0.004100043326616287
1.0,2.2089323345553233,0.004100417718291283
1.0,2.3071071049800045,0.004100414924323559
1.0,2.405281875404685,0.004100470338016748
1.0,2.5034566458293663,0.004100452642887831
1.0,2.6016314162540475,0.004100266844034195
1.0,2.699806186678728,0.0041008926928043365
1.0,2.7979809571034093,0.004101013299077749
1.0,2.8961557275280905,0.0041008638218045235
1.0,2.9943304979527716,0.0041017853654921055
1.0,3.0925052683774528,0.004100254736840725
1.1,-3.0925052683774528,0.004099844489246607
1.1,-2.994330497952771,0.004102690611034632
1.1,-2.8961557275280905,0.004101437982171774
1.1,-2.7979809571034098,0.004102395847439766
1.1,-2.699806186678728,0.004101242870092392
1.1,-2.6016314162540475,0.004100125283002853
1.1,-2.5034566458293668,0.004100289195775986
1.1,-2.405281875404685,0.004100042860955
1.1,-2.3071071049800045,0.004099878016859293
1.1,-2.208932334555323,0.004099142737686634
1.1,-2.110757564130642,0.004098821431398392
1.1,-2.0125827937059615,0.004100022837519646
1.1,-1.9144080232812801,0.0040999301709234715
1.1,-1.8162332528565992,0.004102636128664017
1.1,-1.718058482431918,0.004104322753846645
1.1,-1.6198837120072371,0.00409992691129446
1.1,-1.521708941582556,0.004099508747458458
1.1,-1.423534171157875,0.004102582111954689
1.1,-1.325359400733194,0.004101900849491358
1.1,-1.227184630308513,0.004100000020116568
1.1,-1.1290098598838318,0.004100479651242495
1.1,-1.030835089459151,0.004100171383470297
1.1,-0.93266031903447,0.004100330173969269
1.1,-0.8344855486097889,0.004100193735212088
1.1,-0.7363107781851077,0.004100125748664141
1.1,-0.6381360077604266,0.004099860787391663
1.1,-0.5399612373357456,0.004099766258150339
1.1,-0.4417864669110647,0.00410054624080658
1.1,-0.34361169648638357,0.004100305028259754
1.1,-0.24543692606170264,0.004102261271327734
1.1,-0.14726215563702172,0.004102788399904966
1.1,-0.04908738521234057,0.004100242163985968
1.1,0.04908738521234057,0.004099953919649124
1.1,0.14726215563702172,0.0041038175113499165
1.1,0.24543692606170264,0.004103056155145168
1.1,0.34361169648638357,0.004099775571376085
1.1,0.4417864669110647,0.004099968820810318
1.1,0.5399612373357456,0.004099706187844276
1.1,0.6381360077604266,0.004099712707102299
1.1,0.7363107781851077,0.004099872894585133
1.1,0.8344855486097886,0.004099999088793993
1.1,0.9326603190344698,0.004100103862583637
1.1,1.030835089459151,0.004099940415471792
1.1,1.1290098598838316,0.004100603051483631
1.1,1.2271846303085128,0.0041016084142029285
1.1,1.325359400733194,0.004100270103663206
1.1,1.423534171157875,0.004101498052477837
1.1,1.5217089415825562,0.004098385572433472
1.1,1.619883712007237,0.004099559038877487
1.1,1.718058482431918,0.004098027013242245
1.1,1.8162332528565992,0.004098915960639715
1.1,1.9144080232812803,0.004100460559129715
1.1,2.0125827937059615,0.004100136924535036
1.1,2.110757564130642,0.0040992796421051025
1.1,2.2089323345553233,0.004099599085748196
1.1,2.3071071049800045,0.004100020043551922
1.1,2.405281875404685,0.0041001467034220695
1.1,2.5034566458293663,0.004100004676729441
1.1,2.6016314162540475,0.004099823068827391
1.1,2.699806186678728,0.004100206308066845
1.1,2.7979809571034093,0.004099959973245859
1.1,2.8961557275280905,0.004101978614926338
1.1,2.9943304979527716,0.004103153944015503
1.1,3.0925052683774528,0.004099709447473288
1.2,-3.0925052683774528,0.00410083681344986
1.2,-2.994330497952771,0.0041003660298883915
1.2,-2.8961557275280905,0.004100572317838669
1.2,-2.7979809571034098,0.004099599085748196
1.2,-2.699806186678728,0.004099879413843155
1.2,-2.6016314162540475,0.004100313875824213
1.2,-2.5034566458293668,0.004100697115063667
1.2,-2.405281875404685,0.004100647289305925
1.2,-2.3071071049800045,0.004100494086742401
1.2,-2.208932334555323,0.004100216552615166
1.2,-2.110757564130642,0.00409998744726181
1.2,-2.0125827937059615,0.004099818412214518
1.2,-1.9144080232812801,0.004098818171769381
1.2,-1.8162332528565992,0.004100101068615913
1.2,-1.718058482431918,0.004099852405488491
1.2,-1.6198837120072371,0.004098374862223864
1.2,-1.521708941582556,0.004098826088011265
1.2,-1.423534171157875,0.004098423290997744
1.2,-1.325359400733194,0.00409890478476882
1.2,-1.227184630308513,0.004099757876247168
1.2,-1.1290098598838318,0.004099771846085787
1.2,-1.030835089459151,0.004099945072084665
1.2,-0.93266031903447,0.004100361838936806
1.2,-0.8344855486097889,0.004100410733371973
1.2,-0.7363107781851077,0.004100313410162926
1.2,-0.6381360077604266,0.004100004211068153
1.2,-0.5399612373357456,0.004099693149328232
1.2,-0.4417864669110647,0.004099655896425247
1.2,-0.34361169648638357,0.004099695943295956
1.2,-0.24543692606170264,0.004100921098142862
1.2,-0.14726215563702172,0.004100481979548931
1.2,-0.04908738521234057,0.004100407008081675
1.2,0.04908738521234057,0.004100157879292965
1.2,0.14726215563702172,0.004100598394870758
1.2,0.24543692606170264,0.004101315047591925
1.2,0.34361169648638357,0.0041000014171004295
1.2,0.4417864669110647,0.00410027801990509
1.2,0.5399612373357456,0.004100274294614792
1.2,0.6381360077604266,0.004100432153791189
1.2,0.7363107781851077,0.004100489430129528
1.2,0.8344855486097886,0.004100492224097252
1.2,0.9326603190344698,0.004100313875824213
1.2,1.030835089459151,0.004100005608052015
1.2,1.1290098598838316,0.0040997290052473545
1.2,1.2271846303085128,0.004099478013813496
1.2,1.325359400733194,0.004099368117749691
1.2,1.423534171157875,0.004099020268768072
1.2,1.5217089415825562,0.004098084289580584
1.2,1.619883712007237,0.004098115488886833
1.2,1.718058482431918,0.004097359720617533
1.2,1.8162332528565992,0.004098580684512854
1.2,1.9144080232812803,0.004098926205188036
1.2,2.0125827937059615,0.004099789075553417
1.2,2.110757564130642,0.004100264981389046
1.2,2.2089323345553233,0.004100469406694174
1.2,2.3071071049800045,0.0041006081737577915
1.2,2.405281875404685,0.004100521560758352
1.2,2.5034566458293663,0.004100531339645386
1.2,2.6016314162540475,0.004100490361452103
1.2,2.699806186678728,0.004100625868886709
1.2,2.7979809571034093,0.004100428428500891
1.2,2.8961557275280905,0.004101742524653673
1.2,2.9943304979527716,0.004101698286831379
1.2,3.0925052683774528,0.004101177677512169
1.3,-3.0925052683774528,0.004101276863366365
1.3,-2.994330497952771,0.004100302699953318
1.3,-2.8961557275280905,0.0041016582399606705
1.3,-2.7979809571034098,0.0041000633500516415
1.3,-2.699806186678728,0.004100907128304243
1.3,-2.6016314162540475,0.004101358354091644
1.3,-2.5034566458293668,0.004100846126675606
1.3,-2.405281875404685,0.004100424237549305
1.3,-2.3071071049800045,0.004100017249584198
1.3,-2.208932334555323,0.004098993726074696
1.3,-2.110757564130642,0.0040995399467647076
1.3,-2.0125827937059615,0.0041009243577718735
1.3,-1.9144080232812801,0.0041030715219676495
1.3,-1.8162332528565992,0.004101505037397146
1.3,-1.718058482431918,0.0041006579995155334
1.3,-1.6198837120072371,0.004100968595594168
1.3,-1.521708941582556,0.004100793972611427
1.3,-1.423534171157875,0.004099997691810131
1.3,-1.325359400733194,0.004100991412997246
1.3,-1.227184630308513,0.004102760925889015
1.3,-1.1290098598838318,0.00410068966448307
1.3,-1.030835089459151,0.004099505953490734
1.3,-0.93266031903447,0.004099075682461262
1.3,-0.8344855486097889,0.004100000485777855
1.3,-0.7363107781851077,0.0041001527570188046
1.3,-0.6381360077604266,0.004100256133824587
1.3,-0.5399612373357456,0.004100970458239317
1.3,-0.4417864669110647,0.004101864993572235
1.3,-0.34361169648638357,0.004103535786271095
1.3,-0.24543692606170264,0.0041021788492798805
1.3,-0.14726215563702172,0.00410120002925396
1.3,-0.04908738521234057,0.004101922269910574
1.3,0.04908738521234057,0.00410187803208828
1.3,0.14726215563702172,0.004101066384464502
1.3,0.24543692606170264,0.004101989790797234
1.3,0.34361169648638357,0.004103858955204487
1.3,0.4417864669110647,0.0041020093485713005
1.3,0.5399612373357456,0.00410093367099762
1.3,0.6381360077604266,0.004100683145225048
1.3,0.7363107781851077,0.004100867547094822
1.3,0.8344855486097886,0.004100835416465998
1.3,0.9326603190344698,0.004100893624126911
1.3,1.030835089459151,0.00410093879327178
1.3,1.1290098598838316,0.004099759738892317
1.3,1.2271846303085128,0.004098081961274147
1.3,1.325359400733194,0.004099107813090086
1.3,1.423534171157875,0.0040988498367369175
1.3,1.5217089415825562,0.004098363220691681
1.3,1.619883712007237,0.004099167417734861
1.3,1.718058482431918,0.004099817480891943
1.3,1.8162332528565992,0.004100902006030083
1.3,1.9144080232812803,0.004103220533579588
1.3,2.0125827937059615,0.004101661033928394
1.3,2.110757564130642,0.004100790247321129
1.3,2.2089323345553233,0.00410010851919651
1.3,2.3071071049800045,0.004099999088793993
1.3,2.405281875404685,0.004100004211068153
1.3,2.5034566458293663,0.004100101999938488
1.3,2.6016314162540475,0.004100179765373468
1.3,2.699806186678728,0.004100042395293713
1.3,2.7979809571034093,0.004099870100617409
1.3,2.8961557275280905,0.004101088736206293
1.3,2.9943304979527716,0.0040999785996973515
1.3,3.0925052683774528,0.0041010743007063866
1.4,-3.0925052683774528,0.004099724814295769
1.4,-2.994330497952771,0.004100125283002853
1.4,-2.8961557275280905,0.004100718069821596
1.4,-2.7979809571034098,0.004101285710930824
1.4,-2.699806186678728,0.004100502468645573
1.4,-2.6016314162540475,0.004100046120584011
1.4,-2.5034566458293668,0.004099980928003788
1.4,-2.405281875404685,0.004099735524505377
1.4,-2.3071071049800045,0.004099793266505003
1.4,-2.208932334555323,0.004099889658391476
1.4,-2.110757564130642,0.004099540412425995
1.4,-2.0125827937059615,0.004099566489458084
1.4,-1.9144080232812801,0.004100044723600149
1.4,-1.8162332528565992,0.004100063815712929
1.4,-1.718058482431918,0.004099476616829634
1.4,-1.6198837120072371,0.004099325276911259
1.4,-1.521708941582556,0.00409988546743989
1.4,-1.423534171157875,0.004100535064935684
1.4,-1.325359400733194,0.0041014947928488255
1.4,-1.227184630308513,0.004102068953216076
1.4,-1.1290098598838318,0.004100890830159187
1.4,-1.030835089459151,0.004100191406905651
1.4,-0.93266031903447,0.00410048570483923
1.4,-0.8344855486097889,0.004100405611097813
1.4,-0.7363107781851077,0.004100313410162926
1.4,-0.6381360077604266,0.004100155085325241
1.4,-0.5399612373357456,0.004099775105714798
1.4,-0.4417864669110647,0.0041000754572451115
1.4,-0.34361169648638357,0.004100891295820475
1.4,-0.24543692606170264,0.00410010851919651
1.4,-0.14726215563702172,0.0040996321476995945
1.4,-0.04908738521234057,0.004099453333765268
1.4,0.04908738521234057,0.004099631682038307
1.4,0.14726215563702172,0.004099586512893438
1.4,0.24543692606170264,0.004100185353308916
1.4,0.34361169648638357,0.004100506193935871
1.4,0.4417864669110647,0.004099976271390915
1.4,0.5399612373357456,0.004100028891116381
1.4,0.6381360077604266,0.0041003660298883915
1.4,0.7363107781851077,0.0041002677753567696
1.4,0.8344855486097886,0.00410021236166358
1.4,0.9326603190344698,0.00410003075376153
1.4,1.030835089459151,0.0040997713804244995
1.4,1.1290098598838316,0.004100007005035877
1.4,1.2271846303085128,0.0041008577682077885
1.4,1.325359400733194,0.00410004798322916
1.4,1.423534171157875,0.004099131561815739
1.4,1.5217089415825562,0.0040984428487718105
1.4,1.619883712007237,0.004098322708159685
1.4,1.718058482431918,0.004098767880350351
1.4,1.8162332528565992,0.004099636804312468
1.4,1.9144080232812803,0.004100129008293152
1.4,2.0125827937059615,0.004099599085748196
1.4,2.110757564130642,0.004099348559975624
1.4,2.2089323345553233,0.00409974530339241
1.4,2.3071071049800045,0.004099830985069275
1.4,2.405281875404685,0.004099979065358639
1.4,2.5034566458293663,0.004100018180906773
1.4,2.6016314162540475,0.004099925048649311
1.4,2.699806186678728,0.004100450314581394
1.4,2.7979809571034093,0.004101809114217758
1.4,2.8961557275280905,0.004101452883332968
1.4,2.9943304979527716,0.004100679885596037
1.4,3.0925052683774528,0.004100081976503134
1.5,-3.0925052683774528,0.004101449158042669
1.5,-2.994330497952771,0.004101437982171774
1.5,-2.8961557275280905,0.0041011483408510685
1.5,-2.7979809571034098,0.004100469406694174
1.5,-2.699806186678728,0.0041009606793522835
1.5,-2.6016314162540475,0.00410013273358345
1.5,-2.5034566458293668,0.004100533667951822
1.5,-2.405281875404685,0.004100332036614418
1.5,-2.3071071049800045,0.004100301302969456
1.5,-2.208932334555323,0.004100089892745018
1.5,-2.110757564130642,0.004099686164408922
1.5,-2.0125827937059615,0.004100094549357891
1.5,-1.9144080232812801,0.004099857993423939
1.5,-1.8162332528565992,0.004100411664694548
1.5,-1.718058482431918,0.004100877325981855
1.5,-1.6198837120072371,0.004100024700164795
1.5,-1.521708941582556,0.004100255202502012
1.5,-1.423534171157875,0.004099463112652302
1.5,-1.325359400733194,0.004100996069610119
1.5,-1.227184630308513,0.004100641701370478
1.5,-1.1290098598838318,0.004100175108760595
1.5,-1.030835089459151,0.004100259393453598
1.5,-0.93266031903447,0.004099916201084852
1.5,-0.8344855486097889,0.004099543206393719
1.5,-0.7363107781851077,0.004099451005458832
1.5,-0.6381360077604266,0.004099623300135136
1.5,-0.5399612373357456,0.00409968476742506
1.5,-0.4417864669110647,0.0041008079424500465
1.5,-0.34361169648638357,0.004100716207176447
1.5,-0.24543692606170264,0.004101488273590803
1.5,-0.14726215563702172,0.0040999543853104115
1.5,-0.04908738521234057,0.004101122263818979
1.5,0.04908738521234057,0.004101765342056751
1.5,0.14726215563702172,0.004100047051906586
1.5,0.24543692606170264,0.004101734142750502
1.5,0.34361169648638357,0.004101114813238382
1.5,0.4417864669110647,0.004101275000721216
1.5,0.5399612373357456,0.004100507125258446
1.5,0.6381360077604266,0.00410056859254837
1.5,0.7363107781851077,0.004100048914551735
1.5,0.8344855486097886,0.004099983721971512
1.5,0.9326603190344698,0.004100018180906773
1.5,1.030835089459151,0.004099380224943161
1.5,1.1290098598838316,0.004100100137293339
1.5,1.2271846303085128,0.004099992569535971
1.5,1.325359400733194,0.004100102465599775
1.5,1.423534171157875,0.004098144825547934
1.5,1.5217089415825562,0.00409975741058588
1.5,1.619883712007237,0.004100094549357891
1.5,1.718058482431918,0.004098145291209221
1.5,1.8162332528565992,0.0041000801138579845
1.5,1.9144080232812803,0.004099588841199875
1.5,2.0125827937059615,0.004100124351680279
1.5,2.110757564130642,0.00409966753795743
1.5,2.2089323345553233,0.004100027959793806
1.5,2.3071071049800045,0.004099940415471792
1.5,2.405281875404685,0.004099571146070957
1.5,2.5034566458293663,0.004099366255104542
1.5,2.6016314162540475,0.0040999301709234715
1.5,2.699806186678728,0.004100110847502947
1.5,2.7979809571034093,0.004101159051060677
1.5,2.8961557275280905,0.004101679194718599
1.5,2.9943304979527716,0.0040999227203428745
1.5,3.0925052683774528,0.0041013918817043304
1.6,-3.0925052683774528,0.004099839832633734
1.6,-2.994330497952771,0.004099718760699034
1.6,-2.8961557275280905,0.004099433775991201
1.6,-2.7979809571034098,0.004097278695553541
1.6,-2.699806186678728,0.0040990980342030525
1.6,-2.6016314162540475,0.004099852871149778
1.6,-2.5034566458293668,0.004100212827324867
1.6,-2.405281875404685,0.004100016318261623
1.6,-2.3071071049800045,0.004099768586456776
1.6,-2.208932334555323,0.00409932155162096
1.6,-2.110757564130642,0.004098368808627129
1.6,-2.0125827937059615,0.004099932499229908
1.6,-1.9144080232812801,0.004100502468645573
1.6,-1.8162332528565992,0.004099949728697538
1.6,-1.718058482431918,0.004099640063941479
1.6,-1.6198837120072371,0.0040995716117322445
1.6,-1.521708941582556,0.004099543206393719
1.6,-1.423534171157875,0.004099726676940918
1.6,-1.325359400733194,0.004100953694432974
1.6,-1.227184630308513,0.004100844729691744
1.6,-1.1290098598838318,0.00410121027380228
1.6,-1.030835089459151,0.00410103052854538
1.6,-0.93266031903447,0.004100923426449299
1.6,-0.8344855486097889,0.004100751597434282
1.6,-0.7363107781851077,0.0041005173698067665
1.6,-0.6381360077604266,0.004100463353097439
1.6,-0.5399612373357456,0.0041001299396157265
1.6,-0.4417864669110647,0.004099980928003788
1.6,-0.34361169648638357,0.004099379293620586
1.6,-0.24543692606170264,0.0041000572964549065
1.6,-0.14726215563702172,0.004099877551198006
1.6,-0.04908738521234057,0.0040997848846018314
1.6,0.04908738521234057,0.004099366255104542
1.6,0.14726215563702172,0.004100116901099682
1.6,0.24543692606170264,0.004100498743355274
1.6,0.34361169648638357,0.0040996018797159195
1.6,0.4417864669110647,0.004100080579519272
1.6,0.5399612373357456,0.004100324120372534
1.6,0.6381360077604266,0.004100616089999676
1.6,0.7363107781851077,0.004100781865417957
1.6,0.8344855486097886,0.004100769758224487
1.6,0.9326603190344698,0.004100702702999115
1.6,1.030835089459151,0.004100119229406118
1.6,1.1290098598838316,0.004101298283785582
1.6,1.2271846303085128,0.004101174883544445
1.6,1.325359400733194,0.004099762067198753
1.6,1.423534171157875,0.004099713172763586
1.6,1.5217089415825562,0.00409860722720623
1.6,1.619883712007237,0.004098169039934874
1.6,1.718058482431918,0.004099885001778603
1.6,1.8162332528565992,0.004100686404854059
1.6,1.9144080232812803,0.004099997691810131
1.6,2.0125827937059615,0.00410047173500061
1.6,2.110757564130642,0.004099811892956495
1.6,2.2089323345553233,0.004100027959793806
1.6,2.3071071049800045,0.004100635182112455
1.6,2.405281875404685,0.004100949969142675
1.6,2.5034566458293663,0.0041008819825947285
1.6,2.6016314162540475,0.0041000875644385815
1.6,2.699806186678728,0.0041009364649653435
1.6,2.7979809571034093,0.004100925289094448
1.6,2.8961557275280905,0.004099961835891008
1.6,2.9943304979527716,0.004100140184164047
1.6,3.0925052683774528,0.00409924890846014
1.7,-3.0925052683774528,0.0040997229516506195
1.7,-2.994330497952771,0.004100447986274958
1.7,-2.8961557275280905,0.0041000014171004295
1.7,-2.7979809571034098,0.004100100137293339
1.7,-2.699806186678728,0.004100110847502947
1.7,-2.6016314162540475,0.00409973319619894
1.7,-2.5034566458293668,0.0041000572964549065
1.7,-2.405281875404685,0.004100643564015627
1.7,-2.3071071049800045,0.004100698046386242
1.7,-2.208932334555323,0.0041003720834851265
1.7,-2.110757564130642,0.00410012761130929
1.7,-2.0125827937059615,0.004100601188838482
1.7,-1.9144080232812801,0.004100245423614979
1.7,-1.8162332528565992,0.004099726211279631
1.7,-1.718058482431918,0.004099565092474222
1.7,-1.6198837120072371,0.004098996054381132
1.7,-1.521708941582556,0.004098477307707071
1.7,-1.423534171157875,0.004099799785763025
1.7,-1.325359400733194,0.004099589306861162
1.7,-1.227184630308513,0.0041000721976161
1.7,-1.1290098598838318,0.004100275691598654
1.7,-1.030835089459151,0.004100087098777294
1.7,-0.93266031903447,0.004100549966096878
1.7,-0.8344855486097889,0.004100877791643143
1.7,-0.7363107781851077,0.004100726451724768
1.7,-0.6381360077604266,0.004100001882761717
1.7,-0.5399612373357456,0.004099301993846893
1.7,-0.4417864669110647,0.0040994142182171345
1.7,-0.34361169648638357,0.004099041689187288
1.7,-0.24543692606170264,0.00409848615527153
1.7,-0.14726215563702172,0.004098170902580023
1.7,-0.04908738521234057,0.004098175093531609
1.7,0.04908738521234057,0.004097802098840475
1.7,0.14726215563702172,0.004099850542843342
1.7,0.24543692606170264,0.0040990449488162994
1.7,0.34361169648638357,0.004099448677152395
1.7,0.4417864669110647,0.004099585115909576
1.7,0.5399612373357456,0.004099336452782154
1.7,0.6381360077604266,0.004099973011761904
1.7,0.7363107781851077,0.004100626800209284
1.7,0.8344855486097886,0.004100730177015066
1.7,0.9326603190344698,0.00410037487745285
1.7,1.030835089459151,0.004100004676729441
1.7,1.1290098598838316,0.004100464284420013
1.7,1.2271846303085128,0.004100171849131584
1.7,1.325359400733194,0.0040995716117322445
1.7,1.423534171157875,0.004099337849766016
1.7,1.5217089415825562,0.004098053090274334
1.7,1.619883712007237,0.004097932484000921
1.7,1.718058482431918,0.004098346456885338
1.7,1.8162332528565992,0.004098496865481138
1.7,1.9144080232812803,0.004099124111235142
1.7,2.0125827937059615,0.0040993159636855125
1.7,2.110757564130642,0.00409920746460557
1.7,2.2089323345553233,0.004099945072084665
1.7,2.3071071049800045,0.00410049082711339
1.7,2.405281875404685,0.004100545309484005
1.7,2.5034566458293663,0.004100034479051828
1.7,2.6016314162540475,0.004099708516150713
1.7,2.699806186678728,0.004100153222680092
1.7,2.7979809571034093,0.004100161604583263
1.7,2.8961557275280905,0.004100087098777294
1.7,2.9943304979527716,0.0041001467034220695
1.7,3.0925052683774528,0.004099879413843155
1.8,-3.0925052683774528,0.004099182318896055
1.8,-2.994330497952771,0.004101923666894436
1.8,-2.8961557275280905,0.004101376514881849
1.8,-2.7979809571034098,0.004099799785763025
1.8,-2.699806186678728,0.004099882673472166
1.8,-2.6016314162540475,0.00410027289763093
1.8,-2.5034566458293668,0.004100412596017122
1.8,-2.405281875404685,0.004100441467016935
1.8,-2.3071071049800045,0.004100413993000984
1.8,-2.208932334555323,0.004099866840988398
1.8,-2.110757564130642,0.004099931102246046
1.8,-2.0125827937059615,0.004100007005035877
1.8,-1.9144080232812801,0.0040999725461006165
1.8,-1.8162332528565992,0.004101732280105352
1.8,-1.718058482431918,0.0041021620854735374
1.8,-1.6198837120072371,0.004099818877875805
1.8,-1.521708941582556,0.004099966026842594
1.8,-1.423534171157875,0.004105730913579464
1.8,-1.325359400733194,0.004103020299226046
1.8,-1.227184630308513,0.004101034253835678
1.8,-1.1290098598838318,0.004100547172129154
1.8,-1.030835089459151,0.004100131336599588
1.8,-0.93266031903447,0.004100004211068153
1.8,-0.8344855486097889,0.004100431222468615
1.8,-0.7363107781851077,0.004100366961210966
1.8,-0.6381360077604266,0.004100242163985968
1.8,-0.5399612373357456,0.004100631922483444
1.8,-0.4417864669110647,0.004100082907825708
1.8,-0.34361169648638357,0.004099817480891943
1.8,-0.24543692606170264,0.004099144134670496
1.8,-0.14726215563702172,0.004097918048501015
1.8,-0.04908738521234057,0.004099665675312281
1.8,0.04908738521234057,0.004099372774362564
1.8,0.14726215563702172,0.0041019367054104805
1.8,0.24543692606170264,0.004102111328393221
1.8,0.34361169648638357,0.004101315978914499
1.8,0.4417864669110647,0.004100837279111147
1.8,0.5399612373357456,0.004100853111594915
1.8,0.6381360077604266,0.004100552294403315
1.8,0.7363107781851077,0.004100367426872253
1.8,0.8344855486097886,0.004100087098777294
1.8,0.9326603190344698,0.004099530633538961
1.8,1.030835089459151,0.004099470563232899
1.8,1.1290098598838316,0.004099330399185419
1.8,1.2271846303085128,0.004099576734006405
1.8,1.325359400733194,0.004099944140762091
1.8,1.423534171157875,0.004098060540854931
1.8,1.5217089415825562,0.004099968820810318
1.8,1.619883712007237,0.004100112244486809
1.8,1.718058482431918,0.004099213518202305
1.8,1.8162332528565992,0.004100157879292965
1.8,1.9144080232812803,0.00410126056522131
1.8,2.0125827937059615,0.004100386053323746
1.8,2.110757564130642,0.004100208170711994
1.8,2.2089323345553233,0.004100012592971325
1.8,2.3071071049800045,0.004099905490875244
1.8,2.405281875404685,0.004099937621504068
1.8,2.5034566458293663,0.004099476151168346
1.8,2.6016314162540475,0.004099767189472914
1.8,2.699806186678728,0.004099661018699408
1.8,2.7979809571034093,0.004099744837731123
1.8,2.8961557275280905,0.004100973252207041
1.8,2.9943304979527716,0.004101458005607128
1.8,3.0925052683774528,0.004098981618881226
1.9,-3.0925052683774528,0.004099533427506685
1.9,-2.994330497952771,0.004100200720131397
1.9,-2.8961557275280905,0.00410084193572402
1.9,-2.7979809571034098,0.004100970923900604
1.9,-2.699806186678728,0.004101437982171774
1.9,-2.6016314162540475,0.004100457299500704
1.9,-2.5034566458293668,0.004100462421774864
1.9,-2.405281875404685,0.00410049594938755
1.9,-2.3071071049800045,0.004100542049854994
1.9,-2.208932334555323,0.004100401885807514
1.9,-2.110757564130642,0.004099980462342501
1.9,-2.0125827937059615,0.004099965561181307
1.9,-1.9144080232812801,0.004099932033568621
1.9,-1.8162332528565992,0.004099500831216574
1.9,-1.718058482431918,0.004099616780877113
1.9,-1.6198837120072371,0.004099028185009956
1.9,-1.521708941582556,0.004098356701433659
1.9,-1.423534171157875,0.004100005142390728
1.9,-1.325359400733194,0.004100160673260689
1.9,-1.227184630308513,0.004099811892956495
1.9,-1.1290098598838318,0.004100044723600149
1.9,-1.030835089459151,0.004099774640053511
1.9,-0.93266031903447,0.00409973319619894
1.9,-0.8344855486097889,0.004100036807358265
1.9,-0.7363107781851077,0.004100400023162365
1.9,-0.6381360077604266,0.004100161138921976
1.9,-0.5399612373357456,0.00409997021779418
1.9,-0.4417864669110647,0.004100348334759474
1.9,-0.34361169648638357,0.0041000088676810265
1.9,-0.24543692606170264,0.004100481513887644
1.9,-0.14726215563702172,0.004100937396287918
1.9,-0.04908738521234057,0.004100451711565256
1.9,0.04908738521234057,0.004100082907825708
1.9,0.14726215563702172,0.0040997411124408245
1.9,0.24543692606170264,0.004100160673260689
1.9,0.34361169648638357,0.004100726451724768
1.9,0.4417864669110647,0.0041010016575455666
1.9,0.5399612373357456,0.004100660793483257
1.9,0.6381360077604266,0.0041008275002241135
1.9,0.7363107781851077,0.004100613296031952
1.9,0.8344855486097886,0.004100475460290909
1.9,0.9326603190344698,0.004099991638213396
1.9,1.030835089459151,0.004099611658602953
1.9,1.1290098598838316,0.004099867772310972
1.9,1.2271846303085128,0.004099588841199875
1.9,1.325359400733194,0.004098703619092703
1.9,1.423534171157875,0.004099555313587189
1.9,1.5217089415825562,0.004098979756236076
1.9,1.619883712007237,0.004099346697330475
1.9,1.718058482431918,0.004100571386516094
1.9,1.8162332528565992,0.0041007171384990215
1.9,1.9144080232812803,0.004102242644876242
1.9,2.0125827937059615,0.004101877100765705
1.9,2.110757564130642,0.004100543446838856
1.9,2.2089323345553233,0.0041003236547112465
1.9,2.3071071049800045,0.004100292455404997
1.9,2.405281875404685,0.004100229125469923
1.9,2.5034566458293663,0.004099896643310785
1.9,2.6016314162540475,0.004099631682038307
1.9,2.699806186678728,0.004100108984857798
1.9,2.7979809571034093,0.004100156482309103
1.9,2.8961557275280905,0.004099687561392784
1.9,2.9943304979527716,0.004100242629647255
1.9,3.0925052683774528,0.004098653793334961
2.0,-3.0925052683774528,0.004100975580513477
2.0,-2.994330497952771,0.004099995829164982
2.0,-2.8961557275280905,0.004100679885596037
2.0,-2.7979809571034098,0.0041014025919139385
2.0,-2.699806186678728,0.004100841470062733
2.0,-2.6016314162540475,0.004100704565644264
2.0,-2.5034566458293668,0.0041005271486938
2.0,-2.405281875404685,0.004100500140339136
2.0,-2.3071071049800045,0.004100481513887644
2.0,-2.208932334555323,0.004100466147065163
2.0,-2.110757564130642,0.004100475460290909
2.0,-2.0125827937059615,0.004100385122001171
2.0,-1.9144080232812801,0.0040999166667461395
2.0,-1.8162332528565992,0.004100142978131771
2.0,-1.718058482431918,0.0040990025736391544
2.0,-1.6198837120072371,0.004099127370864153
2.0,-1.521708941582556,0.004099275916814804
2.0,-1.423534171157875,0.004099132493138313
2.0,-1.325359400733194,0.004100110847502947
2.0,-1.227184630308513,0.004099904093891382
2.0,-1.1290098598838318,0.00410015694797039
2.0,-1.030835089459151,0.0041000512428581715
2.0,-0.93266031903447,0.004099994897842407
2.0,-0.8344855486097889,0.004100002348423004
2.0,-0.7363107781851077,0.0040998561307787895
2.0,-0.6381360077604266,0.004099786747246981
2.0,-0.5399612373357456,0.0041000377386808395
2.0,-0.4417864669110647,0.00410068966448307
2.0,-0.34361169648638357,0.004100559279322624
2.0,-0.24543692606170264,0.004101200494915247
2.0,-0.14726215563702172,0.004100291524082422
2.0,-0.04908738521234057,0.004100107587873936
2.0,0.04908738521234057,0.0040999166667461395
2.0,0.14726215563702172,0.004099370911717415
2.0,0.24543692606170264,0.004100492689758539
2.0,0.34361169648638357,0.004101572558283806
2.0,0.4417864669110647,0.004100729711353779
2.0,0.5399612373357456,0.00410041818395257
2.0,0.6381360077604266,0.0041000256314873695
2.0,0.7363107781851077,0.004100027959793806
2.0,0.8344855486097886,0.004099916201084852
2.0,0.9326603190344698,0.004099691286683083
2.0,1.030835089459151,0.00409947382286191
2.0,1.1290098598838316,0.004099664278328419
2.0,1.2271846303085128,0.004099530167877674
2.0,1.325359400733194,0.004100165795534849
2.0,1.423534171157875,0.004099922254681587
2.0,1.5217089415825562,0.004100755788385868
2.0,1.619883712007237,0.00410061702132225
2.0,1.718058482431918,0.00410112738609314
2.0,1.8162332528565992,0.004101525526493788
2.0,1.9144080232812803,0.004100623540580273
2.0,2.0125827937059615,0.004100815858691931
2.0,2.110757564130642,0.004100600257515907
2.0,2.2089323345553233,0.004100373480468988
2.0,2.3071071049800045,0.004100384656339884
2.0,2.405281875404685,0.0041000633500516415
2.0,2.5034566458293663,0.004099891521036625
2.0,2.6016314162540475,0.004099963698536158
2.0,2.699806186678728,0.0041002677753567696
2.0,2.7979809571034093,0.0040999650955200195
2.0,2.8961557275280905,0.004101415164768696
2.0,2.9943304979527716,0.0041013178415596485
2.0,3.0925052683774528,0.004101281054317951
2.1,-3.0925052683774528,0.004100298974663019
2.1,-2.994330497952771,0.00409998744726181
2.1,-2.8961557275280905,0.00409987848252058
2.1,-2.7979809571034098,0.004101211670786142
2.1,-2.699806186678728,0.004101775586605072
2.1,-2.6016314162540475,0.004100768361240625
2.1,-2.5034566458293668,0.004100767895579338
2.1,-2.405281875404685,0.0041007790714502335
2.1,-2.3071071049800045,0.00410075718536973
2.1,-2.208932334555323,0.004100572317838669
2.1,-2.110757564130642,0.004100066609680653
2.1,-2.0125827937059615,0.004100809805095196
2.1,-1.9144080232812801,0.00410071387887001
2.1,-1.8162332528565992,0.0040995716117322445
2.1,-1.718058482431918,0.004099542275071144
2.1,-1.6198837120072371,0.004098822828382254
2.1,-1.521708941582556,0.004098841920495033
2.1,-1.423534171157875,0.004098666366189718
2.1,-1.325359400733194,0.004099726211279631
2.1,-1.227184630308513,0.004098810721188784
2.1,-1.1290098598838318,0.0041000558994710445
2.1,-1.030835089459151,0.004099998157471418
2.1,-0.93266031903447,0.0041004084050655365
2.1,-0.8344855486097889,0.0041003040969371796
2.1,-0.7363107781851077,0.004100209567695856
2.1,-0.6381360077604266,0.004099940415471792
2.1,-0.5399612373357456,0.004099567420780659
2.1,-0.4417864669110647,0.00410015182569623
2.1,-0.34361169648638357,0.004100377205759287
2.1,-0.24543692606170264,0.004099828191101551
2.1,-0.14726215563702172,0.004100198857486248
2.1,-0.04908738521234057,0.004099203739315271
2.1,0.04908738521234057,0.004099319688975811
2.1,0.14726215563702172,0.004099124576896429
2.1,0.24543692606170264,0.0041000074706971645
2.1,0.34361169648638357,0.004100728780031204
2.1,0.4417864669110647,0.004101414233446121
2.1,0.5399612373357456,0.00409979373216629
2.1,0.6381360077604266,0.004100117366760969
2.1,0.7363107781851077,0.0041004568338394165
2.1,0.8344855486097886,0.004100461956113577
2.1,0.9326603190344698,0.00410106685012579
2.1,1.030835089459151,0.0041013313457369804
2.1,1.1290098598838316,0.0041012996807694435
2.1,1.2271846303085128,0.004100843332707882
2.1,1.325359400733194,0.004098903387784958
2.1,1.423534171157875,0.004098883364349604
2.1,1.5217089415825562,0.004098540171980858
2.1,1.619883712007237,0.004098729696124792
2.1,1.718058482431918,0.004099779296666384
2.1,1.8162332528565992,0.0040995171293616295
2.1,1.9144080232812803,0.00410118605941534
2.1,2.0125827937059615,0.004101509694010019
2.1,2.110757564130642,0.004099756944924593
2.1,2.2089323345553233,0.004099928308278322
2.1,2.3071071049800045,0.004100115969777107
2.1,2.405281875404685,0.004100135527551174
2.1,2.5034566458293663,0.0041003478690981865
2.1,2.6016314162540475,0.004100903868675232
2.1,2.699806186678728,0.004101227968931198
2.1,2.7979809571034093,0.004100970923900604
2.1,2.8961557275280905,0.004100004676729441
2.1,2.9943304979527716,0.004098310600966215
2.1,3.0925052683774528,0.004100088030099869
2.2,-3.0925052683774528,0.004098775330930948
2.2,-2.994330497952771,0.004098150879144669
2.2,-2.8961557275280905,0.004098967183381319
2.2,-2.7979809571034098,0.0040978193283081055
2.2,-2.699806186678728,0.004099782556295395
2.2,-2.6016314162540475,0.0041005490347743034
2.2,-2.5034566458293668,0.004100967198610306
2.2,-2.405281875404685,0.004100386518985033
2.2,-2.3071071049800045,0.00410054437816143
2.2,-2.208932334555323,0.004100145772099495
2.2,-2.110757564130642,0.004100195597857237
2.2,-2.0125827937059615,0.0041014887392520905
2.2,-1.9144080232812801,0.004102587699890137
2.2,-1.8162332528565992,0.004100562538951635
2.2,-1.718058482431918,0.004100174177438021
2.2,-1.6198837120072371,0.004099922254681587
2.2,-1.521708941582556,0.004100219812244177
2.2,-1.423534171157875,0.004099864512681961
2.2,-1.325359400733194,0.004100433085113764
2.2,-1.227184630308513,0.004102175123989582
2.2,-1.1290098598838318,0.004101465456187725
2.2,-1.030835089459151,0.0041004931554198265
2.2,-0.93266031903447,0.004100468009710312
2.2,-0.8344855486097889,0.004100595135241747
2.2,-0.7363107781851077,0.004100616555660963
2.2,-0.6381360077604266,0.004100554622709751
2.2,-0.5399612373357456,0.0041005914099514484
2.2,-0.4417864669110647,0.004100146237760782
2.2,-0.34361169648638357,0.004098921548575163
2.2,-0.24543692606170264,0.0040998803451657295
2.2,-0.14726215563702172,0.00409836508333683
2.2,-0.04908738521234057,0.0040986621752381325
2.2,0.04908738521234057,0.004098951816558838
2.2,0.14726215563702172,0.00409954646602273
2.2,0.24543692606170264,0.004100792109966278
2.2,0.34361169648638357,0.004099435172975063
2.2,0.4417864669110647,0.0041001709178090096
2.2,0.5399612373357456,0.004100431688129902
2.2,0.6381360077604266,0.004101247526705265
2.2,0.7363107781851077,0.004101271741092205
2.2,0.8344855486097886,0.004101715981960297
2.2,0.9326603190344698,0.004101179540157318
2.2,1.030835089459151,0.004101165570318699
2.2,1.1290098598838316,0.004102415405213833
2.2,1.2271846303085128,0.004102012142539024
2.2,1.325359400733194,0.004099979065358639
2.2,1.423534171157875,0.004099654499441385
2.2,1.5217089415825562,0.004099973011761904
2.2,1.619883712007237,0.004100012592971325
2.2,1.718058482431918,0.004099810495972633
2.2,1.8162332528565992,0.004100052639842033
2.2,1.9144080232812803,0.00410179328173399
2.2,2.0125827937059615,0.004102390259504318
2.2,2.110757564130642,0.004101691767573357
2.2,2.2089323345553233,0.00410139374434948
2.2,2.3071071049800045,0.0041013616137206554
2.2,2.405281875404685,0.0041012936271727085
2.2,2.5034566458293663,0.004100659862160683
2.2,2.6016314162540475,0.0041002677753567696
2.2,2.699806186678728,0.004101746249943972
2.2,2.7979809571034093,0.004101183265447617
2.2,2.8961557275280905,0.004099927842617035
2.2,2.9943304979527716,0.004099811892956495
2.2,3.0925052683774528,0.004098768346011639
2.3,-3.0925052683774528,0.004099397454410791
2.3,-2.994330497952771,0.004100394900888205
2.3,-2.8961557275280905,0.004099712707102299
2.3,-2.7979809571034098,0.004099145531654358
2.3,-2.699806186678728,0.004100163467228413
2.3,-2.6016314162540475,0.004101233556866646
2.3,-2.5034566458293668,0.004101743921637535
2.3,-2.405281875404685,0.004101619124412537
2.3,-2.3071071049800045,0.004101454745978117
2.3,-2.208932334555323,0.004101194906979799
2.3,-2.110757564130642,0.004100489430129528
2.3,-2.0125827937059615,0.0041004871018230915
2.3,-1.9144080232812801,0.004100245423614979
2.3,-1.8162332528565992,0.004101191181689501
2.3,-1.718058482431918,0.004101176746189594
2.3,-1.6198837120072371,0.004099811427295208
2.3,-1.521708941582556,0.004099552519619465
2.3,-1.423534171157875,0.004100373014807701
2.3,-1.325359400733194,0.004099853336811066
2.3,-1.227184630308513,0.004099404439330101
2.3,-1.1290098598838318,0.004100082442164421
2.3,-1.030835089459151,0.004100751131772995
2.3,-0.93266031903447,0.004101176280528307
2.3,-0.8344855486097889,0.004101001191884279
2.3,-0.7363107781851077,0.004101060796529055
2.3,-0.6381360077604266,0.004101054277271032
2.3,-0.5399612373357456,0.004100139252841473
2.3,-0.4417864669110647,0.0040993839502334595
2.3,-0.34361169648638357,0.004098532255738974
2.3,-0.24543692606170264,0.004098866600543261
2.3,-0.14726215563702172,0.0040994975715875626
2.3,-0.04908738521234057,0.004098576959222555
2.3,0.04908738521234057,0.004098831210285425
2.3,0.14726215563702172,0.004096910357475281
2.3,0.24543692606170264,0.004098875448107719
2.3,0.34361169648638357,0.0040991525165736675
2.3,0.4417864669110647,0.004099819343537092
2.3,0.5399612373357456,0.004100431688129902
2.3,0.6381360077604266,0.004101076629012823
2.3,0.7363107781851077,0.004101046826690435
2.3,0.8344855486097886,0.004100888967514038
2.3,0.9326603190344698,0.004101024009287357
2.3,1.030835089459151,0.004100616089999676
2.3,1.1290098598838316,0.004100367426872253
2.3,1.2271846303085128,0.004099998623132706
2.3,1.325359400733194,0.004099852405488491
2.3,1.423534171157875,0.004101308062672615
2.3,1.5217089415825562,0.004100256133824587
2.3,1.619883712007237,0.004100278485566378
2.3,1.718058482431918,0.004101059399545193
2.3,1.8162332528565992,0.004099681042134762
2.3,1.9144080232812803,0.004099646117538214
2.3,2.0125827937059615,0.004100133664906025
2.3,2.110757564130642,0.004100954160094261
2.3,2.2089323345553233,0.004101545549929142
2.3,2.3071071049800045,0.004101382568478584
2.3,2.405281875404685,0.004101197700947523
2.3,2.5034566458293663,0.004101038910448551
2.3,2.6016314162540475,0.00410048570483923
2.3,2.699806186678728,0.004100330173969269
2.3,2.7979809571034093,0.004100128076970577
2.3,2.8961557275280905,0.004100091755390167
2.3,2.9943304979527716,0.004100564867258072
2.3,3.0925052683774528,0.004099383484572172
2.4,-3.0925052683774528,0.004099528305232525
2.4,-2.994330497952771,0.004100001882761717
2.4,-2.8961557275280905,0.0040999227203428745
2.4,-2.7979809571034098,0.00410225847736001
2.4,-2.699806186678728,0.004101374186575413
2.4,-2.6016314162540475,0.00409953435882926
2.4,-2.5034566458293668,0.004100028891116381
2.4,-2.405281875404685,0.004100232385098934
2.4,-2.3071071049800045,0.004100163467228413
2.4,-2.208932334555323,0.004100433550775051
2.4,-2.110757564130642,0.004100175574421883
2.4,-2.0125827937059615,0.004100208170711994
2.4,-1.9144080232812801,0.004099496640264988
2.4,-1.8162332528565992,0.0041002328507602215
2.4,-1.718058482431918,0.004100798163563013
2.4,-1.6198837120072371,0.004100210033357143
2.4,-1.521708941582556,0.004099757876247168
2.4,-1.423534171157875,0.004100138787180185
2.4,-1.325359400733194,0.004100557882338762
2.4,-1.227184630308513,0.0041015855967998505
2.4,-1.1290098598838318,0.004100981168448925
2.4,-1.030835089459151,0.004100360907614231
2.4,-0.93266031903447,0.00410053227096796
2.4,-0.8344855486097889,0.004100487567484379
2.4,-0.7363107781851077,0.004100536461919546
2.4,-0.6381360077604266,0.004100807011127472
2.4,-0.5399612373357456,0.0041002086363732815
2.4,-0.4417864669110647,0.004100294783711433
2.4,-0.34361169648638357,0.004099855199456215
2.4,-0.24543692606170264,0.004099991172552109
2.4,-0.14726215563702172,0.004099342972040176
2.4,-0.04908738521234057,0.004099708516150713
2.4,0.04908738521234057,0.004099743440747261
2.4,0.14726215563702172,0.004099663812667131
2.4,0.24543692606170264,0.004100050777196884
2.4,0.34361169648638357,0.004099964164197445
2.4,0.4417864669110647,0.0041001467034220695
2.4,0.5399612373357456,0.004099946469068527
2.4,0.6381360077604266,0.004100132267922163
2.4,0.7363107781851077,0.004100254271179438
2.4,0.8344855486097886,0.004100171383470297
2.4,0.9326603190344698,0.004100137390196323
2.4,1.030835089459151,0.004100056365132332
2.4,1.1290098598838316,0.004100070334970951
2.4,1.2271846303085128,0.004098318051546812
2.4,1.325359400733194,0.004100045654922724
2.4,1.423534171157875,0.004099736455827951
2.4,1.5217089415825562,0.004099484533071518
2.4,1.619883712007237,0.004098943900316954
2.4,1.718058482431918,0.00410050293430686
2.4,1.8162332528565992,0.004100286867469549
2.4,1.9144080232812803,0.0040981825441122055
2.4,2.0125827937059615,0.00409990269690752
2.4,2.110757564130642,0.004099904093891382
2.4,2.2089323345553233,0.004099608398973942
2.4,2.3071071049800045,0.004099105019122362
2.4,2.405281875404685,0.004099217709153891
2.4,2.5034566458293663,0.0040998333133757114
2.4,2.6016314162540475,0.004099810030311346
2.4,2.699806186678728,0.004100109916180372
2.4,2.7979809571034093,0.004099744372069836
2.4,2.8961557275280905,0.0040999469347298145
2.4,2.9943304979527716,0.0040999907068908215
2.4,3.0925052683774528,0.00409972108900547
2.5,-3.0925052683774528,0.004098334815353155
2.5,-2.994330497952771,0.004099768586456776
2.5,-2.8961557275280905,0.004099882673472166
2.5,-2.7979809571034098,0.0040997411124408245
2.5,-2.699806186678728,0.004100172780454159
2.5,-2.6016314162540475,0.004100421443581581
2.5,-2.5034566458293668,0.004100017249584198
2.5,-2.405281875404685,0.004099836573004723
2.5,-2.3071071049800045,0.0040998999029397964
2.5,-2.208932334555323,0.004100288264453411
2.5,-2.110757564130642,0.0041000801138579845
2.5,-2.0125827937059615,0.004099810495972633
2.5,-1.9144080232812801,0.004099089186638594
2.5,-1.8162332528565992,0.004099867306649685
2.5,-1.718058482431918,0.004099779762327671
2.5,-1.6198837120072371,0.004099078942090273
2.5,-1.521708941582556,0.004099294077605009
2.5,-1.423534171157875,0.00409883726388216
2.5,-1.325359400733194,0.004100151360034943
2.5,-1.227184630308513,0.004099623300135136
2.5,-1.1290098598838318,0.004099986050277948
2.5,-1.030835089459151,0.004100310616195202
2.5,-0.93266031903447,0.004100892227143049
2.5,-0.8344855486097889,0.004101135302335024
2.5,-0.7363107781851077,0.0041010743007063866
2.5,-0.6381360077604266,0.0041005900129675865
2.5,-0.5399612373357456,0.0040999785996973515
2.5,-0.4417864669110647,0.0040998030453920364
2.5,-0.34361169648638357,0.0040984381921589375
2.5,-0.24543692606170264,0.004099671728909016
2.5,-0.14726215563702172,0.004100224003195763
2.5,-0.04908738521234057,0.004098163917660713
2.5,0.04908738521234057,0.004098189063370228
2.5,0.14726215563702172,0.004100427962839603
2.5,0.24543692606170264,0.0040999543853104115
2.5,0.34361169648638357,0.004099300131201744
2.5,0.4417864669110647,0.004099632613360882
2.5,0.5399612373357456,0.004099318757653236
2.5,0.6381360077604266,0.004099528770893812
2.5,0.7363107781851077,0.004099783953279257
2.5,0.8344855486097886,0.00409996323287487
2.5,0.9326603190344698,0.004099993500858545
2.5,1.030835089459151,0.004099980462342501
2.5,1.1290098598838316,0.00410007918253541
2.5,1.2271846303085128,0.004100373946130276
2.5,1.325359400733194,0.0041007609106600285
2.5,1.423534171157875,0.0041004978120327
2.5,1.5217089415825562,0.004098583944141865
2.5,1.619883712007237,0.004098800476640463
2.5,1.718058482431918,0.0041006943210959435
2.5,1.8162332528565992,0.0041001932695508
2.5,1.9144080232812803,0.004099252633750439
2.5,2.0125827937059615,0.004099513869732618
2.5,2.110757564130642,0.004099950660020113
2.5,2.2089323345553233,0.004100366495549679
2.5,2.3071071049800045,0.004100419115275145
2.5,2.405281875404685,0.004100787919014692
2.5,2.5034566458293663,0.004101143218576908
2.5,2.6016314162540475,0.004101193509995937
2.5,2.699806186678728,0.004101255442947149
2.5,2.7979809571034093,0.004100203514099121
2.5,2.8961557275280905,0.004100173246115446
2.5,2.9943304979527716,0.00409939419478178
2.5,3.0925052683774528,0.00409828033298254
2.6,-3.0925052683774528,0.004098634701222181
2.6,-2.994330497952771,0.0040998803451657295
2.6,-2.8961557275280905,0.004099354613572359
2.6,-2.7979809571034098,0.0041003040969371796
2.6,-2.699806186678728,0.004100503865629435
2.6,-2.6016314162540475,0.004099532961845398
2.6,-2.5034566458293668,0.004100276622921228
2.6,-2.405281875404685,0.0041007692925632
2.6,-2.3071071049800045,0.004100820515304804
2.6,-2.208932334555323,0.004101240541785955
2.6,-2.110757564130642,0.0041017914190888405
2.6,-2.0125827937059615,0.004102539271116257
2.6,-1.9144080232812801,0.004103106912225485
2.6,-1.8162332528565992,0.004101028200238943
2.6,-1.718058482431918,0.004099451471120119
2.6,-1.6198837120072371,0.004099826328456402
2.6,-1.521708941582556,0.004100062884390354
2.6,-1.423534171157875,0.004099475219845772
2.6,-1.325359400733194,0.004099907819181681
2.6,-1.227184630308513,0.004099853802472353
2.6,-1.1290098598838318,0.004100641701370478
2.6,-1.030835089459151,0.00410007918253541
2.6,-0.93266031903447,0.004100695252418518
2.6,-0.8344855486097889,0.004100628197193146
2.6,-0.7363107781851077,0.004100634716451168
2.6,-0.6381360077604266,0.0041006263345479965
2.6,-0.5399612373357456,0.004100236110389233
2.6,-0.4417864669110647,0.004101014696061611
2.6,-0.34361169648638357,0.004100291058421135
2.6,-0.24543692606170264,0.004099144600331783
2.6,-0.14726215563702172,0.004097579047083855
2.6,-0.04908738521234057,0.004098076838999987
2.6,0.04908738521234057,0.00409848615527153
2.6,0.14726215563702172,0.004100888967514038
2.6,0.24543692606170264,0.004100940190255642
2.6,0.34361169648638357,0.00409991480410099
2.6,0.4417864669110647,0.004100541118532419
2.6,0.5399612373357456,0.004100431688129902
2.6,0.6381360077604266,0.004100481513887644
2.6,0.7363107781851077,0.004100500606000423
2.6,0.8344855486097886,0.004100352060049772
2.6,0.9326603190344698,0.004100114107131958
2.6,1.030835089459151,0.004099944606423378
2.6,1.1290098598838316,0.004100016318261623
2.6,1.2271846303085128,0.004099978134036064
2.6,1.325359400733194,0.004100014455616474
2.6,1.423534171157875,0.004099756944924593
2.6,1.5217089415825562,0.004097846802324057
2.6,1.619883712007237,0.004097703844308853
2.6,1.718058482431918,0.004098177887499332
2.6,1.8162332528565992,0.004099471028894186
2.6,1.9144080232812803,0.004099290352314711
2.6,2.0125827937059615,0.004100134130567312
2.6,2.110757564130642,0.004100167658179998
2.6,2.2089323345553233,0.004100411664694548
2.6,2.3071071049800045,0.004100401885807514
2.6,2.405281875404685,0.00410032831132412
2.6,2.5034566458293663,0.004100366495549679
2.6,2.6016314162540475,0.0041000721976161
2.6,2.699806186678728,0.004100015852600336
2.6,2.7979809571034093,0.004099976271390915
2.6,2.8961557275280905,0.004099829588085413
2.6,2.9943304979527716,0.004097416065633297
2.6,3.0925052683774528,0.004098884761333466
2.7,-3.0925052683774528,0.004099731799215078
2.7,-2.994330497952771,0.004100336693227291
2.7,-2.8961557275280905,0.004099764861166477
2.7,-2.7979809571034098,0.004099810495972633
2.7,-2.699806186678728,0.004099730867892504
2.7,-2.6016314162540475,0.004099638666957617
2.7,-2.5034566458293668,0.004100117366760969
2.7,-2.405281875404685,0.004100796300917864
2.7,-2.3071071049800045,0.004101044964045286
2.7,-2.208932334555323,0.004101224709302187
2.7,-2.110757564130642,0.004101274069398642
2.7,-2.0125827937059615,0.0041010379791259766
2.7,-1.9144080232812801,0.004100549966096878
2.7,-1.8162332528565992,0.004099916201084852
2.7,-1.718058482431918,0.004099752753973007
2.7,-1.6198837120072371,0.004098866134881973
2.7,-1.521708941582556,0.004099196754395962
2.7,-1.423534171157875,0.004098137840628624
2.7,-1.325359400733194,0.004099978134036064
2.7,-1.227184630308513,0.004098048433661461
2.7,-1.1290098598838318,0.004099856596440077
2.7,-1.030835089459151,0.004099642857909203
2.7,-0.93266031903447,0.004100441467016935
2.7,-0.8344855486097889,0.004101142752915621
2.7,-0.7363107781851077,0.0041012149304151535
2.7,-0.6381360077604266,0.004100903868675232
2.7,-0.5399612373357456,0.004100285470485687
2.7,-0.4417864669110647,0.004100040532648563
2.7,-0.34361169648638357,0.004098180681467056
2.7,-0.24543692606170264,0.004099882207810879
2.7,-0.14726215563702172,0.004097083583474159
2.7,-0.04908738521234057,0.004098874982446432
2.7,0.04908738521234057,0.004099200014024973
2.7,0.14726215563702172,0.004098214209079742
2.7,0.24543692606170264,0.0041000740602612495
2.7,0.34361169648638357,0.00409918837249279
2.7,0.4417864669110647,0.004100065678358078
2.7,0.5399612373357456,0.0041000256314873695
2.7,0.6381360077604266,0.00410075020045042
2.7,0.7363107781851077,0.004101199097931385
2.7,0.8344855486097886,0.00410128990188241
2.7,0.9326603190344698,0.004101095721125603
2.7,1.030835089459151,0.004100742284208536
2.7,1.1290098598838316,0.004100402817130089
2.7,1.2271846303085128,0.004099302459508181
2.7,1.325359400733194,0.004100083839148283
2.7,1.423534171157875,0.0040993415750563145
2.7,1.5217089415825562,0.004099028650671244
2.7,1.619883712007237,0.004098998382687569
2.7,1.718058482431918,0.004099811892956495
2.7,1.8162332528565992,0.004100768361240625
2.7,1.9144080232812803,0.004099366255104542
2.7,2.0125827937059615,0.004100197926163673
2.7,2.110757564130642,0.004100042395293713
2.7,2.2089323345553233,0.004100838676095009
2.7,2.3071071049800045,0.00410118605941534
2.7,2.405281875404685,0.00410119816660881
2.7,2.5034566458293663,0.004100447986274958
2.7,2.6016314162540475,0.004099894315004349
2.7,2.699806186678728,0.004100099205970764
2.7,2.7979809571034093,0.004099410958588123
2.7,2.8961557275280905,0.004100632853806019
2.7,2.9943304979527716,0.004099739715456963
2.7,3.0925052683774528,0.004099980462342501
2.8,-3.0925052683774528,0.004099956247955561
2.8,-2.994330497952771,0.004097788594663143
2.8,-2.8961557275280905,0.004100118763744831
2.8,-2.7979809571034098,0.0041023860685527325
2.8,-2.699806186678728,0.004100981168448925
2.8,-2.6016314162540475,0.004100130405277014
2.8,-2.5034566458293668,0.004100307356566191
2.8,-2.405281875404685,0.004100779537111521
2.8,-2.3071071049800045,0.004100497346371412
2.8,-2.208932334555323,0.004100206773728132
2.8,-2.110757564130642,0.004100244492292404
2.8,-2.0125827937059615,0.004099506884813309
2.8,-1.9144080232812801,0.0040997350588440895
2.8,-1.8162332528565992,0.004100378602743149
2.8,-1.718058482431918,0.004098804667592049
2.8,-1.6198837120072371,0.004100064281374216
2.8,-1.521708941582556,0.004099606536328793
2.8,-1.423534171157875,0.004096909426152706
2.8,-1.325359400733194,0.0040999217890203
2.8,-1.227184630308513,0.0041009061969816685
2.8,-1.1290098598838318,0.004100611433386803
2.8,-1.030835089459151,0.004100062418729067
2.8,-0.93266031903447,0.004100741818547249
2.8,-0.8344855486097889,0.004101159982383251
2.8,-0.7363107781851077,0.004100780002772808
2.8,-0.6381360077604266,0.004100498277693987
2.8,-0.5399612373357456,0.004100022371858358
2.8,-0.4417864669110647,0.00409953435882926
2.8,-0.34361169648638357,0.004099938087165356
2.8,-0.24543692606170264,0.004099702928215265
2.8,-0.14726215563702172,0.0040968372486531734
2.8,-0.04908738521234057,0.0040990072302520275
2.8,0.04908738521234057,0.004099192097783089
2.8,0.14726215563702172,0.004096314776688814
2.8,0.24543692606170264,0.004099578596651554
2.8,0.34361169648638357,0.004100066144019365
2.8,0.4417864669110647,0.0040995171293616295
2.8,0.5399612373357456,0.0040998379699885845
2.8,0.6381360077604266,0.004100136458873749
2.8,0.7363107781851077,0.004100818652659655
2.8,0.8344855486097886,0.00410059280693531
2.8,0.9326603190344698,0.004100168589502573
2.8,1.030835089459151,0.00409972108900547
2.8,1.1290098598838316,0.004098895005881786
2.8,1.2271846303085128,0.004099802579730749
2.8,1.325359400733194,0.004099618643522263
2.8,1.423534171157875,0.00409670127555728
2.8,1.5217089415825562,0.004099084530025721
2.8,1.619883712007237,0.004098961129784584
2.8,1.718058482431918,0.004097204189747572
2.8,1.8162332528565992,0.004099922254681587
2.8,1.9144080232812803,0.004100743215531111
2.8,2.0125827937059615,0.004100175574421883
2.8,2.110757564130642,0.00410012062638998
2.8,2.2089323345553233,0.004100452177226543
2.8,2.3071071049800045,0.004100585822016001
2.8,2.405281875404685,0.00410072598606348
2.8,2.5034566458293663,0.004100174177438021
2.8,2.6016314162540475,0.004099795129150152
2.8,2.699806186678728,0.004100115969777107
2.8,2.7979809571034093,0.004101335536688566
2.8,2.8961557275280905,0.004100418649613857
2.8,2.9943304979527716,0.0040987031534314156
2.8,3.0925052683774528,0.004100122954696417
2.9,-3.0925052683774528,0.004099929239600897
2.9,-2.994330497952771,0.004097175784409046
2.9,-2.8961557275280905,0.004099535755813122
2.9,-2.7979809571034098,0.004099156707525253
2.9,-2.699806186678728,0.004099566489458084
2.9,-2.6016314162540475,0.004100430756807327
2.9,-2.5034566458293668,0.004100341349840164
2.9,-2.405281875404685,0.004100133199244738
2.9,-2.3071071049800045,0.004100212827324867
2.9,-2.208932334555323,0.00410095788538456
2.9,-2.110757564130642,0.0041014570742845535
2.9,-2.0125827937059615,0.004100114572793245
2.9,-1.9144080232812801,0.004099381156265736
2.9,-1.8162332528565992,0.0041005611419677734
2.9,-1.718058482431918,0.004097959026694298
2.9,-1.6198837120072371,0.004099773243069649
2.9,-1.521708941582556,0.00409947894513607
2.9,-1.423534171157875,0.004096911288797855
2.9,-1.325359400733194,0.004100172780454159
2.9,-1.227184630308513,0.004099168349057436
2.9,-1.1290098598838318,0.004099733661860228
2.9,-1.030835089459151,0.004100474063307047
2.9,-0.93266031903447,0.004100820515304804
2.9,-0.8344855486097889,0.004100379534065723
2.9,-0.7363107781851077,0.004100244492292404
2.9,-0.6381360077604266,0.004100405145436525
2.9,-0.5399612373357456,0.004100520629435778
2.9,-0.4417864669110647,0.004099627025425434
2.9,-0.34361169648638357,0.004098784178495407
2.9,-0.24543692606170264,0.004099668934941292
2.9,-0.14726215563702172,0.004097787197679281
2.9,-0.04908738521234057,0.004098887089639902
2.9,0.04908738521234057,0.004099296405911446
2.9,0.14726215563702172,0.004096862394362688
2.9,0.24543692606170264,0.004099966958165169
2.9,0.34361169648638357,0.004098919220268726
2.9,0.4417864669110647,0.004098761826753616
2.9,0.5399612373357456,0.004098884295672178
2.9,0.6381360077604266,0.004099574405699968
2.9,0.7363107781851077,0.004100081976503134
2.9,0.8344855486097886,0.004100428428500891
2.9,0.9326603190344698,0.004100974649190903
2.9,1.030835089459151,0.00410117581486702
2.9,1.1290098598838316,0.0040999664925038815
2.9,1.2271846303085128,0.004099403042346239
2.9,1.325359400733194,0.004100537858903408
2.9,1.423534171157875,0.004099087789654732
2.9,1.5217089415825562,0.0041008880361914635
2.9,1.619883712007237,0.00410062400624156
2.9,1.718058482431918,0.004098767880350351
2.9,1.8162332528565992,0.004099742975085974
2.9,1.9144080232812803,0.004098899662494659
2.9,2.0125827937059615,0.004099871031939983
2.9,2.110757564130642,0.004101119004189968
2.9,2.2089323345553233,0.004100702702999115
2.9,2.3071071049800045,0.004100141115486622
2.9,2.405281875404685,0.004100119695067406
2.9,2.5034566458293663,0.004100392106920481
2.9,2.6016314162540475,0.004101132042706013
2.9,2.699806186678728,0.004101851023733616
2.9,2.7979809571034093,0.004104895982891321
2.9,2.8961557275280905,0.004100055433809757
2.9,2.9943304979527716,0.004098822362720966
2.9,3.0925052683774528,0.004100166726857424
3.0,-3.0925052683774528,0.004101054277271032
3.0,-2.994330497952771,0.004101625178009272
3.0,-2.8961557275280905,0.004101247992366552
3.0,-2.7979809571034098,0.00410239165648818
3.0,-2.699806186678728,0.004101375117897987
3.0,-2.6016314162540475,0.004100619815289974
3.0,-2.5034566458293668,0.004100045654922724
3.0,-2.405281875404685,0.0041002254001796246
3.0,-2.3071071049800045,0.004100265447050333
3.0,-2.208932334555323,0.004100377671420574
3.0,-2.110757564130642,0.00410079350695014
3.0,-2.0125827937059615,0.00410087127238512
3.0,-1.9144080232812801,0.0041008456610143185
3.0,-1.8162332528565992,0.004102020058780909
3.0,-1.718058482431918,0.0041020032949745655
3.0,-1.6198837120072371,0.004101571161299944
3.0,-1.521708941582556,0.004101545549929142
3.0,-1.423534171157875,0.004102342762053013
3.0,-1.325359400733194,0.004101925063878298
3.0,-1.227184630308513,0.004102957434952259
3.0,-1.1290098598838318,0.004102084785699844
3.0,-1.030835089459151,0.00410132110118866
3.0,-0.93266031903447,0.004100789315998554
3.0,-0.8344855486097889,0.004100728314369917
3.0,-0.7363107781851077,0.004100714344531298
3.0,-0.6381360077604266,0.0041006337851285934
3.0,-0.5399612373357456,0.004100991412997246
3.0,-0.4417864669110647,0.004101647064089775
3.0,-0.34361169648638357,0.004102454055100679
3.0,-0.24543692606170264,0.004101437982171774
3.0,-0.14726215563702172,0.0041020154021680355
3.0,-0.04908738521234057,0.004101455677300692
3.0,0.04908738521234057,0.0041016386821866035
3.0,0.14726215563702172,0.004102266393601894
3.0,0.24543692606170264,0.004102082457393408
3.0,0.34361169648638357,0.0041029611602425575
3.0,0.4417864669110647,0.004101830534636974
3.0,0.5399612373357456,0.004101099446415901
3.0,0.6381360077604266,0.004100535064935684
3.0,0.7363107781851077,0.004100324586033821
3.0,0.8344855486097886,0.004100089892745018
3.0,0.9326603190344698,0.004099701065570116
3.0,1.030835089459151,0.004099573008716106
3.0,1.1290098598838316,0.00410025380551815
3.0,1.2271846303085128,0.004101415164768696
3.0,1.325359400733194,0.004101204685866833
3.0,1.423534171157875,0.004099931567907333
3.0,1.5217089415825562,0.004101276863366365
3.0,1.619883712007237,0.004100520629435778
3.0,1.718058482431918,0.004100868012756109
3.0,1.8162332528565992,0.004101187456399202
3.0,1.9144080232812803,0.004101671278476715
3.0,2.0125827937059615,0.004100801423192024
3.0,2.110757564130642,0.004100284539163113
3.0,2.2089323345553233,0.004100245423614979
3.0,2.3071071049800045,0.004100319929420948
3.0,2.405281875404685,0.004100270103663206
3.0,2.5034566458293663,0.004100244492292404
3.0,2.6016314162540475,0.004100737161934376
3.0,2.699806186678728,0.004101453814655542
3.0,2.7979809571034093,0.004102450329810381
3.0,2.8961557275280905,0.004101598635315895
3.0,2.9943304979527716,0.004101979546248913
3.0,3.0925052683774528,0.004101363010704517
3.1,-3.0925052683774528,0.0040997788310050964
3.1,-2.994330497952771,0.004099927376955748
3.1,-2.8961557275280905,0.0041006444953382015
3.1,-2.7979809571034098,0.00409999955445528
3.1,-2.699806186678728,0.0041008200496435165
3.1,-2.6016314162540475,0.004099998623132706
3.1,-2.5034566458293668,0.004100337624549866
3.1,-2.405281875404685,0.004100863356143236
3.1,-2.3071071049800045,0.004100793041288853
3.1,-2.208932334555323,0.004100624937564135
3.1,-2.110757564130642,0.0041001467034220695
3.1,-2.0125827937059615,0.0041003660298883915
3.1,-1.9144080232812801,0.004099775105714798
3.1,-1.8162332528565992,0.004099886864423752
3.1,-1.718058482431918,0.004099495243281126
3.1,-1.6198837120072371,0.0040992554277181625
3.1,-1.521708941582556,0.0040992144495248795
3.1,-1.423534171157875,0.004101231694221497
3.1,-1.325359400733194,0.004100283142179251
3.1,-1.227184630308513,0.004098889883607626
3.1,-1.1290098598838318,0.004099838435649872
3.1,-1.030835089459151,0.004099476151168346
3.1,-0.93266031903447,0.004100027959793806
3.1,-0.8344855486097889,0.004100214224308729
3.1,-0.7363107781851077,0.0041000377386808395
3.1,-0.6381360077604266,0.004099793266505003
3.1,-0.5399612373357456,0.004099387675523758
3.1,-0.4417864669110647,0.004099804908037186
3.1,-0.34361169648638357,0.004099441226571798
3.1,-0.24543692606170264,0.004099532496184111
3.1,-0.14726215563702172,0.004098189529031515
3.1,-0.04908738521234057,0.004098890814930201
3.1,0.04908738521234057,0.004098943900316954
3.1,0.14726215563702172,0.004097703378647566
3.1,0.24543692606170264,0.0040998621843755245
3.1,0.34361169648638357,0.0040999422781169415
3.1,0.4417864669110647,0.004100358579307795
3.1,0.5399612373357456,0.004099879879504442
3.1,0.6381360077604266,0.004100200720131397
3.1,0.7363107781851077,0.0041008275002241135
3.1,0.8344855486097886,0.004100742284208536
3.1,0.9326603190344698,0.004100165795534849
3.1,1.030835089459151,0.004099425859749317
3.1,1.1290098598838316,0.004099801182746887
3.1,1.2271846303085128,0.004099825397133827
3.1,1.325359400733194,0.004099791869521141
3.1,1.423534171157875,0.004098180681467056
3.1,1.5217089415825562,0.004099568352103233
3.1,1.619883712007237,0.004099693149328232
3.1,1.718058482431918,0.004099754150956869
3.1,1.8162332528565992,0.004100743681192398
3.1,1.9144080232812803,0.004100677091628313
3.1,2.0125827937059615,0.00410094391554594
3.1,2.110757564130642,0.004100559279322624
3.1,2.2089323345553233,0.004101070109754801
3.1,2.3071071049800045,0.004101085942238569
3.1,2.405281875404685,0.004100926220417023
3.1,2.5034566458293663,0.004100737627595663
3.1,2.6016314162540475,0.004100264050066471
3.1,2.699806186678728,0.004100359044969082
3.1,2.7979809571034093,0.004100403748452663
3.1,2.8961557275280905,0.004100157879292965
3.1,2.9943304979527716,0.004098002798855305
3.1,3.0925052683774528,0.004099469631910324
3.2,-3.0925052683774528,0.004098264500498772
3.2,-2.994330497952771,0.00409752456471324
3.2,-2.8961557275280905,0.004098938778042793
3.2,-2.7979809571034098,0.004099240060895681
3.2,-2.699806186678728,0.004099245648831129
3.2,-2.6016314162540475,0.0040992870926856995
3.2,-2.5034566458293668,0.004099986515939236
3.2,-2.405281875404685,0.004100586753338575
3.2,-2.3071071049800045,0.004101013299077749
3.2,-2.208932334555323,0.004100915975868702
3.2,-2.110757564130642,0.004100565332919359
3.2,-2.0125827937059615,0.004100787453353405
3.2,-1.9144080232812801,0.004100461024791002
3.2,-1.8162332528565992,0.004099609795957804
3.2,-1.718058482431918,0.00409943051636219
3.2,-1.6198837120072371,0.004100514575839043
3.2,-1.521708941582556,0.004100699909031391
3.2,-1.423534171157875,0.004099455662071705
3.2,-1.325359400733194,0.0041000572964549065
3.2,-1.227184630308513,0.004101176280528307
3.2,-1.1290098598838318,0.00410105986520648
3.2,-1.030835089459151,0.00410058069974184
3.2,-0.93266031903447,0.004100724123418331
3.2,-0.8344855486097889,0.004100768826901913
3.2,-0.7363107781851077,0.00410069664940238
3.2,-0.6381360077604266,0.004100396763533354
3.2,-0.5399612373357456,0.004099889192730188
3.2,-0.4417864669110647,0.004099512472748756
3.2,-0.34361169648638357,0.00409858301281929
3.2,-0.24543692606170264,0.004098938312381506
3.2,-0.14726215563702172,0.004098183009773493
3.2,-0.04908738521234057,0.0040984260849654675
3.2,0.04908738521234057,0.004098652396351099
3.2,0.14726215563702172,0.004097636789083481
3.2,0.24543692606170264,0.0040991343557834625
3.2,0.34361169648638357,0.004100152291357517
3.2,0.4417864669110647,0.004100478254258633
3.2,0.5399612373357456,0.004100439138710499
3.2,0.6381360077604266,0.004100761376321316
3.2,0.7363107781851077,0.004100662190467119
3.2,0.8344855486097886,0.004100554622709751
3.2,0.9326603190344698,0.00409998744726181
3.2,1.030835089459151,0.004099126905202866
3.2,1.1290098598838316,0.004099867772310972
3.2,1.2271846303085128,0.0041002254001796246
3.2,1.325359400733194,0.004099263343960047
3.2,1.423534171157875,0.0040989769622683525
3.2,1.5217089415825562,0.004099368583410978
3.2,1.619883712007237,0.004099156241863966
3.2,1.718058482431918,0.00409941840916872
3.2,1.8162332528565992,0.004099859856069088
3.2,1.9144080232812803,0.004100335296243429
3.2,2.0125827937059615,0.004100203048437834
3.2,2.110757564130642,0.004099805373698473
3.2,2.2089323345553233,0.004099779762327671
3.2,2.3071071049800045,0.004099823068827391
3.2,2.405281875404685,0.004100005608052015
3.2,2.5034566458293663,0.004099960904568434
3.2,2.6016314162540475,0.004099519923329353
3.2,2.699806186678728,0.004099519923329353
3.2,2.7979809571034093,0.004099843092262745
3.2,2.8961557275280905,0.004098440054804087
3.2,2.9943304979527716,0.004097512923181057
3.2,3.0925052683774528,0.004098557401448488
3.3,-3.0925052683774528,0.004100362304598093
3.3,-2.994330497952771,0.004100403282791376
3.3,-2.8961557275280905,0.004100117366760969
3.3,-2.7979809571034098,0.004101213999092579
3.3,-2.699806186678728,0.004101312253624201
3.3,-2.6016314162540475,0.00410004798322916
3.3,-2.5034566458293668,0.004100348800420761
3.3,-2.405281875404685,0.004100598394870758
3.3,-2.3071071049800045,0.004100619815289974
3.3,-2.208932334555323,0.004100808873772621
3.3,-2.110757564130642,0.004100896418094635
3.3,-2.0125827937059615,0.004101942293345928
3.3,-1.9144080232812801,0.004103002604097128
3.3,-1.8162332528565992,0.004100979771465063
3.3,-1.718058482431918,0.004100982565432787
3.3,-1.6198837120072371,0.004100339021533728
3.3,-1.521708941582556,0.004099987912923098
3.3,-1.423534171157875,0.004099886864423752
3.3,-1.325359400733194,0.0041002146899700165
3.3,-1.227184630308513,0.004102808423340321
3.3,-1.1290098598838318,0.00410181749612093
3.3,-1.030835089459151,0.004100729711353779
3.3,-0.93266031903447,0.004100739024579525
3.3,-0.8344855486097889,0.004100853111594915
3.3,-0.7363107781851077,0.004100604448467493
3.3,-0.6381360077604266,0.004100725520402193
3.3,-0.5399612373357456,0.004100100602954626
3.3,-0.4417864669110647,0.004100456368178129
3.3,-0.34361169648638357,0.004100732505321503
3.3,-0.24543692606170264,0.004098711535334587
3.3,-0.14726215563702172,0.004098484758287668
3.3,-0.04908738521234057,0.004098251927644014
3.3,0.04908738521234057,0.004098907578736544
3.3,0.14726215563702172,0.004100104793906212
3.3,0.24543692606170264,0.0041005476377904415
3.3,0.34361169648638357,0.004102886654436588
3.3,0.4417864669110647,0.004101726226508617
3.3,0.5399612373357456,0.00410047173500061
3.3,0.6381360077604266,0.004100429825484753
3.3,0.7363107781851077,0.004100315738469362
3.3,0.8344855486097886,0.004100160673260689
3.3,0.9326603190344698,0.004100085701793432
3.3,1.030835089459151,0.004100237973034382
3.3,1.1290098598838316,0.0041015129536390305
3.3,1.2271846303085128,0.0041012391448020935
3.3,1.325359400733194,0.004099976271390915
3.3,1.423534171157875,0.004099661950021982
3.3,1.5217089415825562,0.0040992554277181625
3.3,1.619883712007237,0.004099423531442881
3.3,1.718058482431918,0.004100072663277388
3.3,1.8162332528565992,0.004100594203919172
3.3,1.9144080232812803,0.004103000741451979
3.3,2.0125827937059615,0.004101829137653112
3.3,2.110757564130642,0.004100958816707134
3.3,2.2089323345553233,0.004101109690964222
3.3,2.3071071049800045,0.004100994672626257
3.3,2.405281875404685,0.0041007050313055515
3.3,2.5034566458293663,0.004100878722965717
3.3,2.6016314162540475,0.0041002086363732815
3.3,2.699806186678728,0.00410059466958046
3.3,2.7979809571034093,0.004101014696061611
3.3,2.8961557275280905,0.0041000680066645145
3.3,2.9943304979527716,0.00410036463290453
3.3,3.0925052683774528,0.004100304562598467
3.4,-3.0925052683774528,0.004098959732800722
3.4,-2.994330497952771,0.004098829347640276
3.4,-2.8961557275280905,0.0041004628874361515
3.4,-2.7979809571034098,0.004099458456039429
3.4,-2.699806186678728,0.004100376740098
3.4,-2.6016314162540475,0.004101266153156757
3.4,-2.5034566458293668,0.004101067315787077
3.4,-2.405281875404685,0.004100837279111147
3.4,-2.3071071049800045,0.004100888967514038
3.4,-2.208932334555323,0.004100673366338015
3.4,-2.110757564130642,0.004100640304386616
3.4,-2.0125827937059615,0.004101552069187164
3.4,-1.9144080232812801,0.004101437516510487
3.4,-1.8162332528565992,0.004099988378584385
3.4,-1.718058482431918,0.0040999469347298145
3.4,-1.6198837120072371,0.004099398385733366
3.4,-1.521708941582556,0.004099613521248102
3.4,-1.423534171157875,0.004100005608052015
3.4,-1.325359400733194,0.004100514110177755
3.4,-1.227184630308513,0.0041031488217413425
3.4,-1.1290098598838318,0.004101918078958988
3.4,-1.030835089459151,0.004101628437638283
3.4,-0.93266031903447,0.004101409576833248
3.4,-0.8344855486097889,0.0041008335538208485
3.4,-0.7363107781851077,0.00410086615011096
3.4,-0.6381360077604266,0.004100770689547062
3.4,-0.5399612373357456,0.004100862890481949
3.4,-0.4417864669110647,0.0041017672047019005
3.4,-0.34361169648638357,0.004101553466171026
3.4,-0.24543692606170264,0.00409984216094017
3.4,-0.14726215563702172,0.004100069869309664
3.4,-0.04908738521234057,0.0040988982655107975
3.4,0.04908738521234057,0.004099031910300255
3.4,0.14726215563702172,0.0040979147888720036
3.4,0.24543692606170264,0.004099987912923098
3.4,0.34361169648638357,0.004100861959159374
3.4,0.4417864669110647,0.004100881516933441
3.4,0.5399612373357456,0.004101510159671307
3.4,0.6381360077604266,0.004101722501218319
3.4,0.7363107781851077,0.00410139374434948
3.4,0.8344855486097886,0.004101339261978865
3.4,0.9326603190344698,0.004100642632693052
3.4,1.030835089459151,0.00410013273358345
3.4,1.1290098598838316,0.004099554382264614
3.4,1.2271846303085128,0.004098513163626194
3.4,1.325359400733194,0.004100372549146414
3.4,1.423534171157875,0.004098187666386366
3.4,1.5217089415825562,0.004099391400814056
3.4,1.619883712007237,0.00409897742792964
3.4,1.718058482431918,0.004100058227777481
3.4,1.8162332528565992,0.004099894780665636
3.4,1.9144080232812803,0.0041015069000422955
3.4,2.0125827937059615,0.004101315513253212
3.4,2.110757564130642,0.004100806079804897
3.4,2.2089323345553233,0.0041008698754012585
3.4,2.3071071049800045,0.004100867547094822
3.4,2.405281875404685,0.004100961610674858
3.4,2.5034566458293663,0.004101439844816923
3.4,2.6016314162540475,0.004101613536477089
3.4,2.699806186678728,0.0041015977039933205
3.4,2.7979809571034093,0.004102267790585756
3.4,2.8961557275280905,0.004100292921066284
3.4,2.9943304979527716,0.004099490121006966
3.4,3.0925052683774528,0.004099168814718723
3.5,-3.0925052683774528,0.004099888727068901
3.5,-2.994330497952771,0.004099905025213957
3.5,-2.8961557275280905,0.0041002873331308365
3.5,-2.7979809571034098,0.004102121107280254
3.5,-2.699806186678728,0.00410115160048008
3.5,-2.6016314162540475,0.0040998863987624645
3.5,-2.5034566458293668,0.004099985118955374
3.5,-2.405281875404685,0.004100415389984846
3.5,-2.3071071049800045,0.004100616089999676
3.5,-2.208932334555323,0.00409986637532711
3.5,-2.110757564130642,0.004098962992429733
3.5,-2.0125827937059615,0.004099362529814243
3.5,-1.9144080232812801,0.004098002798855305
3.5,-1.8162332528565992,0.0040992372669279575
3.5,-1.718058482431918,0.004098781384527683
3.5,-1.6198837120072371,0.0040993341244757175
3.5,-1.521708941582556,0.0040999907068908215
3.5,-1.423534171157875,0.004099636804312468
3.5,-1.325359400733194,0.0041000680066645145
3.5,-1.227184630308513,0.004101237282156944
3.5,-1.1290098598838318,0.004100616555660963
3.5,-1.030835089459151,0.004099804442375898
3.5,-0.93266031903447,0.004099835176020861
3.5,-0.8344855486097889,0.004100029822438955
3.5,-0.7363107781851077,0.0041006943210959435
3.5,-0.6381360077604266,0.004100043326616287
3.5,-0.5399612373357456,0.004099189303815365
3.5,-0.4417864669110647,0.004099610261619091
3.5,-0.34361169648638357,0.004098421428352594
3.5,-0.24543692606170264,0.004100191872566938
3.5,-0.14726215563702172,0.004100986756384373
3.5,-0.04908738521234057,0.0040998137556016445
3.5,0.04908738521234057,0.004099600948393345
3.5,0.14726215563702172,0.004099395591765642
3.5,0.24543692606170264,0.004099811892956495
3.5,0.34361169648638357,0.004098359029740095
3.5,0.4417864669110647,0.004100203979760408
3.5,0.5399612373357456,0.00410090945661068
3.5,0.6381360077604266,0.004100963473320007
3.5,0.7363107781851077,0.004101082216948271
3.5,0.8344855486097886,0.004101375117897987
3.5,0.9326603190344698,0.0041009364649653435
3.5,1.030835089459151,0.004100038670003414
3.5,1.1290098598838316,0.004100104793906212
3.5,1.2271846303085128,0.004099322482943535
3.5,1.325359400733194,0.004099691286683083
3.5,1.423534171157875,0.004098791629076004
3.5,1.5217089415825562,0.004099900834262371
3.5,1.619883712007237,0.004099605139344931
3.5,1.718058482431918,0.004098338074982166
3.5,1.8162332528565992,0.004099207930266857
3.5,1.9144080232812803,0.004098048899322748
3.5,2.0125827937059615,0.0040998137556016445
3.5,2.110757564130642,0.004099896643310785
3.5,2.2089323345553233,0.00410053925588727
3.5,2.3071071049800045,0.004101386293768883
3.5,2.405281875404685,0.004101065918803215
3.5,2.5034566458293663,0.004100637044757605
3.5,2.6016314162540475,0.004100213758647442
3.5,2.699806186678728,0.004099737387150526
3.5,2.7979809571034093,0.004097634460777044
3.5,2.8961557275280905,0.004099095240235329
3.5,2.9943304979527716,0.0040993038564920425
3.5,3.0925052683774528,0.004099998623132706
3.6,-3.0925052683774528,0.004098029807209969
3.6,-2.994330497952771,0.004099903162568808
3.6,-2.8961557275280905,0.0041006035171449184
3.6,-2.7979809571034098,0.004101215396076441
3.6,-2.699806186678728,0.004101094789803028
3.6,-2.6016314162540475,0.0041012088768184185
3.6,-2.5034566458293668,0.0041006989777088165
3.6,-2.405281875404685,0.004100271500647068
3.6,-2.3071071049800045,0.0041003115475177765
3.6,-2.208932334555323,0.00410047173500061
3.6,-2.110757564130642,0.004100855905562639
3.6,-2.0125827937059615,0.004100685007870197
3.6,-1.9144080232812801,0.0041001527570188046
3.6,-1.8162332528565992,0.004100499674677849
3.6,-1.718058482431918,0.004099179524928331
3.6,-1.6198837120072371,0.004098409321159124
3.6,-1.521708941582556,0.004098545294255018
3.6,-1.423534171157875,0.004099973477423191
3.6,-1.325359400733194,0.004100796300917864
3.6,-1.227184630308513,0.0040999953635036945
3.6,-1.1290098598838318,0.0041005536913871765
3.6,-1.030835089459151,0.00410094577819109
3.6,-0.93266031903447,0.004100734367966652
3.6,-0.8344855486097889,0.004100565332919359
3.6,-0.7363107781851077,0.004100799560546875
3.6,-0.6381360077604266,0.004101352766156197
3.6,-0.5399612373357456,0.004101557191461325
3.6,-0.4417864669110647,0.004100998863577843
3.6,-0.34361169648638357,0.004100445192307234
3.6,-0.24543692606170264,0.00410037487745285
3.6,-0.14726215563702172,0.004098896402865648
3.6,-0.04908738521234057,0.004098587203770876
3.6,0.04908738521234057,0.004098971839994192
3.6,0.14726215563702172,0.0041008745320141315
3.6,0.24543692606170264,0.0041017974726855755
3.6,0.34361169648638357,0.004101178143173456
3.6,0.4417864669110647,0.004101389087736607
3.6,0.5399612373357456,0.004101415164768696
3.6,0.6381360077604266,0.004100935999304056
3.6,0.7363107781851077,0.00410075206309557
3.6,0.8344855486097886,0.004100783262401819
3.6,0.9326603190344698,0.0041009183041751385
3.6,1.030835089459151,0.004101220518350601
3.6,1.1290098598838316,0.0041008903644979
3.6,1.2271846303085128,0.004100052639842033
3.6,1.325359400733194,0.004100217018276453
3.6,1.423534171157875,0.0040985899977386
3.6,1.5217089415825562,0.004097875207662582
3.6,1.619883712007237,0.004097360651940107
3.6,1.718058482431918,0.004097906406968832
3.6,1.8162332528565992,0.004099765792489052
3.6,1.9144080232812803,0.004100028425455093
3.6,2.0125827937059615,0.004100386518985033
3.6,2.110757564130642,0.004100732505321503
3.6,2.2089323345553233,0.004100642632693052
3.6,2.3071071049800045,0.004100464284420013
3.6,2.405281875404685,0.004100374411791563
3.6,2.5034566458293663,0.00410031620413065
3.6,2.6016314162540475,0.004100506193935871
3.6,2.699806186678728,0.00410034041851759
3.6,2.7979809571034093,0.004099991172552109
3.6,2.8961557275280905,0.0040998817421495914
3.6,2.9943304979527716,0.004097216762602329
3.6,3.0925052683774528,0.004098808858543634
3.7,-3.0925052683774528,0.00409979373216629
3.7,-2.994330497952771,0.004101758822798729
3.7,-2.8961557275280905,0.004100222140550613
3.7,-2.7979809571034098,0.0040995837189257145
3.7,-2.699806186678728,0.00409984216094017
3.7,-2.6016314162540475,0.004099987912923098
3.7,-2.5034566458293668,0.004100344609469175
3.7,-2.405281875404685,0.004100552760064602
3.7,-2.3071071049800045,0.004100569058209658
3.7,-2.208932334555323,0.0041002556681632996
3.7,-2.110757564130642,0.004099895246326923
3.7,-2.0125827937059615,0.004100083839148283
3.7,-1.9144080232812801,0.004099657759070396
3.7,-1.8162332528565992,0.004100354388356209
3.7,-1.718058482431918,0.004102748818695545
3.7,-1.6198837120072371,0.004099752753973007
3.7,-1.521708941582556,0.004099847748875618
3.7,-1.423534171157875,0.004101731814444065
3.7,-1.325359400733194,0.0041000721976161
3.7,-1.227184630308513,0.004099475685507059
3.7,-1.1290098598838318,0.004100012127310038
3.7,-1.030835089459151,0.004100368358194828
3.7,-0.93266031903447,0.00410061702132225
3.7,-0.8344855486097889,0.0041007050313055515
3.7,-0.7363107781851077,0.0041006882674992085
3.7,-0.6381360077604266,0.004100114572793245
3.7,-0.5399612373357456,0.00409918837249279
3.7,-0.4417864669110647,0.00409930944442749
3.7,-0.34361169648638357,0.0040987818501889706
3.7,-0.24543692606170264,0.0040990873239934444
3.7,-0.14726215563702172,0.004098306875675917
3.7,-0.04908738521234057,0.0040992191061377525
3.7,0.04908738521234057,0.00409845681861043
3.7,0.14726215563702172,0.004095708020031452
3.7,0.24543692606170264,0.0040996684692800045
3.7,0.34361169648638357,0.004099903628230095
3.7,0.4417864669110647,0.004100042395293713
3.7,0.5399612373357456,0.004099928308278322
3.7,0.6381360077604266,0.004100265447050333
3.7,0.7363107781851077,0.004100556951016188
3.7,0.8344855486097886,0.004100571386516094
3.7,0.9326603190344698,0.004100526217371225
3.7,1.030835089459151,0.004099964629858732
3.7,1.1290098598838316,0.004100155085325241
3.7,1.2271846303085128,0.004100147169083357
3.7,1.325359400733194,0.0041000922210514545
3.7,1.423534171157875,0.004096893593668938
3.7,1.5217089415825562,0.004099427722394466
3.7,1.619883712007237,0.0040995217859745026
3.7,1.718058482431918,0.0040968735702335835
3.7,1.8162332528565992,0.004099949263036251
3.7,1.9144080232812803,0.004100388381630182
3.7,2.0125827937059615,0.0041007245890796185
3.7,2.110757564130642,0.004100227728486061
3.7,2.2089323345553233,0.00410077441483736
3.7,2.3071071049800045,0.0041008759289979935
3.7,2.405281875404685,0.0041006808169186115
3.7,2.5034566458293663,0.004100235644727945
3.7,2.6016314162540475,0.004099864512681961
3.7,2.699806186678728,0.004100292921066284
3.7,2.7979809571034093,0.004099783021956682
3.7,2.8961557275280905,0.004100409336388111
3.7,2.9943304979527716,0.004101283382624388
3.7,3.0925052683774528,0.004099275916814804
3.8,-3.0925052683774528,0.004100028891116381
3.8,-2.994330497952771,0.004099708050489426
3.8,-2.8961557275280905,0.004100000951439142
3.8,-2.7979809571034098,0.004100407473742962
3.8,-2.699806186678728,0.004100807011127472
3.8,-2.6016314162540475,0.004101227968931198
3.8,-2.5034566458293668,0.004101197235286236
3.8,-2.405281875404685,0.004100961145013571
3.8,-2.3071071049800045,0.004100998397916555
3.8,-2.208932334555323,0.0041009411215782166
3.8,-2.110757564130642,0.004100718069821596
3.8,-2.0125827937059615,0.004100925289094448
3.8,-1.9144080232812801,0.004100985825061798
3.8,-1.8162332528565992,0.004100553225725889
3.8,-1.718058482431918,0.00410000653937459
3.8,-1.6198837120072371,0.004098330158740282
3.8,-1.521708941582556,0.004098729230463505
3.8,-1.423534171157875,0.004097446333616972
3.8,-1.325359400733194,0.004100065212696791
3.8,-1.227184630308513,0.004100722726434469
3.8,-1.1290098598838318,0.004100872203707695
3.8,-1.030835089459151,0.004100995138287544
3.8,-0.93266031903447,0.004101038910448551
3.8,-0.8344855486097889,0.004101048223674297
3.8,-0.7363107781851077,0.004101024009287357
3.8,-0.6381360077604266,0.004101180471479893
3.8,-0.5399612373357456,0.004101158119738102
3.8,-0.4417864669110647,0.004101034719496965
3.8,-0.34361169648638357,0.0041007124818861485
3.8,-0.24543692606170264,0.004099968820810318
3.8,-0.14726215563702172,0.0040993960574269295
3.8,-0.04908738521234057,0.004098588600754738
3.8,0.04908738521234057,0.004097301512956619
3.8,0.14726215563702172,0.004100381396710873
3.8,0.24543692606170264,0.004101223777979612
3.8,0.34361169648638357,0.004101455211639404
3.8,0.4417864669110647,0.004101415164768696
3.8,0.5399612373357456,0.0041012996807694435
3.8,0.6381360077604266,0.004101264756172895
3.8,0.7363107781851077,0.004101145081222057
3.8,0.8344855486097886,0.00410100445151329
3.8,0.9326603190344698,0.004101052414625883
3.8,1.030835089459151,0.004100767895579338
3.8,1.1290098598838316,0.004100107122212648
3.8,1.2271846303085128,0.004099543672055006
3.8,1.325359400733194,0.004098818637430668
3.8,1.423534171157875,0.004097432363778353
3.8,1.5217089415825562,0.004097903147339821
3.8,1.619883712007237,0.004097756464034319
3.8,1.718058482431918,0.0040975408628582954
3.8,1.8162332528565992,0.004099282901734114
3.8,1.9144080232812803,0.0041001830250024796
3.8,2.0125827937059615,0.004100341349840164
3.8,2.110757564130642,0.0041003236547112465
3.8,2.2089323345553233,0.0041005657985806465
3.8,2.3071071049800045,0.004100839141756296
3.8,2.405281875404685,0.004100905265659094
3.8,2.5034566458293663,0.004101007245481014
3.8,2.6016314162540475,0.0041007231920957565
3.8,2.699806186678728,0.0041006579995155334
3.8,2.7979809571034093,0.004100666381418705
3.8,2.8961557275280905,0.004100633319467306
3.8,2.9943304979527716,0.004100450314581394
3.8,3.0925052683774528,0.004099139478057623
3.9,-3.0925052683774528,0.004101071506738663
3.9,-2.994330497952771,0.004098846577107906
3.9,-2.8961557275280905,0.004100207705050707
3.9,-2.7979809571034098,0.004102831240743399
3.9,-2.699806186678728,0.004101593047380447
3.9,-2.6016314162540475,0.004100947640836239
3.9,-2.5034566458293668,0.004100572783499956
3.9,-2.405281875404685,0.004100393503904343
3.9,-2.3071071049800045,0.004100351128727198
3.9,-2.208932334555323,0.004100488033145666
3.9,-2.110757564130642,0.0041006323881447315
3.9,-2.0125827937059615,0.004101010039448738
3.9,-1.9144080232812801,0.004101181402802467
3.9,-1.8162332528565992,0.00409973319619894
3.9,-1.718058482431918,0.004096510354429483
3.9,-1.6198837120072371,0.004100128076970577
3.9,-1.521708941582556,0.004099722020328045
3.9,-1.423534171157875,0.004096502438187599
3.9,-1.325359400733194,0.00409872829914093
3.9,-1.227184630308513,0.0041002207435667515
3.9,-1.1290098598838318,0.004100199788808823
3.9,-1.030835089459151,0.00410041818395257
3.9,-0.93266031903447,0.004100515507161617
3.9,-0.8344855486097889,0.004100657068192959
3.9,-0.7363107781851077,0.004100598860532045
3.9,-0.6381360077604266,0.004100514575839043
3.9,-0.5399612373357456,0.004100421443581581
3.9,-0.4417864669110647,0.00410048570483923
3.9,-0.34361169648638357,0.004100601654499769
3.9,-0.24543692606170264,0.0040999893099069595
3.9,-0.14726215563702172,0.00409963121637702
3.9,-0.04908738521234057,0.004099610261619091
3.9,0.04908738521234057,0.004099266137927771
3.9,0.14726215563702172,0.0041007730178534985
3.9,0.24543692606170264,0.004101676866412163
3.9,0.34361169648638357,0.004100603982806206
3.9,0.4417864669110647,0.004100523889064789
3.9,0.5399612373357456,0.004100523889064789
3.9,0.6381360077604266,0.004100803751498461
3.9,0.7363107781851077,0.004100939258933067
3.9,0.8344855486097886,0.004100768826901913
3.9,0.9326603190344698,0.00410085404291749
3.9,1.030835089459151,0.00410101655870676
3.9,1.1290098598838316,0.004101281985640526
3.9,1.2271846303085128,0.004101084545254707
3.9,1.325359400733194,0.004099251236766577
3.9,1.423534171157875,0.004096205346286297
3.9,1.5217089415825562,0.004099882207810879
3.9,1.619883712007237,0.004099653568118811
3.9,1.718058482431918,0.004096497781574726
3.9,1.8162332528565992,0.004099185112863779
3.9,1.9144080232812803,0.0041007231920957565
3.9,2.0125827937059615,0.004100790712982416
3.9,2.110757564130642,0.004100693389773369
3.9,2.2089323345553233,0.004100790247321129
3.9,2.3071071049800045,0.004100888967514038
3.9,2.405281875404685,0.004100859630852938
3.9,2.5034566458293663,0.004100787453353405
3.9,2.6016314162540475,0.00410083681344986
3.9,2.699806186678728,0.004101374186575413
3.9,2.7979809571034093,0.00410241587087512
3.9,2.8961557275280905,0.004100187215954065
3.9,2.9943304979527716,0.0040991343557834625
3.9,3.0925052683774528,0.0041005369275808334
4.0,-3.0925052683774528,0.004099294077605009
4.0,-2.994330497952771,0.004099588375538588
4.0,-2.8961557275280905,0.004099990241229534
4.0,-2.7979809571034098,0.004100550431758165
4.0,-2.699806186678728,0.004100440070033073
4.0,-2.6016314162540475,0.004100015386939049
4.0,-2.5034566458293668,0.004099591635167599
4.0,-2.405281875404685,0.004099892918020487
4.0,-2.3071071049800045,0.004099984187632799
4.0,-2.208932334555323,0.0040998803451657295
4.0,-2.110757564130642,0.004100094549357891
4.0,-2.0125827937059615,0.004100946243852377
4.0,-1.9144080232812801,0.0041023432277143
4.0,-1.8162332528565992,0.00410085916519165
4.0,-1.718058482431918,0.004099808167666197
4.0,-1.6198837120072371,0.004099143203347921
4.0,-1.521708941582556,0.004099016077816486
4.0,-1.423534171157875,0.004099543672055006
4.0,-1.325359400733194,0.004100038670003414
4.0,-1.227184630308513,0.004100586753338575
4.0,-1.1290098598838318,0.0041010743007063866
4.0,-1.030835089459151,0.004101120866835117
4.0,-0.93266031903447,0.00410078652203083
4.0,-0.8344855486097889,0.004100719001144171
4.0,-0.7363107781851077,0.004100125283002853
4.0,-0.6381360077604266,0.004099629819393158
4.0,-0.5399612373357456,0.00409990968182683
4.0,-0.4417864669110647,0.004100143909454346
4.0,-0.34361169648638357,0.004099984187632799
4.0,-0.24543692606170264,0.004099760204553604
4.0,-0.14726215563702172,0.004098646342754364
4.0,-0.04908738521234057,0.004098526667803526
4.0,0.04908738521234057,0.004098971839994192
4.0,0.14726215563702172,0.0040996503084897995
4.0,0.24543692606170264,0.004100356251001358
4.0,0.34361169648638357,0.0040999227203428745
4.0,0.4417864669110647,0.004100007936358452
4.0,0.5399612373357456,0.004100214224308729
4.0,0.6381360077604266,0.0041003720834851265
4.0,0.7363107781851077,0.004100737161934376
4.0,0.8344855486097886,0.004100818652659655
4.0,0.9326603190344698,0.004100341349840164
4.0,1.030835089459151,0.004100079648196697
4.0,1.1290098598838316,0.004100583493709564
4.0,1.2271846303085128,0.004100849851965904
4.0,1.325359400733194,0.004099925048649311
4.0,1.423534171157875,0.0040992675349116325
4.0,1.5217089415825562,0.004098806995898485
4.0,1.619883712007237,0.004099225625395775
4.0,1.718058482431918,0.0040994687005877495
4.0,1.8162332528565992,0.004100215155631304
4.0,1.9144080232812803,0.004100708290934563
4.0,2.0125827937059615,0.004101011902093887
4.0,2.110757564130642,0.0041007427498698235
4.0,2.2089323345553233,0.004100150428712368
4.0,2.3071071049800045,0.004100303631275892
4.0,2.405281875404685,0.0041001299396157265
4.0,2.5034566458293663,0.004099839832633734
4.0,2.6016314162540475,0.004099797923117876
4.0,2.699806186678728,0.004100673831999302
4.0,2.7979809571034093,0.004101981408894062
4.0,2.8961557275280905,0.0041002025827765465
4.0,2.9943304979527716,0.004099654965102673
4.0,3.0925052683774528,0.004099359270185232
4.1,-3.0925052683774528,0.004099614452570677
4.1,-2.994330497952771,0.004099512472748756
4.1,-2.8961557275280905,0.00409982493147254
4.1,-2.7979809571034098,0.004100241232663393
4.1,-2.699806186678728,0.00410060491412878
4.1,-2.6016314162540475,0.004100789315998554
4.1,-2.5034566458293668,0.004100857302546501
4.1,-2.405281875404685,0.004101072438061237
4.1,-2.3071071049800045,0.00410107709467411
4.1,-2.208932334555323,0.0041008442640304565
4.1,-2.110757564130642,0.004100579768419266
4.1,-2.0125827937059615,0.004100082907825708
4.1,-1.9144080232812801,0.004099573008716106
4.1,-1.8162332528565992,0.004099064040929079
4.1,-1.718058482431918,0.0040990738198161125
4.1,-1.6198837120072371,0.004098985344171524
4.1,-1.521708941582556,0.004098803270608187
4.1,-1.423534171157875,0.004098746459931135
4.1,-1.325359400733194,0.00409936998039484
4.1,-1.227184630308513,0.0041001541540026665
4.1,-1.1290098598838318,0.004100636579096317
4.1,-1.030835089459151,0.004100922495126724
4.1,-0.93266031903447,0.004100902006030083
4.1,-0.8344855486097889,0.004100949503481388
4.1,-0.7363107781851077,0.004100842401385307
4.1,-0.6381360077604266,0.004100381396710873
4.1,-0.5399612373357456,0.004100013989955187
4.1,-0.4417864669110647,0.00409967266023159
4.1,-0.34361169648638357,0.004099428653717041
4.1,-0.24543692606170264,0.004098713863641024
4.1,-0.14726215563702172,0.004098184872418642
4.1,-0.04908738521234057,0.004098304081708193
4.1,0.04908738521234057,0.0040991827845573425
4.1,0.14726215563702172,0.004099864512681961
4.1,0.24543692606170264,0.004100106190890074
4.1,0.34361169648638357,0.004100091755390167
4.1,0.4417864669110647,0.0040999664925038815
4.1,0.5399612373357456,0.004100264515727758
4.1,0.6381360077604266,0.00410038698464632
4.1,0.7363107781851077,0.0041005234234035015
4.1,0.8344855486097886,0.004100528080016375
4.1,0.9326603190344698,0.004100334830582142
4.1,1.030835089459151,0.004100389778614044
4.1,1.1290098598838316,0.004100074991583824
4.1,1.2271846303085128,0.004099544137716293
4.1,1.325359400733194,0.004099039360880852
4.1,1.423534171157875,0.004098573699593544
4.1,1.5217089415825562,0.004098634701222181
4.1,1.619883712007237,0.004099059384316206
4.1,1.718058482431918,0.0040995473973453045
4.1,1.8162332528565992,0.004099947400391102
4.1,1.9144080232812803,0.004100758582353592
4.1,2.0125827937059615,0.004100923426449299
4.1,2.110757564130642,0.0041009304113686085
4.1,2.2089323345553233,0.004100705962628126
4.1,2.3071071049800045,0.004100760444998741
4.1,2.405281875404685,0.0041007837280631065
4.1,2.5034566458293663,0.00410073297098279
4.1,2.6016314162540475,0.00410090759396553
4.1,2.699806186678728,0.004100973717868328
4.1,2.7979809571034093,0.004100978374481201
4.1,2.8961557275280905,0.004100551828742027
4.1,2.9943304979527716,0.004100116901099682
4.1,3.0925052683774528,0.004100002348423004
4.2,-3.0925052683774528,0.004100335296243429
4.2,-2.994330497952771,0.004101956263184547
4.2,-2.8961557275280905,0.004101790953427553
4.2,-2.7979809571034098,0.004100846126675606
4.2,-2.699806186678728,0.0041005564853549
4.2,-2.6016314162540475,0.004100918769836426
4.2,-2.5034566458293668,0.004101140424609184
4.2,-2.405281875404685,0.004101045895367861
4.2,-2.3071071049800045,0.0041010258719325066
4.2,-2.208932334555323,0.004101023077964783
4.2,-2.110757564130642,0.004100864753127098
4.2,-2.0125827937059615,0.0041010091081261635
4.2,-1.9144080232812801,0.004100351128727198
4.2,-1.8162332528565992,0.00409999443218112
4.2,-1.718058482431918,0.004099416546523571
4.2,-1.6198837120072371,0.004099419340491295
4.2,-1.521708941582556,0.004099634010344744
4.2,-1.423534171157875,0.004099350422620773
4.2,-1.325359400733194,0.004099762067198753
4.2,-1.227184630308513,0.004100291058421135
4.2,-1.1290098598838318,0.004100507125258446
4.2,-1.030835089459151,0.004100285470485687
4.2,-0.93266031903447,0.004100588150322437
4.2,-0.8344855486097889,0.004100653808563948
4.2,-0.7363107781851077,0.004100731573998928
4.2,-0.6381360077604266,0.00410084705799818
4.2,-0.5399612373357456,0.0041006188839674
4.2,-0.4417864669110647,0.004100548103451729
4.2,-0.34361169648638357,0.0041003143414855
4.2,-0.24543692606170264,0.004099829122424126
4.2,-0.14726215563702172,0.00409848103299737
4.2,-0.04908738521234057,0.00409866264089942
4.2,0.04908738521234057,0.004100598860532045
4.2,0.14726215563702172,0.004099873825907707
4.2,0.24543692606170264,0.004100308753550053
4.2,0.34361169648638357,0.004101659636944532
4.2,0.4417864669110647,0.004101128317415714
4.2,0.5399612373357456,0.004100427031517029
4.2,0.6381360077604266,0.00410052202641964
4.2,0.7363107781851077,0.0041006989777088165
4.2,0.8344855486097886,0.004100687336176634
4.2,0.9326603190344698,0.004100450314581394
4.2,1.030835089459151,0.004100307822227478
4.2,1.1290098598838316,0.004100412130355835
4.2,1.2271846303085128,0.004100190941244364
4.2,1.325359400733194,0.004099424462765455
4.2,1.423534171157875,0.0040985578671097755
4.2,1.5217089415825562,0.004098682664334774
4.2,1.619883712007237,0.0040986682288348675
4.2,1.718058482431918,0.004098302219063044
4.2,1.8162332528565992,0.00409923680126667
4.2,1.9144080232812803,0.004100151360034943
4.2,2.0125827937059615,0.004100042395293713
4.2,2.110757564130642,0.004100058693438768
4.2,2.2089323345553233,0.004100354388356209
4.2,2.3071071049800045,0.004100694786757231
4.2,2.405281875404685,0.004100726917386055
4.2,2.5034566458293663,0.004100108053535223
4.2,2.6016314162540475,0.004100486170500517
4.2,2.699806186678728,0.004101085942238569
4.2,2.7979809571034093,0.004101745784282684
4.2,2.8961557275280905,0.0041011180728673935
4.2,2.9943304979527716,0.004100027959793806
4.2,3.0925052683774528,0.004100333899259567
4.3,-3.0925052683774528,0.004100072663277388
4.3,-2.994330497952771,0.004103266168385744
4.3,-2.8961557275280905,0.004101406782865524
4.3,-2.7979809571034098,0.004099932033568621
4.3,-2.699806186678728,0.004099850542843342
4.3,-2.6016314162540475,0.004099324345588684
4.3,-2.5034566458293668,0.004099785815924406
4.3,-2.405281875404685,0.004100013989955187
4.3,-2.3071071049800045,0.004100126214325428
4.3,-2.208932334555323,0.004099912941455841
4.3,-2.110757564130642,0.004099246114492416
4.3,-2.0125827937059615,0.00409913994371891
4.3,-1.9144080232812801,0.004098610952496529
4.3,-1.8162332528565992,0.004099883604794741
4.3,-1.718058482431918,0.004100032616406679
4.3,-1.6198837120072371,0.004099440295249224
4.3,-1.521708941582556,0.004099531564861536
4.3,-1.423534171157875,0.004097938071936369
4.3,-1.325359400733194,0.004099970683455467
4.3,-1.227184630308513,0.004099629819393158
4.3,-1.1290098598838318,0.004100005608052015
4.3,-1.030835089459151,0.004099985584616661
4.3,-0.93266031903447,0.004100259859114885
4.3,-0.8344855486097889,0.0041007306426763535
4.3,-0.7363107781851077,0.004100659862160683
4.3,-0.6381360077604266,0.004100068472325802
4.3,-0.5399612373357456,0.004100114572793245
4.3,-0.4417864669110647,0.00410073809325695
4.3,-0.34361169648638357,0.004099946469068527
4.3,-0.24543692606170264,0.0041008940897881985
4.3,-0.14726215563702172,0.0041015613824129105
4.3,-0.04908738521234057,0.004100497346371412
4.3,0.04908738521234057,0.004100552294403315
4.3,0.14726215563702172,0.00410943478345871
4.3,0.24543692606170264,0.0041036284528672695
4.3,0.34361169648638357,0.004100250545889139
4.3,0.4417864669110647,0.004100644960999489
4.3,0.5399612373357456,0.004100118763744831
4.3,0.6381360077604266,0.004100196994841099
4.3,0.7363107781851077,0.004099869169294834
4.3,0.8344855486097886,0.004099598620086908
4.3,0.9326603190344698,0.00409948593005538
4.3,1.030835089459151,0.004099417943507433
4.3,1.1290098598838316,0.004099465906620026
4.3,1.2271846303085128,0.0040984502993524075
4.3,1.325359400733194,0.004099436104297638
4.3,1.423534171157875,0.004099504556506872
4.3,1.5217089415825562,0.004099072888493538
4.3,1.619883712007237,0.004098787438124418
4.3,1.718058482431918,0.004102157428860664
4.3,1.8162332528565992,0.004100125748664141
4.3,1.9144080232812803,0.004097665660083294
4.3,2.0125827937059615,0.004098840989172459
4.3,2.110757564130642,0.004099506884813309
4.3,2.2089323345553233,0.004100113641470671
4.3,2.3071071049800045,0.004100375343114138
4.3,2.405281875404685,0.0041003962978720665
4.3,2.5034566458293663,0.004100066144019365
4.3,2.6016314162540475,0.004099908750504255
4.3,2.699806186678728,0.0041000721976161
4.3,2.7979809571034093,0.004099847283214331
4.3,2.8961557275280905,0.004100315272808075
4.3,2.9943304979527716,0.004099559038877487
4.3,3.0925052683774528,0.00410102866590023
4.4,-3.0925052683774528,0.004099181387573481
4.4,-2.994330497952771,0.004099834244698286
4.4,-2.8961557275280905,0.004100509453564882
4.4,-2.7979809571034098,0.00410109106451273
4.4,-2.699806186678728,0.004100892227143049
4.4,-2.6016314162540475,0.004100169986486435
4.4,-2.5034566458293668,0.004100647754967213
4.4,-2.405281875404685,0.0041008382104337215
4.4,-2.3071071049800045,0.0041007110849022865
4.4,-2.208932334555323,0.004100142978131771
4.4,-2.110757564130642,0.004099700599908829
4.4,-2.0125827937059615,0.004099670797586441
4.4,-1.9144080232812801,0.004099609330296516
4.4,-1.8162332528565992,0.0040998621843755245
4.4,-1.718058482431918,0.004099175333976746
4.4,-1.6198837120072371,0.004098230507224798
4.4,-1.521708941582556,0.004098107106983662
4.4,-1.423534171157875,0.0040997969917953014
4.4,-1.325359400733194,0.004100009799003601
4.4,-1.227184630308513,0.004099949263036251
4.4,-1.1290098598838318,0.004100003745406866
4.4,-1.030835089459151,0.004100006073713303
4.4,-0.93266031903447,0.004100745543837547
4.4,-0.8344855486097889,0.004100963938981295
4.4,-0.7363107781851077,0.0041008866392076015
4.4,-0.6381360077604266,0.004100754391402006
4.4,-0.5399612373357456,0.004099986981600523
4.4,-0.4417864669110647,0.004099938552826643
4.4,-0.34361169648638357,0.004099708516150713
4.4,-0.24543692606170264,0.00409958278760314
4.4,-0.14726215563702172,0.004099643789231777
4.4,-0.04908738521234057,0.004099702928215265
4.4,0.04908738521234057,0.004098569042980671
4.4,0.14726215563702172,0.00410092156380415
4.4,0.24543692606170264,0.004100176505744457
4.4,0.34361169648638357,0.004099562764167786
4.4,0.4417864669110647,0.004100073128938675
4.4,0.5399612373357456,0.004100499674677849
4.4,0.6381360077604266,0.004101258236914873
4.4,0.7363107781851077,0.004101488273590803
4.4,0.8344855486097886,0.004101302474737167
4.4,0.9326603190344698,0.004100838676095009
4.4,1.030835089459151,0.004100056830793619
4.4,1.1290098598838316,0.004100348800420761
4.4,1.2271846303085128,0.004100790247321129
4.4,1.325359400733194,0.004100142978131771
4.4,1.423534171157875,0.004098618868738413
4.4,1.5217089415825562,0.004098930396139622
4.4,1.619883712007237,0.0040986728854477406
4.4,1.718058482431918,0.004099786281585693
4.4,1.8162332528565992,0.004100050311535597
4.4,1.9144080232812803,0.004100542515516281
4.4,2.0125827937059615,0.004100091755390167
4.4,2.110757564130642,0.0040999772027134895
4.4,2.2089323345553233,0.004100547172129154
4.4,2.3071071049800045,0.004101230762898922
4.4,2.405281875404685,0.004101217724382877
4.4,2.5034566458293663,0.0041010575369000435
4.4,2.6016314162540475,0.004100793041288853
4.4,2.699806186678728,0.004100918769836426
4.4,2.7979809571034093,0.004101152997463942
4.4,2.8961557275280905,0.004100738558918238
4.4,2.9943304979527716,0.004100322723388672
4.4,3.0925052683774528,0.0040989825502038
4.5,-3.0925052683774528,0.004099342972040176
4.5,-2.994330497952771,0.004099956713616848
4.5,-2.8961557275280905,0.004100495483726263
4.5,-2.7979809571034098,0.004101536702364683
4.5,-2.699806186678728,0.004101697355508804
4.5,-2.6016314162540475,0.004101792350411415
4.5,-2.5034566458293668,0.004101810976862907
4.5,-2.405281875404685,0.004101378843188286
4.5,-2.3071071049800045,0.004101034253835678
4.5,-2.208932334555323,0.004100886173546314
4.5,-2.110757564130642,0.0041004265658557415
4.5,-2.0125827937059615,0.004100055433809757
4.5,-1.9144080232812801,0.004099776037037373
4.5,-1.8162332528565992,0.00409952737390995
4.5,-1.718058482431918,0.00409860210493207
4.5,-1.6198837120072371,0.004098639823496342
4.5,-1.521708941582556,0.00409908639267087
4.5,-1.423534171157875,0.004099853802472353
4.5,-1.325359400733194,0.00410003587603569
4.5,-1.227184630308513,0.004099756479263306
4.5,-1.1290098598838318,0.0040999953635036945
4.5,-1.030835089459151,0.004099981859326363
4.5,-0.93266031903447,0.004100453108549118
4.5,-0.8344855486097889,0.0041008139960467815
4.5,-0.7363107781851077,0.004100875463336706
4.5,-0.6381360077604266,0.004100967198610306
4.5,-0.5399612373357456,0.004100732505321503
4.5,-0.4417864669110647,0.004100583493709564
4.5,-0.34361169648638357,0.004100083373486996
4.5,-0.24543692606170264,0.004099853336811066
4.5,-0.14726215563702172,0.004099673125892878
4.5,-0.04908738521234057,0.004098635632544756
4.5,0.04908738521234057,0.004097673110663891
4.5,0.14726215563702172,0.004098851699382067
4.5,0.24543692606170264,0.004100257996469736
4.5,0.34361169648638357,0.0041013131849467754
4.5,0.4417864669110647,0.004101359751075506
4.5,0.5399612373357456,0.004101229831576347
4.5,0.6381360077604266,0.004101264290511608
4.5,0.7363107781851077,0.0041010682471096516
4.5,0.8344855486097886,0.00410106685012579
4.5,0.9326603190344698,0.004101149272173643
4.5,1.030835089459151,0.004101197235286236
4.5,1.1290098598838316,0.004101034719496965
4.5,1.2271846303085128,0.004100261256098747
4.5,1.325359400733194,0.00409949803724885
4.5,1.423534171157875,0.004098597913980484
4.5,1.5217089415825562,0.004098454490303993
4.5,1.619883712007237,0.004097953904420137
4.5,1.718058482431918,0.004098699893802404
4.5,1.8162332528565992,0.00409992691129446
4.5,1.9144080232812803,0.004100377671420574
4.5,2.0125827937059615,0.004100731573998928
4.5,2.110757564130642,0.004101076163351536
4.5,2.2089323345553233,0.0041014025919139385
4.5,2.3071071049800045,0.004101153928786516
4.5,2.405281875404685,0.004101117141544819
4.5,2.5034566458293663,0.0041011907160282135
4.5,2.6016314162540475,0.004101188853383064
4.5,2.699806186678728,0.004101259633898735
4.5,2.7979809571034093,0.00410112040117383
4.5,2.8961557275280905,0.004100088030099869
4.5,2.9943304979527716,0.004099642857909203
4.5,3.0925052683774528,0.004098792560398579
4.6,-3.0925052683774528,0.004100220277905464
4.6,-2.994330497952771,0.004100704099982977
4.6,-2.8961557275280905,0.004101250786334276
4.6,-2.7979809571034098,0.004102352540940046
4.6,-2.699806186678728,0.004101980477571487
4.6,-2.6016314162540475,0.004101546481251717
4.6,-2.5034566458293668,0.004101298283785582
4.6,-2.405281875404685,0.004100856836885214
4.6,-2.3071071049800045,0.004100806545466185
4.6,-2.208932334555323,0.004100847523659468
4.6,-2.110757564130642,0.00410067243501544
4.6,-2.0125827937059615,0.0041010575369000435
4.6,-1.9144080232812801,0.00410157535225153
4.6,-1.8162332528565992,0.004100569058209658
4.6,-1.718058482431918,0.004100027959793806
4.6,-1.6198837120072371,0.004099432844668627
4.6,-1.521708941582556,0.004098698031157255
4.6,-1.423534171157875,0.004099814221262932
4.6,-1.325359400733194,0.004099682904779911
4.6,-1.227184630308513,0.004100057762116194
4.6,-1.1290098598838318,0.004100013989955187
4.6,-1.030835089459151,0.0041000270284712315
4.6,-0.93266031903447,0.004100444260984659
4.6,-0.8344855486097889,0.004100618418306112
4.6,-0.7363107781851077,0.004100899212062359
4.6,-0.6381360077604266,0.004101690836250782
4.6,-0.5399612373357456,0.004102268256247044
4.6,-0.4417864669110647,0.004102818202227354
4.6,-0.34361169648638357,0.004103000741451979
4.6,-0.24543692606170264,0.004101605154573917
4.6,-0.14726215563702172,0.004100454039871693
4.6,-0.04908738521234057,0.004099609330296516
4.6,0.04908738521234057,0.0040999785996973515
4.6,0.14726215563702172,0.004099691286683083
4.6,0.24543692606170264,0.004101162310689688
4.6,0.34361169648638357,0.004101383499801159
4.6,0.4417864669110647,0.004101707600057125
4.6,0.5399612373357456,0.004101467318832874
4.6,0.6381360077604266,0.004101230762898922
4.6,0.7363107781851077,0.00410081772133708
4.6,0.8344855486097886,0.004100566729903221
4.6,0.9326603190344698,0.004100294318050146
4.6,1.030835089459151,0.004100299905985594
4.6,1.1290098598838316,0.004100462421774864
4.6,1.2271846303085128,0.004099842626601458
4.6,1.325359400733194,0.004099891055375338
4.6,1.423534171157875,0.004099906422197819
4.6,1.5217089415825562,0.004097441211342812
4.6,1.619883712007237,0.004097823519259691
4.6,1.718058482431918,0.004098441917449236
4.6,1.8162332528565992,0.00409986637532711
4.6,1.9144080232812803,0.004101477097719908
4.6,2.0125827937059615,0.00410129688680172
4.6,2.110757564130642,0.004101037047803402
4.6,2.2089323345553233,0.004101068712770939
4.6,2.3071071049800045,0.004101079422980547
4.6,2.405281875404685,0.004101216327399015
4.6,2.5034566458293663,0.00410101842135191
4.6,2.6016314162540475,0.0041006579995155334
4.6,2.699806186678728,0.004100434016436338
4.6,2.7979809571034093,0.0040999832563102245
4.6,2.8961557275280905,0.0041006868705153465
4.6,2.9943304979527716,0.004100278951227665
4.6,3.0925052683774528,0.004099987912923098
4.7,-3.0925052683774528,0.0040998575277626514
4.7,-2.994330497952771,0.004100228659808636
4.7,-2.8961557275280905,0.0041000815108418465
4.7,-2.7979809571034098,0.004099555313587189
4.7,-2.699806186678728,0.004100047517567873
4.7,-2.6016314162540475,0.004100151360034943
4.7,-2.5034566458293668,0.004100360907614231
4.7,-2.405281875404685,0.0041002328507602215
4.7,-2.3071071049800045,0.004100105259567499
4.7,-2.208932334555323,0.0041002011857926846
4.7,-2.110757564130642,0.004099914338439703
4.7,-2.0125827937059615,0.0040995413437485695
4.7,-1.9144080232812801,0.004098661709576845
4.7,-1.8162332528565992,0.0040997848846018314
4.7,-1.718058482431918,0.004099680110812187
4.7,-1.6198837120072371,0.0040987227112054825
4.7,-1.521708941582556,0.004098854027688503
4.7,-1.423534171157875,0.004100458696484566
4.7,-1.325359400733194,0.004099736455827951
4.7,-1.227184630308513,0.00410012062638998
4.7,-1.1290098598838318,0.0041002919897437096
4.7,-1.030835089459151,0.004100385122001171
4.7,-0.93266031903447,0.004100784659385681
4.7,-0.8344855486097889,0.0041006943210959435
4.7,-0.7363107781851077,0.004100601654499769
4.7,-0.6381360077604266,0.0041000377386808395
4.7,-0.5399612373357456,0.004099844954907894
4.7,-0.4417864669110647,0.0041000330820679665
4.7,-0.34361169648638357,0.004099751356989145
4.7,-0.24543692606170264,0.004100697580724955
4.7,-0.14726215563702172,0.0041006458923220634
4.7,-0.04908738521234057,0.004098912701010704
4.7,0.04908738521234057,0.004098472185432911
4.7,0.14726215563702172,0.0041004568338394165
4.7,0.24543692606170264,0.004100694786757231
4.7,0.34361169648638357,0.0041021304205060005
4.7,0.4417864669110647,0.004101449623703957
4.7,0.5399612373357456,0.00410053413361311
4.7,0.6381360077604266,0.004100498743355274
4.7,0.7363107781851077,0.0041005113162100315
4.7,0.8344855486097886,0.00410058256238699
4.7,0.9326603190344698,0.004100930877029896
4.7,1.030835089459151,0.004100884776562452
4.7,1.1290098598838316,0.004100586287677288
4.7,1.2271846303085128,0.004099877551198006
4.7,1.325359400733194,0.004100159276276827
4.7,1.423534171157875,0.004099233075976372
4.7,1.5217089415825562,0.004098754841834307
4.7,1.619883712007237,0.004098644480109215
4.7,1.718058482431918,0.004099174868315458
4.7,1.8162332528565992,0.004099584650248289
4.7,1.9144080232812803,0.0040984018705785275
4.7,2.0125827937059615,0.004099754150956869
4.7,2.110757564130642,0.004100111313164234
4.7,2.2089323345553233,0.0041007837280631065
4.7,2.3071071049800045,0.004100670572370291
4.7,2.405281875404685,0.004100493621081114
4.7,2.5034566458293663,0.004100029822438955
4.7,2.6016314162540475,0.004099868703633547
4.7,2.699806186678728,0.004099731799215078
4.7,2.7979809571034093,0.004099388141185045
4.7,2.8961557275280905,0.0041016400791704655
4.7,2.9943304979527716,0.004103872459381819
4.7,3.0925052683774528,0.004100441001355648
4.8,-3.0925052683774528,0.004099204670637846
4.8,-2.994330497952771,0.004099922254681587
4.8,-2.8961557275280905,0.004099482670426369
4.8,-2.7979809571034098,0.004099312704056501
4.8,-2.699806186678728,0.004099952522665262
4.8,-2.6016314162540475,0.004099960904568434
4.8,-2.5034566458293668,0.004100288264453411
4.8,-2.405281875404685,0.004100288730114698
4.8,-2.3071071049800045,0.004100190941244364
4.8,-2.208932334555323,0.0041001602075994015
4.8,-2.110757564130642,0.004099731799215078
4.8,-2.0125827937059615,0.0040999893099069595
4.8,-1.9144080232812801,0.00409961212426424
4.8,-1.8162332528565992,0.004100273363292217
4.8,-1.718058482431918,0.004101317375898361
4.8,-1.6198837120072371,0.004100225865840912
4.8,-1.521708941582556,0.004100063815712929
4.8,-1.423534171157875,0.004101877566426992
4.8,-1.325359400733194,0.004100600723177195
4.8,-1.227184630308513,0.0040997653268277645
4.8,-1.1290098598838318,0.004100017715245485
4.8,-1.030835089459151,0.004099873825907707
4.8,-0.93266031903447,0.004100564867258072
4.8,-0.8344855486097889,0.004100541118532419
4.8,-0.7363107781851077,0.0041005597449839115
4.8,-0.6381360077604266,0.00410036277025938
4.8,-0.5399612373357456,0.004099647980183363
4.8,-0.4417864669110647,0.004099996294826269
4.8,-0.34361169648638357,0.004099397454410791
4.8,-0.24543692606170264,0.004100107122212648
4.8,-0.14726215563702172,0.004100106190890074
4.8,-0.04908738521234057,0.00409947382286191
4.8,0.04908738521234057,0.004098942503333092
4.8,0.14726215563702172,0.004100056365132332
4.8,0.24543692606170264,0.004100008402019739
4.8,0.34361169648638357,0.004099684301763773
4.8,0.4417864669110647,0.004099446814507246
4.8,0.5399612373357456,0.0040987031534314156
4.8,0.6381360077604266,0.004099580459296703
4.8,0.7363107781851077,0.0040998999029397964
4.8,0.8344855486097886,0.004099844489246607
4.8,0.9326603190344698,0.0040998090989887714
4.8,1.030835089459151,0.004099354147911072
4.8,1.1290098598838316,0.004099549725651741
4.8,1.2271846303085128,0.004099886864423752
4.8,1.325359400733194,0.0041001481004059315
4.8,1.423534171157875,0.004100186750292778
4.8,1.5217089415825562,0.004099428188055754
4.8,1.619883712007237,0.004099988844245672
4.8,1.718058482431918,0.004101293161511421
4.8,1.8162332528565992,0.004100145772099495
4.8,1.9144080232812803,0.004099789075553417
4.8,2.0125827937059615,0.004100000485777855
4.8,2.110757564130642,0.0040997532196342945
4.8,2.2089323345553233,0.004100130405277014
4.8,2.3071071049800045,0.004100331570953131
4.8,2.405281875404685,0.0041006701067090034
4.8,2.5034566458293663,0.004100527614355087
4.8,2.6016314162540475,0.004099907353520393
4.8,2.699806186678728,0.004100109450519085
4.8,2.7979809571034093,0.0041001238860189915
4.8,2.8961557275280905,0.004100867081433535
4.8,2.9943304979527716,0.004100475460290909
4.8,3.0925052683774528,0.004098694771528244
4.9,-3.0925052683774528,0.004099538084119558
4.9,-2.994330497952771,0.004100064747035503
4.9,-2.8961557275280905,0.004099982790648937
4.9,-2.7979809571034098,0.004100466147065163
4.9,-2.699806186678728,0.004100687801837921
4.9,-2.6016314162540475,0.004100654274225235
4.9,-2.5034566458293668,0.004100819118320942
4.9,-2.405281875404685,0.004100467078387737
4.9,-2.3071071049800045,0.004100441932678223
4.9,-2.208932334555323,0.004100579768419266
4.9,-2.110757564130642,0.004100881516933441
4.9,-2.0125827937059615,0.004100835882127285
4.9,-1.9144080232812801,0.004100286401808262
4.9,-1.8162332528565992,0.004099592566490173
4.9,-1.718058482431918,0.004099234472960234
4.9,-1.6198837120072371,0.004098669160157442
4.9,-1.521708941582556,0.00409767497330904
4.9,-1.423534171157875,0.004100180231034756
4.9,-1.325359400733194,0.004100180696696043
4.9,-1.227184630308513,0.00409994600340724
4.9,-1.1290098598838318,0.004100246354937553
4.9,-1.030835089459151,0.004100436810404062
4.9,-0.93266031903447,0.00410050991922617
4.9,-0.8344855486097889,0.0041005113162100315
4.9,-0.7363107781851077,0.004100623540580273
4.9,-0.6381360077604266,0.004101038444787264
4.9,-0.5399612373357456,0.004101314581930637
4.9,-0.4417864669110647,0.004101616330444813
4.9,-0.34361169648638357,0.004101741127669811
4.9,-0.24543692606170264,0.004100208170711994
4.9,-0.14726215563702172,0.004098083358258009
4.9,-0.04908738521234057,0.00409980583935976
4.9,0.04908738521234057,0.004099582321941853
4.9,0.14726215563702172,0.004098653793334961
4.9,0.24543692606170264,0.004100227728486061
4.9,0.34361169648638357,0.004101695027202368
4.9,0.4417864669110647,0.004101499915122986
4.9,0.5399612373357456,0.004101301543414593
4.9,0.6381360077604266,0.00410118605941534
4.9,0.7363107781851077,0.004100944846868515
4.9,0.8344855486097886,0.004100754391402006
4.9,0.9326603190344698,0.004100690595805645
4.9,1.030835089459151,0.004100679885596037
4.9,1.1290098598838316,0.00410112040117383
4.9,1.2271846303085128,0.004101708065718412
4.9,1.325359400733194,0.004100808873772621
4.9,1.423534171157875,0.004099782556295395
4.9,1.5217089415825562,0.004100685939192772
4.9,1.619883712007237,0.00409953948110342
4.9,1.718058482431918,0.004100886173546314
4.9,1.8162332528565992,0.0041009304113686085
4.9,1.9144080232812803,0.004099934361875057
4.9,2.0125827937059615,0.004100264050066471
4.9,2.110757564130642,0.0041003478690981865
4.9,2.2089323345553233,0.0041008638218045235
4.9,2.3071071049800045,0.004101017024368048
4.9,2.405281875404685,0.0041009909473359585
4.9,2.5034566458293663,0.004101198632270098
4.9,2.6016314162540475,0.004100874997675419
4.9,2.699806186678728,0.004100762773305178
4.9,2.7979809571034093,0.004100391641259193
4.9,2.8961557275280905,0.0040990374982357025
4.9,2.9943304979527716,0.004097733646631241
4.9,3.0925052683774528,0.004098814446479082
5.0,-3.0925052683774528,0.004098841920495033
5.0,-2.994330497952771,0.004100770223885775
5.0,-2.8961557275280905,0.004100553225725889
5.0,-2.7979809571034098,0.004101072438061237
5.0,-2.699806186678728,0.004101049154996872
5.0,-2.6016314162540475,0.004101142752915621
5.0,-2.5034566458293668,0.004101176746189594
5.0,-2.405281875404685,0.0041010333225131035
5.0,-2.3071071049800045,0.004101269878447056
5.0,-2.208932334555323,0.004101516678929329
5.0,-2.110757564130642,0.004101282451301813
5.0,-2.0125827937059615,0.004100775811821222
5.0,-1.9144080232812801,0.004100277088582516
5.0,-1.8162332528565992,0.004100465215742588
5.0,-1.718058482431918,0.004102147184312344
5.0,-1.6198837120072371,0.0040984549559652805
5.0,-1.521708941582556,0.004099209792912006
5.0,-1.423534171157875,0.004101231228560209
5.0,-1.325359400733194,0.0041009183041751385
5.0,-1.227184630308513,0.004100355785340071
5.0,-1.1290098598838318,0.004100518766790628
5.0,-1.030835089459151,0.004100533202290535
5.0,-0.93266031903447,0.004101069178432226
5.0,-0.8344855486097889,0.004101521801203489
5.0,-0.7363107781851077,0.00410143006592989
5.0,-0.6381360077604266,0.004101340658962727
5.0,-0.5399612373357456,0.004101105034351349
5.0,-0.4417864669110647,0.004100728780031204
5.0,-0.34361169648638357,0.0041003720834851265
5.0,-0.24543692606170264,0.004099430050700903
5.0,-0.14726215563702172,0.00409767497330904
5.0,-0.04908738521234057,0.004098856821656227
5.0,0.04908738521234057,0.004098257981240749
5.0,0.14726215563702172,0.00410124845802784
5.0,0.24543692606170264,0.004100557416677475
5.0,0.34361169648638357,0.004101244267076254
5.0,0.4417864669110647,0.004100929945707321
5.0,0.5399612373357456,0.004100802820175886
5.0,0.6381360077604266,0.004100712016224861
5.0,0.7363107781851077,0.0041007003746926785
5.0,0.8344855486097886,0.0041009061969816685
5.0,0.9326603190344698,0.0041006579995155334
5.0,1.030835089459151,0.004100428894162178
5.0,1.1290098598838316,0.00410055834800005
5.0,1.2271846303085128,0.004100341349840164
5.0,1.325359400733194,0.004099170211702585
5.0,1.423534171157875,0.004096686840057373
5.0,1.5217089415825562,0.004098743200302124
5.0,1.619883712007237,0.0040979846380651
5.0,1.718058482431918,0.004100230988115072
5.0,1.8162332528565992,0.004099654033780098
5.0,1.9144080232812803,0.004099209792912006
5.0,2.0125827937059615,0.004099605605006218
5.0,2.110757564130642,0.004099685698747635
5.0,2.2089323345553233,0.004100081045180559
5.0,2.3071071049800045,0.004100675228983164
5.0,2.405281875404685,0.004100872669368982
5.0,2.5034566458293663,0.004101026803255081
5.0,2.6016314162540475,0.004101174417883158
5.0,2.699806186678728,0.00410119304433465
5.0,2.7979809571034093,0.004101118538528681
5.0,2.8961557275280905,0.004102078266441822
5.0,2.9943304979527716,0.00410271855071187
5.0,3.0925052683774528,0.004098827019333839