time,theta,zeta_wall
0.0,-3.0925052683774528,0.004100000020116568
0.0,-2.994330497952771,0.004100000020116568
0.0,-2.8961557275280905,0.004100000020116568
0.0,-2.7979809571034098,0.004100000020116568
0.0,-2.699806186678728,0.004100000020116568
0.0,-2.6016314162540475,0.004100000020116568
0.0,-2.5034566458293668,0.004100000020116568
0.0,-2.405281875404685,0.004100000020116568
0.0,-2.3071071049800045,0.004100000020116568
0.0,-2.208932334555323,0.004100000020116568
0.0,-2.110757564130642,0.004100000020116568
0.0,-2.0125827937059615,0.004100000020116568
0.0,-1.9144080232812801,0.004100000020116568
0.0,-1.8162332528565992,0.004100000020116568
0.0,-1.718058482431918,0.004100000020116568
0.0,-1.6198837120072371,0.004100000020116568
0.0,-1.521708941582556,0.004100000020116568
0.0,-1.423534171157875,0.004100000020116568
0.0,-1.325359400733194,0.004100000020116568
0.0,-1.227184630308513,0.004100000020116568
0.0,-1.1290098598838318,0.004100000020116568
0.0,-1.030835089459151,0.004100000020116568
0.0,-0.93266031903447,0.004100000020116568
0.0,-0.8344855486097889,0.004100000020116568
0.0,-0.7363107781851077,0.004100000020116568
0.0,-0.6381360077604266,0.004100000020116568
0.0,-0.5399612373357456,0.004100000020116568
0.0,-0.4417864669110647,0.004100000020116568
0.0,-0.34361169648638357,0.004100000020116568
0.0,-0.24543692606170264,0.004100000020116568
0.0,-0.14726215563702172,0.004100000020116568
0.0,-0.04908738521234057,0.004100000020116568
0.0,0.04908738521234057,0.004100000020116568
0.0,0.14726215563702172,0.004100000020116568
0.0,0.24543692606170264,0.004100000020116568
0.0,0.34361169648638357,0.004100000020116568
0.0,0.4417864669110647,0.004100000020116568
0.0,0.5399612373357456,0.004100000020116568
0.0,0.6381360077604266,0.004100000020116568
0.0,0.7363107781851077,0.004100000020116568
0.0,0.8344855486097886,0.004100000020116568
0.0,0.9326603190344698,0.004100000020116568
0.0,1.030835089459151,0.004100000020116568
0.0,1.1290098598838316,0.004100000020116568
0.0,1.2271846303085128,0.004100000020116568
0.0,1.325359400733194,0.004100000020116568
0.0,1.423534171157875,0.004100000020116568
0.0,1.5217089415825562,0.004100000020116568
0.0,1.619883712007237,0.004100000020116568
0.0,1.718058482431918,0.004100000020116568
0.0,1.8162332528565992,0.004100000020116568
0.0,1.9144080232812803,0.004100000020116568
0.0,2.0125827937059615,0.004100000020116568
0.0,2.110757564130642,0.004100000020116568
0.0,2.2089323345553233,0.004100000020116568
0.0,2.3071071049800045,0.004100000020116568
0.0,2.405281875404685,0.004100000020116568
0.0,2.5034566458293663,0.004100000020116568
0.0,2.6016314162540475,0.004100000020116568
0.0,2.699806186678728,0.004100000020116568
0.0,2.7979809571034093,0.004100000020116568
0.0,2.8961557275280905,0.004100000020116568
0.0,2.9943304979527716,0.004100000020116568
0.0,3.0925052683774528,0.004100000020116568
0.1,-3.0925052683774528,0.0044281501322984695
0.1,-2.994330497952771,0.004426489118486643
0.1,-2.8961557275280905,0.004438125062733889
0.1,-2.7979809571034098,0.004425959661602974
0.1,-2.699806186678728,0.0044182888232171535
0.1,-2.6016314162540475,0.004433069843798876
0.1,-2.5034566458293668,0.004431805107742548
0.1,-2.405281875404685,0.004431222565472126
0.1,-2.3071071049800045,0.004430536646395922
0.1,-2.208932334555323,0.004429731983691454
0.1,-2.110757564130642,0.004431357607245445
0.1,-2.0125827937059615,0.004415952600538731
0.1,-1.9144080232812801,0.0044236741960048676
0.1,-1.8162332528565992,0.004433830268681049
0.1,-1.718058482431918,0.00442501250654459
0.1,-1.6198837120072371,0.00442488444969058
0.1,-1.521708941582556,0.004423515871167183
0.1,-1.423534171157875,0.004425722174346447
0.1,-1.325359400733194,0.004434478934854269
0.1,-1.227184630308513,0.004425619728863239
0.1,-1.1290098598838318,0.004419280216097832
0.1,-1.030835089459151,0.004433951806277037
0.1,-0.93266031903447,0.004433483351022005
0.1,-0.8344855486097889,0.004435765091329813
0.1,-0.7363107781851077,0.0044370959512889385
0.1,-0.6381360077604266,0.004437678027898073
0.1,-0.5399612373357456,0.0044394987635314465
0.1,-0.4417864669110647,0.004424254409968853
0.1,-0.34361169648638357,0.004431995563209057
0.1,-0.24543692606170264,0.004445101134479046
0.1,-0.14726215563702172,0.004434529691934586
0.1,-0.04908738521234057,0.004433747380971909
0.1,0.04908738521234057,0.004434671718627214
0.1,0.14726215563702172,0.004434467758983374
0.1,0.24543692606170264,0.004441230557858944
0.1,0.34361169648638357,0.004427688661962748
0.1,0.4417864669110647,0.004417331423610449
0.1,0.5399612373357456,0.004431240726262331
0.1,0.6381360077604266,0.00442878482863307
0.1,0.7363107781851077,0.004428959917277098
0.1,0.8344855486097886,0.004429305903613567
0.1,0.9326603190344698,0.004430728033185005
0.1,1.030835089459151,0.004433814901858568
0.1,1.1290098598838316,0.004420152399688959
0.1,1.2271846303085128,0.0044274949468672276
0.1,1.325359400733194,0.004437888041138649
0.1,1.423534171157875,0.0044314125552773476
0.1,1.5217089415825562,0.004431995563209057
0.1,1.619883712007237,0.004434926901012659
0.1,1.718058482431918,0.00443569291383028
0.1,1.8162332528565992,0.004443703219294548
0.1,1.9144080232812803,0.004432951100170612
0.1,2.0125827937059615,0.004424904938787222
0.1,2.110757564130642,0.004439443349838257
0.1,2.2089323345553233,0.004436894785612822
0.1,2.3071071049800045,0.0044372170232236385
0.1,2.405281875404685,0.004437558818608522
0.1,2.5034566458293663,0.004436792805790901
0.1,2.6016314162540475,0.004438443575054407
0.1,2.699806186678728,0.004424325190484524
0.1,2.7979809571034093,0.004432290326803923
0.1,2.8961557275280905,0.0044438764452934265
0.1,2.9943304979527716,0.004428692627698183
0.1,3.0925052683774528,0.0044292728416621685
0.2,-3.0925052683774528,0.00439832080155611
0.2,-2.994330497952771,0.004398088902235031
0.2,-2.8961557275280905,0.004404726903885603
0.2,-2.7979809571034098,0.004401265177875757
0.2,-2.699806186678728,0.004395497031509876
0.2,-2.6016314162540475,0.004414957948029041
0.2,-2.5034566458293668,0.004412333946675062
0.2,-2.405281875404685,0.004408534150570631
0.2,-2.3071071049800045,0.004409175366163254
0.2,-2.208932334555323,0.00441325455904007
0.2,-2.110757564130642,0.004416055046021938
0.2,-2.0125827937059615,0.004395844880491495
0.2,-1.9144080232812801,0.004402192775160074
0.2,-1.8162332528565992,0.004405143670737743
0.2,-1.718058482431918,0.004398695193231106
0.2,-1.6198837120072371,0.004398682154715061
0.2,-1.521708941582556,0.004397896118462086
0.2,-1.423534171157875,0.004398845136165619
0.2,-1.325359400733194,0.004405266605317593
0.2,-1.227184630308513,0.004399139899760485
0.2,-1.1290098598838318,0.004394647665321827
0.2,-1.030835089459151,0.004411648493260145
0.2,-0.93266031903447,0.004400873091071844
0.2,-0.8344855486097889,0.004396631848067045
0.2,-0.7363107781851077,0.0043964688666164875
0.2,-0.6381360077604266,0.004397757351398468
0.2,-0.5399612373357456,0.0044010477140545845
0.2,-0.4417864669110647,0.004392941948026419
0.2,-0.34361169648638357,0.004395423922687769
0.2,-0.24543692606170264,0.004400966688990593
0.2,-0.14726215563702172,0.004394620656967163
0.2,-0.04908738521234057,0.004393378738313913
0.2,0.04908738521234057,0.004393835086375475
0.2,0.14726215563702172,0.0043936907313764095
0.2,0.24543692606170264,0.00439779506996274
0.2,0.34361169648638357,0.004393810871988535
0.2,0.4417864669110647,0.004389476962387562
0.2,0.5399612373357456,0.004395820200443268
0.2,0.6381360077604266,0.004394260235130787
0.2,0.7363107781851077,0.004390392918139696
0.2,0.8344855486097886,0.004390508867800236
0.2,0.9326603190344698,0.004394578281790018
0.2,1.030835089459151,0.0043962025083601475
0.2,1.1290098598838316,0.004389600828289986
0.2,1.2271846303085128,0.004393089096993208
0.2,1.325359400733194,0.004396604374051094
0.2,1.423534171157875,0.00439079012721777
0.2,1.5217089415825562,0.004384249448776245
0.2,1.619883712007237,0.004384729545563459
0.2,1.718058482431918,0.004388756118714809
0.2,1.8162332528565992,0.0043946062214672565
0.2,1.9144080232812803,0.004386269953101873
0.2,2.0125827937059615,0.0043799737468361855
0.2,2.110757564130642,0.004395044408738613
0.2,2.2089323345553233,0.004394408781081438
0.2,2.3071071049800045,0.00439345370978117
0.2,2.405281875404685,0.00439409539103508
0.2,2.5034566458293663,0.004396688658744097
0.2,2.6016314162540475,0.004401512444019318
0.2,2.699806186678728,0.004394068848341703
0.2,2.7979809571034093,0.004399552009999752
0.2,2.8961557275280905,0.004406786058098078
0.2,2.9943304979527716,0.00439775176346302
0.2,3.0925052683774528,0.004398671444505453
0.3,-3.0925052683774528,0.0043939147144556046
0.3,-2.994330497952771,0.004393850453197956
0.3,-2.8961557275280905,0.004400544799864292
0.3,-2.7979809571034098,0.0043961238116025925
0.3,-2.699806186678728,0.004394877701997757
0.3,-2.6016314162540475,0.0044159782119095325
0.3,-2.5034566458293668,0.004415637347847223
0.3,-2.405281875404685,0.0044138445518910885
0.3,-2.3071071049800045,0.0044149006716907024
0.3,-2.208932334555323,0.004417801275849342
0.3,-2.110757564130642,0.0044190045446157455
0.3,-2.0125827937059615,0.004396054428070784
0.3,-1.9144080232812801,0.0043989140540361404
0.3,-1.8162332528565992,0.004411288537085056
0.3,-1.718058482431918,0.0043964688666164875
0.3,-1.6198837120072371,0.004395136144012213
0.3,-1.521708941582556,0.0043937163427472115
0.3,-1.423534171157875,0.0043945275247097015
0.3,-1.325359400733194,0.004397720098495483
0.3,-1.227184630308513,0.0043947817757725716
0.3,-1.1290098598838318,0.004392670001834631
0.3,-1.030835089459151,0.004401068203151226
0.3,-0.93266031903447,0.004397850949317217
0.3,-0.8344855486097889,0.0043964083306491375
0.3,-0.7363107781851077,0.004395769443362951
0.3,-0.6381360077604266,0.004395775496959686
0.3,-0.5399612373357456,0.004395925905555487
0.3,-0.4417864669110647,0.004378940910100937
0.3,-0.34361169648638357,0.004380900412797928
0.3,-0.24543692606170264,0.00438561849296093
0.3,-0.14726215563702172,0.004379338584840298
0.3,-0.04908738521234057,0.0043760500848293304
0.3,0.04908738521234057,0.004379144869744778
0.3,0.14726215563702172,0.004382099956274033
0.3,0.24543692606170264,0.004390902817249298
0.3,0.34361169648638357,0.004391075577586889
0.3,0.4417864669110647,0.004386726766824722
0.3,0.5399612373357456,0.004398245830088854
0.3,0.6381360077604266,0.004398358520120382
0.3,0.7363107781851077,0.0043983254581689835
0.3,0.8344855486097886,0.004409489221870899
0.3,0.9326603190344698,0.004414628725498915
0.3,1.030835089459151,0.004416204988956451
0.3,1.1290098598838316,0.004395761992782354
0.3,1.2271846303085128,0.004401894751936197
0.3,1.325359400733194,0.004405495710670948
0.3,1.423534171157875,0.004398231394588947
0.3,1.5217089415825562,0.0043965717777609825
0.3,1.619883712007237,0.004398292396217585
0.3,1.718058482431918,0.0043984996154904366
0.3,1.8162332528565992,0.0044040679931640625
0.3,1.9144080232812803,0.004401995334774256
0.3,2.0125827937059615,0.004396283067762852
0.3,2.110757564130642,0.004419912118464708
0.3,2.2089323345553233,0.0044185989536345005
0.3,2.3071071049800045,0.004415858071297407
0.3,2.405281875404685,0.0044149309396743774
0.3,2.5034566458293663,0.004416532348841429
0.3,2.6016314162540475,0.004416723269969225
0.3,2.699806186678728,0.004395006690174341
0.3,2.7979809571034093,0.004396130796521902
0.3,2.8961557275280905,0.004400537349283695
0.3,2.9943304979527716,0.004394259303808212
0.3,3.0925052683774528,0.004393719136714935
0.4,-3.0925052683774528,0.004395271651446819
0.4,-2.994330497952771,0.004398547112941742
0.4,-2.8961557275280905,0.0044009750708937645
0.4,-2.7979809571034098,0.004399019293487072
0.4,-2.699806186678728,0.004396491218358278
0.4,-2.6016314162540475,0.004420753568410873
0.4,-2.5034566458293668,0.004419170320034027
0.4,-2.405281875404685,0.00441726204007864
0.4,-2.3071071049800045,0.004417432006448507
0.4,-2.208932334555323,0.004419588949531317
0.4,-2.110757564130642,0.0044208550825715065
0.4,-2.0125827937059615,0.004396496806293726
0.4,-1.9144080232812801,0.004401277285069227
0.4,-1.8162332528565992,0.004402630031108856
0.4,-1.718058482431918,0.004397726152092218
0.4,-1.6198837120072371,0.004396631382405758
0.4,-1.521708941582556,0.004395333118736744
0.4,-1.423534171157875,0.0043977112509310246
0.4,-1.325359400733194,0.0044025639072060585
0.4,-1.227184630308513,0.004400789737701416
0.4,-1.1290098598838318,0.004396276548504829
0.4,-1.030835089459151,0.004419097676873207
0.4,-0.93266031903447,0.004417228512465954
0.4,-0.8344855486097889,0.004414102993905544
0.4,-0.7363107781851077,0.004413009621202946
0.4,-0.6381360077604266,0.004412938375025988
0.4,-0.5399612373357456,0.004413278307765722
0.4,-0.4417864669110647,0.004393730778247118
0.4,-0.34361169648638357,0.00439499644562602
0.4,-0.24543692606170264,0.004395520780235529
0.4,-0.14726215563702172,0.004395155236124992
0.4,-0.04908738521234057,0.004390516318380833
0.4,0.04908738521234057,0.004393304698169231
0.4,0.14726215563702172,0.004396295174956322
0.4,0.24543692606170264,0.004397829063236713
0.4,0.34361169648638357,0.0043955957517027855
0.4,0.4417864669110647,0.004394348245114088
0.4,0.5399612373357456,0.004414777737110853
0.4,0.6381360077604266,0.004413696471601725
0.4,0.7363107781851077,0.004412323702126741
0.4,0.8344855486097886,0.004412016365677118
0.4,0.9326603190344698,0.004414351191371679
0.4,1.030835089459151,0.004414993803948164
0.4,1.1290098598838316,0.004394335672259331
0.4,1.2271846303085128,0.004395618103444576
0.4,1.325359400733194,0.004396678414195776
0.4,1.423534171157875,0.004394259303808212
0.4,1.5217089415825562,0.0043880995362997055
0.4,1.619883712007237,0.004390544258058071
0.4,1.718058482431918,0.0043934984132647514
0.4,1.8162332528565992,0.004395074676722288
0.4,1.9144080232812803,0.004393828101456165
0.4,2.0125827937059615,0.0043928599916398525
0.4,2.110757564130642,0.004410920199006796
0.4,2.2089323345553233,0.004410126246511936
0.4,2.3071071049800045,0.004410115536302328
0.4,2.405281875404685,0.004411262460052967
0.4,2.5034566458293663,0.004413956310600042
0.4,2.6016314162540475,0.004416303709149361
0.4,2.699806186678728,0.004395445808768272
0.4,2.7979809571034093,0.004397044889628887
0.4,2.8961557275280905,0.004400697536766529
0.4,2.9943304979527716,0.004397568758577108
0.4,3.0925052683774528,0.004395137075334787
0.5,-3.0925052683774528,0.0043971361592411995
0.5,-2.994330497952771,0.004397946409881115
0.5,-2.8961557275280905,0.004404773004353046
0.5,-2.7979809571034098,0.004403681959956884
0.5,-2.699806186678728,0.004400121979415417
0.5,-2.6016314162540475,0.004424779210239649
0.5,-2.5034566458293668,0.004424200858920813
0.5,-2.405281875404685,0.004421202465891838
0.5,-2.3071071049800045,0.0044208792969584465
0.5,-2.208932334555323,0.004422251600772142
0.5,-2.110757564130642,0.004421980585902929
0.5,-2.0125827937059615,0.004396628588438034
0.5,-1.9144080232812801,0.00439879484474659
0.5,-1.8162332528565992,0.004401710815727711
0.5,-1.718058482431918,0.004394765943288803
0.5,-1.6198837120072371,0.004393909126520157
0.5,-1.521708941582556,0.004391408525407314
0.5,-1.423534171157875,0.004393953364342451
0.5,-1.325359400733194,0.0044008176773786545
0.5,-1.227184630308513,0.004396534524857998
0.5,-1.1290098598838318,0.004395496565848589
0.5,-1.030835089459151,0.004418185446411371
0.5,-0.93266031903447,0.0044178431853652
0.5,-0.8344855486097889,0.00441572954878211
0.5,-0.7363107781851077,0.004415655508637428
0.5,-0.6381360077604266,0.0044169956818223
0.5,-0.5399612373357456,0.004417060874402523
0.5,-0.4417864669110647,0.004395002964884043
0.5,-0.34361169648638357,0.004396072123199701
0.5,-0.24543692606170264,0.004400396719574928
0.5,-0.14726215563702172,0.004393693059682846
0.5,-0.04908738521234057,0.004389465786516666
0.5,0.04908738521234057,0.004391184542328119
0.5,0.14726215563702172,0.004393007606267929
0.5,0.24543692606170264,0.004397493787109852
0.5,0.34361169648638357,0.004395308438688517
0.5,0.4417864669110647,0.004393831826746464
0.5,0.5399612373357456,0.004413126036524773
0.5,0.6381360077604266,0.0044128187000751495
0.5,0.7363107781851077,0.0044101630337536335
0.5,0.8344855486097886,0.004409542307257652
0.5,0.9326603190344698,0.004411804955452681
0.5,1.030835089459151,0.0044111511670053005
0.5,1.1290098598838316,0.004392786882817745
0.5,1.2271846303085128,0.004392897244542837
0.5,1.325359400733194,0.0043953098356723785
0.5,1.423534171157875,0.004389637149870396
0.5,1.5217089415825562,0.004382655955851078
0.5,1.619883712007237,0.004384595435112715
0.5,1.718058482431918,0.004389144480228424
0.5,1.8162332528565992,0.004395015072077513
0.5,1.9144080232812803,0.004392777103930712
0.5,2.0125827937059615,0.00439265463501215
0.5,2.110757564130642,0.0044112298637628555
0.5,2.2089323345553233,0.004411566071212292
0.5,2.3071071049800045,0.004411641508340836
0.5,2.405281875404685,0.004413353744894266
0.5,2.5034566458293663,0.004416793584823608
0.5,2.6016314162540475,0.0044188061729073524
0.5,2.699806186678728,0.004396239761263132
0.5,2.7979809571034093,0.004400983918458223
0.5,2.8961557275280905,0.0044035036116838455
0.5,2.9943304979527716,0.0043971422128379345
0.5,3.0925052683774528,0.004396711476147175
0.6,-3.0925052683774528,0.004394557327032089
0.6,-2.994330497952771,0.0043949950486421585
0.6,-2.8961557275280905,0.004402001388370991
0.6,-2.7979809571034098,0.0043970257975161076
0.6,-2.699806186678728,0.004395575728267431
0.6,-2.6016314162540475,0.004417371936142445
0.6,-2.5034566458293668,0.004417125601321459
0.6,-2.405281875404685,0.004414692986756563
0.6,-2.3071071049800045,0.0044152382761240005
0.6,-2.208932334555323,0.004417724441736937
0.6,-2.110757564130642,0.004418242257088423
0.6,-2.0125827937059615,0.004395879339426756
0.6,-1.9144080232812801,0.004398564342409372
0.6,-1.8162332528565992,0.0044108168222010136
0.6,-1.718058482431918,0.004396287724375725
0.6,-1.6198837120072371,0.004394637420773506
0.6,-1.521708941582556,0.004393726121634245
0.6,-1.423534171157875,0.004395815543830395
0.6,-1.325359400733194,0.004401957616209984
0.6,-1.227184630308513,0.0043970877304673195
0.6,-1.1290098598838318,0.004395559895783663
0.6,-1.030835089459151,0.004417304415255785
0.6,-0.93266031903447,0.004416664130985737
0.6,-0.8344855486097889,0.00441402243450284
0.6,-0.7363107781851077,0.004413462709635496
0.6,-0.6381360077604266,0.0044148447923362255
0.6,-0.5399612373357456,0.0044150943867862225
0.6,-0.4417864669110647,0.00439452612772584
0.6,-0.34361169648638357,0.004395772702991962
0.6,-0.24543692606170264,0.004400590434670448
0.6,-0.14726215563702172,0.0043945470824837685
0.6,-0.04908738521234057,0.004393231123685837
0.6,0.04908738521234057,0.004394711460918188
0.6,0.14726215563702172,0.004394969902932644
0.6,0.24543692606170264,0.004404587671160698
0.6,0.34361169648638357,0.004400382284075022
0.6,0.4417864669110647,0.0043958937749266624
0.6,0.5399612373357456,0.004418822005391121
0.6,0.6381360077604266,0.004418824799358845
0.6,0.7363107781851077,0.004415744449943304
0.6,0.8344855486097886,0.0044157542288303375
0.6,0.9326603190344698,0.0044191437773406506
0.6,1.030835089459151,0.004418970551341772
0.6,1.1290098598838316,0.004396098665893078
0.6,1.2271846303085128,0.004398690536618233
0.6,1.325359400733194,0.004411601927131414
0.6,1.423534171157875,0.004396460019052029
0.6,1.5217089415825562,0.0043940613977611065
0.6,1.619883712007237,0.004394358489662409
0.6,1.718058482431918,0.004395073279738426
0.6,1.8162332528565992,0.004401104524731636
0.6,1.9144080232812803,0.004396537318825722
0.6,2.0125827937059615,0.004395140800625086
0.6,2.110757564130642,0.00441712886095047
0.6,2.2089323345553233,0.004416600335389376
0.6,2.3071071049800045,0.004415262956172228
0.6,2.405281875404685,0.004415872041136026
0.6,2.5034566458293663,0.004418558441102505
0.6,2.6016314162540475,0.004419745411723852
0.6,2.699806186678728,0.004396345000714064
0.6,2.7979809571034093,0.004398870747536421
0.6,2.8961557275280905,0.004411390516906977
0.6,2.9943304979527716,0.004395873285830021
0.6,3.0925052683774528,0.004394723102450371
0.7,-3.0925052683774528,0.00439424766227603
0.7,-2.994330497952771,0.004394936375319958
0.7,-2.8961557275280905,0.004401069134473801
0.7,-2.7979809571034098,0.004396725911647081
0.7,-2.699806186678728,0.004395582247525454
0.7,-2.6016314162540475,0.0044181193225085735
0.7,-2.5034566458293668,0.004417677875608206
0.7,-2.405281875404685,0.004415859468281269
0.7,-2.3071071049800045,0.004416385665535927
0.7,-2.208932334555323,0.004418312571942806
0.7,-2.110757564130642,0.004418591968715191
0.7,-2.0125827937059615,0.004395584110170603
0.7,-1.9144080232812801,0.004397307522594929
0.7,-1.8162332528565992,0.004411152098327875
0.7,-1.718058482431918,0.004395029507577419
0.7,-1.6198837120072371,0.004394206218421459
0.7,-1.521708941582556,0.00439339317381382
0.7,-1.423534171157875,0.004394759424030781
0.7,-1.325359400733194,0.0044107683934271336
0.7,-1.227184630308513,0.00439668633043766
0.7,-1.1290098598838318,0.004395356867462397
0.7,-1.030835089459151,0.004417208954691887
0.7,-0.93266031903447,0.004416892305016518
0.7,-0.8344855486097889,0.0044152396731078625
0.7,-0.7363107781851077,0.00441573653370142
0.7,-0.6381360077604266,0.004416537005454302
0.7,-0.5399612373357456,0.004416421987116337
0.7,-0.4417864669110647,0.004395002964884043
0.7,-0.34361169648638357,0.004396254662424326
0.7,-0.24543692606170264,0.004400524776428938
0.7,-0.14726215563702172,0.004394186194986105
0.7,-0.04908738521234057,0.004392103757709265
0.7,0.04908738521234057,0.00439393799751997
0.7,0.14726215563702172,0.0043948013335466385
0.7,0.24543692606170264,0.004401193931698799
0.7,0.34361169648638357,0.0043967426754534245
0.7,0.4417864669110647,0.004395514260977507
0.7,0.5399612373357456,0.004418001044541597
0.7,0.6381360077604266,0.004418478347361088
0.7,0.7363107781851077,0.004416447598487139
0.7,0.8344855486097886,0.00441613607108593
0.7,0.9326603190344698,0.004418801050633192
0.7,1.030835089459151,0.004418291617184877
0.7,1.1290098598838316,0.004395636729896069
0.7,1.2271846303085128,0.004396981559693813
0.7,1.325359400733194,0.004401178099215031
0.7,1.423534171157875,0.004395174793899059
0.7,1.5217089415825562,0.004393378272652626
0.7,1.619883712007237,0.004393754061311483
0.7,1.718058482431918,0.00439516082406044
0.7,1.8162332528565992,0.00440167635679245
0.7,1.9144080232812803,0.004396846983581781
0.7,2.0125827937059615,0.0043954248540103436
0.7,2.110757564130642,0.004417858552187681
0.7,2.2089323345553233,0.00441718939691782
0.7,2.3071071049800045,0.00441577285528183
0.7,2.405281875404685,0.004415277391672134
0.7,2.5034566458293663,0.004416636656969786
0.7,2.6016314162540475,0.0044175442308187485
0.7,2.699806186678728,0.004395727533847094
0.7,2.7979809571034093,0.004397170152515173
0.7,2.8961557275280905,0.004401703365147114
0.7,2.9943304979527716,0.004395913332700729
0.7,3.0925052683774528,0.00439448980614543
0.8,-3.0925052683774528,0.0043972269631922245
0.8,-2.994330497952771,0.004398013465106487
0.8,-2.8961557275280905,0.004404962994158268
0.8,-2.7979809571034098,0.004403513390570879
0.8,-2.699806186678728,0.004400169942528009
0.8,-2.6016314162540475,0.004425445105880499
0.8,-2.5034566458293668,0.0044255503453314304
0.8,-2.405281875404685,0.004423494450747967
0.8,-2.3071071049800045,0.0044238814152777195
0.8,-2.208932334555323,0.004426009487360716
0.8,-2.110757564130642,0.004425821825861931
0.8,-2.0125827937059615,0.004400420002639294
0.8,-1.9144080232812801,0.004404300358146429
0.8,-1.8162332528565992,0.004405105486512184
0.8,-1.718058482431918,0.00439811684191227
0.8,-1.6198837120072371,0.004397303331643343
0.8,-1.521708941582556,0.004395937547087669
0.8,-1.423534171157875,0.004397439770400524
0.8,-1.325359400733194,0.0044042980298399925
0.8,-1.227184630308513,0.00440206378698349
0.8,-1.1290098598838318,0.0043970271944999695
0.8,-1.030835089459151,0.004421981051564217
0.8,-0.93266031903447,0.004421774297952652
0.8,-0.8344855486097889,0.0044194720685482025
0.8,-0.7363107781851077,0.004419323056936264
0.8,-0.6381360077604266,0.0044202920980751514
0.8,-0.5399612373357456,0.004420084413141012
0.8,-0.4417864669110647,0.004396287724375725
0.8,-0.34361169648638357,0.004396863281726837
0.8,-0.24543692606170264,0.0044006467796862125
0.8,-0.14726215563702172,0.004393800627440214
0.8,-0.04908738521234057,0.004389197565615177
0.8,0.04908738521234057,0.00439033517614007
0.8,0.14726215563702172,0.004392346367239952
0.8,0.24543692606170264,0.004396602977067232
0.8,0.34361169648638357,0.004394175950437784
0.8,0.4417864669110647,0.0043927826918661594
0.8,0.5399612373357456,0.004409552551805973
0.8,0.6381360077604266,0.004409044049680233
0.8,0.7363107781851077,0.004397936165332794
0.8,0.8344855486097886,0.004397836979478598
0.8,0.9326603190344698,0.004398730117827654
0.8,1.030835089459151,0.004408771637827158
0.8,1.1290098598838316,0.004392096307128668
0.8,1.2271846303085128,0.004392261616885662
0.8,1.325359400733194,0.004395586904138327
0.8,1.423534171157875,0.004389631096273661
0.8,1.5217089415825562,0.004383837804198265
0.8,1.619883712007237,0.00438593840226531
0.8,1.718058482431918,0.004389879293739796
0.8,1.8162332528565992,0.004395902622491121
0.8,1.9144080232812803,0.00439379271119833
0.8,2.0125827937059615,0.0043935165740549564
0.8,2.110757564130642,0.004413877613842487
0.8,2.2089323345553233,0.004414099268615246
0.8,2.3071071049800045,0.004414134658873081
0.8,2.405281875404685,0.004415180999785662
0.8,2.5034566458293663,0.004417955409735441
0.8,2.6016314162540475,0.004419443663209677
0.8,2.699806186678728,0.004396421369165182
0.8,2.7979809571034093,0.0044012488797307014
0.8,2.8961557275280905,0.004403687082231045
0.8,2.9943304979527716,0.00439702020958066
0.8,3.0925052683774528,0.004396780394017696
0.9,-3.0925052683774528,0.004388903267681599
0.9,-2.994330497952771,0.004391559865325689
0.9,-2.8961557275280905,0.00439743185415864
0.9,-2.7979809571034098,0.004394765943288803
0.9,-2.699806186678728,0.004394149873405695
0.9,-2.6016314162540475,0.004414286930114031
0.9,-2.5034566458293668,0.0044133709743618965
0.9,-2.405281875404685,0.004411699716001749
0.9,-2.3071071049800045,0.004412442445755005
0.9,-2.208932334555323,0.004414576571434736
0.9,-2.110757564130642,0.004414768423885107
0.9,-2.0125827937059615,0.004394308663904667
0.9,-1.9144080232812801,0.004395749885588884
0.9,-1.8162332528565992,0.004397282842546701
0.9,-1.718058482431918,0.004392416216433048
0.9,-1.6198837120072371,0.004389472771435976
0.9,-1.521708941582556,0.00438691396266222
0.9,-1.423534171157875,0.004392141941934824
0.9,-1.325359400733194,0.00439708074554801
0.9,-1.227184630308513,0.004395756870508194
0.9,-1.1290098598838318,0.00439508305862546
0.9,-1.030835089459151,0.0044180708937346935
0.9,-0.93266031903447,0.004419144708663225
0.9,-0.8344855486097889,0.004419518169015646
0.9,-0.7363107781851077,0.00442226929590106
0.9,-0.6381360077604266,0.004424220882356167
0.9,-0.5399612373357456,0.004425793420523405
0.9,-0.4417864669110647,0.0044013080187141895
0.9,-0.34361169648638357,0.004404229577630758
0.9,-0.24543692606170264,0.004405374638736248
0.9,-0.14726215563702172,0.00439830869436264
0.9,-0.04908738521234057,0.004395955242216587
0.9,0.04908738521234057,0.004396919626742601
0.9,0.14726215563702172,0.004397554323077202
0.9,0.24543692606170264,0.004403743892908096
0.9,0.34361169648638357,0.004401426762342453
0.9,0.4417864669110647,0.004396491684019566
0.9,0.5399612373357456,0.004420554731041193
0.9,0.6381360077604266,0.004420414101332426
0.9,0.7363107781851077,0.0044180708937346935
0.9,0.8344855486097886,0.00441786739975214
0.9,0.9326603190344698,0.004420467186719179
0.9,1.030835089459151,0.0044201090931892395
0.9,1.1290098598838316,0.00439623324200511
0.9,1.2271846303085128,0.004398692864924669
0.9,1.325359400733194,0.004411146976053715
0.9,1.423534171157875,0.004396162927150726
0.9,1.5217089415825562,0.004393822513520718
0.9,1.619883712007237,0.004394497722387314
0.9,1.718058482431918,0.004395908676087856
0.9,1.8162332528565992,0.004411595407873392
0.9,1.9144080232812803,0.004398650024086237
0.9,2.0125827937059615,0.004396460019052029
0.9,2.110757564130642,0.004419863224029541
0.9,2.2089323345553233,0.00441861804574728
0.9,2.3071071049800045,0.0044166999869048595
0.9,2.405281875404685,0.00441548740491271
0.9,2.5034566458293663,0.004416001029312611
0.9,2.6016314162540475,0.004416436888277531
0.9,2.699806186678728,0.004394903779029846
0.9,2.7979809571034093,0.004395955242216587
0.9,2.8961557275280905,0.004397169686853886
0.9,2.9943304979527716,0.004391905851662159
0.9,3.0925052683774528,0.004388768691569567
1.0,-3.0925052683774528,0.00439925491809845
1.0,-2.994330497952771,0.004398927558213472
1.0,-2.8961557275280905,0.004405319690704346
1.0,-2.7979809571034098,0.004403240513056517
1.0,-2.699806186678728,0.004397215787321329
1.0,-2.6016314162540475,0.0044215768575668335
1.0,-2.5034566458293668,0.004419778473675251
1.0,-2.405281875404685,0.004416226875036955
1.0,-2.3071071049800045,0.004415389150381088
1.0,-2.208932334555323,0.004416510462760925
1.0,-2.110757564130642,0.004415714181959629
1.0,-2.0125827937059615,0.004394374322146177
1.0,-1.9144080232812801,0.004395687952637672
1.0,-1.8162332528565992,0.004396990407258272
1.0,-1.718058482431918,0.00439266674220562
1.0,-1.6198837120072371,0.004389713052660227
1.0,-1.521708941582556,0.004385657608509064
1.0,-1.423534171157875,0.004393637180328369
1.0,-1.325359400733194,0.004395153373479843
1.0,-1.227184630308513,0.004394378513097763
1.0,-1.1290098598838318,0.00439411262050271
1.0,-1.030835089459151,0.004415687173604965
1.0,-0.93266031903447,0.0044153048656880856
1.0,-0.8344855486097889,0.004415612202137709
1.0,-0.7363107781851077,0.004418789874762297
1.0,-0.6381360077604266,0.0044208671897649765
1.0,-0.5399612373357456,0.0044226981699466705
1.0,-0.4417864669110647,0.004397680517286062
1.0,-0.34361169648638357,0.004401613026857376
1.0,-0.24543692606170264,0.004403086379170418
1.0,-0.14726215563702172,0.004396585747599602
1.0,-0.04908738521234057,0.004394717514514923
1.0,0.04908738521234057,0.004394880961626768
1.0,0.14726215563702172,0.004396319389343262
1.0,0.24543692606170264,0.004411706700921059
1.0,0.34361169648638357,0.004397427197545767
1.0,0.4417864669110647,0.004395586438477039
1.0,0.5399612373357456,0.004417862743139267
1.0,0.6381360077604266,0.00441742455586791
1.0,0.7363107781851077,0.004414087627083063
1.0,0.8344855486097886,0.004412630572915077
1.0,0.9326603190344698,0.0044140745885670185
1.0,1.030835089459151,0.004413450136780739
1.0,1.1290098598838316,0.004393386654555798
1.0,1.2271846303085128,0.004393817391246557
1.0,1.325359400733194,0.004394961521029472
1.0,1.423534171157875,0.004392210394144058
1.0,1.5217089415825562,0.004384934902191162
1.0,1.619883712007237,0.004388466943055391
1.0,1.718058482431918,0.0043915496207773685
1.0,1.8162332528565992,0.004396265372633934
1.0,1.9144080232812803,0.0043958211317658424
1.0,2.0125827937059615,0.004395711701363325
1.0,2.110757564130642,0.004419405944645405
1.0,2.2089323345553233,0.004419584292918444
1.0,2.3071071049800045,0.00442034937441349
1.0,2.405281875404685,0.004421194549649954
1.0,2.5034566458293663,0.004424279555678368
1.0,2.6016314162540475,0.004425852093845606
1.0,2.699806186678728,0.004401078447699547
1.0,2.7979809571034093,0.004406135994940996
1.0,2.8961557275280905,0.00442118663340807
1.0,2.9943304979527716,0.004400988575071096
1.0,3.0925052683774528,0.004398825578391552
1.1,-3.0925052683774528,0.00438707834109664
1.1,-2.994330497952771,0.0043917465955019
1.1,-2.8961557275280905,0.004394073039293289
1.1,-2.7979809571034098,0.004392486065626144
1.1,-2.699806186678728,0.00439253356307745
1.1,-2.6016314162540475,0.004410075023770332
1.1,-2.5034566458293668,0.004409182816743851
1.1,-2.405281875404685,0.004400787875056267
1.1,-2.3071071049800045,0.004401310347020626
1.1,-2.208932334555323,0.0044123511761426926
1.1,-2.110757564130642,0.004413769114762545
1.1,-2.0125827937059615,0.004394373390823603
1.1,-1.9144080232812801,0.004396283067762852
1.1,-1.8162332528565992,0.004401355981826782
1.1,-1.718058482431918,0.004394003190100193
1.1,-1.6198837120072371,0.004393980372697115
1.1,-1.521708941582556,0.004393465351313353
1.1,-1.423534171157875,0.004395105876028538
1.1,-1.325359400733194,0.004402928054332733
1.1,-1.227184630308513,0.004401588812470436
1.1,-1.1290098598838318,0.00439744396135211
1.1,-1.030835089459151,0.004424742888659239
1.1,-0.93266031903447,0.00442621111869812
1.1,-0.8344855486097889,0.0044261254370212555
1.1,-0.7363107781851077,0.0044290474615991116
1.1,-0.6381360077604266,0.004431705456227064
1.1,-0.5399612373357456,0.004432792775332928
1.1,-0.4417864669110647,0.0044161491096019745
1.1,-0.34361169648638357,0.004417687654495239
1.1,-0.24543692606170264,0.004425900988280773
1.1,-0.14726215563702172,0.00441186735406518
1.1,-0.04908738521234057,0.004400429781526327
1.1,0.04908738521234057,0.004400912206619978
1.1,0.14726215563702172,0.004401322454214096
1.1,0.24543692606170264,0.004420381970703602
1.1,0.34361169648638357,0.0044044009409844875
1.1,0.4417864669110647,0.004397280048578978
1.1,0.5399612373357456,0.004421165678650141
1.1,0.6381360077604266,0.004420300014317036
1.1,0.7363107781851077,0.00441629346460104
1.1,0.8344855486097886,0.004414547234773636
1.1,0.9326603190344698,0.004416011273860931
1.1,1.030835089459151,0.004414805676788092
1.1,1.1290098598838316,0.004394222516566515
1.1,1.2271846303085128,0.004395637661218643
1.1,1.325359400733194,0.004397729877382517
1.1,1.423534171157875,0.004391387104988098
1.1,1.5217089415825562,0.004386859480291605
1.1,1.619883712007237,0.0043882462196052074
1.1,1.718058482431918,0.00439152866601944
1.1,1.8162332528565992,0.00439611217007041
1.1,1.9144080232812803,0.004393942654132843
1.1,2.0125827937059615,0.004394033458083868
1.1,2.110757564130642,0.004413450136780739
1.1,2.2089323345553233,0.004411223344504833
1.1,2.3071071049800045,0.004410541616380215
1.1,2.405281875404685,0.004408482927829027
1.1,2.5034566458293663,0.004409225657582283
1.1,2.6016314162540475,0.004410623572766781
1.1,2.699806186678728,0.004392895381897688
1.1,2.7979809571034093,0.004392998293042183
1.1,2.8961557275280905,0.004394337069243193
1.1,2.9943304979527716,0.004391838330775499
1.1,3.0925052683774528,0.0043872045353055
1.2,-3.0925052683774528,0.00438696937635541
1.2,-2.994330497952771,0.004390269983559847
1.2,-2.8961557275280905,0.004395257215946913
1.2,-2.7979809571034098,0.004392179194837809
1.2,-2.699806186678728,0.004392039496451616
1.2,-2.6016314162540475,0.004400956444442272
1.2,-2.5034566458293668,0.004398306366056204
1.2,-2.405281875404685,0.004397454205900431
1.2,-2.3071071049800045,0.004397682845592499
1.2,-2.208932334555323,0.004401110112667084
1.2,-2.110757564130642,0.004409524146467447
1.2,-2.0125827937059615,0.004392664413899183
1.2,-1.9144080232812801,0.004393883980810642
1.2,-1.8162332528565992,0.004396247211843729
1.2,-1.718058482431918,0.004391459748148918
1.2,-1.6198837120072371,0.004388976376503706
1.2,-1.521708941582556,0.00438764039427042
1.2,-1.423534171157875,0.004393239039927721
1.2,-1.325359400733194,0.004400281235575676
1.2,-1.227184630308513,0.004396782256662846
1.2,-1.1290098598838318,0.004396459553390741
1.2,-1.030835089459151,0.004422090016305447
1.2,-0.93266031903447,0.004423323553055525
1.2,-0.8344855486097889,0.004424001090228558
1.2,-0.7363107781851077,0.004426530562341213
1.2,-0.6381360077604266,0.00442833686247468
1.2,-0.5399612373357456,0.004429562482982874
1.2,-0.4417864669110647,0.004412517417222261
1.2,-0.34361169648638357,0.0044067311100661755
1.2,-0.24543692606170264,0.004420145880430937
1.2,-0.14726215563702172,0.004400094971060753
1.2,-0.04908738521234057,0.004397643264383078
1.2,0.04908738521234057,0.004398432560265064
1.2,0.14726215563702172,0.004398938734084368
1.2,0.24543692606170264,0.004404890350997448
1.2,0.34361169648638357,0.0044025336392223835
1.2,0.4417864669110647,0.004396908916532993
1.2,0.5399612373357456,0.00442134914919734
1.2,0.6381360077604266,0.004421263001859188
1.2,0.7363107781851077,0.004418729338794947
1.2,0.8344855486097886,0.0044182599522173405
1.2,0.9326603190344698,0.0044206297025084496
1.2,1.030835089459151,0.00442006578668952
1.2,1.1290098598838316,0.004396216478198767
1.2,1.2271846303085128,0.004398719873279333
1.2,1.325359400733194,0.004411778878420591
1.2,1.423534171157875,0.00439626257866621
1.2,1.5217089415825562,0.004394277930259705
1.2,1.619883712007237,0.004394976422190666
1.2,1.718058482431918,0.004396275617182255
1.2,1.8162332528565992,0.00440286984667182
1.2,1.9144080232812803,0.0044007557444274426
1.2,2.0125827937059615,0.004397237207740545
1.2,2.110757564130642,0.004422287456691265
1.2,2.2089323345553233,0.004420700017362833
1.2,2.3071071049800045,0.004420027136802673
1.2,2.405281875404685,0.004417983815073967
1.2,2.5034566458293663,0.00441895192489028
1.2,2.6016314162540475,0.004419215954840183
1.2,2.699806186678728,0.004395760130137205
1.2,2.7979809571034093,0.0043961843475699425
1.2,2.8961557275280905,0.004399181343615055
1.2,2.9943304979527716,0.004392264410853386
1.2,3.0925052683774528,0.0043890997767448425
1.3,-3.0925052683774528,0.00438746577128768
1.3,-2.994330497952771,0.004390501417219639
1.3,-2.8961557275280905,0.004395730327814817
1.3,-2.7979809571034098,0.004392848815768957
1.3,-2.699806186678728,0.004392256028950214
1.3,-2.6016314162540475,0.004401098005473614
1.3,-2.5034566458293668,0.0043983845971524715
1.3,-2.405281875404685,0.004397518001496792
1.3,-2.3071071049800045,0.00439772242680192
1.3,-2.208932334555323,0.004408791195601225
1.3,-2.110757564130642,0.00440977793186903
1.3,-2.0125827937059615,0.004392791073769331
1.3,-1.9144080232812801,0.004394028801470995
1.3,-1.8162332528565992,0.004396434873342514
1.3,-1.718058482431918,0.004391517490148544
1.3,-1.6198837120072371,0.004389112815260887
1.3,-1.521708941582556,0.0043874261900782585
1.3,-1.423534171157875,0.004392646253108978
1.3,-1.325359400733194,0.004399469587951899
1.3,-1.227184630308513,0.004396215081214905
1.3,-1.1290098598838318,0.004395907744765282
1.3,-1.030835089459151,0.004420458804816008
1.3,-0.93266031903447,0.004421734716743231
1.3,-0.8344855486097889,0.004422808066010475
1.3,-0.7363107781851077,0.004425952211022377
1.3,-0.6381360077604266,0.004428517073392868
1.3,-0.5399612373357456,0.004430036526173353
1.3,-0.4417864669110647,0.00441341707482934
1.3,-0.34361169648638357,0.004407887812703848
1.3,-0.24543692606170264,0.00442254776135087
1.3,-0.14726215563702172,0.004401302430778742
1.3,-0.04908738521234057,0.004398974124342203
1.3,0.04908738521234057,0.0043997191824018955
1.3,0.14726215563702172,0.004400179721415043
1.3,0.24543692606170264,0.004418621771037579
1.3,0.34361169648638357,0.004404142964631319
1.3,0.4417864669110647,0.004399602301418781
1.3,0.5399612373357456,0.004423206206411123
1.3,0.6381360077604266,0.004423112608492374
1.3,0.7363107781851077,0.004420504439622164
1.3,0.8344855486097886,0.004419701173901558
1.3,0.9326603190344698,0.0044219172559678555
1.3,1.030835089459151,0.004420795943588018
1.3,1.1290098598838316,0.004396381322294474
1.3,1.2271846303085128,0.0043985736556351185
1.3,1.325359400733194,0.004410893190652132
1.3,1.423534171157875,0.004395606927573681
1.3,1.5217089415825562,0.004393516108393669
1.3,1.619883712007237,0.004394435789436102
1.3,1.718058482431918,0.004395617637783289
1.3,1.8162332528565992,0.004411091562360525
1.3,1.9144080232812803,0.004398902412503958
1.3,2.0125827937059615,0.004397376906126738
1.3,2.110757564130642,0.004422502126544714
1.3,2.2089323345553233,0.004420591052621603
1.3,2.3071071049800045,0.004419384058564901
1.3,2.405281875404685,0.004416813142597675
1.3,2.5034566458293663,0.004417509771883488
1.3,2.6016314162540475,0.004417687654495239
1.3,2.699806186678728,0.004395208787173033
1.3,2.7979809571034093,0.004396017640829086
1.3,2.8961557275280905,0.004397157579660416
1.3,2.9943304979527716,0.004392009694129229
1.3,3.0925052683774528,0.004389024805277586
1.4,-3.0925052683774528,0.004387238994240761
1.4,-2.994330497952771,0.00439054099842906
1.4,-2.8961557275280905,0.0043960679322481155
1.4,-2.7979809571034098,0.004393045790493488
1.4,-2.699806186678728,0.004392330069094896
1.4,-2.6016314162540475,0.004401218146085739
1.4,-2.5034566458293668,0.004398323129862547
1.4,-2.405281875404685,0.004397421609610319
1.4,-2.3071071049800045,0.004397737327963114
1.4,-2.208932334555323,0.00440999586135149
1.4,-2.110757564130642,0.004412294365465641
1.4,-2.0125827937059615,0.004393938463181257
1.4,-1.9144080232812801,0.004395883064717054
1.4,-1.8162332528565992,0.004400585778057575
1.4,-1.718058482431918,0.004394614137709141
1.4,-1.6198837120072371,0.0043945456854999065
1.4,-1.521708941582556,0.004393628798425198
1.4,-1.423534171157875,0.004395388066768646
1.4,-1.325359400733194,0.004410798195749521
1.4,-1.227184630308513,0.00439868588000536
1.4,-1.1290098598838318,0.004396539647132158
1.4,-1.030835089459151,0.004421646241098642
1.4,-0.93266031903447,0.004422231111675501
1.4,-0.8344855486097889,0.004422015510499477
1.4,-0.7363107781851077,0.004424334038048983
1.4,-0.6381360077604266,0.004426488187164068
1.4,-0.5399612373357456,0.004427735693752766
1.4,-0.4417864669110647,0.004410491790622473
1.4,-0.34361169648638357,0.0044056265614926815
1.4,-0.24543692606170264,0.004417973104864359
1.4,-0.14726215563702172,0.004398707300424576
1.4,-0.04908738521234057,0.004396229051053524
1.4,0.04908738521234057,0.004396708682179451
1.4,0.14726215563702172,0.004396761767566204
1.4,0.24543692606170264,0.004411887377500534
1.4,0.34361169648638357,0.00439748028293252
1.4,0.4417864669110647,0.004395623225718737
1.4,0.5399612373357456,0.004417933523654938
1.4,0.6381360077604266,0.00441777566447854
1.4,0.7363107781851077,0.0044153910130262375
1.4,0.8344855486097886,0.0044149961322546005
1.4,0.9326603190344698,0.004418065305799246
1.4,1.030835089459151,0.004417443182319403
1.4,1.1290098598838316,0.004395354073494673
1.4,1.2271846303085128,0.004396879579871893
1.4,1.325359400733194,0.004401813261210918
1.4,1.423534171157875,0.004395557101815939
1.4,1.5217089415825562,0.004394263494759798
1.4,1.619883712007237,0.0043952674604952335
1.4,1.718058482431918,0.004397053271532059
1.4,1.8162332528565992,0.004404189996421337
1.4,1.9144080232812803,0.0044031222350895405
1.4,2.0125827937059615,0.004400510806590319
1.4,2.110757564130642,0.004424747079610825
1.4,2.2089323345553233,0.004422252997756004
1.4,2.3071071049800045,0.004419760778546333
1.4,2.405281875404685,0.004416307434439659
1.4,2.5034566458293663,0.004416290204972029
1.4,2.6016314162540475,0.004415977746248245
1.4,2.699806186678728,0.004394482355564833
1.4,2.7979809571034093,0.00439492566511035
1.4,2.8961557275280905,0.0043964809738099575
1.4,2.9943304979527716,0.004391061142086983
1.4,3.0925052683774528,0.004388098604977131
1.5,-3.0925052683774528,0.004389428533613682
1.5,-2.994330497952771,0.004391185939311981
1.5,-2.8961557275280905,0.00439827423542738
1.5,-2.7979809571034098,0.004394824150949717
1.5,-2.699806186678728,0.004393306095153093
1.5,-2.6016314162540475,0.00441077770665288
1.5,-2.5034566458293668,0.004409840330481529
1.5,-2.405281875404685,0.004397955723106861
1.5,-2.3071071049800045,0.00439818250015378
1.5,-2.208932334555323,0.00441072229295969
1.5,-2.110757564130642,0.004411869216710329
1.5,-2.0125827937059615,0.004393682815134525
1.5,-1.9144080232812801,0.004395658615976572
1.5,-1.8162332528565992,0.004401784390211105
1.5,-1.718058482431918,0.004393190145492554
1.5,-1.6198837120072371,0.004393809009343386
1.5,-1.521708941582556,0.004393324255943298
1.5,-1.423534171157875,0.004394219256937504
1.5,-1.325359400733194,0.004413783550262451
1.5,-1.227184630308513,0.0043989005498588085
1.5,-1.1290098598838318,0.004396684002131224
1.5,-1.030835089459151,0.004422502126544714
1.5,-0.93266031903447,0.004423494916409254
1.5,-0.8344855486097889,0.004423394333571196
1.5,-0.7363107781851077,0.004425513558089733
1.5,-0.6381360077604266,0.004427439998835325
1.5,-0.5399612373357456,0.004428351763635874
1.5,-0.4417864669110647,0.004410990048199892
1.5,-0.34361169648638357,0.004405212122946978
1.5,-0.24543692606170264,0.004405297338962555
1.5,-0.14726215563702172,0.00439817737787962
1.5,-0.04908738521234057,0.004395635798573494
1.5,0.04908738521234057,0.004396222066134214
1.5,0.14726215563702172,0.004395860247313976
1.5,0.24543692606170264,0.0044040195643901825
1.5,0.34361169648638357,0.004400505218654871
1.5,0.4417864669110647,0.004395800642669201
1.5,0.5399612373357456,0.004418280906975269
1.5,0.6381360077604266,0.004418399650603533
1.5,0.7363107781851077,0.0044157844968140125
1.5,0.8344855486097886,0.00441551860421896
1.5,0.9326603190344698,0.004418650176376104
1.5,1.030835089459151,0.004418386146426201
1.5,1.1290098598838316,0.004395834170281887
1.5,1.2271846303085128,0.004398518241941929
1.5,1.325359400733194,0.004412813577800989
1.5,1.423534171157875,0.0043961284682154655
1.5,1.5217089415825562,0.004394814372062683
1.5,1.619883712007237,0.0043962616473436356
1.5,1.718058482431918,0.004397482145577669
1.5,1.8162332528565992,0.004404347389936447
1.5,1.9144080232812803,0.004402941558510065
1.5,2.0125827937059615,0.004400214646011591
1.5,2.110757564130642,0.004424313548952341
1.5,2.2089323345553233,0.004422479774802923
1.5,2.3071071049800045,0.004420632030814886
1.5,2.405281875404685,0.004417932592332363
1.5,2.5034566458293663,0.004418807569891214
1.5,2.6016314162540475,0.004418718162924051
1.5,2.699806186678728,0.004395472351461649
1.5,2.7979809571034093,0.00439646327868104
1.5,2.8961557275280905,0.004401586949825287
1.5,2.9943304979527716,0.0043918234296143055
1.5,3.0925052683774528,0.004390387330204248
1.6,-3.0925052683774528,0.004388637375086546
1.6,-2.994330497952771,0.00439128652215004
1.6,-2.8961557275280905,0.0043959603644907475
1.6,-2.7979809571034098,0.004392798058688641
1.6,-2.699806186678728,0.004392015282064676
1.6,-2.6016314162540475,0.004400485660880804
1.6,-2.5034566458293668,0.0043978081084787846
1.6,-2.405281875404685,0.004396510776132345
1.6,-2.3071071049800045,0.0043966276571154594
1.6,-2.208932334555323,0.004397610202431679
1.6,-2.110757564130642,0.004400437697768211
1.6,-2.0125827937059615,0.004391792695969343
1.6,-1.9144080232812801,0.004392330534756184
1.6,-1.8162332528565992,0.004395021591335535
1.6,-1.718058482431918,0.0043898457661271095
1.6,-1.6198837120072371,0.004385211504995823
1.6,-1.521708941582556,0.004382186569273472
1.6,-1.423534171157875,0.004389548674225807
1.6,-1.325359400733194,0.004394967574626207
1.6,-1.227184630308513,0.0043932655826210976
1.6,-1.1290098598838318,0.004393543116748333
1.6,-1.030835089459151,0.00441436143592
1.6,-0.93266031903447,0.0044162641279399395
1.6,-0.8344855486097889,0.004418094642460346
1.6,-0.7363107781851077,0.004422290250658989
1.6,-0.6381360077604266,0.004426062107086182
1.6,-0.5399612373357456,0.00442834198474884
1.6,-0.4417864669110647,0.004412410780787468
1.6,-0.34361169648638357,0.004407419357448816
1.6,-0.24543692606170264,0.004421890713274479
1.6,-0.14726215563702172,0.0044010598212480545
1.6,-0.04908738521234057,0.004398735705763102
1.6,0.04908738521234057,0.004399348050355911
1.6,0.14726215563702172,0.004399934783577919
1.6,0.24543692606170264,0.0044058277271687984
1.6,0.34361169648638357,0.00440366193652153
1.6,0.4417864669110647,0.004397430922836065
1.6,0.5399612373357456,0.004422927275300026
1.6,0.6381360077604266,0.0044230688363313675
1.6,0.7363107781851077,0.004420665092766285
1.6,0.8344855486097886,0.004420670215040445
1.6,0.9326603190344698,0.00442383112385869
1.6,1.030835089459151,0.004423446487635374
1.6,1.1290098598838316,0.004397604148834944
1.6,1.2271846303085128,0.004403509199619293
1.6,1.325359400733194,0.004405234009027481
1.6,1.423534171157875,0.004398562014102936
1.6,1.5217089415825562,0.0043964264914393425
1.6,1.619883712007237,0.004397724289447069
1.6,1.718058482431918,0.004398771561682224
1.6,1.8162332528565992,0.004417755641043186
1.6,1.9144080232812803,0.0044052135199308395
1.6,2.0125827937059615,0.004410434979945421
1.6,2.110757564130642,0.004428084474056959
1.6,2.2089323345553233,0.004426521249115467
1.6,2.3071071049800045,0.00442496920004487
1.6,2.405281875404685,0.004422253929078579
1.6,2.5034566458293663,0.004422367550432682
1.6,2.6016314162540475,0.004421870224177837
1.6,2.699806186678728,0.004396510776132345
1.6,2.7979809571034093,0.004396878182888031
1.6,2.8961557275280905,0.00439998134970665
1.6,2.9943304979527716,0.004393077455461025
1.6,3.0925052683774528,0.004390465561300516
1.7,-3.0925052683774528,0.004391941241919994
1.7,-2.994330497952771,0.0043930476531386375
1.7,-2.8961557275280905,0.004397351294755936
1.7,-2.7979809571034098,0.00439445162191987
1.7,-2.699806186678728,0.004393025301396847
1.7,-2.6016314162540475,0.004410185851156712
1.7,-2.5034566458293668,0.0044091688469052315
1.7,-2.405281875404685,0.004397846292704344
1.7,-2.3071071049800045,0.004398147109895945
1.7,-2.208932334555323,0.004410475958138704
1.7,-2.110757564130642,0.004412161651998758
1.7,-2.0125827937059615,0.004393662791699171
1.7,-1.9144080232812801,0.004395199939608574
1.7,-1.8162332528565992,0.004399493802338839
1.7,-1.718058482431918,0.0043922774493694305
1.7,-1.6198837120072371,0.004390201531350613
1.7,-1.521708941582556,0.004388453438878059
1.7,-1.423534171157875,0.004392421338707209
1.7,-1.325359400733194,0.004397064447402954
1.7,-1.227184630308513,0.00439585093408823
1.7,-1.1290098598838318,0.004395221825689077
1.7,-1.030835089459151,0.004418750759214163
1.7,-0.93266031903447,0.004419941455125809
1.7,-0.8344855486097889,0.004420318640768528
1.7,-0.7363107781851077,0.004423420410603285
1.7,-0.6381360077604266,0.004426535684615374
1.7,-0.5399612373357456,0.004428106360137463
1.7,-0.4417864669110647,0.004411224275827408
1.7,-0.34361169648638357,0.004406431224197149
1.7,-0.24543692606170264,0.0044205887243151665
1.7,-0.14726215563702172,0.004399586468935013
1.7,-0.04908738521234057,0.004396808333694935
1.7,0.04908738521234057,0.004396848846226931
1.7,0.14726215563702172,0.004397114273160696
1.7,0.24543692606170264,0.004412369802594185
1.7,0.34361169648638357,0.004397323355078697
1.7,0.4417864669110647,0.004395577125251293
1.7,0.5399612373357456,0.00441794702783227
1.7,0.6381360077604266,0.004417667165398598
1.7,0.7363107781851077,0.004415662959218025
1.7,0.8344855486097886,0.004415696952491999
1.7,0.9326603190344698,0.004418713040649891
1.7,1.030835089459151,0.004418454598635435
1.7,1.1290098598838316,0.004395740106701851
1.7,1.2271846303085128,0.004397108685225248
1.7,1.325359400733194,0.004401837941259146
1.7,1.423534171157875,0.0043952083215117455
1.7,1.5217089415825562,0.004393372684717178
1.7,1.619883712007237,0.00439454847946763
1.7,1.718058482431918,0.004395941272377968
1.7,1.8162332528565992,0.004403204191476107
1.7,1.9144080232812803,0.0044027394615113735
1.7,2.0125827937059615,0.004400818608701229
1.7,2.110757564130642,0.004426588770002127
1.7,2.2089323345553233,0.004426092840731144
1.7,2.3071071049800045,0.004425602033734322
1.7,2.405281875404685,0.004424091428518295
1.7,2.5034566458293663,0.004424937069416046
1.7,2.6016314162540475,0.0044249058701097965
1.7,2.699806186678728,0.004397785756736994
1.7,2.7979809571034093,0.004401968326419592
1.7,2.8961557275280905,0.004402621649205685
1.7,2.9943304979527716,0.0043953172862529755
1.7,3.0925052683774528,0.004393983166664839
1.8,-3.0925052683774528,0.004385414998978376
1.8,-2.994330497952771,0.004386063665151596
1.8,-2.8961557275280905,0.004393862560391426
1.8,-2.7979809571034098,0.004386902321130037
1.8,-2.699806186678728,0.00438394770026207
1.8,-2.6016314162540475,0.004396772477775812
1.8,-2.5034566458293668,0.004395975265651941
1.8,-2.405281875404685,0.004394846502691507
1.8,-2.3071071049800045,0.004395009949803352
1.8,-2.208932334555323,0.004396106582134962
1.8,-2.110757564130642,0.00439689913764596
1.8,-2.0125827937059615,0.004384024068713188
1.8,-1.9144080232812801,0.004388169851154089
1.8,-1.8162332528565992,0.004394326359033585
1.8,-1.718058482431918,0.004390402231365442
1.8,-1.6198837120072371,0.00438638124614954
1.8,-1.521708941582556,0.004385010339319706
1.8,-1.423534171157875,0.004392275586724281
1.8,-1.325359400733194,0.004396399948745966
1.8,-1.227184630308513,0.0043952576816082
1.8,-1.1290098598838318,0.00439506396651268
1.8,-1.030835089459151,0.00441883085295558
1.8,-0.93266031903447,0.004420293029397726
1.8,-0.8344855486097889,0.004422245547175407
1.8,-0.7363107781851077,0.004425945691764355
1.8,-0.6381360077604266,0.004429037682712078
1.8,-0.5399612373357456,0.004431118257343769
1.8,-0.4417864669110647,0.004414902534335852
1.8,-0.34361169648638357,0.004416940733790398
1.8,-0.24543692606170264,0.004425011109560728
1.8,-0.14726215563702172,0.004402383230626583
1.8,-0.04908738521234057,0.004399670287966728
1.8,0.04908738521234057,0.004399952944368124
1.8,0.14726215563702172,0.004400361329317093
1.8,0.24543692606170264,0.004405974876135588
1.8,0.34361169648638357,0.0044036502949893475
1.8,0.4417864669110647,0.004397324752062559
1.8,0.5399612373357456,0.004422750324010849
1.8,0.6381360077604266,0.004422403406351805
1.8,0.7363107781851077,0.0044200727716088295
1.8,0.8344855486097886,0.004419730976223946
1.8,0.9326603190344698,0.0044227647595107555
1.8,1.030835089459151,0.004422391299158335
1.8,1.1290098598838316,0.00439708074554801
1.8,1.2271846303085128,0.004402440506964922
1.8,1.325359400733194,0.004404368810355663
1.8,1.423534171157875,0.004397996701300144
1.8,1.5217089415825562,0.004396094940602779
1.8,1.619883712007237,0.0043976809829473495
1.8,1.718058482431918,0.004398925229907036
1.8,1.8162332528565992,0.004418774973601103
1.8,1.9144080232812803,0.004405946005135775
1.8,2.0125827937059615,0.004411077592521906
1.8,2.110757564130642,0.004428642336279154
1.8,2.2089323345553233,0.004426921252161264
1.8,2.3071071049800045,0.004425230901688337
1.8,2.405281875404685,0.004422306083142757
1.8,2.5034566458293663,0.004421141929924488
1.8,2.6016314162540475,0.00442058639600873
1.8,2.699806186678728,0.004396012518554926
1.8,2.7979809571034093,0.004396544303745031
1.8,2.8961557275280905,0.004397021606564522
1.8,2.9943304979527716,0.004391799680888653
1.8,3.0925052683774528,0.004387525375932455
1.9,-3.0925052683774528,0.0043896338902413845
1.9,-2.994330497952771,0.00439145602285862
1.9,-2.8961557275280905,0.0043962262570858
1.9,-2.7979809571034098,0.00439298152923584
1.9,-2.699806186678728,0.004391956143081188
1.9,-2.6016314162540475,0.004400220699608326
1.9,-2.5034566458293668,0.004397355020046234
1.9,-2.405281875404685,0.004396067466586828
1.9,-2.3071071049800045,0.004396047443151474
1.9,-2.208932334555323,0.004397067707031965
1.9,-2.110757564130642,0.00439763069152832
1.9,-2.0125827937059615,0.004386408720165491
1.9,-1.9144080232812801,0.0043924590572714806
1.9,-1.8162332528565992,0.004395412281155586
1.9,-1.718058482431918,0.004390226677060127
1.9,-1.6198837120072371,0.004387585911899805
1.9,-1.521708941582556,0.004386100452393293
1.9,-1.423534171157875,0.004391580820083618
1.9,-1.325359400733194,0.004396707285195589
1.9,-1.227184630308513,0.0043951962143182755
1.9,-1.1290098598838318,0.004394697491079569
1.9,-1.030835089459151,0.004416987299919128
1.9,-0.93266031903447,0.004418510943651199
1.9,-0.8344855486097889,0.004419958684593439
1.9,-0.7363107781851077,0.0044233729131519794
1.9,-0.6381360077604266,0.004426432307809591
1.9,-0.5399612373357456,0.004428407642990351
1.9,-0.4417864669110647,0.004412020556628704
1.9,-0.34361169648638357,0.004406948108226061
1.9,-0.24543692606170264,0.0044210185296833515
1.9,-0.14726215563702172,0.004400281701236963
1.9,-0.04908738521234057,0.004397635348141193
1.9,0.04908738521234057,0.00439794547855854
1.9,0.14726215563702172,0.004398256540298462
1.9,0.24543692606170264,0.004404203966259956
1.9,0.34361169648638357,0.004401511512696743
1.9,0.4417864669110647,0.004396394360810518
1.9,0.5399612373357456,0.004420063458383083
1.9,0.6381360077604266,0.004419779404997826
1.9,0.7363107781851077,0.004417592193931341
1.9,0.8344855486097886,0.004417453892529011
1.9,0.9326603190344698,0.004420887213200331
1.9,1.030835089459151,0.004421129357069731
1.9,1.1290098598838316,0.004396888893097639
1.9,1.2271846303085128,0.004402641206979752
1.9,1.325359400733194,0.004405241459608078
1.9,1.423534171157875,0.004398857709020376
1.9,1.5217089415825562,0.004397494252771139
1.9,1.619883712007237,0.004399198107421398
1.9,1.718058482431918,0.00440051406621933
1.9,1.8162332528565992,0.004421952646225691
1.9,1.9144080232812803,0.0044080414809286594
1.9,2.0125827937059615,0.004413806367665529
1.9,2.110757564130642,0.004431094974279404
1.9,2.2089323345553233,0.004429353401064873
1.9,2.3071071049800045,0.004427189938724041
1.9,2.405281875404685,0.004424199927598238
1.9,2.5034566458293663,0.004423086065798998
1.9,2.6016314162540475,0.004422739148139954
1.9,2.699806186678728,0.004396962933242321
1.9,2.7979809571034093,0.0043981801718473434
1.9,2.8961557275280905,0.0044005075469613075
1.9,2.9943304979527716,0.004393542185425758
1.9,3.0925052683774528,0.004391680005937815
2.0,-3.0925052683774528,0.004379965830594301
2.0,-2.994330497952771,0.004379484336823225
2.0,-2.8961557275280905,0.004389351699501276
2.0,-2.7979809571034098,0.00438203290104866
2.0,-2.699806186678728,0.004380097612738609
2.0,-2.6016314162540475,0.0043956078588962555
2.0,-2.5034566458293668,0.004395047202706337
2.0,-2.405281875404685,0.004394115414470434
2.0,-2.3071071049800045,0.004394232761114836
2.0,-2.208932334555323,0.0043952190317213535
2.0,-2.110757564130642,0.004395847674459219
2.0,-2.0125827937059615,0.004380548372864723
2.0,-1.9144080232812801,0.0043834601528942585
2.0,-1.8162332528565992,0.004390999674797058
2.0,-1.718058482431918,0.004380743484944105
2.0,-1.6198837120072371,0.004381588194519281
2.0,-1.521708941582556,0.004380411934107542
2.0,-1.423534171157875,0.004389069974422455
2.0,-1.325359400733194,0.004394907969981432
2.0,-1.227184630308513,0.004393363371491432
2.0,-1.1290098598838318,0.004393736366182566
2.0,-1.030835089459151,0.004415000788867474
2.0,-0.93266031903447,0.004416679963469505
2.0,-0.8344855486097889,0.004419104196131229
2.0,-0.7363107781851077,0.004422944970428944
2.0,-0.6381360077604266,0.004426559899002314
2.0,-0.5399612373357456,0.0044289156794548035
2.0,-0.4417864669110647,0.0044133770279586315
2.0,-0.34361169648638357,0.004408822860568762
2.0,-0.24543692606170264,0.004425771534442902
2.0,-0.14726215563702172,0.004412659909576178
2.0,-0.04908738521234057,0.004401329904794693
2.0,0.04908738521234057,0.0044021327048540115
2.0,0.14726215563702172,0.004412107169628143
2.0,0.24543692606170264,0.004424761049449444
2.0,0.34361169648638357,0.004408591892570257
2.0,0.4417864669110647,0.004412395413964987
2.0,0.5399612373357456,0.004430027212947607
2.0,0.6381360077604266,0.004430052358657122
2.0,0.7363107781851077,0.004427764564752579
2.0,0.8344855486097886,0.004427649080753326
2.0,0.9326603190344698,0.004431167617440224
2.0,1.030835089459151,0.004431229084730148
2.0,1.1290098598838316,0.004413964692503214
2.0,1.2271846303085128,0.004417888354510069
2.0,1.325359400733194,0.004427277948707342
2.0,1.423534171157875,0.004414351191371679
2.0,1.5217089415825562,0.004405070561915636
2.0,1.619883712007237,0.004412891808897257
2.0,1.718058482431918,0.004414552357047796
2.0,1.8162332528565992,0.004428209271281958
2.0,1.9144080232812803,0.004419458098709583
2.0,2.0125827937059615,0.00441689183935523
2.0,2.110757564130642,0.004432538989931345
2.0,2.2089323345553233,0.004430217668414116
2.0,2.3071071049800045,0.004426625091582537
2.0,2.405281875404685,0.004422015976160765
2.0,2.5034566458293663,0.004418805241584778
2.0,2.6016314162540475,0.00441712187603116
2.0,2.699806186678728,0.004394500982016325
2.0,2.7979809571034093,0.004393569193780422
2.0,2.8961557275280905,0.004394614603370428
2.0,2.9943304979527716,0.004388594999909401
2.0,3.0925052683774528,0.004382230341434479
2.1,-3.0925052683774528,0.004390836227685213
2.1,-2.994330497952771,0.004392521921545267
2.1,-2.8961557275280905,0.004396533127874136
2.1,-2.7979809571034098,0.004393655341118574
2.1,-2.699806186678728,0.004392412956804037
2.1,-2.6016314162540475,0.0044008661061525345
2.1,-2.5034566458293668,0.004397963639348745
2.1,-2.405281875404685,0.004396933596581221
2.1,-2.3071071049800045,0.004396981094032526
2.1,-2.208932334555323,0.0043979212641716
2.1,-2.110757564130642,0.004400666803121567
2.1,-2.0125827937059615,0.004392233211547136
2.1,-1.9144080232812801,0.004393426235765219
2.1,-1.8162332528565992,0.004395767580717802
2.1,-1.718058482431918,0.00439109094440937
2.1,-1.6198837120072371,0.004387676250189543
2.1,-1.521708941582556,0.0043861521407961845
2.1,-1.423534171157875,0.004391961731016636
2.1,-1.325359400733194,0.004396592732518911
2.1,-1.227184630308513,0.004395600408315659
2.1,-1.1290098598838318,0.004395052790641785
2.1,-1.030835089459151,0.004418062046170235
2.1,-0.93266031903447,0.0044194841757416725
2.1,-0.8344855486097889,0.004421329125761986
2.1,-0.7363107781851077,0.004424932412803173
2.1,-0.6381360077604266,0.004428340122103691
2.1,-0.5399612373357456,0.0044301170855760574
2.1,-0.4417864669110647,0.004414000548422337
2.1,-0.34361169648638357,0.0044168331660330296
2.1,-0.24543692606170264,0.00442539993673563
2.1,-0.14726215563702172,0.004411958623677492
2.1,-0.04908738521234057,0.004400509409606457
2.1,0.04908738521234057,0.004401003941893578
2.1,0.14726215563702172,0.004401658196002245
2.1,0.24543692606170264,0.0044221580028533936
2.1,0.34361169648638357,0.004406770691275597
2.1,0.4417864669110647,0.00440140999853611
2.1,0.5399612373357456,0.004426407162100077
2.1,0.6381360077604266,0.004425643943250179
2.1,0.7363107781851077,0.004422472324222326
2.1,0.8344855486097886,0.004420625977218151
2.1,0.9326603190344698,0.00442209979519248
2.1,1.030835089459151,0.004420737270265818
2.1,1.1290098598838316,0.004396143369376659
2.1,1.2271846303085128,0.00439700111746788
2.1,1.325359400733194,0.00440087728202343
2.1,1.423534171157875,0.004394461400806904
2.1,1.5217089415825562,0.004392108414322138
2.1,1.619883712007237,0.004393914248794317
2.1,1.718058482431918,0.004395037889480591
2.1,1.8162332528565992,0.004402311518788338
2.1,1.9144080232812803,0.004402088467031717
2.1,2.0125827937059615,0.0044005741365253925
2.1,2.110757564130642,0.004425882827490568
2.1,2.2089323345553233,0.0044258758425712585
2.1,2.3071071049800045,0.004425279330462217
2.1,2.405281875404685,0.00442379480227828
2.1,2.5034566458293663,0.004423435311764479
2.1,2.6016314162540475,0.004423157311975956
2.1,2.699806186678728,0.0043972148559987545
2.1,2.7979809571034093,0.004398865159600973
2.1,2.8961557275280905,0.004401377402245998
2.1,2.9943304979527716,0.004394471645355225
2.1,3.0925052683774528,0.004393341485410929
2.2,-3.0925052683774528,0.004383351653814316
2.2,-2.994330497952771,0.004382779356092215
2.2,-2.8961557275280905,0.004393760114908218
2.2,-2.7979809571034098,0.004386175889521837
2.2,-2.699806186678728,0.004383656196296215
2.2,-2.6016314162540475,0.004396739415824413
2.2,-2.5034566458293668,0.004396168049424887
2.2,-2.405281875404685,0.004395080730319023
2.2,-2.3071071049800045,0.004395205061882734
2.2,-2.208932334555323,0.004396330565214157
2.2,-2.110757564130642,0.004396956879645586
2.2,-2.0125827937059615,0.0043848780915141106
2.2,-1.9144080232812801,0.004391907248646021
2.2,-1.8162332528565992,0.00439487723633647
2.2,-1.718058482431918,0.00438988720998168
2.2,-1.6198837120072371,0.004386708606034517
2.2,-1.521708941582556,0.004385283682495356
2.2,-1.423534171157875,0.004391512833535671
2.2,-1.325359400733194,0.004396507982164621
2.2,-1.227184630308513,0.004395426716655493
2.2,-1.1290098598838318,0.004395031835883856
2.2,-1.030835089459151,0.004418665077537298
2.2,-0.93266031903447,0.004420514218509197
2.2,-0.8344855486097889,0.004422623664140701
2.2,-0.7363107781851077,0.004426575731486082
2.2,-0.6381360077604266,0.004430675879120827
2.2,-0.5399612373357456,0.004432897549122572
2.2,-0.4417864669110647,0.004417323041707277
2.2,-0.34361169648638357,0.0044206781312823296
2.2,-0.24543692606170264,0.004429683089256287
2.2,-0.14726215563702172,0.004416164010763168
2.2,-0.04908738521234057,0.004405995365232229
2.2,0.04908738521234057,0.004413244780153036
2.2,0.14726215563702172,0.004414640367031097
2.2,0.24543692606170264,0.004426988773047924
2.2,0.34361169648638357,0.00441718241199851
2.2,0.4417864669110647,0.004412386100739241
2.2,0.5399612373357456,0.004428893327713013
2.2,0.6381360077604266,0.004427778534591198
2.2,0.7363107781851077,0.004424300976097584
2.2,0.8344855486097886,0.004422419238835573
2.2,0.9326603190344698,0.0044245230965316296
2.2,1.030835089459151,0.004423496313393116
2.2,1.1290098598838316,0.004397367127239704
2.2,1.2271846303085128,0.004402690101414919
2.2,1.325359400733194,0.004404446110129356
2.2,1.423534171157875,0.004397870972752571
2.2,1.5217089415825562,0.004396231845021248
2.2,1.619883712007237,0.004397659562528133
2.2,1.718058482431918,0.004398775286972523
2.2,1.8162332528565992,0.0044179633259773254
2.2,1.9144080232812803,0.0044055720791220665
2.2,2.0125827937059615,0.004410251043736935
2.2,2.110757564130642,0.004427303094416857
2.2,2.2089323345553233,0.00442592054605484
2.2,2.3071071049800045,0.004423913545906544
2.2,2.405281875404685,0.004420731216669083
2.2,2.5034566458293663,0.004419032949954271
2.2,2.6016314162540475,0.0044182343408465385
2.2,2.699806186678728,0.004395116586238146
2.2,2.7979809571034093,0.004395090043544769
2.2,2.8961557275280905,0.0043959361501038074
2.2,2.9943304979527716,0.004390242509543896
2.2,3.0925052683774528,0.004385293927043676
2.3,-3.0925052683774528,0.0043840426951646805
2.3,-2.994330497952771,0.004382956773042679
2.3,-2.8961557275280905,0.004394149873405695
2.3,-2.7979809571034098,0.004386402666568756
2.3,-2.699806186678728,0.004383446183055639
2.3,-2.6016314162540475,0.004396558273583651
2.3,-2.5034566458293668,0.004395939409732819
2.3,-2.405281875404685,0.0043947044759988785
2.3,-2.3071071049800045,0.004394827410578728
2.3,-2.208932334555323,0.004396038129925728
2.3,-2.110757564130642,0.004396708682179451
2.3,-2.0125827937059615,0.004384265281260014
2.3,-1.9144080232812801,0.004388457164168358
2.3,-1.8162332528565992,0.004394846968352795
2.3,-1.718058482431918,0.004389488138258457
2.3,-1.6198837120072371,0.0043857889249920845
2.3,-1.521708941582556,0.004384669009596109
2.3,-1.423534171157875,0.004391007125377655
2.3,-1.325359400733194,0.004396546166390181
2.3,-1.227184630308513,0.004395115189254284
2.3,-1.1290098598838318,0.004394758027046919
2.3,-1.030835089459151,0.004418062046170235
2.3,-0.93266031903447,0.004419808275997639
2.3,-0.8344855486097889,0.004421669524163008
2.3,-0.7363107781851077,0.0044255852699279785
2.3,-0.6381360077604266,0.004429528955370188
2.3,-0.5399612373357456,0.004432110581547022
2.3,-0.4417864669110647,0.004417057614773512
2.3,-0.34361169648638357,0.00442120898514986
2.3,-0.24543692606170264,0.004431177396327257
2.3,-0.14726215563702172,0.004418235272169113
2.3,-0.04908738521234057,0.004415111616253853
2.3,0.04908738521234057,0.0044167921878397465
2.3,0.14726215563702172,0.004418211057782173
2.3,0.24543692606170264,0.004430754575878382
2.3,0.34361169648638357,0.0044203563593328
2.3,0.4417864669110647,0.0044148992747068405
2.3,0.5399612373357456,0.004430559463799
2.3,0.6381360077604266,0.004428626038134098
2.3,0.7363107781851077,0.004423982929438353
2.3,0.8344855486097886,0.004421205259859562
2.3,0.9326603190344698,0.004422171972692013
2.3,1.030835089459151,0.004420704673975706
2.3,1.1290098598838316,0.0043961224146187305
2.3,1.2271846303085128,0.0043981014750897884
2.3,1.325359400733194,0.0044017937034368515
2.3,1.423534171157875,0.004395344760268927
2.3,1.5217089415825562,0.004394158720970154
2.3,1.619883712007237,0.004395211581140757
2.3,1.718058482431918,0.004397318232804537
2.3,1.8162332528565992,0.004404603969305754
2.3,1.9144080232812803,0.004404318053275347
2.3,2.0125827937059615,0.004401594400405884
2.3,2.110757564130642,0.004426892846822739
2.3,2.2089323345553233,0.004425820894539356
2.3,2.3071071049800045,0.004424045328050852
2.3,2.405281875404685,0.004420960322022438
2.3,2.5034566458293663,0.004419489298015833
2.3,2.6016314162540475,0.004418614786118269
2.3,2.699806186678728,0.004395278636366129
2.3,2.7979809571034093,0.004395449534058571
2.3,2.8961557275280905,0.004396286327391863
2.3,2.9943304979527716,0.004390608053654432
2.3,3.0925052683774528,0.004385948181152344
2.4,-3.0925052683774528,0.004382507875561714
2.4,-2.994330497952771,0.004381977953016758
2.4,-2.8961557275280905,0.004392052534967661
2.4,-2.7979809571034098,0.004385190084576607
2.4,-2.699806186678728,0.004382908809930086
2.4,-2.6016314162540475,0.004396544303745031
2.4,-2.5034566458293668,0.004396088421344757
2.4,-2.405281875404685,0.0043952614068984985
2.4,-2.3071071049800045,0.004395605064928532
2.4,-2.208932334555323,0.004396687727421522
2.4,-2.110757564130642,0.004397267941385508
2.4,-2.0125827937059615,0.004385750275105238
2.4,-1.9144080232812801,0.004392093513160944
2.4,-1.8162332528565992,0.004395073279738426
2.4,-1.718058482431918,0.004390115384012461
2.4,-1.6198837120072371,0.004386174492537975
2.4,-1.521708941582556,0.004384930711239576
2.4,-1.423534171157875,0.004391517024487257
2.4,-1.325359400733194,0.00439652381464839
2.4,-1.227184630308513,0.004395313560962677
2.4,-1.1290098598838318,0.004394931718707085
2.4,-1.030835089459151,0.004418424796313047
2.4,-0.93266031903447,0.00442042900249362
2.4,-0.8344855486097889,0.004422671627253294
2.4,-0.7363107781851077,0.004427256062626839
2.4,-0.6381360077604266,0.004431969486176968
2.4,-0.5399612373357456,0.004434916656464338
2.4,-0.4417864669110647,0.004420292563736439
2.4,-0.34361169648638357,0.004426064435392618
2.4,-0.24543692606170264,0.004437564872205257
2.4,-0.14726215563702172,0.004425628110766411
2.4,-0.04908738521234057,0.004422938451170921
2.4,0.04908738521234057,0.004424655809998512
2.4,0.14726215563702172,0.004425751511007547
2.4,0.24543692606170264,0.004437461961060762
2.4,0.34361169648638357,0.0044256094843149185
2.4,0.4417864669110647,0.004418977070599794
2.4,0.5399612373357456,0.004433749709278345
2.4,0.6381360077604266,0.004431149456650019
2.4,0.7363107781851077,0.0044257910922169685
2.4,0.8344855486097886,0.004422096535563469
2.4,0.9326603190344698,0.004422037396579981
2.4,1.030835089459151,0.004420091398060322
2.4,1.1290098598838316,0.00439568143337965
2.4,1.2271846303085128,0.004396427888423204
2.4,1.325359400733194,0.004400512203574181
2.4,1.423534171157875,0.004394282586872578
2.4,1.5217089415825562,0.004392385017126799
2.4,1.619883712007237,0.0043942611664533615
2.4,1.718058482431918,0.004395952448248863
2.4,1.8162332528565992,0.00440335413441062
2.4,1.9144080232812803,0.0044030193239450455
2.4,2.0125827937059615,0.0044006472453475
2.4,2.110757564130642,0.004425065126270056
2.4,2.2089323345553233,0.004423579201102257
2.4,2.3071071049800045,0.004421605262905359
2.4,2.405281875404685,0.004418322816491127
2.4,2.5034566458293663,0.004416583105921745
2.4,2.6016314162540475,0.004415818024426699
2.4,2.699806186678728,0.00439434265717864
2.4,2.7979809571034093,0.004393964074552059
2.4,2.8961557275280905,0.0043952204287052155
2.4,2.9943304979527716,0.004389549605548382
2.4,3.0925052683774528,0.00438378332182765
2.5,-3.0925052683774528,0.0043803113512694836
2.5,-2.994330497952771,0.004379278514534235
2.5,-2.8961557275280905,0.0043907854706048965
2.5,-2.7979809571034098,0.004382726736366749
2.5,-2.699806186678728,0.004380006808787584
2.5,-2.6016314162540475,0.004395371302962303
2.5,-2.5034566458293668,0.004394670017063618
2.5,-2.405281875404685,0.004393269773572683
2.5,-2.3071071049800045,0.004393415525555611
2.5,-2.208932334555323,0.004394669085741043
2.5,-2.110757564130642,0.004395341034978628
2.5,-2.0125827937059615,0.004380149766802788
2.5,-1.9144080232812801,0.004384353756904602
2.5,-1.8162332528565992,0.004392880480736494
2.5,-1.718058482431918,0.004381200764328241
2.5,-1.6198837120072371,0.004382442682981491
2.5,-1.521708941582556,0.0043819257989525795
2.5,-1.423534171157875,0.004389823880046606
2.5,-1.325359400733194,0.004395873751491308
2.5,-1.227184630308513,0.004394590854644775
2.5,-1.1290098598838318,0.004394720774143934
2.5,-1.030835089459151,0.004418515600264072
2.5,-0.93266031903447,0.00442099291831255
2.5,-0.8344855486097889,0.004424102604389191
2.5,-0.7363107781851077,0.0044293031096458435
2.5,-0.6381360077604266,0.004434887319803238
2.5,-0.5399612373357456,0.004438404459506273
2.5,-0.4417864669110647,0.004424279555678368
2.5,-0.34361169648638357,0.004430563189089298
2.5,-0.24543692606170264,0.004442074801772833
2.5,-0.14726215563702172,0.004430226515978575
2.5,-0.04908738521234057,0.004427808336913586
2.5,0.04908738521234057,0.004428976681083441
2.5,0.14726215563702172,0.004429392516613007
2.5,0.24543692606170264,0.004440355114638805
2.5,0.34361169648638357,0.004427566193044186
2.5,0.4417864669110647,0.004420002922415733
2.5,0.5399612373357456,0.004434229806065559
2.5,0.6381360077604266,0.004431236069649458
2.5,0.7363107781851077,0.004425634630024433
2.5,0.8344855486097886,0.0044218492694199085
2.5,0.9326603190344698,0.004422123543918133
2.5,1.030835089459151,0.004420530050992966
2.5,1.1290098598838316,0.004395960830152035
2.5,1.2271846303085128,0.004397052340209484
2.5,1.325359400733194,0.004401670768857002
2.5,1.423534171157875,0.004395134747028351
2.5,1.5217089415825562,0.004394172690808773
2.5,1.619883712007237,0.00439526978880167
2.5,1.718058482431918,0.004397517070174217
2.5,1.8162332528565992,0.004405087325721979
2.5,1.9144080232812803,0.004405055195093155
2.5,2.0125827937059615,0.004401771351695061
2.5,2.110757564130642,0.00442667119204998
2.5,2.2089323345553233,0.0044245668686926365
2.5,2.3071071049800045,0.004421593155711889
2.5,2.405281875404685,0.004417383577674627
2.5,2.5034566458293663,0.0044148582965135574
2.5,2.6016314162540475,0.004413516726344824
2.5,2.699806186678728,0.0043931929394602776
2.5,2.7979809571034093,0.0043920669704675674
2.5,2.8961557275280905,0.004394124262034893
2.5,2.9943304979527716,0.004381837788969278
2.5,3.0925052683774528,0.004381511826068163
2.6,-3.0925052683774528,0.0043838974088430405
2.6,-2.994330497952771,0.004383680876344442
2.6,-2.8961557275280905,0.00439393799751997
2.6,-2.7979809571034098,0.0043863700702786446
2.6,-2.699806186678728,0.004382856655865908
2.6,-2.6016314162540475,0.0043961284682154655
2.6,-2.5034566458293668,0.0043954686261713505
2.6,-2.405281875404685,0.004394277930259705
2.6,-2.3071071049800045,0.004394402261823416
2.6,-2.208932334555323,0.004395552445203066
2.6,-2.110757564130642,0.004396252799779177
2.6,-2.0125827937059615,0.004383022431284189
2.6,-1.9144080232812801,0.004387392662465572
2.6,-1.8162332528565992,0.004394399467855692
2.6,-1.718058482431918,0.004389404784888029
2.6,-1.6198837120072371,0.004385679494589567
2.6,-1.521708941582556,0.004384554922580719
2.6,-1.423534171157875,0.004391270224004984
2.6,-1.325359400733194,0.004396388307213783
2.6,-1.227184630308513,0.004395115189254284
2.6,-1.1290098598838318,0.004394643474370241
2.6,-1.030835089459151,0.004417369607836008
2.6,-0.93266031903447,0.004418907221406698
2.6,-0.8344855486097889,0.004421232733875513
2.6,-0.7363107781851077,0.0044268835335969925
2.6,-0.6381360077604266,0.004432772286236286
2.6,-0.5399612373357456,0.004435140639543533
2.6,-0.4417864669110647,0.004420400597155094
2.6,-0.34361169648638357,0.004427727311849594
2.6,-0.24543692606170264,0.004439269192516804
2.6,-0.14726215563702172,0.004427630454301834
2.6,-0.04908738521234057,0.004425141029059887
2.6,0.04908738521234057,0.004426388535648584
2.6,0.14726215563702172,0.004426669795066118
2.6,0.24543692606170264,0.004437354858964682
2.6,0.34361169648638357,0.004424902610480785
2.6,0.4417864669110647,0.0044175307266414165
2.6,0.5399612373357456,0.004432049114257097
2.6,0.6381360077604266,0.0044287280179560184
2.6,0.7363107781851077,0.004422998987138271
2.6,0.8344855486097886,0.00441957451403141
2.6,0.9326603190344698,0.004420137032866478
2.6,1.030835089459151,0.004418894182890654
2.6,1.1290098598838316,0.004395517986267805
2.6,1.2271846303085128,0.004396684467792511
2.6,1.325359400733194,0.004401063546538353
2.6,1.423534171157875,0.004394959658384323
2.6,1.5217089415825562,0.004393818788230419
2.6,1.619883712007237,0.00439506396651268
2.6,1.718058482431918,0.004397017881274223
2.6,1.8162332528565992,0.004404221661388874
2.6,1.9144080232812803,0.004403706174343824
2.6,2.0125827937059615,0.004400903359055519
2.6,2.110757564130642,0.004425150342285633
2.6,2.2089323345553233,0.00442346790805459
2.6,2.3071071049800045,0.004421459045261145
2.6,2.405281875404685,0.004418237134814262
2.6,2.5034566458293663,0.004416784271597862
2.6,2.6016314162540475,0.004416010342538357
2.6,2.699806186678728,0.004394264426082373
2.6,2.7979809571034093,0.004393964074552059
2.6,2.8961557275280905,0.004395617637783289
2.6,2.9943304979527716,0.0043900576420128345
2.6,3.0925052683774528,0.0043852743692696095
2.7,-3.0925052683774528,0.004379945807158947
2.7,-2.994330497952771,0.0043794852681458
2.7,-2.8961557275280905,0.004389574285596609
2.7,-2.7979809571034098,0.00438244454562664
2.7,-2.699806186678728,0.00437956303358078
2.7,-2.6016314162540475,0.004395104479044676
2.7,-2.5034566458293668,0.004394499585032463
2.7,-2.405281875404685,0.00439321668818593
2.7,-2.3071071049800045,0.00439342949539423
2.7,-2.208932334555323,0.004394655581563711
2.7,-2.110757564130642,0.004395347088575363
2.7,-2.0125827937059615,0.00438039842993021
2.7,-1.9144080232812801,0.004384807776659727
2.7,-1.8162332528565992,0.004392825998365879
2.7,-1.718058482431918,0.004382662009447813
2.7,-1.6198837120072371,0.004383416846394539
2.7,-1.521708941582556,0.004382462240755558
2.7,-1.423534171157875,0.004390171729028225
2.7,-1.325359400733194,0.0043955096043646336
2.7,-1.227184630308513,0.004394069779664278
2.7,-1.1290098598838318,0.004394123330712318
2.7,-1.030835089459151,0.004416235722601414
2.7,-0.93266031903447,0.0044179013930261135
2.7,-0.8344855486097889,0.004421246703714132
2.7,-0.7363107781851077,0.004427184350788593
2.7,-0.6381360077604266,0.004432979039847851
2.7,-0.5399612373357456,0.004435684997588396
2.7,-0.4417864669110647,0.004421591758728027
2.7,-0.34361169648638357,0.004428672604262829
2.7,-0.24543692606170264,0.00444023497402668
2.7,-0.14726215563702172,0.004428567364811897
2.7,-0.04908738521234057,0.004426046274602413
2.7,0.04908738521234057,0.004427351988852024
2.7,0.14726215563702172,0.004427827894687653
2.7,0.24543692606170264,0.004438865929841995
2.7,0.34361169648638357,0.0044265612959861755
2.7,0.4417864669110647,0.004419761709868908
2.7,0.5399612373357456,0.004434533882886171
2.7,0.6381360077604266,0.004431881010532379
2.7,0.7363107781851077,0.00442685279995203
2.7,0.8344855486097886,0.0044240802526474
2.7,0.9326603190344698,0.004425194580107927
2.7,1.030835089459151,0.004424102604389191
2.7,1.1290098598838316,0.004397482145577669
2.7,1.2271846303085128,0.004402676597237587
2.7,1.325359400733194,0.004404256120324135
2.7,1.423534171157875,0.004398020915687084
2.7,1.5217089415825562,0.004396482836455107
2.7,1.619883712007237,0.004397968295961618
2.7,1.718058482431918,0.004399172030389309
2.7,1.8162332528565992,0.004418840166181326
2.7,1.9144080232812803,0.004405767656862736
2.7,2.0125827937059615,0.004401961341500282
2.7,2.110757564130642,0.004426664672791958
2.7,2.2089323345553233,0.004424543585628271
2.7,2.3071071049800045,0.00442180410027504
2.7,2.405281875404685,0.004417720716446638
2.7,2.5034566458293663,0.004415222909301519
2.7,2.6016314162540475,0.004413993563503027
2.7,2.699806186678728,0.004393348935991526
2.7,2.7979809571034093,0.0043922471813857555
2.7,2.8961557275280905,0.004394039046019316
2.7,2.9943304979527716,0.0043827383778989315
2.7,3.0925052683774528,0.004381617531180382
2.8,-3.0925052683774528,0.004380856174975634
2.8,-2.994330497952771,0.004380722064524889
2.8,-2.8961557275280905,0.00439021922647953
2.8,-2.7979809571034098,0.004382987506687641
2.8,-2.699806186678728,0.004380352329462767
2.8,-2.6016314162540475,0.004395490046590567
2.8,-2.5034566458293668,0.004394912160933018
2.8,-2.405281875404685,0.004393835086375475
2.8,-2.3071071049800045,0.004393985494971275
2.8,-2.208932334555323,0.0043950676918029785
2.8,-2.110757564130642,0.004395735915750265
2.8,-2.0125827937059615,0.004381193779408932
2.8,-1.9144080232812801,0.004385028500109911
2.8,-1.8162332528565992,0.004392850678414106
2.8,-1.718058482431918,0.004383198916912079
2.8,-1.6198837120072371,0.004383965395390987
2.8,-1.521708941582556,0.004382921848446131
2.8,-1.423534171157875,0.0043908534571528435
2.8,-1.325359400733194,0.004395619500428438
2.8,-1.227184630308513,0.004394328687340021
2.8,-1.1290098598838318,0.004394334740936756
2.8,-1.030835089459151,0.004416611976921558
2.8,-0.93266031903447,0.004418118391185999
2.8,-0.8344855486097889,0.004421562422066927
2.8,-0.7363107781851077,0.004427689593285322
2.8,-0.6381360077604266,0.004433271009474993
2.8,-0.5399612373357456,0.004435923881828785
2.8,-0.4417864669110647,0.004421799443662167
2.8,-0.34361169648638357,0.004428473301231861
2.8,-0.24543692606170264,0.004439924843609333
2.8,-0.14726215563702172,0.004427996929734945
2.8,-0.04908738521234057,0.004425487481057644
2.8,0.04908738521234057,0.004426663275808096
2.8,0.14726215563702172,0.004427403211593628
2.8,0.24543692606170264,0.0044383397325873375
2.8,0.34361169648638357,0.004425909370183945
2.8,0.4417864669110647,0.0044191861525177956
2.8,0.5399612373357456,0.004434104077517986
2.8,0.6381360077604266,0.00443139998242259
2.8,0.7363107781851077,0.00442645326256752
2.8,0.8344855486097886,0.004423494450747967
2.8,0.9326603190344698,0.004424358252435923
2.8,1.030835089459151,0.004423145204782486
2.8,1.1290098598838316,0.004397063981741667
2.8,1.2271846303085128,0.004401594400405884
2.8,1.325359400733194,0.004403361119329929
2.8,1.423534171157875,0.004396969452500343
2.8,1.5217089415825562,0.004395260475575924
2.8,1.619883712007237,0.004396659322082996
2.8,1.718058482431918,0.00439776387065649
2.8,1.8162332528565992,0.004404951818287373
2.8,1.9144080232812803,0.004404416307806969
2.8,2.0125827937059615,0.004401110578328371
2.8,2.110757564130642,0.004425487015396357
2.8,2.2089323345553233,0.004423796199262142
2.8,2.3071071049800045,0.004421554505825043
2.8,2.405281875404685,0.00441786227747798
2.8,2.5034566458293663,0.0044157071970403194
2.8,2.6016314162540475,0.0044147721491754055
2.8,2.699806186678728,0.004393782000988722
2.8,2.7979809571034093,0.004392951261252165
2.8,2.8961557275280905,0.004394562914967537
2.8,2.9943304979527716,0.004388743545860052
2.8,3.0925052683774528,0.00438238400965929
2.9,-3.0925052683774528,0.004383462946861982
2.9,-2.994330497952771,0.004383479245007038
2.9,-2.8961557275280905,0.004394018556922674
2.9,-2.7979809571034098,0.004387192893773317
2.9,-2.699806186678728,0.004384335596114397
2.9,-2.6016314162540475,0.004396792035549879
2.9,-2.5034566458293668,0.0043962630443274975
2.9,-2.405281875404685,0.004395137075334787
2.9,-2.3071071049800045,0.0043952385894954205
2.9,-2.208932334555323,0.004396255128085613
2.9,-2.110757564130642,0.004396806936711073
2.9,-2.0125827937059615,0.004384262952953577
2.9,-1.9144080232812801,0.004388269502669573
2.9,-1.8162332528565992,0.004394721705466509
2.9,-1.718058482431918,0.004389734007418156
2.9,-1.6198837120072371,0.004386322107166052
2.9,-1.521708941582556,0.004385562147945166
2.9,-1.423534171157875,0.0043920367024838924
2.9,-1.325359400733194,0.004398877266794443
2.9,-1.227184630308513,0.004396019969135523
2.9,-1.1290098598838318,0.0043959044851362705
2.9,-1.030835089459151,0.004421189893037081
2.9,-0.93266031903447,0.004423175938427448
2.9,-0.8344855486097889,0.004425324033945799
2.9,-0.7363107781851077,0.004429911728948355
2.9,-0.6381360077604266,0.004434407688677311
2.9,-0.5399612373357456,0.004436204209923744
2.9,-0.4417864669110647,0.004420846700668335
2.9,-0.34361169648638357,0.004425344988703728
2.9,-0.24543692606170264,0.004435245878994465
2.9,-0.14726215563702172,0.004422320518642664
2.9,-0.04908738521234057,0.004418712109327316
2.9,0.04908738521234057,0.004419828299432993
2.9,0.14726215563702172,0.004420905839651823
2.9,0.24543692606170264,0.00443264190107584
2.9,0.34361169648638357,0.00442137848585844
2.9,0.4417864669110647,0.004415752831846476
2.9,0.5399612373357456,0.004431138746440411
2.9,0.6381360077604266,0.00442852359265089
2.9,0.7363107781851077,0.004423697013407946
2.9,0.8344855486097886,0.004420788958668709
2.9,0.9326603190344698,0.00442166905850172
2.9,1.030835089459151,0.004420475102961063
2.9,1.1290098598838316,0.004396066535264254
2.9,1.2271846303085128,0.00439720181748271
2.9,1.325359400733194,0.004401543643325567
2.9,1.423534171157875,0.004395294934511185
2.9,1.5217089415825562,0.004393921699374914
2.9,1.619883712007237,0.004394922871142626
2.9,1.718058482431918,0.004396688658744097
2.9,1.8162332528565992,0.004403901752084494
2.9,1.9144080232812803,0.004403159487992525
2.9,2.0125827937059615,0.004400676116347313
2.9,2.110757564130642,0.004424906801432371
2.9,2.2089323345553233,0.0044233533553779125
2.9,2.3071071049800045,0.004421566613018513
2.9,2.405281875404685,0.004418531432747841
2.9,2.5034566458293663,0.004416752606630325
2.9,2.6016314162540475,0.0044159735552966595
2.9,2.699806186678728,0.004394284915179014
2.9,2.7979809571034093,0.004393983166664839
2.9,2.8961557275280905,0.004395530093461275
2.9,2.9943304979527716,0.004389776848256588
2.9,3.0925052683774528,0.0043846722692251205
3.0,-3.0925052683774528,0.0043847812339663506
3.0,-2.994330497952771,0.00438949279487133
3.0,-2.8961557275280905,0.0043947407975792885
3.0,-2.7979809571034098,0.004391747061163187
3.0,-2.699806186678728,0.004385712556540966
3.0,-2.6016314162540475,0.004397207871079445
3.0,-2.5034566458293668,0.004396668169647455
3.0,-2.405281875404685,0.004395477008074522
3.0,-2.3071071049800045,0.004395526833832264
3.0,-2.208932334555323,0.004396422300487757
3.0,-2.110757564130642,0.004396914038807154
3.0,-2.0125827937059615,0.004384475294500589
3.0,-1.9144080232812801,0.004388292320072651
3.0,-1.8162332528565992,0.004394592251628637
3.0,-1.718058482431918,0.004389597102999687
3.0,-1.6198837120072371,0.004385749809443951
3.0,-1.521708941582556,0.004384892992675304
3.0,-1.423534171157875,0.00439169816672802
3.0,-1.325359400733194,0.0043968078680336475
3.0,-1.227184630308513,0.004395933821797371
3.0,-1.1290098598838318,0.004395460244268179
3.0,-1.030835089459151,0.004419729113578796
3.0,-0.93266031903447,0.004421650432050228
3.0,-0.8344855486097889,0.004424023441970348
3.0,-0.7363107781851077,0.0044284095056355
3.0,-0.6381360077604266,0.004432631656527519
3.0,-0.5399612373357456,0.004434605129063129
3.0,-0.4417864669110647,0.004419468343257904
3.0,-0.34361169648638357,0.004423732403665781
3.0,-0.24543692606170264,0.0044339424930512905
3.0,-0.14726215563702172,0.004421023186296225
3.0,-0.04908738521234057,0.004417728632688522
3.0,0.04908738521234057,0.004418995231389999
3.0,0.14726215563702172,0.004420277662575245
3.0,0.24543692606170264,0.004432287532836199
3.0,0.34361169648638357,0.0044210487976670265
3.0,0.4417864669110647,0.004415958188474178
3.0,0.5399612373357456,0.004431305918842554
3.0,0.6381360077604266,0.004428681451827288
3.0,0.7363107781851077,0.004423694219440222
3.0,0.8344855486097886,0.004420725163072348
3.0,0.9326603190344698,0.004421366844326258
3.0,1.030835089459151,0.004420069046318531
3.0,1.1290098598838316,0.0043958984315395355
3.0,1.2271846303085128,0.004397088661789894
3.0,1.325359400733194,0.004401754587888718
3.0,1.423534171157875,0.004395670257508755
3.0,1.5217089415825562,0.004394403658807278
3.0,1.619883712007237,0.004395425785332918
3.0,1.718058482431918,0.004397698678076267
3.0,1.8162332528565992,0.004405064508318901
3.0,1.9144080232812803,0.004404870793223381
3.0,2.0125827937059615,0.004401666112244129
3.0,2.110757564130642,0.004426430445164442
3.0,2.2089323345553233,0.00442461809143424
3.0,2.3071071049800045,0.004422399215400219
3.0,2.405281875404685,0.004419136792421341
3.0,2.5034566458293663,0.004417001735419035
3.0,2.6016314162540475,0.004416125360876322
3.0,2.699806186678728,0.004394350573420525
3.0,2.7979809571034093,0.004394206218421459
3.0,2.8961557275280905,0.004395871888846159
3.0,2.9943304979527716,0.004390363581478596
3.0,3.0925052683774528,0.004385758191347122
3.1,-3.0925052683774528,0.004377999808639288
3.1,-2.994330497952771,0.004377736710011959
3.1,-2.8961557275280905,0.0043882206082344055
3.1,-2.7979809571034098,0.004381137900054455
3.1,-2.699806186678728,0.004378474783152342
3.1,-2.6016314162540475,0.004394775256514549
3.1,-2.5034566458293668,0.004394061863422394
3.1,-2.405281875404685,0.004391578026115894
3.1,-2.3071071049800045,0.004392185714095831
3.1,-2.208932334555323,0.004394182935357094
3.1,-2.110757564130642,0.004395047668367624
3.1,-2.0125827937059615,0.004379364661872387
3.1,-1.9144080232812801,0.004383481107652187
3.1,-1.8162332528565992,0.004391760099679232
3.1,-1.718058482431918,0.004381462465971708
3.1,-1.6198837120072371,0.004382546525448561
3.1,-1.521708941582556,0.004382435232400894
3.1,-1.423534171157875,0.004390583373606205
3.1,-1.325359400733194,0.004396341275423765
3.1,-1.227184630308513,0.004395369905978441
3.1,-1.1290098598838318,0.004395215306431055
3.1,-1.030835089459151,0.0044195568189024925
3.1,-0.93266031903447,0.0044215377420187
3.1,-0.8344855486097889,0.004424337297677994
3.1,-0.7363107781851077,0.0044301762245595455
3.1,-0.6381360077604266,0.0044358656741678715
3.1,-0.5399612373357456,0.004438118077814579
3.1,-0.4417864669110647,0.004423823673278093
3.1,-0.34361169648638357,0.004430991597473621
3.1,-0.24543692606170264,0.004443835467100143
3.1,-0.14726215563702172,0.004432125482708216
3.1,-0.04908738521234057,0.004429677966982126
3.1,0.04908738521234057,0.004431028384715319
3.1,0.14726215563702172,0.004431699402630329
3.1,0.24543692606170264,0.004442485049366951
3.1,0.34361169648638357,0.004429573193192482
3.1,0.4417864669110647,0.004422019701451063
3.1,0.5399612373357456,0.0044362666085362434
3.1,0.6381360077604266,0.004433124326169491
3.1,0.7363107781851077,0.004427838604897261
3.1,0.8344855486097886,0.00442437594756484
3.1,0.9326603190344698,0.00442493287846446
3.1,1.030835089459151,0.00442355964332819
3.1,1.1290098598838316,0.004397191572934389
3.1,1.2271846303085128,0.004401979502290487
3.1,1.325359400733194,0.004403776489198208
3.1,1.423534171157875,0.004397518001496792
3.1,1.5217089415825562,0.004396192729473114
3.1,1.619883712007237,0.0043978141620755196
3.1,1.718058482431918,0.004399031400680542
3.1,1.8162332528565992,0.00441868556663394
3.1,1.9144080232812803,0.00440572714433074
3.1,2.0125827937059615,0.00440195482224226
3.1,2.110757564130642,0.004426280502229929
3.1,2.2089323345553233,0.004423636943101883
3.1,2.3071071049800045,0.004420578479766846
3.1,2.405281875404685,0.004416110459715128
3.1,2.5034566458293663,0.004412592854350805
3.1,2.6016314162540475,0.004411298781633377
3.1,2.699806186678728,0.0043916418217122555
3.1,2.7979809571034093,0.00439134705811739
3.1,2.8961557275280905,0.004391804337501526
3.1,2.9943304979527716,0.004379688296467066
3.1,3.0925052683774528,0.004379234742373228
3.2,-3.0925052683774528,0.004383457824587822
3.2,-2.994330497952771,0.00438329391181469
3.2,-2.8961557275280905,0.004393938463181257
3.2,-2.7979809571034098,0.00438675656914711
3.2,-2.699806186678728,0.004383393097668886
3.2,-2.6016314162540475,0.004396287724375725
3.2,-2.5034566458293668,0.004395824391394854
3.2,-2.405281875404685,0.004394711926579475
3.2,-2.3071071049800045,0.0043948255479335785
3.2,-2.208932334555323,0.004395736381411552
3.2,-2.110757564130642,0.004396252334117889
3.2,-2.0125827937059615,0.004382587503641844
3.2,-1.9144080232812801,0.004386215470731258
3.2,-1.8162332528565992,0.004393897484987974
3.2,-1.718058482431918,0.004383827093988657
3.2,-1.6198837120072371,0.004384259227663279
3.2,-1.521708941582556,0.00438407389447093
3.2,-1.423534171157875,0.004391413647681475
3.2,-1.325359400733194,0.004396697040647268
3.2,-1.227184630308513,0.004395782016217709
3.2,-1.1290098598838318,0.004395307507365942
3.2,-1.030835089459151,0.0044195037335157394
3.2,-0.93266031903447,0.004421082325279713
3.2,-0.8344855486097889,0.004423853009939194
3.2,-0.7363107781851077,0.0044292001985013485
3.2,-0.6381360077604266,0.004434114787727594
3.2,-0.5399612373357456,0.004435979761183262
3.2,-0.4417864669110647,0.004421210382133722
3.2,-0.34361169648638357,0.004427430685609579
3.2,-0.24543692606170264,0.004438586067408323
3.2,-0.14726215563702172,0.004426635801792145
3.2,-0.04908738521234057,0.0044242013245821
3.2,0.04908738521234057,0.004425297025591135
3.2,0.14726215563702172,0.00442587211728096
3.2,0.24543692606170264,0.004436838906258345
3.2,0.34361169648638357,0.004424363374710083
3.2,0.4417864669110647,0.004417052026838064
3.2,0.5399612373357456,0.004431597888469696
3.2,0.6381360077604266,0.004428177606314421
3.2,0.7363107781851077,0.004422623664140701
3.2,0.8344855486097886,0.004419040400534868
3.2,0.9326603190344698,0.004419398494064808
3.2,1.030835089459151,0.004418224096298218
3.2,1.1290098598838316,0.004395338706672192
3.2,1.2271846303085128,0.004396494477987289
3.2,1.325359400733194,0.004401103593409061
3.2,1.423534171157875,0.0043952506966888905
3.2,1.5217089415825562,0.004394069779664278
3.2,1.619883712007237,0.004395174793899059
3.2,1.718058482431918,0.0043970877304673195
3.2,1.8162332528565992,0.004404416307806969
3.2,1.9144080232812803,0.004404399078339338
3.2,2.0125827937059615,0.0044012004509568214
3.2,2.110757564130642,0.004425692372024059
3.2,2.2089323345553233,0.0044236877001821995
3.2,2.3071071049800045,0.004421612247824669
3.2,2.405281875404685,0.004418325610458851
3.2,2.5034566458293663,0.004415418952703476
3.2,2.6016314162540475,0.004414801020175219
3.2,2.699806186678728,0.004393822979182005
3.2,2.7979809571034093,0.00439348304644227
3.2,2.8961557275280905,0.0043953098356723785
3.2,2.9943304979527716,0.004389631561934948
3.2,3.0925052683774528,0.004384067840874195
3.3,-3.0925052683774528,0.004381129518151283
3.3,-2.994330497952771,0.00438059912994504
3.3,-2.8961557275280905,0.004392486996948719
3.3,-2.7979809571034098,0.004384890198707581
3.3,-2.699806186678728,0.004381997045129538
3.3,-2.6016314162540475,0.00439587002620101
3.3,-2.5034566458293668,0.004395317751914263
3.3,-2.405281875404685,0.004394074436277151
3.3,-2.3071071049800045,0.004394063260406256
3.3,-2.208932334555323,0.004394903313368559
3.3,-2.110757564130642,0.004395378287881613
3.3,-2.0125827937059615,0.004379501100629568
3.3,-1.9144080232812801,0.004382777959108353
3.3,-1.8162332528565992,0.004391331225633621
3.3,-1.718058482431918,0.004379470832645893
3.3,-1.6198837120072371,0.004381016828119755
3.3,-1.521708941582556,0.0043808454647660255
3.3,-1.423534171157875,0.004389399662613869
3.3,-1.325359400733194,0.0043955836445093155
3.3,-1.227184630308513,0.004394298419356346
3.3,-1.1290098598838318,0.004394566640257835
3.3,-1.030835089459151,0.004417821764945984
3.3,-0.93266031903447,0.004419807810336351
3.3,-0.8344855486097889,0.004422902129590511
3.3,-0.7363107781851077,0.004427989479154348
3.3,-0.6381360077604266,0.004432687070220709
3.3,-0.5399612373357456,0.004435029812157154
3.3,-0.4417864669110647,0.004420427605509758
3.3,-0.34361169648638357,0.004425832070410252
3.3,-0.24543692606170264,0.004436981398612261
3.3,-0.14726215563702172,0.004424560349434614
3.3,-0.04908738521234057,0.004421909339725971
3.3,0.04908738521234057,0.004423406440764666
3.3,0.14726215563702172,0.0044240886345505714
3.3,0.24543692606170264,0.004435788374394178
3.3,0.34361169648638357,0.004424321465194225
3.3,0.4417864669110647,0.0044178431853652
3.3,0.5399612373357456,0.004433013964444399
3.3,0.6381360077604266,0.004430202301591635
3.3,0.7363107781851077,0.004425215069204569
3.3,0.8344855486097886,0.0044225286692380905
3.3,0.9326603190344698,0.004423914942890406
3.3,1.030835089459151,0.004423091188073158
3.3,1.1290098598838316,0.004397321958094835
3.3,1.2271846303085128,0.004403254017233849
3.3,1.325359400733194,0.00440567173063755
3.3,1.423534171157875,0.004399582743644714
3.3,1.5217089415825562,0.004398701712489128
3.3,1.619883712007237,0.004400528036057949
3.3,1.718058482431918,0.00440162792801857
3.3,1.8162332528565992,0.004423783626407385
3.3,1.9144080232812803,0.004408965352922678
3.3,2.0125827937059615,0.0044140806421637535
3.3,2.110757564130642,0.004430082626640797
3.3,2.2089323345553233,0.004427725914865732
3.3,2.3071071049800045,0.004424246493726969
3.3,2.405281875404685,0.004420054145157337
3.3,2.5034566458293663,0.004416872747242451
3.3,2.6016314162540475,0.004415469244122505
3.3,2.699806186678728,0.004393839742988348
3.3,2.7979809571034093,0.004393147770315409
3.3,2.8961557275280905,0.0043949526734650135
3.3,2.9943304979527716,0.004388611763715744
3.3,3.0925052683774528,0.0043824054300785065
3.4,-3.0925052683774528,0.0043939813040196896
3.4,-2.994330497952771,0.004394871182739735
3.4,-2.8961557275280905,0.004400524776428938
3.4,-2.7979809571034098,0.004395538009703159
3.4,-2.699806186678728,0.0043936981819570065
3.4,-2.6016314162540475,0.004410753957927227
3.4,-2.5034566458293668,0.004409211687743664
3.4,-2.405281875404685,0.004397636279463768
3.4,-2.3071071049800045,0.004397600423544645
3.4,-2.208932334555323,0.00439850240945816
3.4,-2.110757564130642,0.004409097600728273
3.4,-2.0125827937059615,0.0043927510268986225
3.4,-1.9144080232812801,0.004394457209855318
3.4,-1.8162332528565992,0.004397116601467133
3.4,-1.718058482431918,0.004393000155687332
3.4,-1.6198837120072371,0.004392122384160757
3.4,-1.521708941582556,0.00439193332567811
3.4,-1.423534171157875,0.00439422857016325
3.4,-1.325359400733194,0.004400750622153282
3.4,-1.227184630308513,0.00439681950956583
3.4,-1.1290098598838318,0.00439567631110549
3.4,-1.030835089459151,0.0044192722998559475
3.4,-0.93266031903447,0.004419734235852957
3.4,-0.8344855486097889,0.004421026445925236
3.4,-0.7363107781851077,0.004423562437295914
3.4,-0.6381360077604266,0.004426022991538048
3.4,-0.5399612373357456,0.004427141975611448
3.4,-0.4417864669110647,0.004410884343087673
3.4,-0.34361169648638357,0.004406696651130915
3.4,-0.24543692606170264,0.004421572666615248
3.4,-0.14726215563702172,0.0044010397978127
3.4,-0.04908738521234057,0.004399556200951338
3.4,0.04908738521234057,0.0044003939256072044
3.4,0.14726215563702172,0.004400972276926041
3.4,0.24543692606170264,0.0044216588139534
3.4,0.34361169648638357,0.004405852407217026
3.4,0.4417864669110647,0.0044002593494951725
3.4,0.5399612373357456,0.0044238208793103695
3.4,0.6381360077604266,0.0044214981608092785
3.4,0.7363107781851077,0.004416932817548513
3.4,0.8344855486097886,0.004414976108819246
3.4,0.9326603190344698,0.004416733980178833
3.4,1.030835089459151,0.004416409879922867
3.4,1.1290098598838316,0.0043947272934019566
3.4,1.2271846303085128,0.0043963054195046425
3.4,1.325359400733194,0.004400942474603653
3.4,1.423534171157875,0.004395630210638046
3.4,1.5217089415825562,0.0043946439400315285
3.4,1.619883712007237,0.004396785981953144
3.4,1.718058482431918,0.00439775874838233
3.4,1.8162332528565992,0.004405032377690077
3.4,1.9144080232812803,0.0044050682336091995
3.4,2.0125827937059615,0.004401670768857002
3.4,2.110757564130642,0.004426857456564903
3.4,2.2089323345553233,0.004425360821187496
3.4,2.3071071049800045,0.004422671627253294
3.4,2.405281875404685,0.004420274868607521
3.4,2.5034566458293663,0.004419459030032158
3.4,2.6016314162540475,0.004419397097080946
3.4,2.699806186678728,0.004395913332700729
3.4,2.7979809571034093,0.004397138021886349
3.4,2.8961557275280905,0.0044013820588588715
3.4,2.9943304979527716,0.004394912626594305
3.4,3.0925052683774528,0.004394227173179388
3.5,-3.0925052683774528,0.0043806834146380424
3.5,-2.994330497952771,0.004380578175187111
3.5,-2.8961557275280905,0.004391084425151348
3.5,-2.7979809571034098,0.004384865052998066
3.5,-2.699806186678728,0.0043822526931762695
3.5,-2.6016314162540475,0.0043960437178611755
3.5,-2.5034566458293668,0.004395539406687021
3.5,-2.405281875404685,0.004394453018903732
3.5,-2.3071071049800045,0.004394502844661474
3.5,-2.208932334555323,0.004395289812237024
3.5,-2.110757564130642,0.004395699594169855
3.5,-2.0125827937059615,0.004380781669169664
3.5,-1.9144080232812801,0.004384379833936691
3.5,-1.8162332528565992,0.004391246475279331
3.5,-1.718058482431918,0.004381408449262381
3.5,-1.6198837120072371,0.004382225684821606
3.5,-1.521708941582556,0.004381576552987099
3.5,-1.423534171157875,0.004390090238302946
3.5,-1.325359400733194,0.0043957955203950405
3.5,-1.227184630308513,0.004394673276692629
3.5,-1.1290098598838318,0.004394725430756807
3.5,-1.030835089459151,0.004417890217155218
3.5,-0.93266031903447,0.004419646691530943
3.5,-0.8344855486097889,0.004422742407768965
3.5,-0.7363107781851077,0.004427099134773016
3.5,-0.6381360077604266,0.0044309478253126144
3.5,-0.5399612373357456,0.0044327788054943085
3.5,-0.4417864669110647,0.004417660646140575
3.5,-0.34361169648638357,0.0044225044548511505
3.5,-0.24543692606170264,0.00443396857008338
3.5,-0.14726215563702172,0.00442174356430769
3.5,-0.04908738521234057,0.004419481847435236
3.5,0.04908738521234057,0.0044218688271939754
3.5,0.14726215563702172,0.004423555918037891
3.5,0.24543692606170264,0.004435879178345203
3.5,0.34361169648638357,0.004425233695656061
3.5,0.4417864669110647,0.004419421311467886
3.5,0.5399612373357456,0.004435167647898197
3.5,0.6381360077604266,0.004433172754943371
3.5,0.7363107781851077,0.00442876061424613
3.5,0.8344855486097886,0.0044266339391469955
3.5,0.9326603190344698,0.004427942913025618
3.5,1.030835089459151,0.004427175968885422
3.5,1.1290098598838316,0.004401057958602905
3.5,1.2271846303085128,0.004405217710882425
3.5,1.325359400733194,0.004419548902660608
3.5,1.423534171157875,0.004400493577122688
3.5,1.5217089415825562,0.0043989745900034904
3.5,1.619883712007237,0.004400474485009909
3.5,1.718058482431918,0.0044013685546815395
3.5,1.8162332528565992,0.004422916565090418
3.5,1.9144080232812803,0.004408219363540411
3.5,2.0125827937059615,0.004412653855979443
3.5,2.110757564130642,0.004428498912602663
3.5,2.2089323345553233,0.004425891675055027
3.5,2.3071071049800045,0.004421519581228495
3.5,2.405281875404685,0.004416732583194971
3.5,2.5034566458293663,0.0044141970574855804
3.5,2.6016314162540475,0.004412747919559479
3.5,2.699806186678728,0.0043929084204137325
3.5,2.7979809571034093,0.004392016679048538
3.5,2.8961557275280905,0.004393784329295158
3.5,2.9943304979527716,0.0043822783045470715
3.5,3.0925052683774528,0.00438143964856863
3.6,-3.0925052683774528,0.004384852945804596
3.6,-2.994330497952771,0.004389409441500902
3.6,-2.8961557275280905,0.0043945605866611
3.6,-2.7979809571034098,0.004388005472719669
3.6,-2.699806186678728,0.004384435713291168
3.6,-2.6016314162540475,0.004396634642034769
3.6,-2.5034566458293668,0.004395989701151848
3.6,-2.405281875404685,0.004394689109176397
3.6,-2.3071071049800045,0.004394658375531435
3.6,-2.208932334555323,0.004395508207380772
3.6,-2.110757564130642,0.004395965952426195
3.6,-2.0125827937059615,0.0043815369717776775
3.6,-1.9144080232812801,0.004384818486869335
3.6,-1.8162332528565992,0.004392390139400959
3.6,-1.718058482431918,0.004382288083434105
3.6,-1.6198837120072371,0.004382706247270107
3.6,-1.521708941582556,0.004381862469017506
3.6,-1.423534171157875,0.004390098620206118
3.6,-1.325359400733194,0.0043955459259450436
3.6,-1.227184630308513,0.0043940916657447815
3.6,-1.1290098598838318,0.004394161980599165
3.6,-1.030835089459151,0.004415863659232855
3.6,-0.93266031903447,0.0044168042950332165
3.6,-0.8344855486097889,0.004420687910169363
3.6,-0.7363107781851077,0.004425748251378536
3.6,-0.6381360077604266,0.004429624881595373
3.6,-0.5399612373357456,0.0044316137209534645
3.6,-0.4417864669110647,0.004416600335389376
3.6,-0.34361169648638357,0.004421810153871775
3.6,-0.24543692606170264,0.004432668909430504
3.6,-0.14726215563702172,0.004419967997819185
3.6,-0.04908738521234057,0.004416896030306816
3.6,0.04908738521234057,0.00441855750977993
3.6,0.14726215563702172,0.004420075565576553
3.6,0.24543692606170264,0.004432345274835825
3.6,0.34361169648638357,0.004421617835760117
3.6,0.4417864669110647,0.004415890667587519
3.6,0.5399612373357456,0.004432019777595997
3.6,0.6381360077604266,0.004430261440575123
3.6,0.7363107781851077,0.004426233936101198
3.6,0.8344855486097886,0.004424191080033779
3.6,0.9326603190344698,0.004425729624927044
3.6,1.030835089459151,0.004425051622092724
3.6,1.1290098598838316,0.004399873781949282
3.6,1.2271846303085128,0.004403542261570692
3.6,1.325359400733194,0.004405287094414234
3.6,1.423534171157875,0.004398945719003677
3.6,1.5217089415825562,0.004397384822368622
3.6,1.619883712007237,0.0043989322148263454
3.6,1.718058482431918,0.0044000837951898575
3.6,1.8162332528565992,0.004420761484652758
3.6,1.9144080232812803,0.004407227039337158
3.6,2.0125827937059615,0.004412463866174221
3.6,2.110757564130642,0.004428882617503405
3.6,2.2089323345553233,0.004426929168403149
3.6,2.3071071049800045,0.004423800855875015
3.6,2.405281875404685,0.004419918637722731
3.6,2.5034566458293663,0.004417761228978634
3.6,2.6016314162540475,0.004416611045598984
3.6,2.699806186678728,0.00439444137737155
3.6,2.7979809571034093,0.004394541494548321
3.6,2.8961557275280905,0.004395902622491121
3.6,2.9943304979527716,0.004390677437186241
3.6,3.0925052683774528,0.004385973792523146
3.7,-3.0925052683774528,0.0043869162909686565
3.7,-2.994330497952771,0.004390748683363199
3.7,-2.8961557275280905,0.004394829273223877
3.7,-2.7979809571034098,0.004392313305288553
3.7,-2.699806186678728,0.004387101158499718
3.7,-2.6016314162540475,0.004397667944431305
3.7,-2.5034566458293668,0.0043972693383693695
3.7,-2.405281875404685,0.004396357573568821
3.7,-2.3071071049800045,0.004396618809551001
3.7,-2.208932334555323,0.004397606011480093
3.7,-2.110757564130642,0.004400300327688456
3.7,-2.0125827937059615,0.004392051137983799
3.7,-1.9144080232812801,0.004393479786813259
3.7,-1.8162332528565992,0.004396151751279831
3.7,-1.718058482431918,0.00439252657815814
3.7,-1.6198837120072371,0.004390583839267492
3.7,-1.521708941582556,0.004388958215713501
3.7,-1.423534171157875,0.004393875133246183
3.7,-1.325359400733194,0.004399919882416725
3.7,-1.227184630308513,0.004396361298859119
3.7,-1.1290098598838318,0.0043956562876701355
3.7,-1.030835089459151,0.0044196248054504395
3.7,-0.93266031903447,0.004420472774654627
3.7,-0.8344855486097889,0.004422541242092848
3.7,-0.7363107781851077,0.0044266656041145325
3.7,-0.6381360077604266,0.004430507309734821
3.7,-0.5399612373357456,0.0044322083704173565
3.7,-0.4417864669110647,0.004417083226144314
3.7,-0.34361169648638357,0.004421568941324949
3.7,-0.24543692606170264,0.004431545734405518
3.7,-0.14726215563702172,0.004418880213052034
3.7,-0.04908738521234057,0.004415975417941809
3.7,0.04908738521234057,0.004417328629642725
3.7,0.14726215563702172,0.004418708384037018
3.7,0.24543692606170264,0.004430696833878756
3.7,0.34361169648638357,0.0044198837131261826
3.7,0.4417864669110647,0.00441369554027915
3.7,0.5399612373357456,0.004429698921740055
3.7,0.6381360077604266,0.004427430219948292
3.7,0.7363107781851077,0.0044229053892195225
3.7,0.8344855486097886,0.004420464858412743
3.7,0.9326603190344698,0.004421645775437355
3.7,1.030835089459151,0.004420927260071039
3.7,1.1290098598838316,0.004396271426230669
3.7,1.2271846303085128,0.004398575983941555
3.7,1.325359400733194,0.004410959780216217
3.7,1.423534171157875,0.004396433942019939
3.7,1.5217089415825562,0.004394650924950838
3.7,1.619883712007237,0.0043953899294137955
3.7,1.718058482431918,0.004397128242999315
3.7,1.8162332528565992,0.0044041904620826244
3.7,1.9144080232812803,0.004403532017022371
3.7,2.0125827937059615,0.004400657489895821
3.7,2.110757564130642,0.0044246092438697815
3.7,2.2089323345553233,0.004422809928655624
3.7,2.3071071049800045,0.0044207037426531315
3.7,2.405281875404685,0.004417842719703913
3.7,2.5034566458293663,0.004416314419358969
3.7,2.6016314162540475,0.0044156638905406
3.7,2.699806186678728,0.004394422750920057
3.7,2.7979809571034093,0.004394842311739922
3.7,2.8961557275280905,0.004395924508571625
3.7,2.9943304979527716,0.004391887225210667
3.7,3.0925052683774528,0.0043875351548194885
3.8,-3.0925052683774528,0.00438244454562664
3.8,-2.994330497952771,0.004381642211228609
3.8,-2.8961557275280905,0.0043928069062530994
3.8,-2.7979809571034098,0.004385102540254593
3.8,-2.699806186678728,0.004381781443953514
3.8,-2.6016314162540475,0.004395762924104929
3.8,-2.5034566458293668,0.00439512450248003
3.8,-2.405281875404685,0.004393972456455231
3.8,-2.3071071049800045,0.00439407117664814
3.8,-2.208932334555323,0.004394887015223503
3.8,-2.110757564130642,0.0043953885324299335
3.8,-2.0125827937059615,0.004380224272608757
3.8,-1.9144080232812801,0.004384335596114397
3.8,-1.8162332528565992,0.004391717724502087
3.8,-1.718058482431918,0.004380465019494295
3.8,-1.6198837120072371,0.0043819802813231945
3.8,-1.521708941582556,0.004381486214697361
3.8,-1.423534171157875,0.0043894099071621895
3.8,-1.325359400733194,0.0043954853899776936
3.8,-1.227184630308513,0.004393824841827154
3.8,-1.1290098598838318,0.004393911454826593
3.8,-1.030835089459151,0.004415653645992279
3.8,-0.93266031903447,0.004417388699948788
3.8,-0.8344855486097889,0.004420146811753511
3.8,-0.7363107781851077,0.00442551588639617
3.8,-0.6381360077604266,0.004430748987942934
3.8,-0.5399612373357456,0.004433207679539919
3.8,-0.4417864669110647,0.004418391268700361
3.8,-0.34361169648638357,0.004423525184392929
3.8,-0.24543692606170264,0.004434221424162388
3.8,-0.14726215563702172,0.004421744029968977
3.8,-0.04908738521234057,0.004419116303324699
3.8,0.04908738521234057,0.004420577548444271
3.8,0.14726215563702172,0.00442133191972971
3.8,0.24543692606170264,0.004433019086718559
3.8,0.34361169648638357,0.004422381520271301
3.8,0.4417864669110647,0.004416479263454676
3.8,0.5399612373357456,0.004432490095496178
3.8,0.6381360077604266,0.004430559463799
3.8,0.7363107781851077,0.004426438827067614
3.8,0.8344855486097886,0.004424482583999634
3.8,0.9326603190344698,0.0044262344017624855
3.8,1.030835089459151,0.004425616469234228
3.8,1.1290098598838316,0.0044004227966070175
3.8,1.2271846303085128,0.004404576029628515
3.8,1.325359400733194,0.004418706055730581
3.8,1.423534171157875,0.004399951547384262
3.8,1.5217089415825562,0.004398470278829336
3.8,1.619883712007237,0.004399902652949095
3.8,1.718058482431918,0.004400980193167925
3.8,1.8162332528565992,0.004422442987561226
3.8,1.9144080232812803,0.0044079916551709175
3.8,2.0125827937059615,0.004413289483636618
3.8,2.110757564130642,0.004429599270224571
3.8,2.2089323345553233,0.004427731968462467
3.8,2.3071071049800045,0.00442460784688592
3.8,2.405281875404685,0.004420498386025429
3.8,2.5034566458293663,0.0044181812554597855
3.8,2.6016314162540475,0.004416733514517546
3.8,2.699806186678728,0.004394381772726774
3.8,2.7979809571034093,0.004394183866679668
3.8,2.8961557275280905,0.004395460244268179
3.8,2.9943304979527716,0.004389518406242132
3.8,3.0925052683774528,0.004384119529277086
3.9,-3.0925052683774528,0.004381471313536167
3.9,-2.994330497952771,0.004381050355732441
3.9,-2.8961557275280905,0.0043914346024394035
3.9,-2.7979809571034098,0.004383961670100689
3.9,-2.699806186678728,0.004380898084491491
3.9,-2.6016314162540475,0.004395458847284317
3.9,-2.5034566458293668,0.004394806921482086
3.9,-2.405281875404685,0.004393331706523895
3.9,-2.3071071049800045,0.004393366165459156
3.9,-2.208932334555323,0.004394428338855505
3.9,-2.110757564130642,0.004395023919641972
3.9,-2.0125827937059615,0.004378760699182749
3.9,-1.9144080232812801,0.004381662234663963
3.9,-1.8162332528565992,0.004388998728245497
3.9,-1.718058482431918,0.004379384219646454
3.9,-1.6198837120072371,0.004380292724817991
3.9,-1.521708941582556,0.0043796356767416
3.9,-1.423534171157875,0.004388958681374788
3.9,-1.325359400733194,0.004394814372062683
3.9,-1.227184630308513,0.004393409471958876
3.9,-1.1290098598838318,0.004393978510051966
3.9,-1.030835089459151,0.004416273441165686
3.9,-0.93266031903447,0.004417913034558296
3.9,-0.8344855486097889,0.0044212560169398785
3.9,-0.7363107781851077,0.004426190629601479
3.9,-0.6381360077604266,0.004430662840604782
3.9,-0.5399612373357456,0.0044334991835057735
3.9,-0.4417864669110647,0.004418902564793825
3.9,-0.34361169648638357,0.004423903301358223
3.9,-0.24543692606170264,0.004435000009834766
3.9,-0.14726215563702172,0.0044232881627976894
3.9,-0.04908738521234057,0.0044210199266672134
3.9,0.04908738521234057,0.004422764293849468
3.9,0.14726215563702172,0.0044237468391656876
3.9,0.24543692606170264,0.0044352812692523
3.9,0.34361169648638357,0.00442467862740159
3.9,0.4417864669110647,0.004418338183313608
3.9,0.5399612373357456,0.0044340286403894424
3.9,0.6381360077604266,0.004431760869920254
3.9,0.7363107781851077,0.0044273193925619125
3.9,0.8344855486097886,0.004424715414643288
3.9,0.9326603190344698,0.0044259862042963505
3.9,1.030835089459151,0.00442510424181819
3.9,1.1290098598838316,0.004399885423481464
3.9,1.2271846303085128,0.00440349243581295
3.9,1.325359400733194,0.004405351355671883
3.9,1.423534171157875,0.004399073775857687
3.9,1.5217089415825562,0.0043975235894322395
3.9,1.619883712007237,0.004399020224809647
3.9,1.718058482431918,0.004400233738124371
3.9,1.8162332528565992,0.004421097692102194
3.9,1.9144080232812803,0.0044074575416743755
3.9,2.0125827937059615,0.0044123344123363495
3.9,2.110757564130642,0.00442893011495471
3.9,2.2089323345553233,0.004426844883710146
3.9,2.3071071049800045,0.004423806443810463
3.9,2.405281875404685,0.004419728647917509
3.9,2.5034566458293663,0.00441744364798069
3.9,2.6016314162540475,0.004416103940457106
3.9,2.699806186678728,0.0043940418399870396
3.9,2.7979809571034093,0.004393500741571188
3.9,2.8961557275280905,0.0043947952799499035
3.9,2.9943304979527716,0.004389024339616299
3.9,3.0925052683774528,0.004382713697850704
4.0,-3.0925052683774528,0.004385846666991711
4.0,-2.994330497952771,0.004389963112771511
4.0,-2.8961557275280905,0.004395201802253723
4.0,-2.7979809571034098,0.004392080474644899
4.0,-2.699806186678728,0.004386201500892639
4.0,-2.6016314162540475,0.004397321492433548
4.0,-2.5034566458293668,0.004396859090775251
4.0,-2.405281875404685,0.004395649302750826
4.0,-2.3071071049800045,0.004395741503685713
4.0,-2.208932334555323,0.004396716132760048
4.0,-2.110757564130642,0.004397164564579725
4.0,-2.0125827937059615,0.004385421983897686
4.0,-1.9144080232812801,0.004392055328935385
4.0,-1.8162332528565992,0.004395205061882734
4.0,-1.718058482431918,0.004390113987028599
4.0,-1.6198837120072371,0.004386865999549627
4.0,-1.521708941582556,0.004386218264698982
4.0,-1.423534171157875,0.004392425995320082
4.0,-1.325359400733194,0.004399440251290798
4.0,-1.227184630308513,0.004396101925522089
4.0,-1.1290098598838318,0.0043956986628472805
4.0,-1.030835089459151,0.004419958218932152
4.0,-0.93266031903447,0.004421198274940252
4.0,-0.8344855486097889,0.004422654863446951
4.0,-0.7363107781851077,0.004426032770425081
4.0,-0.6381360077604266,0.004429058637470007
4.0,-0.5399612373357456,0.004430555738508701
4.0,-0.4417864669110647,0.00441463990136981
4.0,-0.34361169648638357,0.004417335148900747
4.0,-0.24543692606170264,0.004426088649779558
4.0,-0.14726215563702172,0.004413033835589886
4.0,-0.04908738521234057,0.004401542246341705
4.0,0.04908738521234057,0.0044023627415299416
4.0,0.14726215563702172,0.004412241280078888
4.0,0.24543692606170264,0.004424652084708214
4.0,0.34361169648638357,0.004408371169120073
4.0,0.4417864669110647,0.004410859197378159
4.0,0.5399612373357456,0.004427565261721611
4.0,0.6381360077604266,0.004425874911248684
4.0,0.7363107781851077,0.004421932622790337
4.0,0.8344855486097886,0.004420039243996143
4.0,0.9326603190344698,0.004421708174049854
4.0,1.030835089459151,0.004421113524585962
4.0,1.1290098598838316,0.0043964390642941
4.0,1.2271846303085128,0.004400805104523897
4.0,1.325359400733194,0.004403223283588886
4.0,1.423534171157875,0.004397033713757992
4.0,1.5217089415825562,0.004395808093249798
4.0,1.619883712007237,0.004397602751851082
4.0,1.718058482431918,0.004398811608552933
4.0,1.8162332528565992,0.004418217111378908
4.0,1.9144080232812803,0.004406012129038572
4.0,2.0125827937059615,0.004411289002746344
4.0,2.110757564130642,0.004428058862686157
4.0,2.2089323345553233,0.004426420666277409
4.0,2.3071071049800045,0.004424160812050104
4.0,2.405281875404685,0.004421016201376915
4.0,2.5034566458293663,0.0044192420318722725
4.0,2.6016314162540475,0.00441820127889514
4.0,2.699806186678728,0.004395083524286747
4.0,2.7979809571034093,0.004395509138703346
4.0,2.8961557275280905,0.004396480042487383
4.0,2.9943304979527716,0.004391154274344444
4.0,3.0925052683774528,0.004387057386338711
4.1,-3.0925052683774528,0.0043877908028662205
4.1,-2.994330497952771,0.004390686750411987
4.1,-2.8961557275280905,0.0043962448835372925
4.1,-2.7979809571034098,0.004393212962895632
4.1,-2.699806186678728,0.004392365925014019
4.1,-2.6016314162540475,0.004400812555104494
4.1,-2.5034566458293668,0.0043980455957353115
4.1,-2.405281875404685,0.004396908916532993
4.1,-2.3071071049800045,0.004396955017000437
4.1,-2.208932334555323,0.004397796466946602
4.1,-2.110757564130642,0.004400298465043306
4.1,-2.0125827937059615,0.004391883499920368
4.1,-1.9144080232812801,0.004392822738736868
4.1,-1.8162332528565992,0.004395758733153343
4.1,-1.718058482431918,0.004390731453895569
4.1,-1.6198837120072371,0.0043881735764443874
4.1,-1.521708941582556,0.004387378692626953
4.1,-1.423534171157875,0.004392707720398903
4.1,-1.325359400733194,0.004399512894451618
4.1,-1.227184630308513,0.004396223463118076
4.1,-1.1290098598838318,0.004395779687911272
4.1,-1.030835089459151,0.004420457407832146
4.1,-0.93266031903447,0.004421431105583906
4.1,-0.8344855486097889,0.004423392005264759
4.1,-0.7363107781851077,0.004425660241395235
4.1,-0.6381360077604266,0.004427574574947357
4.1,-0.5399612373357456,0.004428662359714508
4.1,-0.4417864669110647,0.00441195722669363
4.1,-0.34361169648638357,0.004407008644193411
4.1,-0.24543692606170264,0.004421445075422525
4.1,-0.14726215563702172,0.004400995559990406
4.1,-0.04908738521234057,0.004399226978421211
4.1,0.04908738521234057,0.004400309175252914
4.1,0.14726215563702172,0.004401111975312233
4.1,0.24543692606170264,0.0044213226065039635
4.1,0.34361169648638357,0.0044066705740988255
4.1,0.4417864669110647,0.00440133735537529
4.1,0.5399612373357456,0.004426088184118271
4.1,0.6381360077604266,0.004424588289111853
4.1,0.7363107781851077,0.004420480690896511
4.1,0.8344855486097886,0.004418376367539167
4.1,0.9326603190344698,0.004419837146997452
4.1,1.030835089459151,0.00441893981769681
4.1,1.1290098598838316,0.004395563155412674
4.1,1.2271846303085128,0.00439674174413085
4.1,1.325359400733194,0.0044015804305672646
4.1,1.423534171157875,0.00439517293125391
4.1,1.5217089415825562,0.0043943701311945915
4.1,1.619883712007237,0.004395524505525827
4.1,1.718058482431918,0.0043978639878332615
4.1,1.8162332528565992,0.00441686762496829
4.1,1.9144080232812803,0.0044054011814296246
4.1,2.0125827937059615,0.004410581663250923
4.1,2.110757564130642,0.004427564330399036
4.1,2.2089323345553233,0.004425936844199896
4.1,2.3071071049800045,0.004423738457262516
4.1,2.405281875404685,0.0044207461178302765
4.1,2.5034566458293663,0.004419210832566023
4.1,2.6016314162540475,0.004418498370796442
4.1,2.699806186678728,0.004395266529172659
4.1,2.7979809571034093,0.004396011587232351
4.1,2.8961557275280905,0.004397015552967787
4.1,2.9943304979527716,0.004391728900372982
4.1,3.0925052683774528,0.004389066714793444
4.2,-3.0925052683774528,0.0043884152546525
4.2,-2.994330497952771,0.00439048558473587
4.2,-2.8961557275280905,0.004397279117256403
4.2,-2.7979809571034098,0.0043937209993600845
4.2,-2.699806186678728,0.004392419476062059
4.2,-2.6016314162540475,0.004400920122861862
4.2,-2.5034566458293668,0.004398153629153967
4.2,-2.405281875404685,0.004396938253194094
4.2,-2.3071071049800045,0.00439709285274148
4.2,-2.208932334555323,0.00439833989366889
4.2,-2.110757564130642,0.004401219077408314
4.2,-2.0125827937059615,0.004392753355205059
4.2,-1.9144080232812801,0.004394929856061935
4.2,-1.8162332528565992,0.004398202057927847
4.2,-1.718058482431918,0.004392217844724655
4.2,-1.6198837120072371,0.004391548689454794
4.2,-1.521708941582556,0.004392581060528755
4.2,-1.423534171157875,0.00439419224858284
4.2,-1.325359400733194,0.004410712048411369
4.2,-1.227184630308513,0.00439892103895545
4.2,-1.1290098598838318,0.004396751988679171
4.2,-1.030835089459151,0.004422917030751705
4.2,-0.93266031903447,0.004423762205988169
4.2,-0.8344855486097889,0.004424277693033218
4.2,-0.7363107781851077,0.00442616268992424
4.2,-0.6381360077604266,0.004427705425769091
4.2,-0.5399612373357456,0.0044282241724431515
4.2,-0.4417864669110647,0.004411186557263136
4.2,-0.34361169648638357,0.0044060759246349335
4.2,-0.24543692606170264,0.004419596400111914
4.2,-0.14726215563702172,0.004399717785418034
4.2,-0.04908738521234057,0.004397627431899309
4.2,0.04908738521234057,0.004398508928716183
4.2,0.14726215563702172,0.004399011842906475
4.2,0.24543692606170264,0.004405793268233538
4.2,0.34361169648638357,0.00440434692427516
4.2,0.4417864669110647,0.004399855621159077
4.2,0.5399612373357456,0.004423806443810463
4.2,0.6381360077604266,0.004422924481332302
4.2,0.7363107781851077,0.004419588018208742
4.2,0.8344855486097886,0.004418254364281893
4.2,0.9326603190344698,0.004420407582074404
4.2,1.030835089459151,0.004419853910803795
4.2,1.1290098598838316,0.0043960679322481155
4.2,1.2271846303085128,0.004398711025714874
4.2,1.325359400733194,0.004412827547639608
4.2,1.423534171157875,0.004396570380777121
4.2,1.5217089415825562,0.004395921714603901
4.2,1.619883712007237,0.004398034419864416
4.2,1.718058482431918,0.0043988339602947235
4.2,1.8162332528565992,0.004417880903929472
4.2,1.9144080232812803,0.004405536223202944
4.2,2.0125827937059615,0.004401989281177521
4.2,2.110757564130642,0.004426680970937014
4.2,2.2089323345553233,0.004424776881933212
4.2,2.3071071049800045,0.004422435071319342
4.2,2.405281875404685,0.0044193877838552
4.2,2.5034566458293663,0.004417989403009415
4.2,2.6016314162540475,0.00441736588254571
4.2,2.699806186678728,0.004394864197820425
4.2,2.7979809571034093,0.004395590629428625
4.2,2.8961557275280905,0.004400058649480343
4.2,2.9943304979527716,0.004391005262732506
4.2,3.0925052683774528,0.0043884385377168655
4.3,-3.0925052683774528,0.004391433205455542
4.3,-2.994330497952771,0.004392690025269985
4.3,-2.8961557275280905,0.004397338721901178
4.3,-2.7979809571034098,0.004394526593387127
4.3,-2.699806186678728,0.00439296942204237
4.3,-2.6016314162540475,0.004409270826727152
4.3,-2.5034566458293668,0.004398379474878311
4.3,-2.405281875404685,0.004397185519337654
4.3,-2.3071071049800045,0.004397139418870211
4.3,-2.208932334555323,0.00439806841313839
4.3,-2.110757564130642,0.004400847014039755
4.3,-2.0125827937059615,0.004392299801111221
4.3,-1.9144080232812801,0.004393748007714748
4.3,-1.8162332528565992,0.004396728705614805
4.3,-1.718058482431918,0.00439180713146925
4.3,-1.6198837120072371,0.004390522371977568
4.3,-1.521708941582556,0.004389793612062931
4.3,-1.423534171157875,0.0043937345035374165
4.3,-1.325359400733194,0.004400691017508507
4.3,-1.227184630308513,0.0043968684040009975
4.3,-1.1290098598838318,0.004396060016006231
4.3,-1.030835089459151,0.004420515149831772
4.3,-0.93266031903447,0.0044213272631168365
4.3,-0.8344855486097889,0.004422565456479788
4.3,-0.7363107781851077,0.004424979444593191
4.3,-0.6381360077604266,0.004426578525453806
4.3,-0.5399612373357456,0.0044268229976296425
4.3,-0.4417864669110647,0.004401735030114651
4.3,-0.34361169648638357,0.004404870327562094
4.3,-0.24543692606170264,0.004405433312058449
4.3,-0.14726215563702172,0.004398563411086798
4.3,-0.04908738521234057,0.004396513104438782
4.3,0.04908738521234057,0.004397362470626831
4.3,0.14726215563702172,0.004397925455123186
4.3,0.24543692606170264,0.004404520615935326
4.3,0.34361169648638357,0.004403227940201759
4.3,0.4417864669110647,0.004397581331431866
4.3,0.5399612373357456,0.004423594567924738
4.3,0.6381360077604266,0.004423036240041256
4.3,0.7363107781851077,0.004420173820108175
4.3,0.8344855486097886,0.0044192103669047356
4.3,0.9326603190344698,0.004421093035489321
4.3,1.030835089459151,0.004420591052621603
4.3,1.1290098598838316,0.004396174568682909
4.3,1.2271846303085128,0.0043983617797493935
4.3,1.325359400733194,0.00441069295629859
4.3,1.423534171157875,0.004395700991153717
4.3,1.5217089415825562,0.004394547548145056
4.3,1.619883712007237,0.004395441617816687
4.3,1.718058482431918,0.004397441167384386
4.3,1.8162332528565992,0.0044048018753528595
4.3,1.9144080232812803,0.004404640290886164
4.3,2.0125827937059615,0.004401685670018196
4.3,2.110757564130642,0.004426997620612383
4.3,2.2089323345553233,0.004425894934684038
4.3,2.3071071049800045,0.004424123093485832
4.3,2.405281875404685,0.004421812482178211
4.3,2.5034566458293663,0.004420622251927853
4.3,2.6016314162540475,0.004420190118253231
4.3,2.699806186678728,0.004396019969135523
4.3,2.7979809571034093,0.004396719392389059
4.3,2.8961557275280905,0.004400585778057575
4.3,2.9943304979527716,0.004393686540424824
4.3,3.0925052683774528,0.0043921624310314655
4.4,-3.0925052683774528,0.004392643459141254
4.4,-2.994330497952771,0.004393239505589008
4.4,-2.8961557275280905,0.004397728946059942
4.4,-2.7979809571034098,0.004395320545881987
4.4,-2.699806186678728,0.0043935091234743595
4.4,-2.6016314162540475,0.0044106594286859035
4.4,-2.5034566458293668,0.004409223794937134
4.4,-2.405281875404685,0.004397753160446882
4.4,-2.3071071049800045,0.004397713113576174
4.4,-2.208932334555323,0.004401184618473053
4.4,-2.110757564130642,0.004409944172948599
4.4,-2.0125827937059615,0.004393232520669699
4.4,-1.9144080232812801,0.004395068623125553
4.4,-1.8162332528565992,0.004400108940899372
4.4,-1.718058482431918,0.004393395967781544
4.4,-1.6198837120072371,0.004393719136714935
4.4,-1.521708941582556,0.004393372684717178
4.4,-1.423534171157875,0.004395314492285252
4.4,-1.325359400733194,0.004402508027851582
4.4,-1.227184630308513,0.004401037003844976
4.4,-1.1290098598838318,0.004396817181259394
4.4,-1.030835089459151,0.004421626217663288
4.4,-0.93266031903447,0.00442200992256403
4.4,-0.8344855486097889,0.0044229282066226006
4.4,-0.7363107781851077,0.004424654878675938
4.4,-0.6381360077604266,0.004425716120749712
4.4,-0.5399612373357456,0.004426087252795696
4.4,-0.4417864669110647,0.004401233978569508
4.4,-0.34361169648638357,0.004403884056955576
4.4,-0.24543692606170264,0.004404967650771141
4.4,-0.14726215563702172,0.004398076795041561
4.4,-0.04908738521234057,0.004395938478410244
4.4,0.04908738521234057,0.004396864213049412
4.4,0.14726215563702172,0.004397553391754627
4.4,0.24543692606170264,0.0044041890650987625
4.4,0.34361169648638357,0.004402501042932272
4.4,0.4417864669110647,0.0043972511775791645
4.4,0.5399612373357456,0.004422738682478666
4.4,0.6381360077604266,0.0044221431016922
4.4,0.7363107781851077,0.004419473931193352
4.4,0.8344855486097886,0.004418594762682915
4.4,0.9326603190344698,0.004420426674187183
4.4,1.030835089459151,0.004420020151883364
4.4,1.1290098598838316,0.004396053031086922
4.4,1.2271846303085128,0.004398216027766466
4.4,1.325359400733194,0.004402053542435169
4.4,1.423534171157875,0.004395436029881239
4.4,1.5217089415825562,0.0043942611664533615
4.4,1.619883712007237,0.004395129159092903
4.4,1.718058482431918,0.0043970863334834576
4.4,1.8162332528565992,0.004404528997838497
4.4,1.9144080232812803,0.004404114093631506
4.4,2.0125827937059615,0.0044014244340360165
4.4,2.110757564130642,0.004426593426615
4.4,2.2089323345553233,0.004425466526299715
4.4,2.3071071049800045,0.004423549398779869
4.4,2.405281875404685,0.004421023651957512
4.4,2.5034566458293663,0.0044198594987392426
4.4,2.6016314162540475,0.004419735632836819
4.4,2.699806186678728,0.004396076314151287
4.4,2.7979809571034093,0.004397003911435604
4.4,2.8961557275280905,0.00440134946256876
4.4,2.9943304979527716,0.0043940735049545765
4.4,3.0925052683774528,0.004393665585666895
4.5,-3.0925052683774528,0.00438855541869998
4.5,-2.994330497952771,0.004391524940729141
4.5,-2.8961557275280905,0.004396018106490374
4.5,-2.7979809571034098,0.0043931398540735245
4.5,-2.699806186678728,0.004392075352370739
4.5,-2.6016314162540475,0.004400125704705715
4.5,-2.5034566458293668,0.004397499840706587
4.5,-2.405281875404685,0.004396346397697926
4.5,-2.3071071049800045,0.0043962751515209675
4.5,-2.208932334555323,0.004397205542773008
4.5,-2.110757564130642,0.004397666081786156
4.5,-2.0125827937059615,0.004390374291688204
4.5,-1.9144080232812801,0.004392439033836126
4.5,-1.8162332528565992,0.004395505413413048
4.5,-1.718058482431918,0.004390964284539223
4.5,-1.6198837120072371,0.004388447850942612
4.5,-1.521708941582556,0.004387889988720417
4.5,-1.423534171157875,0.00439365953207016
4.5,-1.325359400733194,0.004400501027703285
4.5,-1.227184630308513,0.004397932440042496
4.5,-1.1290098598838318,0.004396453965455294
4.5,-1.030835089459151,0.0044213393703103065
4.5,-0.93266031903447,0.0044218250550329685
4.5,-0.8344855486097889,0.004423905164003372
4.5,-0.7363107781851077,0.0044260467402637005
4.5,-0.6381360077604266,0.004427542444318533
4.5,-0.5399612373357456,0.004427772015333176
4.5,-0.4417864669110647,0.004410566762089729
4.5,-0.34361169648638357,0.004405426327139139
4.5,-0.24543692606170264,0.004418667871505022
4.5,-0.14726215563702172,0.004399415571242571
4.5,-0.04908738521234057,0.004397292621433735
4.5,0.04908738521234057,0.004398363176733255
4.5,0.14726215563702172,0.004399284720420837
4.5,0.24543692606170264,0.004418289288878441
4.5,0.34361169648638357,0.004405392799526453
4.5,0.4417864669110647,0.0044013988226652145
4.5,0.5399612373357456,0.004427372012287378
4.5,0.6381360077604266,0.004427076317369938
4.5,0.7363107781851077,0.004424333572387695
4.5,0.8344855486097886,0.004423609934747219
4.5,0.9326603190344698,0.004425407387316227
4.5,1.030835089459151,0.004424814600497484
4.5,1.1290098598838316,0.004399762023240328
4.5,1.2271846303085128,0.004403178580105305
4.5,1.325359400733194,0.004404736682772636
4.5,1.423534171157875,0.004398554563522339
4.5,1.5217089415825562,0.004396928008645773
4.5,1.619883712007237,0.004398656543344259
4.5,1.718058482431918,0.0044001005589962006
4.5,1.8162332528565992,0.004420323297381401
4.5,1.9144080232812803,0.004406995605677366
4.5,2.0125827937059615,0.004412483889609575
4.5,2.110757564130642,0.004429349210113287
4.5,2.2089323345553233,0.004427717998623848
4.5,2.3071071049800045,0.00442543625831604
4.5,2.405281875404685,0.00442237313836813
4.5,2.5034566458293663,0.004420365206897259
4.5,2.6016314162540475,0.004419428762048483
4.5,2.699806186678728,0.004395665135234594
4.5,2.7979809571034093,0.004396005999296904
4.5,2.8961557275280905,0.0043989080004394054
4.5,2.9943304979527716,0.0043930429965257645
4.5,3.0925052683774528,0.004389687441289425
4.6,-3.0925052683774528,0.004390430636703968
4.6,-2.994330497952771,0.004392380826175213
4.6,-2.8961557275280905,0.0043968018144369125
4.6,-2.7979809571034098,0.00439410749822855
4.6,-2.699806186678728,0.0043927147053182125
4.6,-2.6016314162540475,0.0044011278077960014
4.6,-2.5034566458293668,0.004398218356072903
4.6,-2.405281875404685,0.004397175740450621
4.6,-2.3071071049800045,0.004397248849272728
4.6,-2.208932334555323,0.004398351535201073
4.6,-2.110757564130642,0.004409099463373423
4.6,-2.0125827937059615,0.004392814822494984
4.6,-1.9144080232812801,0.00439459178596735
4.6,-1.8162332528565992,0.004397276323288679
4.6,-1.718058482431918,0.004393209703266621
4.6,-1.6198837120072371,0.004392487462610006
4.6,-1.521708941582556,0.004392563831061125
4.6,-1.423534171157875,0.004395084455609322
4.6,-1.325359400733194,0.004401746205985546
4.6,-1.227184630308513,0.00439879484474659
4.6,-1.1290098598838318,0.0043967776000499725
4.6,-1.030835089459151,0.004421889316290617
4.6,-0.93266031903447,0.004421934485435486
4.6,-0.8344855486097889,0.004423641599714756
4.6,-0.7363107781851077,0.004425388295203447
4.6,-0.6381360077604266,0.0044265915639698505
4.6,-0.5399612373357456,0.004426352214068174
4.6,-0.4417864669110647,0.004401254002004862
4.6,-0.34361169648638357,0.004404145758599043
4.6,-0.24543692606170264,0.0044050440192222595
4.6,-0.14726215563702172,0.00439814617857337
4.6,-0.04908738521234057,0.004395900759845972
4.6,0.04908738521234057,0.00439688004553318
4.6,0.14726215563702172,0.0043977051973342896
4.6,0.24543692606170264,0.004404244013130665
4.6,0.34361169648638357,0.004402773920446634
4.6,0.4417864669110647,0.004397574346512556
4.6,0.5399612373357456,0.00442387443035841
4.6,0.6381360077604266,0.004423576407134533
4.6,0.7363107781851077,0.004421275574713945
4.6,0.8344855486097886,0.004420961253345013
4.6,0.9326603190344698,0.004423134028911591
4.6,1.030835089459151,0.004422987345606089
4.6,1.1290098598838316,0.004397206474095583
4.6,1.2271846303085128,0.004402322228997946
4.6,1.325359400733194,0.004404312465339899
4.6,1.423534171157875,0.00439813919365406
4.6,1.5217089415825562,0.004396691918373108
4.6,1.619883712007237,0.004398610442876816
4.6,1.718058482431918,0.004400024190545082
4.6,1.8162332528565992,0.004420692566782236
4.6,1.9144080232812803,0.004406658001244068
4.6,2.0125827937059615,0.00441141938790679
4.6,2.110757564130642,0.004428199492394924
4.6,2.2089323345553233,0.004426511470228434
4.6,2.3071071049800045,0.004424242302775383
4.6,2.405281875404685,0.004421497695147991
4.6,2.5034566458293663,0.004420007113367319
4.6,2.6016314162540475,0.004419452510774136
4.6,2.699806186678728,0.004395762924104929
4.6,2.7979809571034093,0.004396396689116955
4.6,2.8961557275280905,0.004399929661303759
4.6,2.9943304979527716,0.00439343461766839
4.6,3.0925052683774528,0.00439135218039155
4.7,-3.0925052683774528,0.004379407037049532
4.7,-2.994330497952771,0.004378739278763533
4.7,-2.8961557275280905,0.0043908217921853065
4.7,-2.7979809571034098,0.00438341498374939
4.7,-2.699806186678728,0.004380831029266119
4.7,-2.6016314162540475,0.004395635798573494
4.7,-2.5034566458293668,0.004395151976495981
4.7,-2.405281875404685,0.00439421134069562
4.7,-2.3071071049800045,0.004394287243485451
4.7,-2.208932334555323,0.004395375493913889
4.7,-2.110757564130642,0.004395948722958565
4.7,-2.0125827937059615,0.00438170088455081
4.7,-1.9144080232812801,0.004385661333799362
4.7,-1.8162332528565992,0.00439395010471344
4.7,-1.718058482431918,0.004382803104817867
4.7,-1.6198837120072371,0.004384147934615612
4.7,-1.521708941582556,0.004384058527648449
4.7,-1.423534171157875,0.004391645081341267
4.7,-1.325359400733194,0.004399020690470934
4.7,-1.227184630308513,0.004396329168230295
4.7,-1.1290098598838318,0.004396266769617796
4.7,-1.030835089459151,0.004421514924615622
4.7,-0.93266031903447,0.004423036705702543
4.7,-0.8344855486097889,0.004425697028636932
4.7,-0.7363107781851077,0.004429596941918135
4.7,-0.6381360077604266,0.004432798363268375
4.7,-0.5399612373357456,0.004433932714164257
4.7,-0.4417864669110647,0.004418598022311926
4.7,-0.34361169648638357,0.004423373378813267
4.7,-0.24543692606170264,0.00443433690816164
4.7,-0.14726215563702172,0.004421318881213665
4.7,-0.04908738521234057,0.004418144002556801
4.7,0.04908738521234057,0.004419924225658178
4.7,0.14726215563702172,0.004421529360115528
4.7,0.24543692606170264,0.004434196278452873
4.7,0.34361169648638357,0.004424002952873707
4.7,0.4417864669110647,0.004419398494064808
4.7,0.5399612373357456,0.004435831680893898
4.7,0.6381360077604266,0.004434616304934025
4.7,0.7363107781851077,0.004430892411619425
4.7,0.8344855486097886,0.004429103806614876
4.7,0.9326603190344698,0.0044303410686552525
4.7,1.030835089459151,0.004429256543517113
4.7,1.1290098598838316,0.004410117864608765
4.7,1.2271846303085128,0.004405768122524023
4.7,1.325359400733194,0.004419125150889158
4.7,1.423534171157875,0.0043995557352900505
4.7,1.5217089415825562,0.00439761858433485
4.7,1.619883712007237,0.004398798104375601
4.7,1.718058482431918,0.0043997690081596375
4.7,1.8162332528565992,0.004419943783432245
4.7,1.9144080232812803,0.004405963700264692
4.7,2.0125827937059615,0.00440195482224226
4.7,2.110757564130642,0.004426525440067053
4.7,2.2089323345553233,0.004424159415066242
4.7,2.3071071049800045,0.004420803394168615
4.7,2.405281875404685,0.004416300915181637
4.7,2.5034566458293663,0.0044135600328445435
4.7,2.6016314162540475,0.004412156995385885
4.7,2.699806186678728,0.0043927705846726894
4.7,2.7979809571034093,0.004391762427985668
4.7,2.8961557275280905,0.004393823444843292
4.7,2.9943304979527716,0.004380774684250355
4.7,3.0925052683774528,0.004380472004413605
4.8,-3.0925052683774528,0.004383130930364132
4.8,-2.994330497952771,0.004383358173072338
4.8,-2.8961557275280905,0.004394099116325378
4.8,-2.7979809571034098,0.004387464374303818
4.8,-2.699806186678728,0.004384899511933327
4.8,-2.6016314162540475,0.00439699599519372
4.8,-2.5034566458293668,0.004396486561745405
4.8,-2.405281875404685,0.004395322408527136
4.8,-2.3071071049800045,0.004395238123834133
4.8,-2.208932334555323,0.004396245814859867
4.8,-2.110757564130642,0.004396695643663406
4.8,-2.0125827937059615,0.004383915103971958
4.8,-1.9144080232812801,0.004387932829558849
4.8,-1.8162332528565992,0.004394658375531435
4.8,-1.718058482431918,0.004389641806483269
4.8,-1.6198837120072371,0.004385982174426317
4.8,-1.521708941582556,0.004385905805975199
4.8,-1.423534171157875,0.004392805974930525
4.8,-1.325359400733194,0.004400038160383701
4.8,-1.227184630308513,0.004397818818688393
4.8,-1.1290098598838318,0.004396744072437286
4.8,-1.030835089459151,0.0044225831516087055
4.8,-0.93266031903447,0.0044241189025342464
4.8,-0.8344855486097889,0.004426279105246067
4.8,-0.7363107781851077,0.004429515916854143
4.8,-0.6381360077604266,0.004432526882737875
4.8,-0.5399612373357456,0.004433061927556992
4.8,-0.4417864669110647,0.004416790325194597
4.8,-0.34361169648638357,0.00442042201757431
4.8,-0.24543692606170264,0.004430264234542847
4.8,-0.14726215563702172,0.004417053889483213
4.8,-0.04908738521234057,0.004406899679452181
4.8,0.04908738521234057,0.004415059462189674
4.8,0.14726215563702172,0.004416759125888348
4.8,0.24543692606170264,0.00442936597391963
4.8,0.34361169648638357,0.0044191074557602406
4.8,0.4417864669110647,0.0044144331477582455
4.8,0.5399612373357456,0.00443103676661849
4.8,0.6381360077604266,0.004429619759321213
4.8,0.7363107781851077,0.004425936844199896
4.8,0.8344855486097886,0.004424314945936203
4.8,0.9326603190344698,0.004426191560924053
4.8,1.030835089459151,0.004425570834428072
4.8,1.1290098598838316,0.004400286823511124
4.8,1.2271846303085128,0.004404320381581783
4.8,1.325359400733194,0.0044060805812478065
4.8,1.423534171157875,0.004399674013257027
4.8,1.5217089415825562,0.00439791614189744
4.8,1.619883712007237,0.004399385303258896
4.8,1.718058482431918,0.004400573205202818
4.8,1.8162332528565992,0.0044215768575668335
4.8,1.9144080232812803,0.004406925290822983
4.8,2.0125827937059615,0.004411471541970968
4.8,2.110757564130642,0.00442776782438159
4.8,2.2089323345553233,0.004425501450896263
4.8,2.3071071049800045,0.004422244615852833
4.8,2.405281875404685,0.004418026655912399
4.8,2.5034566458293663,0.004415885545313358
4.8,2.6016314162540475,0.004414780996739864
4.8,2.699806186678728,0.004393776413053274
4.8,2.7979809571034093,0.004393330775201321
4.8,2.8961557275280905,0.004395030438899994
4.8,2.9943304979527716,0.004389230161905289
4.8,3.0925052683774528,0.004383595660328865
4.9,-3.0925052683774528,0.004390879534184933
4.9,-2.994330497952771,0.004392603412270546
4.9,-2.8961557275280905,0.004397186450660229
4.9,-2.7979809571034098,0.004395054653286934
4.9,-2.699806186678728,0.004393372219055891
4.9,-2.6016314162540475,0.0044105625711381435
4.9,-2.5034566458293668,0.004409379325807095
4.9,-2.405281875404685,0.004397969227284193
4.9,-2.3071071049800045,0.004398007411509752
4.9,-2.208932334555323,0.004409893415868282
4.9,-2.110757564130642,0.0044114612974226475
4.9,-2.0125827937059615,0.0043937331065535545
4.9,-1.9144080232812801,0.00439594266936183
4.9,-1.8162332528565992,0.0044012777507305145
4.9,-1.718058482431918,0.004395386204123497
4.9,-1.6198837120072371,0.0043948679231107235
4.9,-1.521708941582556,0.004395013675093651
4.9,-1.423534171157875,0.004397413693368435
4.9,-1.325359400733194,0.00440412200987339
4.9,-1.227184630308513,0.004403140861541033
4.9,-1.1290098598838318,0.004399982281029224
4.9,-1.030835089459151,0.004424726590514183
4.9,-0.93266031903447,0.004424799233675003
4.9,-0.8344855486097889,0.004424714017659426
4.9,-0.7363107781851077,0.0044271559454500675
4.9,-0.6381360077604266,0.0044289398938417435
4.9,-0.5399612373357456,0.004428335465490818
4.9,-0.4417864669110647,0.004411003086715937
4.9,-0.34361169648638357,0.004406297113746405
4.9,-0.24543692606170264,0.004419549368321896
4.9,-0.14726215563702172,0.004399782512336969
4.9,-0.04908738521234057,0.004397624172270298
4.9,0.04908738521234057,0.004398208111524582
4.9,0.14726215563702172,0.00439868588000536
4.9,0.24543692606170264,0.004404806531965733
4.9,0.34361169648638357,0.004402465652674437
4.9,0.4417864669110647,0.004396833013743162
4.9,0.5399612373357456,0.004420869518071413
4.9,0.6381360077604266,0.004419660195708275
4.9,0.7363107781851077,0.004416442010551691
4.9,0.8344855486097886,0.00441579706966877
4.9,0.9326603190344698,0.004418267402797937
4.9,1.030835089459151,0.004418214783072472
4.9,1.1290098598838316,0.004395653959363699
4.9,1.2271846303085128,0.0043973540887236595
4.9,1.325359400733194,0.0044111586175858974
4.9,1.423534171157875,0.004396333824843168
4.9,1.5217089415825562,0.0043951719999313354
4.9,1.619883712007237,0.004396752920001745
4.9,1.718058482431918,0.004397810902446508
4.9,1.8162332528565992,0.004404810257256031
4.9,1.9144080232812803,0.004403654485940933
4.9,2.0125827937059615,0.004400566685944796
4.9,2.110757564130642,0.004424736835062504
4.9,2.2089323345553233,0.0044234273955225945
4.9,2.3071071049800045,0.0044213030487298965
4.9,2.405281875404685,0.004418780095875263
4.9,2.5034566458293663,0.004418152384459972
4.9,2.6016314162540475,0.004417687188833952
4.9,2.699806186678728,0.0043950933031737804
4.9,2.7979809571034093,0.004395756870508194
4.9,2.8961557275280905,0.004399471916258335
4.9,2.9943304979527716,0.004393069073557854
4.9,3.0925052683774528,0.0043909079395234585
5.0,-3.0925052683774528,0.00438755052164197
5.0,-2.994330497952771,0.004390905611217022
5.0,-2.8961557275280905,0.004395733121782541
5.0,-2.7979809571034098,0.004392772912979126
5.0,-2.699806186678728,0.004391937050968409
5.0,-2.6016314162540475,0.0044001368805766106
5.0,-2.5034566458293668,0.0043975734151899815
5.0,-2.405281875404685,0.004396548494696617
5.0,-2.3071071049800045,0.004396592732518911
5.0,-2.208932334555323,0.004397749435156584
5.0,-2.110757564130642,0.004400726407766342
5.0,-2.0125827937059615,0.0043924241326749325
5.0,-1.9144080232812801,0.004394215531647205
5.0,-1.8162332528565992,0.004396881442517042
5.0,-1.718058482431918,0.004392704926431179
5.0,-1.6198837120072371,0.004391662310808897
5.0,-1.521708941582556,0.004392371512949467
5.0,-1.423534171157875,0.004394992254674435
5.0,-1.325359400733194,0.004401861689984798
5.0,-1.227184630308513,0.004399011842906475
5.0,-1.1290098598838318,0.004397128242999315
5.0,-1.030835089459151,0.004423568490892649
5.0,-0.93266031903447,0.004424212034791708
5.0,-0.8344855486097889,0.004424729850143194
5.0,-0.7363107781851077,0.004427192732691765
5.0,-0.6381360077604266,0.004429379012435675
5.0,-0.5399612373357456,0.004429606720805168
5.0,-0.4417864669110647,0.004412642680108547
5.0,-0.34361169648638357,0.004407192580401897
5.0,-0.24543692606170264,0.004420533310621977
5.0,-0.14726215563702172,0.004400270991027355
5.0,-0.04908738521234057,0.004398005548864603
5.0,0.04908738521234057,0.004398752469569445
5.0,0.14726215563702172,0.004399345256388187
5.0,0.24543692606170264,0.00440563727170229
5.0,0.34361169648638357,0.004403816070407629
5.0,0.4417864669110647,0.004399571567773819
5.0,0.5399612373357456,0.004423414822667837
5.0,0.6381360077604266,0.004422664642333984
5.0,0.7363107781851077,0.00441944133490324
5.0,0.8344855486097886,0.004418494179844856
5.0,0.9326603190344698,0.004420530050992966
5.0,1.030835089459151,0.004420103970915079
5.0,1.1290098598838316,0.0043961298651993275
5.0,1.2271846303085128,0.004398583900183439
5.0,1.325359400733194,0.004412007052451372
5.0,1.423534171157875,0.004396846052259207
5.0,1.5217089415825562,0.004395624622702599
5.0,1.619883712007237,0.004397525452077389
5.0,1.718058482431918,0.004398978315293789
5.0,1.8162332528565992,0.004418849479407072
5.0,1.9144080232812803,0.00440586032345891
5.0,2.0125827937059615,0.004410565830767155
5.0,2.110757564130642,0.004427324514836073
5.0,2.2089323345553233,0.004425385966897011
5.0,2.3071071049800045,0.004422654863446951
5.0,2.405281875404685,0.004419263917952776
5.0,2.5034566458293663,0.004417883697897196
5.0,2.6016314162540475,0.0044169556349515915
5.0,2.699806186678728,0.004394738469272852
5.0,2.7979809571034093,0.0043953279964625835
5.0,2.8961557275280905,0.0043965852819383144
5.0,2.9943304979527716,0.004391741473227739
5.0,3.0925052683774528,0.004388450179249048
5.1,-3.0925052683774528,0.0043840245343744755
5.1,-2.994330497952771,0.0043838005512952805
5.1,-2.8961557275280905,0.004394124262034893
5.1,-2.7979809571034098,0.004387382417917252
5.1,-2.699806186678728,0.004383691120892763
5.1,-2.6016314162540475,0.004396307747811079
5.1,-2.5034566458293668,0.004395670723170042
5.1,-2.405281875404685,0.004394539166241884
5.1,-2.3071071049800045,0.0043945154175162315
5.1,-2.208932334555323,0.004395530093461275
5.1,-2.110757564130642,0.004396168515086174
5.1,-2.0125827937059615,0.004382744897156954
5.1,-1.9144080232812801,0.004386817570775747
5.1,-1.8162332528565992,0.004394026473164558
5.1,-1.718058482431918,0.004383770748972893
5.1,-1.6198837120072371,0.004384566564112902
5.1,-1.521708941582556,0.004384132102131844
5.1,-1.423534171157875,0.004391509108245373
5.1,-1.325359400733194,0.0043968744575977325
5.1,-1.227184630308513,0.004395994357764721
5.1,-1.1290098598838318,0.004395554773509502
5.1,-1.030835089459151,0.004420078359544277
5.1,-0.93266031903447,0.004421538207679987
5.1,-0.8344855486097889,0.00442412169650197
5.1,-0.7363107781851077,0.004428328946232796
5.1,-0.6381360077604266,0.00443220091983676
5.1,-0.5399612373357456,0.0044339364394545555
5.1,-0.4417864669110647,0.00441838288679719
5.1,-0.34361169648638357,0.004421711433678865
5.1,-0.24543692606170264,0.004431439097970724
5.1,-0.14726215563702172,0.004418672528117895
5.1,-0.04908738521234057,0.004415134899318218
5.1,0.04908738521234057,0.004416176583617926
5.1,0.14726215563702172,0.004417079966515303
5.1,0.24543692606170264,0.0044288537465035915
5.1,0.34361169648638357,0.004418057389557362
5.1,0.4417864669110647,0.004412588197737932
5.1,0.5399612373357456,0.004429022315889597
5.1,0.6381360077604266,0.0044275568798184395
5.1,0.7363107781851077,0.0044233729131519794
5.1,0.8344855486097886,0.004421612713485956
5.1,0.9326603190344698,0.004423088859766722
5.1,1.030835089459151,0.0044223773293197155
5.1,1.1290098598838316,0.004396871197968721
5.1,1.2271846303085128,0.004401449114084244
5.1,1.325359400733194,0.004403672181069851
5.1,1.423534171157875,0.004397495649755001
5.1,1.5217089415825562,0.004396029748022556
5.1,1.619883712007237,0.0043976567685604095
5.1,1.718058482431918,0.004398929886519909
5.1,1.8162332528565992,0.004418718628585339
5.1,1.9144080232812803,0.004405926913022995
5.1,2.0125827937059615,0.004410990513861179
5.1,2.110757564130642,0.00442767608910799
5.1,2.2089323345553233,0.00442581158131361
5.1,2.3071071049800045,0.00442316010594368
5.1,2.405281875404685,0.004419262520968914
5.1,2.5034566458293663,0.004417288117110729
5.1,2.6016314162540475,0.004416193347424269
5.1,2.699806186678728,0.0043943170458078384
5.1,2.7979809571034093,0.004394270479679108
5.1,2.8961557275280905,0.004395810421556234
5.1,2.9943304979527716,0.004390076734125614
5.1,3.0925052683774528,0.004385034553706646
5.2,-3.0925052683774528,0.00438535725697875
5.2,-2.994330497952771,0.0043894280679523945
5.2,-2.8961557275280905,0.0043949042446911335
5.2,-2.7979809571034098,0.004391738213598728
5.2,-2.699806186678728,0.004385228268802166
5.2,-2.6016314162540475,0.004396894481033087
5.2,-2.5034566458293668,0.004396280739456415
5.2,-2.405281875404685,0.004395104479044676
5.2,-2.3071071049800045,0.004395091440528631
5.2,-2.208932334555323,0.004396171774715185
5.2,-2.110757564130642,0.0043967352248728275
5.2,-2.0125827937059615,0.004383825231343508
5.2,-1.9144080232812801,0.004387538880109787
5.2,-1.8162332528565992,0.004394572228193283
5.2,-1.718058482431918,0.004389163106679916
5.2,-1.6198837120072371,0.00438568415120244
5.2,-1.521708941582556,0.004385163076221943
5.2,-1.423534171157875,0.004391759634017944
5.2,-1.325359400733194,0.004398916848003864
5.2,-1.227184630308513,0.004395999014377594
5.2,-1.1290098598838318,0.004395788535475731
5.2,-1.030835089459151,0.004420792683959007
5.2,-0.93266031903447,0.004422207362949848
5.2,-0.8344855486097889,0.00442527886480093
5.2,-0.7363107781851077,0.004429131280630827
5.2,-0.6381360077604266,0.004433657042682171
5.2,-0.5399612373357456,0.004434802103787661
5.2,-0.4417864669110647,0.004418728873133659
5.2,-0.34361169648638357,0.004422806669026613
5.2,-0.24543692606170264,0.004432245623320341
5.2,-0.14726215563702172,0.004419334698468447
5.2,-0.04908738521234057,0.004415777046233416
5.2,0.04908738521234057,0.00441657705232501
5.2,0.14726215563702172,0.004417519550770521
5.2,0.24543692606170264,0.004429339896887541
5.2,0.34361169648638357,0.004418070428073406
5.2,0.4417864669110647,0.004411978181451559
5.2,0.5399612373357456,0.004427952226251364
5.2,0.6381360077604266,0.0044258963316679
5.2,0.7363107781851077,0.004421015735715628
5.2,0.8344855486097886,0.0044185202568769455
5.2,0.9326603190344698,0.004419608041644096
5.2,1.030835089459151,0.004418791271746159
5.2,1.1290098598838316,0.004395486321300268
5.2,1.2271846303085128,0.004396623000502586
5.2,1.325359400733194,0.004401345271617174
5.2,1.423534171157875,0.004395272117108107
5.2,1.5217089415825562,0.004394275136291981
5.2,1.619883712007237,0.004395425785332918
5.2,1.718058482431918,0.004397511016577482
5.2,1.8162332528565992,0.004404743202030659
5.2,1.9144080232812803,0.0044042752124369144
5.2,2.0125827937059615,0.004401279613375664
5.2,2.110757564130642,0.004425984341651201
5.2,2.2089323345553233,0.004424588289111853
5.2,2.3071071049800045,0.0044223591685295105
5.2,2.405281875404685,0.004419013857841492
5.2,2.5034566458293663,0.0044174799695611
5.2,2.6016314162540475,0.0044168150052428246
5.2,2.699806186678728,0.004394498188048601
5.2,2.7979809571034093,0.004394653253257275
5.2,2.8961557275280905,0.004396207630634308
5.2,2.9943304979527716,0.004390534944832325
5.2,3.0925052683774528,0.004386214539408684
5.3,-3.0925052683774528,0.004386299289762974
5.3,-2.994330497952771,0.0043903496116399765
5.3,-2.8961557275280905,0.004395588766783476
5.3,-2.7979809571034098,0.004392365925014019
5.3,-2.699806186678728,0.004391802009195089
5.3,-2.6016314162540475,0.00439996924251318
5.3,-2.5034566458293668,0.0043973419815301895
5.3,-2.405281875404685,0.004396113567054272
5.3,-2.3071071049800045,0.004395878408104181
5.3,-2.208932334555323,0.004396677482873201
5.3,-2.110757564130642,0.00439697178080678
5.3,-2.0125827937059615,0.00438416562974453
5.3,-1.9144080232812801,0.004387533292174339
5.3,-1.8162332528565992,0.004394183401018381
5.3,-1.718058482431918,0.004384227097034454
5.3,-1.6198837120072371,0.004384556319564581
5.3,-1.521708941582556,0.004383759573101997
5.3,-1.423534171157875,0.004391012713313103
5.3,-1.325359400733194,0.00439645117148757
5.3,-1.227184630308513,0.004395477008074522
5.3,-1.1290098598838318,0.004395161289721727
5.3,-1.030835089459151,0.0044188606552779675
5.3,-0.93266031903447,0.0044205705635249615
5.3,-0.8344855486097889,0.004423418547958136
5.3,-0.7363107781851077,0.0044270469807088375
5.3,-0.6381360077604266,0.00443142419680953
5.3,-0.5399612373357456,0.004432513378560543
5.3,-0.4417864669110647,0.004416245501488447
5.3,-0.34361169648638357,0.004419082775712013
5.3,-0.24543692606170264,0.0044276830740273
5.3,-0.14726215563702172,0.004414136987179518
5.3,-0.04908738521234057,0.004404749255627394
5.3,0.04908738521234057,0.0044025820679962635
5.3,0.14726215563702172,0.004412692040205002
5.3,0.24543692606170264,0.004425025545060635
5.3,0.34361169648638357,0.004408014006912708
5.3,0.4417864669110647,0.004410530906170607
5.3,0.5399612373357456,0.0044274600222706795
5.3,0.6381360077604266,0.004425995983183384
5.3,0.7363107781851077,0.004422043450176716
5.3,0.8344855486097886,0.004420632496476173
5.3,0.9326603190344698,0.004422646947205067
5.3,1.030835089459151,0.004422290250658989
5.3,1.1290098598838316,0.004396968986839056
5.3,1.2271846303085128,0.004402192775160074
5.3,1.325359400733194,0.004404605366289616
5.3,1.423534171157875,0.004398498218506575
5.3,1.5217089415825562,0.004397365264594555
5.3,1.619883712007237,0.004399203695356846
5.3,1.718058482431918,0.004400467500090599
5.3,1.8162332528565992,0.004421690478920937
5.3,1.9144080232812803,0.004407656844705343
5.3,2.0125827937059615,0.004413159564137459
5.3,2.110757564130642,0.004429643973708153
5.3,2.2089323345553233,0.004427550360560417
5.3,2.3071071049800045,0.004424738232046366
5.3,2.405281875404685,0.004421161022037268
5.3,2.5034566458293663,0.00441909022629261
5.3,2.6016314162540475,0.004417979158461094
5.3,2.699806186678728,0.004394944291561842
5.3,2.7979809571034093,0.004395185504108667
5.3,2.8961557275280905,0.004396524280309677
5.3,2.9943304979527716,0.004391132853925228
5.3,3.0925052683774528,0.00438692094758153
5.4,-3.0925052683774528,0.0043844496831297874
5.4,-2.994330497952771,0.004389307461678982
5.4,-2.8961557275280905,0.004394748713821173
5.4,-2.7979809571034098,0.004391841124743223
5.4,-2.699806186678728,0.004385973792523146
5.4,-2.6016314162540475,0.004397236276417971
5.4,-2.5034566458293668,0.0043966821394860744
5.4,-2.405281875404685,0.004395287949591875
5.4,-2.3071071049800045,0.004394938237965107
5.4,-2.208932334555323,0.004395558964461088
5.4,-2.110757564130642,0.0043958574533462524
5.4,-2.0125827937059615,0.004380504600703716
5.4,-1.9144080232812801,0.0043831150978803635
5.4,-1.8162332528565992,0.004390138667076826
5.4,-1.718058482431918,0.004379785154014826
5.4,-1.6198837120072371,0.004380614496767521
5.4,-1.521708941582556,0.004380049183964729
5.4,-1.423534171157875,0.004389189183712006
5.4,-1.325359400733194,0.004395239055156708
5.4,-1.227184630308513,0.004393917508423328
5.4,-1.1290098598838318,0.004394201096147299
5.4,-1.030835089459151,0.004416463430970907
5.4,-0.93266031903447,0.004417845513671637
5.4,-0.8344855486097889,0.004420842509716749
5.4,-0.7363107781851077,0.004425484221428633
5.4,-0.6381360077604266,0.004429180175065994
5.4,-0.5399612373357456,0.0044297948479652405
5.4,-0.4417864669110647,0.004412950482219458
5.4,-0.34361169648638357,0.004408761393278837
5.4,-0.24543692606170264,0.004424924496561289
5.4,-0.14726215563702172,0.0044117881916463375
5.4,-0.04908738521234057,0.004400963895022869
5.4,0.04908738521234057,0.004401922691613436
5.4,0.14726215563702172,0.004411815665662289
5.4,0.24543692606170264,0.004424578044563532
5.4,0.34361169648638357,0.004408694338053465
5.4,0.4417864669110647,0.004412676673382521
5.4,0.5399612373357456,0.0044300006702542305
5.4,0.6381360077604266,0.004429226741194725
5.4,0.7363107781851077,0.004426026716828346
5.4,0.8344855486097886,0.004425203427672386
5.4,0.9326603190344698,0.004427414387464523
5.4,1.030835089459151,0.004427111707627773
5.4,1.1290098598838316,0.004401275888085365
5.4,1.2271846303085128,0.0044058337807655334
5.4,1.325359400733194,0.0044210683554410934
5.4,1.423534171157875,0.004401223734021187
5.4,1.5217089415825562,0.004399717319756746
5.4,1.619883712007237,0.004401327110826969
5.4,1.718058482431918,0.0044111162424087524
5.4,1.8162332528565992,0.004425262566655874
5.4,1.9144080232812803,0.00441745575517416
5.4,2.0125827937059615,0.004414865747094154
5.4,2.110757564130642,0.004430971574038267
5.4,2.2089323345553233,0.00442859809845686
5.4,2.3071071049800045,0.0044253855012357235
5.4,2.405281875404685,0.004421270918101072
5.4,2.5034566458293663,0.004418766126036644
5.4,2.6016314162540475,0.004417502786964178
5.4,2.699806186678728,0.004394640680402517
5.4,2.7979809571034093,0.004394478630274534
5.4,2.8961557275280905,0.004395885858684778
5.4,2.9943304979527716,0.004390264395624399
5.4,3.0925052683774528,0.004385198932141066
5.5,-3.0925052683774528,0.00438272301107645
5.5,-2.994330497952771,0.004388061352074146
5.5,-2.8961557275280905,0.004394765943288803
5.5,-2.7979809571034098,0.004387975670397282
5.5,-2.699806186678728,0.0043848250061273575
5.5,-2.6016314162540475,0.004396755248308182
5.5,-2.5034566458293668,0.004396419040858746
5.5,-2.405281875404685,0.004395281430333853
5.5,-2.3071071049800045,0.0043953657150268555
5.5,-2.208932334555323,0.004396275617182255
5.5,-2.110757564130642,0.004396678414195776
5.5,-2.0125827937059615,0.004383707884699106
5.5,-1.9144080232812801,0.0043870629742741585
5.5,-1.8162332528565992,0.004393912851810455
5.5,-1.718058482431918,0.004382837098091841
5.5,-1.6198837120072371,0.004383228253573179
5.5,-1.521708941582556,0.004382705315947533
5.5,-1.423534171157875,0.004389849025756121
5.5,-1.325359400733194,0.0043963175266981125
5.5,-1.227184630308513,0.004394644871354103
5.5,-1.1290098598838318,0.004394300282001495
5.5,-1.030835089459151,0.004415071103721857
5.5,-0.93266031903447,0.0044159009121358395
5.5,-0.8344855486097889,0.004418158438056707
5.5,-0.7363107781851077,0.004422440193593502
5.5,-0.6381360077604266,0.004425948020070791
5.5,-0.5399612373357456,0.004426372703164816
5.5,-0.4417864669110647,0.004411256872117519
5.5,-0.34361169648638357,0.004416956100612879
5.5,-0.24543692606170264,0.0044290958903729916
5.5,-0.14726215563702172,0.004414762370288372
5.5,-0.04908738521234057,0.004413848742842674
5.5,0.04908738521234057,0.0044156932272017
5.5,0.14726215563702172,0.004415336064994335
5.5,0.24543692606170264,0.00442845094949007
5.5,0.34361169648638357,0.0044176168739795685
5.5,0.4417864669110647,0.004411606118083
5.5,0.5399612373357456,0.0044275010004639626
5.5,0.6381360077604266,0.0044265324249863625
5.5,0.7363107781851077,0.004422836937010288
5.5,0.8344855486097886,0.00442155497148633
5.5,0.9326603190344698,0.004423774778842926
5.5,1.030835089459151,0.004423751495778561
5.5,1.1290098598838316,0.004400333389639854
5.5,1.2271846303085128,0.004405991639941931
5.5,1.325359400733194,0.004423397593200207
5.5,1.423534171157875,0.004402266349643469
5.5,1.5217089415825562,0.00440142722800374
5.5,1.619883712007237,0.004412984009832144
5.5,1.718058482431918,0.004415468312799931
5.5,1.8162332528565992,0.004425989463925362
5.5,1.9144080232812803,0.004418886266648769
5.5,2.0125827937059615,0.004415563307702541
5.5,2.110757564130642,0.004431744106113911
5.5,2.2089323345553233,0.004428906831890345
5.5,2.3071071049800045,0.004424707964062691
5.5,2.405281875404685,0.004420099314302206
5.5,2.5034566458293663,0.004417859483510256
5.5,2.6016314162540475,0.004416280426084995
5.5,2.699806186678728,0.004394193179905415
5.5,2.7979809571034093,0.004393989220261574
5.5,2.8961557275280905,0.004396181087940931
5.5,2.9943304979527716,0.004388065543025732
5.5,3.0925052683774528,0.0043838839046657085
5.6,-3.0925052683774528,0.0043919202871620655
5.6,-2.994330497952771,0.0043927766382694244
5.6,-2.8961557275280905,0.004397678654640913
5.6,-2.7979809571034098,0.004395230673253536
5.6,-2.699806186678728,0.004393379669636488
5.6,-2.6016314162540475,0.004410671070218086
5.6,-2.5034566458293668,0.004409346263855696
5.6,-2.405281875404685,0.004397852346301079
5.6,-2.3071071049800045,0.00439787469804287
5.6,-2.208932334555323,0.004408781882375479
5.6,-2.110757564130642,0.004409877583384514
5.6,-2.0125827937059615,0.004392978269606829
5.6,-1.9144080232812801,0.0043951766565442085
5.6,-1.8162332528565992,0.004397823940962553
5.6,-1.718058482431918,0.004392910748720169
5.6,-1.6198837120072371,0.0043928674422204494
5.6,-1.521708941582556,0.004392813891172409
5.6,-1.423534171157875,0.004394605755805969
5.6,-1.325359400733194,0.004401864483952522
5.6,-1.227184630308513,0.004398401826620102
5.6,-1.1290098598838318,0.00439622113481164
5.6,-1.030835089459151,0.004420858807861805
5.6,-0.93266031903447,0.004420955665409565
5.6,-0.8344855486097889,0.004421791061758995
5.6,-0.7363107781851077,0.0044233668595552444
5.6,-0.6381360077604266,0.004424848593771458
5.6,-0.5399612373357456,0.004424517974257469
5.6,-0.4417864669110647,0.004400497768074274
5.6,-0.34361169648638357,0.004403757397085428
5.6,-0.24543692606170264,0.004404996521770954
5.6,-0.14726215563702172,0.004398331977427006
5.6,-0.04908738521234057,0.004396504256874323
5.6,0.04908738521234057,0.004397629760205746
5.6,0.14726215563702172,0.00439840741455555
5.6,0.24543692606170264,0.00440509058535099
5.6,0.34361169648638357,0.004403585568070412
5.6,0.4417864669110647,0.0043995860032737255
5.6,0.5399612373357456,0.004423525650054216
5.6,0.6381360077604266,0.004422610625624657
5.6,0.7363107781851077,0.004419601522386074
5.6,0.8344855486097886,0.004418536555022001
5.6,0.9326603190344698,0.004420790355652571
5.6,1.030835089459151,0.004420792683959007
5.6,1.1290098598838316,0.004396501462906599
5.6,1.2271846303085128,0.0044016167521476746
5.6,1.325359400733194,0.004404226318001747
5.6,1.423534171157875,0.004398082848638296
5.6,1.5217089415825562,0.004397052805870771
5.6,1.619883712007237,0.004398911260068417
5.6,1.718058482431918,0.0043998900800943375
5.6,1.8162332528565992,0.004421052057296038
5.6,1.9144080232812803,0.0044075194746255875
5.6,2.0125827937059615,0.004412385635077953
5.6,2.110757564130642,0.004428863059729338
5.6,2.2089323345553233,0.004426994360983372
5.6,2.3071071049800045,0.004424624610692263
5.6,2.405281875404685,0.0044218627735972404
5.6,2.5034566458293663,0.00442048953846097
5.6,2.6016314162540475,0.004420210607349873
5.6,2.699806186678728,0.00439577829092741
5.6,2.7979809571034093,0.004396685864776373
5.6,2.8961557275280905,0.004400911740958691
5.6,2.9943304979527716,0.004393621813505888
5.6,3.0925052683774528,0.004393033683300018
5.7,-3.0925052683774528,0.0043847509659826756
5.7,-2.994330497952771,0.004386721178889275
5.7,-2.8961557275280905,0.004394120071083307
5.7,-2.7979809571034098,0.0043917084112763405
5.7,-2.699806186678728,0.0043854364193975925
5.7,-2.6016314162540475,0.004397034645080566
5.7,-2.5034566458293668,0.004396529868245125
5.7,-2.405281875404685,0.0043953824788331985
5.7,-2.3071071049800045,0.004395388066768646
5.7,-2.208932334555323,0.004396181553602219
5.7,-2.110757564130642,0.004396643023937941
5.7,-2.0125827937059615,0.004383886698633432
5.7,-1.9144080232812801,0.004387346561998129
5.7,-1.8162332528565992,0.004393759649246931
5.7,-1.718058482431918,0.0043869707733392715
5.7,-1.6198837120072371,0.004386034794151783
5.7,-1.521708941582556,0.004385225474834442
5.7,-1.423534171157875,0.004393058829009533
5.7,-1.325359400733194,0.004399204161018133
5.7,-1.227184630308513,0.0043966323137283325
5.7,-1.1290098598838318,0.004396554548293352
5.7,-1.030835089459151,0.004422249738126993
5.7,-0.93266031903447,0.0044236499816179276
5.7,-0.8344855486097889,0.004425952211022377
5.7,-0.7363107781851077,0.004427866544574499
5.7,-0.6381360077604266,0.00443008728325367
5.7,-0.5399612373357456,0.004430527798831463
5.7,-0.4417864669110647,0.004414099268615246
5.7,-0.34361169648638357,0.004408168140798807
5.7,-0.24543692606170264,0.004423049278557301
5.7,-0.14726215563702172,0.004401911981403828
5.7,-0.04908738521234057,0.004399658180773258
5.7,0.04908738521234057,0.0044005513191223145
5.7,0.14726215563702172,0.004401438869535923
5.7,0.24543692606170264,0.004421825520694256
5.7,0.34361169648638357,0.004407124128192663
5.7,0.4417864669110647,0.004410807508975267
5.7,0.5399612373357456,0.0044286674819886684
5.7,0.6381360077604266,0.00442820880562067
5.7,0.7363107781851077,0.004425679333508015
5.7,0.8344855486097886,0.004425189923495054
5.7,0.9326603190344698,0.004427504725754261
5.7,1.030835089459151,0.004427169915288687
5.7,1.1290098598838316,0.004401282407343388
5.7,1.2271846303085128,0.004405534360557795
5.7,1.325359400733194,0.004418858792632818
5.7,1.423534171157875,0.004399872850626707
5.7,1.5217089415825562,0.004397937562316656
5.7,1.619883712007237,0.0043993014842271805
5.7,1.718058482431918,0.004400565754622221
5.7,1.8162332528565992,0.004420750308781862
5.7,1.9144080232812803,0.004407074302434921
5.7,2.0125827937059615,0.004411153495311737
5.7,2.110757564130642,0.0044275568798184395
5.7,2.2089323345553233,0.0044252402149140835
5.7,2.3071071049800045,0.004422054160386324
5.7,2.405281875404685,0.0044182706624269485
5.7,2.5034566458293663,0.004415612202137709
5.7,2.6016314162540475,0.004414883907884359
5.7,2.699806186678728,0.0043939766474068165
5.7,2.7979809571034093,0.004393605049699545
5.7,2.8961557275280905,0.004394907038658857
5.7,2.9943304979527716,0.004391470458358526
5.7,3.0925052683774528,0.004386022221297026
5.8,-3.0925052683774528,0.004386496264487505
5.8,-2.994330497952771,0.004390099551528692
5.8,-2.8961557275280905,0.004395000170916319
5.8,-2.7979809571034098,0.004392131231725216
5.8,-2.699806186678728,0.004386216402053833
5.8,-2.6016314162540475,0.004397358745336533
5.8,-2.5034566458293668,0.004397031385451555
5.8,-2.405281875404685,0.0043957289308309555
5.8,-2.3071071049800045,0.004395780619233847
5.8,-2.208932334555323,0.004396602977067232
5.8,-2.110757564130642,0.00439693545922637
5.8,-2.0125827937059615,0.004384470637887716
5.8,-1.9144080232812801,0.0043877772986888885
5.8,-1.8162332528565992,0.004394102841615677
5.8,-1.718058482431918,0.004385138861835003
5.8,-1.6198837120072371,0.00438475189730525
5.8,-1.521708941582556,0.004383984953165054
5.8,-1.423534171157875,0.004391506314277649
5.8,-1.325359400733194,0.004396679345518351
5.8,-1.227184630308513,0.004395756404846907
5.8,-1.1290098598838318,0.004395372699946165
5.8,-1.030835089459151,0.004419153090566397
5.8,-0.93266031903447,0.004420406650751829
5.8,-0.8344855486097889,0.004422685131430626
5.8,-0.7363107781851077,0.004426310770213604
5.8,-0.6381360077604266,0.0044289398938417435
5.8,-0.5399612373357456,0.0044297389686107635
5.8,-0.4417864669110647,0.00441407086327672
5.8,-0.34361169648638357,0.004408716689795256
5.8,-0.24543692606170264,0.0044241901487112045
5.8,-0.14726215563702172,0.004402291961014271
5.8,-0.04908738521234057,0.004400504287332296
5.8,0.04908738521234057,0.004401395097374916
5.8,0.14726215563702172,0.00440219696611166
5.8,0.24543692606170264,0.004423476289957762
5.8,0.34361169648638357,0.004407834727317095
5.8,0.4417864669110647,0.004411383531987667
5.8,0.5399612373357456,0.0044290791265666485
5.8,0.6381360077604266,0.004428741056472063
5.8,0.7363107781851077,0.004426019266247749
5.8,0.8344855486097886,0.004425338469445705
5.8,0.9326603190344698,0.004427492618560791
5.8,1.030835089459151,0.004427045118063688
5.8,1.1290098598838316,0.004401268437504768
5.8,1.2271846303085128,0.004405821207910776
5.8,1.325359400733194,0.004420107696205378
5.8,1.423534171157875,0.004400662146508694
5.8,1.5217089415825562,0.004399116616696119
5.8,1.619883712007237,0.004400616977363825
5.8,1.718058482431918,0.004401513375341892
5.8,1.8162332528565992,0.004423052538186312
5.8,1.9144080232812803,0.004408299922943115
5.8,2.0125827937059615,0.004413257353007793
5.8,2.110757564130642,0.004429152235388756
5.8,2.2089323345553233,0.004427175968885422
5.8,2.3071071049800045,0.004423785954713821
5.8,2.405281875404685,0.004419626202434301
5.8,2.5034566458293663,0.00441739521920681
5.8,2.6016314162540475,0.004416525363922119
5.8,2.699806186678728,0.004394525662064552
5.8,2.7979809571034093,0.004394679330289364
5.8,2.8961557275280905,0.004395979456603527
5.8,2.9943304979527716,0.004391307942569256
5.8,3.0925052683774528,0.004387011285871267
5.9,-3.0925052683774528,0.004391560330986977
5.9,-2.994330497952771,0.004393197130411863
5.9,-2.8961557275280905,0.004397551994770765
5.9,-2.7979809571034098,0.004395191557705402
5.9,-2.699806186678728,0.004393487703055143
5.9,-2.6016314162540475,0.004410639405250549
5.9,-2.5034566458293668,0.004401282407343388
5.9,-2.405281875404685,0.0043973964639008045
5.9,-2.3071071049800045,0.004397174809128046
5.9,-2.208932334555323,0.004397667944431305
5.9,-2.110757564130642,0.0043977717868983746
5.9,-2.0125827937059615,0.004386324901133776
5.9,-1.9144080232812801,0.004391900263726711
5.9,-1.8162332528565992,0.004394825082272291
5.9,-1.718058482431918,0.004389756824821234
5.9,-1.6198837120072371,0.004386201500892639
5.9,-1.521708941582556,0.004384891130030155
5.9,-1.423534171157875,0.004391762427985668
5.9,-1.325359400733194,0.0043968032114207745
5.9,-1.227184630308513,0.004395865835249424
5.9,-1.1290098598838318,0.00439513148739934
5.9,-1.030835089459151,0.004417844582349062
5.9,-0.93266031903447,0.0044187018647789955
5.9,-0.8344855486097889,0.0044212378561496735
5.9,-0.7363107781851077,0.004423514008522034
5.9,-0.6381360077604266,0.004425005987286568
5.9,-0.5399612373357456,0.004425399005413055
5.9,-0.4417864669110647,0.004401331301778555
5.9,-0.34361169648638357,0.004404641222208738
5.9,-0.24543692606170264,0.00440538115799427
5.9,-0.14726215563702172,0.004398872144520283
5.9,-0.04908738521234057,0.004397265613079071
5.9,0.04908738521234057,0.0043983664363622665
5.9,0.14726215563702172,0.004399217665195465
5.9,0.24543692606170264,0.004405724350363016
5.9,0.34361169648638357,0.004404411185532808
5.9,0.4417864669110647,0.0044002956710755825
5.9,0.5399612373357456,0.004424954764544964
5.9,0.6381360077604266,0.004424619488418102
5.9,0.7363107781851077,0.004421385936439037
5.9,0.8344855486097886,0.0044208308681845665
5.9,0.9326603190344698,0.004422991536557674
5.9,1.030835089459151,0.00442266883328557
5.9,1.1290098598838316,0.004397111013531685
5.9,1.2271846303085128,0.0044022235088050365
5.9,1.325359400733194,0.004404086619615555
5.9,1.423534171157875,0.004397810436785221
5.9,1.5217089415825562,0.004396278411149979
5.9,1.619883712007237,0.004398055374622345
5.9,1.718058482431918,0.004399418830871582
5.9,1.8162332528565992,0.004419773817062378
5.9,1.9144080232812803,0.004407246131449938
5.9,2.0125827937059615,0.004413048271089792
5.9,2.110757564130642,0.004429988097399473
5.9,2.2089323345553233,0.004428316839039326
5.9,2.3071071049800045,0.004426118452101946
5.9,2.405281875404685,0.004423236008733511
5.9,2.5034566458293663,0.004421226214617491
5.9,2.6016314162540475,0.004420589189976454
5.9,2.699806186678728,0.004396074917167425
5.9,2.7979809571034093,0.004396629054099321
5.9,2.8961557275280905,0.004400474485009909
5.9,2.9943304979527716,0.004393867217004299
5.9,3.0925052683774528,0.004392280243337154
6.0,-3.0925052683774528,0.004388683941215277
6.0,-2.994330497952771,0.004391692113131285
6.0,-2.8961557275280905,0.0043966397643089294
6.0,-2.7979809571034098,0.004394005984067917
6.0,-2.699806186678728,0.004392864182591438
6.0,-2.6016314162540475,0.004409214947372675
6.0,-2.5034566458293668,0.00439843162894249
6.0,-2.405281875404685,0.004397112410515547
6.0,-2.3071071049800045,0.004396852105855942
6.0,-2.208932334555323,0.004397327546030283
6.0,-2.110757564130642,0.0043973843567073345
6.0,-2.0125827937059615,0.004385084845125675
6.0,-1.9144080232812801,0.004387890920042992
6.0,-1.8162332528565992,0.00439411960542202
6.0,-1.718058482431918,0.004384196829050779
6.0,-1.6198837120072371,0.004384450148791075
6.0,-1.521708941582556,0.004383886232972145
6.0,-1.423534171157875,0.004391169641166925
6.0,-1.325359400733194,0.004396505653858185
6.0,-1.227184630308513,0.004395300056785345
6.0,-1.1290098598838318,0.004394641611725092
6.0,-1.030835089459151,0.0044161481782794
6.0,-0.93266031903447,0.004417398478835821
6.0,-0.8344855486097889,0.004419236443936825
6.0,-0.7363107781851077,0.004420711658895016
6.0,-0.6381360077604266,0.004421146120876074
6.0,-0.5399612373357456,0.004421379882842302
6.0,-0.4417864669110647,0.004397306125611067
6.0,-0.34361169648638357,0.004401404410600662
6.0,-0.24543692606170264,0.004402945749461651
6.0,-0.14726215563702172,0.004396500997245312
6.0,-0.04908738521234057,0.004394900985062122
6.0,0.04908738521234057,0.004396206699311733
6.0,0.14726215563702172,0.004397191107273102
6.0,0.24543692606170264,0.004403932951390743
6.0,0.34361169648638357,0.004402883816510439
6.0,0.4417864669110647,0.004399948287755251
6.0,0.5399612373357456,0.004425248131155968
6.0,0.6381360077604266,0.0044258711859583855
6.0,0.7363107781851077,0.004423928912729025
6.0,0.8344855486097886,0.004424706567078829
6.0,0.9326603190344698,0.004428170155733824
6.0,1.030835089459151,0.004428579472005367
6.0,1.1290098598838316,0.004411204252392054
6.0,1.2271846303085128,0.004408013541251421
6.0,1.325359400733194,0.004424150101840496
6.0,1.423534171157875,0.004411573056131601
6.0,1.5217089415825562,0.004401081241667271
6.0,1.619883712007237,0.004411313217133284
6.0,1.718058482431918,0.0044133723713457584
6.0,1.8162332528565992,0.00442731287330389
6.0,1.9144080232812803,0.004419220611453056
6.0,2.0125827937059615,0.004416108597069979
6.0,2.110757564130642,0.004432017914950848
6.0,2.2089323345553233,0.004430021159350872
6.0,2.3071071049800045,0.00442690821364522
6.0,2.405281875404685,0.004423163365572691
6.0,2.5034566458293663,0.004420605953782797
6.0,2.6016314162540475,0.004419667646288872
6.0,2.699806186678728,0.004395647440105677
6.0,2.7979809571034093,0.004395876545459032
6.0,2.8961557275280905,0.004399106837809086
6.0,2.9943304979527716,0.0043924730271101
6.0,3.0925052683774528,0.004389483947306871
6.1,-3.0925052683774528,0.004388215485960245
6.1,-2.994330497952771,0.004391718655824661
6.1,-2.8961557275280905,0.004396306350827217
6.1,-2.7979809571034098,0.004393931943923235
6.1,-2.699806186678728,0.004392826464027166
6.1,-2.6016314162540475,0.004409322049468756
6.1,-2.5034566458293668,0.004401055164635181
6.1,-2.405281875404685,0.004397659096866846
6.1,-2.3071071049800045,0.004397784825414419
6.1,-2.208932334555323,0.004401015117764473
6.1,-2.110757564130642,0.0044092899188399315
6.1,-2.0125827937059615,0.0043927705846726894
6.1,-1.9144080232812801,0.004394236020743847
6.1,-1.8162332528565992,0.004396642092615366
6.1,-1.718058482431918,0.004392590373754501
6.1,-1.6198837120072371,0.004391195252537727
6.1,-1.521708941582556,0.0043914406560361385
6.1,-1.423534171157875,0.0043947771191596985
6.1,-1.325359400733194,0.004401658661663532
6.1,-1.227184630308513,0.004398544784635305
6.1,-1.1290098598838318,0.004396412055939436
6.1,-1.030835089459151,0.004420380108058453
6.1,-0.93266031903447,0.00442093750461936
6.1,-0.8344855486097889,0.004421917721629143
6.1,-0.7363107781851077,0.0044230627827346325
6.1,-0.6381360077604266,0.004423296079039574
6.1,-0.5399612373357456,0.0044232746586203575
6.1,-0.4417864669110647,0.004400157369673252
6.1,-0.34361169648638357,0.004403384402394295
6.1,-0.24543692606170264,0.004404682666063309
6.1,-0.14726215563702172,0.004398229531943798
6.1,-0.04908738521234057,0.004396654665470123
6.1,0.04908738521234057,0.004397885873913765
6.1,0.14726215563702172,0.004398838616907597
6.1,0.24543692606170264,0.004405583254992962
6.1,0.34361169648638357,0.0044046868570148945
6.1,0.4417864669110647,0.004400881472975016
6.1,0.5399612373357456,0.004426407627761364
6.1,0.6381360077604266,0.00442609004676342
6.1,0.7363107781851077,0.004423671402037144
6.1,0.8344855486097886,0.00442339526489377
6.1,0.9326603190344698,0.004425507970154285
6.1,1.030835089459151,0.0044252616353333
6.1,1.1290098598838316,0.004400245845317841
6.1,1.2271846303085128,0.004404064733535051
6.1,1.325359400733194,0.00440542958676815
6.1,1.423534171157875,0.004398991819471121
6.1,1.5217089415825562,0.004397138953208923
6.1,1.619883712007237,0.004398660734295845
6.1,1.718058482431918,0.0043997010216116905
6.1,1.8162332528565992,0.004420009907335043
6.1,1.9144080232812803,0.004406727850437164
6.1,2.0125827937059615,0.004411348607391119
6.1,2.110757564130642,0.004427834413945675
6.1,2.2089323345553233,0.004426215309649706
6.1,2.3071071049800045,0.004423803649842739
6.1,2.405281875404685,0.0044203856959939
6.1,2.5034566458293663,0.004418227821588516
6.1,2.6016314162540475,0.004417965654283762
6.1,2.699806186678728,0.004395080264657736
6.1,2.7979809571034093,0.004395988769829273
6.1,2.8961557275280905,0.004397326614707708
6.1,2.9943304979527716,0.004391679540276527
6.1,3.0925052683774528,0.004389003850519657
6.2,-3.0925052683774528,0.004389472771435976
6.2,-2.994330497952771,0.004391334019601345
6.2,-2.8961557275280905,0.004397908225655556
6.2,-2.7979809571034098,0.004394713789224625
6.2,-2.699806186678728,0.004393022041767836
6.2,-2.6016314162540475,0.00440968619659543
6.2,-2.5034566458293668,0.004401305690407753
6.2,-2.405281875404685,0.004397525917738676
6.2,-2.3071071049800045,0.004397610202431679
6.2,-2.208932334555323,0.0044010961428284645
6.2,-2.110757564130642,0.004409241024404764
6.2,-2.0125827937059615,0.004392802249640226
6.2,-1.9144080232812801,0.0043947650119662285
6.2,-1.8162332528565992,0.004398250952363014
6.2,-1.718058482431918,0.0043919384479522705
6.2,-1.6198837120072371,0.004391515161842108
6.2,-1.521708941582556,0.004392801783978939
6.2,-1.423534171157875,0.004394941031932831
6.2,-1.325359400733194,0.004402743652462959
6.2,-1.227184630308513,0.0044013699516654015
6.2,-1.1290098598838318,0.00439712218940258
6.2,-1.030835089459151,0.004423077683895826
6.2,-0.93266031903447,0.00442395219579339
6.2,-0.8344855486097889,0.0044247605837881565
6.2,-0.7363107781851077,0.004425894469022751
6.2,-0.6381360077604266,0.004426436964422464
6.2,-0.5399612373357456,0.004426043946295977
6.2,-0.4417864669110647,0.00440150685608387
6.2,-0.34361169648638357,0.004404719453305006
6.2,-0.24543692606170264,0.004405413754284382
6.2,-0.14726215563702172,0.0043986947275698185
6.2,-0.04908738521234057,0.004396695643663406
6.2,0.04908738521234057,0.004397722892463207
6.2,0.14726215563702172,0.00439848005771637
6.2,0.24543692606170264,0.004405016545206308
6.2,0.34361169648638357,0.004403805825859308
6.2,0.4417864669110647,0.004400283098220825
6.2,0.5399612373357456,0.004425301216542721
6.2,0.6381360077604266,0.004425186663866043
6.2,0.7363107781851077,0.00442331051453948
6.2,0.8344855486097886,0.004423264414072037
6.2,0.9326603190344698,0.004425793886184692
6.2,1.030835089459151,0.004425584338605404
6.2,1.1290098598838316,0.00440050195902586
6.2,1.2271846303085128,0.004404271021485329
6.2,1.325359400733194,0.004405382554978132
6.2,1.423534171157875,0.004398447461426258
6.2,1.5217089415825562,0.0043964507058262825
6.2,1.619883712007237,0.004397758282721043
6.2,1.718058482431918,0.004398832097649574
6.2,1.8162332528565992,0.004418196622282267
6.2,1.9144080232812803,0.004405482672154903
6.2,2.0125827937059615,0.0044018542394042015
6.2,2.110757564130642,0.004426662344485521
6.2,2.2089323345553233,0.004425162449479103
6.2,2.3071071049800045,0.004423239268362522
6.2,2.405281875404685,0.0044208066537976265
6.2,2.5034566458293663,0.004419522359967232
6.2,2.6016314162540475,0.004419004078954458
6.2,2.699806186678728,0.004395477008074522
6.2,2.7979809571034093,0.004396491218358278
6.2,2.8961557275280905,0.004401546437293291
6.2,2.9943304979527716,0.004392184782773256
6.2,3.0925052683774528,0.004390736110508442
6.3,-3.0925052683774528,0.004382902756333351
6.3,-2.994330497952771,0.004383132793009281
6.3,-2.8961557275280905,0.0043937768787145615
6.3,-2.7979809571034098,0.004386256914585829
6.3,-2.699806186678728,0.0043833572417497635
6.3,-2.6016314162540475,0.00439642695710063
6.3,-2.5034566458293668,0.004395949188619852
6.3,-2.405281875404685,0.004394993185997009
6.3,-2.3071071049800045,0.0043952311389148235
6.3,-2.208932334555323,0.004396236967295408
6.3,-2.110757564130642,0.004396703094244003
6.3,-2.0125827937059615,0.004384328611195087
6.3,-1.9144080232812801,0.004388491623103619
6.3,-1.8162332528565992,0.0043946802616119385
6.3,-1.718058482431918,0.004389788024127483
6.3,-1.6198837120072371,0.004386527929455042
6.3,-1.521708941582556,0.004386706277728081
6.3,-1.423534171157875,0.00439336895942688
6.3,-1.325359400733194,0.004400601610541344
6.3,-1.227184630308513,0.004398280754685402
6.3,-1.1290098598838318,0.0043970211409032345
6.3,-1.030835089459151,0.0044233831577003
6.3,-0.93266031903447,0.004424706567078829
6.3,-0.8344855486097889,0.004426346160471439
6.3,-0.7363107781851077,0.004429057706147432
6.3,-0.6381360077604266,0.004430640488862991
6.3,-0.5399612373357456,0.0044307708740234375
6.3,-0.4417864669110647,0.004414927214384079
6.3,-0.34361169648638357,0.004417247138917446
6.3,-0.24543692606170264,0.00442579435184598
6.3,-0.14726215563702172,0.0044127278961241245
6.3,-0.04908738521234057,0.004401464480906725
6.3,0.04908738521234057,0.004402382764965296
6.3,0.14726215563702172,0.004412638023495674
6.3,0.24543692606170264,0.004425668623298407
6.3,0.34361169648638357,0.004417128395289183
6.3,0.4417864669110647,0.004413778427988291
6.3,0.5399612373357456,0.004431311972439289
6.3,0.6381360077604266,0.004430710803717375
6.3,0.7363107781851077,0.00442808261141181
6.3,0.8344855486097886,0.004427392967045307
6.3,0.9326603190344698,0.004429316148161888
6.3,1.030835089459151,0.004428579937666655
6.3,1.1290098598838316,0.004401891026645899
6.3,1.2271846303085128,0.004406014923006296
6.3,1.325359400733194,0.004419431090354919
6.3,1.423534171157875,0.004399842582643032
6.3,1.5217089415825562,0.004397816956043243
6.3,1.619883712007237,0.004399099387228489
6.3,1.718058482431918,0.004400129895657301
6.3,1.8162332528565992,0.004420372191816568
6.3,1.9144080232812803,0.004406221676617861
6.3,2.0125827937059615,0.004410386085510254
6.3,2.110757564130642,0.004426640458405018
6.3,2.2089323345553233,0.004424594808369875
6.3,2.3071071049800045,0.004421875346451998
6.3,2.405281875404685,0.004417920019477606
6.3,2.5034566458293663,0.004414706490933895
6.3,2.6016314162540475,0.004413783550262451
6.3,2.699806186678728,0.004393525421619415
6.3,2.7979809571034093,0.0043931822292506695
6.3,2.8961557275280905,0.004394918214529753
6.3,2.9943304979527716,0.004389479756355286
6.3,3.0925052683774528,0.0043841637670993805
6.4,-3.0925052683774528,0.004386314190924168
6.4,-2.994330497952771,0.004389932844787836
6.4,-2.8961557275280905,0.004395203199237585
6.4,-2.7979809571034098,0.004392168018966913
6.4,-2.699806186678728,0.004386253654956818
6.4,-2.6016314162540475,0.00439725024625659
6.4,-2.5034566458293668,0.004396625328809023
6.4,-2.405281875404685,0.004395375493913889
6.4,-2.3071071049800045,0.004395280499011278
6.4,-2.208932334555323,0.00439622113481164
6.4,-2.110757564130642,0.004396481439471245
6.4,-2.0125827937059615,0.00438313651829958
6.4,-1.9144080232812801,0.004386530723422766
6.4,-1.8162332528565992,0.0043939282186329365
6.4,-1.718058482431918,0.004382911138236523
6.4,-1.6198837120072371,0.004383743274956942
6.4,-1.521708941582556,0.004383359104394913
6.4,-1.423534171157875,0.0043910350650548935
6.4,-1.325359400733194,0.004396617412567139
6.4,-1.227184630308513,0.004395456984639168
6.4,-1.1290098598838318,0.004395222291350365
6.4,-1.030835089459151,0.004418413154780865
6.4,-0.93266031903447,0.004419020377099514
6.4,-0.8344855486097889,0.0044215647503733635
6.4,-0.7363107781851077,0.004425693303346634
6.4,-0.6381360077604266,0.004428943153470755
6.4,-0.5399612373357456,0.0044297995045781136
6.4,-0.4417864669110647,0.004414232447743416
6.4,-0.34361169648638357,0.004417279735207558
6.4,-0.24543692606170264,0.004425892606377602
6.4,-0.14726215563702172,0.004412756767123938
6.4,-0.04908738521234057,0.004401573445647955
6.4,0.04908738521234057,0.004402353428304195
6.4,0.14726215563702172,0.004412348847836256
6.4,0.24543692606170264,0.004424857906997204
6.4,0.34361169648638357,0.004408226814121008
6.4,0.4417864669110647,0.00441150926053524
6.4,0.5399612373357456,0.004428715445101261
6.4,0.6381360077604266,0.004427820909768343
6.4,0.7363107781851077,0.004424877930432558
6.4,0.8344855486097886,0.004424187354743481
6.4,0.9326603190344698,0.004426521249115467
6.4,1.030835089459151,0.004426236730068922
6.4,1.1290098598838316,0.004400929901748896
6.4,1.2271846303085128,0.004405558574944735
6.4,1.325359400733194,0.004420552868396044
6.4,1.423534171157875,0.00440084096044302
6.4,1.5217089415825562,0.0043993303552269936
6.4,1.619883712007237,0.0044008828699588776
6.4,1.718058482431918,0.004402009304612875
6.4,1.8162332528565992,0.004424476996064186
6.4,1.9144080232812803,0.004408897832036018
6.4,2.0125827937059615,0.0044134920462965965
6.4,2.110757564130642,0.00442940928041935
6.4,2.2089323345553233,0.004427132662385702
6.4,2.3071071049800045,0.004424152430146933
6.4,2.405281875404685,0.004420156590640545
6.4,2.5034566458293663,0.004416773561388254
6.4,2.6016314162540475,0.004416058771312237
6.4,2.699806186678728,0.004394450690597296
6.4,2.7979809571034093,0.004394792020320892
6.4,2.8961557275280905,0.004396211821585894
6.4,2.9943304979527716,0.0043908352963626385
6.4,3.0925052683774528,0.0043870541267097
6.5,-3.0925052683774528,0.004390432965010405
6.5,-2.994330497952771,0.004392354749143124
6.5,-2.8961557275280905,0.004396917298436165
6.5,-2.7979809571034098,0.004394383169710636
6.5,-2.699806186678728,0.004393110983073711
6.5,-2.6016314162540475,0.004410036373883486
6.5,-2.5034566458293668,0.004401221871376038
6.5,-2.405281875404685,0.004397470038384199
6.5,-2.3071071049800045,0.004397254437208176
6.5,-2.208932334555323,0.004398241639137268
6.5,-2.110757564130642,0.004400311969220638
6.5,-2.0125827937059615,0.004391863010823727
6.5,-1.9144080232812801,0.004392913077026606
6.5,-1.8162332528565992,0.0043958337046206
6.5,-1.718058482431918,0.004391230642795563
6.5,-1.6198837120072371,0.004388920031487942
6.5,-1.521708941582556,0.004387404769659042
6.5,-1.423534171157875,0.004392828792333603
6.5,-1.325359400733194,0.00439947284758091
6.5,-1.227184630308513,0.004395912867039442
6.5,-1.1290098598838318,0.004395522177219391
6.5,-1.030835089459151,0.004419250413775444
6.5,-0.93266031903447,0.004420293029397726
6.5,-0.8344855486097889,0.00442231772467494
6.5,-0.7363107781851077,0.004424653016030788
6.5,-0.6381360077604266,0.004427704028785229
6.5,-0.5399612373357456,0.004427260719239712
6.5,-0.4417864669110647,0.004401839338243008
6.5,-0.34361169648638357,0.004405346233397722
6.5,-0.24543692606170264,0.004417764954268932
6.5,-0.14726215563702172,0.0043990216217935085
6.5,-0.04908738521234057,0.004396985284984112
6.5,0.04908738521234057,0.004397686570882797
6.5,0.14726215563702172,0.004398339428007603
6.5,0.24543692606170264,0.004404696170240641
6.5,0.34361169648638357,0.0044029951095581055
6.5,0.4417864669110647,0.004397503565996885
6.5,0.5399612373357456,0.004423834849148989
6.5,0.6381360077604266,0.004423968493938446
6.5,0.7363107781851077,0.004422090947628021
6.5,0.8344855486097886,0.004422351717948914
6.5,0.9326603190344698,0.004425704013556242
6.5,1.030835089459151,0.004425946623086929
6.5,1.1290098598838316,0.004400915000587702
6.5,1.2271846303085128,0.004405651241540909
6.5,1.325359400733194,0.004420210141688585
6.5,1.423534171157875,0.004400553647428751
6.5,1.5217089415825562,0.004398754797875881
6.5,1.619883712007237,0.004400243051350117
6.5,1.718058482431918,0.004401316866278648
6.5,1.8162332528565992,0.004422925412654877
6.5,1.9144080232812803,0.004408223554491997
6.5,2.0125827937059615,0.004413627553731203
6.5,2.110757564130642,0.00442990567535162
6.5,2.2089323345553233,0.004428355488926172
6.5,2.3071071049800045,0.0044260225258767605
6.5,2.405281875404685,0.004422830417752266
6.5,2.5034566458293663,0.00442058639600873
6.5,2.6016314162540475,0.004419894888997078
6.5,2.699806186678728,0.0043959119357168674
6.5,2.7979809571034093,0.00439649960026145
6.5,2.8961557275280905,0.004400069359689951
6.5,2.9943304979527716,0.004393331240862608
6.5,3.0925052683774528,0.004390899557620287
6.6,-3.0925052683774528,0.004380393773317337
6.6,-2.994330497952771,0.004380259662866592
6.6,-2.8961557275280905,0.004390568006783724
6.6,-2.7979809571034098,0.004383993335068226
6.6,-2.699806186678728,0.004381553269922733
6.6,-2.6016314162540475,0.004395876545459032
6.6,-2.5034566458293668,0.004395309370011091
6.6,-2.405281875404685,0.004394508898258209
6.6,-2.3071071049800045,0.004394355230033398
6.6,-2.208932334555323,0.004395384807139635
6.6,-2.110757564130642,0.004395920317620039
6.6,-2.0125827937059615,0.004381851758807898
6.6,-1.9144080232812801,0.004385840147733688
6.6,-1.8162332528565992,0.004393775947391987
6.6,-1.718058482431918,0.004383614286780357
6.6,-1.6198837120072371,0.0043842424638569355
6.6,-1.521708941582556,0.004384186584502459
6.6,-1.423534171157875,0.004391656722873449
6.6,-1.325359400733194,0.004396976437419653
6.6,-1.227184630308513,0.004396241623908281
6.6,-1.1290098598838318,0.004395822063088417
6.6,-1.030835089459151,0.004421229939907789
6.6,-0.93266031903447,0.004422783851623535
6.6,-0.8344855486097889,0.0044252872467041016
6.6,-0.7363107781851077,0.004429285880178213
6.6,-0.6381360077604266,0.00443342886865139
6.6,-0.5399612373357456,0.004434036556631327
6.6,-0.4417864669110647,0.004418441094458103
6.6,-0.34361169648638357,0.004422379191964865
6.6,-0.24543692606170264,0.004432412330061197
6.6,-0.14726215563702172,0.004419717937707901
6.6,-0.04908738521234057,0.004416396375745535
6.6,0.04908738521234057,0.004417774733155966
6.6,0.14726215563702172,0.0044188969768583775
6.6,0.24543692606170264,0.004430876113474369
6.6,0.34361169648638357,0.004420469980686903
6.6,0.4417864669110647,0.004415499046444893
6.6,0.5399612373357456,0.004432224202901125
6.6,0.6381360077604266,0.004431477747857571
6.6,0.7363107781851077,0.0044282288290560246
6.6,0.8344855486097886,0.004427297972142696
6.6,0.9326603190344698,0.004429443273693323
6.6,1.030835089459151,0.004428795538842678
6.6,1.1290098598838316,0.0044105201959609985
6.6,1.2271846303085128,0.0044067553244531155
6.6,1.325359400733194,0.004421464167535305
6.6,1.423534171157875,0.004401159007102251
6.6,1.5217089415825562,0.004399387165904045
6.6,1.619883712007237,0.004400637932121754
6.6,1.718058482431918,0.004401520825922489
6.6,1.8162332528565992,0.004423005040735006
6.6,1.9144080232812803,0.004407964181154966
6.6,2.0125827937059615,0.004411893431097269
6.6,2.110757564130642,0.0044277124106884
6.6,2.2089323345553233,0.004425097722560167
6.6,2.3071071049800045,0.0044216918759047985
6.6,2.405281875404685,0.00441682618111372
6.6,2.5034566458293663,0.004412978887557983
6.6,2.6016314162540475,0.00441202474758029
6.6,2.699806186678728,0.00439277570694685
6.6,2.7979809571034093,0.004391906782984734
6.6,2.8961557275280905,0.004393945448100567
6.6,2.9943304979527716,0.004382596351206303
6.6,3.0925052683774528,0.0043814517557621
6.7,-3.0925052683774528,0.0043822359293699265
6.7,-2.994330497952771,0.004381733480840921
6.7,-2.8961557275280905,0.0043922848999500275
6.7,-2.7979809571034098,0.004384659230709076
6.7,-2.699806186678728,0.004381659906357527
6.7,-2.6016314162540475,0.004395766649395227
6.7,-2.5034566458293668,0.004395154304802418
6.7,-2.405281875404685,0.0043939342722296715
6.7,-2.3071071049800045,0.004393903538584709
6.7,-2.208932334555323,0.004394985269755125
6.7,-2.110757564130642,0.004395256284624338
6.7,-2.0125827937059615,0.004379624966531992
6.7,-1.9144080232812801,0.0043830228969454765
6.7,-1.8162332528565992,0.00439050979912281
6.7,-1.718058482431918,0.004380360711365938
6.7,-1.6198837120072371,0.004381019622087479
6.7,-1.521708941582556,0.004380559548735619
6.7,-1.423534171157875,0.004389554262161255
6.7,-1.325359400733194,0.004395403433591127
6.7,-1.227184630308513,0.004394225776195526
6.7,-1.1290098598838318,0.00439451215788722
6.7,-1.030835089459151,0.004417525604367256
6.7,-0.93266031903447,0.004419201985001564
6.7,-0.8344855486097889,0.0044218432158231735
6.7,-0.7363107781851077,0.00442644814029336
6.7,-0.6381360077604266,0.004430539906024933
6.7,-0.5399612373357456,0.00443077739328146
6.7,-0.4417864669110647,0.004414400551468134
6.7,-0.34361169648638357,0.00441778963431716
6.7,-0.24543692606170264,0.004426748491823673
6.7,-0.14726215563702172,0.004413492977619171
6.7,-0.04908738521234057,0.004404486622661352
6.7,0.04908738521234057,0.004411701112985611
6.7,0.14726215563702172,0.004413721617311239
6.7,0.24543692606170264,0.004426781553775072
6.7,0.34361169648638357,0.004417942836880684
6.7,0.4417864669110647,0.004414428491145372
6.7,0.5399612373357456,0.004431793000549078
6.7,0.6381360077604266,0.004431317560374737
6.7,0.7363107781851077,0.004428940825164318
6.7,0.8344855486097886,0.004428798332810402
6.7,0.9326603190344698,0.004431859124451876
6.7,1.030835089459151,0.004431959707289934
6.7,1.1290098598838316,0.004414822440594435
6.7,1.2271846303085128,0.004418984986841679
6.7,1.325359400733194,0.004428674466907978
6.7,1.423534171157875,0.004416268318891525
6.7,1.5217089415825562,0.004406482446938753
6.7,1.619883712007237,0.004415686707943678
6.7,1.718058482431918,0.004417589865624905
6.7,1.8162332528565992,0.004431275650858879
6.7,1.9144080232812803,0.004422335885465145
6.7,2.0125827937059615,0.004418575204908848
6.7,2.110757564130642,0.004433803725987673
6.7,2.2089323345553233,0.004431116860359907
6.7,2.3071071049800045,0.004426675848662853
6.7,2.405281875404685,0.004421510733664036
6.7,2.5034566458293663,0.0044181770645082
6.7,2.6016314162540475,0.004416411742568016
6.7,2.699806186678728,0.00439432542771101
6.7,2.7979809571034093,0.004394009243696928
6.7,2.8961557275280905,0.004395399242639542
6.7,2.9943304979527716,0.004389672540128231
6.7,3.0925052683774528,0.004383808001875877
6.8,-3.0925052683774528,0.004387347958981991
6.8,-2.994330497952771,0.004390731453895569
6.8,-2.8961557275280905,0.004395707510411739
6.8,-2.7979809571034098,0.004392312839627266
6.8,-2.699806186678728,0.004390602000057697
6.8,-2.6016314162540475,0.004397749900817871
6.8,-2.5034566458293668,0.004397192969918251
6.8,-2.405281875404685,0.004396004602313042
6.8,-2.3071071049800045,0.0043958802707493305
6.8,-2.208932334555323,0.004397102165967226
6.8,-2.110757564130642,0.004397063050419092
6.8,-2.0125827937059615,0.004384945146739483
6.8,-1.9144080232812801,0.004391808062791824
6.8,-1.8162332528565992,0.004394905641674995
6.8,-1.718058482431918,0.004389842506498098
6.8,-1.6198837120072371,0.004386328160762787
6.8,-1.521708941582556,0.0043851714581251144
6.8,-1.423534171157875,0.0043916646391153336
6.8,-1.325359400733194,0.004396798554807901
6.8,-1.227184630308513,0.004395535681396723
6.8,-1.1290098598838318,0.004394912626594305
6.8,-1.030835089459151,0.0044176653027534485
6.8,-0.93266031903447,0.004418338183313608
6.8,-0.8344855486097889,0.004419627599418163
6.8,-0.7363107781851077,0.0044228192418813705
6.8,-0.6381360077604266,0.004425328690558672
6.8,-0.5399612373357456,0.004425073973834515
6.8,-0.4417864669110647,0.004400989040732384
6.8,-0.34361169648638357,0.004404515493661165
6.8,-0.24543692606170264,0.0044052316807210445
6.8,-0.14726215563702172,0.004398497752845287
6.8,-0.04908738521234057,0.004396555945277214
6.8,0.04908738521234057,0.004397514276206493
6.8,0.14726215563702172,0.004398352932184935
6.8,0.24543692606170264,0.004404946230351925
6.8,0.34361169648638357,0.004403706174343824
6.8,0.4417864669110647,0.0044002048671245575
6.8,0.5399612373357456,0.0044255563989281654
6.8,0.6381360077604266,0.004425856284797192
6.8,0.7363107781851077,0.004424490500241518
6.8,0.8344855486097886,0.004425391089171171
6.8,0.9326603190344698,0.004429062362760305
6.8,1.030835089459151,0.004429730121046305
6.8,1.1290098598838316,0.004412807058542967
6.8,1.2271846303085128,0.004416969604790211
6.8,1.325359400733194,0.0044266520999372005
6.8,1.423534171157875,0.004413922782987356
6.8,1.5217089415825562,0.004404762294143438
6.8,1.619883712007237,0.004412938840687275
6.8,1.718058482431918,0.004414779134094715
6.8,1.8162332528565992,0.004428400658071041
6.8,1.9144080232812803,0.004419505596160889
6.8,2.0125827937059615,0.004415556788444519
6.8,2.110757564130642,0.004431434441357851
6.8,2.2089323345553233,0.004430102650076151
6.8,2.3071071049800045,0.004425675142556429
6.8,2.405281875404685,0.004421017598360777
6.8,2.5034566458293663,0.004418646916747093
6.8,2.6016314162540475,0.004417731426656246
6.8,2.699806186678728,0.004395051393657923
6.8,2.7979809571034093,0.004395732656121254
6.8,2.8961557275280905,0.004396872594952583
6.8,2.9943304979527716,0.004391983617097139
6.8,3.0925052683774528,0.004388831555843353
6.9,-3.0925052683774528,0.004385963082313538
6.9,-2.994330497952771,0.004389877896755934
6.9,-2.8961557275280905,0.0043953233398497105
6.9,-2.7979809571034098,0.004392301198095083
6.9,-2.699806186678728,0.00438701780512929
6.9,-2.6016314162540475,0.004397654440253973
6.9,-2.5034566458293668,0.004397284239530563
6.9,-2.405281875404685,0.004396175965666771
6.9,-2.3071071049800045,0.004396187607198954
6.9,-2.208932334555323,0.004397466313093901
6.9,-2.110757564130642,0.00439994502812624
6.9,-2.0125827937059615,0.004391883499920368
6.9,-1.9144080232812801,0.004393542185425758
6.9,-1.8162332528565992,0.0043967608362436295
6.9,-1.718058482431918,0.004392414819449186
6.9,-1.6198837120072371,0.004391486756503582
6.9,-1.521708941582556,0.004391789902001619
6.9,-1.423534171157875,0.004394645802676678
6.9,-1.325359400733194,0.004401552025228739
6.9,-1.227184630308513,0.004398166202008724
6.9,-1.1290098598838318,0.004396278411149979
6.9,-1.030835089459151,0.0044208671897649765
6.9,-0.93266031903447,0.004421174991875887
6.9,-0.8344855486097889,0.004421551246196032
6.9,-0.7363107781851077,0.004423451144248247
6.9,-0.6381360077604266,0.004424928687512875
6.9,-0.5399612373357456,0.004425262100994587
6.9,-0.4417864669110647,0.004401201847940683
6.9,-0.34361169648638357,0.00440460629761219
6.9,-0.24543692606170264,0.004405563231557608
6.9,-0.14726215563702172,0.0043990337289869785
6.9,-0.04908738521234057,0.0043972572311758995
6.9,0.04908738521234057,0.00439842976629734
6.9,0.14726215563702172,0.004399380646646023
6.9,0.24543692606170264,0.004418510012328625
6.9,0.34361169648638357,0.004405302461236715
6.9,0.4417864669110647,0.004401239566504955
6.9,0.5399612373357456,0.00442711915820837
6.9,0.6381360077604266,0.0044271331280469894
6.9,0.7363107781851077,0.004425125662237406
6.9,0.8344855486097886,0.004425297025591135
6.9,0.9326603190344698,0.004427989013493061
6.9,1.030835089459151,0.0044279638677835464
6.9,1.1290098598838316,0.004401851445436478
6.9,1.2271846303085128,0.004406282678246498
6.9,1.325359400733194,0.004420457407832146
6.9,1.423534171157875,0.0044004712253808975
6.9,1.5217089415825562,0.004398316610604525
6.9,1.619883712007237,0.004399511031806469
6.9,1.718058482431918,0.004400509409606457
6.9,1.8162332528565992,0.004421402234584093
6.9,1.9144080232812803,0.004406928084790707
6.9,2.0125827937059615,0.004411319270730019
6.9,2.110757564130642,0.004427574574947357
6.9,2.2089323345553233,0.004426019266247749
6.9,2.3071071049800045,0.0044221761636435986
6.9,2.405281875404685,0.004418193828314543
6.9,2.5034566458293663,0.004416210111230612
6.9,2.6016314162540475,0.004415322560817003
6.9,2.699806186678728,0.004394089803099632
6.9,2.7979809571034093,0.004394549410790205
6.9,2.8961557275280905,0.004396295174956322
6.9,2.9943304979527716,0.00439061876386404
6.9,3.0925052683774528,0.004386635031551123
7.0,-3.0925052683774528,0.004385458771139383
7.0,-2.994330497952771,0.004389556124806404
7.0,-2.8961557275280905,0.0043950011022388935
7.0,-2.7979809571034098,0.00439194031059742
7.0,-2.699806186678728,0.004385905805975199
7.0,-2.6016314162540475,0.004397311247885227
7.0,-2.5034566458293668,0.004397076088935137
7.0,-2.405281875404685,0.004396060016006231
7.0,-2.3071071049800045,0.0043962388299405575
7.0,-2.208932334555323,0.0043974947184324265
7.0,-2.110757564130642,0.004400051198899746
7.0,-2.0125827937059615,0.00439195754006505
7.0,-1.9144080232812801,0.004393295384943485
7.0,-1.8162332528565992,0.004396449774503708
7.0,-1.718058482431918,0.004391646012663841
7.0,-1.6198837120072371,0.004389478359371424
7.0,-1.521708941582556,0.004388829693198204
7.0,-1.423534171157875,0.0043938239105045795
7.0,-1.325359400733194,0.004400795325636864
7.0,-1.227184630308513,0.004398149438202381
7.0,-1.1290098598838318,0.004396690055727959
7.0,-1.030835089459151,0.004422539379447699
7.0,-0.93266031903447,0.00442312890663743
7.0,-0.8344855486097889,0.004423868376761675
7.0,-0.7363107781851077,0.004426563624292612
7.0,-0.6381360077604266,0.004428608808666468
7.0,-0.5399612373357456,0.004428987856954336
7.0,-0.4417864669110647,0.004412881098687649
7.0,-0.34361169648638357,0.004407974891364574
7.0,-0.24543692606170264,0.004423266742378473
7.0,-0.14726215563702172,0.004401850514113903
7.0,-0.04908738521234057,0.004400042351335287
7.0,0.04908738521234057,0.004401075188070536
7.0,0.14726215563702172,0.004402121063321829
7.0,0.24543692606170264,0.0044236392714083195
7.0,0.34361169648638357,0.004408075474202633
7.0,0.4417864669110647,0.00441195210441947
7.0,0.5399612373357456,0.004429349210113287
7.0,0.6381360077604266,0.004428589250892401
7.0,0.7363107781851077,0.0044255065731704235
7.0,0.8344855486097886,0.004424429964274168
7.0,0.9326603190344698,0.004425820428878069
7.0,1.030835089459151,0.00442497618496418
7.0,1.1290098598838316,0.004397751297801733
7.0,1.2271846303085128,0.004402450751513243
7.0,1.325359400733194,0.004403582774102688
7.0,1.423534171157875,0.004396758042275906
7.0,1.5217089415825562,0.004394528456032276
7.0,1.619883712007237,0.004395066294819117
7.0,1.718058482431918,0.004396726377308369
7.0,1.8162332528565992,0.0044038607738912106
7.0,1.9144080232812803,0.004403036553412676
7.0,2.0125827937059615,0.004400274250656366
7.0,2.110757564130642,0.004423812497407198
7.0,2.2089323345553233,0.004422212019562721
7.0,2.3071071049800045,0.00441985996440053
7.0,2.405281875404685,0.004416645038872957
7.0,2.5034566458293663,0.004414753522723913
7.0,2.6016314162540475,0.00441406574100256
7.0,2.699806186678728,0.004393828567117453
7.0,2.7979809571034093,0.004394213669002056
7.0,2.8961557275280905,0.004395864438265562
7.0,2.9943304979527716,0.004390280693769455
7.0,3.0925052683774528,0.004386390093713999
7.1,-3.0925052683774528,0.004380518104881048
7.1,-2.994330497952771,0.00438019260764122
7.1,-2.8961557275280905,0.004390753339976072
7.1,-2.7979809571034098,0.004383985884487629
7.1,-2.699806186678728,0.004381957463920116
7.1,-2.6016314162540475,0.004396231845021248
7.1,-2.5034566458293668,0.004395985975861549
7.1,-2.405281875404685,0.004395332187414169
7.1,-2.3071071049800045,0.004395694937556982
7.1,-2.208932334555323,0.004396782256662846
7.1,-2.110757564130642,0.0043972451239824295
7.1,-2.0125827937059615,0.004385652486234903
7.1,-1.9144080232812801,0.004391954280436039
7.1,-1.8162332528565992,0.0043947529047727585
7.1,-1.718058482431918,0.004389570094645023
7.1,-1.6198837120072371,0.004385585896670818
7.1,-1.521708941582556,0.004384790547192097
7.1,-1.423534171157875,0.004391567315906286
7.1,-1.325359400733194,0.004396813455969095
7.1,-1.227184630308513,0.004395889583975077
7.1,-1.1290098598838318,0.004395405296236277
7.1,-1.030835089459151,0.004419361241161823
7.1,-0.93266031903447,0.004420158453285694
7.1,-0.8344855486097889,0.004421455319970846
7.1,-0.7363107781851077,0.004424994811415672
7.1,-0.6381360077604266,0.004427874460816383
7.1,-0.5399612373357456,0.004428777378052473
7.1,-0.4417864669110647,0.004413231275975704
7.1,-0.34361169648638357,0.004408599343150854
7.1,-0.24543692606170264,0.0044251964427530766
7.1,-0.14726215563702172,0.004412450361996889
7.1,-0.04908738521234057,0.004401611629873514
7.1,0.04908738521234057,0.004412130452692509
7.1,0.14726215563702172,0.004414528142660856
7.1,0.24543692606170264,0.004427917767316103
7.1,0.34361169648638357,0.0044199014082551
7.1,0.4417864669110647,0.004417045507580042
7.1,0.5399612373357456,0.004434274509549141
7.1,0.6381360077604266,0.004433690570294857
7.1,0.7363107781851077,0.004430950153619051
7.1,0.8344855486097886,0.004430057015269995
7.1,0.9326603190344698,0.004431633744388819
7.1,1.030835089459151,0.004430705681443214
7.1,1.1290098598838316,0.004412030801177025
7.1,1.2271846303085128,0.004406769294291735
7.1,1.325359400733194,0.004419611766934395
7.1,1.423534171157875,0.004399789497256279
7.1,1.5217089415825562,0.004397382959723473
7.1,1.619883712007237,0.004398358520120382
7.1,1.718058482431918,0.0043991319835186005
7.1,1.8162332528565992,0.004418177995830774
7.1,1.9144080232812803,0.004405132029205561
7.1,2.0125827937059615,0.004401343874633312
7.1,2.110757564130642,0.004425669088959694
7.1,2.2089323345553233,0.00442413380369544
7.1,2.3071071049800045,0.004421632271260023
7.1,2.405281875404685,0.004417974501848221
7.1,2.5034566458293663,0.004415872041136026
7.1,2.6016314162540475,0.004414849914610386
7.1,2.699806186678728,0.004393733572214842
7.1,2.7979809571034093,0.004393184091895819
7.1,2.8961557275280905,0.004394803661853075
7.1,2.9943304979527716,0.004388916306197643
7.1,3.0925052683774528,0.0043823909945786
7.2,-3.0925052683774528,0.00438632583245635
7.2,-2.994330497952771,0.004390269052237272
7.2,-2.8961557275280905,0.004394860938191414
7.2,-2.7979809571034098,0.004392032511532307
7.2,-2.699806186678728,0.0043866452760994434
7.2,-2.6016314162540475,0.004397539887577295
7.2,-2.5034566458293668,0.00439704954624176
7.2,-2.405281875404685,0.004396054428070784
7.2,-2.3071071049800045,0.004396159667521715
7.2,-2.208932334555323,0.00439708586782217
7.2,-2.110757564130642,0.00439750449731946
7.2,-2.0125827937059615,0.004386488813906908
7.2,-1.9144080232812801,0.004392331000417471
7.2,-1.8162332528565992,0.004394912160933018
7.2,-1.718058482431918,0.004390369635075331
7.2,-1.6198837120072371,0.004386626649647951
7.2,-1.521708941582556,0.004385577514767647
7.2,-1.423534171157875,0.004392101429402828
7.2,-1.325359400733194,0.004397006239742041
7.2,-1.227184630308513,0.004395947325974703
7.2,-1.1290098598838318,0.0043952283449471
7.2,-1.030835089459151,0.004418234806507826
7.2,-0.93266031903447,0.004419016186147928
7.2,-0.8344855486097889,0.0044195386581122875
7.2,-0.7363107781851077,0.004422690253704786
7.2,-0.6381360077604266,0.004425955004990101
7.2,-0.5399612373357456,0.0044267685152590275
7.2,-0.4417864669110647,0.004410993307828903
7.2,-0.34361169648638357,0.004407020285725594
7.2,-0.24543692606170264,0.004422313533723354
7.2,-0.14726215563702172,0.0044016605243086815
7.2,-0.04908738521234057,0.00440033245831728
7.2,0.04908738521234057,0.004401772748678923
7.2,0.14726215563702172,0.004412445705384016
7.2,0.24543692606170264,0.0044261617586016655
7.2,0.34361169648638357,0.004418305121362209
7.2,0.4417864669110647,0.004415196366608143
7.2,0.5399612373357456,0.004432238172739744
7.2,0.6381360077604266,0.004431413486599922
7.2,0.7363107781851077,0.004427960608154535
7.2,0.8344855486097886,0.004426553379744291
7.2,0.9326603190344698,0.004427190404385328
7.2,1.030835089459151,0.004425888881087303
7.2,1.1290098598838316,0.004400113597512245
7.2,1.2271846303085128,0.0044030253775417805
7.2,1.325359400733194,0.004404100589454174
7.2,1.423534171157875,0.004397653508931398
7.2,1.5217089415825562,0.004395806696265936
7.2,1.619883712007237,0.004397187381982803
7.2,1.718058482431918,0.00439824303612113
7.2,1.8162332528565992,0.004405259154736996
7.2,1.9144080232812803,0.0044045704416930676
7.2,2.0125827937059615,0.004401434678584337
7.2,2.110757564130642,0.004426003433763981
7.2,2.2089323345553233,0.0044246637262403965
7.2,2.3071071049800045,0.0044226692989468575
7.2,2.405281875404685,0.004419783130288124
7.2,2.5034566458293663,0.0044182706624269485
7.2,2.6016314162540475,0.004417349584400654
7.2,2.699806186678728,0.00439489958807826
7.2,2.7979809571034093,0.00439528888091445
7.2,2.8961557275280905,0.00439641997218132
7.2,2.9943304979527716,0.004391645081341267
7.2,3.0925052683774528,0.0043874261900782585
7.3,-3.0925052683774528,0.0043869600631296635
7.3,-2.994330497952771,0.00439006183296442
7.3,-2.8961557275280905,0.004396339412778616
7.3,-2.7979809571034098,0.00439260620623827
7.3,-2.699806186678728,0.0043906862847507
7.3,-2.6016314162540475,0.004397731274366379
7.3,-2.5034566458293668,0.004397265147417784
7.3,-2.405281875404685,0.004396005999296904
7.3,-2.3071071049800045,0.004396048840135336
7.3,-2.208932334555323,0.004397125914692879
7.3,-2.110757564130642,0.004397524055093527
7.3,-2.0125827937059615,0.0043865046463906765
7.3,-1.9144080232812801,0.004392548464238644
7.3,-1.8162332528565992,0.004396147560328245
7.3,-1.718058482431918,0.004389594309031963
7.3,-1.6198837120072371,0.004386956337839365
7.3,-1.521708941582556,0.004386589862406254
7.3,-1.423534171157875,0.004392298869788647
7.3,-1.325359400733194,0.004399475175887346
7.3,-1.227184630308513,0.0043958756141364574
7.3,-1.1290098598838318,0.004395328927785158
7.3,-1.030835089459151,0.004418635740876198
7.3,-0.93266031903447,0.004419100470840931
7.3,-0.8344855486097889,0.004418364260345697
7.3,-0.7363107781851077,0.00442194938659668
7.3,-0.6381360077604266,0.00442715035751462
7.3,-0.5399612373357456,0.00442881416529417
7.3,-0.4417864669110647,0.0044139716774225235
7.3,-0.34361169648638357,0.004418007098138332
7.3,-0.24543692606170264,0.004428671207278967
7.3,-0.14726215563702172,0.004415591713041067
7.3,-0.04908738521234057,0.00440678047016263
7.3,0.04908738521234057,0.004415597300976515
7.3,0.14726215563702172,0.0044174701906740665
7.3,0.24543692606170264,0.004430594388395548
7.3,0.34361169648638357,0.004420682787895203
7.3,0.4417864669110647,0.0044158827513456345
7.3,0.5399612373357456,0.004431847482919693
7.3,0.6381360077604266,0.004430122673511505
7.3,0.7363107781851077,0.004425792023539543
7.3,0.8344855486097886,0.004423020873218775
7.3,0.9326603190344698,0.004423536825925112
7.3,1.030835089459151,0.004422053229063749
7.3,1.1290098598838316,0.004396497737616301
7.3,1.2271846303085128,0.0043983119539916515
7.3,1.325359400733194,0.004401745740324259
7.3,1.423534171157875,0.00439471285790205
7.3,1.5217089415825562,0.004393666051328182
7.3,1.619883712007237,0.004394644405692816
7.3,1.718058482431918,0.004396366886794567
7.3,1.8162332528565992,0.004403526894748211
7.3,1.9144080232812803,0.004402858670800924
7.3,2.0125827937059615,0.004400506615638733
7.3,2.110757564130642,0.004424598999321461
7.3,2.2089323345553233,0.004423765931278467
7.3,2.3071071049800045,0.004422063007950783
7.3,2.405281875404685,0.004419407341629267
7.3,2.5034566458293663,0.004418527241796255
7.3,2.6016314162540475,0.004417779389768839
7.3,2.699806186678728,0.004394991789013147
7.3,2.7979809571034093,0.004395703785121441
7.3,2.8961557275280905,0.004397353623062372
7.3,2.9943304979527716,0.004391301888972521
7.3,3.0925052683774528,0.00438813166692853
7.4,-3.0925052683774528,0.004386426880955696
7.4,-2.994330497952771,0.004390272311866283
7.4,-2.8961557275280905,0.004395458847284317
7.4,-2.7979809571034098,0.0043924422934651375
7.4,-2.699806186678728,0.004387074615806341
7.4,-2.6016314162540475,0.0043975841253995895
7.4,-2.5034566458293668,0.004397057928144932
7.4,-2.405281875404685,0.00439590634778142
7.4,-2.3071071049800045,0.0043959347531199455
7.4,-2.208932334555323,0.004396858159452677
7.4,-2.110757564130642,0.004397314041852951
7.4,-2.0125827937059615,0.004385755863040686
7.4,-1.9144080232812801,0.004392138682305813
7.4,-1.8162332528565992,0.004395175259560347
7.4,-1.718058482431918,0.004390070214867592
7.4,-1.6198837120072371,0.00438632583245635
7.4,-1.521708941582556,0.004385382868349552
7.4,-1.423534171157875,0.004391447175294161
7.4,-1.325359400733194,0.00439651682972908
7.4,-1.227184630308513,0.00439476827159524
7.4,-1.1290098598838318,0.004394080024212599
7.4,-1.030835089459151,0.004414397291839123
7.4,-0.93266031903447,0.004413373302668333
7.4,-0.8344855486097889,0.004412695299834013
7.4,-0.7363107781851077,0.004416739568114281
7.4,-0.6381360077604266,0.00442270515486598
7.4,-0.5399612373357456,0.004426238127052784
7.4,-0.4417864669110647,0.004412149544805288
7.4,-0.34361169648638357,0.0044164033606648445
7.4,-0.24543692606170264,0.004427011590451002
7.4,-0.14726215563702172,0.004414975643157959
7.4,-0.04908738521234057,0.004406570456922054
7.4,0.04908738521234057,0.004415563773363829
7.4,0.14726215563702172,0.004417586140334606
7.4,0.24543692606170264,0.00443022046238184
7.4,0.34361169648638357,0.0044205510057508945
7.4,0.4417864669110647,0.004415913950651884
7.4,0.5399612373357456,0.004432000685483217
7.4,0.6381360077604266,0.004430143628269434
7.4,0.7363107781851077,0.004425606224685907
7.4,0.8344855486097886,0.004423080012202263
7.4,0.9326603190344698,0.004423873964697123
7.4,1.030835089459151,0.004422605503350496
7.4,1.1290098598838316,0.004396793898195028
7.4,1.2271846303085128,0.004400961101055145
7.4,1.325359400733194,0.004402873571962118
7.4,1.423534171157875,0.004396571312099695
7.4,1.5217089415825562,0.0043953415006399155
7.4,1.619883712007237,0.004397036507725716
7.4,1.718058482431918,0.004398203920572996
7.4,1.8162332528565992,0.004405379761010408
7.4,1.9144080232812803,0.004405211191624403
7.4,2.0125827937059615,0.004410183057188988
7.4,2.110757564130642,0.00442708982154727
7.4,2.2089323345553233,0.004425719380378723
7.4,2.3071071049800045,0.0044233291409909725
7.4,2.405281875404685,0.004419893026351929
7.4,2.5034566458293663,0.004418376367539167
7.4,2.6016314162540475,0.004417345393449068
7.4,2.699806186678728,0.0043947817757725716
7.4,2.7979809571034093,0.004395052790641785
7.4,2.8961557275280905,0.004396405536681414
7.4,2.9943304979527716,0.004391203634440899
7.4,3.0925052683774528,0.004387368448078632
7.5,-3.0925052683774528,0.00438901549205184
7.5,-2.994330497952771,0.004391432739794254
7.5,-2.8961557275280905,0.004396549891680479
7.5,-2.7979809571034098,0.004393396433442831
7.5,-2.699806186678728,0.0043922304175794125
7.5,-2.6016314162540475,0.004400389734655619
7.5,-2.5034566458293668,0.0043976083397865295
7.5,-2.405281875404685,0.004396239761263132
7.5,-2.3071071049800045,0.004396076779812574
7.5,-2.208932334555323,0.004396873991936445
7.5,-2.110757564130642,0.004397113341838121
7.5,-2.0125827937059615,0.004384790547192097
7.5,-1.9144080232812801,0.004387985914945602
7.5,-1.8162332528565992,0.004394590854644775
7.5,-1.718058482431918,0.004388210363686085
7.5,-1.6198837120072371,0.00438366224989295
7.5,-1.521708941582556,0.004382195416837931
7.5,-1.423534171157875,0.0043889605440199375
7.5,-1.325359400733194,0.004394876305013895
7.5,-1.227184630308513,0.004391959402710199
7.5,-1.1290098598838318,0.004391934722661972
7.5,-1.030835089459151,0.004400775767862797
7.5,-0.93266031903447,0.004397925455123186
7.5,-0.8344855486097889,0.004397712182253599
7.5,-0.7363107781851077,0.004410198424011469
7.5,-0.6381360077604266,0.0044161481782794
7.5,-0.5399612373357456,0.004420476965606213
7.5,-0.4417864669110647,0.004400143399834633
7.5,-0.34361169648638357,0.0044055175967514515
7.5,-0.24543692606170264,0.004422065801918507
7.5,-0.14726215563702172,0.004401798360049725
7.5,-0.04908738521234057,0.004400857724249363
7.5,0.04908738521234057,0.004402457736432552
7.5,0.14726215563702172,0.004413705784827471
7.5,0.24543692606170264,0.004427149426192045
7.5,0.34361169648638357,0.004418483469635248
7.5,0.4417864669110647,0.004414612427353859
7.5,0.5399612373357456,0.004431096836924553
7.5,0.6381360077604266,0.004429626744240522
7.5,0.7363107781851077,0.0044254413805902
7.5,0.8344855486097886,0.0044233473017811775
7.5,0.9326603190344698,0.004424545913934708
7.5,1.030835089459151,0.0044234986416995525
7.5,1.1290098598838316,0.004397243726998568
7.5,1.2271846303085128,0.004402242600917816
7.5,1.325359400733194,0.0044042933732271194
7.5,1.423534171157875,0.004398072604089975
7.5,1.5217089415825562,0.004396879579871893
7.5,1.619883712007237,0.004398695193231106
7.5,1.718058482431918,0.00440013874322176
7.5,1.8162332528565992,0.004420943558216095
7.5,1.9144080232812803,0.004407649859786034
7.5,2.0125827937059615,0.004413275513797998
7.5,2.110757564130642,0.00443013571202755
7.5,2.2089323345553233,0.004428995307534933
7.5,2.3071071049800045,0.004426480270922184
7.5,2.405281875404685,0.0044232504442334175
7.5,2.5034566458293663,0.004421892110258341
7.5,2.6016314162540475,0.004420662298798561
7.5,2.699806186678728,0.0043959710747003555
7.5,2.7979809571034093,0.004396321717649698
7.5,2.8961557275280905,0.004399901255965233
7.5,2.9943304979527716,0.004392859525978565
7.5,3.0925052683774528,0.0043902224861085415
7.6,-3.0925052683774528,0.004387700464576483
7.6,-2.994330497952771,0.004390454851090908
7.6,-2.8961557275280905,0.004396333824843168
7.6,-2.7979809571034098,0.0043927752412855625
7.6,-2.699806186678728,0.0043907202780246735
7.6,-2.6016314162540475,0.004397689830511808
7.6,-2.5034566458293668,0.004397165030241013
7.6,-2.405281875404685,0.0043957955203950405
7.6,-2.3071071049800045,0.004395811352878809
7.6,-2.208932334555323,0.004396812990307808
7.6,-2.110757564130642,0.004397175274789333
7.6,-2.0125827937059615,0.004385075531899929
7.6,-1.9144080232812801,0.004391705151647329
7.6,-1.8162332528565992,0.0043951054103672504
7.6,-1.718058482431918,0.004388395231217146
7.6,-1.6198837120072371,0.004384144674986601
7.6,-1.521708941582556,0.004382575862109661
7.6,-1.423534171157875,0.0043884143233299255
7.6,-1.325359400733194,0.004396135453134775
7.6,-1.227184630308513,0.004392195958644152
7.6,-1.1290098598838318,0.004391818307340145
7.6,-1.030835089459151,0.004400596022605896
7.6,-0.93266031903447,0.004397829063236713
7.6,-0.8344855486097889,0.0043977126479148865
7.6,-0.7363107781851077,0.004410392604768276
7.6,-0.6381360077604266,0.004416828975081444
7.6,-0.5399612373357456,0.004421680234372616
7.6,-0.4417864669110647,0.004401040263473988
7.6,-0.34361169648638357,0.004407739732414484
7.6,-0.24543692606170264,0.004426658619195223
7.6,-0.14726215563702172,0.004414771683514118
7.6,-0.04908738521234057,0.004406734369695187
7.6,0.04908738521234057,0.004416361451148987
7.6,0.14726215563702172,0.004418626893311739
7.6,0.24543692606170264,0.004431852139532566
7.6,0.34361169648638357,0.004422362428158522
7.6,0.4417864669110647,0.004417823161929846
7.6,0.5399612373357456,0.004433681257069111
7.6,0.6381360077604266,0.0044317543506622314
7.6,0.7363107781851077,0.004427157808095217
7.6,0.8344855486097886,0.004424404818564653
7.6,0.9326603190344698,0.004425120074301958
7.6,1.030835089459151,0.004423600621521473
7.6,1.1290098598838316,0.004397168289870024
7.6,1.2271846303085128,0.0044019450433552265
7.6,1.325359400733194,0.004404268227517605
7.6,1.423534171157875,0.004397363401949406
7.6,1.5217089415825562,0.0043966504745185375
7.6,1.619883712007237,0.004398497752845287
7.6,1.718058482431918,0.004399876110255718
7.6,1.8162332528565992,0.004420886281877756
7.6,1.9144080232812803,0.004407472908496857
7.6,2.0125827937059615,0.004413185641169548
7.6,2.110757564130642,0.004429708234965801
7.6,2.2089323345553233,0.004428235813975334
7.6,2.3071071049800045,0.00442569749429822
7.6,2.405281875404685,0.0044223773293197155
7.6,2.5034566458293663,0.004421028308570385
7.6,2.6016314162540475,0.004420028999447823
7.6,2.699806186678728,0.004395702388137579
7.6,2.7979809571034093,0.004396099131554365
7.6,2.8961557275280905,0.004399789497256279
7.6,2.9943304979527716,0.004391972906887531
7.6,3.0925052683774528,0.004389215726405382
7.7,-3.0925052683774528,0.0043877302668988705
7.7,-2.994330497952771,0.004391136113554239
7.7,-2.8961557275280905,0.004395902622491121
7.7,-2.7979809571034098,0.00439298665151
7.7,-2.699806186678728,0.004392181057482958
7.7,-2.6016314162540475,0.004400432109832764
7.7,-2.5034566458293668,0.0043977233581244946
7.7,-2.405281875404685,0.004396661650389433
7.7,-2.3071071049800045,0.004396725911647081
7.7,-2.208932334555323,0.0043974448926746845
7.7,-2.110757564130642,0.0043976944871246815
7.7,-2.0125827937059615,0.0043868073262274265
7.7,-1.9144080232812801,0.004392350558191538
7.7,-1.8162332528565992,0.004395070020109415
7.7,-1.718058482431918,0.004389978013932705
7.7,-1.6198837120072371,0.00438601104542613
7.7,-1.521708941582556,0.004383983090519905
7.7,-1.423534171157875,0.004390217363834381
7.7,-1.325359400733194,0.004395350348204374
7.7,-1.227184630308513,0.004392335657030344
7.7,-1.1290098598838318,0.004392010159790516
7.7,-1.030835089459151,0.004400845617055893
7.7,-0.93266031903447,0.004398175980895758
7.7,-0.8344855486097889,0.0043983436189591885
7.7,-0.7363107781851077,0.004412221256643534
7.7,-0.6381360077604266,0.004418645519763231
7.7,-0.5399612373357456,0.004423837643116713
7.7,-0.4417864669110647,0.004411105066537857
7.7,-0.34361169648638357,0.004418389406055212
7.7,-0.24543692606170264,0.004431101493537426
7.7,-0.14726215563702172,0.0044200061820447445
7.7,-0.04908738521234057,0.004418717231601477
7.7,0.04908738521234057,0.004421416204422712
7.7,0.14726215563702172,0.004422819707542658
7.7,0.24543692606170264,0.004434885922819376
7.7,0.34361169648638357,0.004423982463777065
7.7,0.4417864669110647,0.0044179349206388
7.7,0.5399612373357456,0.00443310709670186
7.7,0.6381360077604266,0.004430491477251053
7.7,0.7363107781851077,0.0044252630323171616
7.7,0.8344855486097886,0.0044218492694199085
7.7,0.9326603190344698,0.0044220187701284885
7.7,1.030835089459151,0.004420460667461157
7.7,1.1290098598838316,0.0043960013426840305
7.7,1.2271846303085128,0.004397063050419092
7.7,1.325359400733194,0.004401711747050285
7.7,1.423534171157875,0.004395629279315472
7.7,1.5217089415825562,0.004394322168081999
7.7,1.619883712007237,0.0043955110013484955
7.7,1.718058482431918,0.004397796466946602
7.7,1.8162332528565992,0.0044050272554159164
7.7,1.9144080232812803,0.004404752980917692
7.7,2.0125827937059615,0.004401504993438721
7.7,2.110757564130642,0.004426148720085621
7.7,2.2089323345553233,0.004424737766385078
7.7,2.3071071049800045,0.004422415513545275
7.7,2.405281875404685,0.004419240634888411
7.7,2.5034566458293663,0.0044176517985761166
7.7,2.6016314162540475,0.00441672932356596
7.7,2.699806186678728,0.0043947394005954266
7.7,2.7979809571034093,0.004395314492285252
7.7,2.8961557275280905,0.004396734293550253
7.7,2.9943304979527716,0.004391839727759361
7.7,3.0925052683774528,0.004388377536088228
7.8,-3.0925052683774528,0.004387618042528629
7.8,-2.994330497952771,0.004390957299619913
7.8,-2.8961557275280905,0.0043961950577795506
7.8,-2.7979809571034098,0.004392966628074646
7.8,-2.699806186678728,0.00439211493358016
7.8,-2.6016314162540475,0.0044004665687680244
7.8,-2.5034566458293668,0.004397714510560036
7.8,-2.405281875404685,0.00439649960026145
7.8,-2.3071071049800045,0.004396557342261076
7.8,-2.208932334555323,0.0043974206782877445
7.8,-2.110757564130642,0.004397747106850147
7.8,-2.0125827937059615,0.0043867905624210835
7.8,-1.9144080232812801,0.004392326343804598
7.8,-1.8162332528565992,0.004395225550979376
7.8,-1.718058482431918,0.004389703739434481
7.8,-1.6198837120072371,0.004386048763990402
7.8,-1.521708941582556,0.0043840957805514336
7.8,-1.423534171157875,0.004389981273561716
7.8,-1.325359400733194,0.00439563998952508
7.8,-1.227184630308513,0.00439230864867568
7.8,-1.1290098598838318,0.004391941707581282
7.8,-1.030835089459151,0.0044008903205394745
7.8,-0.93266031903447,0.004398200660943985
7.8,-0.8344855486097889,0.004400993697345257
7.8,-0.7363107781851077,0.004412721376866102
7.8,-0.6381360077604266,0.004418177530169487
7.8,-0.5399612373357456,0.0044230869971215725
7.8,-0.4417864669110647,0.004401827696710825
7.8,-0.34361169648638357,0.004416909068822861
7.8,-0.24543692606170264,0.004429331049323082
7.8,-0.14726215563702172,0.004417901858687401
7.8,-0.04908738521234057,0.004416672978550196
7.8,0.04908738521234057,0.004419153090566397
7.8,0.14726215563702172,0.004420264158397913
7.8,0.24543692606170264,0.0044325413182377815
7.8,0.34361169648638357,0.004421990364789963
7.8,0.4417864669110647,0.004416248295456171
7.8,0.5399612373357456,0.004431770648807287
7.8,0.6381360077604266,0.004429308697581291
7.8,0.7363107781851077,0.004424281883984804
7.8,0.8344855486097886,0.004421634133905172
7.8,0.9326603190344698,0.004422444850206375
7.8,1.030835089459151,0.004421182908117771
7.8,1.1290098598838316,0.0043962919153273106
7.8,1.2271846303085128,0.004398568533360958
7.8,1.325359400733194,0.00441135186702013
7.8,1.423534171157875,0.004396030679345131
7.8,1.5217089415825562,0.0043951477855443954
7.8,1.619883712007237,0.004396923817694187
7.8,1.718058482431918,0.004398303106427193
7.8,1.8162332528565992,0.004417487885802984
7.8,1.9144080232812803,0.004405261017382145
7.8,2.0125827937059615,0.004410228226333857
7.8,2.110757564130642,0.004426885396242142
7.8,2.2089323345553233,0.004425264894962311
7.8,2.3071071049800045,0.004422970116138458
7.8,2.405281875404685,0.0044198487885296345
7.8,2.5034566458293663,0.00441834656521678
7.8,2.6016314162540475,0.004417493939399719
7.8,2.699806186678728,0.00439494289457798
7.8,2.7979809571034093,0.004395551513880491
7.8,2.8961557275280905,0.004397121258080006
7.8,2.9943304979527716,0.0043917810544371605
7.8,3.0925052683774528,0.004388491623103619
7.9,-3.0925052683774528,0.004388734232634306
7.9,-2.994330497952771,0.004391792230308056
7.9,-2.8961557275280905,0.004396882373839617
7.9,-2.7979809571034098,0.004394458141177893
7.9,-2.699806186678728,0.004393264185637236
7.9,-2.6016314162540475,0.0044107153080403805
7.9,-2.5034566458293668,0.004410051740705967
7.9,-2.405281875404685,0.004398165736347437
7.9,-2.3071071049800045,0.004398193210363388
7.9,-2.208932334555323,0.004409214481711388
7.9,-2.110757564130642,0.004409477114677429
7.9,-2.0125827937059615,0.004392653703689575
7.9,-1.9144080232812801,0.004393714014440775
7.9,-1.8162332528565992,0.004396286327391863
7.9,-1.718058482431918,0.004391234368085861
7.9,-1.6198837120072371,0.00438816798850894
7.9,-1.521708941582556,0.004385726060718298
7.9,-1.423534171157875,0.004391005262732506
7.9,-1.325359400733194,0.004396080505102873
7.9,-1.227184630308513,0.004392668604850769
7.9,-1.1290098598838318,0.004391902592033148
7.9,-1.030835089459151,0.004400263540446758
7.9,-0.93266031903447,0.0043975431472063065
7.9,-0.8344855486097889,0.004397444427013397
7.9,-0.7363107781851077,0.0044014947488904
7.9,-0.6381360077604266,0.0044158706441521645
7.9,-0.5399612373357456,0.004421397112309933
7.9,-0.4417864669110647,0.0044011082500219345
7.9,-0.34361169648638357,0.004408358130604029
7.9,-0.24543692606170264,0.004427776671946049
7.9,-0.14726215563702172,0.004416433162987232
7.9,-0.04908738521234057,0.004415169358253479
7.9,0.04908738521234057,0.0044178348034620285
7.9,0.14726215563702172,0.004419025499373674
7.9,0.24543692606170264,0.004431241657584906
7.9,0.34361169648638357,0.004421123769134283
7.9,0.4417864669110647,0.004415585659444332
7.9,0.5399612373357456,0.004431094974279404
7.9,0.6381360077604266,0.004428546875715256
7.9,0.7363107781851077,0.004423304460942745
7.9,0.8344855486097886,0.004420302342623472
7.9,0.9326603190344698,0.004420805722475052
7.9,1.030835089459151,0.004419346805661917
7.9,1.1290098598838316,0.0043955957517027855
7.9,1.2271846303085128,0.004396592266857624
7.9,1.325359400733194,0.004400989040732384
7.9,1.423534171157875,0.0043946523219347
7.9,1.5217089415825562,0.004393582232296467
7.9,1.619883712007237,0.004394983872771263
7.9,1.718058482431918,0.004396962001919746
7.9,1.8162332528565992,0.004404111765325069
7.9,1.9144080232812803,0.004403816070407629
7.9,2.0125827937059615,0.004400918260216713
7.9,2.110757564130642,0.004425232298672199
7.9,2.2089323345553233,0.004424083977937698
7.9,2.3071071049800045,0.004422028083354235
7.9,2.405281875404685,0.004419248551130295
7.9,2.5034566458293663,0.004417902790009975
7.9,2.6016314162540475,0.004417077638208866
7.9,2.699806186678728,0.004394891206175089
7.9,2.7979809571034093,0.00439567631110549
7.9,2.8961557275280905,0.004397020675241947
7.9,2.9943304979527716,0.004391845315694809
7.9,3.0925052683774528,0.004388889297842979
8.0,-3.0925052683774528,0.004387454129755497
8.0,-2.994330497952771,0.00439109094440937
8.0,-2.8961557275280905,0.004395848140120506
8.0,-2.7979809571034098,0.004393118433654308
8.0,-2.699806186678728,0.004392282105982304
8.0,-2.6016314162540475,0.004400747828185558
8.0,-2.5034566458293668,0.004398059565573931
8.0,-2.405281875404685,0.004397220443934202
8.0,-2.3071071049800045,0.004397521261125803
8.0,-2.208932334555323,0.004398497287184
8.0,-2.110757564130642,0.004409162327647209
8.0,-2.0125827937059615,0.0043927994556725025
8.0,-1.9144080232812801,0.0043944427743554115
8.0,-1.8162332528565992,0.004396895412355661
8.0,-1.718058482431918,0.004392472095787525
8.0,-1.6198837120072371,0.004390411078929901
8.0,-1.521708941582556,0.00438859686255455
8.0,-1.423534171157875,0.004392855800688267
8.0,-1.325359400733194,0.004397232085466385
8.0,-1.227184630308513,0.004394869785755873
8.0,-1.1290098598838318,0.004393388982862234
8.0,-1.030835089459151,0.004411150235682726
8.0,-0.93266031903447,0.004409368149936199
8.0,-0.8344855486097889,0.004398226272314787
8.0,-0.7363107781851077,0.004411042667925358
8.0,-0.6381360077604266,0.004417164251208305
8.0,-0.5399612373357456,0.004421485587954521
8.0,-0.4417864669110647,0.0044005196541547775
8.0,-0.34361169648638357,0.004406371619552374
8.0,-0.24543692606170264,0.004423290491104126
8.0,-0.14726215563702172,0.004402370657771826
8.0,-0.04908738521234057,0.004401021637022495
8.0,0.04908738521234057,0.004402173683047295
8.0,0.14726215563702172,0.004412120673805475
8.0,0.24543692606170264,0.00442473916336894
8.0,0.34361169648638357,0.004408541601151228
8.0,0.4417864669110647,0.004411560948938131
8.0,0.5399612373357456,0.004428204149007797
8.0,0.6381360077604266,0.004426545929163694
8.0,0.7363107781851077,0.004422476515173912
8.0,0.8344855486097886,0.004420564975589514
8.0,0.9326603190344698,0.004421968478709459
8.0,1.030835089459151,0.00442112609744072
8.0,1.1290098598838316,0.0043962933123111725
8.0,1.2271846303085128,0.004398693330585957
8.0,1.325359400733194,0.004412529058754444
8.0,1.423534171157875,0.004397252574563026
8.0,1.5217089415825562,0.004396125208586454
8.0,1.619883712007237,0.004398196004331112
8.0,1.718058482431918,0.00439965445548296
8.0,1.8162332528565992,0.0044197156094014645
8.0,1.9144080232812803,0.004406592343002558
8.0,2.0125827937059615,0.0044115763157606125
8.0,2.110757564130642,0.004427879583090544
8.0,2.2089323345553233,0.004425882361829281
8.0,2.3071071049800045,0.004423214588314295
8.0,2.405281875404685,0.00441989628598094
8.0,2.5034566458293663,0.004417902324348688
8.0,2.6016314162540475,0.0044169435277581215
8.0,2.699806186678728,0.0043947757221758366
8.0,2.7979809571034093,0.0043953415006399155
8.0,2.8961557275280905,0.004396621137857437
8.0,2.9943304979527716,0.004391901660710573
8.0,3.0925052683774528,0.004388686269521713
8.1,-3.0925052683774528,0.004387216176837683
8.1,-2.994330497952771,0.004390409216284752
8.1,-2.8961557275280905,0.004395620431751013
8.1,-2.7979809571034098,0.004392944276332855
8.1,-2.699806186678728,0.004392251837998629
8.1,-2.6016314162540475,0.004400824196636677
8.1,-2.5034566458293668,0.004398204851895571
8.1,-2.405281875404685,0.004397282376885414
8.1,-2.3071071049800045,0.004397429525852203
8.1,-2.208932334555323,0.004398326855152845
8.1,-2.110757564130642,0.00440094992518425
8.1,-2.0125827937059615,0.00439230864867568
8.1,-1.9144080232812801,0.00439349515363574
8.1,-1.8162332528565992,0.004396177362650633
8.1,-1.718058482431918,0.00439127441495657
8.1,-1.6198837120072371,0.00438874214887619
8.1,-1.521708941582556,0.004386886954307556
8.1,-1.423534171157875,0.004391860216856003
8.1,-1.325359400733194,0.00439676595851779
8.1,-1.227184630308513,0.004394384566694498
8.1,-1.1290098598838318,0.004393444862216711
8.1,-1.030835089459151,0.004412391688674688
8.1,-0.93266031903447,0.004412158392369747
8.1,-0.8344855486097889,0.004410923458635807
8.1,-0.7363107781851077,0.0044138771481812
8.1,-0.6381360077604266,0.004419879987835884
8.1,-0.5399612373357456,0.004423088859766722
8.1,-0.4417864669110647,0.004401031415909529
8.1,-0.34361169648638357,0.004406790714710951
8.1,-0.24543692606170264,0.0044236332178115845
8.1,-0.14726215563702172,0.004402621649205685
8.1,-0.04908738521234057,0.004401498939841986
8.1,0.04908738521234057,0.004411887377500534
8.1,0.14726215563702172,0.004413522779941559
8.1,0.24543692606170264,0.004426484927535057
8.1,0.34361169648638357,0.004417636431753635
8.1,0.4417864669110647,0.004413319751620293
8.1,0.5399612373357456,0.004429769702255726
8.1,0.6381360077604266,0.004428000655025244
8.1,0.7363107781851077,0.004423636011779308
8.1,0.8344855486097886,0.004421453457325697
8.1,0.9326603190344698,0.004422569181770086
8.1,1.030835089459151,0.004421684890985489
8.1,1.1290098598838316,0.004396476317197084
8.1,1.2271846303085128,0.004398760385811329
8.1,1.325359400733194,0.00441229622811079
8.1,1.423534171157875,0.004396907985210419
8.1,1.5217089415825562,0.004395682364702225
8.1,1.619883712007237,0.0043974025174975395
8.1,1.718058482431918,0.004398628603667021
8.1,1.8162332528565992,0.004418000113219023
8.1,1.9144080232812803,0.00440566660836339
8.1,2.0125827937059615,0.004401768557727337
8.1,2.110757564130642,0.004426419734954834
8.1,2.2089323345553233,0.004424641374498606
8.1,2.3071071049800045,0.0044216858223080635
8.1,2.405281875404685,0.00441827904433012
8.1,2.5034566458293663,0.004416417796164751
8.1,2.6016314162540475,0.004415647126734257
8.1,2.699806186678728,0.004394283518195152
8.1,2.7979809571034093,0.004394634626805782
8.1,2.8961557275280905,0.0043961708433926105
8.1,2.9943304979527716,0.004391169175505638
8.1,3.0925052683774528,0.004387572407722473
8.2,-3.0925052683774528,0.004386597312986851
8.2,-2.994330497952771,0.004390075337141752
8.2,-2.8961557275280905,0.004395410418510437
8.2,-2.7979809571034098,0.004392380826175213
8.2,-2.699806186678728,0.004390744958072901
8.2,-2.6016314162540475,0.004397798329591751
8.2,-2.5034566458293668,0.0043973675929009914
8.2,-2.405281875404685,0.00439622113481164
8.2,-2.3071071049800045,0.004396179225295782
8.2,-2.208932334555323,0.004396982491016388
8.2,-2.110757564130642,0.004397253040224314
8.2,-2.0125827937059615,0.0043855165131390095
8.2,-1.9144080232812801,0.004391807597130537
8.2,-1.8162332528565992,0.004394622519612312
8.2,-1.718058482431918,0.0043889060616493225
8.2,-1.6198837120072371,0.004384863656014204
8.2,-1.521708941582556,0.004383175168186426
8.2,-1.423534171157875,0.004389454144984484
8.2,-1.325359400733194,0.0043951887637376785
8.2,-1.227184630308513,0.004392175003886223
8.2,-1.1290098598838318,0.004392009694129229
8.2,-1.030835089459151,0.004400983452796936
8.2,-0.93266031903447,0.00439827423542738
8.2,-0.8344855486097889,0.004398360848426819
8.2,-0.7363107781851077,0.004411591682583094
8.2,-0.6381360077604266,0.0044171446934342384
8.2,-0.5399612373357456,0.004421569406986237
8.2,-0.4417864669110647,0.004400602541863918
8.2,-0.34361169648638357,0.004406474996358156
8.2,-0.24543692606170264,0.004423307254910469
8.2,-0.14726215563702172,0.004402392543852329
8.2,-0.04908738521234057,0.004401359241455793
8.2,0.04908738521234057,0.004402562510222197
8.2,0.14726215563702172,0.004413078539073467
8.2,0.24543692606170264,0.004426086787134409
8.2,0.34361169648638357,0.004416847135871649
8.2,0.4417864669110647,0.004412471782416105
8.2,0.5399612373357456,0.004429042339324951
8.2,0.6381360077604266,0.00442736828699708
8.2,0.7363107781851077,0.004423221573233604
8.2,0.8344855486097886,0.004421450197696686
8.2,0.9326603190344698,0.004423243459314108
8.2,1.030835089459151,0.004422738216817379
8.2,1.1290098598838316,0.00439708586782217
8.2,1.2271846303085128,0.004402447026222944
8.2,1.325359400733194,0.004404995124787092
8.2,1.423534171157875,0.00439881719648838
8.2,1.5217089415825562,0.004397885873913765
8.2,1.619883712007237,0.004399748984724283
8.2,1.718058482431918,0.004400863312184811
8.2,1.8162332528565992,0.0044221533462405205
8.2,1.9144080232812803,0.004407732747495174
8.2,2.0125827937059615,0.004412603564560413
8.2,2.110757564130642,0.004428648855537176
8.2,2.2089323345553233,0.004426531959325075
8.2,2.3071071049800045,0.004423256032168865
8.2,2.405281875404685,0.004419415257871151
8.2,2.5034566458293663,0.004417454823851585
8.2,2.6016314162540475,0.004416304640471935
8.2,2.699806186678728,0.0043945154175162315
8.2,2.7979809571034093,0.004394833464175463
8.2,2.8961557275280905,0.004396248608827591
8.2,2.9943304979527716,0.004390832968056202
8.2,3.0925052683774528,0.004387738183140755
8.3,-3.0925052683774528,0.004386801738291979
8.3,-2.994330497952771,0.004390145186334848
8.3,-2.8961557275280905,0.004395537078380585
8.3,-2.7979809571034098,0.0043925135396420956
8.3,-2.699806186678728,0.004391894675791264
8.3,-2.6016314162540475,0.004400213249027729
8.3,-2.5034566458293668,0.0043976944871246815
8.3,-2.405281875404685,0.004396616946905851
8.3,-2.3071071049800045,0.004396782722324133
8.3,-2.208932334555323,0.004397836979478598
8.3,-2.110757564130642,0.004400443285703659
8.3,-2.0125827937059615,0.004392020870000124
8.3,-1.9144080232812801,0.004393113777041435
8.3,-1.8162332528565992,0.004396069794893265
8.3,-1.718058482431918,0.004390850197523832
8.3,-1.6198837120072371,0.004388140048831701
8.3,-1.521708941582556,0.004386479035019875
8.3,-1.423534171157875,0.004391524940729141
8.3,-1.325359400733194,0.004396736156195402
8.3,-1.227184630308513,0.004394153133034706
8.3,-1.1290098598838318,0.004393244627863169
8.3,-1.030835089459151,0.004411422181874514
8.3,-0.93266031903447,0.004410277586430311
8.3,-0.8344855486097889,0.004409348126500845
8.3,-0.7363107781851077,0.004412634763866663
8.3,-0.6381360077604266,0.00441744364798069
8.3,-0.5399612373357456,0.0044208671897649765
8.3,-0.4417864669110647,0.004399721976369619
8.3,-0.34361169648638357,0.004403905943036079
8.3,-0.24543692606170264,0.004405647050589323
8.3,-0.14726215563702172,0.004399019759148359
8.3,-0.04908738521234057,0.0043974569998681545
8.3,0.04908738521234057,0.0043988944962620735
8.3,0.14726215563702172,0.004399921279400587
8.3,0.24543692606170264,0.004419892560690641
8.3,0.34361169648638357,0.0044066933915019035
8.3,0.4417864669110647,0.00441092299297452
8.3,0.5399612373357456,0.004428892396390438
8.3,0.6381360077604266,0.0044284095056355
8.3,0.7363107781851077,0.0044256336987018585
8.3,0.8344855486097886,0.004424852319061756
8.3,0.9326603190344698,0.004427130799740553
8.3,1.030835089459151,0.0044266763143241405
8.3,1.1290098598838316,0.0044008782133460045
8.3,1.2271846303085128,0.004405010957270861
8.3,1.325359400733194,0.004419101867824793
8.3,1.423534171157875,0.004399883095175028
8.3,1.5217089415825562,0.0043982891365885735
8.3,1.619883712007237,0.004399705678224564
8.3,1.718058482431918,0.004400710575282574
8.3,1.8162332528565992,0.004422015510499477
8.3,1.9144080232812803,0.004407691303640604
8.3,2.0125827937059615,0.004412331152707338
8.3,2.110757564130642,0.004428523126989603
8.3,2.2089323345553233,0.004426527768373489
8.3,2.3071071049800045,0.004423276521265507
8.3,2.405281875404685,0.004419658333063126
8.3,2.5034566458293663,0.004418271128088236
8.3,2.6016314162540475,0.00441718241199851
8.3,2.699806186678728,0.0043947030790150166
8.3,2.7979809571034093,0.004395064432173967
8.3,2.8961557275280905,0.004396619740873575
8.3,2.9943304979527716,0.0043911440297961235
8.3,3.0925052683774528,0.004387521184980869
8.4,-3.0925052683774528,0.004385747946798801
8.4,-2.994330497952771,0.004389820620417595
8.4,-2.8961557275280905,0.004394780844449997
8.4,-2.7979809571034098,0.004392195027321577
8.4,-2.699806186678728,0.004386839922517538
8.4,-2.6016314162540475,0.00439760647714138
8.4,-2.5034566458293668,0.00439722603186965
8.4,-2.405281875404685,0.004396217409521341
8.4,-2.3071071049800045,0.004396394826471806
8.4,-2.208932334555323,0.004397379234433174
8.4,-2.110757564130642,0.0043977852910757065
8.4,-2.0125827937059615,0.004390537738800049
8.4,-1.9144080232812801,0.004392524249851704
8.4,-1.8162332528565992,0.004395540338009596
8.4,-1.718058482431918,0.004390673711895943
8.4,-1.6198837120072371,0.004387612920254469
8.4,-1.521708941582556,0.004386301152408123
8.4,-1.423534171157875,0.004392024129629135
8.4,-1.325359400733194,0.004396969452500343
8.4,-1.227184630308513,0.00439495500177145
8.4,-1.1290098598838318,0.004393840208649635
8.4,-1.030835089459151,0.004412885755300522
8.4,-0.93266031903447,0.0044115385971963406
8.4,-0.8344855486097889,0.0044098543003201485
8.4,-0.7363107781851077,0.00441299844533205
8.4,-0.6381360077604266,0.004417950753122568
8.4,-0.5399612373357456,0.004421339835971594
8.4,-0.4417864669110647,0.004400004632771015
8.4,-0.34361169648638357,0.004404479172080755
8.4,-0.24543692606170264,0.004419168923050165
8.4,-0.14726215563702172,0.0044000353664159775
8.4,-0.04908738521234057,0.004398471210151911
8.4,0.04908738521234057,0.0043999613262712955
8.4,0.14726215563702172,0.00440118508413434
8.4,0.24543692606170264,0.004422332625836134
8.4,0.34361169648638357,0.004408262670040131
8.4,0.4417864669110647,0.0044132075272500515
8.4,0.5399612373357456,0.004431184381246567
8.4,0.6381360077604266,0.0044310311786830425
8.4,0.7363107781851077,0.004428614862263203
8.4,0.8344855486097886,0.004427907057106495
8.4,0.9326603190344698,0.0044297087006270885
8.4,1.030835089459151,0.00442905817180872
8.4,1.1290098598838316,0.004410310182720423
8.4,1.2271846303085128,0.004406042862683535
8.4,1.325359400733194,0.004419532138854265
8.4,1.423534171157875,0.004400013945996761
8.4,1.5217089415825562,0.00439795758575201
8.4,1.619883712007237,0.004399371799081564
8.4,1.718058482431918,0.00440061604604125
8.4,1.8162332528565992,0.00442160340026021
8.4,1.9144080232812803,0.004407306667417288
8.4,2.0125827937059615,0.004412086680531502
8.4,2.110757564130642,0.0044284057803452015
8.4,2.2089323345553233,0.004426469560712576
8.4,2.3071071049800045,0.0044234152883291245
8.4,2.405281875404685,0.004419650416821241
8.4,2.5034566458293663,0.00441794004291296
8.4,2.6016314162540475,0.004416683688759804
8.4,2.699806186678728,0.0043945652432739735
8.4,2.7979809571034093,0.004394754767417908
8.4,2.8961557275280905,0.004396004136651754
8.4,2.9943304979527716,0.004390961490571499
8.4,3.0925052683774528,0.004386635031551123
8.5,-3.0925052683774528,0.004386086482554674
8.5,-2.994330497952771,0.004390175454318523
8.5,-2.8961557275280905,0.00439527677372098
8.5,-2.7979809571034098,0.004392309579998255
8.5,-2.699806186678728,0.004386462736874819
8.5,-2.6016314162540475,0.0043972451239824295
8.5,-2.5034566458293668,0.004396832548081875
8.5,-2.405281875404685,0.0043958076275885105
8.5,-2.3071071049800045,0.004395895171910524
8.5,-2.208932334555323,0.00439680740237236
8.5,-2.110757564130642,0.004397216718643904
8.5,-2.0125827937059615,0.004385499749332666
8.5,-1.9144080232812801,0.004392032977193594
8.5,-1.8162332528565992,0.004394981544464827
8.5,-1.718058482431918,0.004389544483274221
8.5,-1.6198837120072371,0.004386094398796558
8.5,-1.521708941582556,0.004384846426546574
8.5,-1.423534171157875,0.004391346126794815
8.5,-1.325359400733194,0.004396537784487009
8.5,-1.227184630308513,0.004394412040710449
8.5,-1.1290098598838318,0.004393386654555798
8.5,-1.030835089459151,0.0044112843461334705
8.5,-0.93266031903447,0.004409854765981436
8.5,-0.8344855486097889,0.004398317541927099
8.5,-0.7363107781851077,0.004409697372466326
8.5,-0.6381360077604266,0.004413705784827471
8.5,-0.5399612373357456,0.004416600801050663
8.5,-0.4417864669110647,0.004396084696054459
8.5,-0.34361169648638357,0.004401346202939749
8.5,-0.24543692606170264,0.004405003506690264
8.5,-0.14726215563702172,0.00439921859651804
8.5,-0.04908738521234057,0.004398635122925043
8.5,0.04908738521234057,0.004400874488055706
8.5,0.14726215563702172,0.004402458667755127
8.5,0.24543692606170264,0.00442559365183115
8.5,0.34361169648638357,0.00441884808242321
8.5,0.4417864669110647,0.00441660825163126
8.5,0.5399612373357456,0.004433976486325264
8.5,0.6381360077604266,0.004433390684425831
8.5,0.7363107781851077,0.004431046545505524
8.5,0.8344855486097886,0.00442940928041935
8.5,0.9326603190344698,0.004431264940649271
8.5,1.030835089459151,0.004430483095347881
8.5,1.1290098598838316,0.00441226689144969
8.5,1.2271846303085128,0.004407887812703848
8.5,1.325359400733194,0.004423636943101883
8.5,1.423534171157875,0.004402134567499161
8.5,1.5217089415825562,0.004400109406560659
8.5,1.619883712007237,0.004401206970214844
8.5,1.718058482431918,0.004402033053338528
8.5,1.8162332528565992,0.004424009472131729
8.5,1.9144080232812803,0.00440815556794405
8.5,2.0125827937059615,0.004412244074046612
8.5,2.110757564130642,0.0044280756264925
8.5,2.2089323345553233,0.0044260770082473755
8.5,2.3071071049800045,0.004422708414494991
8.5,2.405281875404685,0.004419070202857256
8.5,2.5034566458293663,0.004417951684445143
8.5,2.6016314162540475,0.004417082294821739
8.5,2.699806186678728,0.004394812043756247
8.5,2.7979809571034093,0.0043954793363809586
8.5,2.8961557275280905,0.0043965671211481094
8.5,2.9943304979527716,0.004391290247440338
8.5,3.0925052683774528,0.004388040397316217
8.6,-3.0925052683774528,0.004394592717289925
8.6,-2.994330497952771,0.004394890740513802
8.6,-2.8961557275280905,0.004410432651638985
8.6,-2.7979809571034098,0.00439634220674634
8.6,-2.699806186678728,0.004394374787807465
8.6,-2.6016314162540475,0.00441263522952795
8.6,-2.5034566458293668,0.0044110496528446674
8.6,-2.405281875404685,0.004398150369524956
8.6,-2.3071071049800045,0.004398094490170479
8.6,-2.208932334555323,0.00441014813259244
8.6,-2.110757564130642,0.004410868044942617
8.6,-2.0125827937059615,0.004393214825540781
8.6,-1.9144080232812801,0.004395054187625647
8.6,-1.8162332528565992,0.004401690326631069
8.6,-1.718058482431918,0.004391172900795937
8.6,-1.6198837120072371,0.00439028674736619
8.6,-1.521708941582556,0.004388986621052027
8.6,-1.423534171157875,0.004391746129840612
8.6,-1.325359400733194,0.004397467244416475
8.6,-1.227184630308513,0.00439423369243741
8.6,-1.1290098598838318,0.004392408765852451
8.6,-1.030835089459151,0.0044003501534461975
8.6,-0.93266031903447,0.004397566895931959
8.6,-0.8344855486097889,0.004396371077746153
8.6,-0.7363107781851077,0.004396967124193907
8.6,-0.6381360077604266,0.004398306831717491
8.6,-0.5399612373357456,0.0044109029695391655
8.6,-0.4417864669110647,0.004394123796373606
8.6,-0.34361169648638357,0.0043958015739917755
8.6,-0.24543692606170264,0.004401036538183689
8.6,-0.14726215563702172,0.004395149648189545
8.6,-0.04908738521234057,0.0043942867778241634
8.6,0.04908738521234057,0.0043952385894954205
8.6,0.14726215563702172,0.004396908916532993
8.6,0.24543692606170264,0.004403967410326004
8.6,0.34361169648638357,0.004402996972203255
8.6,0.4417864669110647,0.004399998113512993
8.6,0.5399612373357456,0.004425039514899254
8.6,0.6381360077604266,0.004424917045980692
8.6,0.7363107781851077,0.004422742873430252
8.6,0.8344855486097886,0.004422963596880436
8.6,0.9326603190344698,0.004425628576427698
8.6,1.030835089459151,0.004425284452736378
8.6,1.1290098598838316,0.004400390200316906
8.6,1.2271846303085128,0.0044046142138540745
8.6,1.325359400733194,0.0044189272448420525
8.6,1.423534171157875,0.004400044679641724
8.6,1.5217089415825562,0.004398415330797434
8.6,1.619883712007237,0.004399935714900494
8.6,1.718058482431918,0.004400845617055893
8.6,1.8162332528565992,0.004423690494149923
8.6,1.9144080232812803,0.004408617038279772
8.6,2.0125827937059615,0.004414059687405825
8.6,2.110757564130642,0.004430465865880251
8.6,2.2089323345553233,0.004429204389452934
8.6,2.3071071049800045,0.004426225554198027
8.6,2.405281875404685,0.0044233836233615875
8.6,2.5034566458293663,0.004423424135893583
8.6,2.6016314162540475,0.004423069767653942
8.6,2.699806186678728,0.004396980162709951
8.6,2.7979809571034093,0.004401831422001123
8.6,2.8961557275280905,0.004405336920171976
8.6,2.9943304979527716,0.004395022988319397
8.6,3.0925052683774528,0.0043945214711129665
8.7,-3.0925052683774528,0.004390298388898373
8.7,-2.994330497952771,0.0043918658047914505
8.7,-2.8961557275280905,0.0043970500119030476
8.7,-2.7979809571034098,0.004394581075757742
8.7,-2.699806186678728,0.004393200855702162
8.7,-2.6016314162540475,0.004410100635141134
8.7,-2.5034566458293668,0.004409107845276594
8.7,-2.405281875404685,0.004397749435156584
8.7,-2.3071071049800045,0.004397731740027666
8.7,-2.208932334555323,0.004401222337037325
8.7,-2.110757564130642,0.004409028682857752
8.7,-2.0125827937059615,0.004392520524561405
8.7,-1.9144080232812801,0.004393796436488628
8.7,-1.8162332528565992,0.004396151285618544
8.7,-1.718058482431918,0.004389880690723658
8.7,-1.6198837120072371,0.00438689673319459
8.7,-1.521708941582556,0.0043840566650033
8.7,-1.423534171157875,0.004390594083815813
8.7,-1.325359400733194,0.004394736140966415
8.7,-1.227184630308513,0.004391940776258707
8.7,-1.1290098598838318,0.00438605947420001
8.7,-1.030835089459151,0.004397248849272728
8.7,-0.93266031903447,0.004397491458803415
8.7,-0.8344855486097889,0.00439717760309577
8.7,-0.7363107781851077,0.004400788806378841
8.7,-0.6381360077604266,0.004413136281073093
8.7,-0.5399612373357456,0.004417255520820618
8.7,-0.4417864669110647,0.004396494943648577
8.7,-0.34361169648638357,0.00440216064453125
8.7,-0.24543692606170264,0.004404885694384575
8.7,-0.14726215563702172,0.004398512188345194
8.7,-0.04908738521234057,0.00439695967361331
8.7,0.04908738521234057,0.004398174583911896
8.7,0.14726215563702172,0.004398775286972523
8.7,0.24543692606170264,0.004405214451253414
8.7,0.34361169648638357,0.004403917584568262
8.7,0.4417864669110647,0.004400209989398718
8.7,0.5399612373357456,0.00442512659355998
8.7,0.6381360077604266,0.004424802493304014
8.7,0.7363107781851077,0.0044225407764315605
8.7,0.8344855486097886,0.00442237313836813
8.7,0.9326603190344698,0.0044248891063034534
8.7,1.030835089459151,0.004424498416483402
8.7,1.1290098598838316,0.004399750381708145
8.7,1.2271846303085128,0.004403282888233662
8.7,1.325359400733194,0.004405003972351551
8.7,1.423534171157875,0.004398583434522152
8.7,1.5217089415825562,0.004396731965243816
8.7,1.619883712007237,0.004398247692734003
8.7,1.718058482431918,0.004399484023451805
8.7,1.8162332528565992,0.004420137032866478
8.7,1.9144080232812803,0.004407000262290239
8.7,2.0125827937059615,0.00441222358494997
8.7,2.110757564130642,0.004429112654179335
8.7,2.2089323345553233,0.004427785985171795
8.7,2.3071071049800045,0.004424989689141512
8.7,2.405281875404685,0.004421890713274479
8.7,2.5034566458293663,0.004420955199748278
8.7,2.6016314162540475,0.0044201142154634
8.7,2.699806186678728,0.004395834170281887
8.7,2.7979809571034093,0.004396364558488131
8.7,2.8961557275280905,0.004400334320962429
8.7,2.9943304979527716,0.004392851144075394
8.7,3.0925052683774528,0.004390596877783537
8.8,-3.0925052683774528,0.004386113956570625
8.8,-2.994330497952771,0.00439008604735136
8.8,-2.8961557275280905,0.004395483061671257
8.8,-2.7979809571034098,0.004392730537801981
8.8,-2.699806186678728,0.004392222501337528
8.8,-2.6016314162540475,0.004400736186653376
8.8,-2.5034566458293668,0.004398078192025423
8.8,-2.405281875404685,0.004397187847644091
8.8,-2.3071071049800045,0.004397082608193159
8.8,-2.208932334555323,0.004397815093398094
8.8,-2.110757564130642,0.00439790403470397
8.8,-2.0125827937059615,0.0043905312195420265
8.8,-1.9144080232812801,0.004392174072563648
8.8,-1.8162332528565992,0.004395117983222008
8.8,-1.718058482431918,0.004389472305774689
8.8,-1.6198837120072371,0.004385428503155708
8.8,-1.521708941582556,0.004383644089102745
8.8,-1.423534171157875,0.004390246234834194
8.8,-1.325359400733194,0.004395610187202692
8.8,-1.227184630308513,0.00439269607886672
8.8,-1.1290098598838318,0.004392222501337528
8.8,-1.030835089459151,0.004401002079248428
8.8,-0.93266031903447,0.004409738816320896
8.8,-0.8344855486097889,0.004398103803396225
8.8,-0.7363107781851077,0.0044098817743361
8.8,-0.6381360077604266,0.004416590090841055
8.8,-0.5399612373357456,0.004419931210577488
8.8,-0.4417864669110647,0.00439739553257823
8.8,-0.34361169648638357,0.004402847960591316
8.8,-0.24543692606170264,0.004404870793223381
8.8,-0.14726215563702172,0.004398422781378031
8.8,-0.04908738521234057,0.004396732896566391
8.8,0.04908738521234057,0.004397849086672068
8.8,0.14726215563702172,0.004398643504828215
8.8,0.24543692606170264,0.004405118990689516
8.8,0.34361169648638357,0.004404101055115461
8.8,0.4417864669110647,0.0044005392119288445
8.8,0.5399612373357456,0.004426287952810526
8.8,0.6381360077604266,0.004426850005984306
8.8,0.7363107781851077,0.004425600171089172
8.8,0.8344855486097886,0.00442647747695446
8.8,0.9326603190344698,0.004430198576301336
8.8,1.030835089459151,0.004430689383298159
8.8,1.1290098598838316,0.004413490183651447
8.8,1.2271846303085128,0.004417383577674627
8.8,1.325359400733194,0.004427003674209118
8.8,1.423534171157875,0.004414273425936699
8.8,1.5217089415825562,0.004404997918754816
8.8,1.619883712007237,0.004413292743265629
8.8,1.718058482431918,0.004415308125317097
8.8,1.8162332528565992,0.004428944084793329
8.8,1.9144080232812803,0.004420088604092598
8.8,2.0125827937059615,0.00441724993288517
8.8,2.110757564130642,0.00443275785073638
8.8,2.2089323345553233,0.004430679138749838
8.8,2.3071071049800045,0.004427027888596058
8.8,2.405281875404685,0.00442309258505702
8.8,2.5034566458293663,0.004421387333422899
8.8,2.6016314162540475,0.004420134238898754
8.8,2.699806186678728,0.004395725671201944
8.8,2.7979809571034093,0.004396297503262758
8.8,2.8961557275280905,0.004397050943225622
8.8,2.9943304979527716,0.004391636233776808
8.8,3.0925052683774528,0.004387608729302883
8.9,-3.0925052683774528,0.0043923696503043175
8.9,-2.994330497952771,0.004393737763166428
8.9,-2.8961557275280905,0.004400636535137892
8.9,-2.7979809571034098,0.004395542666316032
8.9,-2.699806186678728,0.004393890965729952
8.9,-2.6016314162540475,0.004411379806697369
8.9,-2.5034566458293668,0.004409879446029663
8.9,-2.405281875404685,0.004397941753268242
8.9,-2.3071071049800045,0.004397802986204624
8.9,-2.208932334555323,0.004401229787617922
8.9,-2.110757564130642,0.004409420769661665
8.9,-2.0125827937059615,0.004392859060317278
8.9,-1.9144080232812801,0.004394434858113527
8.9,-1.8162332528565992,0.0043971724808216095
8.9,-1.718058482431918,0.0043911682441830635
8.9,-1.6198837120072371,0.004389275796711445
8.9,-1.521708941582556,0.004388455767184496
8.9,-1.423534171157875,0.004391834605485201
8.9,-1.325359400733194,0.004397050943225622
8.9,-1.227184630308513,0.004394412040710449
8.9,-1.1290098598838318,0.004393117967993021
8.9,-1.030835089459151,0.004410392604768276
8.9,-0.93266031903447,0.004410976078361273
8.9,-0.8344855486097889,0.004408470820635557
8.9,-0.7363107781851077,0.0044123027473688126
8.9,-0.6381360077604266,0.0044187456369400024
8.9,-0.5399612373357456,0.004422971047461033
8.9,-0.4417864669110647,0.004401102662086487
8.9,-0.34361169648638357,0.0044060819782316685
8.9,-0.24543692606170264,0.004421581048518419
8.9,-0.14726215563702172,0.004401256330311298
8.9,-0.04908738521234057,0.004399614408612251
8.9,0.04908738521234057,0.004400568548589945
8.9,0.14726215563702172,0.004401081241667271
8.9,0.24543692606170264,0.00442091329023242
8.9,0.34361169648638357,0.004405978601425886
8.9,0.4417864669110647,0.004401093348860741
8.9,0.5399612373357456,0.004426082130521536
8.9,0.6381360077604266,0.004425406455993652
8.9,0.7363107781851077,0.004422418773174286
8.9,0.8344855486097886,0.004421187564730644
8.9,0.9326603190344698,0.004422755911946297
8.9,1.030835089459151,0.004421950317919254
8.9,1.1290098598838316,0.004396634642034769
8.9,1.2271846303085128,0.004398902878165245
8.9,1.325359400733194,0.004411431960761547
8.9,1.423534171157875,0.0043958453461527824
8.9,1.5217089415825562,0.004394153133034706
8.9,1.619883712007237,0.004394859075546265
8.9,1.718058482431918,0.004396519158035517
8.9,1.8162332528565992,0.0044035520404577255
8.9,1.9144080232812803,0.004402657505124807
8.9,2.0125827937059615,0.004399972036480904
8.9,2.110757564130642,0.004423465579748154
8.9,2.2089323345553233,0.00442211190238595
8.9,2.3071071049800045,0.004419947508722544
8.9,2.405281875404685,0.004417863674461842
8.9,2.5034566458293663,0.0044179754331707954
8.9,2.6016314162540475,0.004417929332703352
8.9,2.699806186678728,0.0043956260196864605
8.9,2.7979809571034093,0.004396595526486635
8.9,2.8961557275280905,0.004400532692670822
8.9,2.9943304979527716,0.004394062794744968
8.9,3.0925052683774528,0.004394165705889463
9.0,-3.0925052683774528,0.004390423186123371
9.0,-2.994330497952771,0.004392572212964296
9.0,-2.8961557275280905,0.0043970500119030476
9.0,-2.7979809571034098,0.004394578281790018
9.0,-2.699806186678728,0.004393179900944233
9.0,-2.6016314162540475,0.0044101448729634285
9.0,-2.5034566458293668,0.004408913664519787
9.0,-2.405281875404685,0.0043976628221571445
9.0,-2.3071071049800045,0.004397430922836065
9.0,-2.208932334555323,0.004398007411509752
9.0,-2.110757564130642,0.00439809774979949
9.0,-2.0125827937059615,0.0043871160596609116
9.0,-1.9144080232812801,0.004392107017338276
9.0,-1.8162332528565992,0.004394264426082373
9.0,-1.718058482431918,0.00438412930816412
9.0,-1.6198837120072371,0.004383716732263565
9.0,-1.521708941582556,0.004381278529763222
9.0,-1.423534171157875,0.004383406601846218
9.0,-1.325359400733194,0.004393798299133778
9.0,-1.227184630308513,0.00438673235476017
9.0,-1.1290098598838318,0.004384189378470182
9.0,-1.030835089459151,0.004396883770823479
9.0,-0.93266031903447,0.0043968320824205875
9.0,-0.8344855486097889,0.004396751523017883
9.0,-0.7363107781851077,0.004398029763251543
9.0,-0.6381360077604266,0.004412618465721607
9.0,-0.5399612373357456,0.004416969604790211
9.0,-0.4417864669110647,0.0043965294025838375
9.0,-0.34361169648638357,0.004401487298309803
9.0,-0.24543692606170264,0.004403912462294102
9.0,-0.14726215563702172,0.004397368058562279
9.0,-0.04908738521234057,0.004395688883960247
9.0,0.04908738521234057,0.0043966881930828094
9.0,0.14726215563702172,0.004397387616336346
9.0,0.24543692606170264,0.004403822124004364
9.0,0.34361169648638357,0.00440217275172472
9.0,0.4417864669110647,0.004397268407046795
9.0,0.5399612373357456,0.00442330539226532
9.0,0.6381360077604266,0.004423416685312986
9.0,0.7363107781851077,0.004421823658049107
9.0,0.8344855486097886,0.004422568250447512
9.0,0.9326603190344698,0.004426328931003809
9.0,1.030835089459151,0.00442699808627367
9.0,1.1290098598838316,0.004401807207614183
9.0,1.2271846303085128,0.004407600034028292
9.0,1.325359400733194,0.004424726124852896
9.0,1.423534171157875,0.004412553273141384
9.0,1.5217089415825562,0.004404271021485329
9.0,1.619883712007237,0.0044125453568995
9.0,1.718058482431918,0.004414672497659922
9.0,1.8162332528565992,0.004428466781973839
9.0,1.9144080232812803,0.004419712815433741
9.0,2.0125827937059615,0.004416527692228556
9.0,2.110757564130642,0.004432268440723419
9.0,2.2089323345553233,0.004430143162608147
9.0,2.3071071049800045,0.00442590331658721
9.0,2.405281875404685,0.004422042053192854
9.0,2.5034566458293663,0.004421221558004618
9.0,2.6016314162540475,0.00442049466073513
9.0,2.699806186678728,0.004396115429699421
9.0,2.7979809571034093,0.004396713338792324
9.0,2.8961557275280905,0.004400335252285004
9.0,2.9943304979527716,0.004393687006086111
9.0,3.0925052683774528,0.004391617141664028
9.1,-3.0925052683774528,0.0043837446719408035
9.1,-2.994330497952771,0.004383251536637545
9.1,-2.8961557275280905,0.00439412472769618
9.1,-2.7979809571034098,0.00438807625323534
9.1,-2.699806186678728,0.004385463427752256
9.1,-2.6016314162540475,0.00439721904695034
9.1,-2.5034566458293668,0.004396816249936819
9.1,-2.405281875404685,0.004395831376314163
9.1,-2.3071071049800045,0.004395840223878622
9.1,-2.208932334555323,0.0043967547826468945
9.1,-2.110757564130642,0.00439712218940258
9.1,-2.0125827937059615,0.004384892527014017
9.1,-1.9144080232812801,0.004388284869492054
9.1,-1.8162332528565992,0.004394121002405882
9.1,-1.718058482431918,0.004382620099931955
9.1,-1.6198837120072371,0.0043831681832671165
9.1,-1.521708941582556,0.004381262697279453
9.1,-1.423534171157875,0.004382993094623089
9.1,-1.325359400733194,0.0043942187912762165
9.1,-1.227184630308513,0.004388050176203251
9.1,-1.1290098598838318,0.004385649226605892
9.1,-1.030835089459151,0.004397387150675058
9.1,-0.93266031903447,0.004397344309836626
9.1,-0.8344855486097889,0.004396709147840738
9.1,-0.7363107781851077,0.004397967364639044
9.1,-0.6381360077604266,0.0044134510681033134
9.1,-0.5399612373357456,0.004417601507157087
9.1,-0.4417864669110647,0.0043967668898403645
9.1,-0.34361169648638357,0.004402464255690575
9.1,-0.24543692606170264,0.00440521165728569
9.1,-0.14726215563702172,0.004398868884891272
9.1,-0.04908738521234057,0.0043974327854812145
9.1,0.04908738521234057,0.004398602992296219
9.1,0.14726215563702172,0.004399132914841175
9.1,0.24543692606170264,0.004405561368912458
9.1,0.34361169648638357,0.004404745530337095
9.1,0.4417864669110647,0.004400955513119698
9.1,0.5399612373357456,0.004427121486514807
9.1,0.6381360077604266,0.004427697975188494
9.1,0.7363107781851077,0.004426460713148117
9.1,0.8344855486097886,0.004427977371960878
9.1,0.9326603190344698,0.004432561807334423
9.1,1.030835089459151,0.004433509428054094
9.1,1.1290098598838316,0.004417347721755505
9.1,1.2271846303085128,0.004422616213560104
9.1,1.325359400733194,0.004433669615536928
9.1,1.423534171157875,0.004421037156134844
9.1,1.5217089415825562,0.004417470656335354
9.1,1.619883712007237,0.004419292788952589
9.1,1.718058482431918,0.004420487675815821
9.1,1.8162332528565992,0.004433599766343832
9.1,1.9144080232812803,0.0044233109802007675
9.1,2.0125827937059615,0.0044187577441334724
9.1,2.110757564130642,0.004433649126440287
9.1,2.2089323345553233,0.004430763889104128
9.1,2.3071071049800045,0.004425640683621168
9.1,2.405281875404685,0.004421102348715067
9.1,2.5034566458293663,0.004419869277626276
9.1,2.6016314162540475,0.004418684635311365
9.1,2.699806186678728,0.004395177122205496
9.1,2.7979809571034093,0.004395416472107172
9.1,2.8961557275280905,0.004396464210003614
9.1,2.9943304979527716,0.004390633665025234
9.1,3.0925052683774528,0.004385604057461023
9.2,-3.0925052683774528,0.004392591305077076
9.2,-2.994330497952771,0.0043935636058449745
9.2,-2.8961557275280905,0.004397287964820862
9.2,-2.7979809571034098,0.004395417869091034
9.2,-2.699806186678728,0.004393790382891893
9.2,-2.6016314162540475,0.004411868751049042
9.2,-2.5034566458293668,0.00441088667139411
9.2,-2.405281875404685,0.0044008102267980576
9.2,-2.3071071049800045,0.004400880075991154
9.2,-2.208932334555323,0.00441091600805521
9.2,-2.110757564130642,0.004411801230162382
9.2,-2.0125827937059615,0.004393566865473986
9.2,-1.9144080232812801,0.004395410884171724
9.2,-1.8162332528565992,0.0043970695696771145
9.2,-1.718058482431918,0.0043926420621573925
9.2,-1.6198837120072371,0.0043900348246097565
9.2,-1.521708941582556,0.004386859480291605
9.2,-1.423534171157875,0.004391989670693874
9.2,-1.325359400733194,0.004396252799779177
9.2,-1.227184630308513,0.004393160343170166
9.2,-1.1290098598838318,0.004390781745314598
9.2,-1.030835089459151,0.004397525452077389
9.2,-0.93266031903447,0.004397204611450434
9.2,-0.8344855486097889,0.004396308679133654
9.2,-0.7363107781851077,0.004397327080368996
9.2,-0.6381360077604266,0.004409847781062126
9.2,-0.5399612373357456,0.004414293449372053
9.2,-0.4417864669110647,0.004395631607621908
9.2,-0.34361169648638357,0.004397273994982243
9.2,-0.24543692606170264,0.004411415196955204
9.2,-0.14726215563702172,0.004396350122988224
9.2,-0.04908738521234057,0.0043947636149823666
9.2,0.04908738521234057,0.004395147319883108
9.2,0.14726215563702172,0.004396453499794006
9.2,0.24543692606170264,0.004411590751260519
9.2,0.34361169648638357,0.004399274475872517
9.2,0.4417864669110647,0.004396800417453051
9.2,0.5399612373357456,0.00442230049520731
9.2,0.6381360077604266,0.004422863945364952
9.2,0.7363107781851077,0.00442181620746851
9.2,0.8344855486097886,0.00442333472892642
9.2,0.9326603190344698,0.0044273631647229195
9.2,1.030835089459151,0.004428198095411062
9.2,1.1290098598838316,0.004411282483488321
9.2,1.2271846303085128,0.004408145789057016
9.2,1.325359400733194,0.004424574319273233
9.2,1.423534171157875,0.004411937668919563
9.2,1.5217089415825562,0.004400776233524084
9.2,1.619883712007237,0.004401841666549444
9.2,1.718058482431918,0.004411418456584215
9.2,1.8162332528565992,0.004424473736435175
9.2,1.9144080232812803,0.004408749286085367
9.2,2.0125827937059615,0.004412341397255659
9.2,2.110757564130642,0.004427796229720116
9.2,2.2089323345553233,0.004424956161528826
9.2,2.3071071049800045,0.00441935146227479
9.2,2.405281875404685,0.004415556788444519
9.2,2.5034566458293663,0.004416497889906168
9.2,2.6016314162540475,0.004416865296661854
9.2,2.699806186678728,0.00439520925283432
9.2,2.7979809571034093,0.004396168049424887
9.2,2.8961557275280905,0.004399837926030159
9.2,2.9943304979527716,0.004394058603793383
9.2,3.0925052683774528,0.004392900038510561
9.3,-3.0925052683774528,0.004389596171677113
9.3,-2.994330497952771,0.0043924059718847275
9.3,-2.8961557275280905,0.0043962071649730206
9.3,-2.7979809571034098,0.00439396221190691
9.3,-2.699806186678728,0.004392795730382204
9.3,-2.6016314162540475,0.004409388639032841
9.3,-2.5034566458293668,0.004398558754473925
9.3,-2.405281875404685,0.004397629294544458
9.3,-2.3071071049800045,0.004397694021463394
9.3,-2.208932334555323,0.0043985191732645035
9.3,-2.110757564130642,0.004409221466630697
9.3,-2.0125827937059615,0.004392565693706274
9.3,-1.9144080232812801,0.004393739625811577
9.3,-1.8162332528565992,0.004395775031298399
9.3,-1.718058482431918,0.004391759634017944
9.3,-1.6198837120072371,0.004387892782688141
9.3,-1.521708941582556,0.00438497681170702
9.3,-1.423534171157875,0.004391435533761978
9.3,-1.325359400733194,0.00439545838162303
9.3,-1.227184630308513,0.004392531700432301
9.3,-1.1290098598838318,0.004386521875858307
9.3,-1.030835089459151,0.00439702533185482
9.3,-0.93266031903447,0.004396926146000624
9.3,-0.8344855486097889,0.004395902156829834
9.3,-0.7363107781851077,0.0043969955295324326
9.3,-0.6381360077604266,0.0044013457372784615
9.3,-0.5399612373357456,0.00441315770149231
9.3,-0.4417864669110647,0.004395060241222382
9.3,-0.34361169648638357,0.004396890290081501
9.3,-0.24543692606170264,0.004411088768392801
9.3,-0.14726215563702172,0.004396203439682722
9.3,-0.04908738521234057,0.004394925199449062
9.3,0.04908738521234057,0.004396310541778803
9.3,0.14726215563702172,0.004397020675241947
9.3,0.24543692606170264,0.004403558559715748
9.3,0.34361169648638357,0.0044025094248354435
9.3,0.4417864669110647,0.004397538490593433
9.3,0.5399612373357456,0.004424517974257469
9.3,0.6381360077604266,0.004425270948559046
9.3,0.7363107781851077,0.0044243852607905865
9.3,0.8344855486097886,0.004425922874361277
9.3,0.9326603190344698,0.004430393688380718
9.3,1.030835089459151,0.004431761335581541
9.3,1.1290098598838316,0.004415502306073904
9.3,1.2271846303085128,0.004420256707817316
9.3,1.325359400733194,0.004430304281413555
9.3,1.423534171157875,0.004417547024786472
9.3,1.5217089415825562,0.004413590766489506
9.3,1.619883712007237,0.004415206145495176
9.3,1.718058482431918,0.004415968898683786
9.3,1.8162332528565992,0.004428539890795946
9.3,1.9144080232812803,0.004418286494910717
9.3,2.0125827937059615,0.004412679933011532
9.3,2.110757564130642,0.004426781088113785
9.3,2.2089323345553233,0.0044219400733709335
9.3,2.3071071049800045,0.004414891824126244
9.3,2.405281875404685,0.004410656169056892
9.3,2.5034566458293663,0.004411354660987854
9.3,2.6016314162540475,0.004412682261317968
9.3,2.699806186678728,0.004393796902149916
9.3,2.7979809571034093,0.004395084455609322
9.3,2.8961557275280905,0.004396758507937193
9.3,2.9943304979527716,0.00439286045730114
9.3,3.0925052683774528,0.004390314221382141
9.4,-3.0925052683774528,0.004378216341137886
9.4,-2.994330497952771,0.0043782819993793964
9.4,-2.8961557275280905,0.004388927016407251
9.4,-2.7979809571034098,0.004383501596748829
9.4,-2.699806186678728,0.0043821013532578945
9.4,-2.6016314162540475,0.004396259784698486
9.4,-2.5034566458293668,0.004395884927362204
9.4,-2.405281875404685,0.004394973162561655
9.4,-2.3071071049800045,0.004394975956529379
9.4,-2.208932334555323,0.004395634401589632
9.4,-2.110757564130642,0.004395897965878248
9.4,-2.0125827937059615,0.004380553960800171
9.4,-1.9144080232812801,0.004382570739835501
9.4,-1.8162332528565992,0.004388358909636736
9.4,-1.718058482431918,0.00437795277684927
9.4,-1.6198837120072371,0.004377938807010651
9.4,-1.521708941582556,0.004376359283924103
9.4,-1.423534171157875,0.004380501806735992
9.4,-1.325359400733194,0.0043927147053182125
9.4,-1.227184630308513,0.004386897198855877
9.4,-1.1290098598838318,0.004385817795991898
9.4,-1.030835089459151,0.0043977233581244946
9.4,-0.93266031903447,0.004398389253765345
9.4,-0.8344855486097889,0.004398202523589134
9.4,-0.7363107781851077,0.004411897622048855
9.4,-0.6381360077604266,0.0044183796271681786
9.4,-0.5399612373357456,0.004423307720571756
9.4,-0.4417864669110647,0.004401514306664467
9.4,-0.34361169648638357,0.00440736161544919
9.4,-0.24543692606170264,0.004425348713994026
9.4,-0.14726215563702172,0.004413092974573374
9.4,-0.04908738521234057,0.004405007231980562
9.4,0.04908738521234057,0.004413027781993151
9.4,0.14726215563702172,0.00441504642367363
9.4,0.24543692606170264,0.004428092390298843
9.4,0.34361169648638357,0.004419704433530569
9.4,0.4417864669110647,0.004416378680616617
9.4,0.5399612373357456,0.004434161353856325
9.4,0.6381360077604266,0.004434453323483467
9.4,0.7363107781851077,0.004432826768606901
9.4,0.8344855486097886,0.004433562513440847
9.4,0.9326603190344698,0.004437683615833521
9.4,1.030835089459151,0.004439105745404959
9.4,1.1290098598838316,0.004423534031957388
9.4,1.2271846303085128,0.004428843967616558
9.4,1.325359400733194,0.004439956042915583
9.4,1.423534171157875,0.0044275796972215176
9.4,1.5217089415825562,0.004423606209456921
9.4,1.619883712007237,0.00442415801808238
9.4,1.718058482431918,0.004424019251018763
9.4,1.8162332528565992,0.004435360431671143
9.4,1.9144080232812803,0.004422707483172417
9.4,2.0125827937059615,0.004414509516209364
9.4,2.110757564130642,0.004427263978868723
9.4,2.2089323345553233,0.004421250894665718
9.4,2.3071071049800045,0.0044128624722361565
9.4,2.405281875404685,0.004398080985993147
9.4,2.5034566458293663,0.004397152457386255
9.4,2.6016314162540475,0.004396853502839804
9.4,2.699806186678728,0.004382544197142124
9.4,2.7979809571034093,0.004383493214845657
9.4,2.8961557275280905,0.004388704430311918
9.4,2.9943304979527716,0.004378391429781914
9.4,3.0925052683774528,0.004378182347863913
9.5,-3.0925052683774528,0.004385269712656736
9.5,-2.994330497952771,0.0043896399438381195
9.5,-2.8961557275280905,0.0043951962143182755
9.5,-2.7979809571034098,0.004392355214804411
9.5,-2.699806186678728,0.004391846712678671
9.5,-2.6016314162540475,0.004400214180350304
9.5,-2.5034566458293668,0.0043977671302855015
9.5,-2.405281875404685,0.0043967231176793575
9.5,-2.3071071049800045,0.004396748263388872
9.5,-2.208932334555323,0.0043976157903671265
9.5,-2.110757564130642,0.004397790879011154
9.5,-2.0125827937059615,0.004386584740132093
9.5,-1.9144080232812801,0.0043921940959990025
9.5,-1.8162332528565992,0.00439475430175662
9.5,-1.718058482431918,0.0043887784704566
9.5,-1.6198837120072371,0.004383398219943047
9.5,-1.521708941582556,0.004380832891911268
9.5,-1.423534171157875,0.004383316729217768
9.5,-1.325359400733194,0.004394121002405882
9.5,-1.227184630308513,0.004386733286082745
9.5,-1.1290098598838318,0.004383096471428871
9.5,-1.030835089459151,0.004396162461489439
9.5,-0.93266031903447,0.004396069794893265
9.5,-0.8344855486097889,0.004395443946123123
9.5,-0.7363107781851077,0.004396307747811079
9.5,-0.6381360077604266,0.0044011385180056095
9.5,-0.5399612373357456,0.004414156544953585
9.5,-0.4417864669110647,0.0043959300965070724
9.5,-0.34361169648638357,0.004401502665132284
9.5,-0.24543692606170264,0.004404743202030659
9.5,-0.14726215563702172,0.00439861323684454
9.5,-0.04908738521234057,0.00439740065485239
9.5,0.04908738521234057,0.004398784600198269
9.5,0.14726215563702172,0.004399582277983427
9.5,0.24543692606170264,0.004418523516505957
9.5,0.34361169648638357,0.004405895248055458
9.5,0.4417864669110647,0.004410069435834885
9.5,0.5399612373357456,0.004429155495017767
9.5,0.6381360077604266,0.004430009517818689
9.5,0.7363107781851077,0.004429110791534185
9.5,0.8344855486097886,0.004430864006280899
9.5,0.9326603190344698,0.004435299895703793
9.5,1.030835089459151,0.004436786752194166
9.5,1.1290098598838316,0.00442116754129529
9.5,1.2271846303085128,0.004426300060003996
9.5,1.325359400733194,0.004436877090483904
9.5,1.423534171157875,0.0044246031902730465
9.5,1.5217089415825562,0.004420964978635311
9.5,1.619883712007237,0.00442178500816226
9.5,1.718058482431918,0.004421987570822239
9.5,1.8162332528565992,0.004433787893503904
9.5,1.9144080232812803,0.0044217705726623535
9.5,2.0125827937059615,0.004414232913404703
9.5,2.110757564130642,0.0044277324341237545
9.5,2.2089323345553233,0.0044226557947695255
9.5,2.3071071049800045,0.004415004514157772
9.5,2.405281875404685,0.004409582819789648
9.5,2.5034566458293663,0.004410178400576115
9.5,2.6016314162540475,0.004410930909216404
9.5,2.699806186678728,0.0043929507955908775
9.5,2.7979809571034093,0.0043931994587183
9.5,2.8961557275280905,0.004395507741719484
9.5,2.9943304979527716,0.004389942158013582
9.5,3.0925052683774528,0.004385453183203936
9.6,-3.0925052683774528,0.004382713697850704
9.6,-2.994330497952771,0.00438340799883008
9.6,-2.8961557275280905,0.004394120536744595
9.6,-2.7979809571034098,0.004391548223793507
9.6,-2.699806186678728,0.004385855048894882
9.6,-2.6016314162540475,0.004397373180836439
9.6,-2.5034566458293668,0.004396986681967974
9.6,-2.405281875404685,0.004395944997668266
9.6,-2.3071071049800045,0.004395932890474796
9.6,-2.208932334555323,0.00439664488658309
9.6,-2.110757564130642,0.004396869335323572
9.6,-2.0125827937059615,0.0043838429264724255
9.6,-1.9144080232812801,0.004386920016258955
9.6,-1.8162332528565992,0.0043937875889241695
9.6,-1.718058482431918,0.004381807986646891
9.6,-1.6198837120072371,0.004381684120744467
9.6,-1.521708941582556,0.004380008205771446
9.6,-1.423534171157875,0.004388842731714249
9.6,-1.325359400733194,0.004394752439111471
9.6,-1.227184630308513,0.004392179194837809
9.6,-1.1290098598838318,0.004392376635223627
9.6,-1.030835089459151,0.004409539978951216
9.6,-0.93266031903447,0.004410183522850275
9.6,-0.8344855486097889,0.004408813081681728
9.6,-0.7363107781851077,0.004412587732076645
9.6,-0.6381360077604266,0.00441809231415391
9.6,-0.5399612373357456,0.004420909099280834
9.6,-0.4417864669110647,0.004397556651383638
9.6,-0.34361169648638357,0.004402990452945232
9.6,-0.24543692606170264,0.004404951818287373
9.6,-0.14726215563702172,0.004398477729409933
9.6,-0.04908738521234057,0.004396745003759861
9.6,0.04908738521234057,0.004397774115204811
9.6,0.14726215563702172,0.004398468881845474
9.6,0.24543692606170264,0.004404973238706589
9.6,0.34361169648638357,0.004404156003147364
9.6,0.4417864669110647,0.004400608129799366
9.6,0.5399612373357456,0.004426714964210987
9.6,0.6381360077604266,0.0044276718981564045
9.6,0.7363107781851077,0.004427069332450628
9.6,0.8344855486097886,0.004429178312420845
9.6,0.9326603190344698,0.004434035159647465
9.6,1.030835089459151,0.004435816314071417
9.6,1.1290098598838316,0.004420440644025803
9.6,1.2271846303085128,0.004425930790603161
9.6,1.325359400733194,0.0044368780218064785
9.6,1.423534171157875,0.004424954764544964
9.6,1.5217089415825562,0.004421332385390997
9.6,1.619883712007237,0.004422312136739492
9.6,1.718058482431918,0.004422513302415609
9.6,1.8162332528565992,0.004434223752468824
9.6,1.9144080232812803,0.0044221156276762486
9.6,2.0125827937059615,0.0044144014827907085
9.6,2.110757564130642,0.004427188541740179
9.6,2.2089323345553233,0.004420681390911341
9.6,2.3071071049800045,0.004413086920976639
9.6,2.405281875404685,0.004398266784846783
9.6,2.5034566458293663,0.0043978081084787846
9.6,2.6016314162540475,0.004398040007799864
9.6,2.699806186678728,0.00438704714179039
9.6,2.7979809571034093,0.004391680937260389
9.6,2.8961557275280905,0.004394123330712318
9.6,2.9943304979527716,0.004382759798318148
9.6,3.0925052683774528,0.004382536746561527
9.7,-3.0925052683774528,0.004387073218822479
9.7,-2.994330497952771,0.004390582907944918
9.7,-2.8961557275280905,0.004396240692585707
9.7,-2.7979809571034098,0.004393214359879494
9.7,-2.699806186678728,0.0043923514895141125
9.7,-2.6016314162540475,0.004400779493153095
9.7,-2.5034566458293668,0.004398085176944733
9.7,-2.405281875404685,0.004396806936711073
9.7,-2.3071071049800045,0.004396720323711634
9.7,-2.208932334555323,0.004397560376673937
9.7,-2.110757564130642,0.004397719632834196
9.7,-2.0125827937059615,0.004386224318295717
9.7,-1.9144080232812801,0.004391985945403576
9.7,-1.8162332528565992,0.004395156633108854
9.7,-1.718058482431918,0.004387862980365753
9.7,-1.6198837120072371,0.004382575396448374
9.7,-1.521708941582556,0.0043806033208966255
9.7,-1.423534171157875,0.0043875183910131454
9.7,-1.325359400733194,0.004394844174385071
9.7,-1.227184630308513,0.004386992659419775
9.7,-1.1290098598838318,0.004383786581456661
9.7,-1.030835089459151,0.004396648146212101
9.7,-0.93266031903447,0.0043962374329566956
9.7,-0.8344855486097889,0.004395933356136084
9.7,-0.7363107781851077,0.004397248383611441
9.7,-0.6381360077604266,0.00441025709733367
9.7,-0.5399612373357456,0.004414927214384079
9.7,-0.4417864669110647,0.004395817872136831
9.7,-0.34361169648638357,0.0044004046358168125
9.7,-0.24543692606170264,0.004403401166200638
9.7,-0.14726215563702172,0.004397223703563213
9.7,-0.04908738521234057,0.004395819269120693
9.7,0.04908738521234057,0.004397083073854446
9.7,0.14726215563702172,0.004397845361381769
9.7,0.24543692606170264,0.004404389299452305
9.7,0.34361169648638357,0.004403471481055021
9.7,0.4417864669110647,0.004400284495204687
9.7,0.5399612373357456,0.004426334053277969
9.7,0.6381360077604266,0.0044275326654314995
9.7,0.7363107781851077,0.004427091218531132
9.7,0.8344855486097886,0.0044292183592915535
9.7,0.9326603190344698,0.00443405844271183
9.7,1.030835089459151,0.0044357748702168465
9.7,1.1290098598838316,0.004420352168381214
9.7,1.2271846303085128,0.004425396677106619
9.7,1.325359400733194,0.004435937851667404
9.7,1.423534171157875,0.0044232760556042194
9.7,1.5217089415825562,0.004419724456965923
9.7,1.619883712007237,0.004420341923832893
9.7,1.718058482431918,0.004420580342411995
9.7,1.8162332528565992,0.004432850517332554
9.7,1.9144080232812803,0.004421015735715628
9.7,2.0125827937059615,0.0044143288396298885
9.7,2.110757564130642,0.004427801351994276
9.7,2.2089323345553233,0.0044222744181752205
9.7,2.3071071049800045,0.004416617564857006
9.7,2.405281875404685,0.0044122422114014626
9.7,2.5034566458293663,0.0044109150767326355
9.7,2.6016314162540475,0.00441146781668067
9.7,2.699806186678728,0.004393290262669325
9.7,2.7979809571034093,0.0043941158801317215
9.7,2.8961557275280905,0.004396714735776186
9.7,2.9943304979527716,0.004390334710478783
9.7,3.0925052683774528,0.0043868934735655785
9.8,-3.0925052683774528,0.004383005201816559
9.8,-2.994330497952771,0.0043890755623579025
9.8,-2.8961557275280905,0.004394745919853449
9.8,-2.7979809571034098,0.00439213402569294
9.8,-2.699806186678728,0.0043922290205955505
9.8,-2.6016314162540475,0.004401171579957008
9.8,-2.5034566458293668,0.004398534540086985
9.8,-2.405281875404685,0.004397759214043617
9.8,-2.3071071049800045,0.004397749435156584
9.8,-2.208932334555323,0.004398262593895197
9.8,-2.110757564130642,0.0043982286006212234
9.8,-2.0125827937059615,0.004386818967759609
9.8,-1.9144080232812801,0.004391451831907034
9.8,-1.8162332528565992,0.004393015056848526
9.8,-1.718058482431918,0.0043808771297335625
9.8,-1.6198837120072371,0.0043796817772090435
9.8,-1.521708941582556,0.004376440308988094
9.8,-1.423534171157875,0.0043784501031041145
9.8,-1.325359400733194,0.004388418514281511
9.8,-1.227184630308513,0.004380715079605579
9.8,-1.1290098598838318,0.004377314355224371
9.8,-1.030835089459151,0.0043941386975348
9.8,-0.93266031903447,0.004393466282635927
9.8,-0.8344855486097889,0.004393225535750389
9.8,-0.7363107781851077,0.004394765943288803
9.8,-0.6381360077604266,0.004396833945065737
9.8,-0.5399612373357456,0.004401165526360273
9.8,-0.4417864669110647,0.004393869545310736
9.8,-0.34361169648638357,0.004396344535052776
9.8,-0.24543692606170264,0.004410655237734318
9.8,-0.14726215563702172,0.004396419506520033
9.8,-0.04908738521234057,0.004395744297653437
9.8,0.04908738521234057,0.0043974872678518295
9.8,0.14726215563702172,0.00439850427210331
9.8,0.24543692606170264,0.004405221436172724
9.8,0.34361169648638357,0.0044051301665604115
9.8,0.4417864669110647,0.004401642829179764
9.8,0.5399612373357456,0.00442891800776124
9.8,0.6381360077604266,0.00443004397675395
9.8,0.7363107781851077,0.004429448861628771
9.8,0.8344855486097886,0.004431597422808409
9.8,0.9326603190344698,0.004436524584889412
9.8,1.030835089459151,0.004438389558345079
9.8,1.1290098598838316,0.004423225298523903
9.8,1.2271846303085128,0.0044290851801633835
9.8,1.325359400733194,0.004440681077539921
9.8,1.423534171157875,0.004428834188729525
9.8,1.5217089415825562,0.0044254157692193985
9.8,1.619883712007237,0.004426233936101198
9.8,1.718058482431918,0.0044263978488743305
9.8,1.8162332528565992,0.0044378722086548805
9.8,1.9144080232812803,0.0044247787445783615
9.8,2.0125827937059615,0.0044164350256323814
9.8,2.110757564130642,0.004429423715919256
9.8,2.2089323345553233,0.004423391539603472
9.8,2.3071071049800045,0.0044165682047605515
9.8,2.405281875404685,0.004410925786942244
9.8,2.5034566458293663,0.004408582579344511
9.8,2.6016314162540475,0.0044089555740356445
9.8,2.699806186678728,0.0043921624310314655
9.8,2.7979809571034093,0.004391922149807215
9.8,2.8961557275280905,0.004394591320306063
9.8,2.9943304979527716,0.004388892091810703
9.8,3.0925052683774528,0.004383029881864786
9.9,-3.0925052683774528,0.004385130479931831
9.9,-2.994330497952771,0.0043902588076889515
9.9,-2.8961557275280905,0.0043957834132015705
9.9,-2.7979809571034098,0.004393787123262882
9.9,-2.699806186678728,0.004393438808619976
9.9,-2.6016314162540475,0.004412297625094652
9.9,-2.5034566458293668,0.004412092734128237
9.9,-2.405281875404685,0.00441011181101203
9.9,-2.3071071049800045,0.00441037816926837
9.9,-2.208932334555323,0.004412275273352861
9.9,-2.110757564130642,0.004412258975207806
9.9,-2.0125827937059615,0.004393242299556732
9.9,-1.9144080232812801,0.004393812268972397
9.9,-1.8162332528565992,0.004395753610879183
9.9,-1.718058482431918,0.004390091169625521
9.9,-1.6198837120072371,0.004384686704725027
9.9,-1.521708941582556,0.004380885045975447
9.9,-1.423534171157875,0.004382820334285498
9.9,-1.325359400733194,0.004393742885440588
9.9,-1.227184630308513,0.004384235478937626
9.9,-1.1290098598838318,0.004379809368401766
9.9,-1.030835089459151,0.004394687712192535
9.9,-0.93266031903447,0.004393795505166054
9.9,-0.8344855486097889,0.004391755908727646
9.9,-0.7363107781851077,0.004394039511680603
9.9,-0.6381360077604266,0.004396085161715746
9.9,-0.5399612373357456,0.004399993922561407
9.9,-0.4417864669110647,0.004392965696752071
9.9,-0.34361169648638357,0.004395563155412674
9.9,-0.24543692606170264,0.004401342011988163
9.9,-0.14726215563702172,0.004395607393234968
9.9,-0.04908738521234057,0.0043950555846095085
9.9,0.04908738521234057,0.004396939184516668
9.9,0.14726215563702172,0.004398097284138203
9.9,0.24543692606170264,0.004404938779771328
9.9,0.34361169648638357,0.004404915031045675
9.9,0.4417864669110647,0.0044015091843903065
9.9,0.5399612373357456,0.0044284299947321415
9.9,0.6381360077604266,0.00442926213145256
9.9,0.7363107781851077,0.0044283014722168446
9.9,0.8344855486097886,0.004429978784173727
9.9,0.9326603190344698,0.0044344039633870125
9.9,1.030835089459151,0.004436033312231302
9.9,1.1290098598838316,0.004420433193445206
9.9,1.2271846303085128,0.004425630904734135
9.9,1.325359400733194,0.004436400718986988
9.9,1.423534171157875,0.004424244165420532
9.9,1.5217089415825562,0.004420786164700985
9.9,1.619883712007237,0.004421669989824295
9.9,1.718058482431918,0.004421775229275227
9.9,1.8162332528565992,0.004433584399521351
9.9,1.9144080232812803,0.0044213938526809216
9.9,2.0125827937059615,0.004413227085024118
9.9,2.110757564130642,0.0044263629242777824
9.9,2.2089323345553233,0.004420008044689894
9.9,2.3071071049800045,0.004412899259477854
9.9,2.405281875404685,0.004398323595523834
9.9,2.5034566458293663,0.004397863522171974
9.9,2.6016314162540475,0.00440053828060627
9.9,2.699806186678728,0.004391878377646208
9.9,2.7979809571034093,0.004391987342387438
9.9,2.8961557275280905,0.004394848830997944
9.9,2.9943304979527716,0.0043894266709685326
9.9,3.0925052683774528,0.0043845707550644875
10.0,-3.0925052683774528,0.004386021755635738
10.0,-2.994330497952771,0.004390977323055267
10.0,-2.8961557275280905,0.004396459553390741
10.0,-2.7979809571034098,0.004395115654915571
10.0,-2.699806186678728,0.004394556395709515
10.0,-2.6016314162540475,0.004415855277329683
10.0,-2.5034566458293668,0.004416370764374733
10.0,-2.405281875404685,0.004414662718772888
10.0,-2.3071071049800045,0.004415144678205252
10.0,-2.208932334555323,0.004417047835886478
10.0,-2.110757564130642,0.004416345153003931
10.0,-2.0125827937059615,0.0043946485966444016
10.0,-1.9144080232812801,0.004395742900669575
10.0,-1.8162332528565992,0.004396786447614431
10.0,-1.718058482431918,0.004391316324472427
10.0,-1.6198837120072371,0.004386669024825096
10.0,-1.521708941582556,0.004382689017802477
10.0,-1.423534171157875,0.004384307656437159
10.0,-1.325359400733194,0.0043941582553088665
10.0,-1.227184630308513,0.004385555163025856
10.0,-1.1290098598838318,0.004380378872156143
10.0,-1.030835089459151,0.0043947515077888966
10.0,-0.93266031903447,0.004393774084746838
10.0,-0.8344855486097889,0.004390181973576546
10.0,-0.7363107781851077,0.004392700269818306
10.0,-0.6381360077604266,0.0043950555846095085
10.0,-0.5399612373357456,0.004396777134388685
10.0,-0.4417864669110647,0.004390635062009096
10.0,-0.34361169648638357,0.004394146613776684
10.0,-0.24543692606170264,0.004397551063448191
10.0,-0.14726215563702172,0.004393949173390865
10.0,-0.04908738521234057,0.004393495619297028
10.0,0.04908738521234057,0.004394929856061935
10.0,0.14726215563702172,0.004396746400743723
10.0,0.24543692606170264,0.004403646104037762
10.0,0.34361169648638357,0.0044037518091499805
10.0,0.4417864669110647,0.004401026759296656
10.0,0.5399612373357456,0.0044281319715082645
10.0,0.6381360077604266,0.004429489374160767
10.0,0.7363107781851077,0.004429144784808159
10.0,0.8344855486097886,0.004431162029504776
10.0,0.9326603190344698,0.004435388837009668
10.0,1.030835089459151,0.004436944145709276
10.0,1.1290098598838316,0.004421156831085682
10.0,1.2271846303085128,0.004425721243023872
10.0,1.325359400733194,0.004435572307556868
10.0,1.423534171157875,0.004422916565090418
10.0,1.5217089415825562,0.004418881610035896
10.0,1.619883712007237,0.004419458098709583
10.0,1.718058482431918,0.004419616423547268
10.0,1.8162332528565992,0.004431509878486395
10.0,1.9144080232812803,0.004419270902872086
10.0,2.0125827937059615,0.004411289468407631
10.0,2.110757564130642,0.00442377058789134
10.0,2.2089323345553233,0.004416240379214287
10.0,2.3071071049800045,0.004400900565087795
10.0,2.405281875404685,0.0043965112417936325
10.0,2.5034566458293663,0.0043963720090687275
10.0,2.6016314162540475,0.004397077020257711
10.0,2.699806186678728,0.004385261796414852
10.0,2.7979809571034093,0.004388182889670134
10.0,2.8961557275280905,0.004394480027258396
10.0,2.9943304979527716,0.004389181733131409
10.0,3.0925052683774528,0.004384439904242754