timestamp,normU,maxDeltaAlpha,interfaceHeightMaxRel,interfaceHeightMinRel
0,0,nan,0.00082,-0.00082
0.000145939,0.0018271782541,0.464407,0.00082,-0.00082
0.000220762,0.00222780150241,0.122385,0.00082,-0.000817781547727
0.00033705,0.00228985809629,0.166993,0.00082,-0.000807094969457
0.000446949,0.00212248565914,0.118755,0.000816513357556,-0.000792090288735
0.000559972,0.00185289020186,0.1615,0.000794603442001,-0.000772126813207
0.000731779,0.00150467175806,0.238466,0.000707553476377,-0.000736427793396
0.000916913,0.00131181185551,0.181589,0.000663790929351,-0.000687029113261
0.00108406,0.00125516347328,0.131314,0.000671414076388,-0.000620245362915
0.00120571,0.0012543057734,0.065613,0.000674948969985,-0.000535100579533
0.00136417,0.00123001559063,0.094942,0.000677559815071,-0.000408004783747
0.00151248,0.00116929881004,0.093088,0.000673453130138,-0.000444532280544
0.00166038,0.00108698191533,0.079811,0.000655882693217,-0.000452924072018
0.00178874,0.00102021838532,0.05427,0.000624301261201,-0.000430751312109
0.00193754,0.000961493311364,0.063098,0.000559357729492,-0.000363965789834
0.00207255,0.000936586123002,0.059793,0.000500173920779,-0.00027495773363
0.00220761,0.000950612425826,0.08183,0.000489754029718,-0.000209374851703
0.00236771,0.00101893547125,0.087636,0.000464711445161,-0.00014776146021
0.00256914,0.00111790182953,0.115774,0.000451663091995,-0.000273740933955
0.00275711,0.00118153744112,0.09854,0.0004578527304,-0.000408117683821
0.00294204,0.00121094676183,0.104929,0.000440661099004,-0.000520364182031
0.00313149,0.00121954090518,0.104307,0.000425318350285,-0.000601463981165
0.00331607,0.00123413702678,0.12017,0.000382585856851,-0.000649158038085
0.00348207,0.00128527465866,0.123406,0.000310630996346,-0.000674977363158
0.00364037,0.0013721412814,0.101969,0.0002008733042,-0.0007045004147
0.00379883,0.00147850850207,0.080486,-6.65099713965e-06,-0.000747405270663
0.00394267,0.00156892742557,0.068531,-0.000202833111624,-0.000775337410323
0.00411599,0.00165080734397,0.080373,-0.000380283282637,-0.000797520628416
0.00429863,0.0017261427357,0.075641,-0.000511426585611,-0.000810924609142
0.00448455,0.0018292596262,0.069008,-0.000601035011853,-0.00082
0.00463297,0.00189250446304,0.0496293,-0.000650640441399,-0.00082
0.00475683,0.00189022352406,0.034953,-0.000682753880349,-0.00082
0.00490834,0.00179885866932,0.0328766,-0.000692777614132,-0.00082
0.0050687,0.00163716188952,0.0294486,-0.000695781438736,-0.00082
0.00519953,0.00153106417104,0.0221396,-0.000699492814296,-0.00082
0.00536051,0.00142463749466,0.0259987,-0.000707361520246,-0.00082
0.00553117,0.00139160360761,0.0244762,-0.000721174841223,-0.00082
0.00570525,0.00134182283768,0.0202854,-0.000740789638289,-0.00082
0.00587115,0.00131238049604,0.0233082,-0.000763200395544,-0.00082
0.00603111,0.00126392437185,0.0243162,-0.000785419930225,-0.00082
0.00622905,0.00114566683526,0.026695,-0.000787797659728,-0.00082
0.00645552,0.00104108450168,0.0281968,-0.000762070713992,-0.00082
0.00663339,0.0010798328644,0.0224474,-0.000740451682956,-0.00082
0.00680261,0.00114016624914,0.0185446,-0.000721771598524,-0.00082
0.00699213,0.00114230342586,0.014152,-0.000706985863698,-0.00082
0.00720669,0.00115788774716,0.01050252,-0.000700575683804,-0.00082
0.00738386,0.00118563793064,0.0141082,-0.000703616950817,-0.00082
0.00755072,0.00120305361607,0.0174711,-0.00071418802338,-0.00082
0.00773113,0.00122091692516,0.0223111,-0.000730835208671,-0.00082
0.00792605,0.00126325339577,0.0253666,-0.000733518190768,-0.00082
0.00812111,0.00132002398757,0.0227042,-0.000710180929184,-0.000819871571169
0.00833157,0.00138563413377,0.017186,-0.000691700809292,-0.000819581682647
0.00851093,0.00142620839558,0.011872,-0.000683778613759,-0.000818963597539
0.00869973,0.00144750382326,0.0094063,-0.00068251132931,-0.000817588945736
0.00891001,0.00143822376814,0.0092338,-0.000687301481446,-0.000815645694611
0.00914632,0.00139278821597,0.0123761,-0.000696762209753,-0.000814626604599
0.00937719,0.00132714889137,0.0133633,-0.000708027195421,-0.000813709641548
0.00961007,0.00125875405952,0.0144101,-0.000719638230481,-0.00081277344811
0.00984075,0.00121963115399,0.0147986,-0.000721040978848,-0.000811808992167
0.0100722,0.00123381231132,0.013549,-0.000710862590775,-0.000810925195917
0.0102951,0.00130242830395,0.0118498,-0.00070444491349,-0.000811924399727
0.010516,0.00143900197985,0.0094531,-0.000702122919085,-0.000815656907198
0.0107253,0.00165039761977,0.0085024,-0.000707659495604,-0.000818844519277
0.0109072,0.00187014013983,0.010096,-0.000718240518523,-0.00082
0.0110591,0.00206106056574,0.0120733,-0.0007296452925,-0.00082
0.0112132,0.00226652467859,0.0142843,-0.000742451249421,-0.00082
0.0113733,0.0024730353879,0.0146948,-0.000744883526244,-0.00082
0.0115375,0.00271081375719,0.017256,-0.000738949022931,-0.00082
0.0117064,0.00292424107437,0.0165019,-0.000736222142425,-0.00082
0.0118814,0.00320849945169,0.0155535,-0.000739409586104,-0.00082
0.0120645,0.00338760583871,0.01357634,-0.000747795495412,-0.00082
0.0122573,0.00356326778862,0.0130935,-0.000760327692953,-0.00082
0.0124555,0.00375582097068,0.0157522,-0.000770686634583,-0.00082
0.0126036,0.00389977571754,0.0118964,-0.000774079362682,-0.00082
0.0127562,0.00407588032725,0.0116726,-0.000777673660168,-0.00082
0.0129167,0.00426731750143,0.0113491,-0.000779953211357,-0.00082
0.013088,0.0044360735145,0.0105586,-0.000782618061754,-0.00082
0.0132708,0.00460929419326,0.0068228,-0.000787307602959,-0.00082
0.0134574,0.00477594765401,0.0070692,-0.000792936315273,-0.00082
0.0136457,0.0049415544601,0.0081471,-0.00079925529705,-0.00082
0.0138333,0.00502722482035,0.00954385,-0.000806164585891,-0.00082
0.0140093,0.00506432532609,0.00773497,-0.000812671916682,-0.00082
0.0141666,0.00508865054319,0.006512,-0.000810754576929,-0.00082
0.0143253,0.00507037244195,0.0048734,-0.000806647526661,-0.00082
0.0144634,0.00505887857206,0.0039201,-0.000803314226627,-0.00082
0.0145956,0.00504969598547,0.0035844,-0.000800242951955,-0.00082
0.0147246,0.00501294889647,0.0035281,-0.000797197818417,-0.00082
0.0148503,0.00496371128554,0.0034961,-0.000794158440772,-0.00082
0.0149737,0.00489987198158,0.0033089,-0.000791261546207,-0.00082
0.0150988,0.004827512844,0.0029502,-0.000788661904157,-0.00082
0.0152352,0.00473500253566,0.00358744,-0.000786515765103,-0.00082
0.0153729,0.00462509082598,0.0043216,-0.000785304134143,-0.00082
0.0155116,0.0045251315498,0.0048258,-0.000785180910472,-0.00082
0.0156508,0.00441812010854,0.0050971,-0.000786194510843,-0.00082
0.0157917,0.00430462481409,0.0051508,-0.000788255216391,-0.00082
0.015943,0.00417489665576,0.0052612,-0.000790200682182,-0.00082
0.0161015,0.00403460737535,0.0050666,-0.000785715068263,-0.00082
0.0162553,0.00390800916955,0.0048713,-0.000781737813462,-0.00082
0.0163961,0.00381208985758,0.0048182,-0.000778482796762,-0.00082
0.0165344,0.00372186229882,0.0053117,-0.000775744045329,-0.00082
0.0166636,0.00364468558731,0.0055912,-0.000773668688071,-0.00082
0.0168,0.00357572032247,0.0071018,-0.000771996820144,-0.00082
0.0169785,0.00349926661501,0.0104512,-0.000770442436191,-0.00082
0.0171586,0.00343343738394,0.0110801,-0.000769113029234,-0.00082
0.0173104,0.00337905577481,0.0095269,-0.000767870184541,-0.00082
0.0174511,0.0033359212607,0.0089743,-0.000764685367088,-0.00082
0.0176041,0.0033072127933,0.0097477,-0.000755481733997,-0.00082
0.0177905,0.00328169893697,0.0113434,-0.000744524781676,-0.00082
0.0179958,0.00324643843549,0.012172,-0.000733667076064,-0.00082
0.0182072,0.00322501253421,0.0133336,-0.000725732634774,-0.00082
0.0184341,0.00319723859947,0.0165845,-0.000722698120426,-0.000819985897069
0.0186969,0.00315588674313,0.0239797,-0.000724921515281,-0.00081968533878
0.0188981,0.00311805904316,0.0208807,-0.000729037375797,-0.000818078989776
0.0190812,0.00307945207335,0.0200364,-0.000723554155802,-0.000814065578589
0.0192584,0.00303621823446,0.0194678,-0.000708906589757,-0.000805965874578
0.0194185,0.00299366468838,0.0197746,-0.000690417063774,-0.000794279613312
0.019568,0.00295010779337,0.0204239,-0.000673048515022,-0.000779276593467
0.0196986,0.00290969137859,0.0193059,-0.00065788409116,-0.000765492190592
0.019826,0.0028672974974,0.020073,-0.000643111023039,-0.000751303493433
0.0199483,0.00282399152867,0.0211054,-0.00062901852192,-0.000742419614014
0.0200818,0.0027747259701,0.024721,-0.000613819892877,-0.000741578592152
0.0202095,0.00272750517237,0.024661,-0.000599631151181,-0.000739968575732
0.0203338,0.00268144738666,0.024387,-0.000584066425948,-0.000737634614208
0.0204545,0.00263685437012,0.023616,-0.000556670850255,-0.000734489571501
0.0205784,0.00259176661894,0.02395,-0.000528408404175,-0.000730220401874
0.0206994,0.0025491144477,0.023123,-0.000500922846971,-0.000724867389473
0.0208218,0.00250728990433,0.022996,-0.000473323136767,-0.000718065376408
0.0209522,0.0024626539546,0.024415,-0.000444045825464,-0.000709068319033
0.0210785,0.00241887896685,0.023262,-0.00041420936504,-0.000698469070709
0.021205,0.00237426346162,0.022674,-0.000373334466124,-0.000685863702794
0.021325,0.00233132314788,0.021694,-0.000333732944852,-0.000672039492789
0.0214464,0.00228641752493,0.021791,-0.000293149986532,-0.000656260494221
0.0215722,0.00223778931231,0.02205,-0.000251057002559,-0.00063800333836
0.0217031,0.00218574647065,0.022141,-0.000207190050009,-0.000625246473731
0.0218441,0.00212846680347,0.022462,-0.000159591046053,-0.000616360161435
0.0219869,0.00207042653842,0.022129,-0.00011065428021,-0.000605347990062
0.0221127,0.00201986470126,0.020655,-6.6647223608e-05,-0.00059379072242
0.0222259,0.00197526425852,0.020309,-2.62302141e-05,-0.000581788016911
0.0223351,0.00193296094035,0.020835,1.3144988493e-05,-0.000568759922035
0.0224473,0.0018900700721,0.022339,5.08527131783e-05,-0.0005541417151
0.0225688,0.00184513324848,0.024754,8.72167306716e-05,-0.000537008876388
0.0227127,0.00179333072956,0.029065,0.000124008134591,-0.000515284093637
0.0228969,0.001731474463,0.034095,0.000164611990946,-0.000485748342171
0.0230787,0.00167784094531,0.031406,0.000219939041286,-0.000454633208484
0.0232517,0.00163323665264,0.028706,0.000261285667928,-0.000422199318329
0.0234311,0.00159280175596,0.026874,0.000290423470782,-0.000384714790015
0.0236273,0.00155410333854,0.027257,0.000308893834544,-0.000339271592092
0.0238594,0.00151275651793,0.026835,0.000313793677877,-0.000281441662345
0.0240928,0.00147086375789,0.024985,0.000306983122706,-0.000222776237651
0.0243209,0.00142723055232,0.024913,0.00030844640172,-0.000187464262307
0.024549,0.0013807272976,0.034892,0.000296638417848,-0.000169554167997
0.0247805,0.00133470166841,0.038368,0.000263535198051,-0.000190201910905
0.0250247,0.00128998701737,0.052451,0.000214654223282,-0.000268567605763
0.0252443,0.00125080323905,0.050543,0.000179553174513,-0.000346865283748
0.025444,0.00121227219463,0.044792,0.00012502484005,-0.000402064212635
0.0256423,0.00117272057847,0.042319,4.38090566317e-05,-0.000442115289099
0.0258529,0.00113318741488,0.040279,7.33056295914e-05,-0.000480728870516
0.0260727,0.00109701376948,0.044688,9.24827272539e-05,-0.000522092069261
0.0262886,0.00106703485165,0.047424,9.65897031947e-05,-0.000550686958
0.026509,0.00104323666032,0.051611,8.04775942275e-05,-0.000574998545364
0.0267289,0.0010271396033,0.052392,4.67615485501e-05,-0.000601619164965
0.0269065,0.00101902310388,0.04005,7.5842037892e-06,-0.000621229779896
0.0270641,0.00101422445209,0.031841,-3.63358229242e-05,-0.000635687580452
0.0272225,0.0010101867506,0.027656,-9.44690347217e-05,-0.000647689198576
0.0274114,0.00100616880876,0.027144,-0.000169229764802,-0.000673726480961
0.0275867,0.00100341320468,0.028343,-0.000240381652028,-0.000696001013072
0.0277464,0.00100261291166,0.02707,-0.000302194262445,-0.000711711424515
0.0279025,0.00100387933672,0.026383,-0.000345524096985,-0.000724009713965
0.0280606,0.00100762617984,0.026303,-0.000387703486729,-0.000734092422017
0.0282264,0.00101304951409,0.027127,-0.00043505148216,-0.000742493884919
0.0283929,0.00101951675036,0.028271,-0.000483111859796,-0.000749009726245
0.0285562,0.00102667189457,0.028701,-0.000513705276141,-0.000753809070164
0.02872,0.00103275301422,0.028309,-0.000524613239641,-0.000757349940071
0.0288763,0.00103544981924,0.025355,-0.000536120942067,-0.00075974306803
0.0290404,0.00103360533935,0.023936,-0.000548938983078,-0.000761331949324
0.0292012,0.00102727946783,0.020216,-0.000544602938603,-0.000764122520305
0.0293573,0.00101780470509,0.016619,-0.000537068219021,-0.000769465193311
0.0295226,0.00100555321043,0.015306,-0.00053049151226,-0.00077348769933
0.0296927,0.000993549163432,0.013296,-0.000525730281503,-0.000776021962743
0.0298551,0.000983789925894,0.011114,-0.000523600361605,-0.000777008617179
0.0300288,0.000976710229909,0.01252,-0.000525181892091,-0.00077678486047
0.0302127,0.00097374865498,0.013364,-0.000530857691631,-0.000778210264504
0.0303993,0.000976124999199,0.013028,-0.00053940420186,-0.000780364349232
0.0305856,0.000980990213733,0.0118362,-0.000529328341632,-0.000780111491886
0.0307726,0.000985144998275,0.0113024,-0.000514628078304,-0.000777395171159
0.0309548,0.000986433195968,0.0101882,-0.000504819367843,-0.00077526947903
0.0311293,0.00098448478248,0.0102054,-0.000500454289625,-0.000783137339933
0.0313036,0.000981500992286,0.010869,-0.000501275593525,-0.000789712327979
0.0314792,0.000981495713187,0.012597,-0.000507605081415,-0.000794956458616
0.0316567,0.000989985767959,0.014263,-0.000520789016446,-0.00079888369095
0.0318388,0.00101265135226,0.015912,-0.000539302265021,-0.000801885495979
0.0320301,0.00105759957139,0.01786,-0.000561747820484,-0.000803646103172
0.0322331,0.0011293580829,0.020033,-0.000587449490412,-0.000804247571069
0.03245,0.00122920475236,0.022056,-0.000616427883103,-0.000803767045895
0.0326392,0.00132859552649,0.020839,-0.000642378475707,-0.000805588546014
0.0328003,0.00141893116241,0.018141,-0.000663921075687,-0.00080719749363
0.0329543,0.00150854207937,0.01695,-0.000667672211702,-0.000808326801318
0.0331203,0.00160636424635,0.017614,-0.00067397122648,-0.000808996685108
0.0333003,0.00171135909297,0.018111,-0.0006834216574,-0.000809103709131
0.0335828,0.00187397513278,0.0249267,-0.000702089664228,-0.000813090743166
0.0339573,0.00209910375818,0.0300796,-0.000731759936645,-0.00082
0.0343129,0.00227990043898,0.0282063,-0.000759275167759,-0.00082
0.0346663,0.00250519637706,0.0229461,-0.000766426069492,-0.00082
0.0349194,0.00271093731166,0.0143636,-0.0007723644666,-0.00082
0.0351504,0.00285316913516,0.011394,-0.000780250784652,-0.00082
0.035366,0.00297259699845,0.0095677,-0.00078878969313,-0.00082
0.0355471,0.00306114704624,0.0077555,-0.000795587789676,-0.00082
0.0356929,0.00313159140041,0.005948,-0.000800728393592,-0.00082
0.0358306,0.0032074427189,0.0052846,-0.000805243423671,-0.00082
0.0359642,0.00326846550101,0.0048461,-0.000809341320083,-0.00082
0.0360954,0.00332864937747,0.0045407,-0.00081314462477,-0.00082
0.0362446,0.00338124403594,0.00490976,-0.000817218059068,-0.00082
0.0364168,0.00340662568748,0.00338114,-0.00082,-0.00082
0.0365878,0.0034307414257,3.61e-12,-0.00082,-0.00082
0.0367589,0.00346252241524,3.587e-12,-0.00082,-0.00082
0.0369294,0.00350081990013,3.511e-12,-0.00082,-0.00082
0.0370897,0.0035391555284,3.196e-12,-0.00082,-0.00082
0.0372448,0.00357934821972,2.979e-12,-0.00082,-0.00082
0.0373985,0.00362450915767,2.817e-12,-0.00082,-0.00082
0.0375563,0.00367650473523,2.723e-12,-0.00082,-0.00082
0.0377108,0.00373530968244,2.484e-12,-0.00082,-0.00082
0.037863,0.00378348066236,2.248e-12,-0.00082,-0.00082
0.0380186,0.00383374077519,2.066e-12,-0.00082,-0.00082
0.0381776,0.00389515164639,1.5004e-05,-0.000819987696535,-0.00082
0.0383292,0.00396160137881,0.000762386,-0.00081936204426,-0.00082
0.0384843,0.00403088804598,0.00210777,-0.000817627323248,-0.00082
0.038644,0.0040945890734,0.00353591,-0.000814700695394,-0.00082
0.0388065,0.00415238403733,0.00455703,-0.000810898035726,-0.00082
0.0389723,0.00421094972006,0.0050109,-0.000806675982281,-0.00082
0.0391419,0.00427092277861,0.0051203,-0.000802317100367,-0.00082
0.0393024,0.0043261185253,0.0048414,-0.000798153493873,-0.00082
0.0394506,0.0043759331615,0.0044928,-0.000794252485544,-0.00082
0.039592,0.00442130027891,0.0042962,-0.000790488215459,-0.00082
0.0397294,0.00445126889207,0.0041628,-0.000786808726482,-0.00082
0.0398639,0.00447119557411,0.004042,-0.000783205383596,-0.00082
0.0400019,0.00449804354343,0.0040647,-0.000779550979926,-0.00082
0.0401371,0.00451983222284,0.0041414,-0.000776023419244,-0.00082
0.0402749,0.0045301784716,0.0043383,-0.000772550329536,-0.00082
0.0404126,0.00452956001006,0.0043784,-0.000769265431328,-0.00082
0.0405511,0.0045184053426,0.0049056,-0.000766172859845,-0.00082
0.0406905,0.00449880036008,0.0051751,-0.000763281297227,-0.00082
0.0408315,0.00448265945688,0.0051619,-0.000760604106371,-0.000819978523064
0.040975,0.00447102957291,0.0051197,-0.000758170241967,-0.000819268063051
0.0411213,0.00444447454298,0.005558,-0.000756048018859,-0.000817658291528
0.0412704,0.00440005731676,0.0061167,-0.000754321922163,-0.000815646224999
0.0414224,0.00434026563979,0.0064869,-0.000753078490499,-0.000812567429725
0.0415813,0.00426724769872,0.0068248,-0.00075239301765,-0.000808069450374
0.0417512,0.00418111424612,0.0081479,-0.000752384658716,-0.000803251901076
0.0419366,0.0040830409163,0.0099802,-0.000753229747033,-0.000797757296672
0.0421481,0.00396944667585,0.012161,-0.000755283138527,-0.000791507011501
0.0423879,0.00383942920676,0.0141282,-0.000750349242169,-0.000784507676687
0.0426559,0.00369557815185,0.0161672,-0.000736726293747,-0.000776584989362
0.0429956,0.00352328574567,0.023117,-0.000713123753804,-0.000773555636189
0.0433398,0.00336557763797,0.024955,-0.000686219948659,-0.000776164039499
0.0435919,0.00326146117863,0.017937,-0.000665896887622,-0.000777694879643
0.0438134,0.00317794021014,0.015069,-0.000648141705101,-0.000778302365286
0.044,0.0031133087506,0.01365,-0.000633729214986,-0.000778170230298
0.0441889,0.00305360573579,0.01442,-0.000620095696874,-0.000777593125481
0.0443536,0.00300592000817,0.012652,-0.000609368889269,-0.00077676550456
0.0445208,0.00296135536938,0.012397,-0.000599906949724,-0.000775611580106
0.044694,0.00291910018571,0.011697,-0.000591961493532,-0.000774097284804
0.0448377,0.00288763001085,0.008437,-0.000586948011337,-0.000772587676081
0.0449729,0.00285993833225,0.006894,-0.000581673291964,-0.000770958971937
0.0451,0.00283505942309,0.006383,-0.000573933797289,-0.000769210968501
0.0452214,0.0028120067879,0.005953,-0.000567503135745,-0.000767308083873
0.0453429,0.00278941748776,0.00577,-0.000562068156842,-0.000765132417077
0.0454664,0.00276649426524,0.005643,-0.000557667494255,-0.000762605971544
0.0455832,0.00274472725638,0.005104,-0.000554631821936,-0.000759900372722
0.045695,0.00272365169166,0.004652,-0.000552771094561,-0.000757010058225
0.0458086,0.00270169769837,0.004463,-0.000552126341932,-0.000753757733139
0.0459211,0.00267864085459,0.004222,-0.000552967109301,-0.000750220463497
0.0460413,0.00265283480182,0.004894,-0.000555118615903,-0.000746090001693
0.0461672,0.00262455324303,0.005592,-0.000558231493184,-0.000741339530145
0.0462899,0.00259548870412,0.005943,-0.00056156205161,-0.000736214970339
0.0464065,0.00256619947679,0.006107,-0.000564591574306,-0.000730814846107
0.0465268,0.00253389966124,0.006761,-0.000567309522221,-0.000727480567231
0.0466443,0.00250023744817,0.007054,-0.000569400490387,-0.00072696237951
0.0467593,0.00246521760372,0.007316,-0.000570821546293,-0.000725728557269
0.0468752,0.00242853818993,0.007717,-0.000571112828862,-0.000723775337243
0.0469921,0.00239021989649,0.008131,-0.000567454037482,-0.000721014201693
0.0470969,0.00235505246096,0.007755,-0.000563905697394,-0.00071788498302
0.0472031,0.00231911489056,0.008273,-0.000554985114125,-0.00071415248257
0.0473182,0.00228021263356,0.009424,-0.000543993873058,-0.000709497210761
0.0474409,0.00223897078383,0.010935,-0.000530793177566,-0.000703884195625
0.0475657,0.00219769256918,0.012046,-0.00051636908261,-0.00069772470393
0.047697,0.00215478301789,0.01345,-0.00050066803757,-0.000690398369465
0.047842,0.00210830149591,0.015699,-0.000483240787894,-0.000680747187752
0.0479989,0.00205842219257,0.017998,-0.000464886608723,-0.000667931556898
0.0481562,0.00200775131111,0.0191,-0.000447408032252,-0.000652227895889
0.0482995,0.00196052295037,0.018183,-0.00043231322093,-0.000639386208857
0.0484277,0.00191698772252,0.01739,-0.000419345937827,-0.000629429680943
0.0485601,0.00187018510619,0.01894,-0.000404161279967,-0.000618811585756
0.0486984,0.00181992270532,0.020702,-0.000369462221644,-0.000607800407845
0.0488456,0.00176545895407,0.022715,-0.00033175309871,-0.000596707164241
0.0490037,0.00170675218511,0.024246,-0.000292244588022,-0.000586106183658
0.0491841,0.00164013252976,0.02615,-0.00025185643887,-0.000576226796447
0.0493732,0.00157210469591,0.024039,-0.00021882166985,-0.000568583561336
0.0495659,0.00150630221926,0.021138,-0.000186037420032,-0.000563275500972
0.0497607,0.00144489917055,0.019835,-0.00014543874486,-0.000559686603719
0.0499564,0.00138842418304,0.019007,-0.000115340491796,-0.00055716582681
0.0501333,0.00134168511269,0.015647,-9.79828535215e-05,-0.000555267869308
0.0503055,0.00129988316936,0.016041,-9.00871353452e-05,-0.000553266759878
0.0504811,0.00126090725411,0.016917,-9.09011221521e-05,-0.000550698534491
0.050665,0.00122332975525,0.017823,-8.43238690045e-05,-0.000547057211556
0.0508495,0.00118872853706,0.017179,-5.81610543535e-05,-0.000555108568525
0.05103,0.00115754284278,0.015047,-4.46102871507e-05,-0.000567317941654
0.0512109,0.00112996292272,0.014045,-4.40731168063e-05,-0.00057781007526
0.0513945,0.00110691950188,0.013354,-5.27414278359e-05,-0.000585981554677
0.0515835,0.00108970771178,0.012219,-7.00060310744e-05,-0.000590925041035
0.051798,0.00107789219309,0.012876,-0.000105611930803,-0.000591672083028
0.0520169,0.00107272691172,0.016311,-0.000151056314755,-0.000585371531462
0.0522541,0.00107317105546,0.021389,-0.000199480288596,-0.000570944210933
0.0524817,0.00107796354755,0.023181,-0.000248636633579,-0.000559767723713
0.0527253,0.00108533093422,0.025582,-0.000282240237376,-0.000567835482892
0.05297,0.00109357894001,0.024737,-0.000317869305769,-0.000575655162657
0.0532041,0.00110237232648,0.021519,-0.000316954154848,-0.000581863120962
0.0534264,0.00111286107628,0.018309,-0.000291878984766,-0.000587241387279
0.0536438,0.00112453403992,0.018268,-0.000277482200034,-0.000598261872639
0.0538566,0.00113677608847,0.018059,-0.000274946371704,-0.000606443443659
0.0540544,0.00114817290545,0.019366,-0.000286359863579,-0.000612576564973
0.0542458,0.00115863801195,0.020148,-0.000306421635195,-0.00063031067648
0.0544225,0.00116718759037,0.019231,-0.000329957727173,-0.000649037098267
0.0545888,0.00117359948997,0.018261,-0.000354957115612,-0.000665088514829
0.0547487,0.00117802159454,0.017407,-0.000381000842915,-0.00067883009212
0.0549135,0.00118074539589,0.017397,-0.000409555809647,-0.000691181799353
0.0550648,0.0011817143146,0.015172,-0.000436944826716,-0.000700958669585
0.0552036,0.00118127382276,0.01479,-0.000462495505379,-0.000708741631451
0.0553371,0.00117981292425,0.01475,-0.00048691860089,-0.000715312420358
0.0554723,0.00117762770934,0.015148,-0.000510968186086,-0.000722188867623
0.0556131,0.00117449764093,0.015746,-0.000534926364362,-0.000731959277253
0.0557491,0.00117145235724,0.014923,-0.000553668435709,-0.000740053821171
0.0558976,0.00116895090262,0.016186,-0.000569538853171,-0.000747629463376
0.0560434,0.00116779543018,0.015681,-0.000583466435088,-0.000753975682955
0.0561852,0.00116850098036,0.015001,-0.000593635860175,-0.000759299856274
0.0563305,0.00117101134065,0.015312,-0.000605777319244,-0.000764045516731
0.0564956,0.00117589786428,0.0173,-0.000621552437008,-0.00076874641697
0.0566649,0.00118320204477,0.017257,-0.000639616926482,-0.000775583150365
0.0568319,0.00119311327983,0.017085,-0.000658456606804,-0.000784230459155
0.0570195,0.00120742635253,0.019295,-0.00067769196285,-0.000794163326729
0.0572149,0.00122739421488,0.020786,-0.000697829722255,-0.000802713722428
0.0574123,0.00125546192685,0.020948,-0.000717507379941,-0.000809577786003
0.0576236,0.00130081536507,0.0215691,-0.000729137250799,-0.000814941384113
0.0578614,0.00137834916537,0.0225157,-0.000740967884819,-0.000819311290345
0.0581657,0.00148846098043,0.0243491,-0.000755281611258,-0.00082
0.0584972,0.00165083385866,0.020546,-0.000769960643451,-0.00082
0.0587932,0.00187313482469,0.014494,-0.00078290107291,-0.00082
0.05903,0.0020388834105,0.0129028,-0.000794306564902,-0.00082
0.0592814,0.00220788740165,0.0119699,-0.000804619304792,-0.00082
0.0595305,0.0022826098327,0.00966159,-0.00081276165622,-0.00082
0.0597539,0.00232839869182,0.00658968,-0.000814347683318,-0.00082
0.0599575,0.00234477573073,0.00216033,-0.000813569644576,-0.00082
0.0601574,0.00236933974037,0.00154878,-0.00081227763173,-0.00082
0.0603542,0.00240816240645,0.00214034,-0.000810485468322,-0.00082
0.0604972,0.00243973822568,0.0018831,-0.000808902268887,-0.00082
0.0606345,0.00248083362898,0.0019308,-0.000807272678897,-0.00082
0.060769,0.00252480318924,0.0020379,-0.000805556364785,-0.00082
0.0609042,0.00257537789782,0.002244,-0.000803663845902,-0.00082
0.0610768,0.00265164169118,0.0032087,-0.000800946264338,-0.00082
0.0612513,0.00271908765486,0.003615,-0.000797831082277,-0.00082
0.0614073,0.00277526680073,0.0036112,-0.00079469599363,-0.00082
0.0615536,0.00283097043917,0.0036298,-0.00079152114668,-0.00082
0.061696,0.00288875131772,0.0036709,-0.000788286003483,-0.00082
0.0618377,0.00295058518575,0.0037207,-0.00078498169948,-0.00082
0.0619819,0.00301717994072,0.0037485,-0.000781626678159,-0.00082
0.0621289,0.00308683448863,0.0036266,-0.000778355606316,-0.00082
0.0622781,0.00315822416758,0.0033147,-0.000775343974929,-0.00082
0.0624282,0.00323159511828,0.0029706,-0.000772790594204,-0.00082
0.0625776,0.00330663107857,0.0029857,-0.000770854516281,-0.00082
0.0627265,0.00338494675247,0.0029496,-0.000769646295684,-0.00082
0.0628755,0.00346508650604,0.002878,-0.000769209766358,-0.00082
0.0630262,0.00354405393137,0.0026152,-0.00076947822411,-0.00082
0.063178,0.00361927469581,0.0028996,-0.000770304374378,-0.00082
0.0633306,0.00369481752121,0.0034188,-0.000771517484671,-0.00082
0.0634846,0.0037688577434,0.0037873,-0.000772968023861,-0.00082
0.0636407,0.0038409490608,0.003668,-0.000774536693217,-0.00082
0.0637968,0.00390933080899,0.0032293,-0.000776141106504,-0.00082
0.0639273,0.00396224069374,0.0024307,-0.000777506134751,-0.00082
0.0640538,0.00401282316722,0.00289882,-0.000778848768927,-0.00082
0.0641803,0.00406181202166,0.00318537,-0.000780195072961,-0.00082
0.0643083,0.0041077481468,0.0032561,-0.000781536994259,-0.00082
0.0644383,0.00415092145984,0.0033151,-0.000782846958565,-0.00082
0.0645718,0.00419198983166,0.0035247,-0.000784097992012,-0.00082
0.0647116,0.00423175961794,0.0039928,-0.000784114608481,-0.00082
0.0648595,0.00426628669542,0.0046365,-0.000782873658218,-0.00082
0.0650152,0.00429810275233,0.005113,-0.000781551912921,-0.00082
0.0651781,0.0043235962381,0.0056603,-0.000780206251938,-0.00082
0.0653474,0.00433964746084,0.0062813,-0.000778891000823,-0.00082
0.0655202,0.0043473543969,0.0068588,-0.000773876589878,-0.00082
0.0657008,0.00434807375713,0.0075367,-0.000766926378386,-0.00082
0.0658887,0.00434122962971,0.0075048,-0.000759893854906,-0.00082
0.0660875,0.00431044490963,0.0071933,-0.000753046064818,-0.00082
0.0662975,0.00426598182955,0.007227,-0.000746058037547,-0.00082
0.0665403,0.00420114106926,0.0083911,-0.000737804981525,-0.00082
0.0669057,0.00408292783824,0.0116444,-0.000726096405684,-0.00082
0.0672991,0.00393920734833,0.0105663,-0.000717847651435,-0.00082
0.0676983,0.00378439040719,0.0111848,-0.000715284265511,-0.00082
0.0680748,0.00363695577039,0.0104413,-0.000717353760571,-0.000819976589972
0.0684292,0.00350908223827,0.0087187,-0.000722428163637,-0.000818457743368
0.0687754,0.00338985821724,0.007338,-0.000727337362405,-0.000816285906099
0.0690701,0.00329371489782,0.0064399,-0.000728584070895,-0.000813712722264
0.0693577,0.00320614308626,0.007338,-0.000730731975175,-0.000810275378519
0.0696441,0.00312469280784,0.007906,-0.000733369457032,-0.000806605432493
0.0698954,0.00305829381714,0.00666,-0.0007358922083,-0.000805629639277
0.0700673,0.00301656634984,0.0043407,-0.0007364268973,-0.000804346454215
0.0702253,0.0029800899001,0.0040042,-0.000734463572368,-0.000802753988022
0.0703628,0.0029489262773,0.0035925,-0.000732632385212,-0.000801272901341
0.0704981,0.00291795209805,0.0036285,-0.000731010470451,-0.00080049064203
0.070636,0.00288626200768,0.0037725,-0.000729550482205,-0.000799173311505
0.0707693,0.00285536421456,0.0038258,-0.000728310472533,-0.000797406443601
0.0708968,0.00282451756657,0.0040767,-0.000727248979555,-0.000795341721957
0.0710237,0.00279239228076,0.0044881,-0.000726308217209,-0.000792899825342
0.0711523,0.00275768358397,0.0049737,-0.000725491999728,-0.000790006799946
0.0712835,0.00271985721936,0.0054942,-0.000724824492775,-0.000786609829494
0.0714158,0.00267918861689,0.0059669,-0.000724325779021,-0.000782718723295
0.0715392,0.0026393967268,0.0059608,-0.000720986392995,-0.000778607235048
0.0716465,0.0026030889152,0.0054952,-0.000716705505087,-0.000774610950105
0.071757,0.00256370396993,0.005962,-0.000712025530615,-0.000769977997992
0.0718682,0.00252217030378,0.0063486,-0.000706980555647,-0.000764707697737
0.0719855,0.00247676405097,0.0070909,-0.00070126934701,-0.000758515011689
0.0721026,0.00243002796585,0.0074942,-0.000695154764497,-0.000752662820962
0.0722162,0.00238390711013,0.0076612,-0.000688855204444,-0.000747960689351
0.0723271,0.00233861980916,0.0078362,-0.000682390566846,-0.000742909712348
0.0724365,0.0022938966215,0.008053,-0.000675746749467,-0.000737510670285
0.0725531,0.00224650123046,0.008932,-0.000667487704242,-0.000731292923942
0.0726736,0.00219801421899,0.009606,-0.000657960543571,-0.000724332936544
0.0728007,0.0021478387125,0.010595,-0.000647619545538,-0.000716326935208
0.0729186,0.00210229744501,0.010429,-0.000637769425856,-0.000708234759389
0.073034,0.00205843423472,0.010709,-0.000627860497553,-0.000699630870713
0.0731403,0.00201900485647,0.010223,-0.000618468100798,-0.000691051134457
0.0732612,0.00197454461921,0.011929,-0.000607458575571,-0.000680824610101
0.0733743,0.0019336224611,0.011338,-0.00059681599888,-0.000671745750604
0.0734888,0.00189298994928,0.011653,-0.000585776936685,-0.000661768046888
0.0736068,0.00185192338277,0.01232,-0.000574161048266,-0.00065148962486
0.073734,0.00180882122505,0.013633,-0.000561166193032,-0.00064054360677
0.0738679,0.00176485889532,0.014691,-0.000545348706509,-0.000628409891377
0.0739944,0.00172497915918,0.014146,-0.00052953891489,-0.000616326936209
0.0741157,0.00168852185188,0.01374,-0.000508850061937,-0.000604107591323
0.0742405,0.00165234468826,0.014265,-0.000486803465777,-0.000590782754451
0.0743654,0.00161735370319,0.014345,-0.000463988343143,-0.000576577205143
0.074494,0.00158257150063,0.014789,-0.000438504871184,-0.000560954665621
0.0746095,0.00155252027922,0.013536,-0.000414775313217,-0.000546071569601
0.0747271,0.00152299764268,0.014197,-0.000389879942738,-0.00053027679474
0.0748519,0.00149301744612,0.015477,-0.000362910518078,-0.000513069100104
0.0749877,0.0014617224332,0.0172,-0.000333424899816,-0.000494175691198
0.0751254,0.00143161472302,0.017747,-0.000304297151532,-0.000479884214786
0.0752674,0.00140228491335,0.01871,-0.000276288042574,-0.000472735228763
0.0754201,0.0013729415965,0.020611,-0.000249837266194,-0.000467318334449
0.0755606,0.0013480811545,0.019282,-0.000229562764457,-0.00046445028715
0.0757179,0.00132236764367,0.021496,-0.000211562954008,-0.000463485524568
0.0759239,0.0012917474525,0.027135,-0.000145958855564,-0.000466443939084
0.0761317,0.00126522523425,0.025043,-7.45289459416e-05,-0.000474856545264
0.0763281,0.00124387491166,0.021134,-8.71108281775e-06,-0.000493756045738
0.0765182,0.00122594531313,0.017782,4.81131870598e-05,-0.000514073341764
0.0767077,0.00121011196395,0.015141,9.35683909857e-05,-0.000534895089156
0.0768969,0.00119531746498,0.01751,0.000124775691431,-0.000555438599276
0.0770855,0.00118125612672,0.020638,0.000138234509909,-0.000574980563395
0.0772659,0.00116899602953,0.021456,0.000136632089276,-0.000592197191377
0.0774483,0.00115798726758,0.02205,0.000121051112695,-0.000607536580053
0.0776326,0.00114870045274,0.021457,9.21321879618e-05,-0.000620648481601
0.0778145,0.0011420257576,0.019676,4.7720613249e-05,-0.000630702151281
0.077996,0.00113848767109,0.023199,-2.65064716832e-05,-0.000637479026528
0.0781776,0.00113829797311,0.027501,-9.86553083347e-05,-0.000641086622844
0.0783579,0.00114144769002,0.03014,-0.000127626200216,-0.000641653359436
0.0785341,0.00114754294556,0.030849,-0.000171600143975,-0.000639637673645
0.0787051,0.0011555394881,0.030229,-0.000221628981817,-0.000659703950593
0.0788708,0.00116390285662,0.028984,-0.000273631657088,-0.000678079161393
0.0790292,0.00117168663135,0.027026,-0.000323999358048,-0.000694009155346
0.0791757,0.00117846991498,0.024194,-0.000369216096803,-0.000707400766324
0.0793211,0.00118425692496,0.023025,-0.000411307329002,-0.000719496686749
0.0794646,0.00118863374615,0.021572,-0.000448714399447,-0.000730401248413
0.0796069,0.0011920493181,0.020138,-0.000470761245724,-0.000740382008518
0.0797553,0.00119499128742,0.019755,-0.000494905334186,-0.000750098890803
0.0799136,0.00119725255516,0.019667,-0.000512505073727,-0.000759868160544
0.0800794,0.00119804220663,0.019154,-0.000523653556857,-0.000769528957334
0.0802491,0.00119606822231,0.019891,-0.00053694952737,-0.000778769810395
0.0804117,0.0011913788923,0.019139,-0.0005512076566,-0.000786914885305
0.0805708,0.00118495753767,0.018335,-0.000566305259271,-0.000794138896376
0.0807437,0.00117636214689,0.018989,-0.000583599825307,-0.000801108670597
0.0809089,0.0011680241763,0.016806,-0.000600607005509,-0.000806915322124
0.0810967,0.00115904668688,0.0171,-0.000619978977616,-0.000813013727478
0.0812539,0.00115271621286,0.014278,-0.000635878202475,-0.000817268770911
0.0814524,0.00115282233278,0.018331,-0.000655168802469,-0.00082
0.0816594,0.00115520025083,0.018772,-0.000674190822693,-0.00082
0.0818847,0.00116442636155,0.019283,-0.000693550570409,-0.00082
0.0821351,0.00118376558041,0.0193078,-0.000711448630726,-0.00082
0.0824168,0.00120319712615,0.0201345,-0.000718745881039,-0.000818721359497
0.0827419,0.00122874669774,0.021597,-0.000724983803097,-0.000812978062729
0.0831109,0.00126701750986,0.021256,-0.000731209132949,-0.000801601084275
0.0834832,0.00132359534559,0.017407,-0.000738046324341,-0.000804020161795
0.0838298,0.00140019837825,0.0165275,-0.000746371343465,-0.0008118305891
0.0841585,0.00150040615715,0.0136989,-0.000756480896,-0.000816656947269
0.084495,0.00162614744832,0.0123811,-0.00074824308554,-0.00082
0.0847904,0.00173364638556,0.0102281,-0.000741675244207,-0.00082
0.0850353,0.00182951789483,0.0069535,-0.000738424849258,-0.00082
0.085257,0.00190338394443,0.0066266,-0.000738044836191,-0.00082
0.0854648,0.00197839116496,0.0057642,-0.000739027928047,-0.00082
0.0856695,0.00206265358862,0.0051375,-0.000740321602112,-0.00082
0.0858705,0.00215675558727,0.0045065,-0.000741659694669,-0.00082
0.0860764,0.00225219461149,0.0039725,-0.000743398589515,-0.00082
0.0863094,0.00236725177485,0.0036425,-0.000746417502448,-0.00082
0.0865581,0.00249426204405,0.0049209,-0.000751092032111,-0.00082
0.0868148,0.00263011606996,0.0059817,-0.000756818902316,-0.00082
0.0870717,0.00276939484024,0.0065013,-0.000762960133618,-0.00082
0.0873022,0.00289584959396,0.0063978,-0.000768920785968,-0.00082
0.0875144,0.00301098957482,0.0066125,-0.000774996917108,-0.00082
0.0877229,0.00311725277782,0.0070391,-0.000781372585032,-0.00082
0.0879293,0.00321694650754,0.0070503,-0.000787664877213,-0.00082
0.0881326,0.00330858002164,0.0067007,-0.000792936315273,-0.00082
0.0883336,0.00338500020227,0.0062685,-0.000793216054445,-0.00082
0.0885328,0.0034572975766,0.0059999,-0.000793450252865,-0.00082
0.0887308,0.0035263338991,0.0059396,-0.000793610419262,-0.00082
0.0889278,0.00359279434657,0.00522199,-0.000793684758513,-0.00082
0.0891241,0.0036480052356,0.00427394,-0.000793401657949,-0.00082
0.0893205,0.00369937074298,0.00353247,-0.000794138721869,-0.00082
0.0895162,0.00373382869932,0.0025157,-0.000795583181029,-0.00082
0.0897118,0.00376854377054,0.0025567,-0.000795962573734,-0.00082
0.0898958,0.00379913306483,0.0022759,-0.000795372781888,-0.00082
0.0900682,0.00382191236509,0.0022336,-0.000794638739505,-0.00082
0.0902331,0.00383976633775,0.0022316,-0.000793852694422,-0.00082
0.0903931,0.00385295602304,0.002144,-0.000793093789699,-0.00082
0.0905496,0.00386201636323,0.0020513,-0.00079240125242,-0.00082
0.0907035,0.00386718233461,0.0022281,-0.000791762162386,-0.00082
0.0908551,0.00387145785139,0.0024174,-0.000791120613959,-0.00082
0.0910051,0.00387348524764,0.002701,-0.00079043206228,-0.00082
0.0911542,0.00387204126506,0.0030358,-0.000789704833513,-0.00082
0.0913028,0.00387024802671,0.0033593,-0.000788675250443,-0.00082
0.0914514,0.00386401830793,0.0036204,-0.0007874014929,-0.00082
0.0916008,0.00384690334203,0.0038244,-0.000786163661267,-0.00082
0.0917521,0.00382650359158,0.0039591,-0.000785026719479,-0.00082
0.0919066,0.00380438122192,0.0043728,-0.000782735662228,-0.00082
0.0920658,0.00378222336645,0.004915,-0.000779214882093,-0.00082
0.0922299,0.00375834369269,0.0053628,-0.000775804433808,-0.00082
0.0923974,0.00373039447701,0.0056542,-0.000772590795794,-0.00082
0.0925669,0.00369837038407,0.0057998,-0.000769647866141,-0.00082
0.092739,0.00366317193931,0.0058756,-0.000767028248727,-0.00082
0.0929111,0.00362559880075,0.0057931,-0.000764820548189,-0.00082
0.0930875,0.00358433994856,0.005948,-0.000763044174618,-0.00082
0.0932702,0.00353955998311,0.0061301,-0.000761767381027,-0.00082
0.093464,0.00349141691533,0.0064548,-0.000760713020246,-0.00082
0.0936739,0.00343768489342,0.0070243,-0.000754919117639,-0.00082
0.093901,0.00338554278481,0.0077014,-0.000747500090338,-0.00082
0.0941519,0.00332864715507,0.0084148,-0.000739250312626,-0.00082
0.094441,0.00326325301042,0.0090988,-0.000730156604021,-0.000818311652301
0.0947691,0.00317674494535,0.0101864,-0.00072092355974,-0.000813162250251
0.0950739,0.00309113235023,0.00986,-0.000714030159515,-0.000806704944041
0.0953859,0.00299251420351,0.0116183,-0.000708776531352,-0.000801704365435
0.0956901,0.00288465559753,0.0141182,-0.000705018819347,-0.000794092474817
0.0959699,0.0027835083681,0.0147198,-0.000702141154619,-0.000784861236529
0.0962422,0.00268917840596,0.0153943,-0.000699575868717,-0.000774442780651
0.0964054,0.00263567483238,0.0095282,-0.00069819115274,-0.00076754179261
0.0965459,0.00259118663729,0.0084538,-0.000697154815179,-0.000761125987661
0.0966811,0.00254869307074,0.0082569,-0.000696368191323,-0.000754548773515
0.0968087,0.0025087830199,0.0079429,-0.000695691187987,-0.000748026575152
0.0969334,0.00247042958037,0.007846,-0.000688804451595,-0.000741825495866
0.0970445,0.00243655867496,0.007009,-0.000682754997811,-0.000739834204829
0.0971477,0.00240546613015,0.006473,-0.00067728184748,-0.000738533181564
0.0972484,0.00237605047013,0.006235,-0.000672133178475,-0.000737145692168
0.0973524,0.00234649717711,0.006311,-0.000667048063826,-0.000735572008792
0.0974572,0.00231706390727,0.0062,-0.000662165831135,-0.000733810404582
0.0975573,0.00228931530947,0.005771,-0.000657661723429,-0.000731939970588
0.0976634,0.00226026425025,0.006014,-0.000652414670219,-0.000729705119965
0.0977755,0.00223005001873,0.006287,-0.000647248298097,-0.000727005076029
0.097887,0.00220042152096,0.006181,-0.000642535020752,-0.000723935013009
0.0980069,0.00216942259698,0.006652,-0.000637973952211,-0.000720171985404
0.0981328,0.00213784489403,0.007097,-0.000633776137278,-0.000715687654569
0.0982559,0.00210733341851,0.007054,-0.000628482266984,-0.000710761510942
0.0983622,0.00208132789757,0.006153,-0.000622207244947,-0.000706080499305
0.098467,0.00205618269124,0.006096,-0.000616153107563,-0.000701081245098
0.0985759,0.00203031405059,0.006347,-0.000609973470536,-0.000695460589669
0.0986902,0.00200325350131,0.006726,-0.000603578636575,-0.000693999333185
0.0988102,0.00197531084255,0.007343,-0.000596882350322,-0.000692518221692
0.0989321,0.00194722956641,0.007716,-0.000589999487805,-0.000690542406597
0.0990529,0.00191974762111,0.00787,-0.000582977503468,-0.000688096657658
0.0991764,0.00189216365347,0.008241,-0.00057547415539,-0.000685092591083
0.0992981,0.00186524140108,0.00863,-0.00056762796537,-0.000681636230825
0.0994191,0.00183895454939,0.00905,-0.000559287942548,-0.000678772629871
0.0995362,0.00181423850468,0.009173,-0.000550623282903,-0.00067584992181
0.0996573,0.00178934710885,0.009883,-0.000540975183484,-0.000672475776497
0.0997797,0.00176483416994,0.010339,-0.000530481003546,-0.000668721418351
0.0999021,0.001740934477,0.01063,-0.000519247072716,-0.000664575928437
0.100027,0.0017171687587,0.01107,-0.000507088791225,-0.000659893766046
0.100161,0.00169235898701,0.012069,-0.000493372971204,-0.000654285645595
0.100299,0.00166758194096,0.012608,-0.000478699626826,-0.000647776851434
0.100444,0.00164221008331,0.01325,-0.000463174844645,-0.000640154854065
0.100599,0.00161528397338,0.014141,-0.000446864891999,-0.000631130561239
0.100769,0.00158622046898,0.015285,-0.000430105423131,-0.000620424143556
0.100954,0.00155488079629,0.015984,-0.000414203867835,-0.000623720944644
0.101142,0.00152390130242,0.014953,-0.000401456527124,-0.000629343738984
0.101324,0.00149409462059,0.013631,-0.000379944526826,-0.00063519039304
0.101484,0.00146780619267,0.011802,-0.000359510290765,-0.00064055457033
0.101643,0.00144213707303,0.011372,-0.000340605169373,-0.000646082291538
0.101802,0.00141688198133,0.010952,-0.000323652895322,-0.000651539671614
0.101963,0.00139124527043,0.010288,-0.000309444606707,-0.000656594370363
0.102125,0.00136558286545,0.009256,-0.00029878512102,-0.000660993715257
0.102287,0.00134036109521,0.007944,-0.000292182560229,-0.000664644381773
0.102449,0.00131572988301,0.008477,-0.000289876842424,-0.000667503851441
0.102614,0.00129107842455,0.009827,-0.00028266501138,-0.000669480132748
0.102785,0.00126591980276,0.011367,-0.000278371359304,-0.000670489910001
0.102962,0.00123973603795,0.012712,-0.000280986842432,-0.000671898930248
0.103137,0.00121418893676,0.01334,-0.000291796973777,-0.000677660341044
0.103306,0.00119026787644,0.013394,-0.000308351256459,-0.000683305589195
0.103474,0.00116842579526,0.014646,-0.00032875527696,-0.000688745968771
0.103646,0.00114884015318,0.015902,-0.000353186542442,-0.000693946944883
0.103828,0.00113165379274,0.017576,-0.000382790208482,-0.000698968261983
0.104009,0.00111849938847,0.01761,-0.000414343115171,-0.000703339924222
0.10419,0.00110898240869,0.018028,-0.000435909616864,-0.000708098158812
0.10437,0.00110361929968,0.018244,-0.000458358671374,-0.000712081186107
0.104541,0.00110180865802,0.01734,-0.000481074578264,-0.000715048531752
0.104711,0.00110295734321,0.017156,-0.000502925692194,-0.000717176204201
0.104882,0.00110663562249,0.017107,-0.00051191254846,-0.000719135915047
0.105054,0.00111269874809,0.016865,-0.000519957383744,-0.000721175870782
0.105227,0.00112071141665,0.016381,-0.000527601642009,-0.000722759685275
0.1054,0.00113018020211,0.015524,-0.000535471162368,-0.000723667831824
0.105571,0.0011403144476,0.014181,-0.00054399533797,-0.000723688310992
0.105751,0.0011512972731,0.013516,-0.000552639898159,-0.000722597546732
0.10593,0.00116255698239,0.012448,-0.000557431725587,-0.000720362830509
0.106107,0.00117353008947,0.011595,-0.000564003128264,-0.000717072338395
0.106283,0.00118381853774,0.011205,-0.000572048318302,-0.000721528873596
0.106442,0.00119243834083,0.009654,-0.000580361750161,-0.000727361740869
0.106579,0.00119932834754,0.007854,-0.0005881839498,-0.000731834473321
0.106723,0.00120565872831,0.007727,-0.000596938079011,-0.00073599078528
0.106874,0.00121072200271,0.007388,-0.000601332433155,-0.000739681111441
0.107018,0.00121429223312,0.007325,-0.000597858067894,-0.000742575706221
0.107185,0.00121661086934,0.00878,-0.000593551734743,-0.000745157522832
0.107345,0.00121729830275,0.008566,-0.000589656524875,-0.000749268141031
0.107496,0.00121720249369,0.00813,-0.000586634175041,-0.000753614992619
0.107646,0.00121623373154,0.008025,-0.000584635854324,-0.000757113495168
0.107827,0.00121361559995,0.009333,-0.00058391139159,-0.00076019716167
0.108011,0.0012095006544,0.008993,-0.000585206025704,-0.000762135847765
0.108185,0.00120456955888,0.008055,-0.000588250054832,-0.000762995684176
0.108346,0.0011995585782,0.007122,-0.000592613421109,-0.000763009753522
0.108498,0.00119493754168,0.006515,-0.000598038163758,-0.000762410656589
0.10866,0.00119064803437,0.007306,-0.000605229176499,-0.000761224883911
0.108826,0.00118760576092,0.007995,-0.000614015054452,-0.00075958022444
0.108999,0.00118646807861,0.008884,-0.000624649636022,-0.000757572394307
0.109182,0.0011883102916,0.010101,-0.000637192137986,-0.000755364839722
0.109368,0.00119314198678,0.011329,-0.000650895826825,-0.000753257556505
0.109571,0.00120168012469,0.013254,-0.000666460102079,-0.00075684781877
0.10977,0.00121321526429,0.013394,-0.000681698950894,-0.00076372266549
0.109971,0.00122736873318,0.013513,-0.000696597261371,-0.000770356579255
0.110174,0.00124436306372,0.013468,-0.000710992067179,-0.000776856551559
0.110377,0.00126584302733,0.012957,-0.000723662711889,-0.000783226063147
0.110584,0.00129420722682,0.0124636,-0.000733045060287,-0.000789536393619
0.110801,0.00133451989634,0.0122701,-0.000737674829078,-0.000795724808707
0.111035,0.00139184383348,0.0122707,-0.000743103796813,-0.00080234610919
0.111295,0.00147486947559,0.0122535,-0.000749547486149,-0.000809004938137
0.11157,0.00158731878521,0.0125145,-0.000756111667434,-0.000814595183227
0.111846,0.00173801591768,0.0115279,-0.000762086410893,-0.000818979093343
0.112172,0.00193825933695,0.0113107,-0.000768892377097,-0.00082
0.112501,0.0021862144121,0.0092072,-0.000776256396179,-0.00082
0.112785,0.00240297608826,0.0072371,-0.000782791045177,-0.00082
0.113048,0.00255224871451,0.0067114,-0.000788763272416,-0.00082
0.113296,0.00268985166916,0.005574,-0.000793660475211,-0.00082
0.113527,0.00280318383446,0.0040173,-0.000797155197331,-0.00082
0.113751,0.00289250415087,0.00294608,-0.000798446381181,-0.00082
0.113962,0.00296364133778,0.0027822,-0.0007964146181,-0.00082
0.114143,0.00301006135077,0.0022949,-0.000794557071419,-0.00082
0.114305,0.00304189609942,0.00217165,-0.000792917501912,-0.00082
0.114464,0.00306363116844,0.00233959,-0.000791438699466,-0.00082
0.114623,0.00308176217191,0.00257102,-0.000790092608811,-0.00082
0.114789,0.00309683089934,0.0027988,-0.000788874952812,-0.00082
0.11496,0.00310895467964,0.0032053,-0.000787863548429,-0.00082
0.115138,0.00311811662891,0.0036672,-0.000787151517269,-0.00082
0.115321,0.00312467647627,0.0040497,-0.000786815384375,-0.00082
0.115505,0.00312934270596,0.0043613,-0.000786814052805,-0.00082
0.115682,0.00312860636191,0.0043528,-0.000787012056048,-0.00082
0.115847,0.00312921183233,0.0041886,-0.000787221408154,-0.00082
0.11602,0.00313050536541,0.0045244,-0.000783189895659,-0.00082
0.116201,0.00313484916014,0.0048428,-0.000778832218681,-0.00082
0.116385,0.00314052038086,0.0050023,-0.000774284234123,-0.00082
0.116573,0.00314858133853,0.0051783,-0.000769951412031,-0.00082
0.116758,0.0031589579879,0.0054309,-0.00076616522404,-0.00082
0.116947,0.00317455543365,0.0058909,-0.00076268979884,-0.00082
0.117139,0.00319364708909,0.0061795,-0.000759449376661,-0.00082
0.117336,0.00321569812522,0.0064357,-0.000756332555957,-0.00082
0.11754,0.003238972677,0.0069722,-0.000753243460198,-0.00082
0.117756,0.00325772086638,0.0075878,-0.000750067792214,-0.00082
0.117985,0.00327466269906,0.0082179,-0.000744499453417,-0.000819944023553
0.118232,0.00329039353923,0.0090019,-0.000737438055908,-0.000819300830784
0.118517,0.00329359845597,0.0103422,-0.00072926704545,-0.000818337925523
0.118849,0.00328132461261,0.0116705,-0.000720729855652,-0.000816708174664
0.119237,0.0032504791629,0.012181,-0.000712575491789,-0.000814175135157
0.119635,0.00320456079874,0.0108921,-0.000705712325989,-0.000810351603978
0.120072,0.00313787566724,0.0109146,-0.000700169765432,-0.000803992291601
0.120471,0.00306380000098,0.0090752,-0.000696112934936,-0.000797214882968
0.120856,0.00298207668494,0.0096414,-0.000692505084119,-0.000790927239227
0.121211,0.00289773754195,0.0110167,-0.000689861418812,-0.000786762384666
0.121519,0.00281962045721,0.0111966,-0.000687798207538,-0.000781364583195
0.121816,0.00274184120398,0.0116111,-0.00068564605107,-0.000778074114905
0.122123,0.00266141158106,0.011951,-0.000683715050409,-0.000774708295921
0.122426,0.00258547250226,0.0114019,-0.000683202889994,-0.000770661658712
0.122715,0.00251634222548,0.010334,-0.000684900174597,-0.000766212061087
0.12292,0.00246843785784,0.007004,-0.000687728542247,-0.000762757937784
0.12305,0.00243900797686,0.004209,-0.00069019048314,-0.000760781466588
0.123153,0.00241615133192,0.003235,-0.000692475523247,-0.000759720105346
0.123254,0.00239401742682,0.003073,-0.000692750258761,-0.000758614780594
0.123363,0.0023708979588,0.00315,-0.00068929079412,-0.000757337873805
0.123481,0.00234664584027,0.003186,-0.000685765993893,-0.000755850154284
0.123603,0.00232185045711,0.003333,-0.000682299975006,-0.000754167114534
0.123721,0.0022982819028,0.003289,-0.000679111670457,-0.000752407717463
0.12384,0.00227506933807,0.003308,-0.000676041469026,-0.000750507509703
0.123965,0.00225138467431,0.003422,-0.00067293105624,-0.00074897458187
0.124098,0.00222663201092,0.003537,-0.000669706367848,-0.000747048156022
0.124215,0.00220542033265,0.0030028,-0.000666909512078,-0.000744953677532
0.124336,0.00218349137521,0.0033657,-0.000664001237852,-0.000742368128026
0.124457,0.00216117885135,0.0036559,-0.000661042804306,-0.000739315512742
0.124576,0.0021389413986,0.0038908,-0.000658053446632,-0.000738587982045
0.124684,0.00211822867087,0.003853,-0.000655213746655,-0.000738590756576
0.124792,0.00209690877,0.004144,-0.00065225883155,-0.000738475004505
0.124917,0.00207174675237,0.005141,-0.000648704061896,-0.000738176369647
0.125041,0.00204669253752,0.005519,-0.000645033076583,-0.000737687637506
0.125163,0.00202126819333,0.005846,-0.00064123019208,-0.000737007493847
0.125279,0.0019966579033,0.005857,-0.000637431223171,-0.000736260491231
0.1254,0.00197063128841,0.006369,-0.000633239974757,-0.00073586559182
0.125525,0.00194348236921,0.006826,-0.000628595800946,-0.000735044596644
0.125644,0.00191714326048,0.006774,-0.0006237876959,-0.000733870286648
0.125754,0.00189277280375,0.006488,-0.000619023921968,-0.000732456040839
0.125865,0.00186797997563,0.00686,-0.000613872542456,-0.000730709288893
0.125987,0.00184048474978,0.007907,-0.000607774420947,-0.000728397636504
0.126107,0.00181332922565,0.008063,-0.000601367954402,-0.000725713266301
0.126228,0.0017857695163,0.008395,-0.000594485702592,-0.000722575992356
0.12635,0.00175795364722,0.008639,-0.000587175155388,-0.000719015939763
0.126475,0.00172961207569,0.008947,-0.000579357095184,-0.00071500470958
0.126599,0.00170149083754,0.008941,-0.000571288357951,-0.00071069095261
0.12673,0.00167199098602,0.009433,-0.000562502999252,-0.000705897513009
0.126864,0.00164225796436,0.009544,-0.000549687559003,-0.000701131771301
0.126999,0.00161223230688,0.009629,-0.000535547034207,-0.000695954280557
0.127134,0.00158292192797,0.009377,-0.000521419560425,-0.000690536909799
0.127274,0.00155301698811,0.009442,-0.000506824205741,-0.000684630883821
0.127421,0.00152202537118,0.009382,-0.000491939382399,-0.000678129936915
0.127599,0.00148567704726,0.010182,-0.000475336459934,-0.000669910692632
0.127778,0.00145048796989,0.00995,-0.000460812373992,-0.000661138630645
0.127952,0.00141800937524,0.00982,-0.000449223003488,-0.000652002959172
0.128133,0.00138592011973,0.010091,-0.000440094236501,-0.000645340834519
0.128321,0.00135465334065,0.010199,-0.000433901258755,-0.000640092674338
0.128509,0.00132479864829,0.010538,-0.000430906436801,-0.000635318428923
0.128684,0.00129783267203,0.010238,-0.000427737222824,-0.000631573489697
0.128858,0.0012721626622,0.010741,-0.000418882409354,-0.000628589563478
0.129034,0.00124740842118,0.011394,-0.000411196854264,-0.000626465607812
0.12921,0.00122449523647,0.011723,-0.000404969101636,-0.00062526154265
0.129383,0.00120334442168,0.011683,-0.000400439892672,-0.000624654664955
0.129548,0.00118451898166,0.011086,-0.000397867470518,-0.000624345292874
0.129717,0.00116672112096,0.011042,-0.000398213584235,-0.000636871953151
0.129886,0.00115075446926,0.010937,-0.000402187546701,-0.000648719640528
0.130054,0.00113634073985,0.010577,-0.00040929726874,-0.000659673479537
0.130213,0.00112409687545,0.010321,-0.000418436726747,-0.000669111269769
0.13036,0.0011140431626,0.009792,-0.000428680962201,-0.000676983362126
0.130513,0.00110517175286,0.010142,-0.000440796154358,-0.000684213294294
0.130668,0.00109801878089,0.010108,-0.000439344031861,-0.000690607264012
0.130827,0.00109306178857,0.009727,-0.000434915129694,-0.000696070559877
0.130987,0.0010909798782,0.009619,-0.000432521289175,-0.000700643482126
0.131145,0.00109158455,0.010351,-0.000433296023616,-0.000704443846094
0.131306,0.00109444023238,0.011267,-0.000437870765243,-0.000707803643069
0.131472,0.00109900331639,0.01227,-0.00044636643386,-0.000711003644611
0.131648,0.00110530809115,0.013505,-0.000459102316144,-0.000714779272799
0.131818,0.0011125153921,0.013091,-0.000474215491001,-0.000719617569876
0.131979,0.00112023781002,0.012143,-0.000490187896124,-0.0007236166299
0.132132,0.00112819819735,0.011214,-0.00050477064906,-0.00072696339614
0.132264,0.00113531440172,0.009258,-0.000509973968059,-0.00072954937024
0.132387,0.00114194490322,0.008155,-0.000514621900407,-0.000731763759336
0.132513,0.00114852239991,0.007881,-0.000519230222514,-0.000733906532481
0.132647,0.00115485349601,0.007902,-0.000524095641169,-0.000736078679076
0.132785,0.00116079583551,0.008161,-0.00052926665863,-0.000738831877306
0.132923,0.00116615354008,0.008118,-0.000534591180725,-0.000742511664886
0.133058,0.00117079666682,0.008137,-0.000539959352157,-0.000746000242906
0.133189,0.00117449612606,0.008013,-0.000545258098754,-0.000749259045827
0.133318,0.00117727377712,0.007774,-0.000550435108438,-0.000752270596378
0.133444,0.00117919617872,0.00744,-0.000555487369396,-0.000755030112719
0.133568,0.00118032477429,0.00716,-0.000560518572346,-0.000757588822218
0.133696,0.00118074982959,0.007042,-0.000565697576007,-0.000760029103428
0.133829,0.00118058364116,0.0069378,-0.000571066847429,-0.000762377970403
0.133966,0.00117998779768,0.006738,-0.000576537209526,-0.000764621545604
0.134108,0.00117920489322,0.00639,-0.000581935483871,-0.00076671382412
0.134251,0.00117829307956,0.007012,-0.000587084579925,-0.000768616705587
0.134396,0.00117723369374,0.00759,-0.000587715580354,-0.000770310646673
0.134542,0.00117582332474,0.00792,-0.000586177967409,-0.000771778638282
0.134689,0.00117413125193,0.008078,-0.000585177531767,-0.00077302238441
0.134841,0.00117246834281,0.008217,-0.00058504318247,-0.000774063177272
0.134997,0.00117122268106,0.008241,-0.000586065547011,-0.000774905294812
0.135142,0.00117085662866,0.00737,-0.000588232517572,-0.000775499763897
0.135279,0.00117134329742,0.006632,-0.000591422740316,-0.000777612444294
0.135409,0.00117283275814,0.006551,-0.000595568349136,-0.000779658681615
0.135543,0.0011757220644,0.007184,-0.000600954705228,-0.000781597923839
0.135716,0.00118179896179,0.009745,-0.000609506179821,-0.000783878433243
0.135971,0.00119592134001,0.015169,-0.000625161074739,-0.000786919500307
0.136236,0.00121843280961,0.016417,-0.00064461277009,-0.000789850731413
0.136502,0.00124966868118,0.018093,-0.000666004492257,-0.000792671976589
0.136773,0.00129102625791,0.019486,-0.000688038087764,-0.000797672855546
0.137043,0.0013412345325,0.019163,-0.000708755380209,-0.000804092428135
0.137315,0.00140111179093,0.017965,-0.000725775446381,-0.000809370349297
0.137601,0.00147511125015,0.0168843,-0.000740202147269,-0.000813388871655
0.13788,0.00155680096743,0.0143201,-0.000749068100444,-0.000816077047407
0.138143,0.00163849335466,0.0115947,-0.000756531537292,-0.000817558896111
0.138418,0.00172461022649,0.0107753,-0.000763888192748,-0.000818201395137
0.138727,0.00182069839086,0.0107058,-0.000767354891357,-0.000817839534952
0.139088,0.00193001962432,0.010537,-0.000770959064039,-0.000815146180694
0.139445,0.00204082693853,0.007666,-0.000774143366852,-0.000811848814295
0.139776,0.0021429518988,0.0055554,-0.000773436968636,-0.000813954528393
0.140111,0.00224266609423,0.0069402,-0.000771550965249,-0.000816114026462
0.140432,0.0023299078643,0.0078597,-0.000769107572102,-0.000817009755475
0.140748,0.00240003547199,0.0084428,-0.000766361198505,-0.000817270058645
0.141064,0.00245586895456,0.0086976,-0.000762327621399,-0.000817045742347
0.141392,0.002503412513,0.008754,-0.000757890113635,-0.000816492326711
0.141668,0.00253893525502,0.0076045,-0.000755051601665,-0.000817376992505
0.141964,0.00257571866133,0.0079951,-0.000747985239984,-0.000819207556907
0.14228,0.00261413314104,0.0079799,-0.000740174105337,-0.00082
0.142603,0.00264940587087,0.007497,-0.000732709991166,-0.00082
0.142912,0.00268305378353,0.0065004,-0.000726137146296,-0.00082
0.143168,0.0027104277662,0.004681,-0.000721344687315,-0.00082
0.14337,0.00273014229544,0.0037628,-0.000718101653908,-0.00082
0.143596,0.00274396844482,0.0048078,-0.000715144508671,-0.00082
0.143829,0.00275367768828,0.0053616,-0.000712941421203,-0.00082
0.144047,0.0027634777672,0.0049749,-0.000711791284347,-0.00082
0.144275,0.00277426595585,0.0047587,-0.000711578995041,-0.00082
0.144512,0.00278585893453,0.0041074,-0.000712501012331,-0.000819994871721
0.144765,0.00279781477556,0.0040576,-0.000714718720133,-0.000819261897914
0.14505,0.00280826774658,0.0055004,-0.00071843941582,-0.000817259203585
0.145389,0.00281460038678,0.0075044,-0.000724076218262,-0.000814194155494
0.145761,0.00281311817527,0.008346,-0.00073126845293,-0.000812256058106
0.146124,0.00280004494492,0.00834,-0.000738834353226,-0.00081033078608
0.146478,0.00277116430631,0.0083278,-0.000741932717456,-0.000807284517859
0.146846,0.00272130944756,0.0093338,-0.000733531518296,-0.000803250534933
0.147184,0.00266159749718,0.0092443,-0.000725465481341,-0.000800667400434
0.147493,0.00260006994906,0.0087397,-0.000717797871288,-0.000799000753412
0.147801,0.00253518164332,0.0098159,-0.000709852911984,-0.000796036934706
0.148098,0.00247044603667,0.0103687,-0.000701724778704,-0.000792181024653
0.148395,0.0024049989456,0.0111231,-0.000693097007902,-0.000787377556919
0.148692,0.0023408861649,0.011556,-0.000684433827043,-0.000781726314943
0.148933,0.00229046422494,0.009135,-0.000677835364244,-0.000777823262391
0.149061,0.0022646737203,0.004608,-0.000674634261772,-0.000778017486472
0.149183,0.00223985860158,0.004401,-0.000671783478448,-0.000778103377563
0.149305,0.00221547099255,0.004311,-0.000669052639556,-0.00077804684358
0.149428,0.0021907868487,0.004213,-0.000666396527323,-0.000777817641912
0.149554,0.00216564218638,0.004135,-0.000663987297552,-0.000777373573944
0.149681,0.00214041100213,0.003971,-0.000661834561209,-0.000776668530199
0.149799,0.00211732910658,0.0037513,-0.000660060087047,-0.000775794779505
0.149923,0.00209315371285,0.0040444,-0.000658397857713,-0.000774666565922
0.15005,0.00206891732278,0.0041686,-0.000656948055295,-0.000773307550995
0.150173,0.00204578733033,0.0040992,-0.000655797647996,-0.000771791416064
0.15028,0.00202617947551,0.0035925,-0.000655024480245,-0.000770335642716
0.150386,0.00200678251179,0.0036794,-0.000654463351257,-0.000768731883069
0.150495,0.00198722904364,0.0038337,-0.000654129211592,-0.000766925076969
0.150608,0.00196707899112,0.004053,-0.000654053346928,-0.000764856508485
0.150722,0.00194714965831,0.004151,-0.000652279057666,-0.000762563347716
0.150832,0.0019280680267,0.004096,-0.000650504341111,-0.000760153453822
0.150932,0.00191105695988,0.003785,-0.000648971227534,-0.000757817230234
0.151034,0.00189413269378,0.003925,-0.000647458585604,-0.000755284379429
0.151142,0.00187661548618,0.004165,-0.000645909986362,-0.000752481593464
0.151253,0.00185856400422,0.004367,-0.000644321487592,-0.000749423795023
0.151367,0.00184021689977,0.004466,-0.000642707284858,-0.000746182665307
0.151483,0.0018215817113,0.00459,-0.000641052549509,-0.000742750496469
0.151601,0.00180269550819,0.004702,-0.000639373998611,-0.00073941650976
0.151722,0.00178352523728,0.00485,-0.000637679995893,-0.000736601901102
0.151844,0.00176389614626,0.005047,-0.000635981477083,-0.000733629809233
0.151969,0.00174358531759,0.005296,-0.000634275958412,-0.000730471771183
0.152097,0.00172298828235,0.005588,-0.000632541118451,-0.000727087408041
0.152226,0.0017023578615,0.005881,-0.000630733207708,-0.000723451720819
0.152369,0.00167969269253,0.006762,-0.00062859704843,-0.000719165903984
0.152523,0.00165515367552,0.007634,-0.000621181680156,-0.000714195340267
0.152674,0.00163116036858,0.00776,-0.000612821096751,-0.000709011244528
0.152828,0.00160677781704,0.008111,-0.000604509183667,-0.000703474714388
0.152986,0.00158198262788,0.008495,-0.000596361928592,-0.000700349618697
0.15315,0.00155668281848,0.009098,-0.000588398423624,-0.000698196561269
0.153317,0.00153143649559,0.009285,-0.000580922869479,-0.000695645512358
0.153488,0.00150605662137,0.009186,-0.000572571032842,-0.000692683505025
0.153665,0.00148061840352,0.008652,-0.0005618229607,-0.000689339290807
0.153841,0.00145590536656,0.007957,-0.000551984884551,-0.00068575044745
0.154014,0.00143244394241,0.007315,-0.000543561552985,-0.000682051598372
0.154182,0.00140976088765,0.006671,-0.000536866428013,-0.000678745586436
0.154348,0.00138737816907,0.006252,-0.000532237693369,-0.000676119652815
0.154512,0.00136465892215,0.006287,-0.000529977853704,-0.000673350583703
0.154676,0.00134094392079,0.006356,-0.000531174151917,-0.000670391319874
0.154865,0.00131274157206,0.007282,-0.000536655655649,-0.000666690057758
0.155064,0.00128293952732,0.007434,-0.000545988379462,-0.000662376840346
0.15525,0.00125580104845,0.007676,-0.000555122921865,-0.000657947606307
0.155437,0.00122953339068,0.008815,-0.000555275043918,-0.000653200251754
0.155628,0.00120369581929,0.009542,-0.000551857830245,-0.000648272459001
0.155812,0.00117995684429,0.009465,-0.000546598146817,-0.000645340834519
0.155979,0.0011600040561,0.009108,-0.000539615402164,-0.000645115163986
0.156153,0.0011409674925,0.010186,-0.000533043724773,-0.000648877795841
0.156324,0.00112441179002,0.010452,-0.000527524674567,-0.000654279720969
0.156492,0.00111041168848,0.010331,-0.000523206559119,-0.000659914852115
0.156658,0.00109856633607,0.010197,-0.000520061405414,-0.000665791574048
0.156822,0.00108892043917,0.01003,-0.000518192193038,-0.000673463383585
0.156983,0.00108115299813,0.009664,-0.000518170706848,-0.000682261943694
0.157146,0.00107473499348,0.009448,-0.000519799784703,-0.000692448150425
0.157309,0.00106956467517,0.009082,-0.000522888577672,-0.000702121846385
0.157498,0.00106491013067,0.00996,-0.000528073777661,-0.000712685615545
0.157696,0.00106188912923,0.010032,-0.00053533129284,-0.000723087891617
0.157881,0.00106071342889,0.0088954,-0.000543681757532,-0.000732118324883
0.158063,0.00106080956095,0.0081518,-0.000545107539803,-0.000740239073062
0.158251,0.0010623041558,0.008602,-0.000547338289398,-0.000747692776447
0.158448,0.00106560428736,0.010038,-0.000550655121382,-0.000754350811044
0.158631,0.00107029492142,0.010069,-0.000554739557346,-0.000759559333004
0.158809,0.00107572473786,0.010071,-0.000559557071104,-0.000763731842281
0.158982,0.00108157969548,0.009798,-0.000564938413393,-0.000767028620473
0.159157,0.00108768809469,0.0098,-0.000571015287785,-0.000769704306425
0.159343,0.00109399448142,0.010057,-0.000578057681599,-0.000771883699094
0.159557,0.00110058600809,0.010858,-0.000583788963883,-0.000773683972984
0.159783,0.00110664502241,0.010149,-0.000583647456509,-0.000774951929701
0.159987,0.00111157764883,0.007692,-0.000583542662195,-0.000775668525085
0.160159,0.00111524673223,0.005991,-0.000583635208896,-0.000775971528365
0.160336,0.00111833724299,0.006063,-0.000583884187886,-0.000775991557162
0.16052,0.00112075198766,0.006034,-0.000584210539869,-0.000775720087984
0.160722,0.00112253473522,0.006205,-0.000584593745817,-0.000776968017087
0.16097,0.00112356972967,0.006632,-0.000585367462271,-0.00078011609062
0.161235,0.00112414019728,0.005674,-0.000587487318506,-0.0007832050255
0.161504,0.00112596081357,0.005689,-0.000591824847375,-0.000785933330306
0.161779,0.00113102851865,0.006371,-0.000598842537631,-0.000788230885938
0.162062,0.00114019745679,0.008448,-0.000608820657792,-0.00078993956796
0.162349,0.00115315635755,0.011208,-0.000621946939571,-0.00079092715131
0.16265,0.00116948845592,0.01377,-0.000638475728914,-0.000791001171515
0.16296,0.00118803081782,0.015417,-0.000656201481936,-0.000789772014476
0.163297,0.0012094320244,0.017552,-0.000674207885575,-0.000786883111438
0.163676,0.00123468199371,0.021858,-0.000695378983104,-0.000782046810554
0.164043,0.00126328448231,0.0214638,-0.000715928269495,-0.000780388410255
0.164416,0.00129739735673,0.0204074,-0.000727571951072,-0.000782678927613
0.164759,0.00133453456489,0.0166385,-0.00073701256518,-0.000785078865432
0.165113,0.00138111653013,0.0150531,-0.000744185029053,-0.000789710211908
0.165474,0.00144100231109,0.0130206,-0.000735562731493,-0.000793096238838
0.165841,0.00151856212362,0.0109233,-0.000728522272292,-0.00079988719539
0.16621,0.00161554481275,0.0087232,-0.000723406642172,-0.00080588247752
0.166581,0.00172333237431,0.0063536,-0.000719960415858,-0.000810510054379
0.166921,0.00181985321497,0.0034461,-0.000718907314487,-0.000813104001594
0.167181,0.00188600867248,0.0034191,-0.00071973429011,-0.00081395432868
0.167483,0.00194949581381,0.0045913,-0.000722022416565,-0.000814466390428
0.167776,0.00199740713351,0.004651,-0.000725335927112,-0.000814506688721
0.168049,0.00203018436902,0.0042696,-0.000729006103437,-0.000814043324349
0.168313,0.00205386951267,0.003958,-0.00073270908768,-0.000813322220902
0.168574,0.0020731698917,0.003971,-0.000736346938418,-0.000812712615708
0.168819,0.00208993837592,0.004396,-0.000739730237459,-0.0008122218154
0.169064,0.00210742015046,0.0049662,-0.000741842613691,-0.000811819866054
0.169316,0.00212657323548,0.0053395,-0.000743193843885,-0.000812414015835
0.169568,0.00214713128385,0.0053662,-0.000744586971631,-0.000812501965838
0.169812,0.00216804748272,0.0049599,-0.000743997286642,-0.000812055725658
0.170052,0.00218898970536,0.0044959,-0.000740533482367,-0.000811170646665
0.170294,0.00220950763378,0.0039807,-0.000737061187428,-0.000810144805683
0.170539,0.00222855228138,0.0034282,-0.000733658360709,-0.000809543977356
0.170788,0.00224579457473,0.0035962,-0.000730331925677,-0.000808600852569
0.171048,0.0022618955326,0.0045654,-0.000727055900013,-0.000807242572591
0.171331,0.00227697947118,0.0060419,-0.000723817308702,-0.000805307746962
0.171636,0.00228977744112,0.0073211,-0.000720781380666,-0.000802578877155
0.171959,0.00229769622351,0.0078232,-0.000718189744524,-0.000798946582646
0.172307,0.00229882988939,0.0082094,-0.000716094855764,-0.000795249050608
0.172628,0.00229236105075,0.0074472,-0.000715027664569,-0.000794623139243
0.172953,0.00227731474784,0.0074989,-0.000715294693432,-0.000792910501379
0.173283,0.00225370489981,0.0082298,-0.000717185550976,-0.000789966708757
0.173602,0.00222331986517,0.0084037,-0.00071957211328,-0.000786004310387
0.173923,0.00218555386123,0.0085521,-0.000715674109745,-0.000781240760484
0.17422,0.00214481753185,0.007772,-0.000708773358741,-0.000776421588028
0.174498,0.00210292573442,0.0075327,-0.00070127149631,-0.00077155997881
0.174757,0.00206161252548,0.0077171,-0.000694775745546,-0.000766740701306
0.175001,0.002022085588,0.007293,-0.000689266543922,-0.000762030200234
0.175235,0.00198493926458,0.0067214,-0.000684621979054,-0.000758100629665
0.17542,0.00195685972246,0.005273,-0.000681389751054,-0.00075534088451
0.175549,0.00193757457288,0.0037017,-0.000679301923974,-0.000753417091632
0.175666,0.00192040514704,0.0032894,-0.000677553037283,-0.000751705522148
0.175775,0.00190435350316,0.0029445,-0.000676015404944,-0.000750115308437
0.175896,0.00188690909213,0.003021,-0.000674451250386,-0.000748407144355
0.176021,0.0018690599757,0.002919,-0.000672951585075,-0.00074668345666
0.176147,0.0018514815545,0.002733,-0.000671557067271,-0.000745377672998
0.176272,0.00183452993172,0.002655,-0.000670277801758,-0.000744085979776
0.176408,0.00181650082341,0.0029098,-0.000668712214536,-0.000742924433527
0.17658,0.0017945193033,0.0036791,-0.000666257789938,-0.000742330099277
0.176774,0.00177040743435,0.0041946,-0.000664062802749,-0.000741445883154
0.176951,0.00174883627531,0.003812,-0.000662590088587,-0.000740475069831
0.177078,0.00173364723993,0.002696,-0.000661769213884,-0.00073970789913
0.177192,0.00171991942053,0.002409,-0.000661128114036,-0.000738967339654
0.177313,0.00170503390635,0.002514,-0.000660509573922,-0.000738113781965
0.177422,0.00169173773265,0.002175,-0.000659973419767,-0.000737354798236
0.177526,0.00167894620078,0.002033,-0.000659440196016,-0.000736491909471
0.177632,0.00166573197156,0.002014,-0.000658852392325,-0.000735471444695
0.177738,0.00165229445419,0.001975,-0.000658210988853,-0.000734434771584
0.17785,0.00163761822125,0.002159,-0.000657449851,-0.000733221877769
0.17796,0.001623014316,0.002158,-0.000656625033129,-0.000731919959167
0.178076,0.00160718994249,0.002337,-0.00065567241578,-0.000730405889733
0.178198,0.00159034818164,0.00254,-0.000654592443847,-0.000728635732148
0.178329,0.00157226947215,0.002819,-0.000653378348949,-0.000726530106631
0.178465,0.00155346704021,0.003076,-0.000652085090798,-0.000724085425789
0.178591,0.00153639052267,0.002987,-0.000650907757499,-0.000721607053258
0.178716,0.0015194460619,0.003135,-0.000649775448469,-0.000718942491191
0.178844,0.00150219329703,0.003372,-0.000648696871592,-0.000716495457934
0.178976,0.00148441888082,0.003656,-0.000647696403505,-0.000714620566219
0.179117,0.00146595709918,0.004068,-0.00064679617883,-0.000712324731596
0.179263,0.00144727686134,0.004467,-0.000646053377358,-0.000709630234748
0.179416,0.00142823807169,0.004925,-0.00064549645132,-0.000706529150473
0.179587,0.00140746887704,0.00577,-0.00064515258169,-0.000702773595818
0.1798,0.00138194785442,0.007481,-0.000644857992022,-0.000698950982822
0.180023,0.00135628312696,0.008116,-0.00063869708511,-0.000699780745456
0.180242,0.00133235831552,0.008309,-0.000629166826921,-0.00070026454699
0.180407,0.00131496454999,0.00647,-0.000621267750167,-0.000700452976244
0.180574,0.00129766990498,0.006717,-0.000613007634812,-0.000700542319131
0.180717,0.00128319106733,0.005817,-0.000605800798099,-0.000700541242812
0.18086,0.0012686080208,0.005868,-0.000598494745479,-0.000700460511843
0.181012,0.00125308742976,0.006167,-0.000590784096958,-0.000700266700894
0.18117,0.00123682227637,0.006252,-0.000582906645765,-0.000699913328595
0.181346,0.00121849369419,0.006597,-0.000574435283187,-0.000699309395434
0.181539,0.00119801931872,0.006633,-0.000565549771286,-0.000698384739402
0.181775,0.0011728748701,0.007498,-0.000555431426829,-0.000696942284868
0.182006,0.00114861819878,0.006981,-0.000546418788259,-0.000700420679453
0.182235,0.00112510115853,0.006554,-0.00053864883015,-0.000706328267595
0.182452,0.00110386553425,0.006449,-0.000532690950044,-0.000711836462112
0.182647,0.001086083138,0.005976,-0.000528557564586,-0.000716606732438
0.182859,0.00106807397665,0.006797,-0.000525628824705,-0.000721492865328
0.183065,0.00105188325332,0.006871,-0.000525154610022,-0.00072589061009
0.183267,0.00103721751724,0.006724,-0.000527017328597,-0.000729847885833
0.183461,0.00102427862681,0.0062134,-0.000531160657298,-0.000733311112821
0.183635,0.00101384437324,0.0051892,-0.000536807063664,-0.000736076287634
0.183801,0.0010048769992,0.005121,-0.00054372133131,-0.000739084549047
0.183967,0.000996695206013,0.005698,-0.000551931467605,-0.000743285245729
0.184149,0.000988683888396,0.00696,-0.000555665199729,-0.000747400412555
0.184332,0.000981196299459,0.007618,-0.000554153218278,-0.000750999612634
0.184519,0.000974395296391,0.008003,-0.0005533920455,-0.000753993393848
0.184718,0.000968332609695,0.008639,-0.0005536425301,-0.000756390355465
0.184934,0.000963655071972,0.009897,-0.00055549023809,-0.000758032049855
0.185167,0.000960982952555,0.011147,-0.000559427507422,-0.000758724661319
0.185381,0.000959759904127,0.010229,-0.000561266958802,-0.00075833114278
0.185569,0.000959192409573,0.008853,-0.000561930690661,-0.000757169101521
0.185762,0.000958921177558,0.008813,-0.000564007363989,-0.000755239131981
0.185994,0.000958493662678,0.010132,-0.000568100371635,-0.000752047095289
0.186224,0.000957890101107,0.009522,-0.000573472068674,-0.000748084108104
0.18644,0.000956890606844,0.008641,-0.000579560098492,-0.000743786937367
0.186646,0.000955276196668,0.007988,-0.000586291717853,-0.000739452906659
0.186852,0.000952784202315,0.007698,-0.000593772034582,-0.000737990564981
0.187053,0.000949623524992,0.007183,-0.000598469610811,-0.000736597919972
0.187252,0.000945981411166,0.006767,-0.000601926765199,-0.000736940069529
0.187452,0.000942061910466,0.006728,-0.000606102015471,-0.00074112251163
0.187653,0.000938211687659,0.007137,-0.000611074649789,-0.000744550792991
0.187856,0.000935044132815,0.007233,-0.00061687360022,-0.000747325591016
0.188062,0.000933138134538,0.007119,-0.000623640327664,-0.000749632280303
0.188282,0.000933297713283,0.007136,-0.000631717326723,-0.000751635559105
0.188519,0.000936765085198,0.007817,-0.000641316557075,-0.000753358327257
0.188762,0.000944322088539,0.008629,-0.00065170288414,-0.000757063300855
0.189009,0.000956218888009,0.00906,-0.00066237800589,-0.000762224181161
0.18926,0.000972161150741,0.009194,-0.000671810915033,-0.000767131117361
0.189496,0.000989913753592,0.008394,-0.000678716287663,-0.000771282864258
0.189754,0.00101125042845,0.008833,-0.000687026898247,-0.00077514015212
0.190022,0.00103391022851,0.008751,-0.000689663209913,-0.000778183273525
0.190298,0.00105657119729,0.009235,-0.000692182004173,-0.00078012781266
0.19058,0.00107807253166,0.00946,-0.000695620497642,-0.000780731156051
0.190869,0.00109846995024,0.009031,-0.000699750558703,-0.000779979640591
0.191158,0.00111766507995,0.0086275,-0.000704156628225,-0.00077802999067
0.191442,0.0011355917217,0.0077903,-0.00070878499154,-0.000775086239285
0.19172,0.00115221287832,0.0069679,-0.0007137006675,-0.000774438121034
0.192001,0.00116818756555,0.0063881,-0.000718996285659,-0.000774344095688
0.192311,0.00118637708908,0.0061092,-0.000724934790444,-0.000777019697525
0.192636,0.00120797196109,0.0063995,-0.000730820692877,-0.000780950711942
0.192974,0.00123492479888,0.0062257,-0.000736277821831,-0.000783963607179
0.193319,0.00126654842568,0.0060893,-0.000734820629877,-0.000785793826298
0.193672,0.00129938744322,0.0057157,-0.000730054327086,-0.000786225002613
0.194018,0.00132944315177,0.0047865,-0.000726869856683,-0.000785253797601
0.194355,0.00135472053857,0.0045653,-0.000724072125969,-0.000783411418347
0.194695,0.00137559969421,0.0049215,-0.000719383006982,-0.000781200557633
0.195016,0.0013911373401,0.0049314,-0.000714922270908,-0.000778926899199
0.195326,0.00140273467528,0.0046172,-0.000711013116842,-0.000778629765846
0.195679,0.00141297374282,0.004479,-0.000707326514201,-0.000780019777448
0.196046,0.00142179170099,0.0055243,-0.000704857812771,-0.000781563056643
0.196395,0.00142942751016,0.0064261,-0.00070387137136,-0.000783078061513
0.196753,0.00143672734037,0.0086934,-0.000703957928333,-0.000784260734153
0.197125,0.00144427899004,0.0104356,-0.000705039074526,-0.000784908320094
0.197483,0.00145172407452,0.0105213,-0.000704486540015,-0.000785361412588
0.19781,0.00145768458825,0.0097115,-0.000703134455058,-0.000785933419261
0.198162,0.0014627988074,0.010227,-0.000701386469543,-0.000786618710801
0.19853,0.00146644108234,0.010452,-0.000696357332161,-0.000787072388382
0.198897,0.00146768337402,0.009627,-0.000687350181294,-0.000787027761022
0.199265,0.00146614757909,0.008718,-0.000677710031521,-0.000786481118601
0.199632,0.00146139676482,0.00806,-0.000668521196009,-0.000785334333223
0.199963,0.00145418176723,0.006613,-0.000660849926146,-0.000783516635048
0.200233,0.00144563225727,0.004601,-0.000655501055935,-0.000781427784653
0.200577,0.00143111271101,0.005154,-0.000650558069382,-0.000778502709304
0.200881,0.00141602989306,0.004406,-0.000648494301865,-0.000776339636755
0.201188,0.00139922599912,0.004571,-0.000648453538188,-0.000773380278758
0.201503,0.00138117708087,0.0059281,-0.000649863928739,-0.000769345495032
0.201807,0.00136422857779,0.0068644,-0.000650199770656,-0.000764341574276
0.202101,0.00134886304226,0.007055,-0.000650918494859,-0.000761252005849
0.202368,0.00133564843243,0.0065379,-0.00065291753889,-0.000758537468769
0.202619,0.00132335489544,0.0060583,-0.000655711406584,-0.000755899152126
0.202779,0.00131592549348,0.00401,-0.000657825273512,-0.000754122326959
0.202913,0.00130932378404,0.003452,-0.000659020240484,-0.000752508681451
0.203035,0.00130311780496,0.003102,-0.000659729732314,-0.000750959709236
0.203157,0.00129664116736,0.003062,-0.000660391389479,-0.000749334124071
0.203281,0.00128980036234,0.003078,-0.000661021766745,-0.00074760110553
0.203408,0.00128258510745,0.003102,-0.000661630321824,-0.000745752703762
0.203538,0.00127501712261,0.003116,-0.000662220632337,-0.000743788308678
0.203672,0.0012671126951,0.003202,-0.000662789269273,-0.00074171746144
0.203806,0.0012589657214,0.003326,-0.000663321184402,-0.000739567517886
0.203939,0.00125078383544,0.003375,-0.000663797902356,-0.000737373179831
0.204073,0.00124233030973,0.003446,-0.000664223067367,-0.000735091433838
0.204209,0.00123350571585,0.003507,-0.000663087306211,-0.00073269302541
0.204343,0.00122445665931,0.003427,-0.000661494893277,-0.000730243213492
0.204473,0.00121535445099,0.003271,-0.000658797212905,-0.000727785108871
0.204611,0.00120554945628,0.003554,-0.000656083436125,-0.000725086916743
0.204759,0.00119492641467,0.003894,-0.000653339173082,-0.000722096402266
0.204911,0.00118388988065,0.004097,-0.000650696542022,-0.000718904210531
0.205068,0.00117233846162,0.004263,-0.000648277256653,-0.000715509456298
0.205225,0.0011607329861,0.004327,-0.000646119636531,-0.000711944660739
0.205381,0.00114928238689,0.004303,-0.000644164293461,-0.000708228406761
0.205544,0.00113765793505,0.004539,-0.000642219453314,-0.000704058357103
0.205708,0.0011266318081,0.004563,-0.000640381561672,-0.000700161147979
0.205859,0.00111680820635,0.004407,-0.00063879855827,-0.000698033196289
0.206014,0.00110704188123,0.004698,-0.000637350314795,-0.000697429011186
0.206192,0.00109622969343,0.005571,-0.000636008521684,-0.000697337991463
0.206379,0.00108507926219,0.006048,-0.000635045082033,-0.000697450679957
0.206578,0.00107350438096,0.006733,-0.000634490543919,-0.000697746359109
0.206783,0.0010619724309,0.007258,-0.000634266090209,-0.000698102443994
0.206992,0.00105047992822,0.007691,-0.000634190838796,-0.000698334998473
0.207204,0.00103903995542,0.0079,-0.00063405140888,-0.000698263621872
0.207421,0.00102779071935,0.007852,-0.000627324263711,-0.000697790749114
0.207645,0.00101650250628,0.00754,-0.000617805922742,-0.000696913000224
0.207876,0.00100507212919,0.006849,-0.000609003466412,-0.000695702062485
0.208096,0.000994163628365,0.006021,-0.000601557360026,-0.00069427100441
0.208288,0.000984589586799,0.004887,-0.000596045704828,-0.000692742598974
0.208469,0.0009755991591,0.004321,-0.000591639916438,-0.000690978649334
0.208649,0.00096699856526,0.003967,-0.000586295779915,-0.000688890507579
0.208831,0.000958588704104,0.00394,-0.000581324867375,-0.000686435120957
0.209016,0.00095041573389,0.004257,-0.000576879143902,-0.000683662632167
0.209196,0.00094267687575,0.004438,-0.000573789636695,-0.000685437189767
0.209377,0.00093533026489,0.004688,-0.000572251348033,-0.0006900782527
0.209559,0.000928640812437,0.004803,-0.000572251348033,-0.000694497823039
0.209751,0.000922571694808,0.005508,-0.000573883899957,-0.000698916422597
0.209958,0.000917337783285,0.006738,-0.00057734619058,-0.00070341267294
0.210164,0.00091335303817,0.00728,-0.000582331256691,-0.000707687056654
0.210382,0.000910236669559,0.007893,-0.000588906606507,-0.000711867978879
0.210606,0.000908085230412,0.007978,-0.000593344701882,-0.000715626178718
0.210831,0.000906569033876,0.007648,-0.000596642118067,-0.000718759335988
0.211058,0.000905445996754,0.007389,-0.000597359831652,-0.000721264404262
0.211283,0.000904869978181,0.007401,-0.000598218197387,-0.000723198608251
0.211512,0.000904885588379,0.007172,-0.00059966282926,-0.000724657974638
0.21175,0.00090527228898,0.007561,-0.000602150121188,-0.000725749963764
0.212002,0.000905736853311,0.008327,-0.000605946864801,-0.000726633889447
0.212243,0.000906004857832,0.008314,-0.000610669090197,-0.000727490721895
0.212487,0.00090567885512,0.008587,-0.000616555635434,-0.000728494916136
0.212752,0.000904416481147,0.009318,-0.000624346550866,-0.000733124701879
0.213033,0.000902330972682,0.009608,-0.000624350324822,-0.000738321250105
0.213321,0.000899436500083,0.009792,-0.000619224733634,-0.000743791051288
0.213599,0.000896031516801,0.009375,-0.000613821177077,-0.000748969159901
0.21387,0.000892396029091,0.008902,-0.000608336744951,-0.000753700163468
0.214142,0.000888903097639,0.008776,-0.0006029455382,-0.000758012507873
0.214433,0.000885966074491,0.009307,-0.000597817007918,-0.000762188755966
0.214725,0.000884150883951,0.009287,-0.000593962886093,-0.000766073956524
0.215026,0.000883736917183,0.009218,-0.00059238861783,-0.00076973090749
0.215336,0.000884973635864,0.008904,-0.000594317711435,-0.000772903937494
0.215648,0.000887921777511,0.008643,-0.000599921461386,-0.000775341786738
0.215961,0.000892286618728,0.0081577,-0.000608123835207,-0.000776924233736
0.216278,0.000897767366689,0.00748,-0.000617746029728,-0.000778214883596
0.216605,0.000903978529731,0.008411,-0.000628353730754,-0.00077925635528
0.21694,0.000909247332389,0.009012,-0.000627591826656,-0.000778988019018
0.217293,0.000912077297699,0.009721,-0.000627530574725,-0.000777124765024
0.217648,0.000911634762167,0.009365,-0.000629577865348,-0.000775832302567
0.218006,0.000908183277832,0.009093,-0.000633594597812,-0.000774654329229
0.21837,0.000902809634756,0.009195,-0.000639623028678,-0.000772391456087
0.218743,0.000895272378932,0.008745,-0.00064749102203,-0.000769294093237
0.219117,0.000884395642052,0.00817,-0.000657209618402,-0.000765661431796
0.219503,0.000869952228405,0.009294,-0.000668036408334,-0.000761466756248
0.219885,0.000853809080707,0.009832,-0.000679233261276,-0.000757135833605
0.220263,0.000837562089753,0.01035,-0.000686136737462,-0.000753249885101
0.220641,0.000822995174136,0.009656,-0.000689663209913,-0.000751011467302
0.220983,0.000813028105059,0.007937,-0.000693495947347,-0.000754733649805
0.221291,0.000807119020755,0.006851,-0.000697629409318,-0.000756970882761
0.221583,0.00080423499939,0.006265,-0.00070214437258,-0.000758331332376
0.221874,0.000803946385346,0.0058762,-0.000706882876732,-0.000759164005002
0.222175,0.000805529205852,0.0057026,-0.00071155061238,-0.000759608298701
0.222495,0.000809138059728,0.0055762,-0.000712411831048,-0.000759669639929
0.222832,0.000814795442799,0.0051225,-0.000710381211724,-0.000759325016325
0.223178,0.000822625656377,0.004287,-0.000707838613308,-0.000761249839923
0.223524,0.000832348055717,0.0040597,-0.00070553771467,-0.000762929739827
0.223875,0.000843108182478,0.0040452,-0.000703669342821,-0.000763984783829
0.224217,0.000854485279912,0.0053842,-0.000702262349262,-0.000764293601288
0.224553,0.000866396730453,0.0059686,-0.000700979101059,-0.000763910283285
0.224902,0.000878257442845,0.0065466,-0.000699584496906,-0.00076290046974
0.225271,0.000888999376534,0.0071604,-0.000698226847885,-0.000761436917778
0.225651,0.000897889556143,0.007671,-0.000697227443879,-0.000759630511073
0.226012,0.000904527005396,0.007436,-0.000696430083771,-0.000757509240862
0.226358,0.000909598771007,0.007134,-0.000695295185692,-0.000755740032314
0.226696,0.000913374969573,0.006714,-0.000689169530754,-0.00075425945069
0.227029,0.000915420864437,0.006342,-0.000682893542916,-0.000752682888771
0.22735,0.000915405797673,0.005894,-0.000676985624074,-0.000751184721395
0.22763,0.000913829248967,0.004803,-0.000672224561669,-0.000749819698322
0.227916,0.00091089827664,0.004625,-0.0006679073572,-0.000748243182519
0.228214,0.00090711541668,0.004719,-0.000664033763671,-0.000746365402828
0.228531,0.000902879930392,0.004966,-0.000659075394822,-0.000744083238971
0.228825,0.000899258248825,0.004687,-0.000654423076923,-0.000741697977057
0.229114,0.000896198445074,0.004741,-0.000650081475123,-0.000739514418641
0.229402,0.000893758365359,0.004777,-0.000646106385403,-0.000736959561959
0.22968,0.000891924141669,0.004505,-0.000642727904038,-0.000734067701205
0.229946,0.000890468789199,0.004205,-0.000639928043603,-0.00073153293182
0.230203,0.000888950485406,0.004265,-0.000637569717804,-0.000729486084849
0.230454,0.000887035931922,0.004213,-0.000635532569856,-0.000727234755429
0.230667,0.000885242554981,0.003645,-0.000634014385594,-0.000725083854296
0.230817,0.000884042088399,0.002724,-0.000633090389785,-0.000723415863165
0.230958,0.00088242648125,0.002636,-0.000632331891467,-0.000721729439418
0.23109,0.000880385543144,0.002472,-0.000631732204073,-0.000720081177227
0.231216,0.000877916661347,0.002381,-0.000631244742478,-0.000718433201579
0.231337,0.000875055739419,0.00228,-0.000630849962772,-0.000716805295985
0.231446,0.000871956401941,0.002066,-0.000630545597794,-0.000715290522292
0.231551,0.000868729858725,0.00198,-0.000630295757149,-0.000713808431958
0.231659,0.000865113108281,0.002044,-0.000630083108771,-0.000712683518193
0.231768,0.000861244830372,0.002072,-0.000629921386321,-0.000712675128695
0.2319,0.000856159541343,0.002509,-0.000629808149784,-0.000712442259531
0.232043,0.000850485274677,0.002706,-0.000629821839066,-0.000711918401255
0.232188,0.000844709723419,0.002746,-0.000630014694055,-0.000711139394791
0.232318,0.000839502700067,0.002475,-0.000630360404398,-0.000710273702352
0.232443,0.000834180594675,0.002413,-0.000630849962772,-0.000709314504733
0.23257,0.000828699572412,0.002475,-0.000631492873421,-0.000708244288167
0.232707,0.000822723842039,0.002686,-0.000632352941899,-0.00070700603374
0.232838,0.000817102748343,0.002591,-0.000633353679047,-0.000705761290617
0.232974,0.000811349095163,0.002693,-0.000634586707701,-0.000704423565117
0.233114,0.000805444018934,0.0028,-0.000636004833869,-0.00070298993057
0.233259,0.000799291865623,0.002911,-0.000637578295859,-0.000701438037169
0.233412,0.000792783868019,0.00308,-0.000639276305914,-0.000699710666092
0.233576,0.000785812498992,0.003311,-0.000641054983396,-0.000697734448884
0.233745,0.00077859927127,0.003468,-0.000642816435531,-0.000695482349038
0.233929,0.000770813255207,0.003779,-0.000644639351705,-0.000693188848412
0.234169,0.00076055515104,0.004911,-0.000643180098612,-0.00069077980754
0.234444,0.000749273837943,0.005296,-0.000636720990554,-0.000688409276849
0.234643,0.000741533938567,0.003345,-0.000632598052766,-0.000686809776942
0.234817,0.000734516478641,0.002913,-0.000629538021713,-0.000685403852378
0.235107,0.000722212785359,0.004527,-0.000625791181825,-0.000683154881719
0.235422,0.00070915911477,0.004826,-0.00062458802755,-0.000680841439393
0.23573,0.000696661359679,0.004207,-0.000626399207908,-0.000678620490749
0.236042,0.000684672819396,0.004474,-0.000630710847274,-0.000677769879146
0.236361,0.000673005772021,0.005209,-0.000627907968744,-0.00067926815666
0.236663,0.000662392292098,0.006489,-0.000623843105375,-0.000679944176266
0.236906,0.000654574848229,0.006377,-0.000621681442635,-0.000679759799427
0.237073,0.000649616949203,0.004835,-0.000620970240603,-0.000679298547349
0.237243,0.000644485278635,0.005118,-0.000620873987554,-0.000679505603079
0.237415,0.00063924926993,0.005302,-0.00062131077972,-0.000683590129384
0.23759,0.000634062927387,0.005382,-0.000622307035485,-0.000687983931826
0.237768,0.000628849085591,0.005364,-0.0006232168786,-0.000692609079933
0.237945,0.000623750039902,0.005336,-0.000621434785741,-0.000697303312659
0.238122,0.000618852447268,0.005417,-0.000620228876436,-0.000701887939082
0.238298,0.00061411219608,0.005492,-0.000619775923956,-0.000706319762709
0.238478,0.000609279532831,0.005562,-0.000620141362357,-0.000710581408001
0.238661,0.000604337786031,0.005553,-0.000620993034715,-0.000714639363262
0.238859,0.000599031624216,0.005739,-0.000618954000633,-0.000718667213474
0.239125,0.000591899812526,0.007042,-0.000614760350232,-0.000723396396406
0.239389,0.000585597527546,0.006463,-0.000610512722328,-0.000727204273665
0.239646,0.000580706032708,0.006572,-0.000606280576664,-0.000730028577542
0.239894,0.000577185469555,0.006424,-0.000602163256782,-0.000732005328378
0.240136,0.0005746744283,0.005886,-0.00059835847458,-0.000733333168217
0.240342,0.000573105385921,0.004498,-0.000595476551085,-0.00073412144473
0.240527,0.000571681258794,0.004143,-0.000593309965766,-0.000734672823039
0.240756,0.000569633183813,0.005127,-0.000591373125739,-0.000735308679024
0.240998,0.000567530981403,0.005391,-0.000590706225895,-0.000736079177291
0.241256,0.000565386704966,0.005604,-0.000591764550978,-0.000737033446542
0.241533,0.000563053294478,0.006094,-0.000594721599021,-0.000738158913418
0.241813,0.000560498729398,0.006659,-0.000599454246442,-0.000739442521974
0.242099,0.000557566206068,0.007246,-0.000606134604231,-0.00074103530037
0.242398,0.000553960773589,0.007861,-0.00060920694302,-0.000743066517134
0.242686,0.000550235043892,0.008235,-0.000608321169169,-0.000745254480356
0.242964,0.000546628711633,0.00909,-0.000608591082841,-0.000747419941828
0.243237,0.000543300696843,0.009681,-0.000610186911076,-0.000749422731072
0.243509,0.000540328392053,0.00978,-0.000612943318996,-0.000751204181763
0.243782,0.00053787316043,0.009202,-0.000616312878733,-0.000753186015506
0.244057,0.000536330505117,0.008177,-0.0006198228873,-0.00075484851334
0.244337,0.000535816091975,0.007225,-0.000623383275663,-0.000756104998103
0.244625,0.000535910075677,0.007177,-0.000627240464931,-0.000756816048616
0.244926,0.000536052357052,0.007285,-0.000631552406685,-0.000756791981678
0.245239,0.000536067796686,0.007142,-0.000636291173483,-0.000755879801487
0.245562,0.000536226986678,0.006514,-0.000641396826634,-0.000755211924008
0.245889,0.000537077125494,0.005853,-0.000646887597843,-0.000754564071278
0.246217,0.000538965076051,0.005643,-0.000652727388748,-0.000753340878586
0.246546,0.000541438888965,0.005102,-0.000658591703031,-0.000751880429646
0.246879,0.00054417812874,0.004792,-0.000663634010399,-0.000750364395828
0.247224,0.000547354620533,0.004482,-0.000666754749318,-0.000748800368131
0.247588,0.00055098814825,0.004102,-0.000669645512939,-0.000747091425453
0.247947,0.000555272342277,0.00391,-0.000672223419485,-0.000745268148408
0.248283,0.000559748163572,0.003489,-0.000674351189986,-0.000743450349463
0.2486,0.000563717432287,0.002714,-0.000676077729751,-0.00074176705424
0.248899,0.000567131694871,0.0028128,-0.000677843267015,-0.000740308572216
0.249182,0.000569590762209,0.0027563,-0.000679912702306,-0.000739088013388
0.249454,0.000571253959077,0.002806,-0.000682475551014,-0.000738051284804
0.249721,0.000572224942578,0.002781,-0.000682623119251,-0.000737133166582
0.249986,0.000572845755955,0.00304,-0.000681855715155,-0.000736269754221
0.250253,0.000573329644979,0.003212,-0.000680714644193,-0.000735387823788
0.250523,0.000573894415347,0.003297,-0.000679199489135,-0.000734415770065
0.250794,0.000574819289081,0.003348,-0.000677523665767,-0.00073332194015
0.251064,0.000576208353154,0.003794,-0.000676013138436,-0.000732127069881
0.251333,0.000578337769172,0.00418,-0.000674946698459,-0.000730868976259
0.251599,0.000581419383107,0.004438,-0.000674434196102,-0.000729612646835
0.251865,0.000585672536505,0.004801,-0.000672198290768,-0.000728402703664
0.252145,0.000591427978878,0.00564,-0.000667265048921,-0.00072718903202
0.252456,0.000599057736893,0.006773,-0.000662580768204,-0.000725931369052
0.25277,0.000607891158958,0.007116,-0.000657277931778,-0.000726654236254
0.253082,0.000617380537907,0.006538,-0.000649517091266,-0.000727461272747
0.253386,0.000626863818572,0.005906,-0.000643559237796,-0.000728175639611
0.253674,0.0006355977399,0.006043,-0.000639347135021,-0.000728696502595
0.253958,0.000643182724564,0.006069,-0.000636490163156,-0.000729153439212
0.254251,0.000649822955501,0.006206,-0.000634839358168,-0.000730460573019
0.254541,0.000654841157804,0.005831,-0.000634452319872,-0.000731613543599
0.254827,0.000658265530854,0.005085,-0.000634989655747,-0.000732556774407
0.255113,0.000660441290876,0.004,-0.00063573432029,-0.000733230400977
0.2554,0.000661496349732,0.002871,-0.000636265372747,-0.000733588331254
0.255695,0.000661369387631,0.002804,-0.000636616640256,-0.000733614781419
0.255999,0.000659964459641,0.003171,-0.000637004468223,-0.000733317228288
0.256313,0.00065740806262,0.003411,-0.000637722875264,-0.0007326744527
0.256625,0.000654722081939,0.003207,-0.000638865788192,-0.000731656108092
0.256909,0.000652461492682,0.002467,-0.000640201179031,-0.000730379958275
0.257188,0.000650399914398,0.002648,-0.000641661867745,-0.000728855480256
0.257468,0.000648830277348,0.003186,-0.000643260068897,-0.000727143304029
0.25775,0.000647888375919,0.003716,-0.000644946145744,-0.000726208433628
0.258034,0.000647526906786,0.004195,-0.00064647848723,-0.00072556644698
0.258215,0.000647828956094,0.002775,-0.000647313196318,-0.000725024642964
0.258385,0.000648080431824,0.00256,-0.000648020517039,-0.000724408594947
0.25856,0.000648455493796,0.002519,-0.000648666910873,-0.00072366475987
0.258741,0.00064899492757,0.002426,-0.000649252614002,-0.000722783282942
0.258938,0.000649506442617,0.00257,-0.000649786210428,-0.000721695503668
0.259125,0.000649755799877,0.002457,-0.000650179459292,-0.000720537100889
0.259295,0.000649813823459,0.002185,-0.000650445830357,-0.000719373704668
0.259523,0.000649074835328,0.002805,-0.000650442247841,-0.000717633973665
0.259751,0.000647927714148,0.002732,-0.000648991588514,-0.000715647018905
0.25997,0.0006464190257,0.002685,-0.000648211284862,-0.00071351437465
0.260182,0.000644696646459,0.002666,-0.000647934107467,-0.000711255119423
0.260388,0.000642866600537,0.002705,-0.000648070915672,-0.00070889707452
0.260591,0.000640881167831,0.002796,-0.000648589004527,-0.000707215113845
0.260793,0.000638824446442,0.00294,-0.000649463249879,-0.000706191107406
0.260998,0.000636810499352,0.003063,-0.000648861024185,-0.000705081714138
0.261202,0.000634943276615,0.003074,-0.000647979714395,-0.000703901294099
0.261406,0.000633273690875,0.003032,-0.000647081206227,-0.000702654676267
0.261612,0.000631769706904,0.002984,-0.000646301502666,-0.000701338119746
0.261823,0.000630292870011,0.002917,-0.000645835262053,-0.000699941349512
0.262041,0.00062892835814,0.002929,-0.000645794279437,-0.000698467989634
0.262266,0.000627778784173,0.003016,-0.000646125659654,-0.000696927100465
0.262496,0.000626913922581,0.002995,-0.000646134091904,-0.000695337630395
0.262729,0.000626383407904,0.002871,-0.000646432742161,-0.000693752620932
0.262967,0.000626223875187,0.002746,-0.000647073992362,-0.000692223633613
0.26321,0.000626407193174,0.002601,-0.000645077743468,-0.00069082485635
0.263461,0.000626696738082,0.002388,-0.000643418759791,-0.00068961474627
0.263716,0.000626753350999,0.002334,-0.000642254661113,-0.000688637811774
0.263972,0.000626459107742,0.002487,-0.000641883032864,-0.000687899922671
0.264228,0.000625618021098,0.002627,-0.000642636930652,-0.000687355715052
0.264507,0.000624025317642,0.002802,-0.000645151374711,-0.000686936073818
0.264786,0.000621807608685,0.003275,-0.000649088591105,-0.000686697854373
0.265055,0.000619354038156,0.003844,-0.000650981721254,-0.000686643545835
0.265309,0.000616675396541,0.004047,-0.000650065939266,-0.00068713763632
0.265555,0.000613492367667,0.004477,-0.000649487180107,-0.000688267905621
0.265791,0.000610089559159,0.004831,-0.000649196349493,-0.000689123222034
0.265989,0.000606571651351,0.004315,-0.000649156840805,-0.00068961694927
0.266175,0.00060299029618,0.004153,-0.00064927176642,-0.000690110164053
0.266389,0.000598232490779,0.004847,-0.000649630737197,-0.000691413394043
0.266634,0.000592333590571,0.005956,-0.000650281007775,-0.000694108456847
0.266878,0.000586368935828,0.006229,-0.000651109342364,-0.000700856498873
0.267119,0.000580512009945,0.006294,-0.000652317128107,-0.000707577862934
0.267361,0.000574831887296,0.006268,-0.000653857704477,-0.000714176525181
0.267609,0.000569368777108,0.0062,-0.000655665326211,-0.000720612357018
0.267869,0.000564263595775,0.006139,-0.000657715853946,-0.000726897310467
0.268159,0.000559518657198,0.006736,-0.000660088192063,-0.000733043254647
0.268477,0.000555658600699,0.007834,-0.000661152652438,-0.000738386683919
0.268808,0.000553195125697,0.008228,-0.000660009728196,-0.000742348180531
0.269126,0.000552155839543,0.007413,-0.00065868918416,-0.000744859781743
0.269412,0.000551713900617,0.007032,-0.000657456914887,-0.000746254463959
0.269696,0.000551263702073,0.006939,-0.000656334839621,-0.000746937581145
0.26998,0.000550607420757,0.006593,-0.000655347372238,-0.000747029485669
0.270261,0.000549411657539,0.00608,-0.000654427815251,-0.000746759650808
0.270542,0.000547490278623,0.005982,-0.00065247770548,-0.000746381763736
0.270822,0.000544952431667,0.006297,-0.000647869290409,-0.000746025486341
0.271105,0.000542243911028,0.006318,-0.000643340026351,-0.000745691163313
0.271392,0.000539518120467,0.0061471,-0.000639034434436,-0.000745282304164
0.271686,0.000536364256173,0.0057644,-0.00063516453568,-0.000744727258435
0.271989,0.000532290980118,0.005174,-0.000631990008408,-0.000745334530148
0.272295,0.000527556114312,0.004932,-0.000629856682837,-0.000749412671776
0.272598,0.000522883069626,0.00438,-0.000629194239886,-0.000752369093385
0.272906,0.000518779978877,0.003712,-0.000629059652878,-0.000754298006101
0.273211,0.00051558825155,0.002876,-0.000629402280747,-0.000755328858695
0.27351,0.000513217482473,0.0025,-0.000631066012582,-0.000755869220238
0.273803,0.000511671062649,0.002318,-0.000633935393476,-0.000756068696123
0.27409,0.00051095247952,0.002993,-0.000637501088078,-0.000755993796001
0.274372,0.000510986425605,0.003006,-0.000640354752155,-0.000755654490092
0.27465,0.000511728695518,0.003094,-0.00064340785898,-0.000755045680371
0.274926,0.000513409392848,0.003449,-0.000644634518789,-0.000754169219822
0.275205,0.00051625817467,0.00373,-0.000645412014138,-0.000753038197875
0.275491,0.000520102161457,0.0039,-0.000646555522037,-0.00075167896251
0.275785,0.000524482677734,0.003794,-0.000648045716995,-0.000750166682058
0.276085,0.000528820329518,0.003781,-0.000649830451578,-0.000748611551612
0.276388,0.00053303024508,0.003829,-0.000651806502072,-0.000747109995991
0.27669,0.000537601272717,0.003603,-0.000654002368799,-0.000745697210451
0.276987,0.000543024175241,0.003188,-0.000656678098783,-0.000744328768141
0.27728,0.000549500910051,0.003282,-0.000659948822206,-0.000742907258771
0.27757,0.000557070209647,0.003543,-0.000663654935841,-0.000741348590827
0.277869,0.000565867450539,0.003651,-0.000667546523597,-0.000739558322376
0.278177,0.000575628377452,0.003446,-0.000671476997579,-0.000738505927488
0.278491,0.00058624955674,0.003654,-0.000675639018516,-0.00073792685991
0.278801,0.000597213160672,0.00361,-0.000679715943292,-0.000737098967973
0.279089,0.000607476425949,0.003062,-0.000682340240162,-0.000736080671934
0.279369,0.000617434710015,0.002705,-0.000681098293272,-0.000734874084291
0.279662,0.000627643183262,0.002665,-0.000679478600872,-0.000733446736513
0.279961,0.000637867595795,0.002984,-0.00067758918438,-0.000731904874599
0.280269,0.000647862975345,0.003524,-0.000675510844034,-0.000730301246742
0.280587,0.000656988690801,0.004017,-0.000672506598423,-0.000728672195389
0.280905,0.000664533871555,0.004072,-0.000667835903443,-0.000727092489777
0.281189,0.000669637796807,0.003568,-0.000663916428201,-0.000725742828377
0.281464,0.000673015391673,0.003558,-0.000660555201867,-0.000724396326866
0.281736,0.000674763024704,0.003409,-0.000658033456319,-0.000722912535579
0.282006,0.000674690193076,0.003102,-0.000656463442426,-0.000721248963604
0.282276,0.000672745006875,0.002623,-0.000654797264501,-0.000719447084485
0.282546,0.000669286819394,0.003127,-0.00065313968406,-0.000717611147857
0.282816,0.000664609975135,0.00351,-0.000652432511203,-0.000715827247318
0.283086,0.00065917043997,0.003782,-0.000652211237422,-0.000714150391849
0.283357,0.000653401363064,0.003992,-0.000652389691757,-0.000712642617953
0.283628,0.000647709538154,0.004173,-0.000653075545456,-0.00071133610951
0.283901,0.000642218147469,0.004287,-0.000654037935492,-0.000710189363873
0.284175,0.000636993087149,0.00421,-0.000655026846524,-0.000709766386576
0.28445,0.000632010897007,0.003883,-0.00065453915284,-0.000709523607434
0.284726,0.000627279604327,0.003384,-0.000650515087232,-0.000709238444084
0.285003,0.00062278123368,0.003138,-0.00064730718758,-0.000708857954281
0.285277,0.000618455869406,0.00294,-0.000645356519039,-0.000708355442849
0.285548,0.00061412087458,0.002616,-0.000644380724811,-0.000707725215418
0.285816,0.000609850699591,0.00222,-0.000644132848678,-0.000707251189255
0.286083,0.000605837203014,0.001997,-0.000644455667925,-0.000707876759667
0.286346,0.000602541002822,0.001934,-0.000645272058092,-0.000708612584861
0.286601,0.00060005669687,0.001805,-0.000646433946032,-0.000709413787429
0.286854,0.000597970220574,0.001739,-0.000647678390987,-0.000710247348221
0.287108,0.00059599153701,0.001724,-0.000648861024185,-0.000711046794318
0.287365,0.000593970964883,0.001818,-0.000648019317009,-0.000711799689845
0.287623,0.00059192464456,0.002034,-0.000647011467807,-0.000712464292703
0.287875,0.00058986446191,0.002144,-0.00064677933665,-0.000713002206707
0.288118,0.000587687345161,0.002167,-0.000647019885032,-0.000713420153112
0.288354,0.00058525440449,0.00217,-0.000647473002055,-0.000713743567036
0.288589,0.00058250925925,0.002139,-0.000648066116022,-0.000713984149319
0.288823,0.000579496287597,0.002082,-0.000648853836159,-0.000714137847325
0.289059,0.000576287799463,0.00211,-0.000649087393658,-0.000714209973694
0.28929,0.000573171796187,0.001993,-0.000648967634333,-0.000714219380653
0.289513,0.000570274127006,0.001852,-0.000649096973154,-0.000714165026697
0.289732,0.000567546655835,0.001767,-0.000649307675208,-0.000714028068242
0.289953,0.000564697777448,0.001718,-0.000649533840726,-0.000713783324034
0.290182,0.000561688269214,0.001656,-0.00064931605355,-0.000713418059082
0.290418,0.000558589225963,0.001567,-0.000647436960143,-0.000712928843897
0.290653,0.000555527598031,0.001406,-0.00064574485473,-0.000712343622023
0.290886,0.000552456489481,0.001252,-0.000644233223151,-0.000711670438477
0.291118,0.000549446321917,0.001456,-0.000642886764416,-0.000710892068251
0.291347,0.000546671664765,0.001612,-0.000641895181953,-0.00070998899865
0.291576,0.000544152130857,0.001714,-0.000641322638554,-0.000708925619647
0.291802,0.00054186049614,0.001693,-0.000641037945939,-0.000707733694719
0.292049,0.000539606359172,0.001753,-0.000641044030812,-0.000706319762709
0.292289,0.000537967861646,0.001584,-0.00064147708329,-0.000704929259618
0.292451,0.000537305170383,0.001046,-0.000642025158702,-0.000704029512747
0.292617,0.000536746274159,0.001063,-0.000642764288746,-0.000703152651278
0.292791,0.00053643489334,0.001085,-0.000643710570631,-0.000702269855864
0.292968,0.000536361907536,0.001058,-0.000644836253087,-0.000701412254064
0.293142,0.000536545955206,0.001154,-0.000646129273493,-0.000700597208141
0.293318,0.000537031580736,0.001268,-0.000647619545538,-0.000699814164244
0.293491,0.00053792047738,0.001379,-0.000649268175398,-0.000699089198344
0.293666,0.000539296823085,0.001553,-0.000651092646147,-0.000698416095114
0.293846,0.00054126208185,0.001792,-0.000653112366785,-0.000697792914373
0.294062,0.000544197383123,0.002408,-0.000655709043593,-0.000697142889995
0.294333,0.000548408314627,0.003361,-0.000655402940343,-0.000696470255225
0.294607,0.000552744786582,0.003593,-0.000654803182907,-0.000695912978203
0.294885,0.000556663232327,0.003649,-0.000654219285718,-0.000695474733373
0.295176,0.000560023144429,0.003997,-0.000653017338397,-0.000695174360658
0.295485,0.000563143329368,0.00456,-0.000651335878139,-0.000695064393904
0.295801,0.00056593990713,0.004984,-0.000649630737197,-0.000698355544276
0.296111,0.000567651549677,0.00494,-0.000648050516842,-0.000702188349177
0.296424,0.000567684719378,0.005789,-0.00064672038452,-0.000705883679735
0.296739,0.000566112474689,0.00572,-0.000645783430532,-0.000711505406783
0.297058,0.000564640046798,0.006493,-0.000645249130503,-0.000716775153092
0.297377,0.000563098257681,0.006529,-0.000644941315807,-0.000721622481882
0.297691,0.000561312914454,0.005973,-0.000644692510675,-0.000726115757928
0.298003,0.000559480698422,0.006168,-0.000643079511703,-0.000729912838067
0.298315,0.000556608450456,0.005804,-0.000641717775876,-0.000733249753076
0.29863,0.000552712528271,0.004771,-0.000640681242909,-0.000736242064289
0.298956,0.000547802799499,0.004648,-0.00063984509796,-0.000738711531195
0.299282,0.000541999940367,0.003793,-0.000639139504086,-0.000740483950604
0.2996,0.000535599345686,0.00269,-0.00063850997826,-0.000741473747419
0.299872,0.000529706224698,0.002216,-0.000638036395717,-0.000741593160188
0.300105,0.000524291071988,0.001818,-0.000637689797216,-0.000741117979033
0.300372,0.000517639085195,0.002087,-0.000637352766756,-0.000740063105331
0.30064,0.000510576684494,0.002562,-0.00063705108557,-0.000738784039861
0.300911,0.00050366668729,0.002854,-0.000636882997411,-0.000737430803762
0.301183,0.000497537686888,0.00293,-0.000637143080776,-0.000736028356488
0.301456,0.000492750543045,0.002788,-0.000637853940878,-0.000734499170804
0.301738,0.000489249119409,0.002508,-0.00063895134049,-0.000732707079928
0.302041,0.000486752512079,0.00271,-0.000640156073198,-0.000730542182151
0.302351,0.000485109838331,0.00299,-0.000640809100923,-0.000728194903899
0.302638,0.000483962512371,0.002778,-0.000641613246888,-0.000727795256758
0.302924,0.000482892065514,0.002545,-0.000642588404725,-0.000727113832452
0.303215,0.000481772355533,0.002218,-0.000643726306607,-0.000726061773308
0.303506,0.00048081136458,0.002248,-0.000644857992022,-0.00072469577855
0.303792,0.000480380520059,0.002306,-0.000645822003341,-0.000723172981779
0.304076,0.000480484191882,0.002307,-0.000646536264455,-0.000721642024061
0.304357,0.00048080825927,0.002295,-0.000647063171368,-0.000720147221315
0.304637,0.000481164841354,0.002232,-0.000647558290822,-0.0007186786004
0.304916,0.000481653067701,0.002254,-0.000648096113067,-0.000717207359384
0.305196,0.000482625131881,0.002252,-0.000648704061896,-0.000715740788123
0.305478,0.000484262416022,0.002099,-0.000649408205966,-0.000714263277266
0.305766,0.000486439610259,0.002354,-0.000650163926511,-0.000712756919834
0.306069,0.000489025595119,0.002592,-0.000650511505217,-0.000711224613001
0.306375,0.000491927311368,0.002316,-0.000651001999706,-0.00070975372297
0.306662,0.000494864852978,0.001668,-0.000651752909303,-0.000708741631451
0.306944,0.000497854516049,0.001541,-0.000652921103506,-0.000708148991612
0.307233,0.000501137601748,0.001519,-0.000654635072502,-0.000707807882025
0.307526,0.00050465273243,0.001849,-0.000656819579199,-0.000707654195215
0.307826,0.000508176711987,0.002133,-0.000658281513762,-0.000707569380798
0.308087,0.000511078743145,0.001915,-0.000658860610005,-0.000707487732346
0.308339,0.000513639100209,0.001914,-0.000659600810145,-0.000707305297137
0.308595,0.000515792387419,0.001914,-0.000659600810145,-0.000707305297137
0.308857,0.000517327742997,0.002344,-0.00065987267907,-0.000707335000756
0.309126,0.000518224130982,0.002679,-0.000660154935014,-0.000707494095077
0.309401,0.000518641588066,0.002827,-0.000660487343382,-0.000707754892297
0.309682,0.000518748008715,0.002769,-0.000658637509829,-0.00070805897141
0.309972,0.000518743823187,0.002564,-0.000656446926517,-0.000708351208871
0.310275,0.000518900710411,0.002357,-0.000654143434917,-0.000708574498706
0.310592,0.000519052107201,0.002147,-0.000651802929402,-0.000708709901999
0.310893,0.000518900243594,0.002119,-0.000649771861098,-0.000708759610514
0.311172,0.00051865139726,0.002043,-0.000648116510022,-0.000708743746671
0.311452,0.000518366657641,0.002022,-0.000646651798748,-0.000708669708255
0.311732,0.000518207013804,0.00217,-0.000645304637585,-0.000708542757863
0.312023,0.000518145131045,0.002482,-0.000642693942582,-0.000708208289537
0.312314,0.000518011118296,0.002482,-0.000642693942582,-0.000708208289537
0.312598,0.000517751544349,0.002531,-0.000641524501615,-0.000708093922495
0.31288,0.000517414088381,0.002639,-0.0006404290841,-0.000708064267197
0.313176,0.000517031782472,0.002942,-0.000639275084634,-0.000708169111397
0.31348,0.000516531315975,0.003192,-0.000638051087176,-0.000708466571014
0.313784,0.000515950177721,0.003209,-0.000635233485682,-0.000708956277278
0.314088,0.000515242782089,0.003026,-0.000631494113769,-0.000709588009032
0.314392,0.000514241396787,0.002672,-0.000628187708455,-0.000710308487517
0.314697,0.000512898127125,0.002368,-0.000625404675057,-0.000711039427579
0.315004,0.000510992703495,0.002183,-0.000623080695027,-0.000711688304631
0.31531,0.000508297381761,0.001994,-0.000619760691672,-0.000712166231603
0.315605,0.000505180297975,0.001994,-0.000619760691672,-0.000712166231603
0.315895,0.00050203771195,0.001742,-0.00061878996574,-0.000711907897045
0.31618,0.000499173288141,0.001436,-0.000618196966242,-0.000711337161236
0.31646,0.000496565911731,0.001101,-0.000618151126464,-0.000710520304597
0.316733,0.000494219999246,0.000935,-0.000618515184621,-0.000709565838996
0.317002,0.000492054257743,0.000923,-0.000619231087144,-0.000708602005686
0.317267,0.000490010734931,0.001049,-0.000621405684998,-0.000707060170068
0.317529,0.000488048188752,0.001049,-0.000621405684998,-0.000707060170068
0.317787,0.000486115088456,0.001353,-0.000622632797437,-0.000706508959806
0.318044,0.000484248127341,0.001653,-0.000623981602633,-0.000706018802636
0.3183,0.000482464138223,0.00185,-0.000625574121748,-0.00070554836357
0.318558,0.000480929974143,0.001939,-0.000627310506653,-0.000705097702991
0.318821,0.000479833663418,0.001936,-0.000627636823353,-0.000704691416605
0.319094,0.000479199679641,0.001949,-0.000628004146715,-0.00070434990575
0.319379,0.000478741706902,0.002109,-0.000628471036965,-0.000704081858596
0.319665,0.00047829891363,0.002103,-0.000629032232611,-0.000703878852224
0.319957,0.000477827224415,0.002086,-0.000629676215869,-0.000703716383707
0.320258,0.000477315922862,0.002042,-0.000630418828443,-0.000703557067061
0.320565,0.000476885653096,0.001988,-0.00063225882726,-0.00070292568315
0.320871,0.000476696148306,0.001988,-0.00063225882726,-0.00070292568315
0.321174,0.000476795026434,0.002179,-0.000633225141869,-0.000702299881072
0.321474,0.000477223088695,0.002243,-0.000634169865084,-0.000701428368671
0.321768,0.00047818177956,0.002132,-0.000635072177103,-0.000700313007445
0.322054,0.000479714635565,0.001846,-0.000635926154042,-0.00069898554051
0.322335,0.000481582754576,0.00187,-0.000636736948098,-0.00069750159765
0.322612,0.000483650245485,0.00193,-0.000637498636843,-0.000695947759373
0.32289,0.000485717663586,0.001939,-0.000638201649791,-0.000694364798384
0.323174,0.000487675926327,0.002274,-0.00063884256433,-0.000692728373327
0.323467,0.000489225833492,0.002661,-0.0006394399304,-0.000690980846016
0.323773,0.000489982268479,0.002948,-0.000640047558714,-0.000690635842433
0.324088,0.00048981411407,0.003054,-0.0006406788072,-0.000692229110898
0.324403,0.000488790445927,0.003039,-0.000641297095845,-0.000693615017514
0.324713,0.000486814254712,0.002988,-0.000642299577802,-0.000695929282195
0.325015,0.000484043767559,0.002988,-0.000642299577802,-0.000695929282195
0.325314,0.000480846523353,0.00292,-0.000642601749826,-0.000698203051422
0.325621,0.000477478428824,0.002747,-0.000642750947995,-0.00070115971963
0.325938,0.000474020072803,0.002785,-0.000642746096724,-0.000704096813478
0.326256,0.000470804335377,0.002961,-0.000642602962999,-0.000706858453807
0.326575,0.000467978616323,0.002991,-0.000642308075099,-0.000709437020746
0.326898,0.000465540995788,0.00279,-0.000641092707124,-0.000714213109368
0.327222,0.000463355632136,0.00279,-0.000641092707124,-0.000714213109368
0.327543,0.000461198969975,0.002705,-0.000640471728587,-0.000716320692444
0.327859,0.00045897082763,0.0026,-0.000639923164829,-0.000718150364918
0.328178,0.000456870130745,0.00264,-0.000639460684906,-0.000719672318451
0.328499,0.000455005567989,0.002775,-0.000638940341728,-0.000720801989055
0.328812,0.000453144153271,0.002912,-0.000638404776388,-0.000721477432349
0.329118,0.00045096702405,0.002901,-0.000637911500921,-0.00072174794877
0.329421,0.00044847289575,0.002869,-0.000637339280823,-0.000721652309084
0.329723,0.000445992455121,0.002782,-0.000636616640256,-0.000721189254844
0.330023,0.000443944424993,0.002562,-0.000635820408603,-0.000720383457668
0.330323,0.000442416324154,0.002238,-0.000634913280628,-0.000719412979828
0.33062,0.000441226392799,0.00179,-0.000633868734226,-0.000718389699544
0.330894,0.000440307306471,0.001297,-0.00063276015654,-0.000717440956221
0.331159,0.000439494674175,0.001302,-0.00063155116648,-0.000716551618512
0.331421,0.000438595535229,0.001253,-0.000630250996511,-0.000715712659355
0.331685,0.000437372119794,0.001121,-0.000628935003317,-0.000714920183662
0.331966,0.000435841172767,0.001008,-0.000627676817058,-0.00071418593282
0.332256,0.000434307144482,0.001019,-0.000626776193689,-0.000713691249997
0.332548,0.000433160162295,0.001235,-0.000626796224951,-0.000713396071199
0.332843,0.00043247672857,0.001314,-0.000627686814991,-0.000713226415308
0.333137,0.000431967276884,0.001339,-0.000628830273928,-0.000713082892388
0.333432,0.000431425008618,0.001442,-0.000630224884307,-0.000712842889836
0.333729,0.000430898445448,0.001505,-0.000632092845457,-0.000712469538542
0.334029,0.000430297156796,0.001881,-0.000632955601623,-0.000711967767856
0.334333,0.000429722185424,0.002136,-0.000634008214782,-0.00071133400605
0.334626,0.000429478195916,0.002195,-0.000634383262613,-0.000710676207724
0.3349,0.000429629478133,0.00209,-0.000634153825773,-0.000710061772848
0.335158,0.000430166771705,0.001872,-0.000633931690416,-0.000709471868546
0.335408,0.000431098365199,0.001629,-0.000633734154381,-0.000708850552785
0.335658,0.000432389788799,0.001761,-0.000633760085408,-0.000708155345322
0.335907,0.000433903532714,0.001866,-0.000634090897381,-0.000707356216469
0.336156,0.000435476370693,0.001899,-0.000634743242713,-0.000706440942712
0.336404,0.000437115324812,0.001842,-0.000635655598056,-0.000705415234871
0.336655,0.000438704455271,0.001805,-0.000636744312947,-0.000704279438111
0.336913,0.000440193687183,0.001863,-0.000637950686954,-0.000703108765075
0.337177,0.00044136835869,0.001897,-0.000639184701684,-0.000702241973592
0.337444,0.000442073141889,0.001843,-0.000640348658882,-0.000701765574119
0.337709,0.000442287489762,0.001844,-0.000639806059956,-0.000701302660062
0.337971,0.000442181030036,0.001833,-0.000637564815992,-0.000700931784711
0.338233,0.000441844518762,0.001934,-0.000635189161767,-0.000700727409349
0.338502,0.000441230553339,0.002053,-0.000632654980645,-0.000700692979482
0.338781,0.000440249527052,0.002121,-0.000630023401897,-0.000700752154257
0.33907,0.000438960187617,0.002068,-0.000627444309437,-0.000700797337246
0.339364,0.000437549032072,0.002034,-0.000625117113772,-0.000700783352499
0.339661,0.00043622921338,0.001958,-0.000623208052992,-0.000700742471622
0.339957,0.000434991803112,0.001822,-0.000621793979671,-0.000700753230093
0.340265,0.000433545352602,0.001752,-0.000620811920026,-0.000700897369825
0.340578,0.000431581031571,0.001604,-0.000620264385112,-0.00070118981597
0.340885,0.000429201068355,0.001351,-0.000618898056669,-0.000701518600244
0.34119,0.000426608124678,0.001051,-0.000617595629097,-0.000701768794659
0.341493,0.000424004122953,0.0011,-0.000616390828961,-0.000701987739493
0.3418,0.000421511512454,0.0011,-0.000616390828961,-0.000701987739493
0.342114,0.000419159971124,0.000994,-0.000616027812084,-0.000702057479863
0.342428,0.000416729319606,0.00108,-0.000615696526362,-0.000702136863969
0.342738,0.000413944610924,0.001256,-0.000615473843347,-0.000702222669509
0.343045,0.000410856876962,0.001344,-0.00061542903909,-0.000702310603895
0.343343,0.000407877619706,0.001473,-0.000615539122537,-0.000702416746609
0.343635,0.00040525243395,0.001553,-0.000615743866017,-0.000702562519649
0.34392,0.000403025763743,0.001561,-0.000616006074032,-0.000702758598618
0.344202,0.000401206248082,0.001501,-0.000616315434666,-0.000702967444975
0.344481,0.000399827955206,0.001391,-0.000616662922751,-0.000703098060499
0.34476,0.000398734488799,0.001194,-0.000617039527442,-0.000703065945304
0.345039,0.000397954012189,0.001126,-0.000617441358756,-0.000702871065916
0.345318,0.000397583912553,0.001076,-0.000617879823597,-0.000702588239598
0.345597,0.00039765952493,0.000922,-0.000618377738602,-0.000702276289999
0.345879,0.000398157182407,0.000792,-0.000618947643673,-0.000701963059648
0.346163,0.000398867826883,0.00083,-0.000619577868786,-0.00070201241804
0.346453,0.000399695467566,0.000862,-0.000620230144646,-0.000701898671328
0.34675,0.000400567274653,0.001332,-0.000621023425277,-0.000701563709524
0.347053,0.000401361585965,0.001741,-0.00062207079077,-0.000701061893197
0.347361,0.00040183539257,0.00195,-0.000623253440199,-0.000700440057794
0.347674,0.000401750689736,0.001911,-0.000624411962141,-0.000699700961972
0.347996,0.000401171876092,0.001802,-0.000625474970925,-0.000698812726688
0.34833,0.000400230311295,0.001739,-0.000626471871504,-0.000697913070652
0.348661,0.000399134551435,0.00186,-0.000627448060407,-0.00069722527602
0.348989,0.000397798993295,0.001905,-0.000628499735406,-0.000696384479596
0.349312,0.000395943181633,0.00189,-0.000629645094357,-0.000695321305961
0.349614,0.000393879364104,0.001674,-0.0006306909705,-0.000694165191203
0.349929,0.000391676406483,0.001643,-0.00063159705202,-0.000693379032807
0.350245,0.000389956363961,0.001595,-0.000632252634891,-0.000692702109471
0.35056,0.000389100881509,0.001954,-0.000633048349643,-0.000691340964254
0.350875,0.00038895273125,0.001954,-0.000633048349643,-0.000691340964254
0.351192,0.000388992620357,0.002007,-0.000633275819099,-0.000690664419134
0.35151,0.000388826737731,0.002026,-0.000633459944616,-0.000689985807715
0.351828,0.000388225724879,0.002096,-0.000633704517285,-0.000689288589608
0.352147,0.000386986165553,0.002341,-0.000634179735175,-0.000688559437768
0.352467,0.000385047336094,0.002663,-0.000635016753806,-0.000688125387425
0.35279,0.000382949691098,0.002826,-0.000636186733751,-0.000689731491203
0.353117,0.000381111803095,0.003029,-0.00063717619492,-0.000693288322196
0.35345,0.000379473535455,0.003029,-0.00063717619492,-0.000693288322196
0.353784,0.000377568458439,0.003025,-0.000636644878362,-0.000695368101163
0.354135,0.000374765555862,0.003145,-0.00063606014824,-0.000697832969871
0.354469,0.000371299772268,0.002938,-0.000635484580688,-0.000700281777947
0.354792,0.000367309480134,0.002749,-0.000634899728991,-0.000702550730867
0.35512,0.000362749979447,0.002647,-0.000634290760353,-0.000704746888573
0.355459,0.000357587956434,0.002471,-0.000633640297588,-0.000706991171688
0.3558,0.000352079115398,0.002174,-0.000632945707492,-0.000709234218128
0.356143,0.000346653776333,0.002093,-0.000632256350321,-0.00071133821296
0.356487,0.000341645770669,0.001988,-0.000631655333037,-0.00071319708577
0.356826,0.000337359182153,0.0017,-0.00063116903824,-0.000714777184908
0.357159,0.00033359216752,0.001476,-0.000630731965488,-0.000716049050528
0.357492,0.000329846251643,0.001201,-0.000630299487023,-0.000716940395115
0.357826,0.000326341570928,0.001005,-0.000629865393404,-0.00071734753168
0.358148,0.000323279854462,0.001304,-0.000629460815727,-0.000717217743977
0.358465,0.000320510572006,0.001377,-0.000629084579102,-0.000716547458704
0.358779,0.000318076409774,0.001038,-0.00062843984116,-0.000714409569251
0.359061,0.000316164626978,0.001038,-0.00062843984116,-0.000714409569251
0.359327,0.000314547568011,0.001064,-0.000628173974847,-0.000713296589166
0.359591,0.00031311507715,0.001115,-0.000627921709573,-0.000712127385594
0.359857,0.000311863746074,0.001147,-0.000627683065789,-0.000710936280958
0.360125,0.000310847458578,0.001174,-0.000627464314291,-0.000709754778284
0.360397,0.000310072847424,0.001397,-0.000627265480944,-0.000708597773949
0.360672,0.000309456110613,0.001598,-0.000627087840484,-0.000707466522617
0.360946,0.000308938125967,0.001728,-0.000626933918441,-0.000706362285591
0.361221,0.000308289111609,0.001761,-0.000626808744088,-0.000705283133718
0.361494,0.000307424276777,0.001699,-0.000626724859964,-0.000704221774875
0.361768,0.000306297907745,0.001576,-0.00062669355636,-0.000703172987393
0.362044,0.000305019283429,0.001427,-0.000626721103634,-0.000702132573279
0.36232,0.000303654779426,0.001269,-0.000626801232643,-0.000701108121415
0.362595,0.000302375521108,0.001439,-0.00062691514426,-0.000700090047958
0.362866,0.000301399177135,0.00159,-0.000627129128684,-0.000699075162682
0.363143,0.000300938344331,0.001664,-0.000627523073979,-0.000698773834831
0.363441,0.000301038566442,0.001689,-0.000628149003697,-0.000698647414093
0.363742,0.000301691711403,0.001498,-0.000629007303806,-0.000698278763267
0.364039,0.000302457339214,0.001234,-0.000630098034386,-0.000697795079622
0.364334,0.00030311311229,0.001046,-0.000631373785805,-0.000697343409796
0.364628,0.00030362075483,0.001098,-0.00063273417395,-0.000696929269695
0.364924,0.000303932701851,0.001221,-0.000634126681158,-0.000696538647399
0.36522,0.000303958419788,0.001342,-0.000635568251137,-0.000696160738128
0.365517,0.000303747837134,0.001398,-0.000637052312284,-0.000695786874977
0.365817,0.000303416310389,0.001391,-0.000637227701462,-0.000695654212819
0.366135,0.000302981202245,0.001378,-0.0006374275458,-0.000696267191474
0.366475,0.000302533415563,0.000996,-0.00063789558072,-0.000696878290143
0.366808,0.000302268234933,0.000996,-0.00063789558072,-0.000696878290143
0.367134,0.000302055524023,0.00086,-0.00063812208982,-0.000696640674433
0.36746,0.000301909957418,0.000905,-0.000638317907022,-0.000696377964354
0.367793,0.000301870630803,0.001138,-0.000638434137273,-0.000696685168675
0.368135,0.000301723528543,0.001299,-0.00063717619492,-0.000696696020293
0.368476,0.000301352146518,0.001348,-0.000635520265379,-0.000696598346746
0.368824,0.00030064108318,0.001291,-0.000633929221694,-0.000696546245917
0.369158,0.000299623146036,0.001501,-0.000632677255021,-0.000696634162728
0.369484,0.000298172113405,0.001643,-0.000631858643829,-0.000696831644449
0.369797,0.000296276470709,0.001534,-0.000628560870134,-0.000697311982599
0.370114,0.000294076783533,0.001534,-0.000628560870134,-0.000697311982599
0.370429,0.000291994196463,0.001313,-0.000626920150776,-0.000697627243307
0.370741,0.000290158774119,0.00129,-0.000625769856338,-0.000697992075646
0.371056,0.000288223118635,0.00151,-0.000625173634316,-0.000698332835704
0.371375,0.000285904499169,0.001785,-0.000625137210687,-0.00069855230603
0.371693,0.000283386455005,0.00191,-0.000625540236938,-0.000698591216197
0.372003,0.000280916931762,0.001794,-0.000626048271521,-0.000698465827476
0.372309,0.000278694653013,0.001333,-0.000626531999016,-0.000698218194765
0.372616,0.00027675577674,0.001105,-0.000626966458707,-0.000697907658866
0.372921,0.00027519281285,0.00108,-0.00062679497302,-0.000697613163995
0.373217,0.000274031273627,0.000901,-0.000625171122425,-0.000697061573879
0.373494,0.000273099854519,0.000901,-0.000625171122425,-0.000697061573879
0.373743,0.000272193729136,0.000947,-0.000624709979929,-0.000696798013295
0.373987,0.000271146879148,0.001056,-0.000624477364991,-0.000696493053718
0.374229,0.000269925693112,0.00116,-0.00062454527442,-0.0006961357507
0.374471,0.000268611301831,0.001225,-0.000624738892177,-0.000695710761903
0.374714,0.000267327980496,0.001276,-0.000624955053315,-0.000695197221819
0.374956,0.000266070222921,0.001389,-0.000625176146194,-0.00069458176196
0.375198,0.000264883037846,0.001445,-0.000625463674032,-0.000693858526465
0.375442,0.000263793690177,0.001437,-0.000625911591278,-0.000693037958165
0.375687,0.000262863468086,0.001351,-0.000626604643575,-0.000692133797094
0.375932,0.000262032271716,0.001063,-0.000628825286273,-0.00069016957948
0.376178,0.000261317458222,0.001165,-0.000630275864022,-0.000689173940873
0.376422,0.000260611570589,0.001165,-0.000630275864022,-0.000689173940873
0.376665,0.000259873509016,0.001274,-0.000631857404377,-0.00068821046156
0.376905,0.000259047619897,0.001311,-0.000633479712479,-0.000687408835864
0.377144,0.00025818734246,0.001292,-0.000635073408662,-0.000687125456392
0.377382,0.000257328956342,0.00125,-0.000636610501328,-0.000686841908269
0.377617,0.000256348456711,0.001194,-0.000638074347771,-0.000686560408537
0.377852,0.000255300691636,0.00124,-0.000639474113833,-0.000686278742484
0.378086,0.000254323572153,0.001338,-0.000640807883382,-0.000685998019864
0.378329,0.000253467599183,0.001479,-0.000642108957532,-0.000685729347896
0.37859,0.000252798012912,0.001673,-0.000643430871524,-0.000685466080288
0.378868,0.000252342557141,0.001874,-0.00064618588687,-0.000684824521451
0.379157,0.000252026369043,0.001874,-0.00064618588687,-0.000684824521451
0.379446,0.000251709921254,0.001915,-0.00064617504651,-0.00068452624232
0.379722,0.00025135990416,0.001829,-0.000646017232267,-0.00068426565219
0.379977,0.000250974927502,0.001662,-0.000646078677357,-0.000684041698435
0.380221,0.000250475791449,0.001532,-0.000646312340268,-0.000683864466622
0.380464,0.000249683529069,0.001451,-0.00064655913275,-0.000683741814955
0.380707,0.000248647301649,0.001391,-0.000646711962216,-0.00068368047732
0.380956,0.000247459606234,0.001453,-0.000646800990777,-0.000683655940063
0.38122,0.000246142952674,0.001483,-0.000646242493798,-0.000683638093994
0.381479,0.000244910552018,0.001323,-0.000645094643405,-0.000683658170775
0.381738,0.000243753525305,0.001161,-0.000644247733449,-0.000683771923278
0.382011,0.00024255382176,0.001003,-0.000643387267908,-0.000684440508264
0.38229,0.000241201110432,0.00095,-0.000643292780315,-0.000685044772261
0.382568,0.000239468148244,0.00095,-0.000643292780315,-0.000685044772261
0.382845,0.000237269430052,0.00106,-0.000643258857321,-0.000685864813007
0.383128,0.000234656548644,0.001193,-0.000643240683339,-0.00068674772411
0.383413,0.000231898736189,0.0013,-0.000643216450332,-0.000687621259881
0.38369,0.000229261319004,0.001289,-0.000643194639618,-0.000688450134145
0.383971,0.000226673094182,0.001263,-0.000643182522143,-0.000689471529354
0.384269,0.00022427941755,0.001222,-0.000643193427884,-0.000690590775679
0.384572,0.000222219131858,0.001074,-0.000642993451369,-0.000691700809292
0.384879,0.000220395605515,0.001069,-0.000642493765586,-0.000692734939063
0.385192,0.000218763003155,0.001004,-0.000642011798168,-0.000693615017514
0.385511,0.000217534204385,0.001001,-0.000641560974184,-0.00069428082093
0.385834,0.000216718157473,0.000959,-0.000641198561726,-0.00069474523655
0.38615,0.000216098529438,0.00083,-0.0006410476817,-0.000695051326846
0.386464,0.00021554096073,0.000609,-0.000641107309093,-0.000695451885641
0.386787,0.000214935534272,0.00082,-0.00064113772849,-0.000695562849989
0.387115,0.000214023253941,0.00082,-0.00064113772849,-0.000695562849989
0.387442,0.000212767197711,0.000947,-0.00064114989573,-0.000695512810471
0.387769,0.00021138217128,0.001014,-0.000641204644642,-0.000695298450805
0.388085,0.000209969224744,0.000993,-0.000641382233129,-0.000695008856411
0.38836,0.000208671301558,0.000838,-0.000641744512334,-0.000694655877447
0.388609,0.000207641902462,0.000777,-0.000642306861209,-0.000694225191289
0.388858,0.000206752918654,0.000776,-0.000643086783727,-0.000693712217729
0.389127,0.000205902577616,0.00085,-0.000644115916049,-0.000693071857988
0.389414,0.000205173017289,0.001016,-0.000645343247554,-0.000692292642786
0.389712,0.00020473650517,0.001078,-0.000646642171916,-0.000691393641561
0.390011,0.000204585633137,0.001022,-0.000647354053809,-0.000690401668514
0.390301,0.000204422655875,0.001216,-0.000647570302146,-0.000689710567334
0.390573,0.000204075690441,0.001385,-0.00064882148875,-0.000689521109325
0.390828,0.000203653290943,0.001332,-0.0006497036961,-0.000689467121995
0.391082,0.000203243532108,0.001332,-0.0006497036961,-0.000689467121995
0.391341,0.000202847980975,0.001326,-0.000650190212471,-0.000689394394673
0.391615,0.000202250875199,0.001437,-0.00064996076064,-0.000689200400727
0.391893,0.000201497865071,0.001425,-0.000649696520291,-0.000688783486881
0.392171,0.00020070187343,0.001326,-0.000649451284331,-0.000688130912181
0.392444,0.000199978369215,0.001137,-0.00064922747533,-0.000687343540699
0.392715,0.000199312839959,0.001035,-0.000649021529612,-0.000686659063191
0.392994,0.000198603370824,0.00106,-0.000648829875318,-0.000686236589156
0.393284,0.000197802622944,0.001151,-0.000648654926078,-0.000686005789116
0.393573,0.000197058174453,0.001147,-0.000648491904095,-0.000685812630183
0.393859,0.000196564855148,0.001076,-0.000648325230625,-0.000685573848723
0.394143,0.000196282952669,0.000975,-0.000648150103177,-0.00068523601882
0.394421,0.000196077869111,0.000949,-0.00064798451488,-0.000684825634084
0.394694,0.00019590233898,0.000889,-0.000647692801053,-0.000684241144952
0.394963,0.000195828281207,0.000889,-0.000647692801053,-0.000684241144952
0.395228,0.000195813873944,0.000848,-0.000647551083887,-0.000684913523908
0.395493,0.00019580330705,0.000925,-0.000647516248896,-0.000685584957488
0.395758,0.000195761532359,0.000961,-0.000647708411486,-0.000686219948659
0.396025,0.000195636731602,0.000941,-0.000648159700803,-0.000686871821695
0.396296,0.000195360305023,0.000886,-0.000648864618159,-0.000687570375257
0.396571,0.000194818536584,0.000791,-0.000648190891806,-0.000688323133756
0.396851,0.000194076075344,0.000821,-0.000647397311015,-0.000689123222034
0.397138,0.000193253249546,0.000748,-0.000646717978162,-0.000689942880712
0.397432,0.000192369290953,0.00077,-0.000646063015605,-0.000690731457718
0.397735,0.000191434397972,0.000921,-0.000645463884391,-0.000691444118491
0.398052,0.000190449765396,0.001029,-0.000645060842956,-0.000692068052266
0.398377,0.000189584586137,0.000901,-0.00064512119929,-0.000692906710156
0.398715,0.000188870079994,0.000935,-0.000645707481566,-0.000692922024298
0.399053,0.000188097819345,0.000935,-0.000645707481566,-0.000692922024298
0.399391,0.000187099532891,0.001012,-0.000646419499381,-0.000692602512452
0.399699,0.000186121268459,0.000786,-0.000647049945388,-0.000692168857274
0.4,0.000185182802497,0.000774,-0.000647626751478,-0.000691727128699
0.400312,0.000184190330071,0.000766,-0.000648264062997,-0.000691324501396
0.400615,0.000183385651859,0.000694,-0.000649031110381,-0.000691037956167
0.400914,0.000182884493027,0.000829,-0.000649812516453,-0.00069080068435
0.401209,0.000182514920264,0.001016,-0.000650541354545,-0.000690502828228
0.401504,0.000182097272706,0.001095,-0.000651447915361,-0.000690079353127
0.401799,0.00018171612942,0.00119,-0.000651920813888,-0.00068965770293
0.402098,0.00018149388269,0.001357,-0.000651885094287,-0.000689316145278
0.4024,0.000181378999014,0.001478,-0.000651850562884,-0.000689479242134
0.402704,0.000181227371733,0.001372,-0.000651821983346,-0.000689545346539
0.403006,0.000180952633261,0.001372,-0.000651821983346,-0.000689545346539
0.403306,0.000180594313276,0.001201,-0.000651743381091,-0.000689596020357
0.403602,0.000180256898395,0.001029,-0.000651604009995,-0.000689622456726
0.403896,0.000179985825821,0.000881,-0.000651421696159,-0.000689578395294
0.40419,0.00017969013635,0.000747,-0.000651225007808,-0.000689417536392
0.404486,0.000179386136325,0.000803,-0.000651053288549,-0.000689068086725
0.404786,0.000179120023791,0.000904,-0.000651135578136,-0.00068847221771
0.405089,0.000178884352601,0.000885,-0.000651885094287,-0.000687613516919
0.405393,0.000178620395309,0.001007,-0.000653014962452,-0.00068679537254
0.405696,0.000178400385029,0.001182,-0.000654137508581,-0.000686672363381
0.405995,0.000178270172832,0.001299,-0.000655035128412,-0.000686630244842
0.406291,0.000178073285663,0.001377,-0.000655645238544,-0.00068674772411
0.406586,0.000177748192046,0.001423,-0.00065599370236,-0.000687054585178
0.406879,0.000177172387293,0.001438,-0.000656176694666,-0.000687520591559
0.40717,0.000176518559309,0.001364,-0.000656339559584,-0.000688123177504
0.407459,0.000175941124192,0.001096,-0.000656665127708,-0.000688844171677
0.407747,0.000175493932701,0.000941,-0.000658233322837,-0.000690469843733
0.408035,0.000175138622982,0.001101,-0.000658016993096,-0.000691295964421
0.408324,0.000174659175218,0.001101,-0.000658016993096,-0.000691295964421
0.408615,0.00017395398394,0.001186,-0.000657780567387,-0.000692110787442
0.408908,0.000173094744787,0.001088,-0.000657521662449,-0.000692884831951
0.409202,0.000172226596074,0.000956,-0.000657244954092,-0.000693544015974
0.409496,0.000171348608049,0.000826,-0.000656961018908,-0.000694029890348
0.409791,0.000170226715256,0.00086,-0.000656678098783,-0.000694333172262
0.410084,0.000168866431853,0.000966,-0.000656396195612,-0.000694459664056
0.410377,0.000167343357712,0.001025,-0.000656114130761,-0.00069443131539
0.410668,0.000165791741312,0.001003,-0.000655837810071,-0.000694311359912
0.410959,0.00016424666127,0.00087,-0.000655573152519,-0.000694195737652
0.411249,0.000162747945202,0.000673,-0.000655318994617,-0.000694085542966
0.41154,0.00016141776719,0.00059,-0.000655070620638,-0.000694116094561
0.411833,0.000160357506383,0.000592,-0.000654817386791,-0.0006947615809
0.412127,0.000159690022151,0.000719,-0.000654556917149,-0.000695401834364
0.412423,0.000159399597974,0.001058,-0.000653939528038,-0.000696556015261
0.412722,0.000159362502961,0.001023,-0.000653455504437,-0.000696975905734
0.413023,0.000159284808417,0.00072,-0.000652801080622,-0.000697226359951
0.413326,0.000158994589568,0.00072,-0.000652801080622,-0.000697226359951
0.413633,0.000158486503622,0.00073,-0.000652076759226,-0.00069730006139
0.41393,0.000157814014911,0.000789,-0.000651451490599,-0.000697231779567
0.414207,0.000156894194829,0.000769,-0.000650988878449,-0.000697084343805
0.414463,0.000155875639615,0.00068,-0.00065073831495,-0.00069713963762
0.414715,0.000154895385244,0.000618,-0.000650672670194,-0.00069743334502
0.414967,0.000154049654051,0.000619,-0.000650713251617,-0.000697711710345
0.415218,0.000153334656044,0.000587,-0.000650850487639,-0.000697948786879
0.415471,0.00015268412286,0.000532,-0.000651041361386,-0.000698133818509
0.415725,0.000152203281176,0.000461,-0.000651276273524,-0.000698277681755
0.415981,0.000151988490456,0.000665,-0.000651551586761,-0.000698383658134
0.416237,0.000151964635299,0.000912,-0.000651871996452,-0.000698444205356
0.416494,0.000151984050679,0.001066,-0.000652262400925,-0.000698450692096
0.41675,0.00015196801425,0.001107,-0.000652776121703,-0.000698389064452
0.417005,0.00015186006627,0.001055,-0.000653468560326,-0.000698266866498
0.417259,0.000151548465847,0.000944,-0.000654351996538,-0.000698126245542
0.417511,0.000151003779846,0.000882,-0.000655395846892,-0.000697990993475
0.417762,0.000150318387151,0.001007,-0.000657555798637,-0.00069772795227
0.418014,0.000149561933367,0.001007,-0.000657555798637,-0.00069772795227
0.418266,0.000148758988287,0.000993,-0.000657698203346,-0.000697562258357
0.418521,0.000147887093648,0.000964,-0.000657892325068,-0.000697336907789
0.418786,0.000146975954796,0.000969,-0.000657900558839,-0.000697016030727
0.419064,0.000146106413048,0.000984,-0.000657555798637,-0.000696651527074
0.419341,0.000145367527151,0.000946,-0.000657612294702,-0.000696802352933
0.41962,0.000144758994898,0.000907,-0.000658020520976,-0.000696800183119
0.419907,0.000144120687078,0.000897,-0.000658685661083,-0.000696633077435
0.420202,0.000143365915259,0.000897,-0.000659374528373,-0.000696337785041
0.420496,0.000142612898633,0.000846,-0.000659964049413,-0.000695945585625
0.42079,0.000142079549323,0.00085,-0.000660493193622,-0.000695491052505
0.421082,0.000141790588125,0.000949,-0.000661098900049,-0.000695025191646
0.421375,0.000141764432632,0.000944,-0.000661870731867,-0.000694601381896
0.421667,0.000142049051859,0.000851,-0.000662732202404,-0.000694218646195
0.421961,0.00014270774892,0.00082,-0.000663173423646,-0.000693862893195
0.422258,0.000143682925066,0.00074,-0.000663774658619,-0.000693523259666
0.422557,0.000144844235401,0.00074,-0.000665372408768,-0.000692922024298
0.422858,0.000145839383759,0.000854,-0.000666167589432,-0.000692629876357
0.423161,0.000146471706434,0.001002,-0.000666559493241,-0.000692290452173
0.423465,0.00014671056361,0.001002,-0.000666559493241,-0.000692290452173
0.42377,0.000146793378825,0.001159,-0.000666917595347,-0.000691902554082
0.424076,0.000146995537908,0.001253,-0.000666453167055,-0.000691672294953
0.424382,0.000147474194812,0.001229,-0.000666026473076,-0.000692340833709
0.424688,0.000148107064638,0.001266,-0.000665733699753,-0.000692834508242
0.424995,0.000148602920052,0.001415,-0.0006656630838,-0.00069312215648
0.425304,0.000148628319335,0.001431,-0.000665239173022,-0.000693289415198
0.425614,0.000147852174106,0.001276,-0.000664843885831,-0.000693500317424
0.425929,0.00014632563224,0.000994,-0.000664514428264,-0.000693861801516
0.426246,0.000144264760351,0.000953,-0.00066428344328,-0.000694409507566
0.426565,0.000142103637797,0.000952,-0.000664248611934,-0.000695102504094
0.426886,0.000140141959132,0.000872,-0.000664197521462,-0.000695812968063
0.427208,0.00013858605125,0.000712,-0.000664123198496,-0.000696363847688
0.427516,0.00013761678586,0.000804,-0.000664194037826,-0.000696638503875
0.427821,0.000137050071695,0.000792,-0.000664293892199,-0.000696647186048
0.42813,0.00013678499781,0.000664,-0.000664427386465,-0.00069647459788
0.428445,0.000136823270323,0.000646,-0.000664452920336,-0.000696903238272
0.428763,0.000137074036336,0.000736,-0.000664409976241,-0.000697077838224
0.429084,0.00013736976602,0.000749,-0.000664527193089,-0.000697348828066
0.429405,0.000137554052045,0.000749,-0.000664527193089,-0.000697348828066
0.429725,0.000137716246882,0.000813,-0.000664843885831,-0.000697620745215
0.430043,0.000138005295785,0.000764,-0.000665012008998,-0.000697693302153
0.430357,0.000138509493889,0.000753,-0.000665139512047,-0.000697494014512
0.430666,0.000139162531499,0.000851,-0.00066509546931,-0.000697110365232
0.430971,0.000139777481348,0.000766,-0.000665080401144,-0.000696705786535
0.431274,0.000140438056294,0.000596,-0.00066509315116,-0.000696395338133
0.431573,0.00014111483505,0.000531,-0.000665119809209,-0.000696147701374
0.431867,0.000141720369409,0.000415,-0.000665182391941,-0.000695856453336
0.432163,0.000142370176346,0.000482,-0.000665326070032,-0.000695441005379
0.432465,0.000143178382909,0.000565,-0.000665404843263,-0.000694964203888
0.43277,0.000144117059624,0.000649,-0.000665395576484,-0.000694478198804
0.433078,0.000145075264332,0.00071,-0.000665375883996,-0.0006939753226
0.433389,0.000145823061711,0.000754,-0.000665331862615,-0.00069389782558
0.433705,0.000146142928777,0.000835,-0.000665271616385,-0.000694377884436
0.434018,0.000145946555896,0.001013,-0.00066523453808,-0.000694692930832
0.434304,0.000145495787262,0.001062,-0.000665260029718,-0.000694777924684
0.434574,0.00014516988608,0.001056,-0.000665492868866,-0.000694725622584
0.434849,0.00014504284324,0.001106,-0.00066590035911,-0.000694640619326
0.435154,0.000145218279914,0.001223,-0.000666381499349,-0.000694562141209
0.43547,0.000145516140326,0.001201,-0.000666789401974,-0.000694505454466
0.435783,0.000145689108407,0.001002,-0.000667447333901,-0.000694456393143
0.436097,0.000145651402982,0.000994,-0.000667750606174,-0.000694449851249
0.436416,0.000145508924529,0.001072,-0.000668024887304,-0.000694411688394
0.43674,0.000145424180008,0.0012,-0.00066804792909,-0.000695062216087
0.437063,0.00014546736938,0.001178,-0.000668069817775,-0.000696058607249
0.43739,0.000145746830596,0.001178,-0.000668069817775,-0.000696058607249
0.437725,0.000146124478293,0.001,-0.000668117047894,-0.000696997595344
0.438061,0.000146427901225,0.000988,-0.000668163121635,-0.000697763682535
0.438394,0.000146691054155,0.001077,-0.000668204584267,-0.000698270111101
0.438729,0.000146807555389,0.001171,-0.000668256407582,-0.000698692799803
0.439065,0.000146640329159,0.001211,-0.000667662987992,-0.000699166926734
0.439398,0.000146300957435,0.001192,-0.000667300819084,-0.000699656751779
0.43973,0.000145812953922,0.001085,-0.0006671300217,-0.000700053416477
0.440061,0.000145292096078,0.000889,-0.00066706307123,-0.000700205310757
0.440391,0.00014471497865,0.000655,-0.000667041137175,-0.000700016782139
0.440719,0.000144082782702,0.000599,-0.000667074615072,-0.000699629792304
0.441045,0.000143400145197,0.000616,-0.000667276587971,-0.000699223055919
0.441365,0.000142659505133,0.000657,-0.000667652611108,-0.00069891210239
0.441682,0.000141756661953,0.000611,-0.000668120503576,-0.000698658220611
0.441995,0.000140697634386,0.00068,-0.000668628221667,-0.000698408526685
0.442306,0.000139629517642,0.000697,-0.000668385366062,-0.000698199806357
0.442615,0.000138707098714,0.00062,-0.000668035256243,-0.000698094870523
0.442921,0.000137857055633,0.000677,-0.000667718327628,-0.00069809054277
0.443225,0.000136959712658,0.000703,-0.000667394270641,-0.000698177090273
0.443528,0.000136040248941,0.000776,-0.000667050372687,-0.000698344730807
0.443829,0.000135119734127,0.000823,-0.000666699299936,-0.000698483124458
0.444126,0.000134174948582,0.000789,-0.000666300571514,-0.000698531768812
0.444419,0.000133324944195,0.000675,-0.000666209222511,-0.000698484205498
0.444709,0.000132516532018,0.000696,-0.000666284384333,-0.000698380414313
0.444998,0.00013173866205,0.000731,-0.000666366470911,-0.000698250643146
0.445282,0.000131132897493,0.0007,-0.00066641849045,-0.000698121918077
0.445562,0.000130788743543,0.000413,-0.000666504021607,-0.000697842712586
0.445844,0.000130821384121,0.000381,-0.00066681943228,-0.000697651068877
0.446137,0.000131210415789,0.000472,-0.000667364275802,-0.000697464764125
0.446435,0.000131830026839,0.000564,-0.000667884308749,-0.000697471264368
0.446733,0.00013257913592,0.000597,-0.000668246043362,-0.000697687887842
0.447035,0.000133407408831,0.000694,-0.000668449832467,-0.000698016964885
0.447342,0.000134231581136,0.000694,-0.000668449832467,-0.000698016964885
0.447655,0.000134909545748,0.000774,-0.000668438321236,-0.000698345812165
0.447972,0.000135350768089,0.000803,-0.000668423356229,-0.00069857932732
0.448287,0.000135461613407,0.000795,-0.000668387668581,-0.000698653898034
0.448599,0.000135264192434,0.00078,-0.000668311679694,-0.000698598781689
0.448907,0.000134949906379,0.000744,-0.0006681873086,-0.000698492853731
0.449214,0.000134791077105,0.000829,-0.000667994931349,-0.000698410689106
0.449522,0.000134901990249,0.000859,-0.000667752911702,-0.000698415013917
0.449832,0.00013516214313,0.000791,-0.000667508464827,-0.000698491772711
0.450147,0.000135483742452,0.000697,-0.000667115016361,-0.000698546901586
0.450466,0.000135818077889,0.000657,-0.000666863319393,-0.000698502582803
0.45079,0.000136154347813,0.000697,-0.000666807882381,-0.000698349056225
0.451118,0.000136461561519,0.000696,-0.00066681943228,-0.00069819223445
0.451445,0.000136758241024,0.000635,-0.000666886416284,-0.00069805483729
0.451767,0.00013708485413,0.000697,-0.000667131175937,-0.000697929305636
0.452087,0.000137560344788,0.000919,-0.000667712563377,-0.000697776674687
0.452406,0.000138198400375,0.001058,-0.000668617865376,-0.000697562258357
0.452725,0.000138782196844,0.001123,-0.000669694886374,-0.000697358580796
0.453045,0.000139109370424,0.001149,-0.000670641195385,-0.000697701964921
0.453362,0.000139212011032,0.001162,-0.000670091987495,-0.000697868692172
0.45368,0.000139183509976,0.00117,-0.000669508848631,-0.000697857867519
0.454,0.000139067533048,0.001111,-0.000669154950422,-0.000697760434441
0.454306,0.00013898599748,0.000923,-0.000668999751329,-0.000697698716402
0.454609,0.000139061966424,0.000695,-0.000668965255903,-0.000697734448884
0.454915,0.000139288805674,0.000504,-0.000668967555675,-0.000697917400036
0.455225,0.000139508031289,0.000399,-0.000668994002262,-0.000698237664062
0.455539,0.000139598061111,0.000375,-0.000669044591719,-0.000698604185538
0.45585,0.00013945044669,0.000422,-0.000669121615542,-0.000698868898142
0.456162,0.000139235609161,0.000453,-0.000669179088044,-0.0006989218228
0.456474,0.000139013274934,0.000378,-0.000668945707407,-0.000698842973689
0.456786,0.000138584579255,0.000474,-0.000668797343169,-0.000698778156307
0.457098,0.000137877654329,0.000542,-0.000668685752597,-0.000698825689927
0.457409,0.000136873726237,0.000603,-0.000668538459807,-0.000698960702428
0.45772,0.000135767590851,0.000652,-0.000668327799542,-0.000699112950048
0.45803,0.000134730610692,0.000661,-0.000668075577791,-0.00069928133683
0.458338,0.000133811365418,0.000615,-0.00066782207247,-0.000699489578112
0.458645,0.000133002720953,0.000568,-0.000667613407551,-0.000699748402432
0.45895,0.000132381603432,0.000596,-0.000667588038859,-0.000700032944699
0.459253,0.000131974915588,0.000615,-0.00066779786732,-0.000700247315402
0.459555,0.000131811788922,0.000594,-0.000668258710713,-0.000700276393341
0.459854,0.000131887385858,0.000534,-0.000668873256117,-0.000700077119526
0.46015,0.000132214579873,0.000627,-0.000669593837684,-0.000699685866276
0.460445,0.000132670555982,0.000722,-0.000670422274748,-0.00069919175393
0.460738,0.000133011072336,0.000801,-0.00067133970444,-0.000698582569771
0.461029,0.00013309834432,0.000831,-0.000672289661667,-0.000697891423135
0.461319,0.000132994804705,0.001034,-0.000672426685672,-0.000696531048758
0.461608,0.000132871337686,0.001059,-0.000672382157127,-0.000695965148996
0.461896,0.000132829637681,0.000998,-0.000672321637406,-0.000695463853638
0.462185,0.000133025655838,0.000888,-0.000672253115378,-0.000694955490709
0.462477,0.000133513390518,0.000741,-0.000672183441367,-0.000694380065409
0.462779,0.000134226562981,0.000705,-0.000672121754362,-0.00069374060953
0.463086,0.000134963362646,0.000643,-0.000672090907911,-0.000693314553557
0.463398,0.000135742051527,0.000587,-0.000672128608862,-0.000693177915952
0.463717,0.000136565659971,0.00045,-0.000672129751269,-0.000693136370302
0.464034,0.000137458472368,0.000502,-0.000672052061434,-0.000693271926857
0.464349,0.000138477674205,0.000568,-0.000671941217582,-0.000693600818058
0.464665,0.000139196217757,0.000704,-0.000671658851051,-0.000694094272195
0.464984,0.000139473884906,0.000856,-0.000671098202923,-0.000694707097536
0.465306,0.000139560573831,0.000972,-0.000670624006242,-0.000695399658101
0.465629,0.000139561581708,0.000988,-0.000670311057292,-0.000696129232023
0.465951,0.000139480549848,0.000919,-0.000670186050527,-0.000696866357963
0.466266,0.000139275093562,0.00078,-0.000670150492258,-0.000697620745215
0.466575,0.000139045868334,0.000781,-0.000670140168401,-0.000698417176308
0.46688,0.00013881236937,0.000779,-0.000670289269441,-0.000699258672889
0.467184,0.000138621344785,0.000794,-0.000670716820373,-0.000700114826459
0.467486,0.000138482929107,0.000745,-0.000670422274748,-0.000700916728509
0.467784,0.000138353214666,0.000643,-0.000670167698198,-0.000701607740592
0.46807,0.000138245493791,0.000548,-0.000669972661791,-0.000702154026333
0.468333,0.000138236513723,0.000504,-0.000669800505687,-0.000702581809743
0.468581,0.000138415526614,0.000465,-0.000669623695169,-0.000702917116162
0.468822,0.000138764554437,0.000465,-0.000669623695169,-0.000702917116162
0.469061,0.000139198386294,0.000433,-0.000669452563902,-0.000703182619981
0.469299,0.000139632148254,0.00045,-0.000669315845235,-0.0007033966264
0.469535,0.000139986684049,0.000446,-0.000669260687307,-0.000703566691752
0.469769,0.000140263338672,0.000445,-0.000669327335681,-0.00070371103839
0.47,0.000140465997631,0.000444,-0.000669514591603,-0.000703844653012
0.470231,0.000140639495412,0.000438,-0.000669795914021,-0.000703967544787
0.470465,0.000140791246088,0.000431,-0.000670132138582,-0.000704077585685
0.470705,0.000140889613938,0.000407,-0.0006704944951,-0.000704167308625
0.470953,0.00014089754727,0.000382,-0.000670879488683,-0.000704232453788
0.471212,0.000140768270858,0.000426,-0.000671321395748,-0.000704269828065
0.471472,0.000140426451723,0.000456,-0.000671452974089,-0.000704274099221
0.471728,0.00013982316135,0.000532,-0.000671393482223,-0.000704230318025
0.471983,0.000139042979055,0.000601,-0.000671356868211,-0.000704114972334
0.472236,0.000138140897952,0.000657,-0.000671341992978,-0.000703914117545
0.472489,0.000137180883523,0.000691,-0.000671348858527,-0.00070364902825
0.472746,0.00013619996025,0.000711,-0.000671427805345,-0.000703369880945
0.473004,0.000135294681362,0.00071,-0.000671471277808,-0.00070312375107
0.473264,0.000134573842306,0.000671,-0.000671488436917,-0.000702957807961
0.473526,0.00013404873452,0.000592,-0.000671472421768,-0.000702910690818
0.473791,0.00013384244116,0.000491,-0.000671457550084,-0.000702978152536
0.47406,0.000133991521738,0.000577,-0.000671485005144,-0.000703065945304
0.474338,0.00013434285461,0.000662,-0.000671570792175,-0.000703058451441
0.474628,0.000134748703253,0.000678,-0.000671706876416,-0.000702947099936
0.474926,0.000135067757528,0.000597,-0.000671885214644,-0.000702810015589
0.475213,0.000135296363264,0.000564,-0.000672135463265,-0.000702605385446
0.475491,0.000135433513784,0.000596,-0.000672486050691,-0.000702296664178
0.475761,0.000135576206288,0.000619,-0.000672934477773,-0.000701852520928
0.47603,0.000135775677715,0.000644,-0.000672927634683,-0.000701240330489
0.476301,0.000135997608244,0.000733,-0.000672955006463,-0.00070045189972
0.476577,0.00013622126526,0.000867,-0.000672899120764,-0.000699517624296
0.476866,0.000136425637679,0.000983,-0.000672796456732,-0.000698456097645
0.477165,0.000136667164117,0.001045,-0.000672708604647,-0.000697324987211
0.477471,0.000137033673436,0.001047,-0.00067273484785,-0.000696188983193
0.477784,0.00013752551448,0.000965,-0.000672888855341,-0.000695575902904
0.478097,0.000138045570362,0.000801,-0.000673048515022,-0.000695378983104
0.478415,0.000138494360361,0.000935,-0.000672999482301,-0.000695664000645
0.478737,0.000138863675387,0.001015,-0.000672329631011,-0.000696285655427
0.479062,0.000139150757898,0.001025,-0.00067185663922,-0.000696780654341
0.479389,0.000139336706887,0.000948,-0.000671807485545,-0.000697123375406
0.479708,0.000139314805867,0.000965,-0.000671997214041,-0.000697302228905
0.480016,0.000139160673028,0.001034,-0.00067220628641,-0.000697336907789
0.480322,0.000138967482571,0.000946,-0.000672382157127,-0.000697231779567
0.480628,0.000138917317623,0.000896,-0.000672575084561,-0.000697550343477
0.480937,0.000139017516975,0.000845,-0.000672830680498,-0.000698227929514
0.481248,0.000139051422122,0.000738,-0.000673171645047,-0.000699022255271
0.481551,0.000138920230687,0.000847,-0.00067359096384,-0.000699598517377
0.481856,0.000138723651991,0.000813,-0.000674041781227,-0.000700086815884
0.482171,0.0001387545543,0.000851,-0.000673920010933,-0.000700773670508
0.482482,0.000139051965871,0.000938,-0.000673611464668,-0.000701367130222
0.482777,0.000139460949186,0.00093,-0.000673203562527,-0.000701848227637
0.483062,0.000139795440262,0.00089,-0.000672726860939,-0.000702284868708
0.483348,0.000139998760496,0.000854,-0.000672225703849,-0.000702736101919
0.483636,0.000140094046535,0.000821,-0.000671758326878,-0.000703209376132
0.483925,0.00014016354284,0.000812,-0.000671401491169,-0.000703663996967
0.484213,0.000140388277207,0.000829,-0.000671014622226,-0.000704056220545
0.4845,0.000140714338899,0.000769,-0.00067076035668,-0.000704607129291
0.484786,0.000141003176335,0.000659,-0.000670699633912,-0.000705309770021
0.485072,0.000141181762958,0.000702,-0.000670588480081,-0.000705864525294
0.48536,0.000141213987634,0.000743,-0.000670458959446,-0.000706279362383
0.485653,0.000141100884704,0.000734,-0.000670497933897,-0.000706637527546
0.485953,0.000141041005284,0.000847,-0.000670676717682,-0.000707064415789
0.48626,0.000141300465494,0.000973,-0.000670914993518,-0.000707613910291
0.486574,0.000141967484157,0.001068,-0.000671192070898,-0.000708208289537
0.48689,0.000142888915186,0.001115,-0.000671504451536,-0.000708653841349
0.487203,0.000143754043259,0.001092,-0.000671068436109,-0.000708747977082
0.487515,0.000144346820037,0.000746,-0.000670645779053,-0.000708582962565
0.487823,0.000144578163202,0.000568,-0.000670415396058,-0.000708334272574
0.488127,0.000144469050386,0.00069,-0.000670480739672,-0.000708100276956
0.488426,0.000144108719216,0.000761,-0.000670703071253,-0.000707865104166
0.488718,0.000143564809601,0.000791,-0.000670959657196,-0.000707196013969
0.489005,0.000143025936716,0.000791,-0.000670959657196,-0.000707196013969
0.489284,0.000142555942621,0.000767,-0.000670080515146,-0.000706699142501
0.489556,0.000142089644307,0.000695,-0.000669282521403,-0.000706108153787
0.489822,0.000141665259852,0.000668,-0.000668610961059,-0.000705502571577
0.490086,0.000141233692379,0.000815,-0.00066823337568,-0.000704898336203
0.49035,0.000140679112904,0.000893,-0.000668148148148,-0.000704282641416
0.490618,0.000139998527604,0.000735,-0.000668159666256,-0.000703632989808
0.49089,0.000139285346537,0.000709,-0.000668067513749,-0.000702918187044
0.491166,0.000138591533137,0.000825,-0.000668123959233,-0.000702102537356
0.491447,0.000137843332409,0.000925,-0.000668379609717,-0.000701842860967
0.491732,0.000137120031563,0.000925,-0.000668627070979,-0.000701758059441
0.492021,0.000136353479167,0.000925,-0.000668627070979,-0.000701758059441
0.492311,0.000135666355316,0.000844,-0.000668850253446,-0.000701676463756
0.492599,0.000135189866311,0.000673,-0.000669044591719,-0.000701615257678
0.492886,0.000134963765086,0.000644,-0.000669241150704,-0.00070172692592
0.493172,0.000134953652774,0.000664,-0.000669359507483,-0.000702081081947
0.493457,0.000135040384629,0.000726,-0.000669350315757,-0.000702643961312
0.493739,0.000135147331655,0.00078,-0.000669280223123,-0.000703324945142
0.494021,0.000135182976018,0.000818,-0.000669213568279,-0.000704040196049
0.494301,0.000135106686085,0.000813,-0.000669176789275,-0.000704703151608
0.49458,0.000134931680139,0.000745,-0.000669149203192,-0.000705244774775
0.494861,0.000134676667194,0.000607,-0.000669126213592,-0.00070566974388
0.495142,0.000134504914694,0.000555,-0.000669105522022,-0.000706037950751
0.495424,0.000134455331347,0.00054,-0.000668919258189,-0.000706376104693
0.495708,0.00013454847176,0.000473,-0.000668612111785,-0.000706673647644
0.495994,0.000134814983738,0.000487,-0.000668296710784,-0.000706887124066
0.49628,0.000135264476403,0.000469,-0.000667896985532,-0.000706948706074
0.496567,0.000135781510435,0.000475,-0.000667381580742,-0.000706840401259
0.496853,0.000136354684215,0.000577,-0.000666787091874,-0.000706633277938
0.49714,0.000136881800024,0.00071,-0.000666159493698,-0.000706426062652
0.497426,0.000137316689023,0.000793,-0.00066558087857,-0.000706265540416
0.497712,0.000137642732921,0.000798,-0.000665119809209,-0.000706164521313
0.497998,0.00013780529803,0.000738,-0.000664792857678,-0.000706106026577
0.498284,0.000137690057138,0.000608,-0.000664587531374,-0.000706059225513
0.49857,0.000137311929094,0.00052,-0.000664428547124,-0.000706012419757
0.498847,0.000136834357895,0.000541,-0.000664267188961,-0.000705969864998
0.499121,0.000136449941802,0.00052,-0.000664123198496,-0.000705920922232
0.499396,0.000136219240421,0.0005,-0.000664067448841,-0.000705850691043
0.499671,0.000136167451994,0.000557,-0.000664145264308,-0.000705751710985
0.499945,0.000136277052499,0.000543,-0.000664338007389,-0.000705609057667
0.500228,0.000136610335315,0.000694,-0.000664638581016,-0.000705382213084
0.500513,0.000136962616468,0.000822,-0.00066505490011,-0.000705036942443
0.5008,0.000137123268316,0.000895,-0.000665587826027,-0.000704562312128
0.501089,0.00013710018514,0.00088,-0.000666208066085,-0.00070399211927
0.501379,0.000137144903056,0.000834,-0.000666847150917,-0.000703395556611
0.50167,0.000137416381016,0.00076,-0.000667449640868,-0.000703450112729
0.501962,0.000137888162972,0.000781,-0.00066798456155,-0.000703753799219
0.502255,0.000138467676782,0.000934,-0.000668502780615,-0.000704061561921
0.502547,0.000139104199571,0.001003,-0.000668763983726,-0.000704314673258
0.502838,0.000139720594918,0.000985,-0.000669003200737,-0.000704472664918
0.503127,0.00014023681061,0.00093,-0.00066926988073,-0.000704518557898
0.503417,0.000140556478848,0.000898,-0.000669561681415,-0.00070445451994
0.503706,0.000140585121793,0.000907,-0.000669908397326,-0.00070434350004
0.503998,0.000140284103941,0.000934,-0.000670352336851,-0.000704186532731
0.504288,0.000139833872936,0.000929,-0.000670887506131,-0.000703965407814
0.504577,0.000139346735404,0.000883,-0.000671468989881,-0.000703672550305
0.504866,0.000138889415241,0.000793,-0.000672040635406,-0.000703312105549
0.505156,0.000138546379087,0.000671,-0.000672553398333,-0.000702897839865
0.505446,0.000138413143251,0.000606,-0.000672894558381,-0.000702448906324
0.505738,0.000138450056348,0.0006,-0.000673138585435,-0.000701968424942
0.506029,0.000138650756717,0.000569,-0.000673372234207,-0.00070145307666
0.506318,0.000139019963946,0.000562,-0.00067405316006,-0.000700628416678
0.506605,0.000139577731175,0.000562,-0.00067405316006,-0.000700628416678
0.50689,0.000140330329529,0.000609,-0.000674516051171,-0.000700681143632
0.507174,0.000141176839417,0.000646,-0.000674805842956,-0.000700699435274
0.507455,0.000142053545575,0.000663,-0.000675123845384,-0.000700697283353
0.507733,0.000142806592926,0.000665,-0.000675447311309,-0.000700699435274
0.508012,0.00014337253625,0.00063,-0.000675751284979,-0.000700732788787
0.508292,0.000143744314792,0.000664,-0.000676032403418,-0.000700801640161
0.508574,0.000143917115226,0.000684,-0.000676303164921,-0.000700903822809
0.508861,0.000143910880632,0.000711,-0.000676308827764,-0.000701005983224
0.509151,0.000143815748119,0.000714,-0.000676169502522,-0.000701033939043
0.509444,0.000143822129913,0.000679,-0.000675940604536,-0.000700985552919
0.509738,0.0001440255502,0.0006,-0.000675674175472,-0.000700844667144
0.510029,0.000144336216362,0.000492,-0.000675399656273,-0.00070060151289
0.510314,0.000144645008361,0.00048,-0.000675122710034,-0.000700290393188
0.510596,0.000144850997178,0.000496,-0.000674849012721,-0.000700328083012
0.510875,0.000144895474665,0.000489,-0.000674577433365,-0.000700800564436
0.511155,0.000144777009662,0.000485,-0.000674307975674,-0.000701297287149
0.511435,0.000144562714425,0.000507,-0.000674034953799,-0.00070179777852
0.511718,0.000144261389262,0.000554,-0.000673752668964,-0.000702302025656
0.512002,0.000143896006608,0.000598,-0.000673434901251,-0.000702830366582
0.512287,0.00014351404346,0.000596,-0.000673074739785,-0.00070340625439
0.512574,0.000143202310171,0.000628,-0.000672685783312,-0.000704033786097
0.51286,0.000143058855812,0.000628,-0.00067230679179,-0.000704704218412
0.513147,0.00014318046146,0.000637,-0.000671978930195,-0.000705383278339
0.513432,0.000143550563426,0.000615,-0.000671777762297,-0.000706008164455
0.513715,0.000143980527144,0.000627,-0.000671671429584,-0.00070648664279
0.513997,0.000144415595944,0.000633,-0.000671626831495,-0.000706734195656
0.51428,0.000144924106932,0.000612,-0.000671623400702,-0.000706821286034
0.514562,0.000145420826537,0.000561,-0.000671669142602,-0.000706866948883
0.514842,0.000145857929508,0.000628,-0.000671792624149,-0.000706916854326
0.515122,0.00014624181612,0.000696,-0.000672005213006,-0.000706914730799
0.515401,0.000146724170582,0.000738,-0.000672285093532,-0.000706769246177
0.51568,0.00014722943061,0.000741,-0.000672581932642,-0.000706428188404
0.515959,0.000147806315388,0.000708,-0.000672863761169,-0.00070591879417
0.516238,0.000148528991194,0.000631,-0.00067312604499,-0.000705349188962
0.516517,0.000149360981202,0.000529,-0.000673375652619,-0.000704785288388
0.516797,0.000150253848192,0.0005,-0.000673614881388,-0.000704257014364
0.517079,0.000151225727733,0.000539,-0.000673852853433,-0.000703722798007
0.517362,0.000152253366945,0.000541,-0.000674041781227,-0.000703643682164
0.517645,0.000153174168716,0.000606,-0.000674130529014,-0.000703585940542
0.517928,0.000153781992631,0.00067,-0.000674178309529,-0.000703464018173
0.518212,0.000154017453335,0.0007,-0.00067415328223,-0.000703328154985
0.518501,0.000153951467269,0.000686,-0.000674049746438,-0.000703183690257
0.518793,0.000153675819244,0.000705,-0.000673907490751,-0.000703032757289
0.519084,0.000153249864515,0.000759,-0.000673739005835,-0.000702876420828
0.519372,0.000152775448148,0.000762,-0.000673563628049,-0.000702703961905
0.519661,0.000152298977433,0.000734,-0.000673432622592,-0.000702488566934
0.519949,0.000151841193874,0.000653,-0.000673393883741,-0.000702203364631
0.52024,0.000151433293742,0.000532,-0.000673453130138,-0.000701822467064
0.520533,0.000151089975711,0.000542,-0.000673595519655,-0.000701345641152
0.520826,0.00015080139382,0.000501,-0.000673801625334,-0.000700807018749
0.521116,0.000150640406352,0.00051,-0.000674055435794,-0.000700258085219
0.521408,0.0001506219563,0.000869,-0.000674662673466,-0.000700277470267
0.521702,0.000150601547222,0.000869,-0.000674662673466,-0.000700277470267
0.521998,0.000150528042928,0.000979,-0.000675088648289,-0.000700353925715
0.522296,0.00015040598353,0.000976,-0.000675629945337,-0.000700416373047
0.522594,0.000150315982363,0.000894,-0.00067555962241,-0.000700496035179
0.522893,0.000150298777742,0.000781,-0.000675464329824,-0.000700613350746
0.523193,0.000150244671002,0.000683,-0.000675481347738,-0.000700782276732
0.523494,0.000150090298254,0.000652,-0.000675523322693,-0.000701017810889
0.523797,0.00014981627495,0.000658,-0.000675530129098,-0.000701312331151
0.524105,0.000149406967242,0.000628,-0.000675511978471,-0.000701701158685
0.52441,0.000148837549113,0.000514,-0.000675500633982,-0.000702076790747
0.524708,0.000148102928174,0.000423,-0.000675555085095,-0.000702354564904
0.525001,0.000147279599159,0.00041,-0.000675693454005,-0.000702656819229
0.525292,0.000146435550243,0.000407,-0.000675864658914,-0.000702992071999
0.525583,0.000145531171982,0.000427,-0.00067598480618,-0.000703292845499
0.525876,0.000144526636743,0.000457,-0.000676032403418,-0.000703542094925
0.526173,0.000143498499522,0.000494,-0.000676047134944,-0.00070374097138
0.526472,0.000142506672224,0.000524,-0.000675936070805,-0.000703918391949
0.526774,0.000141566917976,0.00052,-0.000675650359749,-0.000704113904186
0.527077,0.0001406752746,0.000482,-0.000675181744697,-0.000704344567664
0.527383,0.000139779718871,0.000578,-0.000674558110183,-0.00070458578832
0.527689,0.000138874305528,0.000653,-0.000673815286692,-0.000704782088524
0.527994,0.000138162708287,0.000726,-0.00067298807863,-0.000704879141331
0.528298,0.000137673663878,0.000765,-0.000672114899765,-0.000704861012117
0.528599,0.000137349762632,0.000759,-0.000671247009566,-0.000704725553979
0.528897,0.00013708247252,0.000681,-0.000670466983854,-0.000704476934222
0.52919,0.000137008954951,0.000568,-0.000669816576175,-0.000704093608901
0.529481,0.000137374245814,0.000568,-0.000669281372265,-0.000703598772629
0.529769,0.000138313311221,0.000567,-0.000668910058123,-0.00070304453395
0.530058,0.000139832843352,0.000578,-0.000668715665987,-0.000702463913436
0.530351,0.000141594296237,0.000606,-0.000668653536116,-0.000701864327277
0.530647,0.000143351328835,0.000596,-0.000668601755151,-0.00070125430163
0.530946,0.000144928656789,0.000559,-0.000668531554361,-0.000700653166802
0.531236,0.000146231511861,0.000505,-0.000668461343425,-0.000700191308374
0.531522,0.000147454040101,0.000475,-0.000668406088339,-0.000699987688131
0.531808,0.000148575939987,0.000509,-0.000668381912263,-0.000699754871215
0.532094,0.000149470770416,0.000518,-0.000668436018957,-0.000699995231195
0.53238,0.00015000038038,0.000591,-0.000668593699838,-0.000700445440525
0.532667,0.00015008403853,0.00063,-0.000669307801761,-0.000701490673277
0.532955,0.000149765797855,0.000635,-0.000669855602288,-0.000701979155347
0.533245,0.000149172979757,0.000635,-0.000669855602288,-0.000701979155347
0.533538,0.000148410326656,0.000614,-0.000669995611322,-0.000702342770891
0.533835,0.000147495050875,0.000693,-0.00067000708568,-0.000702604313849
0.534136,0.000146431401488,0.000778,-0.000670062158821,-0.000702856071836
0.534441,0.000145229470225,0.000854,-0.000670276654975,-0.000703180479423
0.534749,0.000143926696423,0.000922,-0.000670688175932,-0.000703537817084
0.535057,0.000142570732413,0.000952,-0.000671287065083,-0.000703864959095
0.535365,0.000141299592881,0.000943,-0.000672050918843,-0.00070413740289
0.535669,0.00014025798051,0.000896,-0.000672940180274,-0.000704539901936
0.535969,0.000139422242797,0.000858,-0.000673917734561,-0.000705275675281
0.536267,0.000138674647792,0.000916,-0.000674959191719,-0.000705961353581
0.536564,0.000138007296287,0.000947,-0.000676033536628,-0.000706558903548
0.536862,0.000137455523512,0.00093,-0.000677086270024,-0.000706997541197
0.537161,0.000137117681853,0.000835,-0.000677801493755,-0.000707220419228
0.537462,0.000137121466892,0.000664,-0.00067822470355,-0.000707222541364
0.537762,0.000137432971109,0.000597,-0.000678433349946,-0.000707048494137
0.538061,0.00013792647217,0.000733,-0.00067845702841,-0.00070674375515
0.538356,0.00013852514015,0.000763,-0.000678365690764,-0.000706384608553
0.538646,0.000139109068077,0.000727,-0.000678250648301,-0.00070597305674
0.538932,0.000139651167612,0.000648,-0.000678126552047,-0.000705497246636
0.539216,0.000140152948678,0.000565,-0.000678005809506,-0.000704961247205
0.539499,0.000140566530192,0.000549,-0.000677904226886,-0.000704375527715
0.539782,0.0001408226238,0.000573,-0.000677826332347,-0.000703763419867
0.540066,0.000140887288389,0.000576,-0.00067777665388,-0.000703147299522
0.540351,0.000140790727685,0.000566,-0.000677629846619,-0.00070254108528
0.540637,0.000140607538936,0.00055,-0.000677450229134,-0.000701951255784
0.540924,0.000140360777999,0.000576,-0.000677081747063,-0.000701182292066
0.541211,0.000140092347891,0.000576,-0.000677081747063,-0.000701182292066
0.541501,0.000139771140463,0.000534,-0.000676904187235,-0.000700987703519
0.541793,0.000139406894895,0.000536,-0.000676771822992,-0.000700869405874
0.542089,0.000139066306489,0.000631,-0.000676725430331,-0.000700795185774
0.54239,0.000138825381715,0.000679,-0.000676158173496,-0.000700729561132
0.542696,0.000138725136181,0.000615,-0.000675460926169,-0.000700666079392
0.543008,0.000138748829574,0.000524,-0.00067491603181,-0.000700654242864
0.543326,0.000138944487602,0.000562,-0.000674584253127,-0.000700758609235
0.543647,0.000139226005118,0.000497,-0.000674487630845,-0.000700953292733
0.543968,0.000139219246408,0.000534,-0.00067464562665,-0.000701174768041
0.544287,0.000138721972391,0.000496,-0.000675064803636,-0.00070145844779
0.544606,0.000137886181548,0.000533,-0.000675669639235,-0.000701782750075
0.544923,0.00013699582346,0.000617,-0.000675891864691,-0.000702185131517
0.545241,0.000136175976974,0.000634,-0.000676226143659,-0.000702624673776
0.545557,0.000135533077859,0.000595,-0.00067659980826,-0.000703043463357
0.545873,0.000135139841481,0.000522,-0.000676915498731,-0.000703398765971
0.546187,0.000134907038771,0.00046,-0.000677194808367,-0.00070364902825
0.546496,0.000134767669109,0.000426,-0.000676855544776,-0.000703775178168
0.546802,0.000134742990483,0.000416,-0.000676630367995,-0.000703792280625
0.547103,0.000134862588727,0.000398,-0.00067642773208,-0.000703684310889
0.547398,0.000135101794599,0.000373,-0.000676232940148,-0.00070342871893
0.547689,0.000135414872024,0.000338,-0.000676130982747,-0.000703085214685
0.547976,0.000135849205156,0.000422,-0.000676245400129,-0.000702677176875
0.548261,0.000136436514712,0.000491,-0.000676634895199,-0.000702222669509
0.548548,0.000137023862126,0.000594,-0.000677306712907,-0.000701743029723
0.548837,0.000137457369559,0.000785,-0.00067778568671,-0.000701251077558
0.549126,0.000137556486358,0.000851,-0.000677538351749,-0.000700760760875
0.549413,0.000137385156483,0.000789,-0.000677186894939,-0.000700274239481
0.549698,0.000137104451148,0.000674,-0.000676442451525,-0.000699789369887
0.549983,0.000136815492765,0.00077,-0.000675722937329,-0.000699310474578
0.550267,0.000136519057614,0.000868,-0.00067510795024,-0.00069890238178
0.550553,0.000136292536903,0.000922,-0.000674680856073,-0.000699244642284
0.550841,0.000136136930977,0.000904,-0.000674495588705,-0.000699489578112
0.551133,0.000135990363562,0.000825,-0.000674531965822,-0.000699637341113
0.551429,0.000135789354838,0.000717,-0.000674706992371,-0.000699706353174
0.55173,0.000135507371561,0.000736,-0.000674902401563,-0.000699708509638
0.552035,0.000135194909868,0.000833,-0.000675047771019,-0.000699665378485
0.552345,0.000134990373611,0.00089,-0.000674989855625,-0.000699614694323
0.552658,0.000134990212383,0.000883,-0.000674933069078,-0.000699610380525
0.552965,0.000135120794478,0.0008,-0.000674997805208,-0.000699637341113
0.553267,0.0001353947556,0.000686,-0.000675134063415,-0.000699672926722
0.553566,0.000135659633578,0.000472,-0.000675328164888,-0.000699698805473
0.553863,0.000135833508001,0.000512,-0.000675603858996,-0.000699705274939
0.554159,0.000135945534452,0.000555,-0.000676007472118,-0.000699683709708
0.554455,0.000136033287045,0.000616,-0.000676551135049,-0.000699633027523
0.554747,0.000136141045628,0.00071,-0.000676952824782,-0.000699558611863
0.555041,0.000136313210767,0.000707,-0.000677024075572,-0.000699468002987
0.555338,0.000136431388668,0.000684,-0.000676917760998,-0.000699364428604
0.555639,0.000136434492083,0.000639,-0.000676795583355,-0.000699243562989
0.555938,0.000136291505939,0.000582,-0.000676663189256,-0.000699098915095
0.556226,0.000136129800125,0.000474,-0.000676518306152,-0.000698952062789
0.556506,0.000136022493718,0.000503,-0.000676358657906,-0.000698815967531
0.55678,0.000135996115829,0.00052,-0.000676180831282,-0.000698696041472
0.557049,0.000135964746273,0.000511,-0.000675992739379,-0.000698599862464
0.557316,0.000135830531482,0.000571,-0.000675807975279,-0.000698540416171
0.557582,0.000135502733408,0.000634,-0.000675634481948,-0.000698524202243
0.55785,0.000134946718747,0.000676,-0.000675475675167,-0.00069853717343
0.558119,0.000134115295708,0.00068,-0.000675332704339,-0.000698566357295
0.55839,0.000133113535484,0.000634,-0.00067524531241,-0.000698610670074
0.558661,0.000132116286693,0.000533,-0.000675266878124,-0.000698684155244
0.558933,0.000131121005225,0.000485,-0.000675378096495,-0.000698801923717
0.559206,0.00013010723899,0.000438,-0.000675539204155,-0.000698962862314
0.559482,0.000129064660111,0.000513,-0.000675701392,-0.000699158290881
0.559762,0.00012808489333,0.000554,-0.000675826114767,-0.000699367665649
0.560043,0.000127385772788,0.00056,-0.000675889597601,-0.000699558611863
0.560327,0.000127108129743,0.00054,-0.000675910001023,-0.000700030789723
0.560612,0.000127282351397,0.00051,-0.000675922469355,-0.000700567073792
0.560901,0.000127842660264,0.000465,-0.000675966672662,-0.000701060818068
0.5612,0.000128631024842,0.000422,-0.000675720669445,-0.000701514303895
0.561511,0.000129492199822,0.000509,-0.000675223745732,-0.000701956621214
0.561827,0.000130253411296,0.000595,-0.000674721764434,-0.00070241245848
0.562145,0.00013083973422,0.000609,-0.000674287504387,-0.000702876420828
0.562465,0.000131254616348,0.00059,-0.000673941635937,-0.000703336714459
0.562787,0.000131600245861,0.000617,-0.000673659296551,-0.000703794418388
0.563112,0.000132038850444,0.000622,-0.000673413253555,-0.000704258082186
0.56344,0.000132588613842,0.000651,-0.000673294743717,-0.000704713819538
0.563768,0.000133248777555,0.000697,-0.000673412114175,-0.000705116888891
0.564095,0.000134046817876,0.000727,-0.000673200142898,-0.000705374756228
0.564422,0.000134809615686,0.000736,-0.000673196723244,-0.000705482336477
0.564752,0.000135297346025,0.000665,-0.000673216100961,-0.000705742131156
0.565081,0.000135476603383,0.000559,-0.000673151125554,-0.000705885807958
0.565409,0.000135456076169,0.00054,-0.000673045094296,-0.000705896448926
0.565733,0.000135306254906,0.000617,-0.000672945882708,-0.00070579960718
0.566053,0.000135121526273,0.000637,-0.000672925353631,-0.000705892192567
0.566364,0.000134974644524,0.000581,-0.000673164805312,-0.000705894320751
0.566668,0.000134783489049,0.00054,-0.000673621714756,-0.00070589538484
0.566966,0.000134374073004,0.000551,-0.000673849438396,-0.000705956033867
0.567263,0.000133611300312,0.000769,-0.000674069089975,-0.000706067735146
0.567562,0.000132455616334,0.001001,-0.000674375069919,-0.000706209185085
0.567864,0.000130996627167,0.001157,-0.00067482402017,-0.000706365474651
0.568164,0.000129533367564,0.001202,-0.000675408733786,-0.000706523837225
0.568463,0.000128300570208,0.001192,-0.000676066398568,-0.000706656650299
0.568761,0.000127312506334,0.001159,-0.000676072064193,-0.000706735257831
0.569059,0.000126553135515,0.001092,-0.000675987072822,-0.000706754376581
0.569356,0.000126032861441,0.000984,-0.000675891864691,-0.000706750128037
0.569654,0.00012570500541,0.00085,-0.000675792102667,-0.000706778804953
0.569951,0.000125482501527,0.00071,-0.000675699124015,-0.000706886062236
0.570247,0.000125334194398,0.000564,-0.000675639018516,-0.000707075029922
0.570544,0.00012528290501,0.000454,-0.000675770560429,-0.000707287261874
0.570842,0.000125400164674,0.000411,-0.000676115120768,-0.000707448493588
0.571141,0.000125596819218,0.000459,-0.000676634895199,-0.000707525907428
0.57144,0.000125802012557,0.000562,-0.000677270544588,-0.000707543933464
0.57174,0.000125975126032,0.000579,-0.000677924545126,-0.000707574682151
0.57204,0.000126091779008,0.000654,-0.000678176194392,-0.000707695536649
0.572342,0.000126113358973,0.000772,-0.000678048693506,-0.000707900069794
0.572645,0.000126086283854,0.000773,-0.000677752941894,-0.000708078035963
0.572947,0.000126050647938,0.000728,-0.00067727845664,-0.000708125693934
0.573239,0.000126043268389,0.000672,-0.000676808028792,-0.000708013425153
0.573522,0.000126186326098,0.00076,-0.00067637677668,-0.000707772909481
0.573806,0.000126454845349,0.000869,-0.000675906600513,-0.000707437887952
0.574097,0.000126763684578,0.000971,-0.000675471137062,-0.000707043186798
0.574388,0.000127002784838,0.001012,-0.000674990991288,-0.000706625841033
0.574676,0.000127168495349,0.000981,-0.000673875619733,-0.000706199614637
0.574957,0.000127446559747,0.000892,-0.000672859198453,-0.000705772998789
0.575234,0.000127864484124,0.000755,-0.000671288209478,-0.000705011356691
0.575507,0.000128382147789,0.000755,-0.000671288209478,-0.000705011356691
0.575778,0.000128861723257,0.000822,-0.000670744317443,-0.000704727687482
0.576048,0.00012908529173,0.000867,-0.000670301883579,-0.000704511087255
0.576319,0.000129037400957,0.000877,-0.00066991643085,-0.000704355243775
0.576591,0.000128814585844,0.000787,-0.000669608766656,-0.000704238861019
0.576867,0.000128534037096,0.0005,-0.000669385932725,-0.000704139539077
0.57715,0.00012825763879,0.000425,-0.000669228508954,-0.00070404233268
0.57744,0.000127978992244,0.00043,-0.000669121615542,-0.000703949380209
0.577733,0.000127695428914,0.000485,-0.000669014698586,-0.000703878852224
0.578029,0.000127326761686,0.000567,-0.000668881306794,-0.000703867096527
0.578324,0.00012699077077,0.000634,-0.000668742126297,-0.000703934420615
0.578617,0.00012676978507,0.000651,-0.000668667343441,-0.000704060493651
0.57891,0.000126659284661,0.000607,-0.000668747878347,-0.00070458365417
0.579201,0.000126525912589,0.000645,-0.000669003200737,-0.000705077450352
0.579491,0.000126372862252,0.000711,-0.000669366401163,-0.000705433342603
0.57978,0.000126152018846,0.000773,-0.000669782138762,-0.000705699551764
0.58007,0.000125879132424,0.00079,-0.000670331697511,-0.000705926242347
0.58036,0.000125615864202,0.000751,-0.000670838253996,-0.000706125171115
0.58065,0.000125461251944,0.000858,-0.000671387761466,-0.000706303815629
0.580943,0.000125286563947,0.000959,-0.00067206805742,-0.000706474952498
0.581237,0.000125144479115,0.000971,-0.000672773639543,-0.000706660899693
0.581534,0.000125015572314,0.000866,-0.000673416671676,-0.00070688075305
0.581833,0.000125022468605,0.000692,-0.000673957569531,-0.000707145077143
0.582132,0.000125104784903,0.00061,-0.000674411456119,-0.000707442130235
0.58243,0.000125228018922,0.000567,-0.000674563793552,-0.000707730514999
0.582727,0.000125281104771,0.000552,-0.000674504683241,-0.000707905367387
0.583023,0.000125286377376,0.000571,-0.000674659264151,-0.00070771567602
0.583316,0.000125293695945,0.000571,-0.000674659264151,-0.00070771567602
0.583608,0.000125418137231,0.00058,-0.000674931933278,-0.000707430463862
0.583898,0.000125630483732,0.00058,-0.000675302062218,-0.000707079275507
0.584186,0.000125894906117,0.000622,-0.000675743347805,-0.000706664086714
0.584473,0.000126223944384,0.000669,-0.000676214815964,-0.000706145378388
0.584762,0.000126598018564,0.000697,-0.000676460567149,-0.000705484466528
0.585053,0.000127012160879,0.00076,-0.000676085323077,-0.000704674346983
0.585344,0.000127502067516,0.000868,-0.000675509369692,-0.000703747385343
0.585637,0.000128056964122,0.000928,-0.00067494408549,-0.000702754313616
0.585929,0.000128591113095,0.000934,-0.000674370178465,-0.000701886865844
0.586219,0.000129132126083,0.000902,-0.000673771679791,-0.00070174947109
0.586508,0.000129594078102,0.000845,-0.000673163319086,-0.00070156693145
0.5868,0.000130084901692,0.000769,-0.000672598704623,-0.000701330598219
0.587095,0.000130664926698,0.000671,-0.000672136256602,-0.000701039314971
0.587393,0.000131404588347,0.00058,-0.000671817424015,-0.000700727409349
0.587693,0.000132288810575,0.000547,-0.000671634486163,-0.000700463741348
0.588,0.000133256414715,0.000505,-0.000671514395622,-0.000700288239393
0.588312,0.000134112169386,0.00046,-0.000671473214866,-0.000700180537027
0.58863,0.000134803324855,0.000435,-0.000671628768241,-0.000700080351667
0.588951,0.00013537666192,0.000511,-0.000672045999155,-0.000699969368758
0.589275,0.00013577799172,0.00058,-0.000672708257149,-0.000699928416988
0.589596,0.000135949889616,0.000746,-0.000673558726746,-0.000700071732574
0.589917,0.000135986912595,0.000893,-0.000674574817658,-0.00070042498582
0.590237,0.000135865543715,0.000995,-0.000675704454584,-0.000700868330304
0.590558,0.000135614361785,0.00102,-0.000676518306152,-0.000701255376316
0.590879,0.000135306773708,0.001051,-0.000676647344789,-0.000701551895608
0.5912,0.000134859488156,0.001084,-0.000676787663364,-0.000701821393676
0.591519,0.000134248364595,0.00104,-0.000677021813805,-0.000702111119245
0.591838,0.000133521094455,0.000964,-0.000677367740784,-0.000702422106715
0.592153,0.000132793649196,0.000856,-0.000677811655152,-0.000702777880644
0.592465,0.000132078182755,0.000833,-0.000678322835024,-0.000703238271058
0.592773,0.000131513319256,0.000804,-0.000678881914922,-0.000703811520142
0.593078,0.000131201616137,0.000691,-0.000679231009874,-0.000704402215769
0.593382,0.000131039587632,0.000586,-0.000679216375502,-0.000704888738866
0.59368,0.000130947312928,0.000535,-0.000679182602175,-0.000705211740941
0.593963,0.000131014489374,0.000585,-0.000679147700575,-0.000705400322095
0.594245,0.000131237618577,0.000639,-0.000679119552277,-0.000705507896458
0.594529,0.000131644878332,0.000642,-0.000679091402329,-0.000705532390129
0.594814,0.000132206549237,0.000587,-0.000679044106704,-0.000705467425841
0.595098,0.000132861829673,0.000474,-0.00067870276455,-0.000705325751073
0.595377,0.000133476322127,0.000481,-0.000678206654202,-0.000705142468868
0.59565,0.000134093949808,0.00051,-0.000677630976077,-0.000704961247205
0.595917,0.000134733403842,0.00055,-0.000677009373892,-0.00070480875339
0.59618,0.000135327270952,0.000564,-0.000676371114637,-0.000704667945714
0.596439,0.000135848016159,0.000549,-0.000675749017228,-0.000704497212886
0.596694,0.000136301687542,0.00045,-0.000675238501984,-0.000704302928504
0.596949,0.000136738682736,0.000453,-0.000674892178625,-0.00070414274334
0.597203,0.000137172476653,0.000456,-0.000674653581906,-0.000704077585685
0.597457,0.000137627907862,0.000447,-0.000674448976516,-0.000704132062379
0.597715,0.000138119607595,0.000477,-0.00067424200953,-0.000704271963648
0.597974,0.000138599010851,0.000534,-0.000674050884315,-0.000704418227871
0.598234,0.00013903652037,0.000567,-0.00067393253079,-0.000704487607313
0.598497,0.000139382350367,0.000579,-0.000673958707625,-0.000704440643893
0.598765,0.00013949574784,0.000568,-0.000673687765662,-0.000704260217822
0.599046,0.000139380564316,0.000546,-0.000673470219096,-0.000703975024114
0.599327,0.000139139584697,0.000486,-0.000673401859641,-0.00070365009746
0.599607,0.00013893923978,0.00046,-0.000673474776049,-0.00070331531548
0.599888,0.000138828454523,0.000457,-0.000673638797752,-0.000703414812437
0.60018,0.0001388446223,0.000531,-0.000673868789956,-0.000703596633972
0.600476,0.000138919552907,0.000704,-0.000674164658436,-0.0007038104513
0.600771,0.000138884911161,0.00088,-0.000674509230445,-0.000704082926818
0.601066,0.000138630633853,0.001065,-0.000674825156223,-0.00070439154073
0.601361,0.000138170416771,0.001216,-0.000674911488437,-0.000704607129291
0.601654,0.000137651656053,0.001282,-0.000674566066881,-0.000704626335331
0.601945,0.000137277690078,0.001249,-0.000674255658437,-0.000704443846094
0.602234,0.000137181726209,0.001121,-0.000673972364541,-0.000704101086213
0.602521,0.000137386071545,0.0009,-0.000673672961934,-0.000703640474483
0.602808,0.000137766976871,0.000669,-0.000673348304646,-0.000703779453841
0.603095,0.000138152800167,0.000693,-0.000673027990302,-0.000704418227871
0.603383,0.000138448626379,0.000762,-0.000672735988827,-0.000704974041627
0.603674,0.000138643836569,0.000794,-0.000672466643698,-0.000705424821405
0.603967,0.000138537599065,0.000776,-0.000672208570855,-0.000705758097428
0.604263,0.000138192573257,0.000722,-0.000671961788462,-0.000705975184555
0.604562,0.000137785848873,0.000717,-0.000671735460681,-0.000706046460772
0.604863,0.000137437334098,0.000717,-0.000671546773338,-0.000705925178329
0.605166,0.000137180509608,0.000717,-0.00067140606765,-0.000705584568015
0.605469,0.000137013417425,0.0007,-0.000671352291265,-0.000705043338662
0.605768,0.000136950352326,0.000644,-0.000671360300893,-0.000704378730362
0.606064,0.000137032695686,0.000646,-0.000671348858527,-0.000703712107458
0.606359,0.000137273577104,0.000623,-0.000671243576082,-0.000703122680657
0.606653,0.00013767599106,0.000531,-0.000671045537315,-0.000703504662491
0.606943,0.000138161329633,0.000467,-0.000670803889077,-0.000703786936174
0.607227,0.000138549801914,0.000498,-0.000670567850793,-0.000703975024114
0.607501,0.000138759922096,0.000529,-0.000670370682193,-0.000704067971493
0.607768,0.000138802205442,0.000545,-0.000670206696068,-0.000704064766718
0.608032,0.000138732668608,0.000566,-0.000670074778869,-0.000703955791317
0.608294,0.000138621073846,0.000597,-0.000669976104289,-0.000703714245588
0.608558,0.000138489068498,0.000635,-0.000669912987927,-0.000703379509485
0.608827,0.000138319210833,0.000674,-0.000669893477572,-0.000702955666376
0.609104,0.000137959324084,0.000695,-0.00066994512092,-0.000702400665924
0.609387,0.00013728651468,0.000688,-0.000670112637041,-0.000701719410622
0.609669,0.00013630305279,0.000702,-0.000670418835415,-0.000700965121725
0.609947,0.000135109860783,0.000714,-0.000670126402916,-0.000700759685057
0.610222,0.00013386363727,0.000687,-0.000669802801504,-0.00070081454867
0.610494,0.000132587124231,0.000632,-0.000669505402814,-0.000700937161809
0.610767,0.000131363560794,0.000571,-0.000669245747623,-0.000701132846267
0.611041,0.000130366947846,0.000513,-0.000669053789236,-0.000701419774283
0.611316,0.000129753412044,0.000478,-0.000668916958189,-0.000701809586247
0.611594,0.000129599704528,0.000449,-0.000668768585165,-0.000702291302637
0.611876,0.000129835205895,0.000542,-0.000668602905899,-0.000702847503574
0.61216,0.0001302741141,0.000707,-0.000668434867814,-0.000703456530678
0.612441,0.000130637920831,0.000786,-0.000668289801901,-0.000704090404302
0.612721,0.000130787401977,0.000768,-0.000668185005132,-0.00070472875423
0.612998,0.000130808910531,0.000687,-0.000668132022339,-0.000705351319621
0.613275,0.000130795387814,0.000727,-0.000668148148148,-0.000705947522198
0.613552,0.000130777455372,0.000734,-0.00066824143697,-0.000706516398575
0.613832,0.000130646841286,0.000726,-0.000668402634688,-0.000707059108632
0.614116,0.000130408930877,0.000749,-0.000668624769595,-0.000707565139672
0.614399,0.000130163326433,0.000709,-0.00066891810819,-0.000708008128788
0.614685,0.000129996165673,0.000618,-0.000669297459956,-0.000708381904341
0.614975,0.000129892249083,0.000548,-0.000669745402827,-0.000708676054866
0.61527,0.000129831204517,0.00063,-0.000669694886374,-0.000708874871544
0.615571,0.000129701869966,0.000675,-0.000668919258189,-0.000709335630485
0.615875,0.000129569179137,0.000658,-0.000668161969845,-0.000709804375323
0.616179,0.000129413754081,0.000635,-0.000667495777908,-0.000710238914583
0.616481,0.000129133142054,0.000837,-0.000666952236408,-0.000710642503372
0.616778,0.000128712789321,0.000975,-0.000666581449017,-0.000711006802043
0.61707,0.00012817077338,0.001024,-0.000666389591392,-0.00071132138509
0.617357,0.000127579208065,0.001004,-0.00066629594666,-0.000711576892681
0.61764,0.000127045794488,0.000943,-0.000666272821731,-0.000711735594072
0.617921,0.0001265975387,0.000909,-0.000666332944262,-0.0007117545085
0.618201,0.000126318785305,0.000944,-0.000666513267318,-0.000711667285555
0.618485,0.000126294777179,0.000985,-0.000666828672001,-0.000711543253629
0.618775,0.000126589004811,0.001031,-0.000667283511269,-0.00071136871192
0.619071,0.000127301360246,0.001043,-0.000667890070964,-0.000711100462751
0.619372,0.000128387674022,0.001001,-0.000667185422018,-0.000710698324877
0.619675,0.000129785544667,0.000914,-0.000666396527323,-0.000710153515387
0.619976,0.00013132390981,0.001139,-0.000665707075268,-0.000709478204229
0.620275,0.000132649733745,0.001314,-0.000665154578385,-0.000708702498149
0.620568,0.000133748580624,0.00135,-0.000664789378291,-0.000707866163769
0.620859,0.000134799477012,0.001285,-0.000664586371093,-0.000706984802093
0.62115,0.000135967388611,0.001145,-0.000664459883887,-0.000706173029027
0.621442,0.000137247590301,0.000993,-0.000664362385125,-0.00070556007708
0.621732,0.000138553758246,0.000873,-0.000664263705823,-0.000705078516302
0.622022,0.000139765076121,0.000788,-0.000664166167841,-0.000704651942159
0.622312,0.000140803274957,0.000702,-0.000664046541078,-0.000704450250431
0.6226,0.000141677577756,0.000589,-0.000663914104441,-0.000704252743052
0.622887,0.000142424348528,0.000522,-0.000663830441729,-0.000704016692463
0.623172,0.000143036826057,0.000698,-0.000663900161652,-0.000703781591663
0.623454,0.000143519112925,0.000769,-0.000664192876608,-0.000703661858608
0.623733,0.00014372120716,0.000746,-0.000664698905522,-0.00070378266057
0.62401,0.000143643058836,0.00076,-0.000665382834377,-0.000703844653012
0.624283,0.000143403432995,0.000794,-0.000666205753224,-0.000703867096527
0.624554,0.000143062649485,0.000824,-0.000667143872371,-0.000703887401637
0.624822,0.000142643443049,0.000878,-0.000667816309448,-0.000703937626283
0.62509,0.000142111828871,0.000914,-0.000668248346541,-0.000704045537609
0.625357,0.000141582658422,0.00094,-0.000668661590436,-0.000704213231568
0.625626,0.0001411264864,0.000967,-0.000669088278372,-0.000704420362777
0.625897,0.000140789476973,0.000979,-0.000669552493518,-0.000704634871096
0.62617,0.000140509331136,0.000949,-0.000670078220643,-0.000704832217214
0.626447,0.000140286905339,0.000872,-0.000670670988456,-0.000704999629421
0.626729,0.00014005411737,0.00077,-0.000671321395748,-0.000705122218169
0.627015,0.000139794268839,0.000664,-0.000671997214041,-0.000705171244667
0.627305,0.000139496706742,0.000587,-0.000672667525469,-0.000705088109745
0.627596,0.000139199081331,0.000565,-0.000673311838275,-0.000704861012117
0.62789,0.000138991466648,0.000569,-0.000673959845716,-0.000704669012598
0.628188,0.00013894204923,0.00056,-0.000674596755774,-0.000704723420466
0.628482,0.000139057494565,0.000547,-0.000675178339048,-0.000704713819538
0.628772,0.000139275637966,0.000532,-0.000675682113785,-0.000704659410553
0.629056,0.00013964315365,0.000503,-0.000675828382155,-0.000704584721246
0.62934,0.000140231150589,0.00053,-0.000675872594091,-0.000704507885514
0.629624,0.000140919308602,0.000583,-0.000676083395243,-0.000704432104583
0.629912,0.000141583750129,0.000646,-0.000675927003214,-0.00070434350004
0.630204,0.000142123658714,0.0007,-0.000675526725907,-0.000704183328768
0.630499,0.000142675401244,0.000732,-0.000675126116077,-0.000703932283492
0.63079,0.000143390678884,0.000765,-0.000674701310687,-0.000703638336017
0.631079,0.000144305453553,0.000831,-0.000673756084685,-0.000703372020638
0.631366,0.000145396327409,0.000855,-0.000672781625682,-0.000703191182116
0.631653,0.000146554270009,0.000835,-0.000671828062109,-0.000703138736585
0.631939,0.000147578742824,0.000748,-0.000670972253899,-0.000703239341206
0.632223,0.000148542556832,0.000756,-0.000670281242091,-0.00070347150555
0.632506,0.000149527537295,0.000854,-0.000669753439051,-0.000703749523311
0.632785,0.000150538088968,0.00092,-0.000669372145821,-0.00070403912773
0.633062,0.00015144823336,0.000948,-0.000669038843183,-0.000704340297152
0.633338,0.000152092996412,0.000918,-0.000668697257965,-0.000704665811939
0.633615,0.000152416514555,0.000724,-0.000668416449146,-0.000705025215814
0.633894,0.000152479176651,0.000677,-0.000668409541966,-0.000705418430404
0.634176,0.00015245008034,0.000623,-0.000668545365154,-0.000705833663709
0.634464,0.000152277160052,0.000581,-0.000668788140793,-0.000706246401632
0.634758,0.000152030806375,0.000717,-0.000669106671576,-0.000706586529705
0.635056,0.000151898092823,0.000839,-0.000669524928783,-0.0007067841153
0.635354,0.000151991271797,0.00091,-0.000670042654466,-0.000706868010756
0.635652,0.000152070407167,0.000937,-0.000670646924964,-0.00070691154549
0.635951,0.000152126611566,0.00089,-0.000671316818466,-0.00070697843241
0.636252,0.000152099139783,0.000966,-0.000672001784894,-0.000707064415789
0.636554,0.000152020275992,0.001069,-0.000672659537446,-0.000707099441511
0.63686,0.000151891217928,0.001118,-0.000673299302325,-0.000707002849055
0.63717,0.000151747130003,0.001072,-0.000673923425472,-0.000706732071297
0.637485,0.000151678104001,0.000939,-0.000674074779104,-0.000706301689311
0.637803,0.000151955290003,0.000777,-0.000674120289717,-0.000705780449291
0.638124,0.000152565930797,0.000759,-0.000674315936496,-0.000705229856558
0.638442,0.000153248086279,0.000843,-0.000674681992463,-0.00070468501557
0.638755,0.00015390439895,0.000867,-0.000675142010623,-0.000704138470985
0.639062,0.000154560081194,0.000914,-0.000675578905523,-0.000703544233831
0.639365,0.000155152161938,0.001038,-0.000675897532368,-0.000702828224414
0.639662,0.000155619096786,0.001034,-0.0006756476506,-0.000701944817188
0.639953,0.000156068588705,0.000886,-0.000675018917841,-0.000701763427081
0.64024,0.000156620334119,0.00089,-0.000674362073087,-0.000701857887487
0.640525,0.000157318799257,0.000859,-0.000673699778568,-0.000701863253985
0.64081,0.000158100787445,0.000742,-0.000673091306588,-0.000701764500601
0.641096,0.000158821412157,0.00072,-0.00067264608484,-0.00070151752616
0.641383,0.000159247556437,0.000859,-0.000672558202094,-0.000701108121415
0.64167,0.000159210063049,0.00098,-0.0006728092533,-0.000700576760044
0.641956,0.000158751856501,0.001096,-0.000673244860086,-0.000700357155953
0.64224,0.000157960867683,0.001209,-0.000673797356039,-0.000700611198431
0.642524,0.000156801511705,0.001294,-0.000674417448975,-0.000700817775742
0.642807,0.000155252097858,0.001303,-0.000675057981213,-0.000700941463443
0.643089,0.000153475759757,0.001238,-0.000675308871747,-0.000701001682181
0.64337,0.000151631263037,0.001112,-0.000675268013134,-0.000701065118569
0.643654,0.000149844750436,0.001096,-0.000674726309594,-0.000701183366917
0.643942,0.000148205025323,0.001099,-0.000673857406779,-0.000701384320768
0.644235,0.000146914775043,0.001088,-0.000673381349918,-0.00070166894765
0.644532,0.000145888155195,0.001059,-0.000673448572981,-0.000702005980284
0.644833,0.000144828615558,0.000991,-0.000673732174126,-0.000702354564904
0.645126,0.000143714371646,0.000834,-0.000673908628963,-0.000702673962569
0.645411,0.000142772591868,0.000698,-0.000673979192854,-0.000702947099936
0.645692,0.000142159717206,0.000681,-0.000674145318726,-0.000703194392876
0.645968,0.00014184281683,0.000655,-0.000674462619574,-0.000703427649215
0.646242,0.000141654519773,0.000686,-0.000674941019597,-0.000703639405251
0.646514,0.000141441199122,0.000714,-0.000675535801029,-0.000703806175911
0.646787,0.000141113280832,0.000694,-0.000675707061917,-0.00070388312695
0.647063,0.000140700878006,0.000684,-0.000675056855156,-0.000703813657817
0.647346,0.00014047189803,0.000764,-0.000674683128851,-0.000703615881531
0.647638,0.000140526766294,0.000837,-0.000674534239301,-0.000703682172623
0.647939,0.000140692691657,0.000857,-0.000674481946579,-0.000704119244904
0.648241,0.000140612100588,0.000794,-0.000674599028948,-0.000704827951152
0.648542,0.000140143669965,0.000794,-0.000674599028948,-0.000704827951152
0.648844,0.000139333106966,0.000786,-0.000674650534374,-0.000705043338662
0.649141,0.000138326487141,0.000853,-0.00067444214404,-0.000705129679054
0.649441,0.000137408325657,0.000784,-0.000674500133659,-0.000705105164268
0.649747,0.000136790291185,0.000531,-0.000674761226977,-0.000705013488891
0.650054,0.000136596634047,0.00054,-0.000674601302111,-0.00070491646397
0.650362,0.000136816588726,0.00052,-0.000674345504113,-0.000704859945671
0.650669,0.000137241330987,0.000489,-0.000674102085986,-0.000704843948685
0.65098,0.000137711904816,0.000525,-0.000673879034586,-0.000704792754653
0.651292,0.000138040035801,0.000591,-0.000673828947663,-0.000704561245001
0.651607,0.000138132254573,0.000636,-0.000674105499238,-0.000704205756048
0.651924,0.000137901764628,0.000629,-0.000674580843258,-0.000703845721775
0.652241,0.000137351441334,0.000597,-0.000675171527676,-0.000703583801827
0.652554,0.000136524519555,0.000643,-0.000675655820802,-0.000703434067472
0.652863,0.000135569402612,0.000782,-0.000674966898953,-0.000703272514588
0.653165,0.000134829852742,0.000869,-0.000674529428249,-0.000703014556412
0.653457,0.00013449131601,0.000907,-0.00067436911246,-0.000703187971334
0.653747,0.000134521217003,0.00093,-0.000674411186295,-0.000703760213006
0.654037,0.000134837901093,0.000929,-0.000674603314766,-0.000704253810883
0.654332,0.000135279748226,0.000891,-0.000674926009404,-0.0007046145984
0.654629,0.000135676195785,0.000857,-0.000675125407197,-0.000704825818106
0.654926,0.000135871171662,0.000795,-0.000674221814382,-0.000704896203479
0.655216,0.000135716386286,0.000721,-0.000673542947877,-0.000704819418911
0.655495,0.000135369568261,0.000671,-0.000673220429321,-0.000704658343647
0.655764,0.000134953525463,0.000777,-0.000673088962507,-0.000704440643893
0.656026,0.000134482497963,0.001062,-0.000673018256616,-0.000704199348363
0.656283,0.000133947467772,0.001289,-0.000672959740695,-0.000704758622184
0.656539,0.000133338710979,0.001473,-0.000672926660965,-0.0007052884611
0.656806,0.000132547076761,0.00163,-0.000672918328878,-0.000705814507217
0.657091,0.000131581081793,0.001718,-0.000672890950313,-0.000706344213839
0.657399,0.000130559533328,0.001729,-0.000672801611963,-0.000706897742234
0.657711,0.000129626950409,0.001523,-0.00067267002932,-0.00070745591739
0.658023,0.000128779370043,0.001261,-0.000672544466537,-0.000708026136184
0.658334,0.000127971161196,0.001004,-0.000672423090495,-0.000708606237385
0.658646,0.000127334194225,0.000739,-0.00067230088997,-0.000709165540962
0.658956,0.000127170317324,0.000645,-0.000672177167074,-0.00070966190152
0.659259,0.000127518882139,0.000543,-0.000672048840845,-0.000710052281207
0.659544,0.000128272832935,0.000537,-0.000671917400438,-0.000710317973928
0.659826,0.000129357504574,0.000584,-0.000671610820922,-0.000710492910808
0.660107,0.000130621684179,0.000618,-0.000671130257448,-0.000710591942259
0.660385,0.000131783609296,0.000777,-0.000670626298163,-0.000710576140783
0.660659,0.000132676683027,0.000872,-0.000670085104118,-0.000710446548409
0.660929,0.000133310993191,0.000909,-0.000669491619305,-0.000710255781705
0.661197,0.000133680222073,0.000925,-0.000668851403606,-0.000709998491583
0.661463,0.000133786067331,0.000934,-0.000668172335859,-0.000709668234616
0.661729,0.000133696265167,0.000934,-0.000667488857631,-0.000709263799015
0.661996,0.000133528615271,0.000922,-0.000666855235222,-0.000708783934024
0.662266,0.000133314054003,0.000964,-0.00066630982109,-0.000708228406761
0.66254,0.000133062957887,0.000943,-0.000665749905248,-0.000708013425153
0.662816,0.00013292747975,0.000943,-0.000665749905248,-0.000708013425153
0.663094,0.000133022904443,0.000859,-0.000665791574048,-0.000708202995386
0.663374,0.000133404549485,0.000805,-0.000666071588489,-0.000708284518638
0.663658,0.00013390987126,0.000842,-0.00066648090656,-0.000708324745636
0.663947,0.000134498914295,0.000921,-0.000666924523757,-0.00070837026147
0.664232,0.000135105405401,0.000956,-0.000667175034939,-0.000708412597788
0.664508,0.000135652208388,0.000959,-0.000667275434078,-0.00070840518921
0.66478,0.000135965508434,0.000968,-0.000667456561703,-0.000708337448176
0.665052,0.000135944827744,0.000976,-0.000667690658597,-0.000708830462417
0.665327,0.000135797168365,0.00096,-0.00066798225712,-0.000709445468937
0.665607,0.000135704226655,0.000909,-0.000668356583654,-0.000709916213062
0.665895,0.000135734549339,0.000942,-0.00066882609947,-0.000710225209596
0.666181,0.000135773897318,0.000956,-0.000669352613705,-0.000710419150272
0.666467,0.000135593934022,0.000924,-0.000669883148242,-0.000710591942259
0.666755,0.000135155894845,0.000886,-0.000670389026842,-0.000710802577276
0.667041,0.000134531910747,0.000915,-0.000670858871778,-0.000711066789165
0.667325,0.000133762391019,0.00099,-0.000671305375074,-0.000711346626667
0.667608,0.000132770352055,0.001041,-0.000671571815014,-0.000711588455542
0.667893,0.000131678531756,0.001047,-0.00067164810451,-0.000711751356149
0.668178,0.000130691753218,0.000967,-0.000671679779269,-0.000711802841868
0.668466,0.000130042252107,0.000796,-0.000671703796793,-0.000711736644894
0.668751,0.000129783889261,0.000837,-0.000671733180896,-0.000711575841498
0.669032,0.000129913232766,0.000853,-0.000671765993908,-0.000711358195264
0.669311,0.000130319457974,0.000786,-0.000671798011434,-0.000711087835442
0.669586,0.000130960534861,0.000646,-0.000671833106983,-0.000710773094122
0.669857,0.000131657957068,0.000533,-0.00067186854999,-0.000710417042657
0.670124,0.000132118264682,0.000541,-0.000671907070225,-0.000710003765351
0.670388,0.000132248792549,0.000576,-0.000671952446122,-0.000709511993083
0.67065,0.000132292930751,0.000629,-0.000672003882321,-0.000708931962771
0.670909,0.00013236497713,0.000639,-0.000671596746631,-0.000708284518638
0.671167,0.000132447353842,0.000638,-0.000671097851042,-0.000707608609384
0.671425,0.000132535919857,0.000619,-0.000670641988181,-0.000706951891129
0.671684,0.00013269170641,0.000479,-0.000670271713679,-0.000706443068397
0.671944,0.000132981684898,0.000516,-0.000670005583394,-0.000706236831947
0.672208,0.000133362621916,0.000626,-0.000669834586466,-0.000706285741614
0.672476,0.000133765928293,0.000713,-0.000669748491374,-0.000706503646328
0.672749,0.000134127646636,0.000755,-0.000669696826984,-0.000706797921918
0.673029,0.000134490776135,0.000785,-0.000669644008809,-0.000707111116167
0.673314,0.000134940200619,0.000935,-0.0006695486919,-0.00070780682229
0.673589,0.000135474895486,0.000875,-0.000669540652268,-0.000708214642439
0.673856,0.000136105040412,0.000875,-0.000669540652268,-0.000708214642439
0.674119,0.000136720246931,0.000753,-0.000669571661542,-0.000708677112626
0.674386,0.000137278026403,0.000703,-0.000669711752817,-0.000709205691921
0.674666,0.000137650835703,0.00076,-0.000670040005015,-0.000709801209712
0.674956,0.000137859032057,0.000788,-0.000670502165413,-0.000710421257879
0.675244,0.000137678002277,0.000762,-0.000671008544867,-0.000711001539645
0.675529,0.000137259707513,0.000736,-0.000671480078568,-0.000711522227984
0.675808,0.00013670491156,0.000681,-0.000671876863936,-0.000711992974308
0.676085,0.000136177567549,0.000642,-0.000672212790868,-0.000712420225311
0.676359,0.000135713021006,0.000592,-0.00067217612329,-0.000712787325681
0.67663,0.000135415245791,0.000735,-0.000672069501315,-0.000713074510114
0.6769,0.000135329614678,0.000844,-0.000672052358333,-0.000713284021495
0.677168,0.000135392154621,0.000892,-0.000672102293456,-0.000713412823967
0.677434,0.000135584329648,0.0009,-0.000672178852997,-0.000713407588792
0.6777,0.000135808855891,0.000882,-0.000672264190812,-0.000713244221621
0.677966,0.000135997366764,0.000847,-0.000672370421431,-0.000712951902031
0.678233,0.000136131710195,0.000885,-0.000672500259642,-0.000712570247149
0.678506,0.000136218949107,0.00094,-0.000672609863396,-0.000712179879429
0.678777,0.000136334248895,0.000979,-0.000672616364967,-0.000711859574617
0.679045,0.000136532255901,0.00102,-0.000672443810944,-0.00071160212037
0.679311,0.000136810762517,0.001082,-0.000672355669921,-0.000711400260461
0.679575,0.000137053824476,0.001114,-0.000672192310462,-0.000711501201387
0.679839,0.000137204443916,0.001097,-0.000672011401757,-0.000712047583589
0.680101,0.000137197849483,0.001037,-0.000671730537154,-0.000712484226576
0.680366,0.000137007684839,0.001014,-0.000670922658019,-0.000712841841517
0.680635,0.000136811332662,0.000988,-0.00067002623666,-0.000713142611703
0.680911,0.000136746763979,0.000943,-0.000669123557298,-0.000713386647502
0.681195,0.000136839731527,0.000838,-0.000668345862167,-0.00071356043154
0.681486,0.000136990125431,0.000753,-0.000667668391571,-0.000713647299117
0.681782,0.000137241992569,0.000804,-0.00066710195636,-0.000713611716778
0.682082,0.000137729597662,0.000807,-0.000666734747894,-0.000713418059082
0.682385,0.000138505702243,0.000837,-0.000666585706926,-0.000713066127689
0.682688,0.000139504505563,0.000696,-0.000666445314031,-0.00071258702979
0.682985,0.000140825409765,0.00063,-0.000665964100145,-0.00071202658078
0.683279,0.000142330849135,0.000728,-0.000665841040699,-0.000711452836598
0.68357,0.000143775134062,0.000957,-0.000666133833236,-0.000710919438518
0.683859,0.000145210222165,0.001117,-0.000666829446653,-0.000710442333416
0.684147,0.000146581979029,0.001234,-0.000667773191964,-0.000710007984322
0.684436,0.000147816737595,0.001299,-0.000668842043909,-0.000709589064721
0.684722,0.000149052040404,0.001233,-0.000669934596128,-0.000709150747631
0.685006,0.000150348599435,0.001086,-0.00067101438894,-0.000708658072577
0.685287,0.000151686751149,0.00112,-0.000671054696962,-0.000708100276956
0.685557,0.000152934262712,0.001106,-0.000671012332141,-0.00070750363901
0.685816,0.000154076001519,0.001025,-0.000671038667465,-0.000706887124066
0.686066,0.000155094173824,0.000931,-0.000671122244015,-0.000706270856605
0.686308,0.000155934803564,0.000851,-0.000671275620988,-0.000705668679277
0.686546,0.00015657036452,0.000855,-0.00067149873209,-0.000705085977886
0.686782,0.000156901631337,0.000913,-0.000671792624149,-0.000704532431634
0.687016,0.000156920744035,0.000926,-0.000671741177332,-0.000704026307709
0.68725,0.000156795145213,0.000904,-0.000670706508569,-0.000703568830546
0.687484,0.000156651815242,0.00085,-0.000669731626134,-0.000703143018073
0.687718,0.000156568126932,0.000764,-0.000668853703916,-0.000702726460146
0.687952,0.00015646732113,0.000608,-0.000668153907236,-0.000702311676164
0.688186,0.000156349249607,0.000632,-0.000667677976432,-0.000701929793453
0.688422,0.000156193373692,0.000676,-0.000667464635886,-0.000701700085019
0.688657,0.000155966533852,0.000696,-0.000667539604043,-0.000701441259958
0.688894,0.00015554280603,0.000689,-0.000667846276414,-0.000701143595797
0.689135,0.000154869591316,0.000656,-0.000668328950939,-0.00070080809446
0.689383,0.000153776478139,0.000607,-0.000668974454923,-0.000701330598219
0.689643,0.00015233452015,0.000709,-0.000669789026441,-0.000701863253985
0.689924,0.000150650975205,0.00088,-0.000670798161353,-0.000702402810047
0.690211,0.000149012261724,0.000967,-0.000671904644969,-0.000702850716691
0.690495,0.000147602345787,0.000964,-0.000673005184036,-0.000703199744094
0.690777,0.000146491381182,0.000918,-0.000674050884315,-0.00070347150555
0.691058,0.000145600121498,0.000865,-0.000674634261772,-0.000703670411985
0.691339,0.000145006626575,0.000804,-0.000674720628138,-0.000703777316009
0.69162,0.000144803163084,0.00072,-0.000674937612247,-0.000703785867277
0.691901,0.000144899805405,0.000653,-0.000675286172945,-0.000703720659917
0.692182,0.000145254937399,0.000669,-0.000675266869949,-0.000703600911276
0.692464,0.000145898162358,0.000695,-0.000674497623209,-0.0007034223006
0.692745,0.000146675516661,0.000794,-0.00067374081631,-0.000703262883848
0.693028,0.000147379468037,0.000855,-0.000673033011779,-0.000703600911276
0.693311,0.000147869194393,0.000864,-0.000672409833666,-0.000703868165239
0.693597,0.000147978872667,0.000843,-0.000671909340627,-0.000703970750227
0.693884,0.00014771717248,0.000782,-0.000671638309962,-0.000703873508762
0.694173,0.000147261686964,0.000685,-0.000671615431232,-0.000703572038718
0.694467,0.000146770220361,0.00066,-0.000671742394535,-0.00070311090596
0.69477,0.000146259330787,0.000661,-0.00067194821022,-0.000702546443964
0.695073,0.000145888648212,0.000619,-0.000672216782383,-0.00070194374408
0.695364,0.000145752143142,0.000616,-0.000672546864747,-0.00070137894879
0.695647,0.000145967928064,0.000729,-0.000672684642217,-0.000700867254732
0.695926,0.000146432946009,0.000885,-0.000672225703849,-0.000700393763765
0.696204,0.000147002629749,0.000971,-0.000671789194531,-0.000699946737958
0.696479,0.000147592915734,0.000951,-0.000671436957767,-0.000699822788061
0.696753,0.000148193840736,0.000869,-0.000671311096804,-0.000700196693955
0.697024,0.000148776793633,0.000917,-0.000671355723979,-0.000700687599587
0.697293,0.000149239550101,0.000916,-0.000670838253996,-0.000701220985146
0.697558,0.0001496401965,0.000865,-0.000669846419956,-0.000701691495607
0.697818,0.000149947072681,0.000751,-0.000668983653769,-0.000702070353874
0.698078,0.000150040361891,0.000624,-0.000668274832318,-0.000702408170312
0.698341,0.000149909544131,0.000663,-0.000667737925572,-0.000702761812344
0.69861,0.000149639467211,0.000765,-0.00066744387343,-0.000703158002973
0.698884,0.000149367438582,0.000866,-0.000667469249645,-0.000703569899939
0.699149,0.000149171989346,0.000927,-0.000667766744643,-0.000703926940639
0.699415,0.000149061352792,0.000991,-0.000668285195925,-0.000704196144488
0.699681,0.000148959785169,0.001018,-0.000668980204222,-0.000704513221737
0.699947,0.000148846104526,0.000991,-0.000669848715555,-0.000705202150035
0.700251,0.000148753255313,0.001065,-0.00067086918034,-0.000705883679735
0.700565,0.000148516051696,0.001311,-0.000672200575251,-0.000706434565602
0.70088,0.000148218116929,0.00142,-0.000673699152837,-0.000706789425586
0.701196,0.000148007150842,0.001418,-0.000675188555924,-0.000706939150778
0.701512,0.000148180679825,0.001342,-0.000675517650615,-0.000706981617262
0.701828,0.000148640250589,0.001248,-0.000675369018406,-0.000706976309163
0.702146,0.000149025164681,0.001159,-0.000675428022933,-0.000706900927637
0.702466,0.000149119237646,0.001108,-0.000675753552719,-0.000706700204757
0.702789,0.00014876545637,0.001135,-0.00067633600848,-0.000706362285591
0.703088,0.00014796620748,0.001111,-0.000677001457416,-0.000705969864998
0.70336,0.000147003562293,0.001109,-0.000677588054825,-0.000705618640224
0.703631,0.000145964904141,0.0012,-0.000676932129418,-0.000705351319621
0.703904,0.000145184237198,0.001279,-0.000675849582828,-0.000705233053359
0.704185,0.000144961856469,0.001365,-0.000674832766787,-0.000705310835441
0.704469,0.000145318985234,0.00139,-0.000673370057633,-0.000705676131443
0.704709,0.000145784140465,0.001145,-0.000672063582,-0.00070629318394
0.704868,0.000146107556281,0.000735,-0.000671223064591,-0.000706670460689
0.70503,0.000146463258939,0.000718,-0.000670400577033,-0.000707038940884
0.705238,0.000146909122527,0.00085,-0.000669425072942,-0.000707498336849
0.705513,0.000147193437791,0.000958,-0.000668323266939,-0.000708074858592
0.705792,0.000147241061372,0.00065,-0.000666947682698,-0.000709013358523
0.706075,0.000147201940783,0.000597,-0.000666730554672,-0.000709270137532
0.706361,0.000147259814059,0.000597,-0.000666730554672,-0.000709270137532
0.706648,0.000147430572851,0.000563,-0.000666870313077,-0.000709383159921
0.706859,0.000147465619407,0.000423,-0.000667149709508,-0.000709431740548
0.707029,0.000147584893802,0.000358,-0.000667410488611,-0.00070948242797
0.707208,0.000147717544024,0.000377,-0.000667676531481,-0.000709551058386
0.707392,0.000147729371955,0.000421,-0.000667925505305,-0.000709640790578
0.707575,0.000147599238125,0.000515,-0.000668154771146,-0.000709748446366
0.707757,0.000147364237889,0.000585,-0.000668383928868,-0.000709869793114
0.707951,0.000147078083519,0.000677,-0.000668655553766,-0.000710004820097
0.708142,0.000146776061963,0.000682,-0.000668963825061,-0.000710121882073
0.708316,0.000146565687818,0.000609,-0.000669281094033,-0.00071019990702
0.708489,0.000146460950444,0.000568,-0.00066961423307,-0.000710245239826
0.708667,0.000146486797083,0.000477,-0.000670286706307,-0.00071023575193
0.70901,0.000146896828759,0.00047,-0.000670584774857,-0.000710187255215
0.709181,0.000147248233084,0.00045,-0.000670866624907,-0.000710473944931
0.709353,0.000147693079488,0.000452,-0.00067112885026,-0.000710949964991
0.70954,0.0001482649332,0.000503,-0.000671395510364,-0.000711479122435
0.709798,0.000148989889013,0.000652,-0.000671257309872,-0.000712164131902
0.710073,0.000149467198882,0.000585,-0.000671052407067,-0.000712695053507
0.710353,0.000149437625675,0.000756,-0.000671015767264,-0.000713061936419
0.710639,0.000149003941497,0.000826,-0.000671108506395,-0.000713396071199
0.710927,0.000148407852937,0.000772,-0.000671250443026,-0.000713823077618
0.711218,0.000147970245308,0.000648,-0.000671340848711,-0.000714346878348
0.711514,0.000147837420656,0.000682,-0.000671402635294,-0.000714850255488
0.711814,0.000147801537385,0.000743,-0.000671425517213,-0.00071519353267
0.712108,0.000147556174583,0.000788,-0.000671456406089,-0.000715331189305
0.712394,0.00014703636629,0.00083,-0.000671105864893,-0.000715317634031
0.712673,0.000146339803668,0.00084,-0.000670522444086,-0.000715173715084
0.712947,0.000145555507485,0.00081,-0.000669993754081,-0.000714879480488
0.713217,0.000144971283518,0.00075,-0.000669509284793,-0.000714420016909
0.713484,0.000144719005872,0.000664,-0.000669064571017,-0.000713808431958
0.713748,0.000144749558238,0.000685,-0.000668658572122,-0.000713091274511
0.714011,0.000144864578857,0.000694,-0.000668305203446,-0.000712363561083
0.714273,0.000144912124796,0.000673,-0.000668014949664,-0.00071165677566
0.714534,0.000144917761409,0.000641,-0.000667774091736,-0.000710982594519
0.714794,0.00014499515922,0.000596,-0.000667555026375,-0.000710354863688
0.715052,0.000145247402012,0.000534,-0.000667325478362,-0.000709791712752
0.71531,0.000145710168425,0.000535,-0.000667068117369,-0.000709290208933
0.715569,0.000146400065756,0.000617,-0.000666795604896,-0.000708847380679
0.715829,0.000147338134717,0.000676,-0.000666580720523,-0.000708465512776
0.716092,0.000148459116788,0.000713,-0.000666546052866,-0.000708155345322
0.716359,0.00014949209599,0.000821,-0.000666408637081,-0.000707921259807
0.716629,0.000150222697053,0.000977,-0.000665781697947,-0.000707748533125
0.716902,0.000150542087979,0.001101,-0.000665246658147,-0.000707596947176
0.717176,0.000150510373151,0.001159,-0.000664813100062,-0.000708233700623
0.717451,0.000150229033482,0.001161,-0.000664556725313,-0.000709185616875
0.71771,0.000149808325044,0.0011,-0.000664482085838,-0.000710065991293
0.717887,0.000149458438948,0.000736,-0.000664490209631,-0.000710649876408
0.718071,0.000149161526798,0.000734,-0.000664541270379,-0.00071122145705
0.718267,0.000148923233208,0.000724,-0.000664619011707,-0.000711780777259
0.718476,0.000148758925205,0.000689,-0.000664653817241,-0.000712293245842
0.718683,0.000148684489143,0.000612,-0.000664638735148,-0.00071268456687
0.718885,0.000148657130813,0.000608,-0.000664566798749,-0.000713165659205
0.719086,0.000148650310665,0.000608,-0.000664566798749,-0.000713165659205
0.719287,0.000148635535217,0.000657,-0.000664578032344,-0.000713313345531
0.719489,0.000148672202568,0.000704,-0.000664630244204,-0.000713424341143
0.719686,0.000148809578558,0.000719,-0.000664694051109,-0.000713495531876
0.719878,0.000149063785596,0.000718,-0.000664723051489,-0.000713517515038
0.720066,0.000149361287978,0.0007,-0.000664687090762,-0.000713477735218
0.720254,0.000149530880427,0.000677,-0.000664375203752,-0.000713371988035
0.720455,0.000149446443047,0.000671,-0.000664007093845,-0.000713190800628
0.720712,0.000148906718339,0.000654,-0.00066352708895,-0.000712889013509
0.720973,0.000148110473027,0.000619,-0.000663088512286,-0.000712556610805
0.721236,0.000147236279273,0.000713,-0.000662740395387,-0.000712260708318
0.7215,0.000146447558545,0.000787,-0.00066248409739,-0.000712072785705
0.721764,0.000145924787769,0.000808,-0.000662289454136,-0.000712063335072
0.722026,0.000145623971493,0.000769,-0.000662120389628,-0.000712231317624
0.722287,0.000145485760468,0.000688,-0.000661947766926,-0.000712461145171
0.722546,0.0001454844451,0.000583,-0.000661783252113,-0.000712639471631
0.722803,0.000145625774422,0.000545,-0.000661635024722,-0.000712754822806
0.723057,0.000145842967251,0.000581,-0.000661520613821,-0.0007128313582
0.723312,0.000146017448383,0.000636,-0.000661472740096,-0.0007129173144
0.723567,0.000145978273369,0.000699,-0.000661443546501,-0.00071305984077
0.723825,0.000145593721857,0.000757,-0.000661385154085,-0.000713274595518
0.724089,0.000144875891954,0.000782,-0.000661287039137,-0.000713538450414
0.724358,0.000143997264637,0.00079,-0.000660957627685,-0.000713803201252
0.724629,0.000143128581793,0.00082,-0.000660344705641,-0.000714035387657
0.7249,0.000142266467926,0.000782,-0.000659692341535,-0.000714221471062
0.725169,0.000141217298201,0.000672,-0.000659061019946,-0.000714355237625
0.725437,0.000139958005457,0.000705,-0.000658429268982,-0.000714424195906
0.725703,0.000138620772652,0.000792,-0.000657839056999,-0.000714390762871
0.725969,0.000137352562709,0.000876,-0.000657338820433,-0.000714270592964
0.726234,0.000136246824778,0.000951,-0.000656990119236,-0.000714093938816
0.726501,0.000135243701113,0.000971,-0.000656846325765,-0.000713893161153
0.726772,0.000134389966801,0.00089,-0.000656779916687,-0.000713688110787
0.727046,0.000133861211201,0.00081,-0.000656717427358,-0.000713493438187
0.727325,0.000133688467562,0.000741,-0.000656641957956,-0.00071332067625
0.727603,0.000133776488246,0.000683,-0.000656562938514,-0.000713168801958
0.727879,0.000133957117486,0.00061,-0.000656599501327,-0.00071303154858
0.728152,0.000134267436718,0.000537,-0.000656962622929,-0.000712899495522
0.728422,0.000134842376724,0.000566,-0.000657630006973,-0.000712776841132
0.728695,0.00013562352823,0.000744,-0.000658504865758,-0.000712665690327
0.728966,0.000136415618731,0.000818,-0.000659464943414,-0.000712566051393
0.729232,0.000137355679332,0.000833,-0.000660440698093,-0.000712470587703
0.729495,0.000138505596653,0.000828,-0.000661408673257,-0.000712340473672
0.729755,0.0001398588065,0.000819,-0.000662364246812,-0.000712134735089
0.730011,0.000141231511328,0.000788,-0.000663282681072,-0.000711841715055
0.730266,0.000142611311251,0.000741,-0.000664144022774,-0.000711470711129
0.73052,0.000143924476492,0.000699,-0.000664696688924,-0.000711044689548
0.730774,0.000145063011411,0.000661,-0.000665052689401,-0.00071067094158
0.731029,0.000146019788909,0.000609,-0.000665438546032,-0.000710386481152
0.731286,0.000146707096019,0.000551,-0.000665821782649,-0.000710175657425
0.731545,0.000147135678306,0.000555,-0.000666182744939,-0.000710042789373
0.731805,0.000147327567767,0.000637,-0.000666499523335,-0.000710009039058
0.732066,0.000147318193277,0.000731,-0.000666767583376,-0.000710075482654
0.732329,0.00014709856386,0.000832,-0.000666993932878,-0.000710245239826
0.732594,0.000146598152854,0.000893,-0.000667197887329,-0.000710552964313
0.73286,0.000146070000393,0.001024,-0.000667397504647,-0.000711033113138
0.733128,0.000145778825149,0.001148,-0.000667534316435,-0.000711596864715
0.733397,0.000145891271624,0.001236,-0.000667407433766,-0.00071211898603
0.733669,0.000146333783959,0.001283,-0.000667270132498,-0.000712529336915
0.733944,0.000146958267779,0.001288,-0.000667127021021,-0.000712809342464
0.734224,0.000147657147509,0.001246,-0.000666989640564,-0.000713002206707
0.734507,0.000148428740786,0.001159,-0.000666870336635,-0.000713137373475
0.734792,0.000149219824825,0.001042,-0.000666766383981,-0.00071324107938
0.73508,0.000149959639007,0.000905,-0.000666699380503,-0.000713302872874
0.735368,0.000150673674546,0.000771,-0.000666683205867,-0.00071330392015
0.735655,0.000151354688512,0.000797,-0.000666723641448,-0.000713244221621
0.73594,0.000152047056125,0.000817,-0.000666823774602,-0.000713176134964
0.736222,0.000152804126923,0.000972,-0.000667248636009,-0.000713036788005
0.736503,0.000153629790517,0.000972,-0.000667248636009,-0.000713036788005
0.736786,0.00015454470411,0.001018,-0.000667235046111,-0.000712950853959
0.73707,0.000155444076731,0.001019,-0.000667179651446,-0.000712804100467
0.737353,0.000156120841151,0.000974,-0.000667160030989,-0.000712762162364
0.737634,0.000156499835939,0.000887,-0.000667148489173,-0.000712943517388
0.737916,0.000156736306822,0.000771,-0.000667154260115,-0.000713091274511
0.738201,0.000157115203124,0.000638,-0.000667216581924,-0.000713227462757
0.738494,0.000157831281018,0.000732,-0.000667378119803,-0.00071332486518
0.738792,0.000158810660985,0.000799,-0.000667645693063,-0.000713328006853
0.739084,0.000159877364935,0.000806,-0.000668009909558,-0.000713192895684
0.739363,0.000160873812438,0.000744,-0.000668461343425,-0.000712966574792
0.73964,0.000161903590923,0.00065,-0.000668942001833,-0.000712717074671
0.739918,0.000162929594083,0.000548,-0.000668754517361,-0.000712439111849
0.7402,0.000163978462717,0.000546,-0.000668611842643,-0.000712116886115
0.740482,0.00016524268485,0.000562,-0.000668781334837,-0.000711730339928
0.740762,0.000166580210784,0.000625,-0.000669245861115,-0.000711265638414
0.741042,0.000167835857469,0.000742,-0.000669852295315,-0.000710729918984
0.741321,0.000168986265168,0.000899,-0.000670516435144,-0.000710137698999
0.741601,0.000170064489808,0.001025,-0.000671195691729,-0.000709509881351
0.741882,0.000171203920626,0.001095,-0.000671888856617,-0.000708875928853
0.742164,0.000172437956578,0.00109,-0.000672299939814,-0.00070826969729
0.742446,0.000173622858475,0.001029,-0.000672571660485,-0.000707713556127
0.742727,0.000174542061344,0.000938,-0.000672823835939,-0.000707212991675
0.743008,0.00017514997677,0.000821,-0.000673071319244,-0.000706754376581
0.743287,0.000175582772333,0.00067,-0.000673325513487,-0.000706311257667
0.743565,0.000175959552308,0.000615,-0.000673584130037,-0.000705849626852
0.743844,0.00017636579204,0.000562,-0.000673831224454,-0.00070534066623
0.744121,0.000176793392066,0.000555,-0.000674048608559,-0.000705128613221
0.74439,0.000177166531481,0.000574,-0.000674228360238,-0.000705075318444
0.744652,0.000177598668606,0.000577,-0.000674381892541,-0.000705020951512
0.744908,0.000178196692337,0.000535,-0.000674529692333,-0.000704965512051
0.745161,0.000178863288323,0.000521,-0.000674681992463,-0.000704908999681
0.745415,0.000179384395949,0.00055,-0.000674846740725,-0.000704849281074
0.745673,0.000179655924474,0.000565,-0.000675035280052,-0.000704784221769
0.745938,0.000179697624995,0.000565,-0.000675255527868,-0.000704708485603
0.746213,0.000179702009004,0.000664,-0.000675518785036,-0.000704581520009
0.7465,0.000179786930678,0.000779,-0.000675813643942,-0.000704341364784
0.746789,0.000179925127339,0.000843,-0.000676076981947,-0.000703932283492
0.747078,0.000180091564369,0.000862,-0.000675917178131,-0.000703321735276
0.747367,0.000180167760728,0.000851,-0.000675690415148,-0.000702538941789
0.747656,0.000180035217094,0.000816,-0.000675417818549,-0.000702210872178
0.747947,0.000179711345293,0.000815,-0.000675142001494,-0.00070266753389
0.748239,0.000179377235367,0.000794,-0.000674870570732,-0.000703193322625
0.748534,0.000179185944128,0.000735,-0.000674603533799,-0.000703717452763
0.748831,0.000179148012014,0.000781,-0.000674331799949,-0.000704201484268
0.749131,0.000179305638143,0.000763,-0.000674045119868,-0.000704631670203
0.749433,0.000179658734318,0.000764,-0.000673740845011,-0.000705001761674
0.749733,0.00018009157703,0.000829,-0.000673428746904,-0.000705294853878
0.750033,0.000180491430996,0.000847,-0.000673116447119,-0.000705503636558
0.750335,0.000180869679724,0.000839,-0.00067281307246,-0.000705614381334
0.750636,0.000181140194456,0.000814,-0.000672527772304,-0.00070565696849
0.750927,0.000181199245356,0.000776,-0.000672325678004,-0.000705679325193
0.751211,0.000180989504126,0.00078,-0.000672187125612,-0.000705743195591
0.75149,0.000180581269909,0.00078,-0.000672082018592,-0.000705894320751
0.751767,0.000180147052464,0.000799,-0.00067189321546,-0.000706143251348
0.752045,0.000179783529819,0.000869,-0.000671290498259,-0.000706438817019
0.752329,0.000179559197537,0.000912,-0.000670747754467,-0.000706722511564
0.752619,0.000179571218091,0.000929,-0.000670368389064,-0.000706964631132
0.752916,0.000179800565606,0.000952,-0.000670155080568,-0.000707139770903
0.75322,0.000180038143866,0.000974,-0.000670061011528,-0.000707311662358
0.753526,0.000180034955232,0.000949,-0.000670050685766,-0.000707560898507
0.753831,0.000179661273957,0.000854,-0.000670127550055,-0.000707909605419
0.754425,0.000178487897551,0.000939,-0.000670634319801,-0.000708742689062
0.755004,0.000177784303516,0.001092,-0.000671701159361,-0.000709261686157
0.755297,0.000177473204325,0.001142,-0.000672376389512,-0.000709249008807
0.755595,0.00017705282083,0.001149,-0.000672184521252,-0.000708999617382
0.7559,0.000176465372109,0.001131,-0.000671988005855,-0.000708499375213
0.756202,0.000175866506433,0.001063,-0.000671690796155,-0.000707803643069
0.7565,0.000175380156271,0.001053,-0.000671142766332,-0.000706990110095
0.756788,0.000174993498211,0.001097,-0.000670771722081,-0.000706219818687
0.757071,0.000174727137899,0.001124,-0.000670562025173,-0.000705619704941
0.757351,0.00017440833173,0.001085,-0.000670532224808,-0.000705239446895
0.757627,0.000174016523479,0.000991,-0.000670670895548,-0.000705040140563
0.757912,0.000173456295907,0.000889,-0.000670871734747,-0.000704934591034
0.758197,0.000172714833015,0.000734,-0.000671132815177,-0.000704831150702
0.758482,0.000171955533686,0.000934,-0.000671486423439,-0.000704695683913
0.758768,0.000171416771158,0.001139,-0.000671938071255,-0.000705252233705
0.759055,0.00017120327715,0.001264,-0.000672456660358,-0.000705915602057
0.759341,0.000171373780198,0.001312,-0.000672997502258,-0.000706579092055
0.759626,0.000171879858996,0.001306,-0.000673482023513,-0.000707220419228
0.759907,0.000172604892677,0.00126,-0.000673542434728,-0.000707832255278
0.760186,0.000173356170703,0.001185,-0.00067287105171,-0.000708424239601
0.760468,0.000174030939367,0.001087,-0.000672260412684,-0.000709008073517
0.760747,0.000174532621578,0.00095,-0.000671743907047,-0.000709567950474
0.761017,0.000174893332278,0.000852,-0.000671343579082,-0.000710052281207
0.761281,0.000175063560022,0.000829,-0.000671041398331,-0.000710432849543
0.761546,0.000175025904393,0.000885,-0.000670827239537,-0.000710678314165
0.761814,0.000174812247428,0.00092,-0.000670750485809,-0.000710724653448
0.762087,0.000174410981369,0.000892,-0.000670604524476,-0.000710239968796
0.762368,0.000174027965961,0.000892,-0.000670604524476,-0.000710239968796
0.762659,0.000173678269213,0.00079,-0.000670197520381,-0.000709780105092
0.762962,0.000173252913831,0.000754,-0.000669898068314,-0.000709244782947
0.763265,0.000172614715324,0.000705,-0.000669783286716,-0.000708738458603
0.763559,0.000171775813317,0.000564,-0.000669772955039,-0.000708263345139
0.763845,0.000170832627384,0.00052,-0.000669799357775,-0.000707730514999
0.764124,0.000169707920765,0.000625,-0.000669893477572,-0.000707158873082
0.764401,0.000168421750077,0.000737,-0.00067011034269,-0.000706527025181
0.764675,0.000167052351995,0.000861,-0.000670469276517,-0.00070583259948
0.764946,0.000165645522021,0.000939,-0.000670508189916,-0.000705098768895
0.765214,0.000164092486891,0.000916,-0.000670372072006,-0.000704341364784
0.76548,0.000162476812258,0.000769,-0.000670321602215,-0.000703566691752
0.765743,0.000160973824715,0.000742,-0.000670278010439,-0.000702772524605
0.766005,0.000159727716465,0.000756,-0.000670234769111,-0.000701961986581
0.766273,0.000158708236254,0.000768,-0.0006701968117,-0.000702002761372
0.766553,0.000157661015038,0.000769,-0.000670208281345,-0.000702655747749
0.76685,0.000156483293859,0.000767,-0.000670279387087,-0.00070344262501
0.76715,0.000155120309902,0.000795,-0.000670381440008,-0.000704199348363
0.767443,0.00015359659447,0.000814,-0.000670485764045,-0.000704784221769
0.767726,0.00015196887077,0.000803,-0.000670545367703,-0.000705147797853
0.767998,0.000150270291756,0.000693,-0.000670507543154,-0.000705347058294
0.768259,0.000148498281092,0.000541,-0.000670394051798,-0.000705489791616
0.768514,0.000146750343022,0.000511,-0.00067024154178,-0.00070565696849
0.768769,0.00014517013494,0.000661,-0.000670060302102,-0.000705870910195
0.769024,0.000143851576427,0.000787,-0.000669853743951,-0.000706097517642
0.769282,0.000142995481968,0.000789,-0.00066961724164,-0.000706268730137
0.769548,0.000142660973282,0.000684,-0.000669380623992,-0.00070633251998
0.769827,0.000142976673961,0.000573,-0.000668889791578,-0.000706147505418
0.770122,0.00014379963969,0.000573,-0.000668889791578,-0.000706147505418
0.770426,0.000144639178837,0.000613,-0.000668602905899,-0.000706028376791
0.770726,0.000145239860476,0.000688,-0.000667810546359,-0.000706012419757
0.771022,0.000145647067784,0.000766,-0.000666968401392,-0.000706124107551
0.771311,0.000145884090753,0.000958,-0.000666140988657,-0.000706321888945
0.771594,0.000145714007308,0.001016,-0.000665441908613,-0.000706588654727
0.771875,0.000144981384586,0.000923,-0.000664943607257,-0.000706962507823
0.772153,0.000143767875259,0.000946,-0.000664718625377,-0.000707451675232
0.772426,0.00014233457118,0.001088,-0.000664799816377,-0.000708015543682
0.772694,0.000140959974177,0.001179,-0.000665127922238,-0.000708612584861
0.772959,0.000139866731287,0.001232,-0.000665560035603,-0.000709237387599
0.773225,0.000138995161431,0.001261,-0.000666041512011,-0.000709920432827
0.773494,0.000138197621958,0.001281,-0.000666559493241,-0.000710693058984
0.773767,0.000137415801363,0.001283,-0.000667103473478,-0.000711564278322
0.774047,0.000136507680093,0.001232,-0.000666260897455,-0.000712520944626
0.774333,0.000135481682616,0.001124,-0.000665062239085,-0.00071354368411
0.77462,0.000134432175367,0.001039,-0.000664019059571,-0.000714608034434
0.774907,0.00013348316614,0.001048,-0.000663188664159,-0.000715701198996
0.775193,0.000132643135096,0.001074,-0.000662564732396,-0.000716818807678
0.775478,0.000131908902201,0.001093,-0.000662143808065,-0.000717953416407
0.77576,0.000131361468196,0.001071,-0.000661912786993,-0.00071906248561
0.776039,0.000131144159934,0.001015,-0.000661740411008,-0.00072011110463
0.77632,0.00013124990442,0.001068,-0.000661804616973,-0.000721084230957
0.776604,0.000131463267361,0.001293,-0.000662248367978,-0.000721949446763
0.776892,0.000131557812559,0.00145,-0.000662984878589,-0.000722681701737
0.777184,0.00013143811872,0.001529,-0.000662423459929,-0.000723233457954
0.777782,0.000130941306173,0.001559,-0.000661817058318,-0.000723924779053
0.778084,0.000130736720099,0.001571,-0.000661828726982,-0.000724189764815
0.778387,0.000130586815902,0.001574,-0.000661965229671,-0.000724422907292
0.778687,0.000130438596869,0.001525,-0.000662263769388,-0.000724563962186
0.778986,0.000130436816798,0.001415,-0.000662804408344,-0.000724617102032
0.779282,0.000130703584312,0.001266,-0.000663188593633,-0.000724643669641
0.779579,0.000131106912846,0.001221,-0.000663044283762,-0.00072469577855
0.779878,0.000131700017947,0.001139,-0.000662977933467,-0.000724764226336
0.78018,0.000132441973404,0.000983,-0.000663000051233,-0.000724788742455
0.780486,0.000133466750553,0.000738,-0.000663055923236,-0.000724709060264
0.780795,0.000134950884773,0.000771,-0.000663085020706,-0.000724501617194
0.781109,0.000136716696399,0.000873,-0.000663098986876,-0.000724151919093
0.781413,0.00013823650816,0.000922,-0.000663125754253,-0.000723663735881
0.78169,0.0001393019034,0.000899,-0.000663179284606,-0.000723083790487
0.781947,0.000139903829413,0.000982,-0.000663350309671,-0.000722449724959
0.782202,0.000140140525673,0.001052,-0.00066359103937,-0.000721766457377
0.782457,0.00014023290577,0.001063,-0.000663815380952,-0.00072108526072
0.78272,0.000140353894327,0.000968,-0.000663978051277,-0.000720424709212
0.782985,0.000140607895477,0.000829,-0.000664095372637,-0.000719815873401
0.783242,0.000141009139234,0.000818,-0.000664224277446,-0.000719279637371
0.783499,0.000141489255814,0.000884,-0.000664415829781,-0.000718849370528
0.783755,0.000142003662799,0.000925,-0.000664420705873,-0.000718506731396
0.784013,0.000142649734826,0.000931,-0.000664354892652,-0.000718205288179
0.784276,0.000143417042016,0.000891,-0.000664368826773,-0.00071791712724
0.784542,0.000144358392055,0.000805,-0.000664529410575,-0.000717617373189
0.78481,0.000145526065453,0.000824,-0.000664838079196,-0.000717277970012
0.785078,0.000146861338682,0.00087,-0.000665267473564,-0.00071686973281
0.78534,0.00014840195327,0.000847,-0.000665793383588,-0.000716366470751
0.785582,0.000149853561042,0.000746,-0.000666154867504,-0.000715787665597
0.785773,0.000150869650332,0.000525,-0.000665547297795,-0.00071525923754
0.785983,0.000151828380583,0.000614,-0.000664948244966,-0.000714618477612
0.786253,0.000152667102435,0.000852,-0.000664199843872,-0.000713727872545
0.786552,0.00015325043484,0.000999,-0.000663472389277,-0.000712681420833
0.786856,0.000153459094476,0.001069,-0.000663073339791,-0.000711559022238
0.787166,0.000153490621378,0.001055,-0.000663037258023,-0.000710448655891
0.787454,0.000153698294442,0.000903,-0.000663264179643,-0.00070955000261
0.787618,0.000153903539236,0.000521,-0.000663450293024,-0.00070912538654
0.787791,0.000154182630742,0.00055,-0.000663656098339,-0.000708743746671
0.78807,0.000154600032168,0.000822,-0.000663959415756,-0.000708301456745
0.788361,0.000155058859127,0.000815,-0.000664223067367,-0.000708069562925
0.788651,0.000155359078793,0.000779,-0.000664471489584,-0.000708117221762
0.788946,0.000155475553753,0.000735,-0.000664754583059,-0.000708410481064
0.789244,0.000155644065997,0.00078,-0.000665035193852,-0.000708917162014
0.789549,0.000156031599052,0.000836,-0.000665229903094,-0.000709566894736
0.789859,0.000156651860799,0.000879,-0.000665246125353,-0.000710324298095
0.790169,0.000157269765674,0.000841,-0.00066505490011,-0.00071111835085
0.790475,0.000157559218492,0.000714,-0.000664826490469,-0.000711779726537
0.790773,0.000157291088448,0.000671,-0.000664346183088,-0.000712194576638
0.791045,0.000156597510106,0.000713,-0.000664034973083,-0.000712430717927
0.791296,0.000155742113504,0.000678,-0.00066383862289,-0.000712616397952
0.791546,0.00015481714955,0.000617,-0.00066336433233,-0.000712821923013
0.791799,0.000153910100822,0.000528,-0.000662928192665,-0.000713069271116
0.792054,0.000153204156307,0.000485,-0.000662556558442,-0.000713345809263
0.792307,0.000152918619917,0.000596,-0.000662263155384,-0.000713605437258
0.79256,0.000153051352093,0.000679,-0.000662027915633,-0.00071386282779
0.792818,0.000153575162647,0.000712,-0.000661813196254,-0.00071418384225
0.793083,0.000154281110198,0.000688,-0.000661627952772,-0.000714595502308
0.793355,0.000155107609065,0.000618,-0.00066158129168,-0.000715364554438
0.793634,0.00015593482157,0.000618,-0.00066158129168,-0.000715364554438
0.793912,0.000156594123099,0.000601,-0.000661178358015,-0.000715484440516
0.794192,0.000157218125093,0.000593,-0.000660783277844,-0.000715354128093
0.794469,0.000157838089286,0.000575,-0.000660404262436,-0.000715005753013
0.794741,0.000158626939942,0.000582,-0.000660041349475,-0.000714563126081
0.795009,0.000159726661284,0.000643,-0.000659689887264,-0.000714058390781
0.79528,0.000160875148074,0.000727,-0.00065933934566,-0.000713517515038
0.79556,0.000161836425179,0.000763,-0.000658986205989,-0.000712973910999
0.79585,0.000162263225364,0.000735,-0.000658653952252,-0.000712470587703
0.796144,0.000162138213571,0.000805,-0.000658431933043,-0.000712024480447
0.796441,0.000161670134993,0.000868,-0.000658379056519,-0.000711623142397
0.796738,0.00016106056256,0.000879,-0.000658503601015,-0.00071125091176
0.79704,0.000160507691693,0.000948,-0.000658790168277,-0.000710887857297
0.797341,0.000160209493621,0.000985,-0.000659218532464,-0.000710520304597
0.797637,0.000160135292077,0.001027,-0.000659781291689,-0.000710129263372
0.797932,0.000160255763076,0.000995,-0.000660469792244,-0.000709675623119
0.798235,0.000160449845872,0.000914,-0.000661254298424,-0.000709150747631
0.798539,0.000160829814987,0.000931,-0.000662064374401,-0.00070859142627
0.798843,0.000161253506881,0.001035,-0.000662859137995,-0.000708047320466
0.799148,0.000161269047285,0.001093,-0.000663636335493,-0.000707557717609
0.799452,0.000160940281416,0.00112,-0.00066442042245,-0.000707125974398
0.799756,0.000160480073198,0.001151,-0.000665250760186,-0.000706727822551
0.800063,0.000159963750697,0.001201,-0.00066614792813,-0.000706327204493
0.800375,0.000159481463095,0.001238,-0.000668055993457,-0.000705465295712
0.800683,0.000159179011287,0.001215,-0.000668987103291,-0.000705060394818
0.801293,0.000159383925233,0.00115,-0.000669901511342,-0.0007048428822
0.801595,0.000159677320486,0.001039,-0.000670814198808,-0.000704745821866
0.801896,0.000159940294335,0.000991,-0.000671697120166,-0.000704506818262
0.802192,0.000160225305572,0.00098,-0.000672064106394,-0.000704049810813
0.802488,0.000160325702144,0.000916,-0.000672473413452,-0.000703461878901
0.802784,0.000160154694609,0.000791,-0.000672933710182,-0.000702858213876
0.803079,0.000159695968174,0.000784,-0.000673430829741,-0.000702706104641
0.803373,0.000158914105702,0.000814,-0.00067392550589,-0.000703015627071
0.803668,0.000157697078645,0.000701,-0.00067437418139,-0.000703201884564
0.803962,0.000156086996407,0.000663,-0.000674731183049,-0.000703344203871
0.804256,0.000154329901037,0.000633,-0.000674982631716,-0.000703489688679
0.804549,0.000152704478363,0.000645,-0.000675184785487,-0.000703635128299
0.804841,0.000151341738594,0.000723,-0.000675394004713,-0.000703757006123
0.805132,0.000150234563197,0.000774,-0.000675624686804,-0.000703869233948
0.805422,0.000149471482842,0.000768,-0.00067584924921,-0.000703945106088
0.805711,0.000149113664307,0.000773,-0.000675743803159,-0.000703939763382
0.806,0.000149283974034,0.000815,-0.000674940336713,-0.000704217503241
0.806291,0.000149962685731,0.000807,-0.000674146906843,-0.00070477568873
0.806585,0.000150993446257,0.000954,-0.000673376100718,-0.000705334274078
0.806883,0.000152379391962,0.001006,-0.00067270790965,-0.000705933690405
0.807183,0.000154091075518,0.000891,-0.000672247849398,-0.000706605654548
0.80778,0.000157716074658,0.00082,-0.00067184222271,-0.000708132047962
0.808083,0.000159327540214,0.000737,-0.00067186394092,-0.000709567950474
0.808396,0.000160812405853,0.000634,-0.000671371742987,-0.000710130317834
0.808727,0.000162257550537,0.000634,-0.000671371742987,-0.000710130317834
0.809059,0.000163631562146,0.000718,-0.000670824508321,-0.000710544536219
0.809387,0.00016503808203,0.000769,-0.000670285829165,-0.000710827847063
0.809706,0.000166234542307,0.000826,-0.000669756883106,-0.000710983647046
0.810018,0.000167343224464,0.000878,-0.000669242299938,-0.00071101732666
0.810319,0.000168203200368,0.000894,-0.000668795042591,-0.000710967858887
0.810613,0.000168681190693,0.000861,-0.000668551119536,-0.000710868907534
0.810906,0.000168927846167,0.000788,-0.000668501629629,-0.000710750980528
0.8112,0.000169144734473,0.000674,-0.000668642029712,-0.00071065514279
0.811495,0.000169445377534,0.000642,-0.000668959506427,-0.000710618276858
0.811786,0.000169796581291,0.000658,-0.000669419249457,-0.000710629863609
0.812077,0.000170059965652,0.000658,-0.000669970366778,-0.000710633023582
0.812367,0.000170235116334,0.000754,-0.000670559828054,-0.000710575087332
0.812654,0.000170432395966,0.000812,-0.000671142849716,-0.000711144655627
0.81294,0.000170856675461,0.000793,-0.000671714880181,-0.000711632601999
0.81322,0.000171636632578,0.000877,-0.000672277099192,-0.000712042332976
0.813491,0.000172729941656,0.000984,-0.000672835243484,-0.000712374054981
0.813752,0.000174082221644,0.001026,-0.000673380210464,-0.000712618495606
0.814003,0.000175509590936,0.001008,-0.000673902937878,-0.000712770550288
0.814245,0.000176899389798,0.00095,-0.000674396674556,-0.000712837648219
0.814481,0.000178085326689,0.000954,-0.000674856964625,-0.000712838696547
0.814712,0.000178960116913,0.000965,-0.000675286172945,-0.000712791519435
0.814938,0.000179513644062,0.000979,-0.000675694588012,-0.000712716026068
0.815159,0.000179810488689,0.000973,-0.000676098125211,-0.000712622690887
0.815375,0.000179929543613,0.000934,-0.000676514909932,-0.00071251884653
0.815586,0.000179927189677,0.000945,-0.000676131439285,-0.000712411831048
0.815795,0.000179927730305,0.00099,-0.000675616790214,-0.000712311088032
0.816003,0.000180011379679,0.00103,-0.000675154952381,-0.000712233417021
0.816211,0.000180203949695,0.00106,-0.000674733579516,-0.000712196676201
0.816424,0.000180577370345,0.001079,-0.00067433799483,-0.000712213472366
0.816645,0.000181176889958,0.001092,-0.000673998989229,-0.00071228904758
0.816879,0.000181979545636,0.001093,-0.000673783858941,-0.000712413929628
0.817134,0.000182918660113,0.001071,-0.000673684798505,-0.000712572345012
0.817417,0.000183820873769,0.00101,-0.000673683659761,-0.000712746434597
0.817699,0.000184459653296,0.000803,-0.000673700740636,-0.000712922555116
0.817976,0.000184868441791,0.000796,-0.000673642663197,-0.000713127944514
0.81825,0.00018514230547,0.00086,-0.000673517374363,-0.000713388741673
0.818524,0.000185252634723,0.00089,-0.000673414841149,-0.000713703806626
0.8188,0.000185205395735,0.000897,-0.000673450160601,-0.00071404166135
0.819082,0.000185150049689,0.000881,-0.000673714404901,-0.000714329114381
0.81937,0.000185218464436,0.000831,-0.000673875457599,-0.000714488965538
0.819667,0.000185279941709,0.000886,-0.000673321913569,-0.000714443000927
0.819971,0.000185209903506,0.000916,-0.000672729288833,-0.000714092893324
0.820263,0.000184769778051,0.000833,-0.00067218585459,-0.000713840861012
0.820534,0.000184019065973,0.000786,-0.00067154916935,-0.000713552057901
0.821037,0.000181862710599,0.000757,-0.000671410748141,-0.000713345809263
0.821277,0.000180744472601,0.000685,-0.000671332940341,-0.000713124801485
0.82151,0.000179779389589,0.000597,-0.000671135981247,-0.000712870145288
0.821739,0.00017895089999,0.00065,-0.000670712237376,-0.000712552414926
0.821963,0.000178160943913,0.000684,-0.000670367242495,-0.000712152583376
0.822183,0.000177255562771,0.000693,-0.000670085104118,-0.000711662030637
0.822402,0.000176145187143,0.000765,-0.000669884295956,-0.000711076260108
0.82262,0.000174936500044,0.000833,-0.000669771807062,-0.000710400181385
0.822841,0.0001737750141,0.000847,-0.000669722441455,-0.000709638679432
0.823069,0.000172695560528,0.000819,-0.000669685700999,-0.000708798739017
0.823304,0.000171805298877,0.000848,-0.000669658143831,-0.000707901129317
0.823549,0.000171153465678,0.000869,-0.000669684552815,-0.000707607549195
0.823802,0.000170816876272,0.00085,-0.000669811984662,-0.000707423039655
0.824068,0.000170803601495,0.000897,-0.000670011675347,-0.000707237396045
0.824347,0.000171071098639,0.000971,-0.000670243397081,-0.000707067600054
0.824635,0.000171612332127,0.001023,-0.000670448642155,-0.000706975247536
0.824914,0.000172313949969,0.00096,-0.000670607962492,-0.00070697206264
0.825187,0.000173108133704,0.000847,-0.00067050639691,-0.000707056985752
0.825454,0.000173924580454,0.000717,-0.000670165842304,-0.000707226785607
0.825718,0.000174604697169,0.000727,-0.000669846857164,-0.000707469704138
0.825979,0.000175066630576,0.000661,-0.000669558672289,-0.000707757012002
0.826234,0.00017526226615,0.000646,-0.000669326622244,-0.000708050498025
0.826483,0.000175282219273,0.000752,-0.000669184120704,-0.000708309925567
0.826729,0.000175196928204,0.000862,-0.000669102508241,-0.000708517363632
0.826973,0.000175102483526,0.000942,-0.000669092162019,-0.000708660188176
0.827216,0.000175043358339,0.000928,-0.000669181821949,-0.000708702498149
0.82746,0.000174994439722,0.000755,-0.000669378326168,-0.000708603063614
0.827705,0.000174985889921,0.000386,-0.000669650542629,-0.000708392488517
0.82795,0.000174998489125,0.00048,-0.000669940968123,-0.000708094981578
0.828197,0.000174920176343,0.000572,-0.000670195664721,-0.000707688116662
0.828449,0.00017469131674,0.000661,-0.000670367681316,-0.000707154628221
0.828707,0.000174228207641,0.000756,-0.000670445642072,-0.000706499395501
0.828971,0.000173758024548,0.000802,-0.000670466276645,-0.000705755968623
0.82924,0.000173408827004,0.000773,-0.000670243397081,-0.000704976173997
0.829514,0.000173303139522,0.000909,-0.000669954301384,-0.000704323214712
0.829798,0.000173470705068,0.001029,-0.000669651254294,-0.000703821139604
0.83008,0.000173773690843,0.001034,-0.000669354911642,-0.000703338854304
0.830356,0.000174180291674,0.000949,-0.000669081380741,-0.000702819655643
0.830629,0.000174447189799,0.001137,-0.000668881306794,-0.000702388873071
0.8309,0.000174434524344,0.001268,-0.000668750179148,-0.00070205533416
0.83117,0.000174335410007,0.001421,-0.000668571834743,-0.000701673242583
0.831438,0.000174437566699,0.001421,-0.000668571834743,-0.000701673242583
0.831705,0.000174579592559,0.001556,-0.0006685407616,-0.000701554043615
0.831972,0.000174561956687,0.001658,-0.000668576438003,-0.000701791337817
0.832242,0.000174533375873,0.001753,-0.000668690354777,-0.000702024220365
0.832514,0.000174567019137,0.001825,-0.00066887785652,-0.000702214089661
0.832781,0.000174567337215,0.001815,-0.000669123914572,-0.000702339554291
0.833047,0.000174435818044,0.001781,-0.000669426142288,-0.000704227918017
0.833315,0.00017409226741,0.001731,-0.000669790174377,-0.000706072794077
0.833589,0.000173530176906,0.001679,-0.000670219312355,-0.000707855312667
0.833871,0.000172718139645,0.001626,-0.000670703071253,-0.000709575089979
0.834154,0.000171748836334,0.001567,-0.00067120466156,-0.000711179129127
0.834439,0.000170712191493,0.001621,-0.00067169315537,-0.000712652862738
0.834731,0.000169716192412,0.001629,-0.00067213889043,-0.000713945215845
0.835031,0.000168963535288,0.001585,-0.00067250888145,-0.00071498673393
0.835339,0.000168621378973,0.001472,-0.000672798738392,-0.000715721800723
0.835652,0.000168665988563,0.001299,-0.000672555278294,-0.000716097744547
0.835967,0.000168899636116,0.001088,-0.000672298389095,-0.000716099826487
0.836279,0.000169052363739,0.001041,-0.00067213505082,-0.000715743678412
0.836585,0.000168995537413,0.000974,-0.000672105347027,-0.000715196425289
0.836883,0.000168655271256,0.000862,-0.000672302957206,-0.00071457333231
0.837167,0.000168083811925,0.000787,-0.000672553343362,-0.000713922207051
0.837437,0.000167482241977,0.000731,-0.000672780434408,-0.000713251312143
0.837706,0.000166888540949,0.000729,-0.00067332661364,-0.000711768974156
0.837976,0.000166240725696,0.000729,-0.00067332661364,-0.000711768974156
0.838241,0.000165504763071,0.000757,-0.00067336539731,-0.00071097287462
0.838502,0.000164793082519,0.000762,-0.0006732331983,-0.000710170136527
0.838757,0.000164254235211,0.00073,-0.000673155685516,-0.00070939980707
0.839011,0.000163860257911,0.000746,-0.000673214961116,-0.000708943591607
0.839267,0.000163526018752,0.000736,-0.000673392744316,-0.000708397780515
0.839526,0.000163134745587,0.000725,-0.000673667268071,-0.000707716735963
0.839789,0.000162756955477,0.000783,-0.000674026988344,-0.000707378235749
0.84006,0.000162475926786,0.000934,-0.000674462619574,-0.000707137391597
0.84034,0.000162414445758,0.001079,-0.000674973956065,-0.000706907040997
0.840631,0.000162523703042,0.001174,-0.000675563025368,-0.000706720129294
0.84093,0.000162748749224,0.001159,-0.000675931537031,-0.000706648955726
0.841229,0.000163027822895,0.001057,-0.000676084528334,-0.000706690386436
0.841529,0.000163217729998,0.00115,-0.000676598676381,-0.000706794478144
0.84183,0.000163134590324,0.001133,-0.000677329316727,-0.000706890052118
0.842132,0.000162726647892,0.00106,-0.000677991137787,-0.00070690597921
0.84243,0.000162019836493,0.00104,-0.000678478450778,-0.000706858196302
0.842723,0.000161185995673,0.000996,-0.000678618965596,-0.000706765802133
0.843013,0.000160422297888,0.000904,-0.000678698995205,-0.000706668078049
0.843302,0.000159650353585,0.000793,-0.000678186015197,-0.000706571396048
0.843596,0.000158965898679,0.000679,-0.000677685982225,-0.000706477882312
0.843897,0.000158392492966,0.000573,-0.000677276991226,-0.000706447061181
0.844196,0.000157982288071,0.000603,-0.000677142467973,-0.000706531017415
0.844492,0.000157759526073,0.000597,-0.000677282642641,-0.000706747745964
0.844785,0.000157812246902,0.000636,-0.000677656618765,-0.000707092816487
0.845079,0.000158102709477,0.000681,-0.000677822452598,-0.000707521410092
0.845375,0.000158629070763,0.000707,-0.000677863099925,-0.00070797185724
0.845675,0.000159390616033,0.000737,-0.000677839389402,-0.000708416577674
0.845978,0.000160376222048,0.000786,-0.000677556426189,-0.00070886087391
0.846285,0.000161504870951,0.00086,-0.000676853282216,-0.000709289957619
0.846595,0.000162725850249,0.000943,-0.000676032403418,-0.000709588814166
0.846905,0.000164103632114,0.001005,-0.000675093189994,-0.000709640540154
0.847214,0.000165848213795,0.001043,-0.000674046332792,-0.000709472673649
0.847519,0.000167854810674,0.001116,-0.000672935618278,-0.000709185616875
0.847819,0.000169736697497,0.001153,-0.000671823489615,-0.000709476092344
0.848111,0.000171158089367,0.001146,-0.000670794724687,-0.000709875068341
0.848396,0.000172196570594,0.001103,-0.000669922168999,-0.000710238914583
0.848676,0.000173033238375,0.001064,-0.000669214717578,-0.000710552964313
0.848948,0.000173667925435,0.001143,-0.000668660439827,-0.000710784677013
0.849214,0.000174099484315,0.001187,-0.000668247194953,-0.000710953122787
0.849475,0.000174328876887,0.001199,-0.000667960364491,-0.000711072050824
0.849734,0.00017443314341,0.001176,-0.000667760980965,-0.000711181479812
0.849992,0.000174362012693,0.001126,-0.000667561515628,-0.00071132138509
0.850252,0.000174023772163,0.001058,-0.000666485529657,-0.000711502252739
0.850518,0.00017345450491,0.000875,-0.000664448277913,-0.00071188163548
0.850788,0.000172788915482,0.000875,-0.000664448277913,-0.00071188163548
0.851063,0.000172040816871,0.000906,-0.000663557276106,-0.000712019229572
0.851339,0.000171269057558,0.000922,-0.000662767142094,-0.000712149433728
0.851614,0.000170680209068,0.000921,-0.000662076037166,-0.000712318434617
0.851893,0.000170301887546,0.000917,-0.000661472707442,-0.000712523042713
0.852181,0.00017003683954,0.000895,-0.000660942283354,-0.000712735949123
0.852474,0.000169907769769,0.000847,-0.000660462771613,-0.0007129173144
0.85277,0.000169859525784,0.000884,-0.000660017926501,-0.000713033644357
0.853066,0.00016979243878,0.000874,-0.000659637146188,-0.000713047266676
0.85336,0.00016975593204,0.000852,-0.000659394464123,-0.000712937228806
0.853653,0.000169750612089,0.000832,-0.0006593264447,-0.000712793616297
0.853945,0.000169781618551,0.000797,-0.000659415571681,-0.000712793616297
0.854238,0.000169708495029,0.000708,-0.000659577366107,-0.000712669885181
0.854529,0.00016939623732,0.000709,-0.000659767230579,-0.000712435964146
0.854813,0.000168940885812,0.000759,-0.000660017926501,-0.000712082236146
0.855098,0.000168450132884,0.000847,-0.000660369153575,-0.000711600018115
0.855385,0.000167900951675,0.000941,-0.000660814849223,-0.000711049951457
0.855671,0.000167258875543,0.001023,-0.000661322050688,-0.000710436010855
0.855955,0.000166452917111,0.001159,-0.000661902233164,-0.000709772718249
0.856235,0.000165520672348,0.00118,-0.000662594748711,-0.000709083114984
0.856512,0.000164591015722,0.001079,-0.000663414239097,-0.00070839143011
0.856786,0.000163710743792,0.000943,-0.000664348455139,-0.000707708256353
0.857068,0.000162903041406,0.000964,-0.000665396734841,-0.000707003910619
0.857349,0.000162225645947,0.000982,-0.00066649015271,-0.000706272983064
0.857628,0.000161780961475,0.000962,-0.000667577660376,-0.00070547914138
0.857904,0.000161578440069,0.00098,-0.000668615563948,-0.000705147797853
0.858178,0.000161460897607,0.000976,-0.000669580056687,-0.00070498896801
0.858452,0.000161282810888,0.00109,-0.000670481885973,-0.000704858879222
0.858726,0.000160905548866,0.00116,-0.000671344281506,-0.000704791688051
0.859001,0.000160305972968,0.001199,-0.000672174303047,-0.000704827951152
0.859278,0.000159553065727,0.001222,-0.000672964130045,-0.000704969776858
0.859558,0.000158819220155,0.001251,-0.000673690043119,-0.000705206412684
0.859842,0.000158225913976,0.00125,-0.000674318210992,-0.000705524935669
0.860129,0.000157851051197,0.001176,-0.000674825156223,-0.00070590283339
0.86042,0.000157639100253,0.000999,-0.000674329583313,-0.00070629424712
0.860713,0.000157444730892,0.000771,-0.000673808456061,-0.000706653463228
0.861006,0.000157044353145,0.000674,-0.000673279927944,-0.0007069444593
0.861299,0.000156439414843,0.000519,-0.000672779343941,-0.000707149322091
0.861591,0.000155673409164,0.000426,-0.00067235817852,-0.000707268164952
0.861882,0.000154748184735,0.000353,-0.000672040635406,-0.000707312723219
0.862171,0.000153729892535,0.000382,-0.000671762899988,-0.00070729893183
0.862458,0.000152818831656,0.000436,-0.000671598240816,-0.000707244823209
0.862751,0.000152231075807,0.00046,-0.000671608533655,-0.000707167362689
0.863061,0.000151915670912,0.000491,-0.00067178462167,-0.000707081398286
0.863395,0.000151828422881,0.000895,-0.000672078340274,-0.000707001787488
0.863734,0.000151887831905,0.001102,-0.000672400425744,-0.000706926410079
0.864058,0.000152014161962,0.001022,-0.000672728001935,-0.000706837215442
0.864365,0.000152020798531,0.000894,-0.000673086141412,-0.000706742692994
0.864666,0.000151794790903,0.000993,-0.000673481611398,-0.000706667273712
0.864964,0.000151463249085,0.001013,-0.000673917734561,-0.000706625841033
0.865259,0.0001512701709,0.001076,-0.000674903537432,-0.000706650276135
0.865553,0.000151306790354,0.001076,-0.000674903537432,-0.000706650276135
0.865849,0.00015133126024,0.001123,-0.000673907490751,-0.000706727822551
0.866147,0.000151167400654,0.001112,-0.000672797597564,-0.0007076679761
0.866448,0.00015090343713,0.001056,-0.000671722883813,-0.000708750092273
0.866745,0.000150551605331,0.001182,-0.00067074546312,-0.000709637623854
0.867032,0.000150125885454,0.001189,-0.000669923316621,-0.000710271594076
0.867309,0.000149665006304,0.001116,-0.000669268731562,-0.000710654089519
0.867578,0.000149179116731,0.000997,-0.000668804244836,-0.000710811000691
0.867841,0.00014874944594,0.000869,-0.000668503931597,-0.000710787835933
0.868105,0.000148386090354,0.000901,-0.000668325496739,-0.00071070464387
0.868375,0.000148200949552,0.001007,-0.000668182701652,-0.000710585621733
0.868652,0.000148388942074,0.001064,-0.000668129718608,-0.000710414935031
0.868938,0.000148953232927,0.001038,-0.000668272529264,-0.000710374888332
0.869227,0.000149850665624,0.001016,-0.00066859830289,-0.000710501339838
0.869517,0.000150776109395,0.001184,-0.000669048040808,-0.000710462354292
0.869804,0.000151478971008,0.001237,-0.000669225061147,-0.000710383319502
0.870088,0.000151849722051,0.001201,-0.000668786990483,-0.000710358025531
0.870369,0.000151963305704,0.001117,-0.000668345070214,-0.000710433903316
0.870648,0.000152001482842,0.000995,-0.000667903900002,-0.000710604583053
0.870929,0.000152161859707,0.000787,-0.000667507311485,-0.000710817318152
0.871214,0.000152523878875,0.000799,-0.000667228122123,-0.000711000487158
0.8715,0.000152974211707,0.000889,-0.000667087312981,-0.000711104671777
0.871784,0.000153275704461,0.001019,-0.000667082695598,-0.000711117298628
0.872067,0.000153226821108,0.001133,-0.000667510771504,-0.000711016274209
0.872346,0.00015293845089,0.001133,-0.000667510771504,-0.000711016274209
0.872624,0.000152733037646,0.00112,-0.00066795690767,-0.00071102153644
0.8729,0.00015266387716,0.001075,-0.000668531554361,-0.000711085730857
0.873177,0.000152780982452,0.001,-0.000669207821744,-0.000711141499132
0.873455,0.000153100612726,0.000899,-0.000669958891551,-0.000711096253686
0.873732,0.00015352784072,0.000876,-0.000670675571842,-0.000710896279166
0.87401,0.000154096197844,0.000913,-0.000670692759157,-0.000710546643257
0.874288,0.000154813857263,0.000965,-0.000670748900136,-0.000710102901052
0.87457,0.000155719789362,0.001018,-0.00067086230799,-0.000709624956743
0.874858,0.000156694337215,0.00104,-0.000670968818467,-0.000709197239375
0.875147,0.00015754969486,0.000995,-0.000671020347391,-0.000708954163024
0.875434,0.000158167238969,0.000922,-0.000671020347391,-0.00070868663236
0.875721,0.000158589101208,0.000857,-0.000671045537315,-0.000708468687484
0.87601,0.00015874295973,0.000825,-0.00067117032262,-0.000708240053178
0.876301,0.000158608745705,0.000798,-0.000671415220483,-0.000707948805383
0.87659,0.00015827084944,0.00075,-0.000671360178062,-0.000707637233566
0.876877,0.000157798754852,0.000688,-0.000671304101257,-0.000707464401591
0.877163,0.00015727835667,0.000601,-0.000671174901286,-0.00070738485615
0.877449,0.000156787171488,0.000649,-0.000670692759157,-0.000707366823963
0.877732,0.000156347659718,0.00072,-0.000670332844164,-0.000707435766795
0.878013,0.000156049219134,0.00073,-0.000670112637041,-0.000707600127807
0.878291,0.000155884171081,0.000757,-0.000670046096468,-0.000707825897161
0.878566,0.000155726098793,0.000757,-0.000670119520027,-0.000708057912245
0.878839,0.000155556069191,0.000754,-0.000670316790774,-0.000708250640578
0.879112,0.000155427855498,0.000751,-0.00067061483845,-0.000708378729041
0.879385,0.000155541428601,0.000745,-0.000670960802364,-0.000708378729041
0.879659,0.000156007910504,0.00072,-0.000671282487478,-0.000708213583628
0.879933,0.000156813111942,0.000766,-0.000671570792175,-0.000707873580923
0.880208,0.000157822776767,0.000838,-0.000671837206968,-0.000707374249066
0.880483,0.000158846054253,0.000911,-0.000672105760151,-0.00070674375515
0.880758,0.000159766959678,0.000965,-0.000672407276297,-0.000705994334458
0.881033,0.000160420716318,0.000959,-0.000672754244086,-0.000705158455642
0.881308,0.000160780723448,0.000891,-0.000672564812259,-0.000704291183455
0.881582,0.000160958971363,0.000776,-0.000671807485545,-0.000703466157436
0.881856,0.000161026261981,0.000723,-0.000670997446324,-0.000703039180959
0.88213,0.000161025469961,0.000721,-0.000670171139312,-0.00070266217659
0.882406,0.000160995661715,0.000795,-0.000669376741499,-0.000702220524562
0.882681,0.000161009792951,0.000835,-0.000668665042247,-0.000701792411274
0.882953,0.000161132489838,0.00081,-0.000668096313285,-0.000702661105123
0.883222,0.000161366345791,0.000748,-0.000667702187552,-0.000703461878901
0.883487,0.000161563469245,0.00079,-0.000667454254769,-0.000704181192781
0.883748,0.000161759942348,0.000852,-0.000667271972384,-0.000704822618519
0.884009,0.000161890835127,0.000888,-0.000667135792861,-0.000705382213084
0.88427,0.00016187449127,0.000886,-0.000667148489173,-0.000705859204477
0.884533,0.000161693762251,0.000839,-0.00066734004785,-0.000706245338344
0.884799,0.000161406499178,0.00074,-0.000667698728894,-0.000706535526292
0.885069,0.000161176367516,0.00071,-0.000668172335859,-0.000706735257831
0.885343,0.000161121745779,0.000596,-0.000669145754821,-0.000706909421939
0.885623,0.000161116586538,0.000596,-0.000669145754821,-0.000706909421939
0.885911,0.000161039543834,0.000576,-0.000669538711346,-0.000706934903917
0.886205,0.000160874154937,0.000661,-0.000669571602558,-0.000706947644384
0.886502,0.000160744179487,0.000678,-0.000669388943739,-0.000706941274194
0.886803,0.000160653466946,0.000718,-0.000669206573231,-0.000706814914119
0.887105,0.000160439031458,0.000718,-0.000669206573231,-0.000706814914119
0.887408,0.000160140408858,0.000639,-0.000669301967656,-0.000706702329261
0.887711,0.000159829223056,0.000504,-0.000669538648732,-0.000706516398575
0.888011,0.000159546201619,0.000554,-0.000669888862727,-0.000706244275053
0.888301,0.000159358294175,0.000522,-0.000670309932847,-0.000705884743847
0.888588,0.000159285694118,0.000489,-0.000670807755321,-0.000705422691081
0.888877,0.000159276972177,0.000558,-0.00067139168608,-0.000704854613403
0.889167,0.000159284417589,0.000624,-0.000672044625201,-0.000704188668694
0.889457,0.000159450261157,0.000693,-0.000672722931308,-0.000703447973393
0.889746,0.00015990447676,0.000797,-0.000673391516758,-0.000702905336297
0.890036,0.00016060609469,0.000883,-0.000674630895557,-0.000702530367728
0.890612,0.000162733204118,0.000928,-0.000675185252302,-0.000702355637072
0.890899,0.000164026111768,0.000982,-0.000675694743862,-0.000702177623558
0.891183,0.000165358243812,0.000997,-0.000675882796269,-0.00070242961076
0.891465,0.000166698687916,0.000997,-0.000675717267599,-0.000702652533296
0.891745,0.000167972133719,0.000974,-0.000675548279042,-0.000702801446486
0.892022,0.000169207174619,0.000929,-0.000675408733786,-0.000702849645654
0.892299,0.000170394554984,0.000864,-0.000675354266146,-0.000702791806057
0.892576,0.000171481813388,0.000869,-0.000675447311309,-0.000702700747782
0.892853,0.000172377054868,0.000918,-0.000675699124015,-0.000702550730867
0.893132,0.000172998325418,0.000945,-0.000675384452501,-0.00070231274843
0.893696,0.000173677458638,0.000865,-0.000674451919058,-0.000702519649931
0.893973,0.000173746076781,0.000782,-0.000674340485216,-0.000702775738236
0.894245,0.000173477301816,0.000725,-0.000674384834418,-0.000702982435491
0.894515,0.000172857870498,0.000731,-0.000674480341941,-0.000703153721622
0.894784,0.000171964756573,0.000873,-0.000674595495736,-0.000703304615624
0.895053,0.000170919114351,0.000981,-0.000674751185978,-0.000703434067472
0.895323,0.000169823038143,0.001061,-0.000674979516565,-0.000703534608677
0.895598,0.000168735567419,0.001114,-0.000675289464272,-0.000703585940542
0.895879,0.000167729998571,0.001118,-0.000675663860644,-0.00070356776115
0.896166,0.000166899917939,0.001046,-0.000676093490836,-0.000703447973393
0.896462,0.000166154799807,0.000882,-0.000676590658088,-0.00070321579738
0.896764,0.000165389821592,0.00083,-0.00067720376576,-0.000702877491803
0.897069,0.000164787082394,0.000891,-0.000677969618186,-0.000702485351334
0.897374,0.000164510463843,0.000961,-0.000678870586801,-0.00070211541013
0.89768,0.000164409677289,0.000998,-0.000680822330905,-0.000702284868708
0.897985,0.000164277674845,0.000953,-0.000681087603542,-0.00070198344744
0.898596,0.000164133669512,0.000886,-0.000681236728623,-0.00070148852498
0.898901,0.000164202701396,0.000808,-0.000681314075995,-0.000700823154145
0.899206,0.000164420930393,0.000763,-0.000681303987915,-0.000700001696582
0.899493,0.000164777211454,0.000816,-0.000681224396729,-0.000699496050457
0.899775,0.000165248250842,0.000803,-0.000681110827847,-0.000699783979636
0.900062,0.000165705904186,0.00075,-0.000680715766421,-0.000699844346913
0.900369,0.000166015233112,0.000829,-0.000680420529852,-0.000699743011712
0.900679,0.000166119421027,0.001073,-0.000679792407803,-0.000699256514362
0.900989,0.000165980747366,0.001073,-0.000679792407803,-0.000699256514362
0.901299,0.000165701596366,0.001109,-0.000679039602116,-0.00069888402008
0.901608,0.000165281094234,0.001086,-0.000678468303459,-0.000698498258796
0.901912,0.000164563385345,0.001011,-0.000678081418196,-0.000697942293221
0.902503,0.000162504040412,0.000768,-0.000676521702349,-0.000696587492881
0.902796,0.000161396708756,0.000723,-0.000675862391696,-0.000696486539975
0.903086,0.000160311760372,0.000727,-0.000675361074937,-0.000696698190586
0.903375,0.000159378772544,0.000734,-0.000674977363158,-0.000696906492279
0.903664,0.000158612675859,0.000728,-0.000674597892362,-0.000697090849297
0.903953,0.00015796872638,0.000738,-0.000674272719029,-0.000697244786391
0.90424,0.000157294247849,0.000797,-0.000674094121638,-0.000697384587088
0.904524,0.000156537870303,0.000829,-0.000674139630429,-0.000697528679287
0.904807,0.000155700262145,0.000832,-0.000674483083437,-0.000697649985922
0.905084,0.000154799103632,0.000803,-0.000675064803636,-0.00069773986266
0.905358,0.000153920041912,0.000764,-0.000675775095717,-0.000697802657916
0.905632,0.000153198260429,0.000716,-0.000676150243019,-0.000697837299991
0.905907,0.000152643689663,0.000765,-0.000675408733786,-0.000697825392065
0.906183,0.000152258822899,0.000893,-0.000674762669329,-0.000697723621145
0.906458,0.000151883064359,0.001025,-0.000674228360238,-0.00069751459703
0.907008,0.00015060595664,0.001271,-0.000673451990853,-0.000697669478719
0.907283,0.000149653452483,0.00133,-0.000673221800141,-0.000698044016914
0.907555,0.000148567400383,0.00133,-0.000673043954048,-0.000698496096777
0.907824,0.000147438945039,0.001255,-0.000672901401939,-0.000699023335074
0.908087,0.000146299431474,0.001153,-0.000672816991282,-0.000699597438894
0.908343,0.000145203909318,0.001078,-0.000672783907411,-0.0007001740741
0.908594,0.000144205252786,0.000997,-0.000672804442494,-0.000700724181656
0.908843,0.000143308472271,0.000929,-0.000672889995955,-0.000701247853463
0.909097,0.000142459970311,0.000869,-0.000673062197685,-0.00070175269174
0.909367,0.000141575307263,0.000878,-0.000673001516549,-0.000702702890533
0.909974,0.000139786777174,0.000846,-0.000672610215482,-0.000703546372727
0.910286,0.000138907782788,0.000728,-0.000672472100756,-0.000704324282382
0.910601,0.000137980307409,0.000669,-0.000672368203365,-0.000704993232603
0.910917,0.000136868841033,0.000718,-0.000672225450786,-0.000705576049575
0.911235,0.000135479854625,0.000771,-0.000672145490942,-0.000706094326751
0.911554,0.000133892569299,0.000846,-0.00067229397728,-0.000706551465457
0.911872,0.000132354616559,0.00088,-0.000672671840734,-0.000706928533553
0.912187,0.000131100516354,0.000901,-0.000673034831972,-0.000707201319569
0.912498,0.000130225886401,0.000892,-0.000672629866491,-0.000707344547946
0.912804,0.000129497737857,0.000906,-0.000672214281921,-0.000707353034174
0.913105,0.000128926926111,0.001039,-0.000671810915033,-0.000707259677181
0.9134,0.000128436390024,0.001122,-0.000671408355875,-0.000707149322091
0.913689,0.000128051645755,0.001152,-0.000670995156157,-0.000707054862863
0.913974,0.000127669993261,0.001124,-0.000670572435155,-0.000707040002367
0.914257,0.000127193756409,0.000925,-0.000670149345173,-0.000707100502856
0.914541,0.000126586791174,0.000558,-0.000669730478059,-0.000707131280795
0.91483,0.000125949261704,0.000507,-0.000669307801761,-0.000707069722886
0.915125,0.000125354681737,0.000799,-0.000668491270639,-0.000706882876732
0.915418,0.000124842396278,0.000799,-0.000668491270639,-0.000706882876732
0.915705,0.000124382154809,0.000823,-0.000668176942905,-0.000706779867028
0.915988,0.000123920902684,0.000798,-0.000667769050095,-0.000706659837348
0.916268,0.00012332225776,0.000762,-0.000667334279112,-0.000706500458212
0.916547,0.000122569067371,0.000725,-0.000667026129095,-0.000706302752471
0.916825,0.000121613071354,0.000716,-0.00066696378288,-0.000706087944904
0.917105,0.000120559884235,0.00078,-0.000667078078171,-0.000705869846051
0.917389,0.000119472606325,0.000802,-0.000667226968116,-0.000705642063427
0.917677,0.00011842981458,0.000836,-0.000667322741432,-0.000705391800295
0.917971,0.000117539639051,0.000874,-0.000667355046248,-0.000705125415706
0.918264,0.000116914095744,0.000771,-0.000667372351517,-0.000705141403063
0.918555,0.000116572308059,0.000682,-0.000667698728894,-0.000706659837348
0.918846,0.00011650142545,0.000682,-0.000667698728894,-0.000706659837348
0.919137,0.000116601926849,0.000597,-0.00066810898454,-0.000707293627341
0.91943,0.000116823456381,0.000494,-0.000668677698677,-0.000707816359823
0.919724,0.000117167657159,0.000611,-0.000669180237425,-0.000708197701176
0.920019,0.000117684499453,0.000599,-0.000669838385272,-0.0007084845607
0.920253,0.000118089729605,0.000599,-0.000669838385272,-0.0007084845607
0.920417,0.000118405865062,0.000403,-0.000670290416195,-0.00070842106459
0.920797,0.000119257109948,0.000544,-0.000670613692463,-0.000708304632571
0.92108,0.000119705185896,0.000659,-0.000671045537315,-0.000708144755757
0.921358,0.000120180707272,0.000551,-0.000671442677943,-0.000708000713775
0.921632,0.000120604066379,0.000454,-0.000671750323832,-0.000707878878817
0.921906,0.000120999846716,0.000457,-0.000671921788725,-0.000707766550554
0.922185,0.000121514442693,0.000519,-0.000671957217231,-0.000707763371059
0.922468,0.000122126332229,0.000553,-0.000671942360431,-0.000708134165952
0.92275,0.000122513147787,0.000596,-0.000671916074207,-0.00070853958366
0.923033,0.00012259716021,0.000615,-0.00067188064269,-0.000709022871383
0.923323,0.00012246537776,0.000609,-0.00067183606387,-0.000709574284849
0.923612,0.00012227900666,0.00096,-0.000671444965994,-0.000710567713109
0.923897,0.00012212658259,0.00096,-0.000671444965994,-0.000710567713109
0.924169,0.000121943399995,0.001099,-0.000670603378465,-0.00071087311866
0.924434,0.000121726052498,0.001127,-0.00066931009991,-0.000711093096862
0.924697,0.000121509318426,0.001091,-0.000668054841413,-0.000711275105303
0.924961,0.000121344459877,0.000982,-0.000666922214298,-0.000711441270359
0.925225,0.000121374990834,0.000831,-0.000665961684659,-0.000711593711293
0.925489,0.000121712890874,0.000632,-0.000664688465276,-0.000711797588485
0.925749,0.000122504633812,0.000632,-0.000664688465276,-0.000711797588485
0.926007,0.000123709344136,0.000594,-0.000664322915799,-0.000711823854806
0.926264,0.000125278971541,0.000539,-0.000664040733207,-0.000711801791196
0.926518,0.00012705540153,0.000468,-0.000663749089229,-0.000711748203776
0.92677,0.000128753773718,0.000445,-0.000663520067258,-0.000711679897115
0.927017,0.000129896578074,0.000454,-0.000663490995872,-0.000711609478188
0.927259,0.000130467862124,0.000494,-0.000663690971999,-0.000711536946036
0.927496,0.000130632789511,0.000581,-0.000664097647361,-0.000711448630726
0.927726,0.000130539076098,0.000622,-0.000664631620016,-0.000711323488607
0.92795,0.000130243907878,0.000732,-0.000665190503929,-0.000711141499132
0.928173,0.000129768503173,0.000847,-0.000665707075268,-0.000710887857297
0.928402,0.000129182761888,0.000943,-0.000666159493698,-0.000710555071312
0.928643,0.000128501186472,0.001004,-0.000666557182049,-0.000710152460978
0.928885,0.000127726440323,0.000963,-0.000666915285856,-0.000709725228598
0.929128,0.000126934315513,0.000791,-0.000666978792884,-0.000708917162014
0.929374,0.000126189037481,0.000791,-0.000666978792884,-0.000708917162014
0.929623,0.000125553604109,0.000814,-0.000667097701934,-0.000708561802628
0.929875,0.000125084997593,0.000905,-0.000667283511269,-0.000708235818151
0.930131,0.000124692268421,0.000987,-0.000667526917936,-0.000707928676084
0.93039,0.000124311620266,0.001091,-0.000668138933465,-0.000707275591626
0.930655,0.000123849188626,0.001091,-0.000668138933465,-0.000707275591626
0.930924,0.000123302508556,0.001095,-0.00066849472366,-0.000707071845707
0.931195,0.000122671227607,0.001063,-0.00066886635543,-0.000707159934292
0.931464,0.000122071484927,0.000993,-0.000669249195283,-0.000707517424347
0.931731,0.00012160371148,0.000898,-0.000669652402557,-0.000707974230624
0.932,0.00012125622256,0.000894,-0.000670116078546,-0.000708270755973
0.932275,0.000120941255877,0.000873,-0.000670675571842,-0.000708315218503
0.93256,0.000120680722917,0.000735,-0.000671332838762,-0.000708168052483
0.932843,0.000120562995268,0.000665,-0.000672025781167,-0.000707878878817
0.933125,0.000120661189294,0.000747,-0.000672682360019,-0.00070745591739
0.933405,0.000121100039666,0.000775,-0.000673249155272,-0.000706934903917
0.933687,0.000122059225036,0.000844,-0.000673295883373,-0.000706328267595
0.93397,0.000123595870256,0.001269,-0.000673646769611,-0.000704890871624
0.934256,0.000125400523667,0.001269,-0.000673646769611,-0.000704890871624
0.934544,0.000127060396383,0.001353,-0.000673799348404,-0.000704553775039
0.934834,0.000128360752809,0.001325,-0.000673273089742,-0.000704286912455
0.935121,0.000129266186945,0.001437,-0.000672875167773,-0.000704066903237
0.935413,0.00013001802886,0.00151,-0.000672563670878,-0.00070384892805
0.935706,0.000130639672191,0.001449,-0.000672219992919,-0.000703604119228
0.935998,0.000131270128736,0.001281,-0.000671806342377,-0.000703316385452
0.93629,0.000131945525909,0.001128,-0.000671401491169,-0.000702970657269
0.936584,0.000132661770458,0.00112,-0.000671078740213,-0.000702564663032
0.936877,0.000133203198174,0.001102,-0.00067081648983,-0.000702098246352
0.937169,0.000133435557462,0.001039,-0.000670528881963,-0.000701561561562
0.937459,0.000133522837782,0.00091,-0.000670214724652,-0.000700944689642
0.93775,0.000133433523295,0.000854,-0.000669885443668,-0.000700253777321
0.938042,0.000133032717145,0.000849,-0.000669567423762,-0.000699512230929
0.938333,0.00013235680861,0.000908,-0.000669408910026,-0.000698757628942
0.938624,0.000131665173037,0.000896,-0.000669428439877,-0.000698598781689
0.938913,0.000131095593443,0.000844,-0.000669611063381,-0.000699484184424
0.939202,0.000130432245013,0.000813,-0.000669971514285,-0.000700360386169
0.939489,0.000129688554843,0.000789,-0.00067050251892,-0.000701203788615
0.939777,0.000129013554055,0.000814,-0.000671156586363,-0.00070201778277
0.940066,0.000128421332537,0.000805,-0.000671868069592,-0.00070280894446
0.940357,0.000127974514265,0.000758,-0.000672511164467,-0.000703561344726
0.940649,0.000127777459837,0.000663,-0.000672471210119,-0.000704769288848
0.940939,0.000127980145989,0.000663,-0.000672471210119,-0.000704769288848
0.941221,0.000128528193249,0.000624,-0.000672589921947,-0.000705117954752
0.941497,0.000129266092768,0.000577,-0.000672788470839,-0.000705298050235
0.94177,0.000130094313345,0.000548,-0.000673025709724,-0.00070533107797
0.942046,0.000130986655683,0.000557,-0.000673268530886,-0.000705240512476
0.942326,0.000131916572871,0.00063,-0.000673504395198,-0.000705078516302
0.942615,0.000132869071321,0.000972,-0.000674110050203,-0.000704529230039
0.942923,0.000133621887451,0.000972,-0.000674110050203,-0.000704529230039
0.943243,0.000133912376474,0.001,-0.000674518324724,-0.000704141675255
0.94355,0.000133806851014,0.000851,-0.000674950105744,-0.000703773040317
0.94385,0.000133650154428,0.000747,-0.000675416676469,-0.000703430858354
0.944149,0.000133706764511,0.000824,-0.000675848788168,-0.000703074509571
0.944443,0.00013408037621,0.000885,-0.000675796637752,-0.000702675034007
0.944732,0.000134753262184,0.000856,-0.000675814777667,-0.000702206582166
0.945018,0.000135462200392,0.000769,-0.000675962139177,-0.000702110046517
0.945303,0.000135990924359,0.000932,-0.000676263523162,-0.000702125064479
0.945589,0.000136328531529,0.001043,-0.000676701666506,-0.000702099319107
0.945877,0.000136504462452,0.001107,-0.000677232112771,-0.000701937305381
0.946172,0.000136569184992,0.001165,-0.000677815042236,-0.000701622774644
0.946475,0.000136577105845,0.001338,-0.00067867956248,-0.000700542319131
0.946783,0.000136476557362,0.001338,-0.00067867956248,-0.000700542319131
0.947085,0.000136405931241,0.001282,-0.000678747840113,-0.000699877761179
0.947383,0.000136594462564,0.001001,-0.000678392755579,-0.000699184197966
0.947683,0.000137222803493,0.001009,-0.000677848244594,-0.000698485286536
0.947983,0.000138317574373,0.000979,-0.000677317344911,-0.000697812401257
0.948285,0.000139642846305,0.000929,-0.000676929531147,-0.000697177580603
0.948587,0.000141136194522,0.001042,-0.000676657988722,-0.00069765756655
0.948887,0.000142850401792,0.001108,-0.000676544800846,-0.000698383658134
0.949185,0.000144729760201,0.001092,-0.000676665910877,-0.000699122666309
0.949482,0.000146204013458,0.001129,-0.00067709916744,-0.000699823866027
0.949775,0.000147013226746,0.00097,-0.000678088188544,-0.00070123388213
0.950362,0.00014685857125,0.00095,-0.000677685648198,-0.000702142227275
0.950942,0.000145061374603,0.000846,-0.000676390822643,-0.000703939763382
0.951226,0.000143921653382,0.000838,-0.000676016994383,-0.000704834350231
0.951507,0.000142853994673,0.000927,-0.000675241339145,-0.000706361222566
0.951786,0.000141829875664,0.000847,-0.000674774594072,-0.000706962507823
0.952066,0.000140868288203,0.000847,-0.000674774594072,-0.000706962507823
0.952346,0.000140159958728,0.000767,-0.000674594249668,-0.000707501518153
0.95263,0.000139784327214,0.000829,-0.00067472948666,-0.000707997535876
0.952915,0.00013953831833,0.00094,-0.00067504527086,-0.000708442230922
0.953202,0.000139291764984,0.001021,-0.00067501869953,-0.000708818830754
0.953491,0.000139045722336,0.001024,-0.000674985765983,-0.000709101080864
0.95378,0.000138892048611,0.000707,-0.000675019835129,-0.000709209918136
0.954069,0.000138853976767,0.000694,-0.000675117486683,-0.000708982704651
0.954358,0.000139000605039,0.000694,-0.000675117486683,-0.000708982704651
0.954647,0.000139309932082,0.000701,-0.000675213983335,-0.000708652783536
0.954934,0.000139652983116,0.000716,-0.000675235550536,-0.000708216760053
0.955221,0.000139895493374,0.000884,-0.000675220794134,-0.000707676456443
0.955507,0.000140226536298,0.000997,-0.000675142010623,-0.000707040002367
0.955794,0.000140686769114,0.001083,-0.00067477289501,-0.000706321888945
0.956082,0.00014132371497,0.001184,-0.000674435333073,-0.00070553771467
0.956372,0.000142072108747,0.001262,-0.000674119152004,-0.000704697817552
0.956664,0.000142875371111,0.001296,-0.000673833501234,-0.000705010290588
0.956961,0.000143538002518,0.001288,-0.000673611464668,-0.000705150995215
0.957263,0.000143880584783,0.001287,-0.0006734371799,-0.000705074252487
0.957563,0.00014383030614,0.001273,-0.000673260552786,-0.000704825818106
0.95786,0.000143496013869,0.001057,-0.000673074739785,-0.000704546304958
0.95815,0.000143043272438,0.000749,-0.000672891136565,-0.000704269828065
0.958437,0.000142687541337,0.000593,-0.00067275766687,-0.000703972887176
0.958722,0.000142740882608,0.000539,-0.000672798738392,-0.000703594495306
0.958999,0.000143243946835,0.000487,-0.000672761188484,-0.000703073439046
0.959267,0.000144082126771,0.000651,-0.00067236055878,-0.000702376007803
0.959526,0.000145027880325,0.000797,-0.000671911946136,-0.000701520748403
0.959777,0.000145733718375,0.000887,-0.000671335569146,-0.000700567073792
0.960025,0.000146051134311,0.000897,-0.000670712677265,-0.000700812397276
0.960272,0.000145986481276,0.00081,-0.000670063743993,-0.000701217760844
0.960521,0.00014569079243,0.000585,-0.000669392112951,-0.000701730146725
0.960776,0.0001452656023,0.00059,-0.000668713798716,-0.000702300953365
0.961039,0.000144844585558,0.000567,-0.00066806103327,-0.000702893556136
0.96131,0.000144499300955,0.000574,-0.000667499667925,-0.000703507871102
0.961588,0.000144108866619,0.000634,-0.000667132758944,-0.000704176920777
0.961862,0.000143478054761,0.000677,-0.000666886844288,-0.000704899402562
0.96213,0.000142546460565,0.000704,-0.000666683553379,-0.000705649516018
0.962396,0.000141433291801,0.000679,-0.000666491735238,-0.000706371852705
0.962663,0.000140312869673,0.000733,-0.000666312559668,-0.000707023018363
0.962928,0.000139170456685,0.000835,-0.000666191145192,-0.000707563019094
0.963189,0.000138086765774,0.00086,-0.000666122908531,-0.00070805897141
0.96345,0.00013704143927,0.000857,-0.000666092835103,-0.000708576614685
0.963711,0.000136121943902,0.000827,-0.000666084738093,-0.000709103194452
0.963972,0.000135397444707,0.000785,-0.000666059289472,-0.000709668234616
0.964234,0.000134811745633,0.000836,-0.000665986406517,-0.000710286351804
0.964499,0.000134348840665,0.000873,-0.000665835978635,-0.00071093733359
0.964762,0.000133944181329,0.000943,-0.00066562182806,-0.000711568483147
0.965024,0.00013359142052,0.00101,-0.000665354297016,-0.000712163082048
0.965288,0.000133412933483,0.00106,-0.000665044889729,-0.000712732803434
0.965554,0.000133644518608,0.001073,-0.000664722526502,-0.00071330392015
0.965825,0.000134384900295,0.001038,-0.000664417360681,-0.000713894207095
0.966105,0.000135551874551,0.001023,-0.000664134070234,-0.000714508812482
0.966398,0.000136868072729,0.001115,-0.000663849453175,-0.000715137206779
0.966699,0.000138024223821,0.001081,-0.000663525135993,-0.000715775165402
0.967,0.000138948439167,0.00094,-0.000663137765526,-0.000716404962634
0.967299,0.000139677102851,0.00099,-0.000662698839867,-0.000716985073048
0.967594,0.000140238502977,0.000975,-0.000662260685422,-0.000717437842375
0.967881,0.000140618559398,0.000869,-0.000661876977874,-0.000717661985614
0.968164,0.000140873452525,0.000777,-0.000661511651218,-0.000717695182757
0.968446,0.000141090112659,0.00072,-0.000661144883074,-0.000717657835803
0.968722,0.000141324818387,0.00067,-0.000660782517316,-0.000717628786081
0.968991,0.000141674885061,0.000633,-0.000660429244843,-0.000717621523364
0.969256,0.000142068684815,0.000621,-0.000660077652871,-0.000717609072727
0.969523,0.000142298383113,0.000663,-0.000659668791515,-0.000717573794096
0.969792,0.00014241744621,0.000716,-0.000659302987538,-0.000717536437311
0.970063,0.000142669237355,0.000689,-0.00065912625331,-0.000717530210886
0.970338,0.00014319288682,0.000588,-0.000659136813019,-0.000717562379844
0.970614,0.000144070388283,0.000458,-0.000659510949237,-0.000717589358531
0.97089,0.000145068079341,0.000531,-0.00066012606965,-0.000717530210886
0.971161,0.000145879902807,0.000641,-0.000660845658388,-0.00071733403546
0.971429,0.000146281238431,0.0008,-0.00066157545443,-0.000717011046602
0.971696,0.000146360991203,0.000693,-0.000661878521841,-0.000716615050949
0.971964,0.000146341914757,0.000711,-0.000662255232435,-0.000716212471132
0.972231,0.000146371740311,0.000755,-0.000662849448207,-0.000715829330472
0.972496,0.000146411845269,0.000944,-0.000663349102672,-0.000715461508193
0.972759,0.000146294930153,0.001046,-0.000663865302935,-0.000715092349773
0.973021,0.000146002648485,0.000942,-0.000664438992936,-0.000714731248921
0.973283,0.000145642674389,0.000944,-0.000665057218441,-0.000714405390121
0.973545,0.000145271467011,0.000918,-0.000665707075268,-0.000714115893591
0.973808,0.000144914799938,0.000862,-0.000666365314858,-0.000713872241805
0.974072,0.000144642839476,0.000817,-0.000667003038836,-0.000713682878722
0.974336,0.000144576217247,0.000814,-0.00066759841712,-0.000713542637376
0.974601,0.000144588917774,0.000835,-0.000667701034668,-0.000713433764074
0.974864,0.000144765912349,0.000839,-0.00066772063331,-0.000713340573331
0.975129,0.000145016599435,0.000809,-0.000668009909558,-0.000713265169349
0.975395,0.000145005968591,0.00074,-0.00066847285411,-0.000713193943209
0.975665,0.000144809168704,0.00065,-0.000669005500329,-0.00071309651326
0.976215,0.000144620088496,0.000683,-0.000669712545275,-0.000712705539906
0.976493,0.000144741167662,0.000762,-0.000669467933256,-0.00071240868316
0.976764,0.000145010918862,0.000715,-0.000668905892315,-0.000711809145849
0.977289,0.000145930635569,0.0006,-0.000668525081924,-0.00071167464234
0.977552,0.000146715394018,0.000487,-0.000668019558221,-0.000711720882318
0.977818,0.000147573792459,0.000595,-0.000667364705296,-0.000711670438477
0.978087,0.000148186234601,0.000738,-0.000666574942752,-0.000711528535778
0.978356,0.000148377756117,0.000835,-0.000665700553808,-0.000711320333328
0.978624,0.000148289158721,0.000905,-0.000664800237855,-0.000711068893836
0.978891,0.000148237143614,0.000947,-0.000663927303719,-0.000710777306115
0.979158,0.00014845573353,0.000927,-0.000663245980998,-0.000710433903316
0.979426,0.000148974799977,0.000832,-0.000662913112797,-0.000710048062638
0.979695,0.000149635003857,0.000703,-0.000662854895755,-0.000709603844125
0.979964,0.000150349863518,0.000636,-0.000662889826812,-0.000709091569602
0.980231,0.000151119390223,0.000558,-0.000662946875503,-0.00070853006092
0.980499,0.000151936094148,0.000553,-0.000662958517274,-0.0007081860537
0.980768,0.000152870171683,0.000541,-0.000662946875503,-0.000708034610012
0.981039,0.000153997285664,0.000552,-0.000663041165874,-0.000707812120943
0.981585,0.000155792183895,0.000516,-0.000663222710878,-0.00070772097571
0.981856,0.000156082743378,0.000624,-0.000663462340032,-0.000707634053188
0.982125,0.000156226722719,0.000681,-0.000663713475427,-0.000707554536688
0.982398,0.000156448308257,0.000672,-0.000663950540281,-0.000707489853266
0.982672,0.000156728297186,0.000618,-0.000664161942164,-0.00070754181279
0.982944,0.000156922471009,0.000519,-0.000664475391698,-0.000708037787658
0.983211,0.00015690471169,0.000519,-0.000664475391698,-0.000708037787658
0.983475,0.000156607239404,0.000485,-0.000664568226967,-0.000708377670603
0.983739,0.000156185312242,0.000568,-0.000664639001988,-0.000708705671242
0.984015,0.000155809700439,0.000691,-0.000664706286745,-0.000709021814408
0.984308,0.000155627984949,0.000848,-0.000664768922829,-0.000709358867705
0.984614,0.000155619824057,0.001,-0.000664794438928,-0.000709743169703
0.984926,0.000155620255737,0.001106,-0.000664743405396,-0.000710153515387
0.985244,0.000155665626257,0.001132,-0.000664603035638,-0.000710542429171
0.985563,0.000155904586304,0.001067,-0.000664401110759,-0.000710879435276
0.985879,0.000156340530392,0.000932,-0.000664195618621,-0.000711155177121
0.986193,0.000156884952708,0.000917,-0.000664108519567,-0.000711423394695
0.986503,0.000157528570015,0.000917,-0.000664108519567,-0.000711423394695
0.986809,0.000158159981209,0.000851,-0.000664280380104,-0.00071130350481
0.987108,0.000158736446101,0.000676,-0.000664526453283,-0.000711031008305
0.9874,0.000159338215972,0.000451,-0.000664800237855,-0.000710627756949
0.987687,0.00016016998036,0.000487,-0.000665086619023,-0.000710114500657
0.987973,0.000161323666057,0.000548,-0.000665400633254,-0.000709536277305
0.988258,0.000162715882988,0.000537,-0.000666063125488,-0.00070837026147
0.988541,0.000164214182962,0.000537,-0.000666063125488,-0.00070837026147
0.988825,0.000165710031049,0.000507,-0.00066647245149,-0.000707847090546
0.989108,0.000167150286059,0.000562,-0.000666876814226,-0.000707364702484
0.989391,0.000168545928838,0.00052,-0.000667253147198,-0.00070691154549
0.98967,0.00016998244247,0.000463,-0.000667625730023,-0.000706496207356
0.989948,0.000171365823614,0.000393,-0.00066833168623,-0.00070579109266
0.990224,0.000172698098539,0.000393,-0.00066833168623,-0.00070579109266
0.9905,0.000174024109748,0.000519,-0.000668508968557,-0.000705425886563
0.990778,0.000175332972142,0.000629,-0.000668670078181,-0.00070499856329
0.991059,0.000176689365185,0.000715,-0.000668818481895,-0.000704481203488
0.991342,0.000178004062683,0.00077,-0.000668946141822,-0.000703864959095
0.991621,0.000179197045532,0.000783,-0.000669048475541,-0.00070317940914
0.9919,0.000180174416458,0.000693,-0.000669145040391,-0.000703080932669
0.992178,0.000180923700861,0.000721,-0.000669278360279,-0.000703169776486
0.992454,0.00018141815939,0.000714,-0.000669492055414,-0.000703207235696
0.992726,0.000181609219446,0.000723,-0.000669798646919,-0.000703220078164
0.992997,0.000181590848746,0.00071,-0.000670171577527,-0.000703208305915
0.993264,0.0001813855935,0.000654,-0.000670570582428,-0.000703154791963
0.993532,0.000181029088653,0.000548,-0.000670978420276,-0.000703033827907
0.993801,0.000180625880873,0.000474,-0.000671403077316,-0.000702826082236
0.99407,0.000180246957013,0.000533,-0.000671546422679,-0.000702559304556
0.994341,0.000179876460383,0.000576,-0.000671588740898,-0.000702329904358
0.994613,0.000179507706288,0.000599,-0.000671613901328,-0.000702248408109
0.994885,0.000179019380803,0.000599,-0.000671612757701,-0.000702340626494
0.995159,0.000178288867113,0.000577,-0.000671579591326,-0.00070252929596
0.995709,0.000176202176929,0.000548,-0.000671441182967,-0.000702879633746
0.995984,0.000175158832105,0.000543,-0.000671343930294,-0.00070304453395
0.996259,0.000174222952872,0.000494,-0.000671244369097,-0.000703247902304
0.996534,0.00017346558149,0.000471,-0.000671160813448,-0.00070349396696
0.996811,0.000172946213788,0.000445,-0.000671123036986,-0.000703769833522
0.997091,0.000172672022548,0.000412,-0.000671160813448,-0.000704072244492
0.997371,0.000172611143091,0.000459,-0.000671291291291,-0.000704400080781
0.99765,0.000172691114315,0.00049,-0.000671499525198,-0.000704740488297
0.99793,0.000172830083203,0.000482,-0.000671745400486,-0.000705000695548
0.99821,0.000173000849729,0.000433,-0.000671990008228,-0.00070511902061
0.99849,0.000173157994978,0.000424,-0.000672216217492,-0.000705085977886
0.998769,0.000173253530527,0.000525,-0.000672424053986,-0.000704924994441
0.999049,0.000173301173521,0.000614,-0.000672634083673,-0.000704665811939
0.999329,0.000173364384507,0.000674,-0.000672761535839,-0.00070429652215
0.999608,0.000173481661331,0.000655,-0.000672777508448,-0.000703801900482
0.999888,0.000173610781374,0.000565,-0.000672694216904,-0.000703197603614
1.00017,0.000173658092342,0.000692,-0.000672242138706,-0.000701746250418
1.00073,0.000173400068277,0.000713,-0.000671951946847,-0.000700980176375
1.00101,0.000173116035732,0.000782,-0.000671701602304,-0.000700343158095
1.0013,0.000172678410697,0.000909,-0.000671555222241,-0.000700178382727
1.00159,0.000172063480126,0.001011,-0.00067153806543,-0.000699942427206
1.00188,0.000171341904704,0.001066,-0.000671623843406,-0.000699631949119
1.00218,0.000170732777658,0.001061,-0.000671762199845,-0.000699272703077
1.00248,0.000170277690217,0.001166,-0.000672001086052,-0.000698291741219
1.00309,0.000170140348083,0.001131,-0.000672041079397,-0.00069771062753
1.0034,0.000170479321577,0.001002,-0.000672044507244,-0.000697126627894
1.0037,0.000170865795575,0.000774,-0.000672050220268,-0.000696556015261
1.004,0.000171072766711,0.000487,-0.000672294674531,-0.000695468205562
1.00429,0.000170941971458,0.000467,-0.000672597215521,-0.000695058949341
1.00458,0.000170453734355,0.000467,-0.000672597215521,-0.000695058949341
1.00486,0.000169629866453,0.000675,-0.000673503704524,-0.000694388789203
1.00514,0.000168495278688,0.000773,-0.000673909422936,-0.000694123732151
1.00542,0.000167153581846,0.000773,-0.000673909422936,-0.000694123732151
1.00569,0.000165795535583,0.000826,-0.000674045988927,-0.000694289546555
1.00596,0.000164507024287,0.000853,-0.000674207542148,-0.000694635169877
1.00624,0.000163316742033,0.00087,-0.000674412250271,-0.000694883600847
1.00651,0.000162216463987,0.000869,-0.000674671422685,-0.000695184158434
1.00679,0.000161153423315,0.000866,-0.000674986107303,-0.000696125972651
1.00708,0.000160106827789,0.000935,-0.000675351656199,-0.000697077838224
1.00738,0.000159086762228,0.000981,-0.000675755481212,-0.000698059165371
1.00768,0.000157970792359,0.00096,-0.000676209946803,-0.000699062206316
1.00798,0.000156696091411,0.00092,-0.000676738672553,-0.000700054493914
1.00829,0.000155328508147,0.000877,-0.000677349324324,-0.000700998456373
1.0086,0.000153984033914,0.000767,-0.000677995319017,-0.000701803145705
1.00891,0.000152826292457,0.000649,-0.000678588598341,-0.000702378152039
1.00922,0.000151806653601,0.00059,-0.000679070803045,-0.000702660033653
1.00955,0.000150864266629,0.00057,-0.000679012047628,-0.000702709318727
1.00987,0.000150148641856,0.000428,-0.000678642502743,-0.00070262145911
1.01016,0.00014959751072,0.000497,-0.000678137299063,-0.00070245640994
1.01045,0.000149406837836,0.000728,-0.000676739589342,-0.000702003834345
1.01075,0.000149526825258,0.000809,-0.000675995579643,-0.00070173873543
1.01104,0.000149813550469,0.000809,-0.000675995579643,-0.00070173873543
1.01132,0.000150166585919,0.000839,-0.00067531511394,-0.000701428368671
1.0116,0.000150623455459,0.000805,-0.000674082162735,-0.000700542319131
1.01215,0.000151569456942,0.0007,-0.000673453681341,-0.000699982300155
1.0124,0.000151888137387,0.00063,-0.0006728335077,-0.000699424849766
1.01265,0.000152075582772,0.000571,-0.00067222738635,-0.000699169085673
1.01291,0.000152067539668,0.000542,-0.000671752003231,-0.000699039531815
1.01317,0.000152063966014,0.000541,-0.000671559096036,-0.000698914262499
1.01344,0.000152110958007,0.000677,-0.000671620855275,-0.000698796522138
1.01371,0.000152150529154,0.000955,-0.000672309965399,-0.000698731698358
1.01399,0.000152241644254,0.000955,-0.000672309965399,-0.000698731698358
1.01426,0.000152334537235,0.001059,-0.000672808757633,-0.000698935863036
1.01455,0.000152489853479,0.001108,-0.000672845510044,-0.00069928133683
1.01484,0.00015266045522,0.000992,-0.00067276108963,-0.000699685866276
1.01513,0.000152663273824,0.000665,-0.00067272457894,-0.000700042641968
1.01542,0.000152436398396,0.000767,-0.000672750821277,-0.000700322698937
1.0157,0.000151868610666,0.00079,-0.000672867183178,-0.000700578912517
1.01598,0.000151004421555,0.000735,-0.00067306789868,-0.00070088123698
1.01625,0.000149930053326,0.000798,-0.000673374513151,-0.000701251077558
1.01651,0.000148959082269,0.000828,-0.000673790240574,-0.000701656062617
1.01677,0.000148203578949,0.000789,-0.000674277268418,-0.000702060698399
1.01703,0.000147579119525,0.000682,-0.00067476835029,-0.000702761812344
1.01729,0.000147089066454,0.000804,-0.000675187420727,-0.000703323875189
1.01755,0.000146752079161,0.000958,-0.000675492692681,-0.00070368751827
1.01782,0.000146363869438,0.001129,-0.000675697990018,-0.000704251675218
1.01809,0.000145821989145,0.001284,-0.000675837229209,-0.000705163784445
1.01837,0.000144997172994,0.00137,-0.000675816822544,-0.000706198551241
1.01867,0.000143762500372,0.001351,-0.000675785077126,-0.000707260738161
1.01898,0.00014221813759,0.001228,-0.000675752195739,-0.000708225230415
1.01928,0.000140518188803,0.00103,-0.000675727249743,-0.000708980590516
1.01989,0.000137704345024,0.000582,-0.000675341447488,-0.00070978960229
1.02019,0.000136950396845,0.000606,-0.000674816814265,-0.000709785381337
1.02048,0.000136675700789,0.000596,-0.000674471289666,-0.000709504601981
1.02077,0.000136775233073,0.000528,-0.000674268066882,-0.000709082058146
1.02106,0.00013704412345,0.000513,-0.000674172509329,-0.000708622105914
1.02135,0.000137389109846,0.000665,-0.000673739799748,-0.000708164875725
1.02163,0.000137755128934,0.000822,-0.000673232852228,-0.000707728395174
1.02192,0.000138068600502,0.000953,-0.000672736782381,-0.000707302114494
1.0222,0.000138246318296,0.001037,-0.000672226497219,-0.000706866948883
1.02249,0.000138106502279,0.001054,-0.000671712243197,-0.0007064048046
1.02277,0.000137687559283,0.000992,-0.00067124665809,-0.00070591879417
1.02305,0.000137034965962,0.000872,-0.000670866537055,-0.000705412039317
1.02331,0.000136150703031,0.000884,-0.000670585834703,-0.000704883406926
1.02357,0.000135199864031,0.000901,-0.000670417335227,-0.000704324282382
1.02382,0.000134319844615,0.000943,-0.000668780088571,-0.00070311090596
1.02407,0.000133459541062,0.000943,-0.000668780088571,-0.00070311090596
1.02431,0.000132643251385,0.000958,-0.000667676823491,-0.000702470344908
1.02456,0.000131949949347,0.00094,-0.000666591848775,-0.00070182890734
1.02481,0.000131421025346,0.000881,-0.000665572773077,-0.000701348864576
1.02506,0.000131041914125,0.000872,-0.000664675704672,-0.00070168075862
1.02532,0.000130778975666,0.000841,-0.000663987297552,-0.000701929793453
1.02558,0.000130446052738,0.000766,-0.000663610758857,-0.000702095028074
1.0261,0.000129205819385,0.000754,-0.000663766523049,-0.000702033876591
1.02636,0.00012838528057,0.000702,-0.000664058156612,-0.000701954475049
1.02663,0.000127440470534,0.000748,-0.000665007371895,-0.000701768794659
1.0269,0.000126247462182,0.000755,-0.000665598247027,-0.000701647472399
1.02718,0.000124927922994,0.000682,-0.00066623350683,-0.000701507859299
1.02775,0.000122546833614,0.000569,-0.00066689103553,-0.000701552969613
1.02804,0.000121711017592,0.000599,-0.000667555749517,-0.000701951255784
1.02833,0.00012122977873,0.000897,-0.000668934207924,-0.000702122919085
1.02889,0.000121073288172,0.000888,-0.000669705219713,-0.000701954475049
1.02917,0.00012114351589,0.000783,-0.000669893122402,-0.000702259132109
1.02946,0.00012136298512,0.000723,-0.000669932142435,-0.000703002778997
1.03009,0.000121671896739,0.000609,-0.000670012467913,-0.000703140877334
1.03071,0.000120567360301,0.000686,-0.000669872818693,-0.000703299265604
1.03101,0.000119608060087,0.000756,-0.000669673070824,-0.000703754868189
1.0316,0.000117728828782,0.000825,-0.000669628288465,-0.000703962202337
1.03217,0.000116073204145,0.000813,-0.000670117225709,-0.000704098949851
1.03245,0.000115343343702,0.001053,-0.000670640842257,-0.000703995324542
1.03303,0.000114310636714,0.001107,-0.000670622507099,-0.000703939763382
1.03332,0.000114117367252,0.000892,-0.000670550305673,-0.000703931214926
1.0339,0.000114163688271,0.000677,-0.000670518212698,-0.00070398784554
1.0342,0.000114419346162,0.000534,-0.000670476947179,-0.000703815795483
1.03479,0.000115905550594,0.000748,-0.000670451727632,-0.000703536747617
1.03509,0.000116939519738,0.000603,-0.000670338223434,-0.00070482475158
1.03567,0.000118579244831,0.000629,-0.000670184549153,-0.000705603733939
1.03621,0.00011957636788,0.000714,-0.000670134078318,-0.000705951778052
1.03649,0.000119978314739,0.001085,-0.000670366888618,-0.000706493019189
1.03709,0.000120378573865,0.001129,-0.000670739381847,-0.000706595029732
1.0374,0.000120449316709,0.001343,-0.000669885525805,-0.00070689243318
1.03802,0.000121918833599,0.000663,-0.000668342840621,-0.000707502578583
1.03864,0.00012537533029,0.0007,-0.000668061825121,-0.00070773581452
1.03895,0.000126731924644,0.000809,-0.00066819544292,-0.000707826956853
1.03926,0.000127212201132,0.000929,-0.000669268731562,-0.000707285140032
1.03987,0.000126742008125,0.001107,-0.000668632824392,-0.00070617621938
1.04047,0.00012588642528,0.000823,-0.000668530403444,-0.000706552528049
1.04077,0.000125367590633,0.001327,-0.000668740975878,-0.000707976349332
1.04135,0.000124673384195,0.001221,-0.000668797343169,-0.00070854064173
1.04165,0.00012464406536,0.001111,-0.000668715665987,-0.000709067262161
1.04224,0.000124647685769,0.000866,-0.000668296710784,-0.00070996051869
1.04254,0.000124662192963,0.001045,-0.000668474005163,-0.000710485535281
1.04313,0.000125471960913,0.001002,-0.000668881306794,-0.000710499232595
1.04343,0.00012632313027,0.000752,-0.000669758031119,-0.000709975286294
1.04402,0.000128443524609,0.000558,-0.000670080515146,-0.000709537333112
1.04432,0.000129635676907,0.0005,-0.000670372975312,-0.000709009130523
1.04492,0.000132131356545,0.000557,-0.000671237853554,-0.00070784179229
1.04523,0.000133364341791,0.000779,-0.000672113408207,-0.000706707640478
1.04585,0.000135319918018,0.000934,-0.000672408069733,-0.00070615175945
1.04616,0.000136308277334,0.00099,-0.00067269912872,-0.000705563271623
1.04647,0.000137487616167,0.000951,-0.000672945535855,-0.000704922861838
1.04678,0.000139003088453,0.000923,-0.000673213475145,-0.000704411823096
1.04739,0.00014321609636,0.000932,-0.00067330351501,-0.000704565513496
1.04769,0.000145200775758,0.000907,-0.000673805834646,-0.000704872742865
1.04829,0.000147997769539,0.000884,-0.000674188547596,-0.000705032678248
1.04858,0.000148722610903,0.000815,-0.000674443291795,-0.000705214937865
1.04887,0.000149104802205,0.000692,-0.000674825156223,-0.000705423756244
1.04916,0.000149303849217,0.000777,-0.000675686649905,-0.000705785771006
1.04973,0.000149172068549,0.000857,-0.000676077729751,-0.00070587942326
1.05002,0.000148610880432,0.000857,-0.000676113649481,-0.000705815571487
1.05059,0.00014683831118,0.000753,-0.000675259727425,-0.000705628222586
1.05114,0.00014575499337,0.00068,-0.000674415661338,-0.000705075318444
1.05141,0.00014567730028,0.000635,-0.000674724831283,-0.000704199348363
1.05197,0.000146835646312,0.000704,-0.000675148481532,-0.000703646889823
1.05225,0.000147852650652,0.000738,-0.000676489666331,-0.000702388873071
1.05281,0.000149646011486,0.000942,-0.000677669041986,-0.000702194784431
1.05338,0.000150639238839,0.000993,-0.00067746797227,-0.000702481063832
1.05367,0.000151055662658,0.000976,-0.00067689740021,-0.000702778951844
1.05426,0.000152242314032,0.000916,-0.000676463963752,-0.000702761812344
1.05485,0.000153629009666,0.000689,-0.000675691185982,-0.000702454266062
1.05514,0.000154284484954,0.00075,-0.000675142010623,-0.000702081081947
1.0557,0.000154926445098,0.00076,-0.000674917167647,-0.000702097173596
1.05626,0.000154860530039,0.000874,-0.000674559246862,-0.000702606457041
1.05653,0.000154818388567,0.000808,-0.000674472851614,-0.000703139806961
1.05709,0.000154863689219,0.000825,-0.000674460345757,-0.000703330294868
1.05737,0.000154934004282,0.000819,-0.000674620623564,-0.000703230779952
1.05793,0.00015547947309,0.000667,-0.000675015975193,-0.000702388873071
1.05848,0.000156817984508,0.000663,-0.000675187079953,-0.000701781676596
1.05875,0.000157712759391,0.000706,-0.000675273347608,-0.00070060366525
1.0593,0.000159790604074,0.000617,-0.000675318745441,-0.000700787655543
1.05988,0.000161478707877,0.00052,-0.000674708128699,-0.000701226358932
1.06017,0.000161991566707,0.000442,-0.000673683210717,-0.000700910275703
1.06075,0.000162166454107,0.000391,-0.000673290185066,-0.000700597208141
1.06104,0.000161631331386,0.000722,-0.000673252574555,-0.000699945660274
1.0616,0.000159607354829,0.00092,-0.000673712817092,-0.000699626557063
1.06215,0.000157030092459,0.000962,-0.000675378096495,-0.000698967182054
1.06243,0.000155834393038,0.001013,-0.000677399047023,-0.000698128409259
1.06301,0.000154599912138,0.000982,-0.000677371926187,-0.000697618579165
1.06361,0.00015409487697,0.000836,-0.000677292019855,-0.000697344493455
1.06391,0.000153630432716,0.000968,-0.000676755982098,-0.000697115786181
1.06449,0.00015134034148,0.001247,-0.000676579434026,-0.000699303999679
1.06507,0.000148561017794,0.001253,-0.000676451509422,-0.000700510028483
1.06535,0.000147626897187,0.001133,-0.000675856384642,-0.000702961020321
1.06595,0.000146628421958,0.001125,-0.000675448105828,-0.000704085063254
1.06657,0.000146035203483,0.001322,-0.000674489561869,-0.000705942202326
1.06687,0.000145872378275,0.001125,-0.000672008291692,-0.000707392280965
1.06746,0.000145921891373,0.001046,-0.000671026865425,-0.000708010247341
1.06804,0.000145563863943,0.00084,-0.000669804741898,-0.000709008073517
1.06832,0.000145424091625,0.000727,-0.000669378682746,-0.0007095721734
1.06891,0.000146014516966,0.000818,-0.000669223554872,-0.000709628123553
1.06951,0.000147835602023,0.000886,-0.000669271822191,-0.000709392665225
1.06979,0.000148635028057,0.000614,-0.000669701419597,-0.000709070432769
1.07031,0.000150002262623,0.000612,-0.000669945913462,-0.000708900246287
1.07079,0.000151404615693,0.000665,-0.000670658030837,-0.000708477153266
1.07104,0.000151880223021,0.000966,-0.000671252470621,-0.000707891593519
1.07161,0.000150832094285,0.001031,-0.000671429833617,-0.000707618150973
1.07211,0.000147734163383,0.000772,-0.00067050251892,-0.000707235273977
1.07236,0.000146354855678,0.000847,-0.00067007133707,-0.000706996479618
1.07284,0.000143991828514,0.000845,-0.000670044949137,-0.000706942335898
1.07308,0.000142888085479,0.000745,-0.000670293856439,-0.000706775618716
1.07356,0.000140601619401,0.000651,-0.000670973399038,-0.000706789425586
1.07405,0.000138459230249,0.000664,-0.00067132482868,-0.000707010279954
1.07431,0.000137531831831,0.000871,-0.000671820060216,-0.000707862984953
1.07483,0.000136400059411,0.000821,-0.000671986929463,-0.00070838084591
1.07536,0.000136033302611,0.000821,-0.000672217708528,-0.000709358867705
1.07562,0.00013608203053,0.000917,-0.000672278241248,-0.000709738948329
1.07588,0.000136393968946,0.000771,-0.000672379873501,-0.000710247348221
1.07641,0.000137995741815,0.000747,-0.000672496324666,-0.000710879435276
1.07695,0.000140756343344,0.000853,-0.000672502032336,-0.000711307711997
1.07721,0.000142148121112,0.000964,-0.000672011719764,-0.00071201817939
1.07767,0.000144576121492,0.001024,-0.000671309601159,-0.000712156782873
1.0779,0.000145658059068,0.001109,-0.000669742751158,-0.000712135785007
1.07837,0.00014704418189,0.001198,-0.0006677364117,-0.00071215468313
1.07889,0.000147065278701,0.001165,-0.000666624993471,-0.000712355165794
1.07914,0.00014705031523,0.000881,-0.000664512897869,-0.000713228510204
1.07966,0.000147589584488,0.00086,-0.000662861092277,-0.00071434374358
1.08016,0.00014839789427,0.000979,-0.000662435903855,-0.000714793887772
1.08043,0.00014872237788,0.001203,-0.000662700379598,-0.000715211263476
1.08101,0.000148676229002,0.001177,-0.000663373156762,-0.000715065224821
1.08159,0.000148027801519,0.001191,-0.000663688274949,-0.000714992188196
1.08216,0.000148111870077,0.001177,-0.000664645172341,-0.000714927488981
1.08244,0.000148282413928,0.001114,-0.000664361224308,-0.000714788668192
1.0827,0.000148395105062,0.000928,-0.00066284400062,-0.000714275818391
1.08323,0.000147992034011,0.001196,-0.000661707359266,-0.000714115893591
1.08374,0.000146998996448,0.00129,-0.000661265980518,-0.000714463894498
1.08399,0.000146523289314,0.00129,-0.000660642935969,-0.000715225864805
1.08447,0.000145461873467,0.001164,-0.000660598485989,-0.000715891820741
1.08495,0.000144465150925,0.001099,-0.000660896691467,-0.000716079240853
1.08519,0.000144013605496,0.001017,-0.000662079535941,-0.00071608548688
1.08569,0.000142893121032,0.000874,-0.000663808361677,-0.000715855369111
1.0862,0.000141679241591,0.000836,-0.000664724425182,-0.000715781415542
1.08645,0.000141237879186,0.000902,-0.000665817827569,-0.000715737662789
1.08698,0.000140751031683,0.00078,-0.000664508256008,-0.000715481313448
1.08752,0.00014087621044,0.000634,-0.000664081015719,-0.000715220650097
1.08781,0.00014101338793,0.00062,-0.000663595272286,-0.000714505678811
1.0884,0.000141624149506,0.000957,-0.000663675488133,-0.000713828308099
1.089,0.000142400841069,0.001172,-0.000663905599579,-0.000713553104614
1.0893,0.000142710335541,0.001271,-0.000664200634271,-0.00071330392015
1.0896,0.000143174694016,0.001088,-0.000664737975114,-0.000712870145288
1.09019,0.000144450497892,0.000854,-0.000664808725363,-0.000712516748425
1.09075,0.000145948759179,0.00079,-0.00066471709603,-0.000712327880054
1.09103,0.000146766326295,0.000748,-0.000664523341895,-0.000711752406935
1.0916,0.00014875303812,0.000875,-0.000663370040328,-0.000710922596522
1.09217,0.000151219409477,0.000918,-0.000662738025859,-0.000710456032004
1.09247,0.000152263535449,0.000822,-0.000661874232112,-0.000709426460291
1.09303,0.000152847389985,0.000544,-0.000661930232614,-0.000708713075041
1.09357,0.000151937337741,0.000493,-0.000662127350025,-0.000708816715876
1.09384,0.000151301712941,0.000562,-0.000662684447453,-0.000708850552785
1.09438,0.000149659895216,0.000946,-0.000663334770543,-0.000709069375902
1.09493,0.000147740452484,0.001057,-0.000663549927064,-0.000709471868546
1.09547,0.000146077700389,0.000895,-0.000664029907592,-0.000710173548705
1.09573,0.000145415887802,0.000868,-0.0006647004867,-0.000710893120983
1.09626,0.000144339829692,0.001036,-0.000664603775021,-0.000711808095192
1.09682,0.000143291759224,0.001022,-0.000664329881206,-0.000712283799699
1.09712,0.000142964293364,0.000594,-0.000663717706784,-0.000713369893788
1.0977,0.000143413911283,0.000541,-0.000663102436049,-0.000714545370413
1.09828,0.000144640273113,0.000567,-0.000662795092048,-0.00071502453441
1.09885,0.000146229851092,0.000572,-0.000662165831135,-0.000715682445068
1.09912,0.00014702954213,0.000649,-0.000661561444748,-0.000715903276374
1.09964,0.000148701809913,0.000783,-0.000660989039853,-0.000715903276374
1.0999,0.000149774003913,0.000783,-0.000660989039853,-0.000715903276374
1.10016,0.000151059385345,0.000856,-0.000660780939143,-0.00071582203939
1.10069,0.000153850836412,0.000793,-0.000660687381915,-0.000715437532275
1.10095,0.00015515351688,0.000987,-0.000661040466844,-0.000714724984569
1.10148,0.000157073774359,0.001069,-0.000661383954038,-0.000714232968145
1.10201,0.000158436982001,0.000973,-0.000660536891267,-0.000713036788005
1.10228,0.000159318550433,0.000949,-0.000659318639,-0.000711812297808
1.10284,0.000161900842764,0.000968,-0.000658893882181,-0.00071125722324
1.1034,0.000165042534849,0.000916,-0.000658077363839,-0.000710277918874
1.10369,0.000166372022321,0.00081,-0.000657299528302,-0.000709544723694
1.10427,0.00016724354137,0.00074,-0.000657277151722,-0.000709304997832
1.10455,0.000167288622533,0.00073,-0.000658122043129,-0.000709037668779
1.1051,0.000167518250007,0.000792,-0.000659810990114,-0.00070893301995
1.10565,0.00016783085526,0.000911,-0.000660877225871,-0.000708889673646
1.10592,0.000167981225613,0.001049,-0.000663263432862,-0.000708704613546
1.10644,0.000168032030848,0.001111,-0.000665811674387,-0.000708281342675
1.10692,0.000167730786256,0.001126,-0.000667113136517,-0.000707967874444
1.10715,0.00016747387314,0.001121,-0.000669705656484,-0.000707201319569
1.10759,0.000166655446074,0.001094,-0.00067096009785,-0.000707133403336
1.10803,0.000165826335659,0.000995,-0.000672337624483,-0.000707556657304
1.10825,0.000165466677275,0.000927,-0.000672819272845,-0.000707812120943
1.10872,0.000165200265876,0.000968,-0.000673058777055,-0.000707810001489
1.10899,0.000165397100743,0.000982,-0.000673473636815,-0.000707469704138
1.10956,0.000166339287681,0.00073,-0.000673770885867,-0.000706951891129
1.11011,0.000167621430589,0.000676,-0.000673906352537,-0.000706638589941
1.11039,0.000168227376036,0.00075,-0.000674229497693,-0.000705859204477
1.11094,0.000169266467771,0.000642,-0.000674676310486,-0.000704749021978
1.11147,0.000169918025792,0.000721,-0.000674930797477,-0.000704123517435
1.11173,0.000170086657187,0.000823,-0.000675471137062,-0.000704183328768
1.11226,0.000169632887148,0.000817,-0.000675747883349,-0.00070422070697
1.11282,0.000168621791095,0.000931,-0.000675590703057,-0.000704208959857
1.1131,0.000168586836008,0.000851,-0.000674165796042,-0.000703922666314
1.11364,0.000170077940981,0.000759,-0.000673499838524,-0.000703721728963
1.11411,0.000172986598571,0.000661,-0.000672391291522,-0.000703344203871
1.11433,0.000174731299929,0.000758,-0.000671459838065,-0.000702988859852
1.11479,0.000178216090635,0.000802,-0.000671019202363,-0.000702757527371
1.11528,0.000180945250343,0.000816,-0.000670283181529,-0.000702901052636
1.11554,0.000181997526795,0.000748,-0.000670207488705,-0.000703913048938
1.11612,0.00018304798491,0.000801,-0.000670490702742,-0.000704393675758
1.11671,0.000182968009901,0.000732,-0.000671268402984,-0.000704978306356
1.11702,0.000182917648324,0.000898,-0.000672179665582,-0.000704938856124
1.11763,0.000182581800533,0.000908,-0.000672798391139,-0.000704938856124
1.11821,0.00018242586998,0.000815,-0.000674523665992,-0.000705087043817
1.1185,0.000182406000768,0.000856,-0.000675881662704,-0.000704903667972
1.11914,0.000182302631686,0.000996,-0.00067610039132,-0.000704074380977
1.11975,0.000182363549662,0.000898,-0.000676266921155,-0.000703691794743
1.12004,0.000182479971066,0.00083,-0.000676733351346,-0.000704392608245
1.1206,0.000182705854439,0.000952,-0.000677367740784,-0.000704390473213
1.12119,0.000183118993554,0.00098,-0.000677322995863,-0.000704264489066
1.12179,0.000184563450894,0.000932,-0.000676685149855,-0.000703902362733
1.1221,0.00018555952689,0.00081,-0.000675689373137,-0.000703746316356
1.12269,0.000186883104132,0.000871,-0.000675310460688,-0.000703534608677
1.12328,0.000187181334015,0.000952,-0.000675183333549,-0.00070305738088
1.12357,0.000187225948225,0.001185,-0.000675465918875,-0.000702448906324
1.12415,0.000187394421294,0.001199,-0.000675700713232,-0.000702071426692
1.12472,0.00018784947784,0.00111,-0.000676528157521,-0.000701199489384
1.125,0.000188105574967,0.000947,-0.000677194473016,-0.000700199925274
1.12557,0.000188719065772,0.001087,-0.00067752220159,-0.000699647046546
1.12614,0.000189400063057,0.001317,-0.000678192784086,-0.00069865173673
1.12642,0.000189566160879,0.001386,-0.000679023505298,-0.000698822449151
1.12701,0.000189516745165,0.000853,-0.000678910542139,-0.000699186356825
1.12759,0.000189247254027,0.000677,-0.000678607429015,-0.000699266227658
1.12788,0.000188552676595,0.000558,-0.000678173740389,-0.000699013616761
1.12844,0.000186469536921,0.00048,-0.00067814226619,-0.000698663623778
1.12897,0.000184247290457,0.000661,-0.000678123167155,-0.000698929382979
1.12923,0.000182948692847,0.000676,-0.000677945991227,-0.000700402376953
1.12974,0.000180280611073,0.000642,-0.000677845524926,-0.000701078019836
1.13027,0.000177463589363,0.000838,-0.000677565463154,-0.00070221301717
1.13055,0.000176050279993,0.000866,-0.000677233827715,-0.000703039180959
1.13117,0.000173545057375,0.000845,-0.000676955668982,-0.00070330568562
1.13182,0.000171498389233,0.000651,-0.000676720352423,-0.000703487549524
1.13214,0.000170907026307,0.000576,-0.000676375088872,-0.000703254323024
1.13275,0.000170983754164,0.000594,-0.000676170077718,-0.00070301348575
1.13336,0.000171177315701,0.000889,-0.00067593857209,-0.000702043532619
1.13368,0.00017071250241,0.001143,-0.000676213920764,-0.000700623036043
1.13435,0.000168045234544,0.001691,-0.000677228970832,-0.000699202547955
1.13503,0.000164456533445,0.001822,-0.000677862715442,-0.000699172324062
1.13537,0.000162528909725,0.001576,-0.000674324108716,-0.000699428086395
1.13605,0.000159238658845,0.001422,-0.000671962700504,-0.000699768886606
1.1367,0.000157242364858,0.001369,-0.000671398363932,-0.00070000816188
1.13701,0.00015617360889,0.00093,-0.000670948406551,-0.000700776897861
1.13759,0.000153779603328,0.000669,-0.000670702143892,-0.000702211944675
1.13814,0.000151485169041,0.000673,-0.000670945233861,-0.000702933179136
1.13841,0.000150519352861,0.000776,-0.000672139181376,-0.000704520692346
1.13897,0.000148554300604,0.000807,-0.000672289409149,-0.000706254907855
1.13955,0.00014703839368,0.000757,-0.000672167195635,-0.000707054862863
1.14013,0.000145815082798,0.000887,-0.000672374706022,-0.000708364969159
1.14042,0.000145274772525,0.000896,-0.000672773043823,-0.000709303941498
1.14099,0.000144038224179,0.000846,-0.000672957834181,-0.000709637623854
1.14155,0.000142663274285,0.000896,-0.000673148254049,-0.0007098508018
1.14183,0.000141927522941,0.000753,-0.000672903882466,-0.000709343024272
1.14239,0.000140123222742,0.000534,-0.000672084242733,-0.000709795933647
1.14296,0.000138049450629,0.000573,-0.000671503490763,-0.000709777994577
1.14325,0.000137008316339,0.000674,-0.000670067706953,-0.000709249008807
1.1438,0.000134898271936,0.000755,-0.000669257039761,-0.000708869584966
1.1444,0.000132286522644,0.001116,-0.0006675278463,-0.000708115103695
1.14471,0.000131089747199,0.001026,-0.000666326556299,-0.000707184341438
1.14533,0.000129605719291,0.000866,-0.000665993466925,-0.000706744817304
1.14593,0.000129578002807,0.000647,-0.000665708772564,-0.000706303815629
1.14622,0.000129988406673,0.000669,-0.000665942192192,-0.000706198551241
1.14682,0.000131319900072,0.000601,-0.000666429079425,-0.000706144314869
1.1474,0.000133729780893,0.000795,-0.000666406759117,-0.000706014547393
1.1477,0.000135489133206,0.000877,-0.000666349032051,-0.000706145378388
1.14831,0.000139514713153,0.000839,-0.000666842556629,-0.00070614856893
1.14889,0.000143191633515,0.000865,-0.000668642606469,-0.000705814507217
1.14919,0.000144679080377,0.000856,-0.000670688420629,-0.000706275109513
1.14977,0.000145808716693,0.000817,-0.000671523830464,-0.000706530213116
1.15033,0.00014500624515,0.000872,-0.000672811427897,-0.000706761811438
1.15061,0.000144597176763,0.001065,-0.000673935037293,-0.000706288931197
1.15118,0.000143823805726,0.001093,-0.000674488820376,-0.000705881551502
1.15176,0.000143150317131,0.001096,-0.000674597987909,-0.000705886872065
1.15205,0.000143000151057,0.001075,-0.000674179188334,-0.000706691706645
1.15268,0.000142350661007,0.001008,-0.000673991447051,-0.000707168423879
1.15332,0.000141452073253,0.000962,-0.000673770270812,-0.000707576802675
1.15364,0.000140997551497,0.000989,-0.000674189877279,-0.000707400766324
1.15424,0.000140436128284,0.000926,-0.000674674245109,-0.000707296810041
1.15485,0.000140342103061,0.000897,-0.000673874481444,-0.000707035756424
1.15515,0.000140266760369,0.000913,-0.000673471358338,-0.000706879691205
1.15575,0.000140475987614,0.000977,-0.00067238260217,-0.000706542964637
1.15605,0.000140890158804,0.000982,-0.000670109633534,-0.000706540839407
1.15665,0.000142120826161,0.000999,-0.000669050774927,-0.00070673950651
1.15725,0.000143432825419,0.000908,-0.000667304709881,-0.000706640714726
1.15755,0.000143774359992,0.000708,-0.00066675286664,-0.000706117726111
1.15813,0.000143522941384,0.000691,-0.000667130087725,-0.000706137933705
1.15871,0.000142727162754,0.000731,-0.000668417673899,-0.000706208121712
1.15899,0.000142528492944,0.000872,-0.000670098954157,-0.000706277235953
1.15954,0.000142695189366,0.000954,-0.00067057472732,-0.000706308068237
1.16008,0.000143246741574,0.0009,-0.000670884070098,-0.000706405867525
1.16036,0.000143610437624,0.000682,-0.000671509027045,-0.000706626903455
1.16091,0.000144365495691,0.000648,-0.00067120881406,-0.000706789425586
1.16148,0.000145624518728,0.00069,-0.000671319479722,-0.00070692322485
1.16205,0.000146861763557,0.000543,-0.00067222040984,-0.000707330757498
1.16234,0.000146907450588,0.000649,-0.000673348431173,-0.000707787746638
1.16291,0.000145315404468,0.000667,-0.000674007803738,-0.000707923378755
1.16348,0.000143034214278,0.000701,-0.000675188668811,-0.000707748533125
1.16377,0.000142171911362,0.000702,-0.000675537050302,-0.000707267103989
1.16435,0.000141432216658,0.00099,-0.000675758204336,-0.000706380356643
1.16493,0.000141847735365,0.001003,-0.000675740062183,-0.000705770870052
1.16523,0.000142389781049,0.001059,-0.00067555179706,-0.000705107296039
1.16582,0.000143747196343,0.000983,-0.000675344166562,-0.00070501562108
1.16641,0.000145040756668,0.00093,-0.000675347571061,-0.000704752222069
1.1667,0.00014554082847,0.000904,-0.000675874978101,-0.00070396861327
1.16729,0.000146032758831,0.000768,-0.000675663968878,-0.000703000637617
1.16787,0.00014561649074,0.000692,-0.000675296387538,-0.000702489638796
1.16846,0.000144903974872,0.000649,-0.000674659264151,-0.000701612036084
1.16875,0.000144645433889,0.000926,-0.000674058849376,-0.000700708042859
1.16933,0.000144605830886,0.000859,-0.000673483889827,-0.000699723604607
1.1699,0.000145323015697,0.000822,-0.000673254854063,-0.000699595281921
1.17018,0.000146014419775,0.000821,-0.00067315454553,-0.000700133140164
1.17075,0.000147996628072,0.000889,-0.000673677516975,-0.000700838213348
1.17132,0.000150740117987,0.000898,-0.000674179447103,-0.000701300510904
1.17161,0.000152028904358,0.000656,-0.000675466598914,-0.000701898671328
1.17219,0.000153984024041,0.000743,-0.000675382188272,-0.000702075717941
1.17277,0.000154550162839,0.000872,-0.000675271502115,-0.000702293447261
1.17306,0.000154204135332,0.000882,-0.000675550431218,-0.000703673619461
1.17364,0.000152417933408,0.000783,-0.000676044047626,-0.000705345992956
1.17424,0.000150065825082,0.000773,-0.000676319817175,-0.000706168775189
1.17453,0.000149049673237,0.000696,-0.000676663095221,-0.00070771037627
1.17514,0.000147014905538,0.000623,-0.000677073743569,-0.000708734228106
1.17575,0.000145552178185,0.000525,-0.00067745353594,-0.000708889673646
1.17606,0.000145187653722,0.000578,-0.000677882702179,-0.000708838921625
1.17637,0.000145022787696,0.000663,-0.000677485045685,-0.000708409422698
1.17699,0.000145323895824,0.000615,-0.000677335887936,-0.000708020839963
1.17761,0.000146423371874,0.000782,-0.000677364141058,-0.000706802170026
1.17791,0.000147219703427,0.000812,-0.000677706437091,-0.000705178704771
1.17853,0.000149094606388,0.000797,-0.000677941271711,-0.000704478001542
1.17913,0.000151062669259,0.000705,-0.000676894379879,-0.000703790142852
1.17943,0.000151930676222,0.000805,-0.000675097940686,-0.000702807873328
1.18,0.000153401226009,0.000834,-0.0006734790481,-0.000701739809007
1.18055,0.00015435862702,0.000855,-0.000672933000725,-0.000701228508429
1.18109,0.000155081779581,0.000636,-0.000672558385397,-0.000700168688259
1.18135,0.0001556010091,0.000766,-0.000672769170153,-0.000698841893472
1.18188,0.000156420525901,0.000809,-0.000673235617676,-0.000697307647649
1.18241,0.000156356391336,0.000831,-0.000673650021391,-0.000696983497211
1.18268,0.000156034218553,0.000958,-0.000674996639805,-0.000697230695649
1.18323,0.000154923984418,0.001191,-0.000677011471303,-0.000697592585782
1.18385,0.000153171495067,0.001228,-0.000678049244694,-0.000697731200588
1.18448,0.000149965068575,0.001124,-0.000676755982098,-0.000698290659736
1.18479,0.000148298188772,0.000994,-0.000674912624284,-0.000699258672889
1.18541,0.000145721904815,0.000956,-0.000674727445877,-0.000699782901579
1.18604,0.000143677811591,0.000843,-0.000675120439326,-0.000700760760875
1.18635,0.000142937559794,0.00067,-0.000675821579959,-0.000701258600359
1.187,0.000141951391337,0.000708,-0.000677268283978,-0.000702090737002
1.18765,0.00014098245512,0.00081,-0.000677132627935,-0.00070225805972
1.18835,0.000140585120133,0.000882,-0.000676789926232,-0.000701959840442
1.1887,0.000140649907596,0.000688,-0.000676428864361,-0.000701201639005
1.18941,0.000141369006685,0.000855,-0.000676396027131,-0.000700240853393
1.19009,0.000142390147218,0.000942,-0.000676651871832,-0.000699643811424
1.19077,0.000143150988364,0.000889,-0.000677095315821,-0.00069910971125
1.1911,0.000143057555083,0.00094,-0.000677879392315,-0.000699179880218
1.19173,0.000141686264941,0.001089,-0.000678361975349,-0.000699859437521
1.19232,0.000140222385931,0.001099,-0.00067712098599,-0.000699916561863
1.1929,0.000140147641754,0.001028,-0.000674803228943,-0.000699575868717
1.19319,0.00014048268906,0.000874,-0.000673224873523,-0.000698965022189
1.19375,0.000141548159933,0.000556,-0.00067258272614,-0.000698525283189
1.19429,0.000142434891336,0.000683,-0.000672566747129,-0.000698587973806
1.19481,0.000142326462422,0.000725,-0.000673036765902,-0.00069875114643
1.19507,0.000142099184252,0.000699,-0.000674320142356,-0.000699004978093
1.1956,0.000141638051748,0.000846,-0.000675281292537,-0.000699114029642
1.19613,0.000141462605201,0.000985,-0.00067642546751,-0.000699228452603
1.19641,0.000141473770275,0.000962,-0.000676603203882,-0.000699690179381
1.19698,0.000141400460557,0.000891,-0.000676640554143,-0.000701543303482
1.19759,0.000140915703094,0.001038,-0.000676754850585,-0.000702469273002
1.19821,0.00014062776649,0.001147,-0.000676994671762,-0.000704028444404
1.19851,0.000140692025088,0.001171,-0.000676886088289,-0.000705524935669
1.19908,0.000140832205997,0.000965,-0.000676570378534,-0.000707689176667
1.19962,0.000140402522457,0.000865,-0.000676366584954,-0.000708561802628
1.19986,0.000140096694924,0.001038,-0.000675910001023,-0.000709717840883
1.20037,0.000139655090331,0.001196,-0.000675480213229,-0.000710080755548
1.20064,0.000139570336938,0.001285,-0.000674020160706,-0.000710302163135
1.20091,0.000139644486006,0.001385,-0.000670898959398,-0.000710420204077
1.20146,0.000140577691718,0.001381,-0.000669314696175,-0.000710350647864
1.20174,0.00014137948961,0.001204,-0.000666431205492,-0.000710025914522
1.20231,0.000142745180968,0.001202,-0.000664469168467,-0.000709244782947
1.20288,0.000142999952493,0.001275,-0.000663865302935,-0.000708750092273
1.20315,0.00014284759301,0.001379,-0.000663203677519,-0.000707861925343
1.20368,0.000142632209809,0.001119,-0.000662739190542,-0.000708141578841
1.20418,0.000142858434945,0.000805,-0.000662418798171,-0.000708313101336
1.20467,0.000143385527783,0.000647,-0.000662140177398,-0.000708232641856
1.20515,0.000143947658735,0.000555,-0.000661181863216,-0.000707927616623
1.20561,0.000144409980062,0.000488,-0.000660904874939,-0.000707740054094
1.20585,0.00014462629512,0.000492,-0.000660907213048,-0.000707700836568
1.20631,0.00014538374779,0.000461,-0.000661053322748,-0.000707681756579
1.20654,0.00014588139224,0.000518,-0.000661880065796,-0.000707708256353
1.20701,0.000146851036825,0.000662,-0.000663310714639,-0.000707902188838
1.20748,0.000147424392193,0.000756,-0.000664996938253,-0.000707914902904
1.20797,0.000147222392034,0.00074,-0.000665276250975,-0.000707789866194
1.20846,0.000146412709044,0.000782,-0.000665394418125,-0.000707512122342
1.20871,0.000146267623251,0.00075,-0.000665488236336,-0.00070738167405
1.20896,0.000146162867493,0.000611,-0.00066580199069,-0.000707584224435
1.20946,0.000145391542958,0.000601,-0.000666038041529,-0.000707933973352
1.20997,0.000143603758735,0.000665,-0.000666671572875,-0.000708610469045
1.21025,0.000142823916036,0.000398,-0.000667386195289,-0.000709297603441
1.21081,0.000141982666058,0.000621,-0.000667894680687,-0.000709555281465
1.21137,0.00014121353106,0.000674,-0.00066799377916,-0.000709475036398
1.21165,0.000141160827677,0.000645,-0.000667886613643,-0.000708860068972
1.21218,0.000141877523749,0.000615,-0.000667760980965,-0.00070840836433
1.21271,0.0001426932168,0.000739,-0.000667445026923,-0.000707504699435
1.21298,0.000142580569617,0.000773,-0.000667268510665,-0.00070715144455
1.21324,0.000142052375866,0.000697,-0.000666881796993,-0.000706431377014
1.21376,0.000140476812654,0.000605,-0.000666669262215,-0.00070607837197
1.21427,0.000139806368456,0.000725,-0.000666199971024,-0.000705400322095
1.21451,0.000139961806345,0.000737,-0.000665568141307,-0.000704742621732
1.21499,0.000140550127366,0.000731,-0.000665171962044,-0.000704920729225
1.21522,0.000140913140566,0.000685,-0.000664331042098,-0.00070519042755
1.21568,0.000141861851372,0.000657,-0.000663957092202,-0.00070517977049
1.21613,0.00014312781493,0.00059,-0.000663392140212,-0.000705008158374
1.21636,0.000143819980067,0.000601,-0.000662912697249,-0.000704830084188
1.2168,0.000144648495841,0.000599,-0.000662672799196,-0.000704750088678
1.21703,0.000144923645681,0.000561,-0.000662184487553,-0.000704607129291
1.21749,0.000145238997576,0.000546,-0.000661951231149,-0.000704539901936
1.21773,0.00014528937971,0.000553,-0.000661874232112,-0.000704405418234
1.21824,0.000145314649793,0.000865,-0.000662401316182,-0.000704258082186
1.2188,0.000144288184222,0.000937,-0.000662876603614,-0.000704421430226
1.21908,0.000143410989859,0.000835,-0.00066418823171,-0.000705374756228
1.21964,0.000141782907908,0.000852,-0.000664959839047,-0.000705780449291
1.21993,0.000140894839024,0.000851,-0.000664887951301,-0.000706026249218
1.22049,0.000139331648178,0.000901,-0.000665152260517,-0.000706348466079
1.22076,0.000138955540047,0.001008,-0.000665891101753,-0.000706939150778
1.22132,0.000138889257637,0.00096,-0.000666304040126,-0.000707124913112
1.22189,0.000139596206216,0.000843,-0.000667188884328,-0.000706827657863
1.22218,0.000140002261847,0.000867,-0.000667794409344,-0.000706632215531
1.22275,0.000140645477455,0.000853,-0.000669459456261,-0.000706462199119
1.22304,0.000141098830612,0.000952,-0.00067038214768,-0.000706365474651
1.22333,0.000141862224777,0.001014,-0.000671238998065,-0.000706264477171
1.22363,0.000142986797977,0.001044,-0.000672522579389,-0.000705964545381
1.22423,0.00014573588526,0.000918,-0.000672712027754,-0.00070568251892
1.22452,0.000146939182606,0.001127,-0.000672863761169,-0.000705274609781
1.22482,0.000148132367446,0.001389,-0.000673009745375,-0.000704035922758
1.2254,0.000150071729433,0.001401,-0.000673029130587,-0.000703207235696
1.22594,0.000150859641091,0.001167,-0.000673086141412,-0.000701260749709
1.22621,0.000151023472749,0.000974,-0.000673192163669,-0.000700212850329
1.22648,0.000151280276499,0.000929,-0.000672410701538,-0.000699473396861
1.22703,0.000152511735657,0.000774,-0.000671682864329,-0.000699256514362
1.22756,0.000153717950797,0.00077,-0.000671488436917,-0.000699028734049
1.22809,0.000154536053932,0.000822,-0.000671387761466,-0.000699785057691
1.22835,0.000154552579,0.000874,-0.00067147585363,-0.000700951141975
1.22887,0.00015380693956,0.000913,-0.000671533047754,-0.000701400436334
1.22914,0.000153461872395,0.000861,-0.000671616539045,-0.000701694716655
1.2297,0.000153041278125,0.00083,-0.000672009783784,-0.000701914769237
1.23001,0.000152524637821,0.000857,-0.000672802160862,-0.000701822467064
1.23063,0.000150746803348,0.000742,-0.000672991499759,-0.000701631365315
1.23127,0.000149077663692,0.000664,-0.000673107803763,-0.000702181913835
1.23158,0.000148365711534,0.000815,-0.000673244596191,-0.000702707176005
1.2322,0.00014761576398,0.000949,-0.000673850576744,-0.000703691794743
1.23251,0.000147675056337,0.000763,-0.000675137469377,-0.000704516423441
1.23314,0.000148566321205,0.000902,-0.000676881563447,-0.000704554842184
1.23376,0.000149738705349,0.000978,-0.000677809397082,-0.00070434350004
1.23439,0.000150797200867,0.001083,-0.00067859907471,-0.000703839309159
1.2347,0.000151394740147,0.001019,-0.000678657684759,-0.000703227569441
1.23533,0.000153234277338,0.000992,-0.000678588929938,-0.000702805731057
1.23594,0.000154682784003,0.000897,-0.00067848183317,-0.000701602371171
1.23624,0.000155065915377,0.000757,-0.000678034023094,-0.000700867254732
1.23683,0.000155907427311,0.000765,-0.000678143476149,-0.000699314791128
1.23712,0.000156382958062,0.000933,-0.000677501285347,-0.000697787501206
1.2377,0.000157544623427,0.001077,-0.000677371339348,-0.00069645614132
1.23826,0.000158804812515,0.001043,-0.000677700091305,-0.000696744849482
1.23884,0.000159757031337,0.000952,-0.000678274335764,-0.000697398673231
1.23914,0.000160307867167,0.000875,-0.000677585795705,-0.000698132736664
1.23973,0.00016156537921,0.000972,-0.000677346268895,-0.000698636607326
1.24003,0.000162079502822,0.000958,-0.000676359790349,-0.00070007927429
1.24064,0.000162052673904,0.000924,-0.000675530129098,-0.000701494969842
1.24124,0.000160211201895,0.000913,-0.000675313411379,-0.000702097173596
1.24183,0.000157349465531,0.000807,-0.000675517650615,-0.000702883917602
1.24246,0.000154337887428,0.000752,-0.000676562454839,-0.000702918187044
1.24278,0.00015318040396,0.000771,-0.000678232599927,-0.000703837171601
1.24341,0.000151626544652,0.000797,-0.000678370307297,-0.000704200416317
1.24398,0.000150376324088,0.000862,-0.000678300375924,-0.000704617799411
1.24449,0.000149754626937,0.000831,-0.000678175483544,-0.000704677547585
1.24503,0.000149933606463,0.001057,-0.00067795767269,-0.000704374460161
1.2453,0.000150038768062,0.001255,-0.000678178868427,-0.000704428902301
1.24581,0.000149939330409,0.001175,-0.000678728363277,-0.000705352384947
1.24632,0.000150018627334,0.001014,-0.000678304043086,-0.000705572855119
1.24683,0.000150797876355,0.000995,-0.000677067365338,-0.000705480206415
1.24734,0.000151501559201,0.001047,-0.000676407297376,-0.000705125415706
1.2476,0.000151687430061,0.000908,-0.000676025530244,-0.000704851414013
1.24811,0.000151696885682,0.000729,-0.000675602724775,-0.000704734087933
1.24867,0.000150878800934,0.000574,-0.000674207885575,-0.000704316808636
1.24897,0.000149877330678,0.000594,-0.000674245421793,-0.000703469366311
1.24955,0.000147501228126,0.000844,-0.000675934937365,-0.000702461769592
1.25015,0.000145715743765,0.000965,-0.000676510381601,-0.000702024220365
1.25043,0.000145170237258,0.000853,-0.000676119652815,-0.000701372502335
1.25097,0.000143524200065,0.00093,-0.000676085661422,-0.000701132846267
1.25126,0.000142136908391,0.001114,-0.000676084528334,-0.00070089952083
1.25156,0.000140523006245,0.001341,-0.000675763804363,-0.000700646710373
1.25187,0.000138929397046,0.001424,-0.000674793637489,-0.000700148221502
1.25247,0.000135947673801,0.001332,-0.000674285471992,-0.000699963980571
1.25306,0.000132804587815,0.001108,-0.000673202559199,-0.000700831759463
1.25335,0.000130778273584,0.000766,-0.000672400483847,-0.000702234197185
1.25394,0.000127043896869,0.00081,-0.000672380278017,-0.000703017768383
1.25452,0.000125074842605,0.000811,-0.000672481898594,-0.000703669342821
1.25481,0.000124602770155,0.000751,-0.000672678228451,-0.00070499856329
1.25538,0.000123850145382,0.001016,-0.000672940638085,-0.000706248528203
1.25593,0.000123650190343,0.001367,-0.000673230610325,-0.00070729999272
1.25647,0.00012424680414,0.001402,-0.000673354845175,-0.000707771849666
1.25701,0.000125136688971,0.001295,-0.000673517783766,-0.000710558231794
1.25728,0.000125688978346,0.001245,-0.00067352120147,-0.00071183120911
1.25756,0.000126301959245,0.001322,-0.00067340951405,-0.000714051071729
1.25813,0.000127142700292,0.001365,-0.000672838594672,-0.000715599085069
1.25871,0.0001279921246,0.001309,-0.000672112614878,-0.000715923062707
1.2593,0.000129790872708,0.000932,-0.000670578337895,-0.000715611590027
1.25989,0.000131434708159,0.000631,-0.00066902979967,-0.00071453179209
1.26019,0.000132036090508,0.000804,-0.00066838321026,-0.000713620089339
1.26075,0.000132528128443,0.000766,-0.000668122951033,-0.000712962382622
1.26131,0.00013205258982,0.000811,-0.000668145772291,-0.000712476882617
1.26187,0.000130729875326,0.000811,-0.000668984806982,-0.000711451785134
1.26215,0.000129901066062,0.000932,-0.000669810836776,-0.000710431795767
1.26271,0.000128803757457,0.001055,-0.000668998601521,-0.000710014312707
1.26327,0.000128492732585,0.001138,-0.000667531531104,-0.000709501434329
1.26355,0.00012843969083,0.001068,-0.000666550248408,-0.000708910818689
1.2641,0.000128080709208,0.001011,-0.000666319070491,-0.000708220995254
1.26465,0.000126932714148,0.000854,-0.000666613803091,-0.000707874640507
1.26521,0.000125245600474,0.000849,-0.000666673883524,-0.000708206171884
1.26578,0.000123653547645,0.000817,-0.000666757059572,-0.000708259110324
1.26606,0.000122789187567,0.001089,-0.000667569588069,-0.000708161698946
1.26663,0.000121128784061,0.001149,-0.00066823107243,-0.000708122516887
1.26691,0.00012061536069,0.000967,-0.000669691441879,-0.000708044142885
1.26749,0.000120779848029,0.000752,-0.000670832526679,-0.000707991180014
1.26806,0.000122181306366,0.00088,-0.000670850059451,-0.000707976349332
1.26863,0.00012427906811,0.000825,-0.000670335306979,-0.00070796999318
1.2692,0.000126347000566,0.000754,-0.00066893551107,-0.000708142637815
1.26976,0.000128318407359,0.000776,-0.000668192059997,-0.00070842212293
1.27004,0.000129097903192,0.000713,-0.000667738064749,-0.00070872893993
1.2706,0.000130331279542,0.00057,-0.000667378254764,-0.000709093683233
1.27116,0.000131752330199,0.000533,-0.000667250181206,-0.000709220483506
1.27173,0.000133873643924,0.000631,-0.000667036650308,-0.000709246895882
1.27202,0.000135145823045,0.000842,-0.00066678375469,-0.000709139123969
1.27261,0.000137459352293,0.000898,-0.000666716755747,-0.000709051408798
1.27321,0.000138755989283,0.000889,-0.000667466852955,-0.000708639031748
1.27352,0.000139164976512,0.000698,-0.00066758893215,-0.000708138401903
1.27415,0.000140041625779,0.000885,-0.000667137806001,-0.000707906426899
1.27476,0.000141200701292,0.00086,-0.000667056997548,-0.000707882057525
1.27532,0.000142118384741,0.000858,-0.000666921902018,-0.00070791172442
1.2756,0.000142408248357,0.000778,-0.000667306306157,-0.000707805762552
1.27617,0.000142440888502,0.000781,-0.000667539604043,-0.000707687056654
1.27647,0.000142140649666,0.000715,-0.000665782314622,-0.000707533329998
1.27707,0.000141163760492,0.000691,-0.000665154578385,-0.000707557717609
1.27738,0.00014050169725,0.000741,-0.000664645541916,-0.000707476067114
1.278,0.000139298710346,0.000795,-0.00066447497124,-0.000707198136216
1.2786,0.000139014991237,0.000777,-0.00066461421708,-0.00070689561862
1.27915,0.000139213562773,0.000814,-0.000665097787448,-0.000707036817913
1.27968,0.000139149460442,0.000673,-0.000665649190932,-0.000707252250254
1.28022,0.000138947461116,0.000701,-0.000665863328625,-0.000707362580994
1.28077,0.00013899330888,0.000764,-0.000666183780497,-0.000707561958802
1.28134,0.000139452362685,0.000916,-0.000666634601003,-0.000707642534148
1.28163,0.000139762805841,0.000936,-0.000667033055959,-0.000707589525619
1.28191,0.000140128292698,0.000798,-0.000668114744092,-0.000707330757498
1.28248,0.000140837528758,0.000843,-0.000669257239728,-0.00070689561862
1.28303,0.000141509206203,0.000858,-0.000670095429147,-0.000706363348613
1.28356,0.00014271958975,0.000887,-0.000670565558595,-0.000705840049032
1.28409,0.000143607831804,0.000856,-0.000670696196546,-0.000705618640224
1.28461,0.000143399566074,0.000787,-0.0006701671183,-0.000705343862273
1.28512,0.000142918991862,0.000736,-0.000669815179425,-0.000705337470165
1.28539,0.000142543335456,0.000619,-0.000669460332491,-0.000705322554907
1.28592,0.000141683407486,0.000724,-0.000669127068421,-0.000705278871769
1.28648,0.00014152710583,0.000848,-0.000668978749811,-0.000705230922161
1.28674,0.000141838257064,0.001021,-0.000668858349925,-0.000705124349862
1.28728,0.000143001228886,0.001141,-0.000668999805788,-0.000705025215814
1.28781,0.000143968466444,0.001194,-0.000669102134336,-0.000705020951512
1.28807,0.000144157363396,0.001195,-0.000669209038879,-0.000705053998832
1.28834,0.000144140192838,0.001059,-0.000669441515491,-0.000705123284017
1.28888,0.000143805033327,0.000783,-0.000669675820626,-0.000705081714138
1.28943,0.00014366863651,0.000674,-0.000669896594969,-0.000704975107813
1.28998,0.000144784502862,0.00049,-0.000670001029207,-0.000705390735059
1.29055,0.000147335484815,0.000571,-0.000669874787181,-0.000705473816172
1.29114,0.000149974540639,0.000911,-0.000669875142421,-0.000705236250138
1.29173,0.000152713807987,0.00106,-0.000670078260664,-0.000704920729225
1.29232,0.000154550689072,0.001165,-0.000670601156725,-0.000703716383707
1.29289,0.00015499712071,0.001146,-0.000670911998336,-0.00070256573472
1.29318,0.000155285864843,0.001154,-0.000671244035024,-0.000703270374441
1.29374,0.000156123045683,0.00126,-0.000671869705979,-0.000703466157436
1.29431,0.000156673759503,0.001247,-0.000672776811813,-0.000703449043062
1.29492,0.000157607829391,0.001152,-0.00067328996265,-0.000703365601531
1.2955,0.000158504209138,0.000498,-0.000674273687484,-0.000703014556412
1.29577,0.000158843546272,0.000539,-0.00067473900693,-0.000702906407206
1.29631,0.000159355215978,0.000684,-0.000675581415864,-0.000703164424926
1.29682,0.000159041016067,0.00073,-0.000675911134521,-0.000703222218541
1.29707,0.000158402262005,0.00093,-0.000675563025368,-0.000703198673855
1.29759,0.000156522958587,0.001112,-0.000675812510215,-0.000703032757289
1.29813,0.000154681204533,0.001042,-0.000676113987749,-0.000702924612285
1.29869,0.000153772277856,0.00084,-0.000677096446534,-0.000702831437662
1.29928,0.000154353023433,0.000745,-0.000678489725325,-0.000702737173215
1.29958,0.000154990027177,0.000833,-0.000679575694879,-0.000702532511258
1.30019,0.000157097991261,0.000805,-0.000679884577954,-0.000702651996731
1.30081,0.000159767556898,0.000688,-0.000680385718131,-0.000702675568998
1.30112,0.000160997232226,0.000772,-0.000679391958539,-0.000702337943905
1.30175,0.000162836159966,0.00095,-0.000678284487177,-0.000701934618869
1.30237,0.000164238974596,0.00121,-0.000677165414982,-0.000701350470242
1.30299,0.000165449013984,0.001376,-0.000676611126907,-0.000700987158375
1.30359,0.000166505489648,0.001421,-0.000675535801029,-0.00070014714428
1.30389,0.000166873062492,0.001265,-0.000674502409623,-0.000699730073731
1.30448,0.00016712763494,0.00114,-0.00067370143024,-0.000699411903028
1.30507,0.000167100761071,0.001243,-0.000673828947663,-0.000699102153968
1.30567,0.000166958404654,0.001165,-0.000673791379062,-0.000699025494671
1.30627,0.000166343791552,0.001049,-0.000673650186081,-0.000698990939919
1.30686,0.000164617705064,0.000757,-0.000673506673519,-0.000698955302672
1.30743,0.000161587947704,0.000776,-0.000673998539217,-0.00069894342299
1.30801,0.000158684704749,0.000909,-0.000675228286165,-0.000698933703027
1.3083,0.000157483866171,0.000961,-0.000675539204155,-0.000698903461858
1.30888,0.000155736609241,0.000907,-0.000675263473075,-0.000699097835466
1.30948,0.000154266410141,0.000899,-0.000675665102955,-0.000700067422969
1.31008,0.000152650408131,0.000829,-0.000676823867974,-0.00070190833014
1.31066,0.00015103242249,0.00079,-0.000677659211655,-0.000703329224928
1.31095,0.000150112014397,0.000842,-0.000678231471881,-0.000704258082186
1.31152,0.000148035415819,0.000849,-0.000678118653929,-0.000704554842184
1.31213,0.000146272771673,0.000898,-0.000677777782993,-0.000704692483435
1.31272,0.000145014775826,0.000961,-0.000677195938846,-0.000704258082186
1.313,0.000144552880187,0.000953,-0.000676157040579,-0.000703731350271
1.31358,0.000144454919333,0.000821,-0.000674892178625,-0.000703355972705
1.31416,0.000145466991713,0.000689,-0.000674356875791,-0.000703276794853
1.31474,0.000146843636483,0.000567,-0.00067374811463,-0.000703086285183
1.31531,0.000148057373308,0.00056,-0.000673384768266,-0.000702890343314
1.3159,0.000149303809938,0.000658,-0.000672044063243,-0.000703091637636
1.3162,0.000149590936436,0.000563,-0.000671058131786,-0.0007036180201
1.31679,0.000149788902964,0.00055,-0.0006712595988,-0.000704432104583
1.31737,0.000150257062654,0.00068,-0.000671800626496,-0.000705526000599
1.31793,0.000150783450296,0.000572,-0.000672467785307,-0.000706745879455
1.31849,0.000150537557421,0.000563,-0.000672972113038,-0.000707303175378
1.31903,0.000149484383818,0.000672,-0.000674193097779,-0.000708140519864
1.31955,0.000148110168907,0.000829,-0.000674952377254,-0.000708668650478
1.32005,0.000146938742918,0.000927,-0.000674369384328,-0.000708862183654
1.32059,0.000145686401247,0.000913,-0.000673751530384,-0.000708635858201
1.32088,0.0001451289212,0.001019,-0.000673008605044,-0.000709293378022
1.32144,0.000144530633926,0.001035,-0.000672309075761,-0.000710363295222
1.32201,0.000144516976579,0.000886,-0.000671690868491,-0.000710947859781
1.32257,0.000144777093272,0.000596,-0.000671228697369,-0.000711177271481
1.32312,0.000145184669835,0.000764,-0.000670603378465,-0.00071098996216
1.3237,0.000145352282884,0.000804,-0.000670270921018,-0.000710766776059
1.324,0.000145102639645,0.0008,-0.000669958891551,-0.000710463407999
1.3243,0.000144802115537,0.000736,-0.000669661588562,-0.000710102901052
1.32489,0.000144336893381,0.000703,-0.000669081380741,-0.000709387384525
1.32547,0.00014443798559,0.000844,-0.000668487817593,-0.000708962619985
1.32576,0.000144803546814,0.000957,-0.000667854344128,-0.000709170824181
1.32633,0.000146456129773,0.00103,-0.000667135792861,-0.000709253234629
1.3269,0.000149131476135,0.001164,-0.000666755904446,-0.000709137010545
1.32746,0.000152040853726,0.001238,-0.000666064647928,-0.000708809313724
1.32799,0.000154310547545,0.001038,-0.000665531085558,-0.000708598831887
1.32826,0.000155156649997,0.000756,-0.000665698971875,-0.00070865172572
1.32879,0.000156614879858,0.000781,-0.0006665722046,-0.000709064091531
1.32932,0.000157766795491,0.000931,-0.000667619172978,-0.000709751612336
1.32985,0.000157805443355,0.000918,-0.000667458868626,-0.000710149297736
1.3304,0.00015659847801,0.000873,-0.000667079232532,-0.000710994172188
1.33095,0.000154116899948,0.000859,-0.000666978792884,-0.000711869029401
1.33122,0.000152343694583,0.000742,-0.000666849460732,-0.000712915218097
1.33177,0.000148743530832,0.000653,-0.000666681970708,-0.000714007154989
1.33232,0.000146190516087,0.000698,-0.000666569893469,-0.000714762569407
1.3329,0.000145456926367,0.000618,-0.000666485529657,-0.000714944186419
1.33347,0.000146205639268,0.000588,-0.00066623350683,-0.000714650849967
1.33403,0.00014699223924,0.00063,-0.000666073901987,-0.000714375090305
1.33459,0.000147794801559,0.000687,-0.000665704760026,-0.000713449468533
1.33514,0.000148790960297,0.000673,-0.000665301740431,-0.000712123185831
1.33542,0.000149397177473,0.000879,-0.000664864759445,-0.000710619330211
1.33598,0.000150836092608,0.000807,-0.000664355420182,-0.00070912538654
1.33652,0.000152933961065,0.000821,-0.000663775820832,-0.000707726275339
1.33703,0.000154984595573,0.000914,-0.000663482855574,-0.000707094134753
1.33728,0.000155476598783,0.000973,-0.000663199023199,-0.000706521711908
1.33753,0.000155522030234,0.000991,-0.00066267512887,-0.000705604798689
1.33802,0.000154937427957,0.000907,-0.000662502703018,-0.000705314031688
1.33828,0.000154770556046,0.000613,-0.000662320890976,-0.000705441863646
1.33881,0.000155361763539,0.000505,-0.000662319725296,-0.000705892192567
1.33938,0.00015665812826,0.000751,-0.000662584263368,-0.000706530213116
1.33997,0.000156534884884,0.000782,-0.000661717863432,-0.000707933973352
1.34056,0.000154659211845,0.000889,-0.000661482048969,-0.000708822003055
1.34085,0.000153692197753,0.000872,-0.000661392129367,-0.000710616170145
1.34142,0.000152281573064,0.000766,-0.000661574286972,-0.000712249162196
1.34197,0.000152176575392,0.000834,-0.000661769213884,-0.000713009542349
1.34226,0.000152438325749,0.00093,-0.000662085367177,-0.000713749844684
1.34256,0.000152891298507,0.000956,-0.000663238583505,-0.000714848167917
1.34313,0.000153746292751,0.00075,-0.000664882153441,-0.000715232122376
1.3437,0.000154172942257,0.000789,-0.000665796203694,-0.000715244637265
1.34428,0.000154036118296,0.000751,-0.000667350431406,-0.000714663380593
1.34457,0.000153750697965,0.000766,-0.000667794409344,-0.000713967417205
1.34487,0.000153416612488,0.00081,-0.000667968430311,-0.000713119563055
1.34516,0.000153132278223,0.000717,-0.000667756369974,-0.000711561124679
1.34574,0.000153206551808,0.00062,-0.00066644854365,-0.000710398073683
1.3463,0.000154265914461,0.000658,-0.000665446541583,-0.000710299000912
1.34686,0.000156128097219,0.000801,-0.000664691945383,-0.000709991108208
1.34741,0.000157922964788,0.000708,-0.000663962901068,-0.000709276475963
1.34795,0.000159108272961,0.000666,-0.000663635172948,-0.000708746919483
1.34849,0.00016009555768,0.00071,-0.000662966250633,-0.000707360459496
1.34905,0.000161363207297,0.000653,-0.000662253276942,-0.000706011355935
1.34961,0.000162823623828,0.000652,-0.000661646664113,-0.000705463165573
1.35018,0.000163315279002,0.000723,-0.000661306865652,-0.000705715519491
1.35047,0.00016307965637,0.001002,-0.000661242616051,-0.000706564216398
1.35107,0.000162353808904,0.001057,-0.00066139446515,-0.000707202380682
1.35167,0.000161587221282,0.000854,-0.000661657169583,-0.000707695536649
1.35225,0.000161630586711,0.000507,-0.000662170495306,-0.000708060030572
1.35281,0.000162698552334,0.000664,-0.000663131530574,-0.000707741113981
1.35336,0.000164377968483,0.000785,-0.000663766523049,-0.000707412433439
1.35391,0.000166398056025,0.001003,-0.000665301740431,-0.000706913669032
1.35446,0.000168399056324,0.001133,-0.000667179651446,-0.000706657712651
1.35502,0.00016992003558,0.001099,-0.000669436481352,-0.000706382482603
1.35559,0.000170391979599,0.001174,-0.000672061202062,-0.000706373978704
1.35588,0.000170042329162,0.001163,-0.000674743353561,-0.000706661962036
1.35643,0.000168971456747,0.001018,-0.000674259972229,-0.000706677896884
1.35697,0.000167988043108,0.000885,-0.000672346507687,-0.000706499395501
1.35751,0.000167284505721,0.000921,-0.00067021101358,-0.000706060289225
1.35807,0.000167785885994,0.000796,-0.000669297181861,-0.000705702745353
1.35834,0.00016872457564,0.000851,-0.000668070321001,-0.00070455057359
1.35889,0.000171380908271,0.001036,-0.000667054330067,-0.000702750028575
1.35947,0.000173315407984,0.001219,-0.000666438140829,-0.000703380579311
1.36008,0.000174628003,0.001112,-0.00066607274524,-0.000704442778696
1.36068,0.000174785923475,0.001055,-0.000665972097664,-0.000704761822209
1.36127,0.000173691110354,0.001167,-0.000667014584102,-0.000704627402311
1.36188,0.000172471031475,0.001139,-0.000668625920288,-0.000703918391949
1.36249,0.000171166346726,0.001096,-0.00066911241931,-0.00070347150555
1.36279,0.000170874755297,0.001021,-0.000669383634935,-0.0007030937786
1.36339,0.000170832321954,0.000936,-0.000670715674628,-0.000702528224188
1.36368,0.000170838317295,0.001017,-0.000672151456494,-0.000701922281405
1.36425,0.000170403962532,0.000875,-0.000673873343152,-0.000701234956863
1.3648,0.000169009539138,0.000816,-0.000675654896168,-0.000700309776904
1.36535,0.000167003056402,0.000936,-0.000675975739507,-0.000700645087383
1.3659,0.000164757421278,0.000992,-0.000674580633918,-0.000700962153112
1.36646,0.0001621100995,0.000814,-0.00067375576436,-0.000701036347272
1.36702,0.000159612864253,0.000925,-0.000673640739623,-0.000700580244113
1.36759,0.000158258729749,0.000782,-0.000673339951519,-0.000699900646953
1.36816,0.00015813849584,0.00061,-0.0006738931859,-0.000699109958578
1.36874,0.000158501709814,0.000688,-0.000674223810388,-0.000699417297545
1.36932,0.000158699302915,0.000812,-0.000673485029037,-0.000699483105679
1.3699,0.000158625099047,0.001138,-0.000672725719941,-0.000699477711916
1.37049,0.000158503000022,0.001426,-0.000672989219009,-0.000700861876833
1.37107,0.000158487651117,0.001589,-0.000673719649075,-0.000702985647683
1.37166,0.000158079522134,0.001429,-0.000672600193716,-0.000704212163644
1.37222,0.000156685987539,0.000929,-0.000670160815895,-0.000704294386679
1.37276,0.000154620168854,0.000868,-0.000668969855435,-0.000704023102649
1.37329,0.000152442943163,0.000696,-0.000668732922874,-0.000703718521817
1.37356,0.000151176062549,0.000767,-0.00066860981033,-0.000703252182794
1.3741,0.000148837835689,0.000652,-0.000669129662102,-0.000704195076525
1.37465,0.000147636774364,0.000608,-0.000670376414971,-0.000705309770021
1.3752,0.000146876410951,0.000895,-0.000672255399602,-0.000706219818687
1.37576,0.000145134782673,0.00105,-0.000674600165531,-0.000706992233279
1.37634,0.000142550053978,0.001033,-0.000675355400951,-0.000707338183175
1.37663,0.000141148566715,0.000907,-0.000675827248463,-0.000708002832362
1.37723,0.000138488141932,0.000844,-0.000676560190902,-0.000708645378777
1.37781,0.000136979340106,0.000797,-0.000676713099516,-0.000709112705476
1.37838,0.000135929466965,0.000825,-0.000676426841826,-0.000709487707592
1.37894,0.000134477931488,0.001023,-0.000675823306962,-0.000710054390477
1.37949,0.000132990760473,0.001068,-0.000674798111477,-0.000710323244073
1.38003,0.000132000301884,0.000864,-0.000672811485619,-0.000710315865853
1.3803,0.000131739220927,0.000834,-0.000672200766459,-0.000709973176665
1.38085,0.000131522766653,0.001033,-0.000672436013164,-0.000709749501692
1.38142,0.000131116350133,0.000895,-0.000673230775761,-0.000709367317315
1.38196,0.000130971463949,0.000843,-0.000672555064624,-0.000709279645146
1.38254,0.000132093127729,0.000749,-0.00067202457885,-0.000709468700672
1.38312,0.000133716111402,0.000848,-0.00067090468593,-0.000709951024982
1.38368,0.000134381388951,0.001016,-0.00066995085873,-0.000710411773575
1.3842,0.00013487790203,0.001004,-0.000669272179059,-0.000710821529745
1.38469,0.000136166879683,0.000953,-0.000669261836495,-0.000711859574617
1.38494,0.000137167887526,0.000924,-0.000669221613315,-0.000712209273381
1.38543,0.000139405924532,0.001046,-0.000669019297649,-0.000712729657724
1.38569,0.000140195563983,0.001437,-0.000667365429483,-0.000713275642859
1.38628,0.000140748759752,0.00154,-0.000666048452902,-0.000713570898376
1.38685,0.000140441296697,0.00135,-0.00066381068594,-0.000713954867722
1.38742,0.000140596846949,0.001361,-0.000662303405484,-0.00071410752999
1.38799,0.000141334532128,0.001162,-0.000661084770449,-0.000714249690664
1.38854,0.000142866679865,0.000965,-0.000660261318109,-0.00071434374358
1.38882,0.000143805766361,0.001249,-0.000659510349528,-0.000714094984305
1.3894,0.000144545135017,0.001199,-0.000659416544087,-0.000714855474373
1.38998,0.000143322265785,0.001089,-0.000660464784021,-0.000715612632092
1.39058,0.000141547923385,0.000392,-0.000660986381969,-0.000716335258761
1.39118,0.000140538749484,0.000531,-0.000662212051578,-0.000716605692613
1.39178,0.000140844280711,0.000646,-0.000662637458519,-0.00071649129762
1.39237,0.000140232884941,0.00085,-0.000662650273257,-0.000716168759182
1.39295,0.000138973813734,0.001033,-0.000662610662983,-0.000715863701166
1.39351,0.000138850074167,0.001046,-0.000662596682119,-0.000715688696462
1.39406,0.00013928115107,0.0011,-0.000662525231091,-0.000715287393912
1.39459,0.000139635643138,0.00107,-0.000662355073328,-0.000714918096407
1.3951,0.000140618790549,0.000815,-0.000662119551865,-0.000714565214938
1.3956,0.000142144591169,0.000781,-0.000661864081052,-0.000714056299635
1.39611,0.00014409613384,0.000637,-0.000661664511018,-0.000713331148504
1.39664,0.00014652078962,0.000621,-0.000661823240011,-0.0007123373253
1.39718,0.000148467254418,0.000661,-0.00066231427328,-0.000711062579795
1.39772,0.000149272324262,0.000658,-0.000663185487954,-0.000709648179517
1.398,0.000149120807444,0.000637,-0.000663768847512,-0.000708378729041
1.39848,0.000147639303349,0.000538,-0.000663438663016,-0.000707849209832
1.39885,0.00014589527341,0.00047,-0.000663015142074,-0.000706870134496
1.39932,0.000143436512355,0.000758,-0.000662620378603,-0.000706023057841
1.39985,0.000141593473713,0.000674,-0.000662285919367,-0.000706664086714
1.40011,0.000141165489742,0.000788,-0.000661702690676,-0.000708297222276
1.40069,0.000141147541849,0.000703,-0.000660996052943,-0.000709567950474
1.40129,0.000142130729664,0.00074,-0.000660336383034,-0.000710749927473
1.40187,0.000142398336475,0.000697,-0.000659693403134,-0.000712093786423
1.40242,0.000142730435563,0.000823,-0.000658996768671,-0.000712920458837
1.40296,0.000143314645966,0.000848,-0.000658216866316,-0.000713645206114
1.40349,0.000143918764426,0.00068,-0.000657425126596,-0.00071445344783
1.40401,0.000144224582015,0.000819,-0.000657028188515,-0.000714753173484
1.40454,0.000144717875247,0.00099,-0.000656203842564,-0.000716201023164
1.40506,0.000145949079366,0.000987,-0.000655402940343,-0.000717515682233
1.4056,0.00014694486775,0.000923,-0.000654895500836,-0.000718587497107
1.40615,0.000147049804499,0.000786,-0.000654844609758,-0.000719510119776
1.40644,0.000146918264876,0.000678,-0.000655434859609,-0.000719959383573
1.40701,0.00014672203845,0.000695,-0.000656586114676,-0.000719703305324
1.40756,0.000147617359758,0.000996,-0.000657551090339,-0.000719152460909
1.40814,0.000149250416423,0.001268,-0.000657065893745,-0.000718506731396
1.40871,0.00015029289722,0.001619,-0.00065674884408,-0.000717735638544
1.4093,0.000151263695356,0.001959,-0.000657280287242,-0.000716585935503
1.4099,0.000152539436973,0.001656,-0.000659028455353,-0.000714691573261
1.4105,0.000154501250026,0.001256,-0.000661399136683,-0.000712445407191
1.4111,0.000157560695305,0.001283,-0.000664014016111,-0.000712478980903
1.41167,0.000159072624209,0.001216,-0.000665313326106,-0.000712506257755
1.41221,0.000158121815872,0.001222,-0.00066799377916,-0.000712604860681
1.41248,0.00015737096106,0.001172,-0.000670700779695,-0.000712736997681
1.41302,0.00015624857387,0.00113,-0.000673306140156,-0.000712864903979
1.41357,0.000155903522318,0.001108,-0.000675836317929,-0.000712976007036
1.41415,0.000156504806226,0.001109,-0.000675827248463,-0.00071295923847
1.41477,0.000158620576291,0.001076,-0.00067452748187,-0.00071274328898
1.41507,0.00015985674283,0.00078,-0.000673195558537,-0.000712920458837
1.41566,0.000162493927868,0.000774,-0.000673225990539,-0.000712572345012
1.41625,0.00016463992932,0.000825,-0.000673678655729,-0.000711777625086
1.41682,0.000165727973003,0.001018,-0.00067391918942,-0.000711388692912
1.4174,0.000165452085908,0.001183,-0.000673723378305,-0.000710947859781
1.41798,0.000164290478991,0.001214,-0.000673769865119,-0.000711156229257
1.41856,0.000163773374185,0.001049,-0.000672480342832,-0.000711680948063
1.41883,0.000164174595077,0.000799,-0.000670991720888,-0.00071194150968
1.4194,0.000167688332283,0.000777,-0.000669589244062,-0.000712099036454
1.41997,0.0001727141599,0.000744,-0.000668265620038,-0.000713209655799
1.42052,0.000176933814938,0.000837,-0.000667624938337,-0.000713936042861
1.42107,0.00017944875318,0.000973,-0.000666345661539,-0.000714991144732
1.42164,0.000180535395284,0.000893,-0.000665067650793,-0.000715222735987
1.42221,0.00018079856931,0.000601,-0.000664062802749,-0.000715023491019
1.4228,0.000180315366359,0.000598,-0.000664279960257,-0.000715319719484
1.4234,0.000179979396135,0.000543,-0.0006653179603,-0.000715585537648
1.42399,0.000181133348235,0.000609,-0.000666517890108,-0.000715668900091
1.42458,0.000182807363835,0.000706,-0.000667661835016,-0.000715113214038
1.42488,0.000183361133797,0.000886,-0.000668708874195,-0.000713890023311
1.42547,0.000184467599947,0.000951,-0.000669713437753,-0.000712353066948
1.42604,0.000185963480511,0.001193,-0.000671385770533,-0.0007108257413
1.42661,0.000188125402084,0.001239,-0.000671934642606,-0.000709715730086
1.42716,0.000190373975742,0.001145,-0.000672813866396,-0.000709109535156
1.42772,0.000192238866454,0.001169,-0.000672928775204,-0.000708749034679
1.42826,0.000194014490946,0.001142,-0.000672682360019,-0.000708514189255
1.42881,0.000195917046126,0.000812,-0.000672502032336,-0.000707713556127
1.42936,0.000197713342792,0.001044,-0.00067277706219,-0.000706570591737
1.42963,0.000198532174081,0.001213,-0.000673364257818,-0.000705260758051
1.43016,0.000200120256861,0.0011,-0.000674521735035,-0.000703820070784
1.4307,0.000200948681214,0.000827,-0.000676274849712,-0.000702254842539
1.43124,0.000201133917878,0.000901,-0.000676344294527,-0.000701504636968
1.43178,0.000200373887667,0.000831,-0.00067551108654,-0.000702185131517
1.43234,0.000198801108577,0.000777,-0.000674678766231,-0.000703376299994
1.43296,0.000196896137299,0.000688,-0.000673699265559,-0.000704368054787
1.43356,0.000195120805507,0.000823,-0.00067292962627,-0.000705164850198
1.43413,0.000192939209565,0.000849,-0.000672726556334,-0.000705916666097
1.43466,0.000190931390392,0.000854,-0.000673126910305,-0.000706635402747
1.43491,0.000189864973225,0.000958,-0.000673645394685,-0.000707162056703
1.43543,0.00018783931217,0.001096,-0.000673877073962,-0.000707432585043
1.43599,0.000186367798665,0.001041,-0.000672723437937,-0.000707634053188
1.43657,0.000185369209479,0.00092,-0.00067112911268,-0.00070967667861
1.43715,0.000184249264189,0.000786,-0.000670285829165,-0.000711278260889
1.43772,0.000183353418505,0.000669,-0.000670141315507,-0.000712599616373
1.43829,0.000183838167309,0.000792,-0.000670288122685,-0.000713503906537
1.43883,0.000185914025676,0.000802,-0.000669218165459,-0.000713619042777
1.43936,0.000188089094775,0.000538,-0.000668602905899,-0.000713065079875
1.43989,0.000189446657469,0.000748,-0.000668678849245,-0.000711877433492
1.44045,0.000190831617103,0.001027,-0.000669082530353,-0.000710001655851
1.44102,0.000192933441474,0.001381,-0.000670395905906,-0.000707321210026
1.44162,0.000194780912588,0.001708,-0.000672395858654,-0.00070598901512
1.44222,0.000194866910229,0.001523,-0.000674581979884,-0.000705750646569
1.44282,0.000194367218452,0.00129,-0.000675781898569,-0.000705602669186
1.44343,0.000194316409002,0.001446,-0.000678355541066,-0.000705069988633
1.44404,0.000194337763037,0.001448,-0.000677690022687,-0.000703923734899
1.44435,0.000194123262721,0.001251,-0.00067695274428,-0.000702067135404
1.44495,0.000192985795233,0.001135,-0.000676561207836,-0.000704266624673
1.44552,0.000191394572438,0.00115,-0.000676866433066,-0.000705531325213
1.44608,0.000190787662495,0.001013,-0.000677475846687,-0.000705681454347
1.44663,0.000191657247403,0.00088,-0.000677856146259,-0.000705345992956
1.44718,0.000193968476689,0.000529,-0.000678772047264,-0.000704645540584
1.44746,0.000195504792713,0.000685,-0.000679658586916,-0.000703351693163
1.44802,0.000198438547431,0.000835,-0.000679095906431,-0.000701622774644
1.4486,0.000200986182862,0.00093,-0.000679014826126,-0.000700720953941
1.44917,0.000201724055211,0.001283,-0.000678662591461,-0.000699580182831
1.44975,0.000199728345624,0.001413,-0.000676702115661,-0.000699394640155
1.45032,0.00019495661114,0.001307,-0.000673740364638,-0.000699206865495
1.4509,0.000189325475714,0.00131,-0.000671354614479,-0.000701284391907
1.45148,0.000184769339515,0.001044,-0.000669511036622,-0.000702916045277
1.45178,0.000183278531379,0.000722,-0.000668824428204,-0.000703508940634
1.45236,0.000181422710393,0.000837,-0.000667846828571,-0.00070439687828
1.45293,0.000179920177773,0.000922,-0.000667777665792,-0.00070483968273
1.4535,0.000178617537982,0.000904,-0.000670069769588,-0.000704740488297
1.45407,0.000177721444808,0.000719,-0.000671135104734,-0.000704216435327
1.45464,0.00017682528912,0.000657,-0.000671952645957,-0.000703668273656
1.4552,0.000176682562386,0.000647,-0.000670881779396,-0.000703115187703
1.45576,0.000177166826815,0.000626,-0.00067011034269,-0.000702403882105
1.45632,0.000176869587651,0.000853,-0.000669704071575,-0.000702142227275
1.45688,0.000176099927224,0.00105,-0.000669613360094,-0.00070148852498
1.45743,0.000175288081478,0.001158,-0.000670133285707,-0.00070049926444
1.45798,0.000175093832657,0.001062,-0.000671535335378,-0.000700128831121
1.45851,0.000175457577436,0.000999,-0.000673311838275,-0.000699813086255
1.45903,0.000175885393193,0.001044,-0.000672677238091,-0.000699507916191
1.45953,0.000176327000673,0.001004,-0.000671841152251,-0.000699080561063
1.46002,0.000176040368019,0.000928,-0.000671636479592,-0.000698449610979
1.46053,0.000174895336285,0.000779,-0.000671982885943,-0.000699477711916
1.46105,0.000172810828669,0.000641,-0.000672876908161,-0.000700762912505
1.46159,0.000170825079655,0.000831,-0.000672842732994,-0.000701463818858
1.46215,0.000169270709014,0.001031,-0.00067273549139,-0.000701730146725
1.46272,0.000167978718812,0.001103,-0.000672972760058,-0.000703418021665
1.46331,0.000166279766037,0.000909,-0.000673478848171,-0.000705083846017
1.46391,0.000164666835091,0.000937,-0.000674223338249,-0.000706534463661
1.46454,0.000164058796227,0.001077,-0.000673544264262,-0.000707419857816
1.46487,0.000164008048349,0.00109,-0.00067332665307,-0.000707700836568
1.46549,0.000163764752,0.001041,-0.000673418950411,-0.000707932913903
1.46613,0.000163940901989,0.001026,-0.000673718510418,-0.000707780328119
1.46683,0.000164479491489,0.001247,-0.000674889906832,-0.000706539776789
1.46753,0.000162704461408,0.001011,-0.00067387102517,-0.000705421625916
1.46817,0.000158877539195,0.000875,-0.000673107699278,-0.000705089175671
1.46879,0.000154858800956,0.001014,-0.000672376741874,-0.000704428902301
1.46942,0.000153311852441,0.000772,-0.000672181351401,-0.000703956859826
1.47006,0.000155553620702,0.001159,-0.000671295196238,-0.000703324945142
1.4707,0.000159597570466,0.00127,-0.000671178445927,-0.000703087088514
1.47132,0.000161524200757,0.001215,-0.000673424945626,-0.000703338587786
1.47193,0.000161052818098,0.001106,-0.000673165945275,-0.000703269037667
1.47253,0.000159600540434,0.001004,-0.000673152265548,-0.000702542960198
1.47312,0.000158066614395,0.000881,-0.00067349642099,-0.000702452122174
1.47368,0.000156883292103,0.000774,-0.000673892693755,-0.000702205509657
1.47422,0.000156553249691,0.000828,-0.000674285229746,-0.000701787043966
1.47476,0.000157056609254,0.001059,-0.000674837652631,-0.000701220985146
1.47529,0.000158186212538,0.001326,-0.000675583442614,-0.000701372502335
1.47581,0.000159262433034,0.001379,-0.000676445848257,-0.000701628143832
1.47634,0.000159929044321,0.001318,-0.000675340662237,-0.000702716818175
1.4769,0.000160326318229,0.001123,-0.000673073725631,-0.000704569781953
1.47777,0.000161661525813,0.001106,-0.000671488526124,-0.000705209609645
1.47834,0.000162616870954,0.000936,-0.000670578415639,-0.00070483968273
1.47889,0.000162496188943,0.000885,-0.000670250865359,-0.000703874577459
1.47944,0.0001620808963,0.000885,-0.000670550633181,-0.000704519625123
1.48,0.000162244001502,0.001103,-0.000671312105975,-0.000704595391877
1.48058,0.000162503301861,0.001326,-0.000672292569022,-0.000704111767881
1.4812,0.000162002718141,0.001486,-0.000673578782688,-0.000703260743657
1.4818,0.00016094917873,0.001188,-0.00067465659072,-0.000702314892955
1.48244,0.000159828993773,0.000889,-0.000674836396594,-0.000701386469543
1.4831,0.000158238555466,0.001157,-0.000674640163689,-0.000700470200292
1.48344,0.00015727216972,0.001029,-0.000674289994418,-0.000699417297545
1.48413,0.000155781019288,0.000963,-0.000674357091967,-0.000700015704616
1.48482,0.000154311754371,0.001022,-0.000675366528273,-0.00069988746165
1.48547,0.000153847937711,0.001073,-0.000674422522075,-0.000699427809793
1.48613,0.000155420603196,0.001125,-0.000674473688859,-0.000699816044615
1.48679,0.000158513095926,0.001066,-0.000676007308178,-0.000700178108066
1.48746,0.000162473096963,0.001182,-0.000677813908568,-0.000700231962721
1.48811,0.000164264599697,0.001003,-0.000678683606156,-0.000700054218932
1.48874,0.00016314796855,0.000899,-0.000677978722905,-0.000700024852125
1.48968,0.0001595591672,0.000876,-0.000676513777853,-0.000700227380041
1.49028,0.000157653119367,0.000912,-0.000674692219855,-0.000699937565848
1.49084,0.000155644842743,0.001077,-0.000674077054736,-0.000699613063632
1.4914,0.000153623030717,0.001178,-0.000675425753662,-0.000699888539468
1.49194,0.000152546031436,0.001051,-0.000676352995649,-0.000701272570957
1.49247,0.000152582368143,0.000938,-0.000676889605971,-0.000702282724046
1.493,0.000153869748916,0.0009,-0.000675657461554,-0.000702707176005
1.49354,0.000155846430957,0.001089,-0.000675100471394,-0.000702616101283
1.49406,0.000157569494967,0.00097,-0.000674712603336,-0.0007022387563
1.49482,0.000159967686792,0.000802,-0.000674771034306,-0.000701641029632
1.49535,0.000160679182097,0.000886,-0.000675455677402,-0.000700826381158
1.49562,0.000160444533216,0.000997,-0.000676644313762,-0.00069983141172
1.49618,0.00015929562133,0.000956,-0.000677416339634,-0.000700587522311
1.49681,0.000157899062204,0.000886,-0.00067824783602,-0.000701429442958
1.49749,0.000156602004951,0.000934,-0.00067838144267,-0.000701505711081
1.49815,0.000155650429896,0.000982,-0.000678534518556,-0.000701753765285
1.49847,0.000155752806687,0.00096,-0.000678730388075,-0.000702203364631
1.49909,0.000156911551278,0.000818,-0.000678850126836,-0.00070252929596
1.4994,0.000157761041943,0.000851,-0.000678900724189,-0.000702272000586
1.5,0.000159490845249,0.000916,-0.000678622281598,-0.000702063916913
1.50031,0.000159978739349,0.000994,-0.00067799650474,-0.000701499266367
1.50094,0.000158897936657,0.000892,-0.000677637779004,-0.00070088123698
1.50157,0.000156018479417,0.000748,-0.000677584666142,-0.000700359309433
1.50219,0.000153895195294,0.000774,-0.00067686911991,-0.000700036177144
1.5028,0.000153526116912,0.000602,-0.000676286175995,-0.000699266227658
1.50339,0.00015416842777,0.000599,-0.000676167236738,-0.000698769513315
1.50399,0.000155712074,0.000579,-0.000675989339453,-0.000698971223971
1.50428,0.000156603021136,0.000663,-0.000675474540645,-0.000699030615992
1.50486,0.000157296570433,0.000789,-0.000675324760272,-0.000698386622633
1.50543,0.000156866705171,0.000663,-0.000675119173984,-0.000697486149616
1.50599,0.000157098225196,0.000745,-0.00067471591491,-0.000697056671121
1.50655,0.000157884427025,0.000916,-0.000674671592659,-0.000697989350642
1.5071,0.000157991612996,0.000953,-0.000675333729433,-0.000698468512535
1.50765,0.000156490322962,0.000799,-0.000676788821941,-0.000698432835564
1.50794,0.000155336160328,0.000892,-0.000676694876626,-0.000698643614823
1.50849,0.000152959306378,0.001002,-0.000676617917967,-0.00069884457789
1.50901,0.000151471369584,0.001101,-0.00067620369521,-0.000698732222021
1.50952,0.00015073907058,0.0011,-0.000675594285856,-0.000699002818401
1.51003,0.00014985976539,0.00106,-0.000675271517955,-0.000700038332095
1.51054,0.000149248155129,0.000953,-0.000674519899812,-0.000702019928645
1.5108,0.000149337725054,0.000769,-0.00067364142887,-0.000703546372727
1.51133,0.000149922477102,0.000934,-0.000672793662559,-0.000704321079363
1.51188,0.000150101607029,0.000978,-0.000672630046852,-0.000704445980883
1.51247,0.000149927334829,0.000973,-0.000673544316487,-0.000703978229503
1.51307,0.000150099150018,0.00084,-0.000674103278549,-0.000703636197541
1.51369,0.000150751804479,0.001062,-0.000675662834798,-0.000702475704401
1.5143,0.000151302955972,0.001001,-0.000675583442614,-0.000701977009285
1.51491,0.0001509606017,0.000818,-0.000675420080437,-0.000700894143301
1.51553,0.000150252525999,0.000849,-0.000675654896168,-0.000699861593282
1.51614,0.000149429566342,0.000909,-0.00067645490609,-0.000698705766346
1.51677,0.000148089061877,0.001013,-0.00067806336347,-0.000697123375406
1.5174,0.000146628441563,0.001303,-0.000677462783627,-0.000696748906057
1.51803,0.00014536571165,0.001231,-0.000675596034629,-0.000697792914373
1.51865,0.000143345202289,0.000979,-0.000674169315846,-0.000700032944699
1.51927,0.000140492442146,0.000781,-0.000673307381803,-0.000701835347527
1.51991,0.000138241188806,0.000447,-0.000672988178799,-0.000702747886039
1.52056,0.00013682085685,0.000703,-0.000673284588578,-0.000702550730867
1.5212,0.000136808463961,0.000864,-0.000673896213911,-0.000702126137172
1.52184,0.00013810599947,0.001063,-0.000674675284007,-0.000701554043615
1.52248,0.000139875882953,0.000895,-0.000675312618759,-0.000700526174085
1.52312,0.000141575700034,0.000838,-0.000675913463404,-0.000699170165139
1.52375,0.000142325469154,0.000981,-0.000675885063391,-0.000698590937427
1.52438,0.000141713410048,0.001121,-0.000675565321107,-0.000698221159975
1.52499,0.00014134360435,0.001044,-0.000675396262375,-0.000698017766739
1.52558,0.000141458870575,0.000991,-0.000675460942849,-0.000697909543051
1.52587,0.000141381736193,0.000609,-0.000675633381713,-0.00069759338751
1.52647,0.000141213306093,0.00063,-0.000675549528357,-0.000697365884164
1.52706,0.000139876909912,0.000632,-0.000675190939212,-0.000696668607019
1.52765,0.000137597032067,0.000735,-0.000674834355395,-0.000696042307723
1.52824,0.000135647277439,0.000833,-0.000674426345717,-0.000695997752814
1.52883,0.000135298753697,0.000699,-0.000674022542751,-0.000696057520631
1.52941,0.000136348732001,0.001066,-0.000673879139912,-0.000697985582584
1.52999,0.000136698380613,0.001024,-0.000674137805529,-0.000700189154124
1.53058,0.000136728746382,0.000945,-0.000674331171561,-0.000702002761372
1.53116,0.000137861164914,0.000823,-0.000674276581938,-0.000702578594782
1.53175,0.000139186348127,0.001036,-0.000674010369116,-0.00070298993057
1.53236,0.000139128040532,0.001102,-0.000673023995245,-0.000702766097278
1.53298,0.000137667590301,0.001056,-0.000670657564953,-0.000702117555558
1.53329,0.000136482563981,0.001283,-0.000669129476682,-0.000701462744649
1.53393,0.000133393567089,0.00119,-0.00066871083491,-0.000700950066592
1.53457,0.000130804616044,0.000949,-0.00066960977971,-0.000702291302637
1.53522,0.000129582577299,0.001035,-0.000671759558531,-0.000704078653917
1.53587,0.000129980732369,0.001116,-0.000672882011605,-0.000705155258331
1.53645,0.000130620390863,0.001103,-0.000672867183178,-0.000705541974259
1.53702,0.000131515642064,0.001031,-0.000672818132065,-0.000705580308814
1.53731,0.000131965170315,0.00088,-0.000672484561018,-0.000705502571577
1.53789,0.000132527638494,0.00053,-0.000671569297851,-0.000705049734793
1.53816,0.000132706140466,0.000439,-0.000670969611383,-0.000704206823986
1.53873,0.000133039195212,0.000513,-0.000671061214603,-0.000703658651052
1.53935,0.000133652688203,0.000755,-0.000672413778455,-0.000702453194119
1.54,0.000134046220152,0.001111,-0.000673315257115,-0.000701470264059
1.54031,0.000134022209455,0.001005,-0.000674601302111,-0.000700859452755
1.54091,0.000133085954051,0.00121,-0.000675333956903,-0.000701174495953
1.54152,0.000130880926488,0.001191,-0.000674373948887,-0.000701156222772
1.54212,0.000129059946871,0.000975,-0.000673184074146,-0.000700903550021
1.54272,0.000128372206364,0.00068,-0.000671903255629,-0.000700526976678
1.5433,0.000129094542735,0.000561,-0.000671428652433,-0.000700407760115
1.54388,0.000130707902619,0.000632,-0.000671745487397,-0.00070088123698
1.54445,0.000132761112213,0.00057,-0.000672399090359,-0.000700986628221
1.54502,0.000134348397111,0.000611,-0.000672811733692,-0.000700932860135
1.54561,0.000135338155904,0.00071,-0.0006735914126,-0.000701000606914
1.5462,0.000136113198737,0.000874,-0.000674574475224,-0.000702064989746
1.5468,0.00013716074267,0.000967,-0.000675318405022,-0.000703072368519
1.5474,0.000139136678285,0.000992,-0.00067594786103,-0.000703737764366
1.548,0.00014069905466,0.000882,-0.000675615201057,-0.000704025239358
1.5489,0.000140112518779,0.000646,-0.000675091713539,-0.000703944037552
1.54919,0.000140108948103,0.000755,-0.000675016769559,-0.000703632989808
1.54977,0.000139757178555,0.000931,-0.000674325839521,-0.000703945909664
1.55036,0.000140026938263,0.000811,-0.000673328491594,-0.000704471333975
1.55095,0.000141862901228,0.000858,-0.000672875818458,-0.00070415956796
1.55154,0.000143939921605,0.000938,-0.000672305097588,-0.000703142751053
1.55242,0.000144462636303,0.0011,-0.000672450918034,-0.000701753494689
1.55272,0.00014433002368,0.001383,-0.000672873189829,-0.000700417175608
1.55331,0.000143213677101,0.001299,-0.00067328141562,-0.000699335017356
1.55391,0.000141451954079,0.001191,-0.000673478563261,-0.000698959344667
1.55452,0.000140961381823,0.001084,-0.000672953519172,-0.000699172324062
1.55514,0.000141235402912,0.001082,-0.000672572453979,-0.000700315161127
1.55546,0.000141577100952,0.001195,-0.000672320146899,-0.000701484228357
1.5561,0.00014258673677,0.000908,-0.000672328140544,-0.000702048896992
1.55703,0.000146132903878,0.001133,-0.000672942114394,-0.000701803145705
1.55763,0.000148258848557,0.001134,-0.000674513435008,-0.000700998456373
1.55822,0.000149243882158,0.001152,-0.000676524667682,-0.000699082720398
1.55852,0.000149173377708,0.001075,-0.000676976195426,-0.000698359869594
1.55912,0.000147907946921,0.000859,-0.000677129236044,-0.000696610285709
1.55971,0.000145638466954,0.000952,-0.000676598676381,-0.000695575902904
1.56,0.000144511450613,0.001061,-0.000676331478467,-0.000694836469093
1.56089,0.000142459106803,0.000841,-0.000676299767184,-0.000695240476344
1.56145,0.000141398852841,0.000808,-0.000676846494474,-0.000696068101369
1.56173,0.000140438620692,0.000733,-0.000678020480779,-0.000696537277782
1.5623,0.000137927621882,0.000909,-0.000678014838035,-0.000697607748763
1.5629,0.000135213461683,0.000961,-0.000678309300839,-0.000698241990463
1.5635,0.000133347687521,0.001001,-0.000679032514751,-0.000699482026931
1.56409,0.000132559348582,0.001066,-0.000678243547716,-0.000700059881063
1.56467,0.000132619110203,0.001225,-0.000677944529178,-0.000699382771563
1.56525,0.000132963391709,0.001191,-0.000678224627266,-0.000699443190369
1.56583,0.000134120805109,0.001075,-0.000678478465891,-0.000700272085612
1.56641,0.000135475132735,0.00079,-0.000677776186104,-0.000700272085612
1.56702,0.000135733247805,0.00081,-0.0006775532236,-0.000700126676585
1.56763,0.000134344913632,0.000743,-0.000677587133068,-0.000699586653929
1.56823,0.000131554302123,0.000666,-0.000677850081483,-0.000699050329332
1.56852,0.000130203620555,0.0006,-0.000678328819208,-0.000698713329997
1.56909,0.000128757767517,0.00076,-0.00067865152256,-0.000699209024251
1.56968,0.000129392622573,0.001081,-0.000679229422559,-0.000699325582329
1.5703,0.000131701513805,0.000791,-0.000679065850372,-0.000699303999679
1.5709,0.000133519929304,0.001101,-0.000679116553828,-0.00069885809646
1.57149,0.000134004919342,0.001464,-0.00067719314319,-0.000698208459815
1.57207,0.000132654133273,0.001504,-0.000675949464751,-0.000698623360193
1.57264,0.000131649071262,0.001284,-0.000673637718339,-0.000699769964696
1.57322,0.0001322820171,0.000877,-0.00067188426406,-0.000701650693749
1.57381,0.000133628719158,0.000981,-0.000671904495324,-0.000703238271058
1.57439,0.000133112477562,0.000831,-0.000673502573983,-0.000704310402472
1.57469,0.000132176361008,0.001224,-0.000676078822438,-0.000704719153411
1.57528,0.000129905162126,0.001337,-0.000679026840208,-0.000704294386679
1.57588,0.00012889041399,0.001378,-0.000679040728266,-0.000703060592557
1.57648,0.000129429944006,0.001347,-0.00067882445887,-0.000702189421725
1.57709,0.000129949165361,0.001007,-0.000678288998847,-0.000701788920391
1.57769,0.000129520692723,0.00101,-0.000676799511031,-0.000701984250455
1.57828,0.000128936184757,0.00123,-0.000674391873182,-0.000702385387819
1.57886,0.000128748038104,0.001207,-0.000671982450773,-0.00070252688381
1.57945,0.000129203377832,0.001005,-0.000670088533283,-0.000702238486953
1.58004,0.000129889825423,0.001228,-0.000670154757283,-0.000701839370562
1.58033,0.000130047860844,0.001405,-0.000671703581157,-0.000701244357438
1.58091,0.000128290966288,0.00102,-0.000672434547679,-0.000701074522206
1.58148,0.000126555021953,0.000934,-0.000672905033471,-0.000701100323921
1.58205,0.000127504535381,0.000841,-0.000673975966396,-0.000701001409646
1.58233,0.000128809098694,0.000868,-0.000675060434488,-0.000700794912705
1.58317,0.000132054746401,0.000782,-0.000675799699921,-0.000700740046688
1.58374,0.000131918940166,0.000524,-0.000676017332913,-0.000701218563639
1.58429,0.000130689717591,0.000522,-0.00067614197422,-0.000702052918623
1.5848,0.000128624864697,0.000453,-0.000677177515467,-0.000703235863972
1.58527,0.000126278584606,0.000496,-0.000677223459138,-0.000703692598247
1.58574,0.000123938680177,0.000667,-0.000677029248287,-0.000704759425989
1.58623,0.000121458054294,0.00074,-0.000676414403249,-0.000705701420365
1.58675,0.000119331305035,0.000769,-0.000675574443846,-0.000706515077519
1.58732,0.000118299656937,0.000751,-0.000673842308368,-0.000706637269476
1.5879,0.000118153414795,0.000578,-0.000673406962054,-0.000706719067081
1.58847,0.000119241023507,0.000649,-0.000673100160708,-0.000706856072503
1.58904,0.000121292351236,0.000927,-0.000672527889775,-0.000706505513321
1.58933,0.000122260677441,0.00112,-0.000672629538511,-0.000705672677138
1.58992,0.000123841450624,0.00097,-0.000673221527582,-0.000704911936195
1.5905,0.000125010134706,0.000706,-0.000673348668875,-0.000705105164268
1.59136,0.000125918737091,0.000585,-0.000673148277937,-0.000705397126438
1.59164,0.000126073390164,0.000593,-0.000672945522178,-0.000705440798524
1.59223,0.000126961217249,0.000613,-0.000672876247352,-0.000705383278339
1.59282,0.000128061105671,0.000432,-0.00067286860461,-0.000705236250138
1.5934,0.000129283829009,0.000472,-0.000672898628378,-0.000704857812771
1.59397,0.00012955808252,0.000631,-0.000673359867127,-0.00070442543627
1.59425,0.000129478129019,0.000792,-0.000674508244043,-0.000705454383825
1.59504,0.000129060976291,0.000805,-0.00067523597992,-0.000706465128987
1.59554,0.000129492209527,0.00061,-0.000675637884378,-0.000707354899467
1.59604,0.000130599221158,0.000514,-0.000675601590552,-0.000708073545055
1.59629,0.000131160750088,0.000618,-0.000675364479297,-0.000708317081872
1.59679,0.000132109725576,0.000737,-0.000675121574682,-0.000707875445176
1.59732,0.000133423525179,0.000905,-0.000675019381989,-0.000706993037706
1.59789,0.000134709199997,0.000934,-0.000675181744697,-0.000706423678275
1.59818,0.000135181217241,0.000974,-0.000676135514645,-0.000706447319736
1.59879,0.000135472285368,0.00073,-0.000677524795474,-0.000706586529705
1.59939,0.000136383139923,0.000667,-0.000679011447483,-0.000706045397028
1.6,0.000138710248089,0.00067,-0.000679765421719,-0.000705678260612
1.60061,0.000141626894197,0.000831,-0.000680443714782,-0.000705001761674
1.60121,0.000143363113108,0.000976,-0.000679345956541,-0.000704198280407
1.60151,0.000143692444984,0.000972,-0.000678117200192,-0.000703120539825
1.60212,0.000143775879181,0.000978,-0.00067767587531,-0.000702486423203
1.60272,0.000143646488346,0.001159,-0.000677292165706,-0.000701823540449
1.60332,0.000143438426568,0.001178,-0.000679420332665,-0.000700533708509
1.60393,0.000143553475119,0.001443,-0.000679803651556,-0.000699313711994
1.60453,0.000143624934521,0.001426,-0.000679495477429,-0.000698642010741
1.60484,0.000143172717969,0.000794,-0.000678870649571,-0.000697582556508
1.6057,0.000142014314396,0.000491,-0.000678255160289,-0.000697883565665
1.60625,0.0001431140139,0.000478,-0.000677685186924,-0.000698141111419
1.60679,0.000144551083483,0.000521,-0.00067749316268,-0.000698274157613
1.60733,0.000144863732539,0.000784,-0.000676531216513,-0.000698125965566
1.60788,0.000144037213206,0.000889,-0.000674650624536,-0.000698238745666
1.60843,0.000142963579658,0.000762,-0.000673085860498,-0.000698889420655
1.60899,0.00014164782478,0.000707,-0.000672738979331,-0.000698439880812
1.60956,0.000140211707475,0.000717,-0.000673157715936,-0.000698931543008
1.61015,0.000138554637,0.000937,-0.000674575185955,-0.00069959420343
1.61075,0.000137623885652,0.00079,-0.000676382121993,-0.000700613350746
1.61135,0.00013827750595,0.00082,-0.000677670505422,-0.000701632439138
1.61194,0.000139468109874,0.000835,-0.000677351919485,-0.000701945890293
1.61252,0.000140133742449,0.000898,-0.000677020682917,-0.000701525044692
1.61281,0.00014019761056,0.000848,-0.00067683178737,-0.000701164019226
1.61336,0.000140085033439,0.000623,-0.000675327030019,-0.000700234391295
1.61389,0.000139635203705,0.000703,-0.000674622896626,-0.00069927486153
1.61443,0.000138891449148,0.000872,-0.000674166933645,-0.000698470151782
1.61496,0.000138393695525,0.000871,-0.000673818701971,-0.000697822144397
1.61549,0.000137348337288,0.000864,-0.000673660435348,-0.000697626160298
1.61576,0.000136380168068,0.001001,-0.000673374513151,-0.000697589336508
1.61657,0.000133130871326,0.001237,-0.000672791542111,-0.00069771604158
1.61711,0.000131507261628,0.001145,-0.000671905311806,-0.000699720370012
1.61766,0.00013063717139,0.001047,-0.000672029893213,-0.000701969497994
1.61822,0.000130034461651,0.000869,-0.000672480342832,-0.000703953654291
1.61878,0.000129217244092,0.000661,-0.000672176587643,-0.000705294853878
1.61961,0.000127968181394,0.000629,-0.000672077197745,-0.000705904961526
1.61988,0.000127746972543,0.000649,-0.000672094335391,-0.000705996462177
1.62044,0.000128270229808,0.000869,-0.000671988072204,-0.000706284419444
1.62101,0.000128958087543,0.000905,-0.000671751467133,-0.000706772174732
1.62158,0.000129220157853,0.00057,-0.000671575367057,-0.00070717241191
1.62214,0.00012892283462,0.000479,-0.000671451830084,-0.000707752517357
1.62299,0.000129316996775,0.000903,-0.00067130880812,-0.000708288499362
1.62353,0.000129987745409,0.001224,-0.000671107361575,-0.000708374241632
1.62406,0.000130405170192,0.001411,-0.000668172555379,-0.000708160385828
1.6246,0.000130504003606,0.001294,-0.000665054664368,-0.000707945372396
1.62487,0.000130564374134,0.000727,-0.000662986291184,-0.000707641218527
1.62541,0.000131574755007,0.000407,-0.000663312176573,-0.00070730397989
1.62625,0.000134543948105,0.000678,-0.000664706369372,-0.000706881557446
1.6268,0.00013540717696,0.001096,-0.000666999260647,-0.000706356711656
1.62708,0.000135312639593,0.001348,-0.00066964436466,-0.000706223812935
1.62794,0.00013423414379,0.001254,-0.000671533047754,-0.000706333324224
1.62823,0.00013415416877,0.001133,-0.00067222113511,-0.000706516140196
1.6288,0.000135259356812,0.000903,-0.000673021148535,-0.000706969682143
1.62936,0.000137264577746,0.00063,-0.000673074739785,-0.000707167105971
1.6299,0.000138892064777,0.000593,-0.000672813568918,-0.000707692356669
1.63043,0.000140135812321,0.000532,-0.000672714309812,-0.000708279225354
1.63096,0.000141483348812,0.000597,-0.000672908245401,-0.00070880508387
1.63149,0.000142755646636,0.00057,-0.000673181904467,-0.000708977419296
1.63202,0.000143989595555,0.000705,-0.000673732174126,-0.000708974248055
1.63228,0.000144460684012,0.000929,-0.00067385171509,-0.000708356501338
1.63282,0.000145229154441,0.001087,-0.000671930647359,-0.000707370006164
1.63364,0.000146805364354,0.000951,-0.000669602384227,-0.000706156013443
1.63422,0.000147482368235,0.001025,-0.00066884568824,-0.000704986835699
1.63476,0.000147629647839,0.001015,-0.000669089500946,-0.000704523893999
1.63504,0.000147823594255,0.000708,-0.000668057937345,-0.000704440643893
1.63563,0.000148176337756,0.000758,-0.000667693756121,-0.000704599660062
1.63622,0.000147826127813,0.000879,-0.000668089041445,-0.000704992166459
1.63679,0.00014728223378,0.000737,-0.000668859096648,-0.000705192558933
1.63762,0.000145306572785,0.000755,-0.000669803949408,-0.000705202150035
1.63816,0.00014355282655,0.000705,-0.000670739734706,-0.000705136074005
1.63871,0.000142577555889,0.000998,-0.000672806724116,-0.000704516423441
1.63898,0.000142311100508,0.001067,-0.000673435695055,-0.000704002803426
1.63952,0.000141988458813,0.000991,-0.000674507751034,-0.000703001708308
1.64008,0.000142429806054,0.001044,-0.000675001506577,-0.000702023147439
1.6407,0.000143660515316,0.000944,-0.000674792471133,-0.00070179455818
1.64101,0.00014444514197,0.000912,-0.000674584481908,-0.000701564783502
1.6416,0.000146242060311,0.000829,-0.000674226257648,-0.000701060818068
1.64218,0.000147774903117,0.000696,-0.000674154580892,-0.000700405606858
1.64248,0.000148274023753,0.000871,-0.000674248666579,-0.000700624914797
1.6434,0.000149594984924,0.000951,-0.000673991502478,-0.000700729287894
1.64401,0.00015136649459,0.000772,-0.00067324084763,-0.000700586172488
1.64462,0.000152940016565,0.000632,-0.000672507292758,-0.000700425788385
1.64524,0.000153832293333,0.000937,-0.000672703277308,-0.000700353651507
1.64587,0.000154244363035,0.001063,-0.000672823092377,-0.000700056373805
1.64647,0.00015358388151,0.000907,-0.000672821951421,-0.000699128866328
1.64707,0.000151310887227,0.001013,-0.000673193760495,-0.000698982300834
1.64794,0.00014868656775,0.00071,-0.000673497214816,-0.000699031973405
1.6485,0.000149161746349,0.000414,-0.000673833156792,-0.000698876459172
1.64905,0.000150841063762,0.000521,-0.000674615735089,-0.000699022255271
1.64933,0.000151645458775,0.000592,-0.000675239296429,-0.000699003898248
1.64988,0.00015241606084,0.000657,-0.000675796637752,-0.000698443124224
1.65043,0.000152559843912,0.000615,-0.00067578643375,-0.000698263621872
1.65099,0.000153361868874,0.000641,-0.000675818178825,-0.000697999650771
1.65127,0.00015400030554,0.000701,-0.000675966672662,-0.000698173845028
1.65183,0.000155225489347,0.000756,-0.000676698271578,-0.00069927486153
1.65239,0.000155975930366,0.000883,-0.000678665242638,-0.000699453978624
1.65297,0.000156207654725,0.000842,-0.000678724365561,-0.000698445286485
1.65357,0.000156091877254,0.000922,-0.000678338934365,-0.000697880599004
1.65415,0.000155535059955,0.00117,-0.000677892208539,-0.000698038326429
1.65477,0.000153786979687,0.001176,-0.000677202756759,-0.000698623360193
1.65537,0.00015277412751,0.001159,-0.000675629917184,-0.000698902103817
1.65597,0.000152886045299,0.000839,-0.000674511876707,-0.000698829732776
1.65657,0.000152942634054,0.00086,-0.000674497779976,-0.000698678752313
1.65749,0.000151711314651,0.000805,-0.000674235794068,-0.000698962862314
1.65808,0.00014901387641,0.00061,-0.000674252414645,-0.000699341768667
1.65868,0.000145376588049,0.000675,-0.000674364620573,-0.00069967184841
1.65925,0.000142937031578,0.000633,-0.000673990573162,-0.000699690179381
1.65981,0.000142012780555,0.000528,-0.000673227499254,-0.00070042686497
1.66039,0.00014164215755,0.000666,-0.000673466801353,-0.000701264776523
1.66098,0.000141457037305,0.000735,-0.000673965536131,-0.000702194514971
1.6616,0.000140638536785,0.000777,-0.000674497862355,-0.000703311838962
1.66192,0.00013950175604,0.00065,-0.000673825532456,-0.000704306935325
1.66282,0.000132944744644,0.000643,-0.000673202422653,-0.000704909803528
1.66311,0.000130852750892,0.00086,-0.000672765653272,-0.000705027085763
1.6637,0.00012845669086,0.000953,-0.000672454085817,-0.000704454256285
1.66458,0.000129128530733,0.001139,-0.000672152598847,-0.00070341374269
1.66517,0.00012996643605,0.000944,-0.000671889786555,-0.000704400080781
1.66576,0.000130858933837,0.000645,-0.000671390049777,-0.000705113691296
1.66635,0.000131915438632,0.000301,-0.000671012332141,-0.000704889805246
1.66695,0.000132847499294,0.000666,-0.000670683592665,-0.000704261285637
1.66784,0.00013212746114,0.000779,-0.00067068703012,-0.000703768764586
1.66813,0.000131376454933,0.000929,-0.000671119954439,-0.000703105553727
1.66873,0.000129080401007,0.000927,-0.000671140602362,-0.000704442515012
1.66961,0.000125686911691,0.001088,-0.000670936317635,-0.000706062157105
1.67018,0.000124241440242,0.000971,-0.000670730449525,-0.000707134207802
1.67073,0.000124238915381,0.000714,-0.000670402168488,-0.000708509703422
1.67127,0.000125772792934,0.000911,-0.000670082847209,-0.000709002536405
1.67181,0.00012707632404,0.001229,-0.000669536716236,-0.000709244531517
1.67236,0.000128132160425,0.00119,-0.00066882549159,-0.000709351223011
1.67291,0.000128445814436,0.00127,-0.000668121651225,-0.00070963631784
1.67347,0.000128057833555,0.001266,-0.000667460273778,-0.000710285048907
1.67437,0.000127172472393,0.000925,-0.000666926209322,-0.000711142304682
1.67497,0.000127430421815,0.000592,-0.000666408475792,-0.000712274109608
1.67556,0.000128269728905,0.00064,-0.000666338312015,-0.000712408439743
1.67614,0.000129991170943,0.000718,-0.000667074674616,-0.000711626050225
1.67671,0.000131473383448,0.000851,-0.000668232020035,-0.0007103103469
1.67728,0.000131820732043,0.00107,-0.000669204054052,-0.000708895764943
1.67784,0.000131351229838,0.000972,-0.000668439472372,-0.000707530953486
1.67841,0.000131409467258,0.000735,-0.000667334279112,-0.000707060170068
1.67896,0.000133173505354,0.00064,-0.000666736266893,-0.000706762873551
1.67951,0.000136112938168,0.000635,-0.000666398839277,-0.000706102835745
1.68005,0.000138414276929,0.000842,-0.000666246226704,-0.000705256495897
1.68086,0.000139208556201,0.000929,-0.000666586071159,-0.000704777822004
1.68113,0.000139508301214,0.000914,-0.000667013429588,-0.000704591123654
1.68169,0.000139998442042,0.000801,-0.000668308225371,-0.000704144615055
1.68225,0.000140023457808,0.000836,-0.000669857897844,-0.000703998264969
1.68284,0.000139713599666,0.000781,-0.000670628733842,-0.00070381553019
1.68343,0.000138850584509,0.000842,-0.000670175818769,-0.000703997196552
1.68402,0.000137569328452,0.000844,-0.000669776006986,-0.000704649545156
1.68431,0.000137064068822,0.000795,-0.000669825728066,-0.000704702888591
1.6849,0.000136340252693,0.000793,-0.000670338956792,-0.000704794625067
1.68546,0.000136277209189,0.000989,-0.000670193716317,-0.000704990838032
1.68603,0.000137093100222,0.001176,-0.000669624180492,-0.000704831954528
1.6866,0.000138999412844,0.001185,-0.000669320019752,-0.00070456098162
1.68717,0.000141138704542,0.000925,-0.000669090784183,-0.000703851869103
1.68774,0.000142486275575,0.000609,-0.000669468913282,-0.000702612618174
1.6883,0.000143336533583,0.000707,-0.000669873944458,-0.00070206901127
1.68885,0.000144292488221,0.000664,-0.000670355490153,-0.000701595656781
1.68966,0.000146641585354,0.000527,-0.000670574079724,-0.000700982054415
1.69021,0.000148767259487,0.000459,-0.000670630960898,-0.000700672262169
1.69077,0.000150828814469,0.000366,-0.000670672140918,-0.000700516213002
1.69134,0.000151436345848,0.000533,-0.000670350084851,-0.000700570302565
1.69191,0.000151145103623,0.000612,-0.000669712451822,-0.000700277470267
1.69277,0.000148929696772,0.000632,-0.000669116520075,-0.00069965567343
1.69334,0.000146214597566,0.001105,-0.000669956522099,-0.000699501444009
1.69392,0.000142708492544,0.000951,-0.000671702714863,-0.000699858359636
1.6945,0.000140057395249,0.0009,-0.000672729979568,-0.000699845424829
1.69507,0.000139004221419,0.001042,-0.000674253393559,-0.00069919607157
1.69536,0.000138894429689,0.001186,-0.000675566400344,-0.000698369601415
1.69593,0.000139337383215,0.001203,-0.000677022914214,-0.000698833251651
1.69681,0.000139239239379,0.000861,-0.000676706193039,-0.000699177721328
1.69738,0.000139022345167,0.000663,-0.00067673221978,-0.000700032944699
1.69794,0.000139090775264,0.000625,-0.000676963004112,-0.000701277944153
1.69851,0.000139897762385,0.00085,-0.000677379041394,-0.000702323470958
1.69908,0.000141557473038,0.001098,-0.0006771834401,-0.000702950312369
1.69966,0.000143561335932,0.001462,-0.000674743188256,-0.000703223288726
1.70023,0.000145545147345,0.001502,-0.000672472797038,-0.00070331531548
1.7008,0.00014627083242,0.001111,-0.000669641356377,-0.000703469366311
1.70165,0.000144634710071,0.000983,-0.000668124391094,-0.000703577385622
1.70221,0.000141966720363,0.00104,-0.000667807519346,-0.000703796556141
1.70277,0.00013865323782,0.000746,-0.0006686804334,-0.000704164104531
1.70332,0.00013660122093,0.001006,-0.00067050295816,-0.00070417585277
1.70387,0.000134967013459,0.000853,-0.000669693738211,-0.000704080790372
1.70443,0.000133897984091,0.00067,-0.000670135579949,-0.000704439576488
1.70498,0.000133777100454,0.000687,-0.000670586187981,-0.000704536700393
1.70579,0.000133932989187,0.000603,-0.000670776395386,-0.000704165172565
1.70633,0.000133023736106,0.000618,-0.000671528472472,-0.000704228182252
1.70686,0.000131435113433,0.000641,-0.000672241694096,-0.000704495078331
1.70738,0.000129715477108,0.000563,-0.000672840947155,-0.000704650875236
1.70817,0.000127686037625,0.000518,-0.000673290185066,-0.000704459856771
1.70869,0.000126938499519,0.000616,-0.00067359096384,-0.000704160900414
1.70917,0.000126593971352,0.000489,-0.000673043607462,-0.000703788005069
1.70965,0.000126523328732,0.000638,-0.000672280176692,-0.000703566691752
1.71014,0.00012710301219,0.000735,-0.000672033430327,-0.000703281075079
1.71062,0.000128710471606,0.000529,-0.000672038000848,-0.000702962091103
1.71111,0.000130998938446,0.00044,-0.000671985087789,-0.000702904265386
1.71159,0.000133217918066,0.000557,-0.000671178776587,-0.000703410533433
1.71207,0.000134290302735,0.000699,-0.000670879929088,-0.000704139539077
1.71255,0.000134447381223,0.000709,-0.000670249331072,-0.000705271413264
1.71336,0.000133940102542,0.000745,-0.000669052561764,-0.000706779867028
1.71395,0.000132642205089,0.000655,-0.000667419983605,-0.000708907646993
1.71452,0.000131712536251,0.00068,-0.000666650931131,-0.000710122936552
1.71507,0.000131518199248,0.00068,-0.000666183825879,-0.00071113202952
1.71586,0.000131669990179,0.000854,-0.000665809683836,-0.00071156007346
1.71637,0.000132074826188,0.000896,-0.00066521197132,-0.000711140446963
1.71688,0.00013213540063,0.00095,-0.00066498010252,-0.000710637236846
1.71741,0.00013124365914,0.00103,-0.000665050465649,-0.000710257890052
1.71826,0.000130170626792,0.000906,-0.000665386591596,-0.000710265269192
1.71885,0.000129496487735,0.000576,-0.000665550771776,-0.000711740848157
1.71943,0.000128272293875,0.00058,-0.000665584352311,-0.000712168331295
1.71998,0.000127723925052,0.000901,-0.000665979039544,-0.000711890039343
1.72049,0.00012732935697,0.000932,-0.000666543314667,-0.000710983647046
1.7212,0.000127575268448,0.00082,-0.000667187713967,-0.000709805430521
1.72168,0.000127386772174,0.001295,-0.000666880551536,-0.00070859460012
1.72219,0.000126507053098,0.00137,-0.000666667964757,-0.000709059863992
1.72274,0.000125748056193,0.001147,-0.000665810899774,-0.000710598262699
1.7233,0.000125985552973,0.000936,-0.000665488599,-0.000711157281391
1.72386,0.000127403581951,0.000564,-0.000665445735582,-0.000711190948416
1.72441,0.000129688585492,0.000567,-0.000666104488853,-0.000710996277188
1.72523,0.000132581354329,0.000649,-0.000667343168266,-0.00071042441927
1.72578,0.000133644680182,0.000702,-0.000669505233675,-0.000708899189034
1.72634,0.000134106260649,0.000738,-0.000670734139441,-0.000707740054094
1.72688,0.000134813022114,0.000944,-0.00067151325176,-0.000706752252314
1.7277,0.000136012489119,0.001097,-0.000671381689534,-0.000709005959497
1.72826,0.000136550529479,0.000917,-0.00067158759721,-0.000712162032191
1.72885,0.000137167789435,0.000739,-0.000671793417363,-0.000713647299117
1.72945,0.000137477157335,0.000726,-0.000672065423065,-0.000714170253316
1.73034,0.000136992931448,0.000714,-0.00067237838329,-0.000713827262007
1.73092,0.000136947629974,0.00072,-0.000672974047094,-0.00071235726463
1.73151,0.000137090793135,0.000819,-0.000673160245436,-0.000710737290633
1.73208,0.000137867528315,0.000983,-0.000672376448043,-0.000708733170475
1.73288,0.000140406639953,0.000904,-0.000671621113494,-0.000707794105276
1.73341,0.000143049684754,0.000713,-0.000670170070602,-0.000706630090708
1.73396,0.000146362116705,0.000865,-0.000669065878036,-0.000705936882393
1.73453,0.0001496318123,0.000906,-0.000669750760123,-0.000705772998789
1.7354,0.000154103144115,0.000972,-0.0006712180449,-0.000705419495577
1.73597,0.000156036378006,0.00095,-0.000671064649386,-0.000705494051642
1.73653,0.000156860928714,0.000864,-0.000672186519275,-0.000705519610983
1.73709,0.000156962988886,0.000983,-0.00067322066031,-0.000705350254293
1.73796,0.000156052873491,0.000976,-0.000672805583307,-0.000704993232603
1.73856,0.000155842119406,0.001163,-0.000673543125192,-0.000704058357103
1.73916,0.000155829679077,0.001025,-0.000674569476854,-0.000703085214685
1.73975,0.000155587383627,0.000877,-0.000675929270128,-0.000701880426364
1.74063,0.000156477589759,0.00092,-0.000677687445577,-0.000701103821307
1.74121,0.000158707633012,0.001025,-0.000678303085491,-0.000701368204649
1.7418,0.000161359424685,0.000975,-0.000677349762142,-0.000701421922895
1.74239,0.000162716868492,0.000777,-0.000677395991811,-0.000701058667803
1.74295,0.000163479697556,0.000799,-0.000676896685006,-0.000700548776995
1.74377,0.000164676196369,0.000985,-0.000676250179281,-0.000699850814376
1.74432,0.000164857453585,0.001241,-0.000676079066776,-0.000698111099242
1.74488,0.000163998966978,0.001382,-0.000675362663915,-0.000697051815003
1.74545,0.000162375383771,0.000853,-0.000674090020814,-0.000696260674612
1.74631,0.000161200586559,0.000807,-0.00067396712412,-0.000695202664789
1.74689,0.000160066395725,0.000753,-0.000675803895838,-0.000694398603278
1.74746,0.000156902321784,0.0007,-0.000677208833762,-0.000694168464131
1.74831,0.00015142989263,0.00061,-0.00067771116079,-0.0006947615809
1.74889,0.000149375267193,0.00056,-0.000677397121817,-0.000695483436981
1.74947,0.000147669105292,0.000745,-0.000676723157866,-0.000697025790345
1.75007,0.000144989548649,0.000667,-0.000677070318098,-0.000698042934863
1.75069,0.000142568834015,0.000783,-0.000676417953254,-0.000698729537411
1.75159,0.000141131733787,0.000658,-0.000676337531474,-0.00069882677018
1.75217,0.000140688211926,0.000519,-0.000676920568274,-0.000698977981232
1.75275,0.00014025808039,0.000633,-0.000676588947281,-0.000699009297447
1.75335,0.000139746390094,0.000691,-0.000676105379964,-0.000698835412121
1.75396,0.000138570449761,0.000831,-0.000676545932856,-0.00069851014972
1.75489,0.00013789097463,0.001057,-0.00067728795889,-0.000698133818509
1.75549,0.00013743505202,0.001113,-0.0006781163973,-0.000697616413104
1.7561,0.000135497529518,0.001027,-0.000674608121536,-0.000697520013333
1.75666,0.000133471004623,0.00083,-0.000672953866003,-0.000697934717174
1.75721,0.000131946381159,0.000715,-0.000672428969077,-0.00069833932398
1.75802,0.000129944867704,0.000769,-0.000672435819226,-0.000698666865648
1.75857,0.000129235053435,0.0009,-0.000672710886721,-0.00070054204541
1.75911,0.000128222155167,0.000854,-0.000673646769611,-0.000702425053882
1.75967,0.000126459010416,0.000768,-0.000674818431578,-0.000703917058319
1.76054,0.000123797728295,0.001058,-0.000676059748235,-0.000704580189594
1.76115,0.000123536007721,0.001223,-0.000675669639235,-0.0007054397334
1.76172,0.000123697636854,0.00117,-0.000675353131338,-0.000706571654285
1.76227,0.000123476591761,0.001074,-0.000675468867993,-0.000707789866194
1.76314,0.000122094089995,0.000854,-0.000676152508883,-0.000708984818776
1.76373,0.00012241608616,0.0006,-0.000675814777667,-0.000709878233449
1.7643,0.000123745857867,0.000591,-0.000674985312947,-0.00071034748597
1.76459,0.000124330594492,0.00087,-0.000673147705553,-0.000710339054149
1.76544,0.000125634653386,0.000964,-0.000670967673318,-0.000709846581403
1.76572,0.000126224949153,0.001056,-0.000669185984287,-0.000708734228106
1.76655,0.000127299158763,0.001152,-0.000668750179148,-0.000707067600054
1.76709,0.000127403101791,0.001014,-0.000668844502608,-0.000705327881839
1.76763,0.000128366514341,0.000889,-0.000669025943807,-0.000703743109378
1.7682,0.000130580003206,0.000785,-0.000669088028532,-0.000701492821565
1.7688,0.000133968270353,0.000782,-0.000669719921002,-0.000700728485241
1.7694,0.000137638343109,0.000872,-0.000671564923768,-0.000699767532791
1.76999,0.000139385560544,0.000878,-0.000673839193138,-0.000699850538867
1.77056,0.000137539779503,0.000741,-0.000673597797546,-0.000700775822079
1.77114,0.000133774132075,0.00076,-0.000673487307449,-0.000701871840253
1.77196,0.000129198869931,0.000767,-0.00067330044197,-0.000702798233032
1.77249,0.000127813981322,0.000781,-0.000672897980172,-0.000704464126192
1.77301,0.000127314701096,0.000878,-0.000672653831635,-0.000706283615213
1.77384,0.000127315799524,0.00088,-0.00067244152761,-0.000708171229219
1.77444,0.000128002617954,0.000658,-0.000672046348454,-0.000709721007061
1.77505,0.000128899581241,0.000667,-0.000671534191567,-0.000710145080047
1.77566,0.000130511377882,0.000816,-0.00067126303217,-0.00070914757757
1.77657,0.000132075960599,0.000798,-0.000671599586643,-0.000707623451772
1.77717,0.000132462775403,0.000835,-0.000670455679499,-0.000707457782478
1.77774,0.000132909317123,0.000883,-0.00067039720933,-0.000707390964138
1.7783,0.000133209836978,0.000971,-0.00067046485065,-0.000707112981945
1.77916,0.000134144991366,0.000807,-0.000670840544904,-0.000706728626905
1.77973,0.000134653583884,0.000828,-0.000670833672148,-0.000705623703123
1.78029,0.00013436275286,0.000755,-0.000671012332141,-0.000704541772857
1.78111,0.000132977844013,0.000757,-0.000671850923933,-0.000703797625014
1.78138,0.000132175620575,0.000747,-0.000672298797808,-0.000704028444404
1.78221,0.000130150769297,0.000703,-0.000673520343218,-0.00070403912773
1.78279,0.00013012605976,0.000971,-0.000676435657991,-0.000704311470172
1.78337,0.000130892340833,0.000937,-0.000678618236474,-0.000704434239425
1.78394,0.000131647886715,0.00091,-0.000680339672943,-0.000704276234785
1.7848,0.00013376492268,0.000846,-0.000681162762959,-0.000704218571153
1.7854,0.000135031853811,0.000725,-0.000680042473881,-0.000705409647727
1.78602,0.000135886792383,0.000799,-0.000678322160245,-0.000705613055919
1.7869,0.00013541820598,0.00075,-0.000675968171632,-0.000704424368827
1.78746,0.000134939707306,0.000705,-0.00067520137995,-0.000703227302638
1.78801,0.000135785213148,0.000777,-0.000674877736726,-0.000702250283613
1.78881,0.000138663440188,0.000799,-0.00067454478234,-0.000701534440038
1.78935,0.000140225382352,0.000819,-0.000674163819108,-0.000700486073397
1.7899,0.000140806720686,0.000813,-0.000674309416665,-0.000700062838364
1.79044,0.000140981258429,0.000819,-0.000673604631155,-0.000700244084408
1.79099,0.000141508697299,0.000777,-0.000673371094731,-0.000701158644725
1.79181,0.000141804924933,0.000523,-0.000673315257115,-0.000702108973787
1.79234,0.000141241153121,0.000461,-0.0006734371799,-0.000702536798289
1.7931,0.000140366759986,0.000635,-0.000674001953201,-0.000702872136903
1.79362,0.000139896163491,0.000867,-0.00067546546437,-0.000702684676838
1.79443,0.000138427999867,0.001167,-0.000675527414944,-0.000702002761372
1.79502,0.000138034955898,0.001229,-0.000675209667077,-0.000700390533778
1.79563,0.00013793845784,0.001116,-0.000675283448633,-0.000700477735614
1.79654,0.00013850622684,0.000996,-0.000675783730264,-0.000701245704054
1.79714,0.000139753513711,0.000681,-0.000676009311075,-0.000701256451
1.79773,0.000141579608243,0.000622,-0.000675765588528,-0.000701292988774
1.7986,0.000143698594016,0.000619,-0.000675822279187,-0.000700854347672
1.79916,0.000144899199878,0.000703,-0.000676112430953,-0.000701310182037
1.79972,0.000146466473531,0.000682,-0.00067587896318,-0.000701593779969
1.80056,0.000149477216286,0.000871,-0.000675495649576,-0.000702024220365
1.80113,0.00015061380686,0.000664,-0.000675445728341,-0.00070262145911
1.80173,0.000150451220827,0.000642,-0.000674260604861,-0.000702853929785
1.80264,0.00014735423387,0.000526,-0.00067384516748,-0.000703141947705
1.80325,0.000144646548868,0.000693,-0.000674639308799,-0.00070339020763
1.80417,0.000140976066623,0.00095,-0.000675589113918,-0.000703723867049
1.80478,0.00013892387068,0.00112,-0.000675295252594,-0.000703770902456
1.8054,0.000136436696578,0.001137,-0.000675039822259,-0.000703806175911
1.80632,0.000132339409692,0.000859,-0.000674945562691,-0.000703653305075
1.80693,0.000130348974461,0.000888,-0.000675743347805,-0.000704259150005
1.80753,0.000129773455152,0.001058,-0.000676795583355,-0.000704280505882
1.80812,0.000130504407342,0.001047,-0.000676544343047,-0.000704122449306
1.80868,0.00013164773135,0.000936,-0.000674626081589,-0.000703779453841
1.80951,0.000133785934415,0.000778,-0.000672774757275,-0.00070342123087
1.81006,0.000134341071481,0.000836,-0.000671867586937,-0.000703060592557
1.81063,0.000133446079951,0.000776,-0.000672564682774,-0.000702669676793
1.81118,0.000131954129777,0.000638,-0.000672288615751,-0.000702757527371
1.81202,0.000130526828851,0.000923,-0.000672143555218,-0.000703308895595
1.81259,0.000130770990895,0.000899,-0.000672437057883,-0.000703489688679
1.81317,0.000132054962597,0.000824,-0.000672844468663,-0.000703359182335
1.81377,0.00013357826731,0.000613,-0.00067222113511,-0.000704451317812
1.81438,0.000134158721151,0.000638,-0.000671076450431,-0.000705574984759
1.81502,0.000133768650191,0.000809,-0.000671137125998,-0.000706197487843
1.81597,0.000132885171466,0.000723,-0.000672476918085,-0.000706031568133
1.81656,0.000132976688833,0.000918,-0.000673218490437,-0.00070607837197
1.81715,0.0001328474901,0.00098,-0.000673171741951,-0.000706320825828
1.81775,0.000132405003512,0.000825,-0.000673381504662,-0.000706407993369
1.81835,0.000132194994286,0.000663,-0.000673800757144,-0.00070623257869
1.81894,0.000132396787439,0.000726,-0.000673002995669,-0.000705893256661
1.81954,0.000132320621572,0.00073,-0.000672114542283,-0.000705597345385
1.82013,0.000131176200212,0.000813,-0.000671276855648,-0.000705220266025
1.82073,0.000129677194179,0.000882,-0.00067067107517,-0.000704744755157
1.82132,0.000129222163719,0.000986,-0.000670666491713,-0.000704061561921
1.82188,0.000130346040202,0.000857,-0.000670942567639,-0.000703257533351
1.82243,0.000132059237074,0.000694,-0.000671291642646,-0.000702571093122
1.82326,0.000134643354282,0.000798,-0.000669436481352,-0.000701191965635
1.8238,0.000136618801865,0.000476,-0.000668607508864,-0.000700426062406
1.82431,0.000138660236293,0.000562,-0.000668212646035,-0.00070015037594
1.82518,0.00013929829855,0.00079,-0.000668740975878,-0.000699744089861
1.82576,0.000137163696131,0.000874,-0.000669709812237,-0.000701153270163
1.82634,0.000134069869882,0.001039,-0.000670779832183,-0.000702626816875
1.8272,0.000130993821976,0.001019,-0.000671855496168,-0.000703727074159
1.82748,0.000130722206212,0.001101,-0.000672895698981,-0.000704173716748
1.82805,0.000130607484775,0.001074,-0.000673261794277,-0.000704035922758
1.82892,0.000130891442182,0.000726,-0.000673037212961,-0.000704687149258
1.82949,0.000131687900827,0.001125,-0.000672551213153,-0.000705298050235
1.83006,0.00013204343146,0.001206,-0.000672116137318,-0.000705198953023
1.83094,0.000132755445653,0.001092,-0.000671915025241,-0.000704661544358
1.83152,0.000132504467672,0.000848,-0.000672431349412,-0.000704066903237
1.83236,0.00013223177351,0.000936,-0.000673183145687,-0.000704253810883
1.83292,0.00013254529855,0.000809,-0.000672690311725,-0.000704233521666
1.83348,0.000132870105334,0.000451,-0.000672127274981,-0.000703557067061
1.83435,0.000135782448797,0.000671,-0.000671561294286,-0.000701563709524
1.83496,0.000137400907873,0.000694,-0.000671477770413,-0.000702170115479
1.83589,0.000136472373919,0.000837,-0.000671634508844,-0.00070298993057
1.83652,0.000135503094668,0.000806,-0.000672142130206,-0.000703446903721
1.83716,0.000135829493699,0.000694,-0.000673373526225,-0.000703255393136
1.83806,0.000136263381841,0.000988,-0.000675416256311,-0.000702995284124
1.83866,0.000136209403721,0.001317,-0.000677226460774,-0.000702861426919
1.83928,0.000135313697318,0.001172,-0.000677004850207,-0.000702786450178
1.83988,0.000133427752207,0.001051,-0.000676844231872,-0.000702741458374
1.84044,0.000131953592368,0.000922,-0.00067663942236,-0.000702471416811
1.84099,0.000132020412529,0.000747,-0.00067671411437,-0.000701956621214
1.84155,0.000133922804096,0.000605,-0.000677235503937,-0.00070103823979
1.84213,0.00013703234429,0.000676,-0.000677714548583,-0.000700546350674
1.84303,0.000141350760334,0.000606,-0.000678941616875,-0.000699805264642
1.84362,0.000143075801353,0.000821,-0.000680309348089,-0.000698668748314
1.84422,0.000144463514148,0.001206,-0.000681955345772,-0.000698481764363
1.84513,0.000145430302808,0.001475,-0.000679183067994,-0.000699218461383
1.84572,0.000146802782868,0.001107,-0.000676500650365,-0.000700137449167
1.84659,0.000150204271914,0.000921,-0.000675042546556,-0.000700514334031
1.84717,0.000151580606914,0.000586,-0.000674926707098,-0.000700883388058
1.84776,0.000151645830653,0.00072,-0.000675579360375,-0.000701143595797
1.84866,0.000150315160317,0.000835,-0.000676904514631,-0.000701073719453
1.84926,0.000149006571578,0.000961,-0.000676648734021,-0.000700667155425
1.85012,0.000145627123551,0.001014,-0.000677085516146,-0.00070164639861
1.85071,0.000143531678004,0.000589,-0.000677988375245,-0.000702860355907
1.85127,0.000142570219134,0.000427,-0.00067840210151,-0.000703069156922
1.85211,0.000142238528858,0.00052,-0.000677744212492,-0.000703143018073
1.85269,0.000141992253395,0.000796,-0.000677319435851,-0.000702706104641
1.85358,0.0001401055776,0.00141,-0.000675968262067,-0.000703087355678
1.85418,0.000138510005575,0.001446,-0.000673374961246,-0.000704092540703
1.85507,0.000136654464196,0.001159,-0.000672441972835,-0.000704679681307
1.85564,0.000136953775403,0.00131,-0.000672779343941,-0.000705092373434
1.85621,0.000138564589129,0.001446,-0.000671970930795,-0.000704714886317
1.85678,0.000139619320985,0.001464,-0.00067116812961,-0.000703916254752
1.85763,0.000137073955938,0.001301,-0.00067038795183,-0.000703345273777
1.85821,0.000133661076968,0.000972,-0.000669826960552,-0.000703714245588
1.85907,0.000129688921013,0.000876,-0.000669414694658,-0.000703896754455
1.85936,0.000128635478405,0.000889,-0.00066893653305,-0.000704525764951
1.86026,0.000125696560013,0.000809,-0.000668311684926,-0.000705109165825
1.86086,0.000122746959006,0.000798,-0.000668463655677,-0.000704927930887
1.86172,0.000117869288665,0.000907,-0.000669281408487,-0.000704477737948
1.86228,0.000115783550639,0.001033,-0.000671091427721,-0.000704564446376
1.86283,0.000114297466732,0.000941,-0.00067076035668,-0.000706001781431
1.86359,0.000112945714528,0.000894,-0.000670444056622,-0.000708407305959
1.86412,0.000112884828078,0.000726,-0.000671028362509,-0.0007098508018
1.86493,0.000112639055328,0.000666,-0.00067216859151,-0.000710659355854
1.86547,0.000112380998339,0.00068,-0.000672646636907,-0.000711124664132
1.86602,0.000113732840241,0.000707,-0.000672377241467,-0.00071129193485
1.86685,0.000117647612119,0.000776,-0.00067219943301,-0.000710985752094
1.8674,0.000119316731551,0.000884,-0.000670808471207,-0.000710523465315
1.86824,0.000120863859096,0.001001,-0.0006698762619,-0.000710003765351
1.86879,0.000121492205596,0.000634,-0.000669086771399,-0.000709773523433
1.86935,0.000122491468012,0.00073,-0.00066876017435,-0.000711014974815
1.87019,0.000124268685498,0.000743,-0.000668895899801,-0.000711924459027
1.87075,0.000125303001473,0.000978,-0.000670048036376,-0.000712685372826
1.8713,0.000127247484367,0.00124,-0.000672195657382,-0.000713036546172
1.87217,0.000129668093003,0.001348,-0.000672148029418,-0.00071232133948
1.87274,0.000129632491221,0.001321,-0.000671340848711,-0.000709505407092
1.87362,0.00012763129196,0.001192,-0.000670881779396,-0.000707526712002
1.8742,0.000127756624578,0.001113,-0.000670135225441,-0.000705860268645
1.87477,0.000130012696934,0.000917,-0.000667834390072,-0.000705482336477
1.87561,0.000132468019247,0.001406,-0.000666167224048,-0.000705048668778
1.87616,0.000132333891684,0.001553,-0.000666288644247,-0.000704787158818
1.87699,0.00013270032778,0.001394,-0.000666970347455,-0.000704417964124
1.87754,0.000135067066248,0.000865,-0.000664834871048,-0.000703626308499
1.87781,0.000136323755316,0.000848,-0.000664767602284,-0.000703389941245
1.8786,0.000137595033314,0.000826,-0.000664964743094,-0.000703072101316
1.87912,0.000136758874023,0.000728,-0.000665431764509,-0.000702807605446
1.87994,0.000136450000686,0.00069,-0.000665595931269,-0.000702826885493
1.88049,0.000137556871513,0.000696,-0.000665998707667,-0.000703693667359
1.88102,0.00013863483596,0.000741,-0.000666557182049,-0.000704127525434
1.88187,0.000136902487914,0.000798,-0.000667000366655,-0.000704098685284
1.88245,0.000135007006208,0.000883,-0.000667367374753,-0.000703866831366
1.88302,0.000133913190773,0.001305,-0.00066798535337,-0.000703615615725
1.88383,0.000133174573307,0.001181,-0.000668937300014,-0.000703087088514
1.8844,0.000132511959596,0.000993,-0.000669098267292,-0.000704828754977
1.88525,0.000132209087025,0.000619,-0.000669793262729,-0.000706136610821
1.88581,0.000133146682792,0.000723,-0.000670581250458,-0.000706296114532
1.88663,0.000135470172972,0.00072,-0.000670501019158,-0.000705635414768
1.88717,0.000136218902916,0.000897,-0.000669930994831,-0.000703844653012
1.8877,0.000135556359933,0.000938,-0.000669658936267,-0.000702937462503
1.88853,0.000133243018444,0.000828,-0.000670105378453,-0.000702762883581
1.8891,0.000131882673588,0.000593,-0.000669787493847,-0.000702787521359
1.88969,0.000131774923385,0.000777,-0.000669645124185,-0.000702796090717
1.89055,0.000130755223251,0.000993,-0.00066988850504,-0.000702648247324
1.89114,0.00013124125614,0.000869,-0.000670480374954,-0.000702289158004
1.89198,0.00013414854014,0.000812,-0.000671237510589,-0.00070204675125
1.89257,0.000136340500593,0.000762,-0.000672721996518,-0.000702514290941
1.89344,0.000138131472156,0.000668,-0.000671447702424,-0.000703246832175
1.894,0.000138737948869,0.000592,-0.000672085965936,-0.000703745247365
1.89456,0.000138853955359,0.000742,-0.000673246875737,-0.000705108361922
1.89511,0.000139082530054,0.00068,-0.000672787329986,-0.000705830471015
1.89565,0.000139364580495,0.000634,-0.000672567095011,-0.000706687457531
1.89643,0.000140521686568,0.000597,-0.000673798209934,-0.000708145814725
1.89694,0.000141858605969,0.000762,-0.000675134063415,-0.000708109808485
1.8977,0.000144018402939,0.000791,-0.000674634015976,-0.000707321210026
1.89795,0.000144640466318,0.000753,-0.000674342975649,-0.000706965692784
1.89845,0.000145881647569,0.000713,-0.000673427785014,-0.000706872258226
1.89897,0.000147208310752,0.000788,-0.000672834102741,-0.000706748003751
1.89974,0.000149437697321,0.00088,-0.000672653831635,-0.000706629028293
1.90027,0.00015090552202,0.001097,-0.000673308419412,-0.000706379293659
1.90116,0.000153001030012,0.001042,-0.000674115738848,-0.000705768741306
1.90175,0.000153676454008,0.000726,-0.000675278228112,-0.000703984640216
1.90261,0.000154905838165,0.000739,-0.000675981406197,-0.000701971644089
1.9032,0.000155634542094,0.000835,-0.000674641080731,-0.000701065118569
1.90408,0.000155078046885,0.000702,-0.000673818701971,-0.000700807018749
1.90464,0.00015506800045,0.000633,-0.000673943912197,-0.000701110271454
1.90542,0.000155372088376,0.00097,-0.000674569476854,-0.000701305883781
1.90595,0.000154504124325,0.001091,-0.000675885063391,-0.000701952328875
1.90651,0.000152782801316,0.000719,-0.00067486240519,-0.000702523937079
1.9071,0.000151508689835,0.000683,-0.000674085895728,-0.00070272217485
1.90772,0.00015040151167,0.000702,-0.000673096112938,-0.000702908549017
1.90835,0.000150239861574,0.000536,-0.00067264097588,-0.000702837864093
1.90899,0.000149958390525,0.00101,-0.000673286481783,-0.000701779529631
1.90964,0.000149180298276,0.001002,-0.000674175775508,-0.000701375725574
1.9103,0.000148362416711,0.000935,-0.000676579064609,-0.000699833567611
1.91095,0.00014785725025,0.000744,-0.000675633347799,-0.000699636262719
1.91187,0.000149119341886,0.000731,-0.000673451990853,-0.000701196264935
1.91247,0.000150797006152,0.000654,-0.000672280525354,-0.000701688274536
1.91333,0.00015246785744,0.000576,-0.000671224119211,-0.000701508933405
1.91387,0.000151518208233,0.000647,-0.000670440617444,-0.000700809170168
1.91442,0.000149717138162,0.000733,-0.000669470943307,-0.000700183768457
1.91498,0.000147751969177,0.000513,-0.000668949157199,-0.000701096296025
1.91557,0.000145694189514,0.000869,-0.000668459041255,-0.000702446762411
1.91645,0.000142564834925,0.001119,-0.000667989170377,-0.000704161968455
1.91704,0.000139727599719,0.00114,-0.000668128566739,-0.000705853883599
1.91764,0.000137276601129,0.000836,-0.000669387081616,-0.000707693416665
1.91825,0.000135507826345,0.000671,-0.000670374121868,-0.000708252758029
1.91888,0.000134942425561,0.000529,-0.000671518177931,-0.000708525828529
1.91983,0.000135348751893,0.001177,-0.000673899523194,-0.000708394605323
1.92047,0.000135348873786,0.0015,-0.000673356729338,-0.000708289811863
1.92138,0.000134112417851,0.001237,-0.000670110614496,-0.000708178641518
1.92194,0.00013255072471,0.000885,-0.000667857956816,-0.000708070622063
1.92281,0.000132255915431,0.000834,-0.000667337786373,-0.000707737934312
1.92341,0.000133588293905,0.000955,-0.000669354587787,-0.000707199197336
1.92431,0.000136888670882,0.001108,-0.000671486269052,-0.000706590779738
1.92491,0.000138216238798,0.000954,-0.000673414118834,-0.000706174092481
1.92552,0.000139589259352,0.000869,-0.000672280525354,-0.000705328947218
1.92615,0.000140991119438,0.000668,-0.000671598240816,-0.000704672213236
1.92678,0.000142717423903,0.000569,-0.000672263394301,-0.000704308267065
1.92743,0.000143481867492,0.000648,-0.000673582991061,-0.000704057288825
1.92842,0.000142485387244,0.000575,-0.00067412449689,-0.000703669342821
1.92902,0.00014062196488,0.000649,-0.000673974296596,-0.000703333504675
1.92989,0.000138371233296,0.000719,-0.000674249311473,-0.000703071297989
1.93046,0.000138119059577,0.000644,-0.000674436189758,-0.00070422925014
1.9313,0.000140386398389,0.000533,-0.000675010469793,-0.000705815571487
1.93186,0.000142951152085,0.000475,-0.000675198981351,-0.000706096454014
1.93243,0.000145286388998,0.000388,-0.000675157904645,-0.000706124107551
1.93327,0.000146287797622,0.000564,-0.000674328446093,-0.000705700616296
1.93383,0.000145784438842,0.000847,-0.000673302721253,-0.000705316162507
1.93441,0.000146072446627,0.001204,-0.00067266524319,-0.000704852480479
1.9353,0.000146618354173,0.001106,-0.00067231364367,-0.000704473732248
1.93589,0.000145287242518,0.000877,-0.00067201981306,-0.000704404350748
1.93673,0.000142703863417,0.000735,-0.000671593407697,-0.0007048428822
1.93726,0.000142305655281,0.00043,-0.00067236249407,-0.000705228790953
1.93805,0.000142989023129,0.000798,-0.000674061125083,-0.000705386474091
1.9386,0.0001429793552,0.000821,-0.000674602438688,-0.000705320424117
1.93945,0.00014233607875,0.000934,-0.0006756673711,-0.000704835416736
1.94003,0.000142470645485,0.000987,-0.000676731088212,-0.000703674688615
1.94086,0.000141831567972,0.000875,-0.000678565257969,-0.000701739809007
1.94141,0.000140077410182,0.000717,-0.000678551730607,-0.000702337409879
1.94225,0.000136847241787,0.000672,-0.000677519942157,-0.000703972887176
1.94282,0.000134500168349,0.000775,-0.000676081585441,-0.000704741555015
1.94369,0.000130893850433,0.000725,-0.000673786135954,-0.000705494051642
1.94428,0.000128581059041,0.000724,-0.000672399729071,-0.000705821957057
1.94512,0.000126803140085,0.000715,-0.000670963533357,-0.000705742131156
1.94593,0.000126621177877,0.000698,-0.00067093032243,-0.000705613316606
1.94646,0.000126177407387,0.000648,-0.00067133099198,-0.000705196821669
1.94697,0.000125441612588,0.000623,-0.000671689024505,-0.000704862078561
1.94773,0.00012469853999,0.000631,-0.000670806973003,-0.000704902601623
1.94824,0.000124327128893,0.000626,-0.000670808118535,-0.000705116888891
1.94903,0.000122918408044,0.000423,-0.000670832966939,-0.000705551558193
1.94988,0.000121725849139,0.000701,-0.000669550632807,-0.000705830471015
1.95045,0.000120432916981,0.000909,-0.000667714146816,-0.00070579109266
1.95131,0.000117583362869,0.00081,-0.000668271810052,-0.000705292722962
1.95182,0.000116488544655,0.000561,-0.000669161132666,-0.0007043296207
1.95248,0.000116524253371,0.000633,-0.000670431885203,-0.000703549581053
1.95292,0.000117321172134,0.00082,-0.00067183650723,-0.000703130173492
1.95359,0.000119414039091,0.000773,-0.000674305357967,-0.000702697533637
1.95405,0.000121087836489,0.00063,-0.000674123359184,-0.000702620387549
1.95455,0.000122760338627,0.00077,-0.000674102880028,-0.000703074509571
1.95531,0.000124640771369,0.000729,-0.000674078986582,-0.000703872440062
1.95585,0.000124871014429,0.000621,-0.000673907146509,-0.000705675066856
1.95672,0.00012438820402,0.000739,-0.000673851370697,-0.000706804294066
1.95724,0.000125366900206,0.000729,-0.000673833156792,-0.000707537571413
1.95803,0.000128027140062,0.00074,-0.000672330075892,-0.000706769246177
1.95863,0.000128763253366,0.00098,-0.000671240584093,-0.000705896448926
1.95948,0.000129914533793,0.001079,-0.000670164695252,-0.0007053758215
1.96004,0.000131853988276,0.000757,-0.00066937143263,-0.000705380082566
1.96085,0.000133678203957,0.001037,-0.000669559820776,-0.000706213438555
1.9617,0.000130433840728,0.001086,-0.000670820366564,-0.000707211930587
1.96228,0.000127803649383,0.000981,-0.000671796496978,-0.000707751712722
1.96285,0.00012519291898,0.000855,-0.000672519600405,-0.000708441172628
1.96368,0.000124578750103,0.000696,-0.000672596769817,-0.000709191956456
1.96452,0.000127581728306,0.001248,-0.00067264241981,-0.000709752667654
1.96517,0.000130018668828,0.001227,-0.000673012026028,-0.00071065514279
1.96582,0.000130385121142,0.001309,-0.000673074739785,-0.000711646265527
1.96677,0.000131053920668,0.000862,-0.00067074017468,-0.000711854321876
1.96736,0.00013309398525,0.000811,-0.000669734359137,-0.000711156229257
1.96823,0.000137288975608,0.000845,-0.000670583189299,-0.000709617567436
1.96882,0.000138479150682,0.000901,-0.000670940629513,-0.000709123273053
1.96938,0.000138564497302,0.000821,-0.000670510189122,-0.000708248523117
1.96995,0.00013870251053,0.000622,-0.000669606113967,-0.000706862701364
1.97052,0.000139342911985,0.000565,-0.000668888999422,-0.000705849626852
1.97136,0.000139680167297,0.000752,-0.000667679921076,-0.000704863145002
1.97192,0.000138291020601,0.001096,-0.000665498292242,-0.000705172310404
1.97279,0.000134691996165,0.001074,-0.000664087984595,-0.000705801735786
1.97338,0.000132236256767,0.000645,-0.00066329754466,-0.000706065607752
1.97397,0.000129861137942,0.000482,-0.000663542950502,-0.000706097517642
1.97456,0.000129381392223,0.000734,-0.000664872507771,-0.000706081562969
1.97514,0.000131121098269,0.001342,-0.000669091369789,-0.000705069988633
1.97572,0.000132504772139,0.001185,-0.000671563579159,-0.000705768741306
1.97658,0.00013281056377,0.001309,-0.000670245336594,-0.00070643562846
1.97715,0.000132510196656,0.001136,-0.000669595778497,-0.000706637527546
1.97801,0.000133403171099,0.000734,-0.000669037335957,-0.000706717200516
1.97858,0.000134900194791,0.000634,-0.000669068377404,-0.000706846772826
1.97938,0.000137866728703,0.000624,-0.000669836882126,-0.000706818100087
1.9799,0.000139637512802,0.000682,-0.000671409148949,-0.000706168775189
1.98063,0.00014127747912,0.000829,-0.000670521297877,-0.000704529230039
1.98113,0.000141499687663,0.000883,-0.000669997196444,-0.000703168706179
1.98193,0.00014129620997,0.000749,-0.000669292506715,-0.000702282724046
1.98246,0.00014190401221,0.001076,-0.000669741603107,-0.000702399593859
1.98298,0.000143579003655,0.001092,-0.000670298089329,-0.000702732888017
1.98376,0.000147203114203,0.000975,-0.000671493805682,-0.000702998496227
1.98433,0.000149028242571,0.000928,-0.000671224912219,-0.000702546443964
1.98523,0.000149748430154,0.000927,-0.00067179799015,-0.00070211219197
1.98583,0.00014960097498,0.000903,-0.000673423162292,-0.000702102537356
1.98642,0.000150141247039,0.001217,-0.000677222734269,-0.000701743029723
1.9873,0.000151783373555,0.001799,-0.000678783566448,-0.000701447705469
1.9879,0.000152041543889,0.001924,-0.00067734337964,-0.000701240330489
1.98851,0.000152742037638,0.00172,-0.000673247282416,-0.000701368204649
1.98911,0.000154344524135,0.001361,-0.000670596847473,-0.000701013509954
1.98972,0.00015679631878,0.001091,-0.000669904135665,-0.000700742471622
1.99031,0.000158534626156,0.000864,-0.000669636649373,-0.00069994781564
1.99119,0.000158309965401,0.000964,-0.000671404143327,-0.000699435638442
1.99179,0.000158488116782,0.001019,-0.000675028578624,-0.00069885809646
1.99267,0.000161729510587,0.001019,-0.000675829176808,-0.000697700882084
1.99355,0.000164079366058,0.000932,-0.000674674831921,-0.000697972596193
1.99412,0.00016386357036,0.000819,-0.000673633897362,-0.0006989013017
1.9949,0.000161768545479,0.000802,-0.000673301235726,-0.000700261316115
1.99545,0.000158754093677,0.000653,-0.000673638452781,-0.000700582141208
1.99631,0.000153932680667,0.000763,-0.000674237116462,-0.000700297931395
1.99687,0.000152073570501,0.000599,-0.000674398605763,-0.000699906861992
1.99773,0.000151790480655,0.000737,-0.000674261002086,-0.000699409745203
1.99858,0.000154493818525,0.00102,-0.000673935601076,-0.000697958527199
1.99917,0.000157453575965,0.001003,-0.000673880966828,-0.000697884928686
1.99976,0.000159458328741,0.000917,-0.000674082400004,-0.000697761517142
2.00038,0.000159767163473,0.001315,-0.000676018466161,-0.000697140721747
2.00127,0.000156431979223,0.001614,-0.000675873727677,-0.000697412758953
2.00188,0.000153238329935,0.001407,-0.000670979124691,-0.000700677368878
2.00266,0.000151069476673,0.001125,-0.000668923858157,-0.000702428001043
2.00316,0.000150536894598,0.00093,-0.000667676823491,-0.000703885802744
2.00341,0.000150247838851,0.000631,-0.000666849911404,-0.000705225070764
2.00417,0.000148293083414,0.000764,-0.000667182786616,-0.000706881299999
2.0047,0.000147427901009,0.001164,-0.000668676281577,-0.000707275078742
2.00553,0.000147774175293,0.001498,-0.000671372626844,-0.000706237377073
2.00612,0.00014608460698,0.001649,-0.000671408095839,-0.000704661018109
2.00701,0.000138926054298,0.001336,-0.000671519062692,-0.000704473732248
2.00786,0.000131629581876,0.001062,-0.000671604844376,-0.000706108153787
2.00845,0.000128064139267,0.000608,-0.000671702045251,-0.000707610729754
2.00935,0.00012653444038,0.00059,-0.000672285983022,-0.000706975247536
2.00993,0.000127706818561,0.000882,-0.000673201377261,-0.000705932626404
2.01078,0.00012889839495,0.001398,-0.000673704895776,-0.00070545092743
2.01165,0.00012874343373,0.001125,-0.000675550348533,-0.000705684127049
2.01224,0.000129386426021,0.000766,-0.000674548083399,-0.0007060076451
2.01309,0.0001305233277,0.00066,-0.000673605770081,-0.000706868557669
2.01388,0.000131301533829,0.000618,-0.000672273673005,-0.000707489341474
2.01413,0.000131464229462,0.000625,-0.000671350002776,-0.000708228703501
2.01463,0.000130786596024,0.00066,-0.000670737443322,-0.000709125688085
2.01549,0.000128622127272,0.001007,-0.000669956596473,-0.000710978695828
2.01609,0.000126728959466,0.001125,-0.000670281242091,-0.000711633967985
2.01667,0.000126437978184,0.0014,-0.000672911372101,-0.000713854786336
2.01725,0.000126744570627,0.001434,-0.000670218687873,-0.000715307541025
2.01815,0.000126763234502,0.001529,-0.000667439757,-0.00071601607291
2.01873,0.000128271916752,0.001262,-0.00066700122338,-0.000715595252589
2.01933,0.000131268115051,0.000818,-0.000665184996725,-0.000715332232001
2.02021,0.000137750542559,0.000727,-0.000663925498874,-0.000715266537505
2.02108,0.000143977188799,0.00103,-0.000664485971301,-0.000714499411404
2.02169,0.000147605157161,0.000856,-0.000665332840421,-0.000713711131168
2.02258,0.000151410931083,0.000707,-0.00066648232006,-0.000712854742603
2.02315,0.00015255142946,0.000692,-0.000666992145457,-0.000712875708067
2.02373,0.000153093168132,0.000675,-0.000667707854323,-0.000712651328378
2.02431,0.000153740680018,0.000711,-0.000667935290059,-0.000712044750345
2.02487,0.000153281902917,0.000686,-0.000668225966256,-0.000711070011295
2.02542,0.000151028472782,0.000769,-0.0006689496683,-0.000710398133526
2.02598,0.000148634145173,0.000685,-0.000669287632054,-0.000709770662601
2.02681,0.000148085024689,0.000686,-0.000669285055574,-0.000708798786249
2.02735,0.000148522785446,0.00074,-0.000670373230251,-0.000708187154971
2.02816,0.000149375542232,0.000959,-0.000670058716933,-0.000707797323875
2.02898,0.000148116782717,0.00088,-0.000670119520027,-0.000706832999325
2.02953,0.000147183910787,0.000508,-0.000670246837659,-0.000706124107551
2.03013,0.00014681401055,0.000728,-0.000670175727427,-0.000707206625108
2.03094,0.00014580795918,0.000891,-0.000669997906215,-0.00070789477214
2.03148,0.000143192045961,0.00114,-0.000669675367244,-0.000708550164253
2.03205,0.000140260241228,0.001417,-0.000669350315757,-0.00070851947987
2.03299,0.000136637962681,0.001494,-0.000666409366529,-0.000707805762552
2.0339,0.000136719910276,0.000915,-0.000663994362905,-0.000707454856854
2.03449,0.0001396575925,0.000803,-0.00066363526386,-0.000706529150473
2.03507,0.000144438752222,0.000801,-0.000663715473938,-0.000705991142862
2.03564,0.000148718213846,0.000967,-0.000663610059298,-0.000705682280943
2.03651,0.000152211082324,0.000738,-0.000663849499896,-0.000705951542904
2.03712,0.000152874789276,0.000725,-0.000665238492053,-0.000706215332898
2.03803,0.000152252261736,0.000851,-0.000666394703534,-0.000706319531424
2.03863,0.00015155448307,0.001128,-0.000666903439568,-0.000706477078028
2.0395,0.000151616817159,0.001112,-0.00066734898286,-0.000706462199119
2.0401,0.00015281974813,0.001158,-0.000668569248758,-0.000706302521008
2.04072,0.00015391707417,0.001034,-0.000671649444847,-0.000705921750799
2.04163,0.000154161939429,0.000923,-0.000673536290712,-0.00070560160443
2.04222,0.00015396674606,0.001094,-0.000674813795571,-0.000705457840182
2.04282,0.000153972593635,0.001018,-0.00067492057514,-0.000705289526569
2.04371,0.000154838047296,0.000981,-0.000674526282078,-0.000705003893917
2.04429,0.000156441411708,0.000791,-0.000674039505428,-0.000704733021197
2.04488,0.000159354473819,0.000753,-0.000673232058497,-0.0007043360266
2.04575,0.000165514059006,0.001011,-0.000672691488747,-0.00070328214513
2.04664,0.000171238860349,0.000985,-0.00067309298226,-0.00070230845935
2.04693,0.000171954889206,0.001055,-0.000673502116866,-0.000701784897025
2.04752,0.000170935613904,0.001447,-0.000674941472497,-0.000700491729463
2.04837,0.000167333939916,0.001237,-0.000672716591859,-0.000700311930601
2.04891,0.000165532450258,0.000462,-0.00067146555797,-0.000700589674735
2.04969,0.000165825241192,0.000517,-0.00067205663177,-0.000701326300149
2.05025,0.000166502983591,0.000895,-0.000674062262933,-0.000703139806961
2.05113,0.000165021862097,0.001101,-0.000676189894098,-0.000704156628225
2.05173,0.000163659328515,0.000914,-0.000678146860898,-0.000704865277878
2.05264,0.000161651808344,0.000584,-0.000678104910748,-0.000704559110738
2.05358,0.000164095525827,0.00052,-0.000677358490566,-0.000704210027788
2.05423,0.000166798941418,0.000791,-0.000676592800941,-0.000703558136481
2.05487,0.000168140460654,0.001028,-0.000674927159956,-0.000702024220365
2.05548,0.000167569194261,0.000932,-0.000673374269868,-0.000700761836692
2.05638,0.000165625009934,0.000997,-0.00067340161659,-0.0006989013017
2.05724,0.000167453645706,0.000945,-0.000674252246247,-0.000697302228905
2.05774,0.000169410404414,0.000883,-0.000673838054763,-0.000697197092948
2.05821,0.0001703490493,0.000968,-0.00067309298226,-0.000696914084873
2.05899,0.000167849319295,0.001078,-0.000673142005499,-0.000697369416926
2.05953,0.000164184593576,0.001126,-0.00067190350203,-0.000699771042783
2.06037,0.000158534024814,0.001144,-0.000671255020934,-0.000702269855864
2.06094,0.000155378352077,0.001249,-0.000671044392347,-0.000705569660642
2.0615,0.000152607966845,0.001102,-0.000671319107112,-0.000707523786672
2.06232,0.000146997583446,0.000802,-0.000672896839578,-0.000709841305852
2.0629,0.0001426722599,0.001043,-0.000673914319982,-0.00071091417513
2.06384,0.00014133124777,0.001248,-0.000674272719029,-0.000711259327048
2.06446,0.000144268367649,0.001219,-0.000671505595417,-0.000710673048045
2.06506,0.000147562046918,0.001051,-0.000669349166779,-0.000709881398535
2.06594,0.000148563446581,0.000794,-0.00066867999981,-0.000708718363397
2.06674,0.000147320422879,0.000702,-0.000669199776479,-0.000708154286377
2.06727,0.000146939602816,0.000425,-0.000669467576921,-0.000707466522617
2.0681,0.000146455543335,0.000448,-0.000669652483335,-0.000706947644384
2.06865,0.000145972748827,0.000579,-0.000670191869411,-0.000707257555214
2.06949,0.000145010661633,0.000793,-0.000670327195583,-0.000707896891209
2.07033,0.000143894209298,0.001002,-0.000670267564975,-0.000708725766995
2.07061,0.000144148486363,0.001086,-0.000670328342254,-0.000709229992134
2.07117,0.000145989877331,0.001047,-0.000670942567639,-0.000710313757769
2.07175,0.000149071376568,0.000675,-0.000672489572653,-0.000712169381137
2.07235,0.000150718434841,0.000745,-0.000672991599949,-0.00071274328898
2.07296,0.00015028723798,0.001017,-0.000673700395832,-0.000713486110201
2.07354,0.000149260858698,0.000989,-0.000673984988979,-0.00071378227784
2.0741,0.000148700190375,0.000844,-0.00067384954355,-0.000713694389186
2.07492,0.000150367601132,0.00069,-0.000673185425537,-0.000713301825595
2.07573,0.000153463106053,0.000661,-0.000671990452063,-0.000712398190045
2.07626,0.000154425417613,0.000822,-0.0006705071039,-0.0007122680557
2.07708,0.000153370667725,0.001024,-0.00066732504899,-0.00071201502883
2.07762,0.000151034008003,0.001168,-0.000665025920043,-0.000711358195264
2.07842,0.000148650021885,0.00114,-0.000662553971113,-0.000709772718249
2.0792,0.000147884421061,0.000922,-0.000662757825088,-0.000707900069794
2.07971,0.000147423305572,0.000772,-0.000662937936179,-0.000706894556809
2.08046,0.000146200826111,0.000647,-0.000661967185741,-0.000705976248459
2.08121,0.000144053691282,0.000888,-0.000661635780521,-0.000705249037036
2.082,0.000143134307331,0.000858,-0.000663626662666,-0.000704612464381
2.08255,0.000142788505432,0.001272,-0.000666368418178,-0.000704609263334
2.0834,0.000142724744156,0.001417,-0.00067120809532,-0.000705081714138
2.08428,0.000141116774929,0.001242,-0.000671745750604,-0.000706288931197
2.08486,0.000139056512121,0.001109,-0.000672052061434,-0.000706498332789
2.08543,0.000137426401967,0.000773,-0.000673095262521,-0.00070623151537
2.08628,0.00013634299938,0.00079,-0.000673576157145,-0.000705823021311
2.08685,0.000137014729689,0.001003,-0.000673794794511,-0.000704399013283
2.08769,0.000139051401487,0.000858,-0.000673565906091,-0.000702542157022
2.08853,0.000140784699373,0.000578,-0.000673251434796,-0.000702154026333
2.08908,0.000142500111546,0.000777,-0.000672623019089,-0.000701476709171
2.08992,0.000145797049491,0.00059,-0.000671721740445,-0.000700449746665
2.09074,0.000148272328289,0.000591,-0.000670633173861,-0.00070168075862
2.09127,0.000149050195969,0.000673,-0.000669933645095,-0.000702844290436
2.09205,0.000150149552196,0.000756,-0.000669436481352,-0.000704125653685
2.09254,0.000150869185714,0.000781,-0.000669787878501,-0.000705742131156
2.093,0.000151243321475,0.000755,-0.000670541489869,-0.000706451571037
2.09346,0.000151617120556,0.000786,-0.00067037720767,-0.000707004972181
2.09418,0.000151122248582,0.000999,-0.000669563622291,-0.00070747076464
2.09497,0.000148644638415,0.000877,-0.000668294048289,-0.000707086705189
2.09551,0.000147852563849,0.000911,-0.000667578452044,-0.000707837553642
2.09637,0.000150093730603,0.000785,-0.000666752075277,-0.000708731055207
2.09698,0.000153693458267,0.000597,-0.000665862962404,-0.000709263799015
2.09759,0.000157804365123,0.000689,-0.000665594406425,-0.000709285983447
2.09847,0.000162736476857,0.000898,-0.000666277081723,-0.000708411539427
2.09902,0.000164820565525,0.001193,-0.000667565766926,-0.000706897742234
2.09956,0.000166492078357,0.001543,-0.000670088191182,-0.000705484466528
2.10011,0.000168024169061,0.001499,-0.000671569297851,-0.000704726620732
2.10093,0.000169733579209,0.001079,-0.000670579311617,-0.000703346343681
2.10145,0.00016942261597,0.000941,-0.000670882924748,-0.000702243046018
2.1022,0.000166430631418,0.000642,-0.000671338560167,-0.000701298361737
2.1027,0.000164006958464,0.000653,-0.000672996061228,-0.000700913502117
2.10319,0.000161954610863,0.000866,-0.000674720628138,-0.000700616579201
2.10393,0.00016169233297,0.00115,-0.00067585185011,-0.000700157916393
2.10473,0.000163801945424,0.001204,-0.000677046356916,-0.000701548673579
2.10559,0.00016441534665,0.001078,-0.00067673640944,-0.00070356776115
2.10649,0.000161761470398,0.000983,-0.000676226938451,-0.000704177988782
2.10708,0.00015953461202,0.000812,-0.000675918730138,-0.000703836102818
2.10794,0.000157661872526,0.000836,-0.000674852975449,-0.000702852858756
2.10881,0.000156791975489,0.000805,-0.000672936117617,-0.000702052115587
2.10939,0.000156312087116,0.001212,-0.000671240241205,-0.00070179455818
2.11026,0.000155318796256,0.00113,-0.000670575950894,-0.000702176550983
2.11119,0.000154905502258,0.001122,-0.000672039616817,-0.000703572038718
2.11181,0.000156703406552,0.001032,-0.0006715509978,-0.000704317876321
2.11273,0.000161172970782,0.001173,-0.000671387410374,-0.000705650580664
2.11361,0.000163857151842,0.000726,-0.000669842621229,-0.000707029387437
2.11445,0.000161349244583,0.00063,-0.000669855247015,-0.000707192830581
2.115,0.000159369178126,0.000526,-0.000670833319544,-0.000706115598944
2.11583,0.000156478941545,0.000835,-0.000672797250308,-0.000704082926818
2.11668,0.000155455223503,0.001064,-0.000674804365047,-0.000701556191612
2.11727,0.000156293980784,0.00107,-0.000675533192427,-0.000700347465173
2.1182,0.000157899088906,0.001328,-0.000674525939514,-0.000700321622114
2.11912,0.000159054633652,0.001162,-0.000673732968037,-0.000700175086707
2.11996,0.000159298352725,0.001066,-0.000673181558255,-0.000701754812341
2.12024,0.000158907981977,0.001014,-0.000672935271398,-0.000702566799435
2.12078,0.000158013104621,0.000855,-0.00067255076759,-0.000704901584232
2.12159,0.00015801249049,0.001291,-0.000672952378706,-0.000706199694572
2.12239,0.000158421847985,0.001395,-0.000673493797257,-0.000706191187139
2.12293,0.000157128187877,0.001185,-0.000674012989017,-0.000705595281371
2.12374,0.000155271164753,0.000791,-0.000671796053742,-0.000704049839401
2.12457,0.000153605451933,0.000901,-0.000671014622226,-0.000703120539825
2.12516,0.00015192687254,0.000889,-0.000671432381578,-0.000702889272368
2.12606,0.00014874419196,0.000888,-0.000673719649075,-0.00070288606021
2.127,0.000144937337233,0.001065,-0.000675363004215,-0.000703845745476
2.12792,0.000141986510132,0.001096,-0.000676524761363,-0.000704026335735
2.12852,0.000141152656752,0.001045,-0.000677276991226,-0.000703768786444
2.1291,0.000141424156441,0.000931,-0.000677663395107,-0.000703545319784
2.12968,0.0001421838668,0.001089,-0.000677204647258,-0.000702713332564
2.1305,0.000143246167445,0.001082,-0.000676352658027,-0.000701814657811
2.13099,0.000144233844344,0.000882,-0.000676106851296,-0.000700525844231
2.13172,0.000146046350339,0.00074,-0.000675390578589,-0.000699837531115
2.1325,0.000146478068737,0.00088,-0.000674042919122,-0.000699366225781
2.13305,0.000145310681371,0.000916,-0.000673009745375,-0.000699368383861
2.13392,0.00014426828466,0.001088,-0.000672526003813,-0.000700757533412
2.13451,0.000144711446219,0.00129,-0.000672277099192,-0.000702929966585
2.13541,0.000145227345138,0.001078,-0.000673095262521,-0.000706339961561
2.13601,0.000145048124457,0.000958,-0.000672299338771,-0.000708281342675
2.13695,0.0001447612648,0.001251,-0.000670183131641,-0.000709443356904
2.13791,0.000145768585274,0.000787,-0.000669726403775,-0.000709927817325
2.13852,0.000145458843803,0.000708,-0.000671115553854,-0.000711213041075
2.13942,0.00014510131294,0.001051,-0.00067155477975,-0.000711306660204
2.14033,0.00014573585408,0.001038,-0.000670886360789,-0.000710443387168
2.14121,0.000146088712892,0.000853,-0.000669854454506,-0.000708289811863
2.14178,0.000145322321193,0.000929,-0.000669611063381,-0.000707305297137
2.14233,0.000143864543083,0.001007,-0.000669865932204,-0.000705498311629
2.1426,0.000143117556728,0.000906,-0.000670392466386,-0.000704185232231
2.14316,0.000142046643292,0.000964,-0.000670722549058,-0.000703977991496
2.14371,0.000142119867802,0.000654,-0.000670966528166,-0.000702568674346
2.14452,0.000143014304229,0.000761,-0.000670108048329,-0.000701017494157
2.14504,0.00014356999576,0.000729,-0.000669327335681,-0.000698933703027
2.1456,0.000144341978439,0.000792,-0.000669426142288,-0.000699648124915
2.14601,0.000144688799511,0.000633,-0.000669526077344,-0.000700250546373
2.14656,0.000144551661386,0.000679,-0.000669601876419,-0.000701362832486
2.14692,0.00014414280178,0.000734,-0.000669519185932,-0.000702167970291
2.14758,0.000142396103167,0.000917,-0.000669282521403,-0.000703814726651
2.14829,0.000140388194937,0.000699,-0.000668990552789,-0.000705527065527
2.14903,0.000137104489207,0.000704,-0.000668699559006,-0.000707374249066
2.14986,0.000132372223812,0.001026,-0.000668931907995,-0.000709409563065
2.15072,0.000129976098693,0.001107,-0.000667556902745,-0.000710698324877
2.1513,0.000128833214405,0.00094,-0.000664063964276,-0.000712611153774
2.15215,0.000128178033094,0.000831,-0.000661666507588,-0.000713399212389
2.153,0.000129401808542,0.000682,-0.000660785616535,-0.000713193943209
2.15355,0.000130401316994,0.000858,-0.000660410113668,-0.000712799906828
2.15435,0.00013049563953,0.000694,-0.000659558610069,-0.000712244963535
2.15489,0.000130260923715,0.000652,-0.000660243911473,-0.000710503447072
2.15572,0.000132114527987,0.000693,-0.000661562612237,-0.000708250640578
2.15655,0.000133085783044,0.000593,-0.000662820711434,-0.000707275591626
2.15708,0.000132112783259,0.00095,-0.000665719808899,-0.000707420918431
2.15787,0.000131319388165,0.000942,-0.000666417334521,-0.00070755983821
2.15868,0.000132347587221,0.000976,-0.000667728703109,-0.000707513182748
2.15923,0.000133137875049,0.001151,-0.000669096325485,-0.00070747076464
2.16006,0.000133993119319,0.001148,-0.000670650362679,-0.000707495155524
2.16033,0.000133877172307,0.001031,-0.000672048633654,-0.000707373188344
2.16118,0.000133012808119,0.001211,-0.000673526038812,-0.000706888185894
2.16177,0.000132650227599,0.001219,-0.000674166933645,-0.000706075180948
2.16261,0.000133745091149,0.001116,-0.000675098867065,-0.000704611397368
2.16315,0.000134914789061,0.000946,-0.000675542607258,-0.00070587942326
2.16396,0.000137444485712,0.000947,-0.000675676443575,-0.000706952952809
2.1645,0.000139388673706,0.000876,-0.000675885063391,-0.000707210869496
2.16531,0.000140443072637,0.001264,-0.000676202017163,-0.000706283615213
2.16587,0.000139586081839,0.001285,-0.000674656991261,-0.000705650580664
2.16676,0.000138848653851,0.000948,-0.000672627584035,-0.000705441863646
2.16735,0.000140379801564,0.001065,-0.000671619969886,-0.000705052932826
2.16824,0.000142693756808,0.000874,-0.000671632549428,-0.000704370189921
2.16882,0.0001429055257,0.000923,-0.000672556822539,-0.000703671481146
2.16938,0.000143275970473,0.000793,-0.000673891555505,-0.000703119469406
2.17016,0.000143531655894,0.000639,-0.000675215459174,-0.000702716818175
2.17091,0.000143493450442,0.000807,-0.000675412932315,-0.000702578594782
2.17139,0.000143645735723,0.000819,-0.000675564954242,-0.000702598955827
2.17188,0.000143720425169,0.000699,-0.000676080790697,-0.000702714675488
2.17264,0.000144835778808,0.00042,-0.000676237133152,-0.000702320254226
2.1734,0.000148382443095,0.000794,-0.000676303959741,-0.000702510003704
2.17419,0.000153224810887,0.000974,-0.000676527025471,-0.000702959949537
2.17474,0.000156807594454,0.00121,-0.000676714909334,-0.000704065834979
2.17532,0.00015931831454,0.00114,-0.000676447289872,-0.000704940988654
2.17622,0.000161080567337,0.00089,-0.000674118951164,-0.000706054970638
2.17713,0.000160877168659,0.000831,-0.000673461994563,-0.000706493019189
2.17773,0.000161766701217,0.000838,-0.000672782466115,-0.000706966754432
2.17862,0.000163575077186,0.000937,-0.000673064992405,-0.000706918977844
2.1795,0.000162571882543,0.000914,-0.000674045988927,-0.000707522726291
2.18037,0.000158252178226,0.001047,-0.000674625963904,-0.000708025076945
2.18098,0.000155256894271,0.001059,-0.000675544536172,-0.000708634800347
2.18159,0.000152694352417,0.000748,-0.000675118168607,-0.000708749034679
2.18247,0.000149229566891,0.000738,-0.000674597892362,-0.000710251564982
2.18306,0.000147281341542,0.000548,-0.000674557767705,-0.000710393858251
2.18392,0.000144958837865,0.000702,-0.000674497519713,-0.000708890730921
2.18479,0.000143899720079,0.000744,-0.000675132587168,-0.00070738485615
2.18536,0.000143552777609,0.000986,-0.000676400219043,-0.000705382213084
2.18615,0.000142427824756,0.000899,-0.00067650891231,-0.000705063592778
2.18692,0.000140942508031,0.00064,-0.000675030396603,-0.000706065607752
2.18769,0.000140721321768,0.000627,-0.000673329725996,-0.000707489853266
2.18849,0.000141395520601,0.000633,-0.000671507228265,-0.000709124329798
2.18904,0.000141732020862,0.000645,-0.000671261212299,-0.000710196744101
2.18989,0.000142500867248,0.000997,-0.000671192534372,-0.000711429703831
2.19072,0.000143211367479,0.001178,-0.000671653634254,-0.000711621040237
2.1916,0.000144261470482,0.001303,-0.000671577654481,-0.000710893120983
2.1922,0.000143765642473,0.001424,-0.000672241694096,-0.000712717074671
2.19312,0.000141897059953,0.001318,-0.000671859718554,-0.00071532389036
2.19375,0.000141780321576,0.000915,-0.000671473214866,-0.000716463214516
2.19469,0.000144387273331,0.000492,-0.000671017705233,-0.000716570337187
2.19561,0.000145640104136,0.000755,-0.000670633966654,-0.000714942099272
2.19649,0.00014486489928,0.001268,-0.000669520742269,-0.000712246013204
2.19732,0.000142470325435,0.001164,-0.000668531875845,-0.000709542612112
2.19787,0.000141897925388,0.0009,-0.000668303921139,-0.000707837553642
2.19869,0.000142991367274,0.000835,-0.000667847068182,-0.00070533107797
2.19947,0.000143595915664,0.000766,-0.000667283148952,-0.000704261285637
2.19995,0.000143905090902,0.000746,-0.000667359298938,-0.000703941900472
2.2005,0.000144343004408,0.000899,-0.000667824016826,-0.000702699676403
2.20141,0.000143401165638,0.000937,-0.000668266411961,-0.00070156800542
2.20233,0.000141653059596,0.000916,-0.000669598075287,-0.000700731712905
2.20326,0.000140753207876,0.00066,-0.000671253525004,-0.000702067135404
2.20387,0.000140933929577,0.00046,-0.00067216481558,-0.000702916045277
2.20474,0.000140837856051,0.00071,-0.000672302223817,-0.000703529261284
2.2056,0.000139353499791,0.000748,-0.000669976104289,-0.000703663996967
2.20647,0.000137631626992,0.000725,-0.000668012213856,-0.000703470435932
2.20733,0.000138286800898,0.001013,-0.000667110399241,-0.000704356311373
2.20821,0.000140015444041,0.000648,-0.000666937225584,-0.00070598901512
2.2088,0.00014105575221,0.000736,-0.000667284665143,-0.000706422874006
2.20963,0.000141765369238,0.000835,-0.000668617865376,-0.000705084911953
2.21042,0.000140442989686,0.001017,-0.000670291414163,-0.000703285355266
2.21118,0.000138762585016,0.001177,-0.000669732570455,-0.000702277362346
2.21197,0.00013750713193,0.001187,-0.000669436248427,-0.000702070353874
2.21255,0.000136793716582,0.001004,-0.000669753083498,-0.000702241973592
2.21343,0.000135837937359,0.000699,-0.000669415446529,-0.000701893305236
2.2143,0.000135756987103,0.001196,-0.000671112733804,-0.000701641029632
2.2152,0.000135414170556,0.001271,-0.000673776233911,-0.000700654242864
2.21613,0.000135162888346,0.001364,-0.000677267948825,-0.00070010943994
2.21678,0.000135019899534,0.001236,-0.000680023648245,-0.000699892850714
2.21772,0.000135290944875,0.001016,-0.000680202634293,-0.00070126182438
2.21833,0.000136302659752,0.000806,-0.000678977659747,-0.000701593779969
2.21926,0.000138462546712,0.000916,-0.000677332707208,-0.000701455225119
2.22016,0.000140572796761,0.001033,-0.000677459268093,-0.000700891992272
2.22075,0.000141225801717,0.00074,-0.000678050950453,-0.000700110517249
2.22167,0.000141709286596,0.000702,-0.000677766953265,-0.00070108232018
2.22259,0.000142027526083,0.000866,-0.000677355770077,-0.000702069281053
2.22349,0.000142867028969,0.00077,-0.000677541071925,-0.000702145445229
2.22407,0.000143275083906,0.000611,-0.000678601459608,-0.000701310182037
2.22492,0.000143146257018,0.00086,-0.000678914252227,-0.000701671095121
2.2258,0.000143983546243,0.000878,-0.000680554934775,-0.000701612036084
2.22669,0.000144965668662,0.000963,-0.000680101515118,-0.000701073719453
2.22728,0.000145465731912,0.001063,-0.000677731487186,-0.000700114826459
2.22816,0.000145934367896,0.001003,-0.000675629945337,-0.000699379534622
2.22907,0.000148167909564,0.000826,-0.000672867183178,-0.000698643091416
2.22992,0.000149987562246,0.00074,-0.000671396914645,-0.000699112950048
2.23044,0.000149117280775,0.00072,-0.000670766084851,-0.000699546747408
2.23093,0.000146948819396,0.000755,-0.000671140560237,-0.000700286085587
2.23165,0.000143989072735,0.000604,-0.000671764043259,-0.000701627069999
2.23239,0.000142373014307,0.000626,-0.000672118327076,-0.000702592526119
2.2329,0.000141271374144,0.000734,-0.000673165945275,-0.000703504662491
2.23375,0.000139671919806,0.000772,-0.000674210611241,-0.000703957928333
2.23461,0.00013739712715,0.000695,-0.000671927946817,-0.000704353108573
2.23547,0.000132348717476,0.000703,-0.00067091314347,-0.000704873809282
2.23633,0.00012823639597,0.00068,-0.000671790780958,-0.000705423756244
2.23723,0.000125190854075,0.000653,-0.000672328933953,-0.000706068798839
2.23811,0.000122414186572,0.000708,-0.000672905270334,-0.000707000725919
2.23869,0.000121605034491,0.000732,-0.00067305248337,-0.000706583342155
2.23956,0.000121564668185,0.000812,-0.000672455769807,-0.000705694229067
2.24041,0.000122975945005,0.000807,-0.000672557365793,-0.000705800671484
2.24123,0.000123736026895,0.000721,-0.000673023429135,-0.000705300181127
2.24204,0.000125366631993,0.00079,-0.000673976916761,-0.000704667945714
2.24257,0.000127024318191,0.000734,-0.000674783120476,-0.000704032717764
2.24336,0.000127594195945,0.000757,-0.000675922469355,-0.000702851787725
2.24389,0.000127000983821,0.000942,-0.00067489672218,-0.000702488566934
2.24469,0.000126777218702,0.00109,-0.000674066814305,-0.000703672032009
2.24524,0.000126299833122,0.001104,-0.000673752668964,-0.00070507802764
2.24578,0.00012563333094,0.001023,-0.000673581852081,-0.000707169040314
2.24661,0.000125710596163,0.000831,-0.000672902989167,-0.000708277745142
2.2469,0.000126379503319,0.000566,-0.000671753053532,-0.000708988640299
2.24777,0.000129765313661,0.000804,-0.000670992161641,-0.000709642508657
2.24835,0.000133018672507,0.001016,-0.000670298882001,-0.000710003379811
2.24892,0.000136001771339,0.001006,-0.000669940968123,-0.00071001287264
2.24976,0.000138417499615,0.000993,-0.000669565563168,-0.000710028693591
2.25055,0.000137899276538,0.00108,-0.000669658224643,-0.000710451817097
2.25107,0.000137813773522,0.000913,-0.000670191869411,-0.000711679897115
2.25158,0.000138760823839,0.000378,-0.000670991809468,-0.000712579687459
2.25236,0.000141747521078,0.000533,-0.000671162309851,-0.000712559757689
2.25314,0.000144919226622,0.00051,-0.000671052407067,-0.00071201502883
2.25367,0.000146171384649,0.000765,-0.000670873761853,-0.000711087835442
2.2545,0.000147998592375,0.000985,-0.000670375268421,-0.000709038725718
2.25506,0.000149942537996,0.001052,-0.000670203255206,-0.000708355442849
2.2556,0.000151481100568,0.000967,-0.000669487104528,-0.000706617341567
2.25644,0.000152662276275,0.001145,-0.000668864131355,-0.000704890871624
2.25732,0.000154469544465,0.000895,-0.000669076859684,-0.000704692249695
2.25791,0.000155528118668,0.000779,-0.000670296234452,-0.000704199105495
2.25875,0.000156184712548,0.000856,-0.000673264073755,-0.00070327572479
2.25928,0.00015608550835,0.000751,-0.000674119258717,-0.000703001708308
2.25981,0.00015565272642,0.00063,-0.000675010297146,-0.000701795631629
2.26034,0.00015530660408,0.000721,-0.000674756988301,-0.000701456299345
2.26061,0.000155313349467,0.000822,-0.000674477399118,-0.000700757533412
2.26116,0.00015604542167,0.000823,-0.000674478535987,-0.000700367923253
2.26173,0.000157508045402,0.000731,-0.000674785392772,-0.000698936943037
2.26261,0.000158856595363,0.000952,-0.000676268053814,-0.000699524096254
2.26349,0.000157882753821,0.000944,-0.000676142430793,-0.000699816320213
2.2644,0.000155300189359,0.000866,-0.000675274823144,-0.000699785057691
2.26502,0.000154623806653,0.000816,-0.000674922846789,-0.000700020014696
2.26593,0.000155830872083,0.000752,-0.000674910352587,-0.000701413328389
2.26685,0.000156423648244,0.001193,-0.000675471137062,-0.000701372502335
2.2678,0.000155669247587,0.001258,-0.000676350730728,-0.000700619807633
2.26874,0.000153374662972,0.000763,-0.000676649729614,-0.000703166565557
2.26935,0.000152351373403,0.001003,-0.000676301019059,-0.00070384892805
2.27027,0.000152647083948,0.00109,-0.000676158291968,-0.000703842515478
2.27088,0.000153050071305,0.001167,-0.00067720171567,-0.000702526080639
2.27178,0.000151669046491,0.000903,-0.000674740739084,-0.000700520792279
2.27236,0.000150270871586,0.000749,-0.000673888934707,-0.000699928416988
2.27293,0.00014895093803,0.000804,-0.000672312153122,-0.00069993703871
2.27376,0.000147902528561,0.000961,-0.000671466351066,-0.000700437904685
2.27461,0.000147692311551,0.00097,-0.000670621361129,-0.000702636460698
2.27519,0.00014757978763,0.000711,-0.000670193725104,-0.000704177988782
2.27605,0.000147242460832,0.000668,-0.000670664906098,-0.000705752775398
2.27662,0.000146501135118,0.000566,-0.000671448047124,-0.000706109217388
2.27747,0.000145998832953,0.000785,-0.000672967671699,-0.000705703809878
2.27831,0.000145348601305,0.000854,-0.000671592444861,-0.000705121152318
2.27917,0.000143941479247,0.000794,-0.000670450934905,-0.000705642063427
2.28006,0.000139475939811,0.001027,-0.00067044001982,-0.000706209185085
2.28094,0.000135463625114,0.000903,-0.000670810219116,-0.000705589891962
2.28182,0.000136245512244,0.00073,-0.000671666438327,-0.000704720220179
2.28241,0.000136981823613,0.000791,-0.000672894321199,-0.000703008132404
2.28332,0.000135873036076,0.001091,-0.000674331487691,-0.000700922105779
2.28424,0.000135072070344,0.000875,-0.000674957779039,-0.000701074794553
2.28487,0.000134706763435,0.000994,-0.000674858944945,-0.000701696864008
2.28581,0.000134752154769,0.000831,-0.000674626306198,-0.000702720032188
2.2867,0.000136146698998,0.000668,-0.000673811526887,-0.000703297125579
2.28728,0.000136378941777,0.000645,-0.000673256787553,-0.00070355065049
2.28811,0.000136586767117,0.000689,-0.000674078986582,-0.00070401562409
2.28892,0.000135451790827,0.000826,-0.000674177171953,-0.000704726620732
2.28949,0.000134147629702,0.000991,-0.000672389007939,-0.000706388860425
2.29035,0.000133742481926,0.001032,-0.000671637123726,-0.000707415615329
2.29092,0.000133947116219,0.000928,-0.000670897814084,-0.000708298280897
2.29177,0.000132021183168,0.000613,-0.000670364949348,-0.000708536409435
2.29262,0.000129065980085,0.000559,-0.000671525040983,-0.000707149322091
2.29343,0.000128844263021,0.000633,-0.000672004590422,-0.000706424999772
2.29397,0.000129693709561,0.000991,-0.000671206204071,-0.000705511091358
2.29453,0.00012989654991,0.001376,-0.000670933321356,-0.000704274099221
2.29509,0.000130040574395,0.001479,-0.000670495576833,-0.000702626816875
2.29595,0.000130000193813,0.0011,-0.000670047109208,-0.000701811733074
2.29654,0.000130376684759,0.001177,-0.000670813038308,-0.000701412254064
2.29713,0.000131099048149,0.000969,-0.000672803301679,-0.000702104682843
2.29804,0.000133563286921,0.001073,-0.000671969788013,-0.000702518578138
2.29863,0.000135260731204,0.001104,-0.000671956074417,-0.000702919257923
2.2992,0.000136721275247,0.000907,-0.000672983517086,-0.000703069156922
2.3,0.000137693347123,0.000892,-0.000674791073465,-0.000702853929785
2.30028,0.000137632102422,0.001165,-0.000674250422223,-0.00070242961076
2.30085,0.00013705511494,0.001164,-0.00067386923957,-0.000701589484309
2.30173,0.000136245366449,0.000942,-0.000674368247202,-0.000700361462903
2.30262,0.000133638694174,0.000812,-0.000673776578509,-0.00070098985411
2.30319,0.000130957695673,0.000977,-0.000673289045397,-0.000700802715884
2.30405,0.000126693307468,0.000899,-0.000673026850014,-0.000700317314799
2.30494,0.00012459316119,0.000752,-0.000672681218916,-0.00070007927429
2.30554,0.000124831113408,0.000946,-0.000672473493313,-0.000700026479742
2.3064,0.000125936216307,0.000931,-0.000673094122391,-0.000701400436334
2.30724,0.000126825317642,0.000709,-0.000673929116316,-0.000701342417707
2.30777,0.000127710611604,0.000931,-0.000675807975279,-0.000699924106068
2.30856,0.000129488849457,0.00075,-0.00067575060648,-0.000700161147979
2.30931,0.000130703923166,0.000782,-0.000674548331646,-0.000700028634737
2.31006,0.000131744820869,0.000675,-0.000672049077669,-0.000699821710093
2.31061,0.000133316780339,0.000592,-0.000671453416266,-0.000699859437521
2.3109,0.000133867129105,0.000599,-0.000671090630018,-0.000699913328595
2.31146,0.000134616785697,0.000971,-0.000670733300473,-0.00070008573852
2.31232,0.000135062716182,0.00112,-0.000671827362321,-0.000700729561132
2.31319,0.000133408604063,0.001163,-0.000674976680471,-0.000699981222552
2.31378,0.000131222561871,0.001176,-0.00067765402585,-0.000701620887987
2.31466,0.000129341793868,0.001068,-0.00067943068469,-0.000704984982657
2.31555,0.000127740526362,0.001478,-0.000679079481335,-0.000706916082253
2.31616,0.000126835529885,0.001251,-0.000677869027114,-0.0007070466616
2.31707,0.000128706510076,0.000653,-0.000675329073061,-0.000706036108172
2.31795,0.000131937474118,0.001022,-0.000674601069247,-0.000704532431634
2.31883,0.000133544415151,0.001212,-0.000674410084608,-0.000703039180959
2.31974,0.000135824314247,0.000933,-0.000674279543096,-0.000700987703519
2.32064,0.000140400594399,0.001105,-0.000672909832634,-0.000700699435274
2.32124,0.000141629676008,0.001063,-0.000673006771338,-0.000701540081394
2.32217,0.000138069949743,0.000632,-0.000673527626488,-0.000702084300321
2.32309,0.000134146341551,0.000633,-0.000674195823469,-0.000701367130222
2.3237,0.000132401652248,0.000605,-0.000675299111413,-0.00070089952083
2.32429,0.000131956929453,0.000775,-0.000675795959499,-0.000701624922327
2.32515,0.000132997532901,0.000615,-0.000676781333217,-0.000702371719302
2.32571,0.000134812533874,0.00079,-0.000677664190402,-0.000702996354827
2.32653,0.000137825370973,0.000951,-0.000678670546389,-0.000702580738092
2.32731,0.000139380362761,0.000938,-0.000678076904578,-0.000702149196648
2.32806,0.000139145052429,0.000794,-0.000676429779258,-0.000702446762411
2.32881,0.000138416305445,0.00088,-0.000674976227463,-0.000702802517632
2.32961,0.000135408000501,0.001023,-0.000673934807093,-0.000702738244509
2.33017,0.000132853772032,0.000928,-0.000672357036652,-0.000702434970718
2.331,0.000130985183249,0.000975,-0.000671629118676,-0.000701914769237
2.33157,0.000131044804888,0.001093,-0.00067119594613,-0.000701018886116
2.33215,0.000130923606526,0.000851,-0.000669820456909,-0.000703684310889
2.33305,0.000129705414993,0.000928,-0.000669717137749,-0.000704738354852
2.33365,0.000128623073861,0.000727,-0.000670472008314,-0.000704983637214
2.33426,0.000128582973544,0.000946,-0.000672179316645,-0.000704960180987
2.33515,0.000129216593161,0.001047,-0.000673568184122,-0.000704987901856
2.33603,0.000128995893412,0.000864,-0.000673913181783,-0.000704579385839
2.33662,0.000128024222978,0.000867,-0.000674017884805,-0.000704427834869
2.3375,0.000126152128492,0.000821,-0.000674099810472,-0.000703885264298
2.3384,0.000123963559678,0.000945,-0.000673989435143,-0.000703269304363
2.3393,0.0001216046241,0.001137,-0.000673152265548,-0.000704528162836
2.34017,0.000120929438311,0.000619,-0.000672367313368,-0.000705753839809
2.34101,0.000122072422411,0.000701,-0.000673208121995,-0.000706025185428
2.34158,0.00012419664058,0.00076,-0.00067477289501,-0.000705876230879
2.34243,0.000127836929648,0.000816,-0.000676645081251,-0.000705663356228
2.34302,0.000128585940457,0.000661,-0.000676537550949,-0.000704508952763
2.34396,0.00013054889973,0.00072,-0.000676052800796,-0.000703266094117
2.34488,0.000134465302845,0.000712,-0.000676739009133,-0.000701893305236
2.34582,0.000138358026676,0.000769,-0.000678040794109,-0.000701463818858
2.34678,0.000139216823018,0.000835,-0.000677294280354,-0.000703297125579
2.3477,0.000137948758604,0.000903,-0.00067546546437,-0.000704709552395
2.34829,0.000138077096707,0.000811,-0.000675076158379,-0.000705073186527
2.34887,0.000139860937228,0.000783,-0.000674491041372,-0.000705300181127
2.34975,0.0001418220816,0.001189,-0.000675785299959,-0.000705058262833
2.35066,0.000142202533775,0.000778,-0.000676219347074,-0.000703996392962
2.3515,0.000143723211166,0.000821,-0.000676738457779,-0.000702457481875
2.35238,0.000146470108143,0.001135,-0.000677651894084,-0.00070323399044
2.35296,0.000148243111717,0.001362,-0.000678044771252,-0.000703096990028
2.35386,0.00014994455325,0.001043,-0.000676736746026,-0.000702609671811
2.35471,0.000148299747053,0.000785,-0.000675126116077,-0.000701964132711
2.35525,0.000146542197517,0.000787,-0.000674829700409,-0.000701694716655
2.35552,0.000146229920482,0.000725,-0.000674177171953,-0.000701080170013
2.35633,0.000146816975268,0.000786,-0.000673543125192,-0.000701940524741
2.35685,0.0001472420644,0.000811,-0.000673684349457,-0.000702819655643
2.35763,0.000146239243341,0.000861,-0.000673589824879,-0.000703823277235
2.3584,0.000144042530888,0.000711,-0.000674132804384,-0.000704172648734
2.35891,0.000142165575192,0.000598,-0.000674508093648,-0.00070433175601
2.35942,0.000140142830797,0.000767,-0.000675429157565,-0.000705112625426
2.35994,0.000138719555352,0.001025,-0.000676016538194,-0.000705354515591
2.36078,0.000136146743123,0.001004,-0.000674062262933,-0.000704699951182
2.36164,0.0001337189277,0.000848,-0.000671967502441,-0.000703971818703
2.36251,0.000132746845351,0.000726,-0.000671806342377,-0.000703354902823
2.36337,0.000132031901794,0.000797,-0.000672835742717,-0.00070223232165
2.36429,0.000134121697194,0.000966,-0.000675350760353,-0.000701060818068
2.36518,0.000136499430776,0.001048,-0.000675108744639,-0.000699792604008
2.36607,0.000136443514146,0.000884,-0.000672849725777,-0.00069889266097
2.36697,0.000134608872174,0.00077,-0.000672541636188,-0.000700342081319
2.36757,0.000133558718399,0.000762,-0.000672913601272,-0.00070097695042
2.36814,0.000131784497421,0.000783,-0.000673819495912,-0.000702310603895
2.36871,0.000130059061459,0.000846,-0.000675055378518,-0.000704867410743
2.36928,0.000128779122972,0.000771,-0.000675262338053,-0.000706566341521
2.36984,0.000128075359482,0.000773,-0.000674887635027,-0.000707990120695
2.37041,0.000127788212485,0.001214,-0.000674393263362,-0.000708993275179
2.37128,0.000127585960032,0.001167,-0.0006738673073,-0.000709064091531
2.37212,0.000127289400518,0.000786,-0.000673029130587,-0.000707857686877
2.37295,0.000127230831881,0.000625,-0.000672446094268,-0.000706158140425
2.37378,0.000128176068459,0.000589,-0.000671733180896,-0.000706383545579
2.37456,0.000129800170324,0.000856,-0.000670260279158,-0.000706241085165
2.37507,0.000130670408397,0.000891,-0.000669571187432,-0.000706133679547
2.37557,0.000131121764843,0.000886,-0.000668612903837,-0.00070591347397
2.37633,0.000131378404557,0.000892,-0.000667624576957,-0.00070482688463
2.37712,0.000130843232377,0.000871,-0.000667687991567,-0.000703672550305
2.37794,0.000130622740962,0.001072,-0.000668929250249,-0.000703940831928
2.37881,0.00012930161512,0.000934,-0.000671408004838,-0.000706208121712
2.37974,0.000129032318452,0.000939,-0.000673073253102,-0.000707761251383
2.38035,0.000130206446622,0.000831,-0.000674221192056,-0.000707901129317
2.38129,0.000132691753089,0.000894,-0.000676130644524,-0.000706476015264
2.38222,0.000133354380693,0.001056,-0.00067834280333,-0.000704091472504
2.38307,0.000131693172566,0.000792,-0.000678400649197,-0.000701979155347
2.38391,0.000131037435941,0.000704,-0.000676599542162,-0.000700801640161
2.38446,0.000131545218988,0.000789,-0.000675705455516,-0.000700704815033
2.38501,0.000132879321315,0.00078,-0.0006738895246,-0.000700446517064
2.38527,0.000133711489711,0.000554,-0.000672476839012,-0.000700216081537
2.38606,0.000135416860454,0.000596,-0.000671462606372,-0.000700086815884
2.38682,0.000136410775517,0.00071,-0.000671060809134,-0.000700470200292
2.38758,0.000138257127444,0.000906,-0.000671017289717,-0.000701055442386
2.38842,0.000141128397815,0.001105,-0.000670578088065,-0.000703793349508
2.38932,0.000141560300615,0.000987,-0.000668625561651,-0.000707083521054
2.3902,0.000140172549073,0.000743,-0.000667227759654,-0.000708963677094
2.39106,0.000138401613891,0.000734,-0.00066711234502,-0.000708965791305
2.3919,0.000136688075252,0.000854,-0.000668792383822,-0.000707824837466
2.39273,0.000136891002294,0.000862,-0.000671242080093,-0.000706301689311
2.3933,0.000138270340267,0.000838,-0.0006729626428,-0.000705371560396
2.39417,0.000141754519851,0.000911,-0.000674396331641,-0.000704712752756
2.39475,0.000143839039684,0.001219,-0.000675505626436,-0.000704476934222
2.3956,0.000146166553038,0.001131,-0.000674291367237,-0.000703611604364
2.39615,0.000147562011745,0.001076,-0.000673987609074,-0.00070116294433
2.39702,0.000148112255821,0.00124,-0.000674192410842,-0.000700964046375
2.39759,0.000147693145843,0.001381,-0.000674865369065,-0.000700541242812
2.39816,0.000147511961362,0.001091,-0.000674996669562,-0.000700550929596
2.39902,0.000147360859142,0.000944,-0.000675485885747,-0.000700361462903
2.3996,0.000146771718924,0.000699,-0.000674001609215,-0.00070102641264
2.40048,0.000144396760573,0.000718,-0.000674574817658,-0.000701428368671
2.40109,0.000142518809307,0.000669,-0.000675452644159,-0.000701097371073
2.40201,0.000141787490696,0.000639,-0.000676488871446,-0.000701215611297
2.40294,0.000141288961701,0.000709,-0.000677762436677,-0.00070092425667
2.40391,0.00013855727359,0.000787,-0.000678262391218,-0.000699818476172
2.40487,0.000136417474034,0.000906,-0.000679285506744,-0.000697836217465
2.40578,0.000134010186596,0.000971,-0.000679789830651,-0.000698490691688
2.40664,0.000133288137253,0.001053,-0.000676305092315,-0.000699625478645
2.40751,0.000133479213078,0.000752,-0.000674448633742,-0.000699888539468
2.40805,0.000134788300158,0.00038,-0.000673581506956,-0.000699353638294
2.40884,0.000138673155328,0.000562,-0.000674065332653,-0.000698820288621
2.4096,0.000142272814355,0.000637,-0.000675734731916,-0.000700169765432
2.41034,0.000142848096771,0.000699,-0.000675536255749,-0.000701004907967
2.41105,0.000141070720124,0.000784,-0.000676055523424,-0.000701391841435
2.41153,0.000139499818784,0.000723,-0.000676749651408,-0.000701866473854
2.41227,0.000136955463764,0.000855,-0.000675891864691,-0.000703109835519
2.41306,0.000135047862308,0.001131,-0.000674859236574,-0.000704760755536
2.41395,0.000133157435073,0.001006,-0.000674483083437,-0.000705954969917
2.41454,0.000131655889034,0.000963,-0.000674181722242,-0.000707108993524
2.41515,0.000130199968637,0.000969,-0.000674016746851,-0.000708286635935
2.41608,0.000129274260748,0.001005,-0.000673536842651,-0.000708641147434
2.41701,0.000129937717205,0.000977,-0.00067182174007,-0.000709028156222
2.41791,0.000128677857166,0.000905,-0.00067090406918,-0.000709477148288
2.4185,0.00012685983146,0.000791,-0.000669315845235,-0.000709608066725
2.41937,0.000125982079753,0.000763,-0.000668566080608,-0.000709128556752
2.41966,0.000126684756018,0.000413,-0.000667906204804,-0.000708513131125
2.42046,0.000131284303423,0.000531,-0.000667886613643,-0.000707421979044
2.42125,0.000135793576121,0.000668,-0.000668388819836,-0.000707092012032
2.42178,0.000136834094711,0.00067,-0.000669803949408,-0.000706548277668
2.42255,0.000136305190218,0.000645,-0.000671568504718,-0.000705716583986
2.42328,0.000135152288792,0.00085,-0.00067367523946,-0.000704704218412
2.42398,0.000134553468246,0.000924,-0.00067578587177,-0.000704125653685
2.42471,0.00013408959662,0.000886,-0.000676493978027,-0.000703910911717
2.42553,0.000133065754417,0.000795,-0.000676943227236,-0.000704054083977
2.42608,0.000132513740433,0.000735,-0.000677483581301,-0.000704648741382
2.42686,0.00013271487185,0.000671,-0.000676474948299,-0.000705451449633
2.42757,0.000132915849987,0.000564,-0.000675501428519,-0.00070623895856
2.42827,0.000134255720647,0.000582,-0.000674439538131,-0.000707036817913
2.42874,0.000136269193582,0.000815,-0.00067369425318,-0.000707142954654
2.42944,0.000138857167574,0.001001,-0.000672424402257,-0.000707100502856
2.43021,0.000139486662059,0.000992,-0.000670009380519,-0.000707736874417
2.43102,0.00014071554375,0.000786,-0.000668505082577,-0.000709090512784
2.43184,0.000142451128306,0.000618,-0.00066686496667,-0.00070921942698
2.43267,0.000141418256882,0.000685,-0.000666435161714,-0.000709116932536
2.4335,0.000137444858972,0.000967,-0.000667838709716,-0.000708676054866
2.43406,0.000135000370538,0.000992,-0.000668319739684,-0.000708283459986
2.43462,0.000134357479584,0.00113,-0.000668815747397,-0.000707448493588
2.43544,0.000134332113242,0.001295,-0.000671045537315,-0.000708432706192
2.43625,0.000133449142181,0.000959,-0.000673866513342,-0.000709045067301
2.43679,0.000132251290402,0.000855,-0.000674685401618,-0.000709061977766
2.43732,0.000130600050105,0.001047,-0.000675809564572,-0.000708813543539
2.43784,0.000129139648665,0.000957,-0.000676457628055,-0.00070836391069
2.43863,0.000128170218112,0.000819,-0.000676831114708,-0.000707965755698
2.43942,0.000128458995746,0.000784,-0.000677143263088,-0.000707440009098
2.44025,0.000129587408714,0.000769,-0.000676610479345,-0.00070674375515
2.4411,0.000132376355583,0.00079,-0.000675844253573,-0.000705450384533
2.44202,0.000134132139133,0.000737,-0.000675376961743,-0.000704144879503
2.44235,0.000134640956259,0.000734,-0.000676278247625,-0.000702604313849
2.44332,0.000136379567721,0.000816,-0.000676522834409,-0.00070005018415
2.44393,0.000136595646088,0.000788,-0.000675812510215,-0.000698434475077
2.4448,0.000135575468626,0.000915,-0.000675186285526,-0.000697873021964
2.44537,0.000135507094079,0.000849,-0.000674186272489,-0.000699028734049
2.44625,0.000133264042476,0.000724,-0.000673338048757,-0.000700588598524
2.44713,0.000129279984158,0.000768,-0.000673473636815,-0.00070198344744
2.4477,0.000128017248514,0.000813,-0.000674312524731,-0.000704582587091
2.4486,0.000127105141556,0.000881,-0.000675269148143,-0.000706910483716
2.44922,0.000127161500781,0.000784,-0.000675403628801,-0.000708160640015
2.45016,0.000128743584833,0.000763,-0.000675860696939,-0.000709251121723
2.45107,0.000134278787188,0.001242,-0.000677576217097,-0.000708258051614
2.45196,0.000140872316132,0.001572,-0.000677240313682,-0.000705999653736
2.45285,0.000146329226925,0.001312,-0.000674879683629,-0.000702880704714
2.45371,0.000147252003512,0.001223,-0.000671083319745,-0.000700771518927
2.45452,0.00014535126935,0.001271,-0.000671065001359,-0.000703610535067
2.45511,0.000144784976452,0.001262,-0.000672132036076,-0.000706025185428
2.456,0.000144521744457,0.001085,-0.00067314542554,-0.000708310984159
2.4566,0.000145498744361,0.000786,-0.000674081605969,-0.000710126099973
2.45754,0.000146397521474,0.000939,-0.000674237116462,-0.000711037322775
2.4585,0.000145917938761,0.000958,-0.000674256452534,-0.000709842360967
2.45912,0.000143761124989,0.001106,-0.000676735277879,-0.000707175852141
2.46024,0.000141893594269,0.000771,-0.000677305247636,-0.00070605709808
2.4608,0.000141833669713,0.000668,-0.000676937784882,-0.00070449401105
2.46192,0.000140748001228,0.000825,-0.000675841705735,-0.000703103412817
2.46274,0.000140309227004,0.001104,-0.000674929091958,-0.000701493895705
2.46361,0.000141523359104,0.001043,-0.00067359973035,-0.000701614183816
2.46419,0.000140934358987,0.001035,-0.000673480126779,-0.000701577671042
2.46476,0.000140068656559,0.000944,-0.000673192957386,-0.000701591632144
2.46561,0.000140978888747,0.000786,-0.000672980889541,-0.000702069281053
2.46619,0.000141968087756,0.001057,-0.000672342192123,-0.000703587009896
2.46708,0.000141322520828,0.001343,-0.000672215424126,-0.000705794285623
2.46833,0.000134513718882,0.001135,-0.000672588432802,-0.000709670345629
2.46925,0.000134049785297,0.001092,-0.000671690518224,-0.000712095886443
2.4702,0.000136464465564,0.00091,-0.000669922463007,-0.000712674079997
2.47114,0.000139214869096,0.000884,-0.000668631185781,-0.000712655203026
2.47202,0.000140018186,0.000835,-0.000667865127498,-0.000712022380104
2.4729,0.000139621546539,0.000661,-0.000667218725376,-0.000711677795212
2.47377,0.000139466380218,0.000652,-0.000667418133944,-0.000711753457718
2.47461,0.000138035996928,0.000752,-0.000667784827011,-0.000711996125018
2.47516,0.000136730221381,0.000708,-0.000668786632287,-0.000711813348456
2.47599,0.000135923030978,0.000714,-0.00066849781767,-0.000711040479978
2.47682,0.000137784097016,0.000631,-0.00066870840465,-0.000709678789584
2.47765,0.000141832939515,0.000705,-0.000669561325338,-0.000708744804277
2.47821,0.000143014324879,0.000784,-0.00066981736867,-0.000707612850114
2.47905,0.000143335344118,0.00094,-0.000669672715052,-0.000707023018363
2.47988,0.000144311880303,0.000799,-0.000670564059155,-0.000706791549684
2.48043,0.000144478041586,0.000651,-0.000672461729065,-0.000706428188404
2.48129,0.000144313144345,0.001056,-0.000673380006486,-0.00070563780475
2.48216,0.000143008442094,0.000939,-0.000673345463937,-0.000704237793153
2.48329,0.000142351457734,0.00066,-0.000673135324431,-0.000704815152732
2.48413,0.000143026745827,0.000635,-0.000672843286127,-0.000705780449291
2.48497,0.000144273593784,0.000628,-0.000671979723476,-0.00070566974388
2.48581,0.000145584346267,0.00061,-0.000670834465014,-0.000704191872621
2.48665,0.000147840415146,0.000774,-0.000670120312633,-0.000701998469456
2.4875,0.000151065645027,0.000581,-0.000669904861316,-0.000700661775235
2.48837,0.000153747594853,0.000936,-0.00066920137429,-0.000699800150203
2.48922,0.000152485974072,0.000731,-0.000669061878139,-0.000699865904776
2.49005,0.000150242645876,0.000667,-0.000668896257698,-0.000700626264431
2.4909,0.000149794740529,0.00083,-0.000669228508954,-0.000700827456824
2.49175,0.000150264715578,0.001011,-0.000670481885973,-0.00070070696692
2.49262,0.000149069311814,0.000938,-0.000672225703849,-0.00070049926444
2.49348,0.000147846550823,0.001011,-0.000674774031184,-0.000701894378459
2.4943,0.000147571431705,0.001145,-0.00067638470343,-0.000702505716429
2.49483,0.000147799902025,0.00108,-0.000678470558438,-0.000703461878901
2.49562,0.000148642374023,0.000806,-0.000677384691599,-0.000704111767881
2.49671,0.000150962971542,0.000765,-0.000674943291149,-0.00070328214513
2.49755,0.000151259555524,0.00077,-0.000673839193138,-0.000702185131517
2.49839,0.000151078559188,0.00072,-0.00067385171509,-0.000701678611193
2.49917,0.000149935015171,0.000651,-0.000674585841556,-0.000702278434691
2.49987,0.000148367290752,0.000571,-0.000675077747156,-0.000702813228963
2.50033,0.000147657928327,0.000632,-0.00067549360186,-0.000703909843102
2.50103,0.000146244711188,0.00069,-0.000676286295204,-0.000705261823583
2.50181,0.000145058855602,0.000786,-0.000678124425217,-0.000706557840971
2.50267,0.000144174384334,0.001237,-0.00067952261645,-0.000707045309741
2.50361,0.000141791124197,0.001,-0.000680129278457,-0.00070633358307
2.5046,0.000139594694983,0.000875,-0.0006794377654,-0.00070503481035
2.50553,0.00013984562963,0.00055,-0.000679835928709,-0.000704522826784
2.50633,0.000140103615466,0.000903,-0.000679431480596,-0.000704198280407
2.50679,0.000139650271711,0.00102,-0.000677261626897,-0.000704222842777
2.50721,0.000139410624544,0.001005,-0.000675908984559,-0.00070430933477
2.50779,0.000140349781545,0.00094,-0.000674346749321,-0.000704234589541
2.50816,0.000141730748672,0.000836,-0.000673562592519,-0.000704028444404
2.5087,0.000144012996144,0.000804,-0.000672672188333,-0.000703624435748
2.50927,0.000145941244993,0.000932,-0.000671393482223,-0.00070332708504
2.50969,0.000146974752583,0.001065,-0.000669814280424,-0.000704316808636
2.51041,0.000147504442898,0.000913,-0.000669572453949,-0.000706229388722
2.51099,0.000145673729958,0.001022,-0.000669273763651,-0.000708245346908
2.5119,0.00014153144568,0.00121,-0.000669804386485,-0.000710724653448
2.51219,0.000140062274196,0.001154,-0.000669536414279,-0.000713209655799
2.51304,0.000136854474813,0.001157,-0.000669691441879,-0.000715282179898
2.51361,0.000135552482703,0.001008,-0.000670035770388,-0.000716541218921
2.51448,0.000134710828853,0.000638,-0.00067059191821,-0.000715516752313
2.51535,0.00013667194351,0.000821,-0.00066949973962,-0.00071324526903
2.51621,0.00013946460909,0.001296,-0.00066978796007,-0.000710295838667
2.51704,0.000141040452696,0.001168,-0.000670247984512,-0.000708461279798
2.51787,0.000141344721764,0.000974,-0.000670001348535,-0.000707132342067
2.51814,0.000140877571504,0.000953,-0.000669867079959,-0.000706617341567
2.51869,0.000139099078145,0.000846,-0.000669476686728,-0.000705488726603
2.51954,0.000137315513396,0.000924,-0.000669240001468,-0.000704499347431
2.52037,0.00013722859025,0.000732,-0.000669207821744,-0.000703237200907
2.52091,0.000137909146599,0.001084,-0.000668812730658,-0.000700505722895
2.52173,0.000137254501077,0.000976,-0.000668521629105,-0.000700805943037
2.52229,0.000135486119738,0.000929,-0.000668479042313,-0.000700969423103
2.52284,0.000133656631301,0.000721,-0.000668599886985,-0.000701184441765
2.52337,0.000132105476712,0.000543,-0.000669023181572,-0.000701470264059
2.5242,0.000130235403047,0.001047,-0.00066971828586,-0.000703302475623
2.52507,0.000129096869625,0.001117,-0.000670556829104,-0.000705566466143
2.52562,0.000129155188108,0.001227,-0.000671385473145,-0.000708264403837
2.52648,0.000129257712471,0.001284,-0.000671020347391,-0.000709760054816
2.52735,0.000127512264649,0.00104,-0.00067076150232,-0.000710171439976
2.52822,0.000125782783331,0.001137,-0.00067062171431,-0.000711413930829
2.52908,0.000124289101171,0.001369,-0.000667549983338,-0.000711817551025
2.52993,0.000124898372243,0.001333,-0.000665607567034,-0.000711698813812
2.53078,0.000126767997382,0.001042,-0.000661657203331,-0.000710955227973
2.53168,0.000129883462619,0.001101,-0.000660841770663,-0.000709085228653
2.53258,0.000135247981816,0.001418,-0.000664755795007,-0.000708832577233
2.53348,0.000140336907841,0.001719,-0.000669655847329,-0.000708488793466
2.5344,0.000141337483788,0.001425,-0.000670685884304,-0.000708393844546
2.53502,0.000142266205436,0.001226,-0.00067374811463,-0.000708930148904
2.53594,0.000143507760903,0.000896,-0.000677251329063,-0.000708718662763
2.53683,0.000144259390555,0.001158,-0.000679762187482,-0.000707570734281
2.53774,0.000144351311583,0.001218,-0.000680579957715,-0.000707029387437
2.53866,0.000144120870741,0.000726,-0.000679769919505,-0.000706649213766
2.53987,0.000147303441475,0.000867,-0.000679804775917,-0.000704101086213
2.54047,0.000151137284111,0.000976,-0.00067930304951,-0.000702395305573
2.54136,0.000156536865559,0.000933,-0.000678409670315,-0.00070204675125
2.54223,0.000161288067811,0.001031,-0.000678413053191,-0.000701097371073
2.54305,0.000163165560566,0.000958,-0.000677670632583,-0.000701044690838
2.54383,0.00016087853234,0.000664,-0.000676819464821,-0.000701169393664
2.54457,0.000157123050153,0.00086,-0.000676063117085,-0.000700990929401
2.54531,0.000154231827083,0.000409,-0.000675443227373,-0.000700261316115
2.54631,0.000154456435953,0.000693,-0.000675524911785,-0.000699242483692
2.54711,0.000155063064414,0.000995,-0.000676516042008,-0.000697989911302
2.54801,0.000154564513267,0.000805,-0.000675206718726,-0.000699599595857
2.54891,0.000153623547653,0.000984,-0.000674626306198,-0.000700317314799
2.54979,0.000154576814913,0.001308,-0.000674498999176,-0.000702710390084
2.55098,0.000155605656143,0.001515,-0.000675401925667,-0.000706933842196
2.55185,0.000153750092314,0.000998,-0.000673841469881,-0.00070885266751
2.5527,0.000155136349891,0.001009,-0.000671933037908,-0.000709773773519
2.55325,0.000155972415756,0.001084,-0.000671311796442,-0.000709932036985
2.55378,0.000155119820071,0.000981,-0.000670657659767,-0.000710091301158
2.55454,0.000151913029003,0.001009,-0.000670755091591,-0.000709590120409
2.55534,0.000148992619462,0.000977,-0.000668993644632,-0.000711263534635
2.55615,0.000147399510982,0.001068,-0.000667250839294,-0.000713011638226
2.55697,0.000146306514844,0.001209,-0.00066629673785,-0.000713667182175
2.55753,0.000145058858445,0.001199,-0.000666102454227,-0.000713657763991
2.55809,0.00014293985566,0.001038,-0.00066662614891,-0.000712995918921
2.55893,0.00013844408436,0.000952,-0.000668228409444,-0.000712148383841
2.55978,0.000135235695358,0.000681,-0.000666635616568,-0.000712803052061
2.56061,0.000135444007637,0.000595,-0.000666088566279,-0.000712938276909
2.56143,0.000138792068667,0.000618,-0.000667019225747,-0.000713690203596
2.56197,0.000141544294393,0.000833,-0.000667485035693,-0.000714600724069
2.56279,0.000143464303031,0.000935,-0.000667075406553,-0.000715429192534
2.56363,0.000144519206824,0.000954,-0.000667246223454,-0.00071561054796
2.56445,0.00014913086979,0.000614,-0.000666953027843,-0.000715030794706
2.56527,0.000154697496192,0.000798,-0.000667175826457,-0.000714408524472
2.56581,0.000155428202625,0.000884,-0.000667418133944,-0.000713835630673
2.56683,0.000154508432717,0.000834,-0.000665753011261,-0.000714752129481
2.56733,0.000154579202422,0.000473,-0.000664404963171,-0.000713830400275
2.56805,0.000154615863691,0.000556,-0.000663817286802,-0.000712722317651
2.56853,0.000153996300835,0.000899,-0.000663237046549,-0.000712042332976
2.56929,0.000150960042302,0.000814,-0.000662702709145,-0.000712340473672
2.57006,0.000146541402362,0.000671,-0.000662250569063,-0.000713076605697
2.57057,0.00014446167404,0.000725,-0.000662100151456,-0.000713580318327
2.57109,0.00014465366335,0.000684,-0.000661698811481,-0.000715623052608
2.57188,0.000148295935296,0.000938,-0.00066246969948,-0.000717151278539
2.57243,0.000150925263464,0.001033,-0.000663570856151,-0.00071707753224
2.57327,0.000153485542816,0.000951,-0.000664524991134,-0.000716362309274
2.57384,0.000155072070975,0.001563,-0.000662451829271,-0.000713976829093
2.57467,0.000157985631262,0.00171,-0.000661594168126,-0.000711908947477
2.57521,0.000159576635164,0.001915,-0.000661278730846,-0.000709247952345
2.57626,0.000163208588466,0.0008,-0.0006638663032,-0.000707376370502
2.57703,0.000163618118676,0.000887,-0.000665149574453,-0.000706864825128
2.57755,0.000162071469243,0.001086,-0.000666426217207,-0.000705696358153
2.57835,0.000158924666581,0.000707,-0.000668276775768,-0.000704408620676
2.57916,0.000157406088631,0.00107,-0.000669835734298,-0.000702797965125
2.57999,0.000157969160722,0.001393,-0.000672024497855,-0.000705287134108
2.58114,0.000155633583939,0.001523,-0.000671067887253,-0.000706293988174
2.58171,0.000153678876207,0.001232,-0.000670392775477,-0.000706437495588
2.58229,0.00015219534175,0.001009,-0.000670228726929,-0.000706245079273
2.58287,0.000151411431828,0.000659,-0.000670405392297,-0.000704806357505
2.58373,0.000150867791839,0.00073,-0.000671270580977,-0.000703953654291
2.58456,0.000153072165641,0.001118,-0.000671119602616,-0.000703845721775
2.58511,0.000154655334752,0.001112,-0.000670193725104,-0.000703596633972
2.58592,0.000157691224265,0.000748,-0.000669043084523,-0.000703929077787
2.58674,0.000162623290489,0.000919,-0.000668745219226,-0.000705111559554
2.58731,0.000165590067557,0.00061,-0.00066949011439,-0.000705462100499
2.58815,0.000167511623371,0.000723,-0.000671649352444,-0.000705702745353
2.58898,0.000166209542897,0.000782,-0.000672507805206,-0.0007057048744
2.58953,0.000165856818777,0.000991,-0.000671905596553,-0.000705520675925
2.59039,0.000165908300887,0.000827,-0.000672673366882,-0.000704487343743
2.59128,0.000167680695099,0.001266,-0.00067448740058,-0.00070413500222
2.59221,0.000170198890854,0.0012,-0.000674649830298,-0.000703701151079
2.59282,0.000171660830442,0.000783,-0.0006729626428,-0.000702691105282
2.59399,0.000175969297385,0.00074,-0.000671778555505,-0.00070286464
2.59456,0.000178380243313,0.000969,-0.000672621530113,-0.000702715745701
2.59541,0.000183432894259,0.00089,-0.000674296259657,-0.000702637532222
2.59623,0.000186852265629,0.000985,-0.000675796637752,-0.000703214727178
2.59736,0.000187171911429,0.000957,-0.000673807317613,-0.000702769310953
2.59794,0.000186840830153,0.001086,-0.000673282207323,-0.000701839640936
2.59851,0.000184782739595,0.000898,-0.000674769486474,-0.000700752154257
2.59961,0.000175594522256,0.000896,-0.000673910905379,-0.000699496050457
2.60045,0.000170708945828,0.000646,-0.000672263394301,-0.000698297148593
2.60131,0.00016929678497,0.000658,-0.000672587639301,-0.000698084051066
2.60214,0.000169130903066,0.000911,-0.000671071518881,-0.000698385820668
2.60295,0.00016950347253,0.001175,-0.000670725633339,-0.000698657139971
2.60378,0.000167503030743,0.000979,-0.000672195657382,-0.000698667946266
2.60462,0.000164649643061,0.000684,-0.000673645040958,-0.000698597700912
2.60546,0.000161806529732,0.000787,-0.000673647319586,-0.000698475557107
2.60628,0.000161396415647,0.000638,-0.0006741654525,-0.000698410689106
2.60683,0.000162582051599,0.000638,-0.0006741654525,-0.000698410689106
2.6074,0.000163836842385,0.000949,-0.000673424301648,-0.000698342568084
2.60826,0.000165893201501,0.000834,-0.000672763024108,-0.000698676591124
2.6091,0.000168295447307,0.00074,-0.000673542779961,-0.000699112950048
2.61022,0.000167857820451,0.000944,-0.000673311105738,-0.000699148575356
2.61112,0.000165883507244,0.00087,-0.000672192579514,-0.00069932450322
2.61204,0.000164508872297,0.000928,-0.000671832634561,-0.000699312632858
2.61294,0.000163517497281,0.001165,-0.000673089561848,-0.000699460451459
2.6138,0.000162954879104,0.001229,-0.000675111356386,-0.00069993703871
2.61463,0.0001613995434,0.000921,-0.000673271728543,-0.000702588239598
2.61547,0.000162620639821,0.001124,-0.00067232879817,-0.00070365972024
2.61636,0.000164780656281,0.000995,-0.000671866926567,-0.000703152651278
2.61757,0.000160709848053,0.001142,-0.000670503665169,-0.0007022687835
2.61848,0.000154142618366,0.001517,-0.000669723589549,-0.000702481060823
2.61927,0.000150632697015,0.001178,-0.000669793618172,-0.000702305238096
2.61995,0.000149994429848,0.000614,-0.000671330550181,-0.000701836412708
2.62063,0.000150181708205,0.000791,-0.000672527145283,-0.000701764500601
2.62126,0.000150561856907,0.000596,-0.000672180014517,-0.000701747323978
2.6219,0.000150917676776,0.000895,-0.000671902359089,-0.000701818173497
2.62265,0.000147780195741,0.001176,-0.000671943503278,-0.000701809586247
2.62351,0.00014334273184,0.001143,-0.000673893832001,-0.000702987789131
2.62475,0.000138077460095,0.001243,-0.000676497254006,-0.000702627888421
2.62568,0.000131434437288,0.001051,-0.000675329299755,-0.000702013490991
2.62653,0.000126940180798,0.000795,-0.000672864901842,-0.000702550730867
2.62738,0.000128965946313,0.001457,-0.000669884295956,-0.000702057479863
2.62816,0.000132836847767,0.001331,-0.000668070969784,-0.000700104053359
2.62904,0.000136620810611,0.001456,-0.000669004785131,-0.000699844346913
2.63031,0.000133299730564,0.001266,-0.000671570090986,-0.000701324151099
2.63126,0.00013082049195,0.001138,-0.000672919650955,-0.000704429969731
2.63217,0.000128186035759,0.000965,-0.000673341467411,-0.000707719915776
2.63309,0.000127579932281,0.001123,-0.00067383008606,-0.000710394912113
2.634,0.000126313361446,0.000744,-0.000674459208845,-0.000712416028199
2.63487,0.00012600683532,0.000735,-0.000674617213952,-0.000712644715489
2.63568,0.00012832784696,0.001166,-0.00067546546437,-0.000710855221114
2.63646,0.000131008156897,0.000989,-0.000676268053814,-0.0007068595157
2.63749,0.000129848110566,0.000995,-0.000676022204406,-0.000704299725338
2.63827,0.000131197728396,0.000752,-0.000675958739034,-0.000702342770891
2.63907,0.000134555711048,0.000807,-0.000676113987749,-0.00070202958496
2.63982,0.000134892991616,0.001124,-0.000675886196947,-0.000703982503322
2.64057,0.000133780451483,0.001141,-0.000674966006089,-0.000705783642327
2.6413,0.000135226766195,0.000917,-0.000674889906832,-0.000706261287421
2.6421,0.000136559301552,0.000991,-0.000675925118267,-0.000705436538012
2.64338,0.000137244885527,0.001142,-0.000675066733506,-0.000703645820606
2.64427,0.000139649476428,0.000805,-0.000676376439122,-0.000702796090717
2.64506,0.000141454017726,0.001068,-0.000678387912746,-0.000702630031505
2.6459,0.000144242978375,0.001331,-0.000677807600646,-0.000702066062576
2.64682,0.000146622782401,0.001055,-0.000677073160421,-0.000701212386959
2.64776,0.000147159594706,0.001089,-0.00067626125782,-0.000702244113533
2.6489,0.000148748189928,0.000952,-0.000676171768296,-0.000701613099986
2.64978,0.000146286592041,0.001116,-0.000674776303523,-0.000701993104505
2.6506,0.000140301280403,0.001031,-0.000674672901267,-0.000703319595354
2.65141,0.000136953381925,0.000722,-0.000675962139177,-0.000704694617089
2.65226,0.000138434231472,0.000729,-0.000675809109017,-0.000704451317812
2.65313,0.000139969210383,0.001136,-0.000674989855625,-0.000703923734899
2.65431,0.000140562462164,0.000705,-0.000674350052816,-0.000702182986398
2.65522,0.000140926500624,0.000827,-0.000675161310439,-0.000700167611084
2.65612,0.000140327370305,0.001135,-0.000676093592961,-0.000699075132304
2.65705,0.00014094525073,0.00097,-0.000676208019219,-0.000700349618697
2.65796,0.000142846839981,0.000927,-0.000676341670937,-0.000701930866593
2.65882,0.000144621348058,0.000865,-0.000673799003868,-0.000703389137827
2.65966,0.000144390541936,0.000569,-0.00067172710709,-0.00070401562409
2.66049,0.000144237919948,0.00069,-0.000673058430509,-0.000704103232522
2.66133,0.00014515873393,0.000777,-0.000673832991691,-0.000705191511871
2.66242,0.000148346900251,0.000831,-0.000670459296831,-0.000704281585028
2.66332,0.000150314495661,0.000319,-0.000668855658438,-0.000703019910986
2.66419,0.000150150399014,0.000488,-0.000669465113938,-0.000702170109979
2.66501,0.00014830252408,0.000999,-0.000672288491486,-0.000700725240462
2.66585,0.000146016517928,0.001269,-0.000676424929611,-0.000699129113761
2.66669,0.00014702092031,0.000955,-0.000677190421432,-0.000701765574119
2.6675,0.000149775024765,0.00075,-0.000676190453794,-0.000704230318025
2.66832,0.000151525690539,0.001003,-0.000676238843524,-0.00070576980568
2.66944,0.000149569370705,0.000902,-0.000673882105104,-0.00070597305674
2.67027,0.000147499754624,0.000666,-0.000671890579804,-0.000705549428447
2.67109,0.000148714824238,0.000834,-0.000671700809122,-0.000704803420539
2.67192,0.000150261579167,0.00078,-0.000671882578928,-0.000704610330352
2.67271,0.000149497009535,0.000649,-0.00067203228769,-0.000705176573325
2.6737,0.000145974475038,0.000478,-0.000671502956875,-0.000706300626148
2.67443,0.000145043890852,0.000507,-0.000670534259451,-0.000707376370502
2.67523,0.000146069808934,0.000619,-0.000670185696157,-0.000707072907115
2.6761,0.000147439985392,0.000675,-0.000670327903553,-0.000706060289225
2.67699,0.000147713784797,0.000729,-0.000670715321703,-0.000706380356643
2.67756,0.000146271742232,0.000876,-0.000671445759082,-0.000707001787488
2.67867,0.00014338068125,0.000892,-0.000671588740898,-0.000705477011304
2.67952,0.000143674229815,0.00079,-0.000670978772484,-0.000704505751008
2.68035,0.000145074112296,0.000765,-0.000670308409845,-0.000704428902301
2.68115,0.000146825155284,0.00091,-0.000669777191436,-0.000704212163644
2.68198,0.0001475858802,0.000721,-0.000670002141097,-0.000703873508762
2.68309,0.000147788331679,0.000617,-0.000671523546426,-0.000703528191799
2.68394,0.000147900369782,0.000833,-0.000672666036719,-0.000703045604541
2.68483,0.000149402822897,0.000883,-0.0006738673073,-0.000701879353109
2.68564,0.000150396587904,0.000933,-0.000673960983805,-0.00070094684043
2.68644,0.000148677103108,0.000884,-0.000672746257495,-0.000700642406038
2.68727,0.000147338422774,0.000607,-0.000672491758482,-0.000700071732574
2.68806,0.000147347617128,0.000648,-0.000672771357765,-0.000699076242364
2.68883,0.000146387153993,0.000545,-0.00067206770818,-0.000699220897228
2.68957,0.000145676347743,0.000458,-0.000671143642695,-0.000700022146972
2.69037,0.000145684834758,0.000416,-0.00067082988312,-0.000701580882647
2.69116,0.000145432608549,0.000632,-0.000671203516968,-0.000702592524001
2.69193,0.000145102114932,0.00089,-0.000671196155283,-0.000703084146
2.69301,0.00014544133209,0.000838,-0.000671686009697,-0.00070169148627
2.69359,0.000145830407798,0.001131,-0.000672829742068,-0.000700871268214
2.69447,0.000146016179941,0.001435,-0.000674893257269,-0.000699919795108
2.69533,0.000146241948895,0.001133,-0.00067680576601,-0.000699245721576
2.69647,0.000146155903422,0.001093,-0.000676441319276,-0.000698592296989
2.6973,0.0001471196116,0.000698,-0.00067686911991,-0.000697646737044
2.69813,0.00014797235243,0.000952,-0.000676248798249,-0.000697861114941
2.69895,0.000148434786894,0.001014,-0.000675860124468,-0.000699681277185
2.69974,0.000150153187663,0.000685,-0.000674738808562,-0.000700872632569
2.70083,0.000154817280218,0.000656,-0.000673457687253,-0.000701808512829
2.70167,0.000156480160134,0.000974,-0.000673311838275,-0.000700596131947
2.70223,0.000155007201019,0.001116,-0.00067331867593,-0.000699519781625
2.70338,0.000148529593169,0.000947,-0.000674779712011,-0.000700751078418
2.70425,0.000142279624104,0.000669,-0.000675351996527,-0.000700771518927
2.70511,0.000136822730667,0.000724,-0.000675787567539,-0.000699757027456
2.70595,0.000134404969746,0.0007,-0.000676228409166,-0.000699936739989
2.70704,0.00013579472695,0.00084,-0.0006762986346,-0.000699840813406
2.70787,0.000136568899614,0.000652,-0.000676700534866,-0.000699011148534
2.7087,0.000135584635105,0.001426,-0.000677129819683,-0.000696813954692
2.70988,0.000138342961288,0.001396,-0.000676448353012,-0.000696354875721
2.71084,0.000139762249283,0.000808,-0.000675801172795,-0.000698045098963
2.71181,0.00013470731924,0.001054,-0.000674458071931,-0.000698809485823
2.71311,0.000132684490454,0.001034,-0.000671921788725,-0.000700820986467
2.71405,0.000132939239619,0.000977,-0.000669845272152,-0.000701871832362
2.71502,0.000133284738577,0.001202,-0.000673572740151,-0.000703898096501
2.7163,0.000134815072094,0.001656,-0.000674998940852,-0.000703672556822
2.71725,0.000132744493108,0.000905,-0.00067555962241,-0.00070220443192
2.71842,0.000130333776937,0.001104,-0.000676261821585,-0.000698144598933
2.71929,0.000131414384763,0.000819,-0.000676953373769,-0.000697063742491
2.72013,0.000132249056353,0.000842,-0.000676629236188,-0.000696525621082
2.72095,0.000131006426895,0.000946,-0.000676180831282,-0.000699521938945
2.72199,0.000128404449603,0.000509,-0.000675599322097,-0.000701096296025
2.72281,0.000129854841353,0.000553,-0.000675349726898,-0.000701384320768
2.72393,0.000129017313806,0.001072,-0.000675593650913,-0.000699664300155
2.72483,0.000127417199578,0.001138,-0.000676690349987,-0.000701151120321
2.72573,0.00012797627324,0.00095,-0.000677472826215,-0.000701589484309
2.72693,0.00013392067804,0.001296,-0.000676665452708,-0.000701447705469
2.72785,0.000137975616335,0.001541,-0.000676249930951,-0.000700920212096
2.72876,0.00013879331209,0.000676,-0.000676116253784,-0.000702201483789
2.72968,0.000135894050191,0.000682,-0.000674777439688,-0.000701950445519
2.73089,0.000134413915813,0.000566,-0.000675361074937,-0.000701575523143
2.73176,0.0001364687068,0.000595,-0.000675532397878,-0.000701963059648
2.73263,0.000138389265927,0.001262,-0.000676266921155,-0.000700483117913
2.73383,0.00013984543238,0.001221,-0.000678472813405,-0.000700046951801
2.73474,0.000141446616019,0.001101,-0.000676515704825,-0.000701823270033
2.73564,0.000142911194228,0.000626,-0.000676569902546,-0.000702378955168
2.73683,0.00014131773308,0.00096,-0.000676098125211,-0.000700823956825
2.7377,0.000140584572159,0.00127,-0.000676358657906,-0.000699061126602
2.73854,0.000140645142153,0.000904,-0.000677859072168,-0.000697655400669
2.73965,0.000139779744274,0.000845,-0.0006789055713,-0.000698559872148
2.74049,0.000141487908716,0.000569,-0.000677906529857,-0.000698515554586
2.74162,0.00014242073685,0.000577,-0.000678104128573,-0.000697891423135
2.74243,0.000139499841162,0.000683,-0.000677591443484,-0.000697672966888
2.7432,0.000136024395747,0.00067,-0.000677878263441,-0.000697565746677
2.74425,0.000135062947894,0.000669,-0.000678801065771,-0.000696466145342
2.74507,0.000137929014226,0.000728,-0.000679439494505,-0.000697737416173
2.74592,0.000139381177348,0.000861,-0.000678677971188,-0.000698692799803
2.74709,0.000138478799774,0.000742,-0.000677680669586,-0.000701197339754
2.748,0.00014078746307,0.000675,-0.000677615163429,-0.000702646104323
2.74917,0.000145266245263,0.00068,-0.000678743332747,-0.000702067135404
2.75002,0.000147584822052,0.000754,-0.000677789073978,-0.000700791958547
2.75085,0.000147396477327,0.000929,-0.000676531890794,-0.000699946164076
2.75197,0.000142362340659,0.000765,-0.000676243489958,-0.000700440566997
2.75277,0.000137742925217,0.000486,-0.000675581409851,-0.000700219819514
2.75354,0.000135061833937,0.000423,-0.000674897858062,-0.000699890120473
2.75454,0.000132852758483,0.000568,-0.000673947326567,-0.00069963460632
2.75529,0.000131057098936,0.000646,-0.000673603492227,-0.000699157706566
2.75627,0.000129762888837,0.000745,-0.000673148845556,-0.000698837572581
2.75675,0.000129369522532,0.00068,-0.000673006324374,-0.000699063286026
2.75749,0.000128651651197,0.000656,-0.000673331211377,-0.000699579104306
2.75848,0.000127620914964,0.000427,-0.000674232910045,-0.000699272703077
2.75923,0.000127126402994,0.000536,-0.000675296502048,-0.000698983380728
2.76,0.000127074567566,0.000672,-0.000674870529222,-0.000698800843406
2.76102,0.000128994484096,0.000736,-0.000673359354094,-0.000698386901932
2.76176,0.000131873720006,0.000725,-0.000672636366103,-0.000697476681168
2.76254,0.000133907827858,0.00074,-0.000672389801368,-0.000696807777425
2.76368,0.000133227792337,0.000609,-0.000672326998603,-0.000698053156306
2.7645,0.000129985910218,0.000598,-0.000672259927696,-0.000698121320024
2.76531,0.000127786904909,0.000539,-0.000672064506148,-0.000698611159265
2.76639,0.000127492094622,0.000576,-0.000671354153125,-0.000699506257799
2.76724,0.000125771234049,0.000583,-0.000670758530004,-0.000700210125784
2.76801,0.000123080412775,0.000554,-0.00067047191192,-0.000700838213348
2.76907,0.000120229572436,0.000642,-0.000670375570193,-0.000700855423274
2.76964,0.00011998863041,0.000408,-0.000670377561518,-0.000701010284228
2.77076,0.000121121988824,0.000558,-0.000669800505687,-0.000701601297279
2.77156,0.000121160258757,0.000409,-0.000669970496169,-0.000701363906924
2.77263,0.000120072629649,0.000476,-0.000670194304104,-0.00070007280997
2.77346,0.000120144683869,0.000591,-0.000671726045975,-0.000700319468462
2.77422,0.000121256683971,0.000723,-0.000671738540544,-0.000701050066643
2.77528,0.000121957588572,0.00064,-0.000671202020775,-0.000701803145705
2.77616,0.000122215862969,0.000513,-0.000671446903104,-0.000701730146725
2.77706,0.000123659875018,0.00054,-0.000672184234722,-0.000702456941103
2.77829,0.000125279607382,0.000783,-0.000673340327863,-0.00070318315903
2.77917,0.00012671647679,0.00078,-0.000672377589865,-0.000702906943257
2.78001,0.000125003073279,0.000815,-0.000671063856437,-0.000701904562516
2.78112,0.00012225712841,0.000838,-0.000670169992277,-0.000701558339599
2.78197,0.000122117476899,0.000466,-0.000669434183801,-0.000701995250493
2.78305,0.000123791096723,0.000438,-0.000670295003181,-0.000702461769592
2.78381,0.000124788903685,0.000642,-0.000671678290463,-0.000703022050976
2.78487,0.000124072645518,0.000764,-0.000673469554287,-0.00070337309048
2.78572,0.000124357643995,0.000837,-0.000674495246057,-0.00070323399044
2.78664,0.00012748942959,0.000405,-0.000673411768589,-0.000702940675003
2.78782,0.000130974918662,0.00062,-0.000672858851364,-0.000702060698399
2.78875,0.000132363226007,0.000672,-0.000673615675257,-0.00070145844779
2.78995,0.000133623505693,0.00094,-0.000674521735035,-0.000699279178407
2.79084,0.000131720286469,0.000698,-0.000673660435348,-0.000699555376132
2.79197,0.000130794553549,0.000535,-0.000673398441414,-0.000700230083181
2.7928,0.000130824602259,0.000607,-0.000674331561009,-0.000699687470973
2.79361,0.000130274044024,0.000582,-0.000675113627137,-0.000700012999384
2.79475,0.000130696998443,0.001133,-0.000675677238174,-0.000699921399943
2.79568,0.000130551163302,0.000744,-0.000676104923506,-0.000699633553785
2.79661,0.000130268196007,0.001022,-0.000677638548052,-0.000698192756554
2.79782,0.000129488000776,0.000885,-0.000677463452884,-0.000698511230698
2.79873,0.000128793506637,0.000669,-0.000676006912605,-0.000698604708832
2.79989,0.00012916319894,0.000491,-0.00067575185649,-0.000698870502359
2.80047,0.000131039757462,0.00048,-0.000676318464675,-0.000698641453463
2.80107,0.000132506107326,0.000737,-0.000677763104317,-0.000697302748433
2.80229,0.000133581014067,0.000933,-0.000675362209726,-0.000696640674433
2.80319,0.000133590286952,0.000732,-0.00067457970663,-0.000698402039363
2.80442,0.000129026889979,0.000621,-0.000674621760096,-0.000701187666296
2.80536,0.000125189599592,0.000904,-0.000674720628138,-0.00070223232165
2.80628,0.000122234415959,0.000988,-0.000675064803636,-0.00070211219197
2.80743,0.000120701795496,0.000701,-0.000675898665895,-0.000700858650064
2.80826,0.000121965902634,0.000709,-0.000675741080017,-0.000701102474
2.8091,0.000124827405627,0.00076,-0.000675552816421,-0.000701971374055
2.81025,0.000127451566286,0.000858,-0.000674588799582,-0.000702291033426
2.81109,0.000124468489009,0.000864,-0.00067355679386,-0.000702181644342
2.81195,0.000121635081506,0.000833,-0.000673096402647,-0.000702274948396
2.81312,0.000121607499421,0.000898,-0.000671310745502,-0.000702818316681
2.81401,0.000120392839328,0.00074,-0.000668998243904,-0.000704158499912
2.81491,0.000119348718959,0.000901,-0.000667906996594,-0.000705998330184
2.81605,0.000117480471817,0.000807,-0.000667630342263,-0.000707354899467
2.81686,0.00011547857322,0.000437,-0.000668181981948,-0.000706677638917
2.81798,0.000115212714402,0.000411,-0.000670052980399,-0.000705459970345
2.81885,0.000118493443692,0.000589,-0.000670646924964,-0.000704623134379
2.8197,0.000119130464998,0.000594,-0.000670842835801,-0.00070365009746
2.82081,0.000117892069217,0.000704,-0.000671011187094,-0.000703213390135
2.82166,0.000115820395399,0.000724,-0.000671174901286,-0.000703484074629
2.82251,0.000113113757261,0.000958,-0.000671700015942,-0.000702973602085
2.82366,0.000112907891352,0.000717,-0.000671316818466,-0.000702523668467
2.82451,0.000112302684554,0.000844,-0.000670451373986,-0.000701749200483
2.82564,0.000113353499983,0.000787,-0.000668379609717,-0.000701569079388
2.8265,0.000113065077567,0.000872,-0.0006671300217,-0.000703423370328
2.82735,0.000112207493632,0.00068,-0.000667209724165,-0.000704301860784
2.82815,0.000113020224905,0.000493,-0.000667622701114,-0.000705070530449
2.82894,0.000115262540935,0.000602,-0.000669081458186,-0.00070397769975
2.83003,0.000116925050886,0.000834,-0.000669629436783,-0.000704414761739
2.83088,0.000117678121278,0.001096,-0.000671403779415,-0.000704635938056
2.83174,0.000118136226647,0.001027,-0.000673511230128,-0.000706009228284
2.83287,0.000122426314191,0.000851,-0.000671688581601,-0.000705634610717
2.83372,0.000125818348615,0.001013,-0.000670442910232,-0.000704838616235
2.83481,0.000125421005637,0.000801,-0.00067030761717,-0.000702774667028
2.83561,0.000126226599059,0.000963,-0.000671462919129,-0.000700972649111
2.83616,0.00012722603205,0.000995,-0.000672136256602,-0.000701689348229
2.83672,0.000128004787991,0.001024,-0.000675172322098,-0.000703572038718
2.83786,0.000129459081451,0.001369,-0.000677299386448,-0.000704792754653
2.83874,0.000129306149672,0.001068,-0.0006768052154,-0.000704185464746
2.8399,0.000129708346336,0.00064,-0.000676130424612,-0.000701980228373
2.84076,0.000129424667148,0.001067,-0.000676172343512,-0.000700437904685
2.84162,0.000128353567734,0.000853,-0.00067698360856,-0.000698943145133
2.84272,0.000129264221146,0.000839,-0.000677440060101,-0.000700151453155
2.84358,0.000131046407807,0.000797,-0.000677451359013,-0.000700197771064
2.84465,0.000132284969069,0.000504,-0.000678246931767,-0.000699282416038
2.84546,0.00013239532227,0.000607,-0.00067810026769,-0.000698721974021
2.8466,0.000132893939368,0.000836,-0.000677996447619,-0.000697205764842
2.84746,0.000133890649155,0.001121,-0.00067830671275,-0.000697124459571
2.84827,0.000136739766781,0.001019,-0.000676680959844,-0.000696820795951
2.84931,0.000140434397383,0.000896,-0.000673754601458,-0.000697537345083
2.85013,0.000141874890007,0.000746,-0.00067223335025,-0.00069980446226
2.85124,0.000142775277369,0.001238,-0.000670587286343,-0.000702762883581
2.85211,0.000140916661992,0.000943,-0.000671025064488,-0.0007044758669
2.85323,0.000136538528245,0.000935,-0.000671501812985,-0.000704762888879
2.85399,0.000134762313907,0.000636,-0.000671235213016,-0.000705135008186
2.85493,0.000134699831073,0.00085,-0.000668241267041,-0.000706810666126
2.8556,0.000133868435699,0.001038,-0.000665874715492,-0.00070770507646
2.85629,0.000133616564405,0.00066,-0.000664789815677,-0.000707793045509
2.85728,0.000134259330685,0.000813,-0.000666775800813,-0.000708130268121
2.8581,0.000133071214573,0.00126,-0.000667930404559,-0.000707693749026
2.85927,0.000128768383737,0.001752,-0.000667440412935,-0.000706841784223
2.8602,0.000128326702607,0.001114,-0.00066845558798,-0.000706154198322
2.86141,0.000130862643475,0.000972,-0.000670461252147,-0.000705259992454
2.86231,0.000131733123162,0.0012,-0.000666345296645,-0.000705299115682
2.86317,0.000130615237112,0.000451,-0.000663961367838,-0.000704348058267
2.8643,0.000130545181036,0.000888,-0.000665069600658,-0.000704547662534
2.86514,0.000130273141222,0.001025,-0.000667406018695,-0.00070612654618
2.86628,0.000130564402692,0.001307,-0.000667724790404,-0.000707853782861
2.86715,0.000131459696187,0.000972,-0.000667142397653,-0.000709558805841
2.86799,0.000131199242053,0.000746,-0.000665903757779,-0.000712021719523
2.86915,0.000132349100375,0.000845,-0.000665102777973,-0.000713629919009
2.87004,0.000134275114128,0.000865,-0.000664370165384,-0.000715289911948
2.87097,0.000135667409286,0.001343,-0.000663414277306,-0.000716320097866
2.87188,0.000136725188155,0.001548,-0.00066255210712,-0.00071612028181
2.87275,0.000136994797549,0.001159,-0.00066210714865,-0.000714576082197
2.87388,0.000139579328381,0.000965,-0.000663962529609,-0.000712591622445
2.87473,0.000141329150368,0.000906,-0.000666929934068,-0.000710328881431
2.87587,0.000143602774811,0.001187,-0.00066954524636,-0.000710352755781
2.87672,0.000145407892521,0.001046,-0.000667995723173,-0.000710094464794
2.87783,0.000148337777215,0.000745,-0.000666218108579,-0.000708715190391
2.87866,0.000148453089616,0.00078,-0.000666918023449,-0.000707245884222
2.8795,0.000146344815282,0.000872,-0.000667604612967,-0.00070649333558
2.88061,0.000143198220872,0.000819,-0.000669996048992,-0.000707604699793
2.8814,0.00014546297782,0.001137,-0.000673474430633,-0.000707819872994
2.88243,0.00014981990044,0.000795,-0.000672695705514,-0.000707548505214
2.88322,0.000150297928409,0.000781,-0.000671464063111,-0.000706983001785
2.88374,0.000150188007851,0.000931,-0.00067116768158,-0.000706783373489
2.88477,0.000147675019771,0.00106,-0.000670743964596,-0.000705519914391
2.88555,0.000146026050764,0.000779,-0.000671660787734,-0.000704056504385
2.88668,0.000146643679759,0.000651,-0.000670590065636,-0.000703107694628
2.88753,0.000147694794468,0.000798,-0.00066976880008,-0.000702859284893
2.88839,0.000149266681265,0.00101,-0.000669012041459,-0.000701619553102
2.88952,0.000150987756261,0.001041,-0.000668856796358,-0.00070142217135
2.89033,0.000152302683384,0.000779,-0.00066844371775,-0.000701541947778
2.89141,0.000154679984645,0.000837,-0.000670926093785,-0.000703088160858
2.89219,0.000155122309339,0.000731,-0.000671113174931,-0.00070364128424
2.8927,0.000154301978377,0.000753,-0.000671793860592,-0.000704492693273
2.89346,0.000152146216301,0.000892,-0.000672261554784,-0.000706693603828
2.89448,0.000151037055412,0.000985,-0.000672383743982,-0.000708923301222
2.89522,0.00015077476784,0.00078,-0.000673877207658,-0.000710505366752
2.89597,0.000150570855622,0.000625,-0.000673838848711,-0.000711340943144
2.89649,0.000150622584686,0.000539,-0.000672400077408,-0.000712848774167
2.89735,0.000150508291104,0.000763,-0.000672122547695,-0.00071305524657
2.89794,0.000149864928229,0.000693,-0.000671920296186,-0.000712196262264
2.89877,0.000150988481616,0.001286,-0.000671756833508,-0.00071029118376
2.89989,0.000156395685922,0.001633,-0.000672329282483,-0.000707444836426
2.90038,0.000158803560997,0.001545,-0.000672702204386,-0.000702987255331
2.90144,0.000157045698998,0.000636,-0.000670835257882,-0.000701937305381
2.90219,0.000154464456522,0.000692,-0.000669938672951,-0.000701952328875
2.90319,0.000151935320556,0.000805,-0.000669996048992,-0.00070241245848
2.90427,0.000151624330152,0.00098,-0.000671871498651,-0.000702620387549
2.90514,0.000148823904941,0.000905,-0.000673322078259,-0.000703005991048
2.90602,0.000146249128774,0.00095,-0.000673211171651,-0.000705112119485
2.90719,0.000144967909635,0.00085,-0.000672989974255,-0.00070913338684
2.90805,0.000145576404144,0.000684,-0.000672500123896,-0.000710828468344
2.9089,0.00014804049283,0.000783,-0.00067137059879,-0.000710833732766
2.90946,0.000149658427889,0.001175,-0.000669140007483,-0.000709265460027
2.90974,0.00015032006717,0.001254,-0.000668646632306,-0.00070860471905
2.91086,0.000151831204194,0.001055,-0.000667570809872,-0.000710584568304
2.91175,0.00015053334537,0.000962,-0.000665547354523,-0.000711651520623
2.91207,0.000149807292229,0.000936,-0.000665337710623,-0.000711952013128
2.91304,0.000147745418533,0.0009,-0.000664557363164,-0.000711541151108
2.91365,0.000146603010863,0.000786,-0.000663919913819,-0.000711295090322
2.9145,0.000146367053642,0.000876,-0.000664667584114,-0.000709134897111
2.91537,0.000145030669435,0.001167,-0.000666824052162,-0.000708584020537
2.91651,0.000141653447329,0.00131,-0.000667536144228,-0.000710069155101
2.91735,0.000138835011604,0.000907,-0.000667110399241,-0.000710462354292
2.9182,0.000137799462574,0.000826,-0.000666673883524,-0.000710958385734
2.919,0.000137463021132,0.000771,-0.000666550248408,-0.000711659928654
2.91997,0.000136475202783,0.000753,-0.000667807088472,-0.000712711831632
2.92074,0.000137726680632,0.000756,-0.000669406612345,-0.000713389788755
2.92158,0.000139885359119,0.000936,-0.000669576587634,-0.000714409569251
2.92278,0.000138229272058,0.001072,-0.000670035770388,-0.000716120879443
2.92366,0.000135806769329,0.000657,-0.000670024734468,-0.000716141697331
2.92486,0.000134731791529,0.000905,-0.000669146904281,-0.000714262232157
2.92573,0.000136614176432,0.000934,-0.000667996083535,-0.000711185688104
2.92685,0.000139546356483,0.0014,-0.000668357734983,-0.000709548946832
2.92796,0.000137258855424,0.001292,-0.000665904346886,-0.000709907773416
2.92878,0.000137070737055,0.001041,-0.000665418056861,-0.000711213041075
2.92989,0.00013620760255,0.001098,-0.00066540068038,-0.000711503304089
2.93071,0.00013718143566,0.00081,-0.000665630666492,-0.000711208833031
2.93151,0.000138945312893,0.001278,-0.00066619053105,-0.000710994172188
2.93257,0.000141671988692,0.001329,-0.000667168015909,-0.000711235132683
2.93284,0.000142422204933,0.001154,-0.00066813202079,-0.000711667285555
2.93363,0.000144895368594,0.001041,-0.000668889791578,-0.000711834360918
2.93444,0.000147310970992,0.000717,-0.000668641312524,-0.000711275105303
2.93529,0.000149229829185,0.000512,-0.000668206168071,-0.000710542429171
2.93613,0.000153183687862,0.000494,-0.000667069997568,-0.000709686177919
2.93696,0.000156164626405,0.000883,-0.000667134638634,-0.000708506782293
2.938,0.000157557617877,0.000984,-0.000668088249587,-0.000707367884699
2.93873,0.000155530674148,0.000855,-0.00066868345149,-0.000706800045977
2.93923,0.000154191977881,0.000876,-0.000669600728036,-0.000707606489004
2.94026,0.000153384758763,0.000973,-0.000670402784872,-0.000708700382741
2.94143,0.000152347359027,0.001235,-0.0006704325926,-0.000708714132717
2.94203,0.000152534073553,0.001326,-0.000669821167646,-0.000707832255278
2.94292,0.000154165873745,0.001062,-0.000669505402814,-0.00070700603374
2.94379,0.000155706599077,0.00115,-0.000669900363669,-0.000705165915949
2.94463,0.000160363961273,0.001343,-0.000673170505098,-0.000703365601531
2.94569,0.000163767254397,0.001243,-0.000671781635186,-0.000704588989528
2.94646,0.000162112276468,0.000897,-0.000668320531628,-0.000707227846661
2.9475,0.000158537004463,0.0008,-0.000667745634036,-0.000707817419537
2.94804,0.0001571155063,0.000803,-0.00066717005576,-0.00070856497668
2.94916,0.000156878004401,0.001127,-0.000668867751498,-0.000709668234616
2.95008,0.000158080527357,0.001188,-0.000672143211393,-0.000711705119207
2.95095,0.000155365341056,0.001224,-0.000672781625682,-0.000714020748711
2.95185,0.000152814922154,0.000516,-0.000672039492789,-0.000716496498007
2.95307,0.000152856594277,0.000686,-0.000670914993518,-0.000716923769663
2.95416,0.000157431601266,0.001037,-0.000671257309872,-0.000715732453851
2.95492,0.000160994890056,0.000948,-0.000670415396058,-0.00071449732225
2.95568,0.000162863420983,0.000919,-0.000666614872865,-0.000712841841517
2.95676,0.000163474953249,0.000706,-0.000665900330504,-0.000713907804134
2.95791,0.000162565884954,0.001027,-0.000668991056969,-0.000714996362028
2.95881,0.000161057121623,0.001188,-0.000672024638514,-0.000715419810145
2.95968,0.000159973018273,0.000839,-0.000673281067635,-0.000715048531752
2.96052,0.000161934311748,0.00101,-0.000670626298163,-0.00071377704684
2.96161,0.000165284577179,0.00119,-0.000668941107647,-0.000711799689845
2.96275,0.000165492017711,0.000862,-0.000666046990045,-0.000707885236212
2.9636,0.000167598323943,0.000647,-0.000665504139264,-0.000706074117269
2.96439,0.000170966212564,0.000566,-0.000666719793948,-0.000705000695548
2.96517,0.000174310036819,0.000958,-0.000668157074777,-0.00070397609258
2.96605,0.00017913598001,0.001166,-0.000668149299971,-0.000703645820606
2.9669,0.000184147062556,0.000923,-0.000667765591913,-0.000703348483481
2.96745,0.00018527480553,0.001138,-0.000667404653038,-0.00070326502403
2.96858,0.000180593318574,0.001031,-0.000668327799542,-0.000703038647834
2.96968,0.000172695489174,0.000643,-0.000668422890508,-0.00070385268061
2.97049,0.000169763402381,0.000686,-0.000667735239415,-0.000704364336335
2.97157,0.00016764203878,0.001175,-0.000670301731124,-0.000705187791206
2.97242,0.000166069988782,0.001028,-0.00067175261043,-0.000706509534809
2.97354,0.000162595244721,0.001188,-0.000672553398333,-0.000707779856982
2.97465,0.000161596786259,0.001124,-0.000670453752182,-0.000708382499469
2.97548,0.000162002145511,0.001048,-0.000666720585303,-0.000709164484311
2.97655,0.000160010144723,0.001002,-0.000665445862976,-0.000710280027121
2.97761,0.000156771037096,0.001147,-0.000664734177938,-0.00071201817939
2.97869,0.000154248957572,0.000999,-0.000664606567556,-0.000712779986521
2.97949,0.000153457831102,0.001004,-0.00066530569453,-0.000712809342464
2.98054,0.000152280015017,0.000924,-0.000667099284915,-0.000713688762467
2.98166,0.000153887112096,0.00074,-0.000667674156357,-0.000717322267069
2.98278,0.000156304101469,0.000886,-0.000668967197973,-0.000718565421516
2.98361,0.000156858417626,0.000693,-0.000670501019158,-0.00071881282263
2.98468,0.000156351198014,0.000882,-0.000669804112733,-0.000716649239185
2.98571,0.000155176062439,0.000827,-0.000668001986693,-0.000714961926787
2.98645,0.000152998745133,0.000938,-0.000667983551388,-0.000713038883758
2.98744,0.000151722086237,0.000925,-0.00066951360295,-0.000711502252739
2.98844,0.000152269640944,0.000965,-0.0006707295975,-0.000711067841502
2.98948,0.000154631593179,0.001138,-0.000667040411208,-0.000710497125342
2.99028,0.000156463882212,0.001219,-0.0006640759986,-0.000709822313375
2.99138,0.000157818166481,0.001142,-0.000662277006725,-0.000708694036462
2.99249,0.000158106069982,0.001165,-0.00066265457614,-0.000708400955684
2.99361,0.000155930960813,0.00076,-0.000663997010086,-0.00070784815019
2.99446,0.000154649185352,0.001153,-0.000666753230414,-0.000707655255298
2.99564,0.000151748622005,0.000987,-0.000667850525792,-0.000709034497948
2.99684,0.000149670408662,0.000936,-0.00066930744499,-0.000709993217755
2.99769,0.000150579982312,0.000564,-0.000669905391736,-0.000708733170475
2.9987,0.000152063288297,0.000738,-0.000669907687066,-0.000706995418037
2.99961,0.00015320128145,0.001074,-0.000670198480938,-0.000705422834367
3.00026,0.000155098315784,0.000944,-0.000669192523347,-0.000704005004429
3.0011,0.000158425462382,0.000617,-0.000668147788202,-0.000703024192258
3.00191,0.000160470949829,0.000694,-0.000667368528429,-0.000700898445329
3.00254,0.0001610121734,0.000723,-0.000667148126485,-0.000700644267009
3.00354,0.000161598384526,0.000768,-0.000668670436696,-0.000701708674274
3.00436,0.000160521756648,0.000939,-0.000672503967332,-0.000702731816711
3.00545,0.000158629563453,0.000953,-0.00067375836182,-0.000703860740345
3.0066,0.000155778104907,0.000851,-0.000675063668147,-0.000705417508218
3.00741,0.000153913904245,0.000961,-0.000674982358936,-0.000706570540624
3.00845,0.000153461042216,0.001179,-0.000673989885127,-0.00070770297113
3.00924,0.000155114318219,0.000911,-0.000673562937698,-0.0007082178633
3.01003,0.000156620941252,0.000463,-0.000672850519373,-0.000708351208871
3.01113,0.000158485807075,0.000609,-0.000671083760781,-0.000707770789848
3.01226,0.000161239369412,0.000719,-0.000668262597678,-0.000705959139038
3.01281,0.000163594166469,0.000823,-0.000667189313276,-0.000705375700866
3.01364,0.000165444979647,0.001045,-0.000666364585176,-0.000704263235737
3.01473,0.000167440665833,0.000887,-0.000667674948063,-0.000705123284017
3.01579,0.000168677403445,0.00058,-0.000668290234278,-0.000704722353706
3.01684,0.000166386801932,0.001029,-0.000670160107014,-0.000704715953094
3.01765,0.000164140976586,0.000996,-0.000673290632902,-0.000703707831171
3.01824,0.000163035462056,0.000941,-0.000673792966927,-0.000703280005026
3.01911,0.000161613675407,0.00086,-0.000675166305049,-0.000703717452763
3.01968,0.000160412781445,0.000737,-0.000676379498774,-0.000703194392876
3.02024,0.000159627436117,0.000795,-0.000676774544434,-0.000702896768937
3.02051,0.000159843930999,0.000903,-0.000676292971638,-0.00070202636621
3.02133,0.000162327801087,0.001195,-0.0006749512415,-0.000700914577583
3.02186,0.000164213964497,0.001474,-0.000673917734561,-0.000699058967168
3.02293,0.000165664099367,0.000691,-0.000673650635024,-0.000697664064134
3.02347,0.000164603147101,0.000705,-0.000671618125347,-0.000698072121686
3.02458,0.000160198374106,0.000877,-0.000670433031623,-0.000700252700341
3.02544,0.000159118721702,0.001038,-0.000669765356095,-0.00070223232165
3.02662,0.000161989031303,0.000851,-0.000669036978446,-0.000704486540015
3.02782,0.000164826928109,0.000709,-0.000668634408513,-0.000705770870052
3.02871,0.000162724255926,0.000985,-0.000671463712225,-0.000706965692784
3.02959,0.000160362798392,0.001049,-0.000675484071309,-0.000707302114494
3.03071,0.000157089462464,0.001283,-0.000675143145928,-0.000706882876732
3.03179,0.000154500383228,0.001243,-0.00067359096384,-0.000707646774569
3.03261,0.000154313823596,0.000938,-0.000672023495859,-0.000711596864715
3.03373,0.000153663597896,0.000955,-0.000670031180949,-0.000712927795773
3.03487,0.000155855846438,0.00074,-0.000667675670548,-0.00071240553525
3.03573,0.000158197819186,0.00094,-0.00066654512986,-0.00071145388806
3.03688,0.000158815448164,0.000978,-0.000667694613903,-0.000709839195615
3.0377,0.000157380970639,0.000941,-0.000670525287642,-0.000710231535025
3.03886,0.000155692206391,0.000912,-0.000671487292995,-0.000710386481152
3.04,0.000151434653197,0.000943,-0.000672814709709,-0.000710689899419
3.04083,0.000149293062073,0.000898,-0.000672513447473,-0.000710026969218
3.04156,0.000149468346353,0.000984,-0.000672317069573,-0.000711000487158
3.04226,0.000150375572428,0.001266,-0.000671975501897,-0.000711400260461
3.04323,0.000151856127028,0.00114,-0.000669825759073,-0.000711648367573
3.04399,0.000154157221721,0.001055,-0.000666398379255,-0.000710472891249
3.04516,0.000154544127712,0.000648,-0.000663724898068,-0.000708562860648
3.04627,0.000151199103206,0.001347,-0.000664912362913,-0.000707437887952
3.04702,0.000148606119442,0.001107,-0.000668485073274,-0.000706465387497
3.04793,0.000147410034052,0.000956,-0.000668115895994,-0.000706003909115
3.04881,0.000147489520818,0.000899,-0.000664428547124,-0.000706007100624
3.04927,0.000146726337952,0.00092,-0.000662277758965,-0.000705904961526
3.05033,0.000143013436345,0.00086,-0.000659938280016,-0.000708299339515
3.05117,0.000140621383388,0.000859,-0.000660696738442,-0.00071077098811
3.05228,0.000139418118224,0.000864,-0.000663193205237,-0.000711583199732
3.05282,0.00013930937082,0.000893,-0.000664231195329,-0.000711697762905
3.05337,0.000139373178768,0.000806,-0.000666316758157,-0.000710884699057
3.05453,0.000141981063298,0.001311,-0.000667522304725,-0.000708966848407
3.05567,0.000143024500634,0.001263,-0.000667279453466,-0.000706474952498
3.05654,0.000142804235704,0.00104,-0.000666825680015,-0.000706481329057
3.05772,0.000144000092836,0.000833,-0.000667378696063,-0.000707045309741
3.05888,0.000144698730703,0.001116,-0.000669656492299,-0.000707549235106
3.05971,0.000147266254652,0.001311,-0.000673548820517,-0.000705830471015
3.06079,0.000151823700351,0.0013,-0.000672690347665,-0.000704111767881
3.06186,0.000151983108654,0.00086,-0.000671654276959,-0.000706964631132
3.06292,0.000150959802475,0.000486,-0.00067165656401,-0.000707676456443
3.06369,0.000152194792591,0.000395,-0.000672546549849,-0.000706853144307
3.06469,0.000154818855807,0.000854,-0.000672970972619,-0.000705178704771
3.06557,0.000154546742078,0.001225,-0.000672453573013,-0.000706753314448
3.06635,0.000152693879337,0.001182,-0.000672798982609,-0.000707706136426
3.06728,0.00015195630869,0.001026,-0.000674120315119,-0.000707634053188
3.06775,0.000152368517283,0.000911,-0.000674809395039,-0.000707676456443
3.06826,0.000152626319449,0.000923,-0.000673818701971,-0.000706627965875
3.06912,0.000152585673777,0.000957,-0.000673937083385,-0.00070616239436
3.06971,0.000151337515234,0.000877,-0.000674758124511,-0.000704481203488
3.07088,0.000150083564366,0.001129,-0.000675694588012,-0.000703040251562
3.07151,0.000151559640858,0.001408,-0.000676909843016,-0.000702769310953
3.07276,0.000155267367021,0.001434,-0.00067586805972,-0.000704270895858
3.07372,0.000159162006838,0.001229,-0.000674699037995,-0.000705055064836
3.07499,0.000159505330651,0.001153,-0.000676003056594,-0.000707409287768
3.07625,0.000150892613919,0.001101,-0.000676551255781,-0.000704257025546
3.07716,0.000145669339124,0.000804,-0.000676165765715,-0.000702763954816
3.07799,0.000146109612261,0.000955,-0.000675414183573,-0.000702264494017
3.07825,0.000147371790461,0.000994,-0.000675112259595,-0.000702107901055
3.07878,0.000150426288504,0.000945,-0.000673887529352,-0.000701548673579
3.07984,0.000156082653046,0.000927,-0.000673140230709,-0.000701015660427
3.08067,0.00015919141594,0.000939,-0.000673542503011,-0.000700331313428
3.0818,0.00016149143824,0.000791,-0.000674364239315,-0.000700469123807
3.0824,0.000161616359464,0.00092,-0.000676360585189,-0.000700500340855
3.08328,0.000161775183023,0.000873,-0.000675952733373,-0.000700396993729
3.08411,0.000161725861391,0.000779,-0.000675797432394,-0.000701799925402
3.0846,0.000162070929112,0.000949,-0.000675789495964,-0.000701987739493
3.08514,0.000162856353603,0.001529,-0.000675991267474,-0.000702137936635
3.08571,0.000163501321833,0.001791,-0.000674571065273,-0.000701854667559
3.08678,0.000164860939947,0.001203,-0.000669665469916,-0.000702621457224
3.08753,0.000165066457018,0.001156,-0.000666840285731,-0.000705143552916
3.08853,0.000163965028464,0.001185,-0.000665826353694,-0.000707280931544
3.08931,0.000162486693125,0.001209,-0.000666667014853,-0.000708463440874
3.09038,0.000160096715502,0.001241,-0.000668029567044,-0.000710039625385
3.09119,0.000158211101859,0.001187,-0.000667708743643,-0.000714422106412
3.09229,0.000155284826497,0.000982,-0.000666015695432,-0.000715947013449
3.09313,0.000152942606436,0.000957,-0.000664396717578,-0.000717372446741
3.09398,0.000146906212035,0.000845,-0.000663787489166,-0.000717072338395
3.09482,0.000140721620041,0.00089,-0.000661574320229,-0.000716157310131
3.09585,0.000134844509119,0.000779,-0.000661943100602,-0.000715066268118
3.09687,0.000133895498685,0.000964,-0.000662901095549,-0.00071397160029
3.09766,0.000134804060734,0.000946,-0.00066415228076,-0.000713509140623
3.09846,0.000135648204473,0.00108,-0.000664819163055,-0.000713110133732
3.09949,0.000139067920344,0.000876,-0.000665661559301,-0.000711766066937
3.1,0.000141151274248,0.000791,-0.000666509435754,-0.000711223561019
3.10081,0.000144163669219,0.001071,-0.000667761411696,-0.00071133821296
3.10185,0.00014631056085,0.001235,-0.000667618450184,-0.000711733492422
3.10262,0.000147663987927,0.000952,-0.000668361621552,-0.000711940459322
3.10361,0.000147150510674,0.000676,-0.000668749462553,-0.000712729657724
3.10436,0.000146987043859,0.00065,-0.000667012304016,-0.000714467028452
3.10515,0.000147486772869,0.000922,-0.000666557193719,-0.000715010970144
3.10622,0.000150173914099,0.001051,-0.000666728244278,-0.000714909747292
3.10741,0.000154749267285,0.001112,-0.0006658413989,-0.000713177182526
3.10826,0.000155000856306,0.000968,-0.000664613108089,-0.000710324298095
3.10934,0.000151922644948,0.000552,-0.000663421261676,-0.000709059863992
3.1104,0.000151037215092,0.000755,-0.000662275464809,-0.000709140180678
3.11119,0.000151289896641,0.000822,-0.000664426275927,-0.000709501434329
3.1122,0.000152262897988,0.000785,-0.000666443190952,-0.00070960173281
3.1132,0.000152219894917,0.000872,-0.000668363924193,-0.000709301828822
3.11428,0.000153611706157,0.000793,-0.000670725280441,-0.000708154286377
3.11537,0.000154099076305,0.001092,-0.000672495183124,-0.00070607837197
3.11623,0.000153913409934,0.001358,-0.000673775439986,-0.000706180193088
3.1174,0.000155986273039,0.001759,-0.000675147799771,-0.000706225117898
3.11862,0.000159513604399,0.00133,-0.000670987229044,-0.000705279849704
3.11981,0.000159186698285,0.001182,-0.000667980023684,-0.000705371560396
3.12095,0.00015973655823,0.001086,-0.000666474034007,-0.000704836483238
3.12183,0.000160177667819,0.001156,-0.000665096682455,-0.000702697533637
3.12274,0.000157422075931,0.00108,-0.000666328381036,-0.000702962091103
3.12396,0.000153791951792,0.001016,-0.000669380267419,-0.000705142468868
3.12515,0.000153844788803,0.001024,-0.000671180714237,-0.000707371066893
3.12631,0.000154531393897,0.000595,-0.000673281169501,-0.00070974105902
3.12746,0.000154178852425,0.000806,-0.000675088752383,-0.000709175050713
3.1283,0.000154594617425,0.000872,-0.000675945932918,-0.000707477127602
3.1291,0.000156608573501,0.000943,-0.000676151037785,-0.000704738354852
3.1299,0.000159545133891,0.000852,-0.00067556767768,-0.000700793034291
3.13097,0.000162552647037,0.000953,-0.000674793456331,-0.000702195856964
3.13183,0.000165226463706,0.001118,-0.000673860926981,-0.000703626574278
3.13297,0.00016563120229,0.001117,-0.000672344572365,-0.000703078791646
3.13384,0.000160549783259,0.001001,-0.000672807170466,-0.000702391017249
3.13472,0.000156513103548,0.001037,-0.000673170952566,-0.000703103412817
3.1356,0.000156837830422,0.001166,-0.000672041889267,-0.000703532469728
3.13681,0.000158357892477,0.001342,-0.000672366339777,-0.000703812588981
3.13774,0.00015915306051,0.00139,-0.000673843746613,-0.000704903667972
3.13902,0.000158601934613,0.000863,-0.000676066398568,-0.000702944958301
3.13996,0.000159351231234,0.00123,-0.000675832916899,-0.000701393990174
3.1412,0.000157502098443,0.001266,-0.000675544875979,-0.000699524096254
3.14213,0.000153280567665,0.001276,-0.000676309107,-0.000698791120498
3.14271,0.00015093050267,0.001201,-0.000675492692681,-0.000700020014696
3.14353,0.00015117348031,0.001123,-0.00067346110506,-0.000700893067787
3.14438,0.000154722356018,0.000812,-0.000673380210464,-0.000700347465173
3.14544,0.000157690231071,0.000815,-0.000674297396955,-0.000699769964696
3.14653,0.000159860614351,0.001142,-0.000673239691013,-0.000701987739493
3.14766,0.000162097777438,0.001157,-0.000672969485409,-0.000704703151608
3.14845,0.000160250628965,0.001449,-0.000674039161544,-0.000707576802675
3.14951,0.000154751355461,0.001277,-0.000673084747682,-0.00071064355667
3.15031,0.000152470430763,0.00112,-0.000669042512497,-0.000712837648219
3.15144,0.000150827629358,0.000914,-0.000667321884695,-0.00071274328898
3.15228,0.000151595409083,0.000973,-0.000668616714663,-0.000710468676495
3.15336,0.000150349096638,0.001242,-0.000668199977483,-0.000707758071851
3.1544,0.000148271252647,0.001204,-0.000667482728889,-0.000706383545579
3.15519,0.000146958517815,0.000895,-0.000663832394068,-0.000706259160909
3.15604,0.00014762012988,0.000845,-0.000662849448207,-0.000706244275053
3.15688,0.000147953248592,0.000771,-0.000663047359661,-0.000705323620298
3.15769,0.000148119788261,0.001327,-0.000664260222659,-0.000706512147864
3.15881,0.000148881681241,0.001289,-0.000668587945961,-0.000706971001004
3.15993,0.000147637332347,0.001196,-0.000671355723979,-0.000707052739964
3.16051,0.000147248787569,0.000929,-0.000672994574145,-0.000708351208871
3.16109,0.000148636336778,0.000735,-0.000673384768266,-0.000709313448421
3.16225,0.00015123954957,0.001065,-0.000671146320913,-0.000709395833617
3.16308,0.000154437459602,0.000973,-0.000670383566018,-0.000708700382741
3.1636,0.000156506371409,0.001239,-0.000669760503277,-0.000707081398286
3.16434,0.000157238483479,0.001086,-0.000668450624459,-0.000706759687205
3.16506,0.000155935273372,0.000887,-0.000665873377541,-0.000706632215531
3.16606,0.000155842422963,0.000984,-0.000664751894007,-0.000706002845274
3.16721,0.00015568064312,0.000835,-0.000665603669441,-0.000705653774588
3.16812,0.000153684540134,0.000832,-0.000666407722264,-0.000705475946263
3.1693,0.000155296373413,0.001021,-0.00066847825031,-0.000705661226992
3.17049,0.000157172207046,0.001099,-0.000671968645228,-0.000705784706668
3.17163,0.000157781539104,0.00075,-0.000673050795493,-0.000704696750734
3.17249,0.000156983672013,0.000577,-0.000674240872104,-0.000704216435327
3.17367,0.000153808346165,0.00061,-0.000674402359826,-0.000703383788772
3.1748,0.000154570707858,0.000476,-0.000674369384328,-0.000702034949493
3.17594,0.000159733309759,0.001195,-0.00067269912872,-0.000700722029848
3.17683,0.000161560527137,0.001639,-0.000670323316869,-0.00070011374916
3.17773,0.0001595620221,0.001485,-0.000669652046728,-0.000701666800169
3.17896,0.000152750662017,0.001265,-0.000669695678824,-0.000702589311232
3.17989,0.000149764965981,0.00086,-0.000670931820008,-0.000702210872178
3.18079,0.000149369511456,0.000903,-0.000672396652086,-0.000702206582166
3.18137,0.000149367991338,0.001158,-0.000673197516963,-0.000702617172853
3.18224,0.000149786186537,0.000924,-0.000672332708282,-0.000702592526119
3.18308,0.000151095939972,0.000899,-0.00067272537249,-0.000702518578138
3.1839,0.000152062529554,0.000972,-0.000674507751034,-0.000702089664228
3.1847,0.000152261950938,0.000888,-0.000676953619828,-0.000702037095289
3.18545,0.000152054413946,0.000729,-0.000678355541066,-0.000701202713811
3.18644,0.000150651459204,0.000807,-0.000678868627,-0.000699034132963
3.18746,0.000149813238794,0.001104,-0.000678161527869,-0.000698288496764
3.18861,0.000151460379937,0.000888,-0.000676281645514,-0.000699258672889
3.18921,0.000152976194967,0.001076,-0.00067604826812,-0.000699863749034
3.18982,0.000154162424044,0.001093,-0.000675308871747,-0.000700782276732
3.19103,0.000154772102275,0.000669,-0.000675810242752,-0.000704251411043
3.19224,0.000157157700482,0.000849,-0.000674527076271,-0.000703463751977
3.19345,0.00015922642058,0.000853,-0.000676699066536,-0.00070010593315
3.19425,0.00015975124135,0.001281,-0.000677116820465,-0.000697616413104
3.19534,0.000160026601113,0.001024,-0.000677082896857,-0.000698197642967
3.19618,0.00015973792084,0.00075,-0.000678101823284,-0.000698693880362
3.19725,0.000159266647178,0.000554,-0.000676956217916,-0.000699083800062
3.19802,0.0001578255967,0.000673,-0.000675830649533,-0.000698536092511
3.19882,0.000155667323059,0.000863,-0.000675440503735,-0.000697830804796
3.1996,0.000153367064579,0.000809,-0.000674954648753,-0.000699169887869
3.20038,0.00015257895458,0.001118,-0.000674538786227,-0.000701402313533
3.2014,0.00015106616372,0.00082,-0.000674832425052,-0.00070179643459
3.20242,0.000147277734256,0.000901,-0.000672569823372,-0.000701104624069
3.20358,0.000140680486848,0.001324,-0.000671304321117,-0.000701813609451
3.20478,0.00013670418683,0.001184,-0.000671320341922,-0.000703854271793
3.2057,0.000134282947206,0.001305,-0.000671708112563,-0.000706590779738
3.20659,0.000132907067801,0.001229,-0.000672097762847,-0.000711019431555
3.20779,0.000131316888478,0.001053,-0.000669859756191,-0.000712327880054
3.20902,0.000126247698588,0.000876,-0.000668444676162,-0.000711384486459
3.21024,0.000126024714628,0.001157,-0.000671876589565,-0.000709133840391
3.21149,0.000127048565693,0.001313,-0.000670043092282,-0.00070899619423
3.2127,0.000125765997796,0.001258,-0.000666982321824,-0.000709006764474
3.2139,0.000125137280202,0.000752,-0.00066713355045,-0.000708210153121
3.21484,0.00012510265768,0.001093,-0.000670067978448,-0.000706698884589
3.21579,0.000130362618779,0.001432,-0.000674048371004,-0.000705597345385
3.21697,0.000133722183222,0.002024,-0.000674334506362,-0.000707975289979
3.21755,0.000134485717526,0.001965,-0.000672094522729,-0.000708018721458
3.21841,0.000136904877032,0.001115,-0.000666099032669,-0.000706490893733
3.219,0.00013854372715,0.000977,-0.000664728631734,-0.000706007100624
3.22017,0.000138003271335,0.000723,-0.000664640460599,-0.000707361264024
3.22106,0.000137628724657,0.000923,-0.000666305687933,-0.000707821403318
3.22228,0.000138977715085,0.001276,-0.000668008241302,-0.000708133911698
3.22349,0.000139466879315,0.000861,-0.000668421919451,-0.000706993037706
3.22437,0.000140360600386,0.000695,-0.000667896695415,-0.000705193624621
3.22547,0.00013971846324,0.000827,-0.000670040088054,-0.000704110699726
3.22627,0.000138472994843,0.001085,-0.000670225485303,-0.000702828224414
3.22711,0.000136660353932,0.000965,-0.00066961609329,-0.000701522896552
3.22826,0.000135575683583,0.000898,-0.000670420420847,-0.000700700936828
3.22915,0.000138001569856,0.000769,-0.000670670350444,-0.000701678283747
3.23035,0.000142536297692,0.000879,-0.000669246131442,-0.000701280820436
3.23156,0.000144197869288,0.001022,-0.000668773170879,-0.000700747476205
3.23246,0.000144578708485,0.001125,-0.000669075644183,-0.000700361068583
3.23304,0.00014447019057,0.000942,-0.000671681966288,-0.000699213968388
3.23419,0.000146666805397,0.001235,-0.000670685618097,-0.000697382957321
3.23536,0.000144629135341,0.00164,-0.00066896497496,-0.00069983005821
3.23629,0.000139758315916,0.001181,-0.00066892127686,-0.000703096722889
3.23716,0.000135171809187,0.001064,-0.000670705802667,-0.000705211479226
3.2381,0.000131264975125,0.000956,-0.000671774775743,-0.00070540858253
3.23908,0.000131283392845,0.001018,-0.00067324732344,-0.000705068660583
3.24001,0.000133516631302,0.001464,-0.000674185260311,-0.000703938429856
3.24111,0.000138167547866,0.001296,-0.000674057825205,-0.000703019917496
3.24211,0.000140451315044,0.001008,-0.000676224334963,-0.000702953529406
3.24289,0.000142235755468,0.001022,-0.000676155569504,-0.000702332023585
3.24376,0.000143035393837,0.001044,-0.000675224540172,-0.000701179258893
3.24467,0.000143672716741,0.001502,-0.000676274511878,-0.000701074794553
3.24593,0.000143070791852,0.001184,-0.000678032228396,-0.000705116888891
3.24713,0.000141149732754,0.000736,-0.000676754850585,-0.000707600127807
3.24804,0.000140102661832,0.000685,-0.000677653564672,-0.000707941389427
3.24934,0.000143127731456,0.001166,-0.000680794028293,-0.000705065724739
3.25027,0.000144975875816,0.001402,-0.000678261595715,-0.000702548037952
3.25151,0.000144963176417,0.001161,-0.000675243836725,-0.000702191001212
3.25272,0.000148257255105,0.000848,-0.000671472070906,-0.00070167431631
3.25351,0.000151740153833,0.000767,-0.00067002279451,-0.000702698605021
3.25424,0.000154621832595,0.000602,-0.000670678656329,-0.000703303545625
3.25492,0.000156012646498,0.00063,-0.00067269912872,-0.000702672891128
3.25559,0.000155205938887,0.00081,-0.000674398605763,-0.000701946963396
3.25657,0.000152928551567,0.001011,-0.000675308871747,-0.000699521938945
3.25767,0.000149738042287,0.001277,-0.000674303426574,-0.000701639955828
3.25853,0.000146162148197,0.000986,-0.000675624274513,-0.000706336772326
3.25968,0.000141024927081,0.000958,-0.000677082877807,-0.000708753265042
3.26089,0.000139407998517,0.001437,-0.000675599789234,-0.00070987928848
3.26211,0.00014423592307,0.001343,-0.000669472293766,-0.000708959448642
3.26329,0.000149704915302,0.001416,-0.000665944742613,-0.000709338799265
3.2645,0.000146238019741,0.001201,-0.000666169537097,-0.000712865952246
3.26574,0.000142212049333,0.00104,-0.000668245683684,-0.000714721852362
3.26661,0.000142211837641,0.001126,-0.000668153547306,-0.000714490010135
3.26771,0.000146364984105,0.001332,-0.000668832642658,-0.000713299731031
3.26857,0.000147881395279,0.001126,-0.000669973454342,-0.000712254410469
3.26915,0.000147102854051,0.000969,-0.000670435678147,-0.000711447579253
3.27003,0.000144788607451,0.000987,-0.000670557535819,-0.000710716228468
3.27062,0.000143492911525,0.000602,-0.000670219312355,-0.000709674567626
3.27175,0.000142570069006,0.000476,-0.000670505957659,-0.000708721536382
3.27259,0.000145663788549,0.000672,-0.00067061333926,-0.000708385079619
3.27368,0.000150439659428,0.000866,-0.00067037606112,-0.000707921259807
3.27452,0.000151815524093,0.001153,-0.000669073333381,-0.000708431647876
3.27566,0.000150977679249,0.001044,-0.00066479633704,-0.000710276864747
3.27657,0.000150241482266,0.000869,-0.000663193205237,-0.000712705539906
3.27776,0.000151481883291,0.000519,-0.00066380952381,-0.000713010590289
3.27885,0.000153862800436,0.000908,-0.000666874867975,-0.000712515699368
3.27967,0.000155833287326,0.001243,-0.000665258871036,-0.000711403415197
3.28049,0.000156789926486,0.001094,-0.000664603775021,-0.0007111425513
3.28101,0.000157084787646,0.000873,-0.000662088865885,-0.00071053084024
3.28208,0.000155994912635,0.000799,-0.00066079730982,-0.000710035406701
3.28296,0.000154921950065,0.001317,-0.00065995467888,-0.000709141237384
3.28413,0.000156020886521,0.001286,-0.000660716620469,-0.000708709901999
3.2847,0.000158129039592,0.00124,-0.000662708907889,-0.00070815005057
3.28525,0.000161067184424,0.001278,-0.000666984565839,-0.000708173092876
3.28608,0.000165076493812,0.001049,-0.000671035232504,-0.000708557570526
3.28714,0.000166689577154,0.001132,-0.000670011675347,-0.000709220483506
3.2882,0.000163627918526,0.000974,-0.000669345719829,-0.00070979804408
3.28929,0.000161800813072,0.000777,-0.000670361509609,-0.000708581904591
3.2904,0.000160260756467,0.000854,-0.000674369384328,-0.000705454644918
3.29153,0.000159870556786,0.001043,-0.000674531965822,-0.000703326015092
3.29261,0.00015987835708,0.000861,-0.000672216566328,-0.000703238271058
3.29363,0.00015961173453,0.000474,-0.000671717166946,-0.000704380865448
3.29467,0.00016005700568,0.000565,-0.000672409559794,-0.000703970750227
3.2958,0.000162943000124,0.000765,-0.00067332665307,-0.000702571093122
3.29668,0.000166108318448,0.000914,-0.000672745116542,-0.000704405418234
3.29726,0.00016900043514,0.000961,-0.000672350185388,-0.000706241085165
3.29812,0.000171852770714,0.000867,-0.000672682360019,-0.000709108478378
3.29923,0.000176992474528,0.000806,-0.000674451960262,-0.000710747821357
3.29978,0.000179667262987,0.000806,-0.000674451960262,-0.000710747821357
3.30066,0.000181241498827,0.001222,-0.000672692021373,-0.000708478211478
3.30191,0.000182824323907,0.001456,-0.000671729743963,-0.000704990034162
3.30222,0.000182590913926,0.001449,-0.000672682360019,-0.000704819156191
3.30313,0.000179171609191,0.001111,-0.000674746762282,-0.000705325489651
3.3043,0.000175566794344,0.000846,-0.000677807139002,-0.000704911936195
3.30543,0.000174520198827,0.001117,-0.000679102662506,-0.000705936622534
3.30628,0.00017296282923,0.000923,-0.000677681798925,-0.000705231726099
3.30735,0.000173490736791,0.000755,-0.000675810242752,-0.00070315773599
3.30835,0.000176541596625,0.001022,-0.000676072064193,-0.000699475277914
3.30938,0.000176139335325,0.000967,-0.000677134889182,-0.000697835134936
3.31018,0.00017282394933,0.001119,-0.000677912128526,-0.000697323903507
3.31104,0.000169176715374,0.001322,-0.000675738972741,-0.000699136858387
3.31221,0.000165149838319,0.000474,-0.000673392310631,-0.000700537136821
3.31329,0.000162632968773,0.000888,-0.000672600815063,-0.000699584668018
3.31432,0.000159450547528,0.000975,-0.000674281480818,-0.000697791949625
3.31489,0.00015693065978,0.001246,-0.000674417358087,-0.000699996033634
3.31608,0.000150690637939,0.001412,-0.000672924412701,-0.000705208282271
3.31723,0.000145655637206,0.001047,-0.000671657892437,-0.000709508574723
3.31808,0.000142235641797,0.000689,-0.000670288291655,-0.000711578749527
3.31863,0.000139789437284,0.000626,-0.0006689723088,-0.000711760568084
3.31976,0.000138772408331,0.000966,-0.000664732648656,-0.000710441031268
3.32095,0.000140782382314,0.001075,-0.000664280058782,-0.000708089431772
3.32182,0.000140907833394,0.001057,-0.000666539972885,-0.000706729946929
3.32264,0.000140924508358,0.000947,-0.00066712929622,-0.000708447522354
3.32371,0.000141191722757,0.001326,-0.00066774181462,-0.000710191472522
3.32425,0.000141042128821,0.001407,-0.000668857588502,-0.000710949964991
3.32538,0.000139765156538,0.001255,-0.000670241271771,-0.000712403436632
3.32652,0.000138689390196,0.001091,-0.000670138041399,-0.000713377223612
3.32735,0.000139131192977,0.000945,-0.000669639932926,-0.000712815632781
3.32813,0.000140298329597,0.001105,-0.000667673795111,-0.000711921552472
3.32868,0.000141179567569,0.000995,-0.000663448384277,-0.000710549803795
3.3298,0.00014191731903,0.000716,-0.000663145911611,-0.000710106064609
3.33032,0.000142383463882,0.000532,-0.000664217681246,-0.000710057554365
3.33109,0.000144555363985,0.000926,-0.000666839494334,-0.000710739396797
3.33211,0.000145836927085,0.001146,-0.000669993481951,-0.000712660446706
3.33312,0.000147018279128,0.001065,-0.000668101923633,-0.000714214154588
3.33411,0.000151186025646,0.000539,-0.000666596937455,-0.000714350013095
3.33508,0.000154720586827,0.000541,-0.000666151812343,-0.000713795878166
3.33608,0.000155129459451,0.000519,-0.000666808373759,-0.000712634227714
3.33709,0.000150952650711,0.000705,-0.000669310883301,-0.000710205178504
3.33779,0.000148975339856,0.000671,-0.000671213678041,-0.000708336389644
3.3387,0.000148833471625,0.000883,-0.000672634431372,-0.00070628820901
3.33973,0.000153497274616,0.000949,-0.000670950495752,-0.000704719723973
3.34084,0.000157666248467,0.000902,-0.000669543305447,-0.000703603599488
3.34166,0.0001568476212,0.00085,-0.000668991702616,-0.000703176739813
3.34251,0.000155910449341,0.001186,-0.000670059864232,-0.000703077190272
3.34337,0.000153686298976,0.001327,-0.000674119709102,-0.000702834114892
3.34417,0.000150853925365,0.00093,-0.000670711352466,-0.000703856963616
3.34523,0.000147319381665,0.000711,-0.000669828300181,-0.000705923643426
3.34635,0.000142964520526,0.000895,-0.000671347986231,-0.000709410221258
3.34718,0.000138438076249,0.001094,-0.000672419680859,-0.000711241084586
3.34832,0.000133622546995,0.001153,-0.000669124706813,-0.000709881010447
3.34925,0.000134312277931,0.001016,-0.000667860898472,-0.000707192386317
3.35042,0.000136249305226,0.000925,-0.00066739736946,-0.000704834660271
3.35123,0.000135605112738,0.000732,-0.000667151589068,-0.000703569899939
3.35173,0.000134579627649,0.000685,-0.000667010757486,-0.000703680034347
3.35242,0.000133887654721,0.000716,-0.000667541548963,-0.000703544233831
3.3534,0.000136732392551,0.000785,-0.000670199459986,-0.000703365601531
3.35414,0.000139459268798,0.000892,-0.000672475622764,-0.000703407324155
3.35509,0.000139592169861,0.001085,-0.000673947882145,-0.000703466157436
3.35586,0.000137664807315,0.001334,-0.000671346841957,-0.00070368751827
3.35703,0.000134341216478,0.001415,-0.000669432124718,-0.000706120916841
3.35822,0.000133382378078,0.001275,-0.000668851631914,-0.000707200258454
3.35939,0.000135006228281,0.001248,-0.000669082762712,-0.000706481329057
3.36052,0.000133815581263,0.001031,-0.000668703236253,-0.000707763371059
3.36108,0.000134224114669,0.000906,-0.000667683741094,-0.000709336686748
3.36189,0.000135247501462,0.000734,-0.00066673280136,-0.000712276452566
3.36268,0.000135275764475,0.000798,-0.000666915285856,-0.000713569851703
3.36349,0.000134912524243,0.000671,-0.000669095175905,-0.000713147849873
3.36454,0.000135094229983,0.00107,-0.000672096620365,-0.000711835411516
3.36512,0.000133554517416,0.001085,-0.000673934807093,-0.000710310595625
3.36628,0.000132304033398,0.000884,-0.000675490423714,-0.000707176913311
3.36715,0.00013311604199,0.000814,-0.000674831168923,-0.000705891128472
3.36817,0.000133816048269,0.000658,-0.000675053784952,-0.000705138205635
3.36892,0.000134388563328,0.000443,-0.000675765239887,-0.000704472664918
3.36968,0.000135646909595,0.000613,-0.000676378268294,-0.000704400080781
3.37074,0.000138033387226,0.001155,-0.000675243042279,-0.000705046536739
3.37186,0.000138845391626,0.00123,-0.000673186768097,-0.000707386977538
3.37297,0.000139477483785,0.001352,-0.000670703071253,-0.000710393858251
3.37409,0.000139397092098,0.001132,-0.000666776696287,-0.000715404172408
3.37517,0.000141671298832,0.000946,-0.000664088355708,-0.000719220706305
3.37625,0.000142138625649,0.001555,-0.00066347471514,-0.00072285509446
3.37744,0.000141416640548,0.001274,-0.000662965086491,-0.000724711103571
3.37834,0.000142654453381,0.001013,-0.000662923175547,-0.000724445397217
3.37921,0.000146187929693,0.001127,-0.000665483603762,-0.000722739164577
3.37978,0.000149923715651,0.00104,-0.000666085469314,-0.000720746344285
3.38032,0.000151946843548,0.001107,-0.000665843655035,-0.000719604139985
3.3811,0.000151879278904,0.0014,-0.000665512556627,-0.000715234208214
3.38211,0.000148987764481,0.001163,-0.0006665722046,-0.000711852220763
3.38312,0.000148057232144,0.000798,-0.000668954906797,-0.000708797681533
3.38418,0.000156771505494,0.000956,-0.000670683592665,-0.000706796859885
3.38501,0.000164109757964,0.000885,-0.000672576225915,-0.000705738937836
3.38557,0.000166125115054,0.001181,-0.000671870355634,-0.000705010290588
3.38666,0.000167416054869,0.001137,-0.000670433739014,-0.000705941138344
3.38773,0.000165123586607,0.000695,-0.000669033094578,-0.000707689176667
3.38849,0.000163910609993,0.000693,-0.000667988018174,-0.000708718363397
3.38935,0.000163461866662,0.000834,-0.000667815156836,-0.000709545779482
3.39019,0.00016638457678,0.001159,-0.000669653550817,-0.000709396889743
3.39129,0.000169741839268,0.001147,-0.00067052085858,-0.000708953105893
3.39241,0.00016976300419,0.001019,-0.000669313547113,-0.000710218884081
3.39322,0.000171546950438,0.000739,-0.000668173487625,-0.000711431806858
3.39403,0.000174889628529,0.000479,-0.000665903830574,-0.000712091686394
3.39484,0.000178917273167,0.000757,-0.000664858961308,-0.000711242496319
3.39563,0.000182590506757,0.001038,-0.000665550771776,-0.000709326124016
3.39673,0.000186105464257,0.001103,-0.000665514872782,-0.000706582279634
3.39782,0.000188599361181,0.001018,-0.000667096547617,-0.000706533401029
3.39888,0.000187527294918,0.001108,-0.000665496343234,-0.000707193891713
3.39972,0.000185179179396,0.001469,-0.000664442474823,-0.000706709764947
3.40089,0.000181139900498,0.001203,-0.000666691213039,-0.000706612029322
3.40203,0.0001762765114,0.001209,-0.000672122896785,-0.000707814240388
3.40317,0.000175395768714,0.001243,-0.000670934462807,-0.0007087723012
3.4043,0.000174157407121,0.000592,-0.000669540589869,-0.000707923378755
3.40486,0.000172364721695,0.000588,-0.000669242997039,-0.000707401826983
3.40541,0.000170783203288,0.000532,-0.000669873585468,-0.000705409908934
3.40641,0.000168731170533,0.000706,-0.000671831934797,-0.00070462526835
3.40744,0.000167810041952,0.000692,-0.000672177032053,-0.000703858546743
3.40851,0.000168632657468,0.000781,-0.000674566518633,-0.000704493510079
3.40933,0.000169937432979,0.000752,-0.000672911667095,-0.000706994969637
3.41044,0.000169842560857,0.000512,-0.000671786908106,-0.00070905497919
3.41149,0.000168731215204,0.000847,-0.000672218850724,-0.000710553395615
3.4125,0.000167553270668,0.000765,-0.000672271388868,-0.000711133525228
3.41327,0.000168427994502,0.000587,-0.000671886357626,-0.000712357733878
3.41408,0.000168205005214,0.001076,-0.000670909267107,-0.000712468960961
3.41524,0.00016688568185,0.001199,-0.000670619861969,-0.000711661434269
3.41639,0.000167175487588,0.001082,-0.000668598736226,-0.000710993560258
3.41745,0.000164656319507,0.001328,-0.0006681002009,-0.000710826178349
3.41774,0.000164161789151,0.001269,-0.000668321323574,-0.000710481750435
3.41883,0.000163105909822,0.000875,-0.000668046559592,-0.000710386908946
3.41991,0.000161988203967,0.000826,-0.000668754780718,-0.000711069336004
3.4211,0.000161532161093,0.001126,-0.000671233103937,-0.000710632403227
3.42198,0.000160507252998,0.001154,-0.000672957140532,-0.000710980682732
3.42256,0.000159466650654,0.000816,-0.000674838446934,-0.000711220603993
3.42313,0.000159426267022,0.00072,-0.000674930797477,-0.000711114338374
3.42397,0.000160705912939,0.000697,-0.000674775046467,-0.000709397045605
3.42482,0.000160318782517,0.001113,-0.000673884592364,-0.000705436599749
3.42572,0.000157933044444,0.001196,-0.000673540708542,-0.000704160931662
3.4266,0.000155222561863,0.001204,-0.000672950297667,-0.00070309056715
3.42744,0.000153513108834,0.000703,-0.000672560515867,-0.00070198237442
3.42847,0.00015438915623,0.000757,-0.0006703844712,-0.000701018296914
3.42949,0.00016012933699,0.000584,-0.000669271294701,-0.000701797482577
3.43021,0.000163701456344,0.000656,-0.000668873478157,-0.000702067919487
3.43127,0.000165727283054,0.000953,-0.000668646829966,-0.000701651467695
3.43215,0.000164477309249,0.000956,-0.000668399352038,-0.00070465731986
3.43295,0.000161872255488,0.000953,-0.0006685041139,-0.000705133996876
3.43371,0.000160097572165,0.000665,-0.000669504544066,-0.000706999664347
3.43468,0.000159414029,0.000638,-0.000670985298932,-0.000708188171444
3.43516,0.000159871658092,0.000678,-0.000671856037974,-0.00070794668655
3.43623,0.000161951743843,0.000835,-0.000672918363015,-0.000706968877723
3.43709,0.000163484598206,0.001423,-0.000670632993695,-0.000707244928023
3.43823,0.000161810133978,0.001446,-0.000670065412358,-0.000708996592673
3.43851,0.00016084739888,0.001387,-0.000669939192898,-0.000709767606489
3.43933,0.000160301483757,0.000877,-0.000669815236373,-0.00071135548841
3.44041,0.000161626855841,0.000806,-0.000670377377678,-0.000710936720334
3.4415,0.000160182045322,0.000683,-0.000671343941595,-0.000710202439525
3.4423,0.000158324746346,0.000655,-0.000670054898064,-0.000708961960582
3.44315,0.000155074552945,0.000815,-0.000669995611322,-0.000706668943129
3.44428,0.000149298362685,0.000801,-0.000667928099872,-0.000705112137481
3.44536,0.000141709236359,0.000977,-0.000667532684389,-0.000704263983257
3.44645,0.000137703165056,0.000702,-0.000667979952679,-0.000703632470678
3.44758,0.00013535818731,0.001032,-0.000667380065047,-0.000704644239017
3.44874,0.000135297145982,0.000997,-0.000662840132751,-0.000704826653376
3.44988,0.000133570762715,0.000794,-0.00066268407246,-0.000705218134768
3.45101,0.00013341708042,0.00104,-0.000664758853304,-0.000706103899358
3.45157,0.000133592988867,0.000878,-0.000667099647738,-0.000708238994425
3.45267,0.000133488627461,0.001119,-0.000668250290044,-0.000710032242663
3.45368,0.000135400136414,0.001084,-0.000668128926121,-0.000710730972083
3.45481,0.000134583390192,0.001241,-0.000666789722116,-0.000711707220986
3.45561,0.000132496657818,0.001352,-0.000666757014992,-0.000712881675959
3.45669,0.000127687238353,0.000912,-0.000666866420535,-0.000713183467854
3.45748,0.00012651207888,0.000731,-0.000666530238168,-0.000713487157063
3.45825,0.000127165306573,0.000544,-0.000666763626523,-0.000714016566069
3.45935,0.000127960158225,0.000706,-0.000667913910935,-0.000713493438187
3.46019,0.000129822212534,0.000796,-0.000669588095649,-0.000711937308233
3.46131,0.000130169068636,0.000862,-0.000672013211839,-0.000709475036398
3.46238,0.00013248276078,0.000658,-0.000673000777162,-0.000707759131697
3.46345,0.000138740375666,0.000684,-0.000672917521736,-0.00070703044894
3.46425,0.000144060277117,0.00056,-0.00067352962739,-0.000706675772269
3.46531,0.000146158445716,0.000589,-0.000672717530939,-0.000705701680825
3.46636,0.000144049639883,0.000913,-0.000673522447204,-0.00070504440469
3.46717,0.000141080509106,0.000952,-0.000674223810388,-0.000707206625108
3.46833,0.000141277261285,0.00091,-0.000672112614878,-0.000711138342616
3.46948,0.00014425497027,0.000642,-0.00067069046755,-0.000713547871024
3.47031,0.0001468392164,0.00058,-0.000669899215993,-0.000713903620472
3.47086,0.000150422268777,0.001068,-0.00067054951291,-0.000712728609149
3.47192,0.000156031881063,0.001095,-0.000670100872939,-0.000710546643257
3.47289,0.000157166846781,0.000849,-0.000665865203672,-0.000706883938569
3.47359,0.000156964294398,0.000877,-0.000663925215845,-0.000706387797461
3.4743,0.000155425523962,0.000802,-0.000662994813356,-0.000705406713343
3.47533,0.000151203188439,0.000625,-0.000663184526717,-0.000705223462891
3.47641,0.000148117025595,0.000904,-0.000667086916128,-0.000705296984785
3.47749,0.00014823609006,0.000883,-0.000669038843183,-0.000705686777189
3.4783,0.000147767990921,0.000871,-0.000671659994568,-0.000706824471959
3.47941,0.000143337585358,0.000629,-0.000674070227806,-0.000707607549195
3.48042,0.000141247332457,0.000693,-0.000674066814305,-0.000707128096964
3.48141,0.00014296037514,0.000864,-0.000673021148535,-0.000706783053235
3.48244,0.000143928174685,0.000505,-0.000672806724116,-0.000705517481091
3.48347,0.000145394519177,0.000586,-0.000673030079683,-0.000703675757766
3.48428,0.000148588331841,0.000763,-0.000671202118195,-0.000703100201433
3.48533,0.000153238369396,0.000914,-0.000668752140964,-0.000703864959095
3.48644,0.000154669958309,0.001048,-0.00066776637143,-0.000705512156319
3.48762,0.000152786085766,0.000685,-0.000669787575416,-0.000706159203912
3.48854,0.000151734105769,0.000717,-0.000672497256682,-0.000706288931197
3.48978,0.000157442083267,0.000891,-0.00067364090525,-0.000706033695682
3.49068,0.000161378301053,0.000965,-0.000673342261182,-0.000705210675294
3.49182,0.000164900704658,0.001387,-0.000670426506773,-0.000703901294099
3.49293,0.000167503615446,0.00164,-0.000669276418828,-0.000703027404163
3.49406,0.00016560390743,0.001108,-0.000667005347911,-0.00070272217485
3.49522,0.000160377452944,0.000985,-0.000665514872782,-0.000703214727178
3.49634,0.000156887344066,0.000976,-0.000665952428467,-0.000706018802636
3.4974,0.000155294460697,0.001108,-0.000668110136456,-0.000707870402157
3.49818,0.000152686281767,0.001201,-0.000669949711173,-0.00070994047619
3.49918,0.000147320952599,0.000449,-0.000671078740213,-0.000712152583376
3.49964,0.000145487657226,0.000645,-0.000671160020464,-0.000712666739044
3.50047,0.000143924006759,0.000767,-0.000671182913847,-0.000712126335657
3.50111,0.000144090347265,0.000508,-0.000669041934815,-0.000710647769838
3.5018,0.000144868033682,0.000774,-0.000668124751105,-0.000709535221496
3.5029,0.000146320540115,0.000878,-0.000666854871729,-0.000707594826743
3.50398,0.000144232289399,0.000682,-0.000667220835548,-0.000708162757875
3.50511,0.00014416275392,0.000926,-0.000668605715409,-0.000707075029922
3.50625,0.000145806232753,0.00068,-0.000668979565736,-0.00070582514981
3.50736,0.000145804347992,0.001028,-0.000668136629767,-0.000706501520919
3.50869,0.000143629264992,0.000862,-0.000668373853303,-0.000708660188176
3.5095,0.000140419151543,0.000722,-0.000668216105386,-0.000710931017761
3.51035,0.000139567362103,0.000983,-0.000667776303542,-0.000711770269934
3.51143,0.000142366938377,0.001117,-0.000668056347778,-0.00071203918258
3.51257,0.000141391138367,0.001117,-0.000667573047645,-0.00071254821901
3.51342,0.000139304279272,0.00086,-0.000665058377602,-0.000712188277891
3.51445,0.000139396564239,0.000898,-0.00066328512094,-0.000711060475096
3.51538,0.000140838528152,0.000916,-0.000662148340097,-0.000710493964445
3.51632,0.000142967657051,0.000642,-0.000660176009846,-0.000710300054988
3.51735,0.000141730328649,0.000704,-0.000658500076605,-0.00070987612338
3.51847,0.000144901023329,0.001047,-0.000658241550891,-0.000709255347525
3.51904,0.000146507545466,0.001177,-0.000659735591608,-0.000707475006624
3.52016,0.000145733932424,0.001293,-0.000664795177255,-0.000707618150973
3.52127,0.000144926222283,0.001429,-0.000665450016282,-0.000708114044658
3.52182,0.000144520652938,0.001462,-0.000663188550817,-0.00070834168228
3.52235,0.000143405912773,0.001251,-0.000661082539455,-0.000708117221762
3.52342,0.000141255940131,0.000709,-0.000662127350025,-0.000708289811863
3.52425,0.00014090502112,0.000961,-0.000662798950286,-0.000707554536688
3.52508,0.00014092919206,0.000978,-0.000664498636604,-0.000708606926351
3.52592,0.000141191628483,0.000927,-0.000665168975873,-0.000709238093292
3.52647,0.000143790836039,0.000979,-0.000667187173363,-0.000710773840418
3.52758,0.00015031376908,0.000996,-0.000668981253627,-0.00071256789389
3.52838,0.000151219012828,0.000827,-0.000667594957724,-0.000713271218163
3.52891,0.000151332418844,0.001067,-0.000665981353482,-0.000714266205593
3.52998,0.000155499876327,0.000778,-0.000664660623527,-0.000715292430042
3.53051,0.000157567831079,0.000744,-0.000663807199541,-0.000715614547529
3.53131,0.00016004296733,0.000721,-0.000664176619272,-0.00071550198829
3.53184,0.000162749306891,0.0008,-0.000664449470499,-0.00071543840105
3.53263,0.000167531787546,0.000771,-0.000661711922707,-0.000714983653827
3.53375,0.000171230281218,0.00076,-0.000661492441845,-0.000713696258758
3.53461,0.00017249719746,0.000703,-0.000662217054818,-0.000712837400525
3.5354,0.000172313521847,0.00092,-0.000662899054669,-0.000710923593942
3.5359,0.000172678295392,0.001084,-0.000663035265354,-0.000710408543394
3.53666,0.000174013144319,0.001304,-0.000664541524405,-0.000709036507207
3.53741,0.000176397113544,0.001255,-0.000665326513461,-0.000708849495419
3.53816,0.000178279056459,0.000744,-0.000666322538971,-0.000710503447072
3.53893,0.000180920876379,0.000796,-0.000666484373887,-0.000710840481441
3.53948,0.000182289966679,0.001192,-0.000666828672001,-0.000710821529745
3.54036,0.000183592077194,0.00127,-0.000667865869201,-0.000708157463206
3.54156,0.000185177128897,0.000977,-0.000669629436783,-0.00070762755073
3.54243,0.000184467834014,0.000739,-0.000670435763491,-0.000706687291137
3.54271,0.000184271079763,0.000937,-0.000669869102267,-0.000705394795481
3.54377,0.000182070226922,0.000933,-0.000668899784225,-0.000702526875881
3.54457,0.000179481767373,0.000845,-0.000666180736828,-0.000701984520457
3.54566,0.000174483686243,0.000695,-0.000663553042716,-0.000701957694292
3.54652,0.0001695812664,0.000616,-0.000663577459791,-0.000702067135404
3.54763,0.000169677345597,0.000666,-0.000664947507482,-0.000701024262217
3.54871,0.000176230095725,0.000608,-0.000666790984725,-0.000699466924205
3.54991,0.000182019182908,0.000675,-0.000669069169626,-0.000700004860579
3.55078,0.000181173319535,0.001012,-0.000671367608094,-0.00070144767159
3.55164,0.00018092050259,0.000911,-0.000671593517558,-0.000702182970206
3.55301,0.000181840492879,0.000906,-0.000672048633654,-0.000701205898516
3.55405,0.000181006559617,0.001065,-0.000672912807655,-0.00070081454867
3.55484,0.000182081517419,0.001057,-0.000671639410859,-0.000703018037011
3.55539,0.000182846725398,0.001287,-0.000670648157452,-0.000707700325851
3.55631,0.000182404059982,0.001423,-0.000669765000574,-0.000709133336966
3.55724,0.000179463046309,0.001403,-0.000669642148811,-0.000714563694537
3.55816,0.000176998441274,0.001151,-0.0006702755926,-0.000717160162871
3.55927,0.000175677101098,0.000622,-0.000670777628322,-0.000717910446754
3.55981,0.000173920490093,0.000705,-0.000670357008137,-0.000715933007129
3.56122,0.000172979615926,0.001029,-0.000668066361732,-0.000712572907937
3.56242,0.000174382232088,0.001244,-0.000665571615139,-0.000708796118908
3.56329,0.000174269729738,0.001301,-0.000665946643258,-0.000705442928765
3.56439,0.000171040638038,0.00095,-0.000662684447453,-0.000704554842184
3.56573,0.000165278939449,0.000785,-0.000660934100507,-0.000705177639049
3.5668,0.00016035525022,0.00087,-0.000660627729851,-0.000708669708255
3.56784,0.000155818320319,0.001,-0.000661954730817,-0.000712554512871
3.56897,0.00015618846661,0.000955,-0.00066262845454,-0.000713781231645
3.57018,0.000156784650997,0.001016,-0.000660290025475,-0.000714622654817
3.57103,0.000156156373917,0.001249,-0.000657178651222,-0.000713964279866
3.57187,0.000156209673682,0.001167,-0.000652216623198,-0.000713472500777
3.57297,0.000159351776735,0.000959,-0.000650013884563,-0.000713263074619
3.57401,0.000160151249615,0.001147,-0.000649352462532,-0.000712919410693
3.57454,0.000158216777773,0.001277,-0.000650794969792,-0.000712649959287
3.57565,0.000150084268392,0.001289,-0.000650764570412,-0.000712798858412
3.57592,0.000148553577799,0.001179,-0.000650190212471,-0.00071457043704
3.57672,0.000145986997782,0.001178,-0.00065101273502,-0.000717523984376
3.57776,0.000142546708958,0.001115,-0.000651827937552,-0.000718541938703
3.57879,0.000141122427924,0.001029,-0.000655044593255,-0.000718520193331
3.57985,0.000143900001255,0.001148,-0.000658568210706,-0.000717344417202
3.58091,0.00014689930235,0.00097,-0.000661756376776,-0.000715315548569
3.58145,0.000147120765352,0.000855,-0.000664328720312,-0.000713623229011
3.58256,0.000143884941045,0.001227,-0.000663584548841,-0.000713287163445
3.5836,0.000142072677376,0.001132,-0.000657108838726,-0.000713426435144
3.58477,0.000143951599347,0.000961,-0.000655927563142,-0.0007141043936
3.58564,0.000145597026245,0.001045,-0.000656005511064,-0.000714771965139
3.58675,0.000145239950582,0.00087,-0.000655998031744,-0.00071664312482
3.58781,0.000144374920702,0.000792,-0.000656190096786,-0.000719369570245
3.5889,0.000145652887489,0.00112,-0.00065617788251,-0.000720176112622
3.59002,0.000147469815981,0.001243,-0.000656282928913,-0.00071985717588
3.59056,0.000147714896591,0.001176,-0.00065645520365,-0.000718844196606
3.59167,0.000148504804303,0.001066,-0.000655680250099,-0.000717691033245
3.59252,0.00015229766147,0.000859,-0.00065505195707,-0.000717089997231
3.59367,0.000156420405068,0.001358,-0.000656601921485,-0.000714476430188
3.59478,0.000160489203291,0.001211,-0.000661124522733,-0.00071075308663
3.59558,0.000163780568095,0.001248,-0.000662580768204,-0.000709530998234
3.59662,0.000170213230148,0.000853,-0.000664646702057,-0.000709179277206
3.59769,0.00017417827316,0.001052,-0.000666650427697,-0.000710205178504
3.59883,0.000173885223373,0.001258,-0.00066590113689,-0.000709563727509
3.59994,0.000173295790179,0.000864,-0.000667405488499,-0.00070771567602
3.60081,0.000172342709384,0.000899,-0.000669478750061,-0.000709617567436
3.60169,0.000170826605256,0.000972,-0.000671051091647,-0.000711995074784
3.60314,0.000169877357672,0.001196,-0.000670672190222,-0.000712918362548
3.60424,0.000172392014792,0.000921,-0.000666534069527,-0.000711931005993
3.6053,0.000177504326931,0.00079,-0.000662550475732,-0.000708746919483
3.60638,0.00018157523036,0.000863,-0.000660421815923,-0.00070547914138
3.60723,0.000184568998017,0.000845,-0.000660787955214,-0.000705196821669
3.60838,0.000186547937266,0.001074,-0.000663990782664,-0.00070579109266
3.60951,0.000191346304672,0.001008,-0.00066651327732,-0.000707512122342
3.61093,0.000196343215382,0.001204,-0.000668330990739,-0.000708078035963
3.61211,0.000195992805366,0.001087,-0.000671608716707,-0.000708479269688
3.6133,0.000195217645345,0.000858,-0.000675957242416,-0.000705368364543
3.61449,0.000196982842623,0.00104,-0.000677216095709,-0.000703033827907
3.61587,0.000203092964024,0.001188,-0.000675457185708,-0.000703730281246
3.61672,0.000205228267261,0.001499,-0.000674257569173,-0.00070390556862
3.61758,0.000202506932282,0.001357,-0.000673103243349,-0.000703721728963
3.61844,0.000194724868718,0.000942,-0.000671068436109,-0.000703476853602
3.61958,0.000186755913577,0.000627,-0.000669351464732,-0.000702789663713
3.62079,0.000180657711994,0.000959,-0.000669131961094,-0.000702146517876
3.62202,0.000178160986408,0.001043,-0.000669908397326,-0.000701838567588
3.62295,0.000176874796636,0.001031,-0.000671015767264,-0.000701297287149
3.62385,0.000175823399136,0.001067,-0.000672740552706,-0.000701434814359
3.62505,0.000173700116567,0.001012,-0.000672441470388,-0.000701555117615
3.62598,0.000174143560576,0.001006,-0.000670828560285,-0.000701884719361
3.62689,0.000176989571002,0.001204,-0.000668669077659,-0.000705187230458
3.62807,0.000178289805032,0.001233,-0.000666947021164,-0.00071040439676
3.62922,0.000178097932693,0.001052,-0.000667920605923,-0.00071358450491
3.6307,0.000176609919536,0.000747,-0.000668459188872,-0.000713555198033
3.6313,0.000177498109427,0.000696,-0.000667842959187,-0.000713822031515
3.6325,0.000179153770509,0.000976,-0.000667072372012,-0.000711983522049
3.63374,0.000179588045137,0.001372,-0.000667388637628,-0.000707652075043
3.635,0.000175823534966,0.001552,-0.000669797580622,-0.000708593840869
3.63615,0.000174551264207,0.001298,-0.000669787878501,-0.000709053823771
3.63725,0.000172292973439,0.000952,-0.000666852925434,-0.000707018000972
3.63803,0.00016896664486,0.000898,-0.000665159214088,-0.000705760509688
3.63831,0.000167697079578,0.00104,-0.000663689809584,-0.000704527372436
3.63916,0.000165192303202,0.00098,-0.000664016339395,-0.000703669614983
3.63966,0.00016516390828,0.001242,-0.00066666117482,-0.000703203224428
3.64057,0.000164931555386,0.001268,-0.000666961473608,-0.000703391548086
3.64116,0.000164769165098,0.000974,-0.000668537308906,-0.000704052221634
3.6426,0.000164563059979,0.001224,-0.000668635634029,-0.000704595669052
3.64321,0.000162952922366,0.001316,-0.000667438603483,-0.000705397407944
3.64383,0.000160683504015,0.001372,-0.000665848767449,-0.000707862220115
3.64483,0.00015605538357,0.002088,-0.00066479138099,-0.000710838933817
3.64607,0.000150031587297,0.001132,-0.000664436351696,-0.000714239806719
3.64664,0.000148934361105,0.001024,-0.000664739187007,-0.00071472972973
3.64749,0.000147718464176,0.000682,-0.000666376875263,-0.00071483308004
3.64834,0.000148421447803,0.000817,-0.000666088939458,-0.000714643064704
3.64923,0.000146108808757,0.001015,-0.000666956193604,-0.000713497144213
3.65042,0.000143584941763,0.000855,-0.00066451257856,-0.000712714492173
3.65157,0.000147107908706,0.000906,-0.000664314468342,-0.000711410284285
3.65294,0.000150714007118,0.00082,-0.000665030242139,-0.000709432294687
3.65375,0.000152336775072,0.001209,-0.0006661075065,-0.000707852938435
3.65458,0.000152934356489,0.001406,-0.000662861507662,-0.000706366537666
3.65563,0.000151258102733,0.001148,-0.000660875676734,-0.000709820203051
3.65671,0.000149006598561,0.000597,-0.000658568226075,-0.000713278784865
3.65783,0.00014842447157,0.000701,-0.000659673501496,-0.00071274328898
3.65897,0.000149828548341,0.001263,-0.0006627392307,-0.000710383319502
3.65984,0.000152282735101,0.001026,-0.000664935544285,-0.000709018139459
3.66095,0.000154357667969,0.001025,-0.000665087409761,-0.000710024360923
3.66169,0.000156837381614,0.000705,-0.00066514536121,-0.000710282691883
3.66242,0.000159628143798,0.000536,-0.000665159268532,-0.00071008763892
3.66343,0.00016093558406,0.000795,-0.00066505495394,-0.000709135450415
3.66454,0.000159397061781,0.000913,-0.000665250815169,-0.000705941682633
3.6659,0.000163697581746,0.000908,-0.000665372464467,-0.000707174790968
3.66693,0.000169171439796,0.000855,-0.00066446457655,-0.00070639417521
3.6679,0.000172614733848,0.000967,-0.000663327044475,-0.00070964923507
3.66916,0.00017567154349,0.001023,-0.000662871987121,-0.000709600677149
3.67031,0.000171575498627,0.001432,-0.00066325375186,-0.000708074858592
3.67143,0.000164296571838,0.001325,-0.000667553511561,-0.00070736364174
3.67224,0.000158573499529,0.001306,-0.000669655847329,-0.000707543933464
3.67334,0.000152595766592,0.001225,-0.000669706367848,-0.000707250128253
3.67449,0.000150021055899,0.000998,-0.000667015738614,-0.000706726760358
3.67538,0.000151298719856,0.001044,-0.000667596110859,-0.000709603844125
3.67667,0.000152978554488,0.000838,-0.000667305501451,-0.00071157163674
3.67756,0.000154323530135,0.001145,-0.000666284445394,-0.000711275105303
3.67846,0.000156539113574,0.001362,-0.0006660716483,-0.000710497125342
3.67967,0.00015662437094,0.000647,-0.00066741394934,-0.00070854064173
3.68119,0.000158127872083,0.001015,-0.000667854344128,-0.000710542429171
3.68235,0.000164672029023,0.00113,-0.000665410634909,-0.00070978960229
3.68323,0.000169176803843,0.001115,-0.000665718651309,-0.00070803249157
3.68478,0.000173752647809,0.000949,-0.000666993802425,-0.000706832967653
3.68571,0.000177139487805,0.001177,-0.000667743689523,-0.000706925348338
3.68662,0.000180018377162,0.00084,-0.000667053835959,-0.000706830843744
3.6878,0.000181692344213,0.000993,-0.000666616114014,-0.000706549340267
3.68899,0.000180970782961,0.000981,-0.000666457790415,-0.000705937946385
3.69052,0.00018000608727,0.000859,-0.000666263571451,-0.000705469555961
3.69167,0.000181351108782,0.000511,-0.000667769050095,-0.000704604995237
3.69279,0.000181053445312,0.000588,-0.000667952298537,-0.000704405418234
3.69415,0.00017985486695,0.000601,-0.000668185077337,-0.000705391800295
3.69529,0.000178085398887,0.00065,-0.000668335499834,-0.00070452709563
3.69646,0.000177070808103,0.000711,-0.000667283148952,-0.000702668605342
3.69791,0.000177063073553,0.000702,-0.000666189197566,-0.000701054367242
3.69879,0.000180930211724,0.000869,-0.000665801624301,-0.000700186999865
3.69994,0.000186323891411,0.000909,-0.000666478230466,-0.000699637341113
3.70111,0.000187615957431,0.001231,-0.000667591136831,-0.000700427138989
3.70226,0.000185299286284,0.00064,-0.000668689996316,-0.00070291497439
3.70315,0.00018279139601,0.000542,-0.000669051132401,-0.000704245268162
3.70406,0.000178649136744,0.0008,-0.000669026988367,-0.000704041264366
3.70523,0.000176470738384,0.000751,-0.000669322382805,-0.000703507871102
3.70645,0.000176585118389,0.000725,-0.000670748900136,-0.0007044758669
3.70735,0.000177064177092,0.000723,-0.000670475008129,-0.00070397609258
3.70821,0.000176899266584,0.000512,-0.00067059077217,-0.000703222218541
3.70934,0.000175073540419,0.000674,-0.000671285920686,-0.000701134996193
3.7105,0.000174413169858,0.000927,-0.000673768264173,-0.000700807018749
3.71188,0.000170529506372,0.001249,-0.000671676195718,-0.000703590217944
3.71272,0.000168002816766,0.00099,-0.000667830961867,-0.000705038008485
3.71394,0.000165581197133,0.000664,-0.000666097624424,-0.00070556114193
3.71509,0.000163548263731,0.000714,-0.000666248295911,-0.000707383795452
3.71652,0.000158626883371,0.000813,-0.000665516143945,-0.000709046124223
3.71743,0.0001550830991,0.000734,-0.000664647965058,-0.000710050171927
3.71865,0.000150022235379,0.000684,-0.000663179435369,-0.000710681473809
3.71955,0.000145737185903,0.000707,-0.000661256567128,-0.000712922555116
3.72096,0.000140513198221,0.00068,-0.00066100062569,-0.00071295923847
3.72148,0.000140364709807,0.00063,-0.000661032187347,-0.000712339424217
3.72235,0.000140732578617,0.000647,-0.0006619757584,-0.000710418096466
3.72348,0.000140915299616,0.000684,-0.000663589131724,-0.000708466571014
3.7243,0.000140695798111,0.000775,-0.000663763500771,-0.000707976349332
3.72511,0.000142570128648,0.000851,-0.000664491689657,-0.000705965609309
3.72622,0.000144871097514,0.00063,-0.000665208731822,-0.000706791549684
3.72705,0.000144637352716,0.000997,-0.000666400848225,-0.000706127298238
3.72847,0.000143725868464,0.000894,-0.000669835816145,-0.000707234212939
3.7296,0.000142507963805,0.00072,-0.000670894464236,-0.000708909761459
3.73071,0.000141351008214,0.000447,-0.000670454400325,-0.000708940420135
3.73158,0.000142515850327,0.000735,-0.000670399364234,-0.000707784567287
3.73274,0.000143179224032,0.000731,-0.000671330695516,-0.000705559012228
3.7339,0.00014508824705,0.000801,-0.000672542293682,-0.000706991171688
3.73478,0.000147393185235,0.000787,-0.000672526101305,-0.000705606928183
3.7362,0.000149261725141,0.000575,-0.000671185292832,-0.000703306755614
3.73704,0.000149753643616,0.001078,-0.000670312288619,-0.000701542229455
3.73787,0.000149170587478,0.00091,-0.000670773045873,-0.000700035099665
3.73929,0.000147770376491,0.00073,-0.000671184183939,-0.000698956382628
3.73985,0.000145990243528,0.000623,-0.000671646460364,-0.000698507987756
3.7404,0.000143181242809,0.000644,-0.00067283445182,-0.000698087296929
3.74174,0.000138098388905,0.00068,-0.000675030247678,-0.000698305800262
3.74227,0.000137536256029,0.000704,-0.000675414407145,-0.000698068903408
3.74365,0.000136494606029,0.000764,-0.000675582308346,-0.000697457180395
3.74477,0.000135279904359,0.000619,-0.000675244177346,-0.000695994492534
3.74589,0.000131665611941,0.000602,-0.000674491041372,-0.000695039348392
3.74738,0.000132886581656,0.000978,-0.000677264708369,-0.000696780654341
3.74867,0.000133383572271,0.001193,-0.000673319123854,-0.000698246316824
3.75003,0.000130424707533,0.000552,-0.000673326307252,-0.000700870481441
3.75169,0.000132297899337,0.000951,-0.000677585461408,-0.000699029813837
3.75301,0.000131860716983,0.000842,-0.000677718731664,-0.000699836801427
3.75455,0.000128486268916,0.001148,-0.000678292050178,-0.000700780125191
3.75543,0.000128497332234,0.000755,-0.000677916772262,-0.000700469123807
3.75659,0.00012873674089,0.000595,-0.000678169555303,-0.000701694716655
3.75748,0.000128471620375,0.000734,-0.000677881343005,-0.000702289158004
3.75903,0.000131952405361,0.001066,-0.000675465020121,-0.000701310182037
3.76023,0.000133395391682,0.000878,-0.000673989091123,-0.00070042821557
3.76145,0.0001351193597,0.000618,-0.000670974191955,-0.000701719410622
3.76289,0.000135222988163,0.000723,-0.000669263777971,-0.000703998529793
3.76402,0.00013138869811,0.000658,-0.000668205667312,-0.000704926060739
3.76546,0.000126328664733,0.000784,-0.000667900356378,-0.000705574984759
3.76661,0.000126644211411,0.000489,-0.000668505031333,-0.000706271919836
3.76812,0.000127555019765,0.000652,-0.000668131662349,-0.000706108153787
3.76934,0.000128499356297,0.000801,-0.000665587459048,-0.00070604965199
3.77025,0.000127754958582,0.000627,-0.00066503482535,-0.000705777256233
3.77115,0.000126489317882,0.000558,-0.000664645172341,-0.000705139271447
3.77231,0.00012462695935,0.000776,-0.000665738387801,-0.000704057288825
3.77295,0.000124037563569,0.000548,-0.000665601777693,-0.000703579524367
3.77387,0.000122132888093,0.000643,-0.00066538984046,-0.000702545372232
3.77487,0.000118515656325,0.000745,-0.000665253132582,-0.000703760213006
3.77571,0.000117865704271,0.000675,-0.000665540406447,-0.000704979372533
3.77684,0.000118269856138,0.000683,-0.000665846028101,-0.000706571654285
3.77799,0.000119495234488,0.000822,-0.00066562725028,-0.000706881814892
3.77922,0.00012241778879,0.000738,-0.00066564924826,-0.000707063354362
3.78047,0.000125843908037,0.000906,-0.000667011185879,-0.000707729455088
3.78167,0.000130446534771,0.000777,-0.000664558523515,-0.000706856330014
3.78312,0.00013656613057,0.000632,-0.000663966386355,-0.000705462100499
3.78426,0.000139484011266,0.000655,-0.000664079063878,-0.000704561245001
3.78513,0.000141455821744,0.000394,-0.000665436117337,-0.000704273031436
3.78633,0.000142877127281,0.000568,-0.000667157722647,-0.000704753288761
3.78724,0.000142755749154,0.000781,-0.000668136629767,-0.000705189361855
3.78784,0.000142832799973,0.000957,-0.00066931009991,-0.000705041206599
3.78901,0.000144643931625,0.000724,-0.000669286047442,-0.000703747385343
3.79044,0.000148661645985,0.000452,-0.000669222840866,-0.000702628959964
3.79128,0.000149443920892,0.000622,-0.000670115014856,-0.000701688274536
3.79239,0.000149727299529,0.000484,-0.000672180110002,-0.00069960930207
3.79342,0.000150797012787,0.000504,-0.000672359320386,-0.000698103525909
3.79463,0.000149806108172,0.000587,-0.000671684233275,-0.000699037372282
3.79576,0.000148032703855,0.000584,-0.000671567579059,-0.000699365507621
3.79723,0.000146820122174,0.000631,-0.000672004070305,-0.000698151127692
3.79844,0.000146557031063,0.000579,-0.000672447235926,-0.000696955299681
3.79904,0.000146894825053,0.000456,-0.000673980330897,-0.000697842712586
3.79989,0.000147442937183,0.000603,-0.000674947834223,-0.000697935799474
3.80101,0.00014685401911,0.000674,-0.000676057333429,-0.000698067821414
3.80215,0.000145881405916,0.000433,-0.000673582991061,-0.000697988829126
3.80336,0.000146770098616,0.000677,-0.000673914319982,-0.000698195479568
3.80456,0.000144816643531,0.000733,-0.000675173798144,-0.000697900082261
3.80596,0.000145806468074,0.000771,-0.000673685488195,-0.000697383503522
3.80729,0.000145246563089,0.000725,-0.00067550630626,-0.00069755684254
3.80841,0.000141178601693,0.000604,-0.000676296369423,-0.000698623638879
3.80955,0.000137719601194,0.000604,-0.000676044868585,-0.000699765652322
3.81042,0.000136507932892,0.000633,-0.000674856964625,-0.000700696207389
3.81129,0.000135925730758,0.000707,-0.000673391604888,-0.00070071342252
3.81239,0.000134525822188,0.000806,-0.00067298807863,-0.000699511152248
3.81347,0.000134488281015,0.001155,-0.000672701758359,-0.000699505758807
3.81459,0.000137785972358,0.000588,-0.00067255910533,-0.000699073003313
3.81583,0.00013924142389,0.000667,-0.000672272530938,-0.00069863120385
3.81646,0.000138803377607,0.00073,-0.000670854290124,-0.000697340158804
3.8177,0.000133843692596,0.000692,-0.000668188460331,-0.000696506080933
3.81891,0.000130408284269,0.000718,-0.00066795690767,-0.000697368333324
3.82013,0.000127959673724,0.000815,-0.000670548759291,-0.000700169765432
3.82147,0.000125213251278,0.000645,-0.000673086871098,-0.00070151752616
3.82227,0.000124036876095,0.000799,-0.000674365734705,-0.000701868620421
3.82339,0.000123803803131,0.001,-0.000674259070604,-0.000701953401963
3.82467,0.000120285858842,0.000701,-0.000672957734187,-0.000701475634992
3.82569,0.000120006369736,0.000842,-0.000669399006195,-0.00070221301717
3.8271,0.000119469163454,0.000689,-0.000666748246063,-0.00070400707702
3.8283,0.000117752251786,0.000638,-0.000666383081795,-0.000706003909115
3.82921,0.000113850806246,0.000649,-0.000668005300927,-0.000708838921625
3.83031,0.000110552382694,0.000652,-0.000666683126009,-0.000709949970114
3.83085,0.000110148851501,0.000918,-0.000666529446891,-0.000711936257866
3.83231,0.000108196152511,0.000793,-0.000668536158003,-0.00071210113645
3.83313,0.000106413304533,0.000557,-0.000669398730244,-0.00071251150312
3.83412,0.000105903953862,0.000619,-0.000668303639469,-0.000711960415716
3.8349,0.000107157729776,0.0004,-0.000667295049881,-0.000711324540362
3.83573,0.000110539648813,0.000325,-0.000666782535627,-0.000711329799101
3.83656,0.000114329559446,0.000641,-0.000666329172243,-0.000711392899327
3.83738,0.000115526852409,0.000671,-0.000667009966028,-0.000709709397637
3.8382,0.00011775668678,0.000603,-0.000666038041529,-0.000708465512776
3.83929,0.000121657706429,0.000499,-0.000664762702168,-0.000706223008721
3.84009,0.000123877706222,0.000835,-0.000665886473008,-0.000705954969917
3.84144,0.000124324491413,0.000789,-0.000668130870475,-0.000706074117269
3.84227,0.000122286608127,0.00078,-0.000668654686741,-0.000705777256233
3.84308,0.000120671191314,0.000689,-0.000668982503923,-0.000704089336097
3.84417,0.000122657696098,0.000373,-0.000669937087871,-0.00070203173078
3.84528,0.000130196888295,0.000598,-0.000669306652682,-0.000702269855864
3.84642,0.00013397249265,0.000787,-0.0006685407616,-0.000702526080639
3.84759,0.000135783813019,0.00098,-0.000669026196163,-0.000701636734404
3.84841,0.000135576279625,0.000817,-0.000668474691149,-0.000699520860286
3.84925,0.000136761997901,0.000852,-0.000668412523108,-0.000698460422039
3.85068,0.000137566861214,0.000644,-0.000669500821469,-0.000697091933536
3.85153,0.000135400698076,0.000724,-0.000669226210419,-0.000696902153598
3.85211,0.000134765951397,0.000791,-0.000669584650396,-0.000696842492696
3.85271,0.000134136219791,0.000871,-0.000672749680336,-0.000696878290143
3.85363,0.000132493856098,0.000843,-0.000675560756732,-0.000697633741309
3.85455,0.000131572636599,0.000775,-0.000677212895711,-0.000697625077286
3.8558,0.000131077922893,0.000936,-0.000676950562679,-0.000697296810099
3.85732,0.00013164335662,0.000884,-0.000675483616748,-0.00069745176337
3.85822,0.000132378524654,0.000792,-0.000673737867224,-0.000697931470259
3.85942,0.000134596096882,0.000728,-0.000673170505098,-0.00069728813988
3.86085,0.000140469782636,0.000595,-0.00067370029154,-0.000696723148244
3.862,0.000142739280351,0.000671,-0.000674820611994,-0.000696043394376
3.86294,0.000143852523518,0.000718,-0.000676708577927,-0.000697004102032
3.86421,0.000143057677502,0.000998,-0.000676846494474,-0.000697805905719
3.86552,0.000142265064512,0.00091,-0.000674095981472,-0.000698031032134
3.86678,0.000142972161859,0.000695,-0.000674945562691,-0.000698570680676
3.86804,0.000147053382825,0.000569,-0.000675958739034,-0.000698178172016
3.86863,0.000149726497922,0.000896,-0.000675002347769,-0.000698293904176
3.86985,0.000155744411386,0.001219,-0.000673332350948,-0.000699199309774
3.8714,0.000158529152895,0.001013,-0.000670323371082,-0.000698727376455
3.8726,0.000152843589855,0.000903,-0.000668143468568,-0.000697878434148
3.87291,0.000150135079817,0.000693,-0.00066667257028,-0.000696835983778
3.87381,0.000143786452547,0.000765,-0.000665795994601,-0.000695272329272
3.87524,0.000137512285734,0.000773,-0.000667361850682,-0.000697549260291
3.87637,0.000138071478185,0.001258,-0.000669183673711,-0.000700125599313
3.87744,0.000136773177491,0.001212,-0.00066913345308,-0.000706194297636
3.87877,0.00013495458171,0.001124,-0.000667584579389,-0.000710997329684
3.8799,0.000133517645803,0.00063,-0.00066503983069,-0.000714331204295
3.88096,0.000133244475708,0.000689,-0.000662795092048,-0.000714991144732
3.88236,0.000134550945512,0.000892,-0.000661214577218,-0.000713676600167
3.88343,0.000133059404214,0.000645,-0.000660812510673,-0.000712882724187
3.88428,0.000129449231421,0.000693,-0.000663075667555,-0.000713858643722
3.88544,0.000125842320039,0.000892,-0.000662687981731,-0.000714595502308
3.88682,0.000128253375323,0.000923,-0.000663610804168,-0.000715489652249
3.88792,0.00012894296419,0.000746,-0.000664761594405,-0.000716715900979
3.88875,0.000129411736331,0.0006,-0.000664991195142,-0.000716485057078
3.88961,0.000130532310372,0.000703,-0.000666969621097,-0.000714421061662
3.89019,0.000131590186176,0.000749,-0.000668286420221,-0.000713021069553
3.89104,0.000134422435698,0.001034,-0.000670206696068,-0.000710500286218
3.89216,0.000140133409594,0.000957,-0.000665178915333,-0.00070984447119
3.89357,0.000144172310329,0.000882,-0.000662740355222,-0.000709458140936
3.89472,0.000145022093831,0.000806,-0.000662025885305,-0.000708166993566
3.89586,0.000145125367753,0.00077,-0.00066293831047,-0.000709843416079
3.89693,0.000145352935753,0.000644,-0.000663998914496,-0.000710313757769
3.89769,0.000145095048861,0.000644,-0.000664379846898,-0.00070976744186
3.89868,0.000145704200633,0.000581,-0.000665424534581,-0.000710769935101
3.89995,0.000145742695895,0.000889,-0.000665715178526,-0.000710999434669
3.90022,0.00014551402596,0.000894,-0.000666654384488,-0.000710941544095
3.90132,0.000144983979991,0.000714,-0.000666173489929,-0.00071053294734
3.90272,0.000148001949507,0.001018,-0.000669542237061,-0.000707498336849
3.90404,0.000150004789585,0.001121,-0.000668678924338,-0.00070438513559
3.90506,0.000152573441081,0.001027,-0.000667550051825,-0.000702151881072
3.90583,0.00015492299967,0.000985,-0.000667513146441,-0.000701778456145
3.90665,0.000154824487572,0.000492,-0.000669020524498,-0.000699649203282
3.9079,0.000155614832471,0.000784,-0.000669899215993,-0.000699434559586
3.90894,0.000154802774668,0.000731,-0.000669760327136,-0.000700393763765
3.91007,0.00015311984079,0.00081,-0.000670312203994,-0.000703451182393
3.91153,0.00015183301707,0.001028,-0.000672326205196,-0.000706309131383
3.91239,0.000151157110601,0.001037,-0.00067295922146,-0.000707744293629
3.91325,0.000150205461684,0.000843,-0.000671314178517,-0.000709683011504
3.91445,0.000150318644781,0.000812,-0.000669464051112,-0.000708956277278
3.91505,0.000151895136776,0.000626,-0.000668744427125,-0.000708674997104
3.91564,0.000153993665759,0.00065,-0.000667838208567,-0.000707903248357
3.91677,0.000158777075564,0.0007,-0.000667478477031,-0.00070639417521
3.91789,0.000162056908066,0.001223,-0.000669811629269,-0.000705238381312
3.9193,0.000160758766357,0.000912,-0.000670718758939,-0.000706436691315
3.92038,0.000159278362464,0.000657,-0.000672129402197,-0.000707031510442
3.92183,0.000158034750883,0.000743,-0.000672893070783,-0.000706307005089
3.9229,0.000159428603106,0.00061,-0.000672219644092,-0.000705184033343
3.92412,0.000164082225001,0.00084,-0.000671255813953,-0.000703002778997
3.92518,0.000167728941454,0.000738,-0.000669565919234,-0.000699381692585
3.9265,0.000167463167775,0.000816,-0.000667759467211,-0.000699699883724
3.92734,0.000162398355677,0.000548,-0.000664272623534,-0.000700431445297
3.92848,0.000154703057566,0.000873,-0.000663718497,-0.000704163036494
3.92988,0.000146590403973,0.001007,-0.000667240453592,-0.000707106870872
3.93134,0.000143577258019,0.000976,-0.000669389379389,-0.000706550402863
3.93256,0.000142494311062,0.000631,-0.000670163110007,-0.000707974230624
3.93343,0.000142155635683,0.000623,-0.000670607962492,-0.000708689805561
3.93429,0.000143702239158,0.00063,-0.000671227552834,-0.000708586136473
3.93514,0.000146237590745,0.000788,-0.000670789789705,-0.000707412433439
3.93542,0.000146943555222,0.000847,-0.0006706385504,-0.000706399489935
3.93651,0.000148225767634,0.000846,-0.000671514395622,-0.000703780522753
3.93787,0.000146081756038,0.000687,-0.000671842922418,-0.000701761280032
3.93895,0.00014182987233,0.000564,-0.000673875619733,-0.000702230176747
3.9397,0.000141746862601,0.000642,-0.000675298657418,-0.000701803145705
3.94041,0.00014376994569,0.000979,-0.000677419889535,-0.00070085757447
3.94161,0.000148000245187,0.001051,-0.000676678050609,-0.000700765064126
3.94254,0.000150782573225,0.000766,-0.000676373520736,-0.000701745176855
3.94323,0.000151910952194,0.000486,-0.000677238263418,-0.000702120773682
3.94396,0.000152371725935,0.000862,-0.000678536412061,-0.00070272110352
3.9453,0.000157001981643,0.000933,-0.000677950968154,-0.000702167970291
3.94643,0.000156374021811,0.001478,-0.000677184633936,-0.000702239828733
3.947,0.000155684773872,0.001486,-0.000673039046433,-0.00070108339526
3.94814,0.000156705299874,0.001149,-0.000670170784901,-0.000699985532948
3.94902,0.000158315951352,0.001141,-0.000668334348449,-0.000700673611573
3.95022,0.000156072584943,0.001018,-0.000670290062109,-0.000702998496227
3.95142,0.000153017984661,0.000943,-0.00067300290335,-0.000704002803426
3.95226,0.000151957774373,0.000808,-0.000675128840232,-0.00070451002001
3.95305,0.00015079230628,0.00065,-0.000674797206551,-0.000704416092956
3.95357,0.000149606317609,0.000556,-0.000674567655297,-0.00070408719968
3.95469,0.000146772962712,0.000838,-0.00067444396035,-0.000703283215178
3.95555,0.000145017980282,0.001003,-0.000675391723069,-0.000702846432531
3.95638,0.000142978312837,0.000978,-0.000672166786478,-0.000701973790175
3.95748,0.000140909060677,0.000782,-0.000670843981246,-0.000700656394983
3.9583,0.000141155418172,0.000705,-0.000671029520038,-0.000699021175466
3.95941,0.000141699408224,0.000976,-0.00067110932018,-0.000697698716402
3.95996,0.000142753168911,0.000993,-0.000671274163115,-0.000697526512814
3.96113,0.000142405471235,0.001073,-0.000671108506395,-0.000697660815353
3.96228,0.000137226828526,0.000903,-0.000671076450431,-0.00069925003872
3.96338,0.000135970741197,0.001179,-0.000673537429799,-0.000701716189744
3.96449,0.000135727250208,0.001061,-0.000676660173186,-0.000704262353449
3.96561,0.000133656103345,0.001051,-0.000677170037543,-0.000705157389874
3.96646,0.000130800924665,0.0008,-0.000677292019855,-0.000705502571577
3.9676,0.000133867490234,0.000722,-0.000673760638943,-0.000705235184548
3.96906,0.000134413904919,0.001045,-0.000672922478527,-0.000705022017591
3.97022,0.000133935475637,0.000936,-0.000671437491067,-0.000705217069136
3.97159,0.000144846891225,0.001039,-0.000670556389697,-0.000706380356643
3.97312,0.000150850145225,0.001332,-0.000671933217559,-0.000710089192055
3.97431,0.000151335425775,0.00131,-0.000672721155922,-0.000713128992186
3.97525,0.000151565844592,0.001001,-0.000674226085318,-0.000712649959287
3.97556,0.000151789764399,0.00085,-0.000673813055436,-0.000711286675682
3.97676,0.00015300984406,0.000828,-0.000672989226769,-0.000708122516887
3.97792,0.000157029128275,0.000921,-0.000674065676466,-0.000706102835745
3.97901,0.000159902793856,0.001263,-0.000673587546951,-0.000704662611257
3.98013,0.000160982668782,0.001083,-0.000673669545624,-0.000704093608901
3.98096,0.000162169601248,0.000689,-0.000675121574682,-0.000703102342358
3.98201,0.000162538600879,0.000809,-0.00067617222923,-0.000702277362346
3.98274,0.000164075935871,0.000616,-0.000676198288428,-0.000701705453322
3.98298,0.000164220571367,0.000625,-0.000676264791587,-0.000700073887362
3.98394,0.000161839737509,0.000438,-0.000675437099912,-0.000698362032238
3.98511,0.000157845711558,0.000428,-0.000674847876724,-0.000698285252288
3.98583,0.000155791742583,0.00051,-0.000675278228112,-0.000698416095114
3.98661,0.00015303819618,0.000759,-0.00067618762841,-0.000699620086515
3.98747,0.000152589496515,0.000975,-0.000676057333429,-0.000700656394983
3.98803,0.000153303876519,0.000992,-0.000675490423714,-0.000701393990174
3.98885,0.000153260987968,0.001067,-0.000673229778881,-0.000702938533339
3.98989,0.00015351493995,0.000881,-0.000670280095316,-0.000704540969113
3.99095,0.000156419821524,0.001124,-0.000669122765058,-0.000705766612549
3.99209,0.000155409402464,0.001263,-0.000669882550614,-0.000706586529705
3.99319,0.00015462295005,0.000779,-0.000667808241104,-0.00070689561862
3.99455,0.000155051833577,0.001026,-0.000669537562814,-0.000705544104039
3.9957,0.000151757392385,0.001906,-0.000673476709099,-0.000702613958135
3.99719,0.000151343361108,0.001726,-0.000672366964942,-0.000705451449633
3.99835,0.000148324789978,0.000853,-0.000673623647512,-0.00070950776961
3.99973,0.000148113785214,0.001113,-0.000675916801971,-0.000709278588754
4.00059,0.000148367626643,0.001082,-0.000675090919147,-0.000708672881572
4.0012,0.000148602999583,0.001493,-0.00067368662693,-0.000707734754621
4.0018,0.000148952993113,0.001636,-0.000672498607742,-0.000705155258331
4.00298,0.000148941958101,0.000791,-0.000672013211839,-0.000703522578287
4.00436,0.00015084406067,0.001,-0.000672506598423,-0.000703306489014
4.00522,0.000151059305255,0.000834,-0.00067231672101,-0.000705170982849
4.00602,0.000150268931788,0.000981,-0.000671639060452,-0.000706244015979
4.00689,0.000149890747748,0.000729,-0.0006715509978,-0.000707185145918
4.0078,0.000149065364295,0.000738,-0.000672141175193,-0.000707941134682
4.00867,0.000150323280655,0.001281,-0.000669159301204,-0.000707960204094
4.01006,0.000150934333668,0.000935,-0.000667494310021,-0.000708367890894
4.01116,0.000150607843723,0.000939,-0.000668433440289,-0.000707865908833
4.01197,0.000149748804629,0.001241,-0.000670670988456,-0.000708305691175
4.01278,0.000148818423567,0.001266,-0.000667749453405,-0.000710719387853
4.01416,0.000148358154402,0.000939,-0.000663988459259,-0.000711848018509
4.01496,0.000147123935619,0.000733,-0.000661109417286,-0.000710344324055
4.0158,0.00014842139693,0.000827,-0.000660641766285,-0.000707014526129
4.01688,0.000149711999675,0.000937,-0.000661951231149,-0.00070585175523
4.01747,0.000149084737506,0.000851,-0.000663864140935,-0.000705688906309
4.01807,0.00014901934218,0.001159,-0.000667009966028,-0.000708220995254
4.0195,0.000149869465078,0.001441,-0.000667940775514,-0.000708416831208
4.02061,0.000146614136421,0.001074,-0.000669946268487,-0.000706683208379
4.02172,0.000141006151339,0.000827,-0.000673981468937,-0.000706545089856
4.02284,0.000141278912956,0.000852,-0.000674240035805,-0.000705563271623
4.02361,0.000142251012201,0.000715,-0.000673920300109,-0.00070511902061
4.02439,0.00014326174484,0.000554,-0.000675013703982,-0.000704736221397
4.02521,0.000145794684087,0.000676,-0.000675472271592,-0.000703632989808
4.0263,0.000150400008235,0.00077,-0.000675669639235,-0.00070011698105
4.02738,0.000149989833137,0.001031,-0.000674012195007,-0.000701260749709
4.0288,0.000149790357053,0.00132,-0.000672289661667,-0.000705323620298
4.03003,0.000147847866842,0.001198,-0.000672198290768,-0.000708085449745
4.03123,0.000148567164718,0.000875,-0.000673413253555,-0.000711337161236
4.03243,0.000146816826582,0.000849,-0.000674384960869,-0.000712218721042
4.03331,0.000145410011042,0.000821,-0.000672600193716,-0.000711570585545
4.03417,0.000146726346816,0.000774,-0.000670019707161,-0.000710610903321
4.03501,0.000150889586927,0.001086,-0.0006704325926,-0.000709724173217
4.03643,0.000157257398527,0.001258,-0.000673777717029,-0.000705536649767
4.03724,0.000160395083214,0.001234,-0.000675445042129,-0.00070331531548
4.0383,0.000161830069239,0.001172,-0.000678451390786,-0.000701588410388
4.03977,0.000160304721497,0.001272,-0.000673961113337,-0.000701623848487
4.04122,0.000156597500271,0.000733,-0.000672625898729,-0.000705010290588
4.04264,0.000153470026486,0.000675,-0.000673279927944,-0.000704724487224
4.04348,0.000152566351671,0.000738,-0.000673888140741,-0.000703146229164
4.04453,0.000152032662528,0.00076,-0.000676531890794,-0.000702803588777
4.04585,0.00015147945335,0.001044,-0.000678003552348,-0.000702899981715
4.0467,0.000150367018422,0.001174,-0.000677096446534,-0.000702202292115
4.04783,0.000153492643779,0.000986,-0.00067488195547,-0.000702851787725
4.04841,0.000155965637967,0.000957,-0.000673471358338,-0.000705087043817
4.04952,0.000155298550999,0.000803,-0.000673790240574,-0.000706377167684
4.05003,0.000154092640375,0.000683,-0.000673936950544,-0.000707113238801
4.05029,0.000153718154257,0.000633,-0.000674084888635,-0.000707770789848
4.05122,0.000154928495974,0.000903,-0.000675772721393,-0.000709307110494
4.05226,0.000156821830436,0.000824,-0.000676406218235,-0.000709986889083
4.0534,0.000157390797061,0.000948,-0.000675648091524,-0.000710349593901
4.05419,0.000157258404888,0.001255,-0.000674726309594,-0.000710677260946
4.05533,0.000153575484956,0.001117,-0.000670011690426,-0.000710697271703
4.05646,0.000149861406155,0.001122,-0.000667761521858,-0.000711705119207
4.05704,0.000150128471107,0.001126,-0.000665895021276,-0.000715048531752
4.05856,0.000150011397499,0.000865,-0.000665135901363,-0.000716048009447
4.05949,0.000149955553101,0.000884,-0.000667363257984,-0.000713676600167
4.06095,0.000152779779902,0.000779,-0.00067022160619,-0.0007112666903
4.06181,0.00015410174871,0.000757,-0.000670895523446,-0.000709998491583
4.06263,0.000153756012217,0.000754,-0.000671227552834,-0.000708899189034
4.06319,0.000153458483202,0.001131,-0.000672423260545,-0.000707959399402
4.06453,0.000154685850788,0.001023,-0.000673740144444,-0.000706720387152
4.06537,0.000154264462068,0.000841,-0.000673473636815,-0.000707239518104
4.06648,0.000153817582511,0.000563,-0.000672731424905,-0.00070810663133
4.06785,0.000156905195808,0.000731,-0.000671541054392,-0.000707601188013
4.06896,0.000159501233947,0.000763,-0.000669381337134,-0.000707342426366
4.07001,0.000161229071393,0.000877,-0.000668403785908,-0.000707014526129
4.07112,0.000161869597443,0.001108,-0.000667599570246,-0.00070627404629
4.07231,0.000158666072865,0.001254,-0.000667917728647,-0.000707920200329
4.07379,0.000153486592897,0.001386,-0.000666009165537,-0.000712887965294
4.07521,0.000153766190897,0.000861,-0.000666716169638,-0.000715617842379
4.07605,0.000153983748335,0.001018,-0.0006673063186,-0.000716394559739
4.07689,0.000155446924898,0.001383,-0.000670147334945,-0.000716843751302
4.07798,0.000158481362021,0.000918,-0.000670627256542,-0.000714755261483
4.07927,0.000156541321485,0.001085,-0.000671259436738,-0.000712134735089
4.08059,0.000156495403772,0.000926,-0.000673194359289,-0.000708490909834
4.08166,0.0001626147824,0.000944,-0.000675734276589,-0.000705219200398
4.08301,0.000172008300303,0.000852,-0.00067625446173,-0.000702572164795
4.08408,0.00017354709553,0.000842,-0.000675231691462,-0.000703071297989
4.08487,0.000172444450391,0.000437,-0.00067421468655,-0.000704069039746
4.08615,0.000168153876172,0.000601,-0.000674718954125,-0.000706551465457
4.0876,0.000163116308918,0.00099,-0.000675798905279,-0.000708602005686
4.08912,0.000164639320008,0.00141,-0.000674687674374,-0.00070670126701
4.09026,0.000170458559155,0.001111,-0.000673751530384,-0.000706549340267
4.09108,0.000174068730357,0.001197,-0.000672362976801,-0.000705700616296
4.0922,0.000176037706668,0.001157,-0.000668469485081,-0.00070413740289
4.09355,0.000177709067708,0.000753,-0.00066920908316,-0.000701694716655
4.0944,0.000176496558649,0.00129,-0.000671357061262,-0.000699579104306
4.09555,0.000173374775263,0.00149,-0.000671335127332,-0.000702827153326
4.09666,0.000170764052519,0.001297,-0.000670964237853,-0.00070563248135
4.09752,0.000164692192044,0.000963,-0.000671311096804,-0.000706549340267
4.09842,0.000157902455339,0.000809,-0.000672994920865,-0.000707312723219
4.09964,0.000154094677467,0.001122,-0.000675771694255,-0.000705528130452
4.10115,0.00016001659625,0.00126,-0.000675255527868,-0.000702016709829
4.10269,0.000157332045954,0.000979,-0.000672054346607,-0.000702117555558
4.10413,0.000152379977647,0.000729,-0.00067151703408,-0.000700809170168
4.10552,0.000150821018388,0.000987,-0.000671863497476,-0.000699850814376
4.1064,0.00014904265614,0.001069,-0.000673828947663,-0.00070301348575
4.10791,0.000145526445899,0.00131,-0.000675231691462,-0.000706493019189
4.10952,0.000146138963279,0.001095,-0.000675146551826,-0.000706800045977
4.11118,0.000147242542897,0.001463,-0.000675097731656,-0.000706517461246
4.11275,0.000149083761192,0.000831,-0.000674754373925,-0.000706633277938
4.11421,0.000147190074123,0.000601,-0.000672305301207,-0.000706124107551
4.11549,0.000147435931546,0.000472,-0.000671244720579,-0.000705142468868
4.11645,0.000150032724313,0.000703,-0.000670469276517,-0.000703812588981
4.11763,0.000148590007685,0.000789,-0.000669987579109,-0.000702515362744
4.11836,0.000146187458528,0.000786,-0.000669375235998,-0.000702807873328
4.11967,0.000141068986637,0.000785,-0.000668802736413,-0.000706095390384
4.12112,0.00013685093194,0.000662,-0.000669138500774,-0.000708449638911
4.12173,0.000137144052974,0.000952,-0.000669761119611,-0.000709545779482
4.12264,0.000138274223224,0.001061,-0.000670533113272,-0.000708325804194
4.12384,0.000140502019394,0.000989,-0.000671192863894,-0.000706712951634
4.12532,0.000144133384808,0.000749,-0.000669703490966,-0.000702987789131
4.12639,0.000142925868426,0.00044,-0.000670102896211,-0.000701631365315
4.12718,0.000141073437842,0.000633,-0.000669964274223,-0.000701887939082
4.12829,0.000139340465193,0.001079,-0.00066850242164,-0.000703133384671
4.12977,0.000136170485857,0.000968,-0.000668086737506,-0.000704938856124
4.13101,0.000133468373906,0.000929,-0.000670794724687,-0.000705916666097
4.13256,0.000132016508588,0.001155,-0.000671115375254,-0.000706630090708
4.13407,0.000133653850595,0.001186,-0.000672344475926,-0.000705975184555
4.13467,0.000136538005317,0.001097,-0.000672924213101,-0.000705540909365
4.13559,0.00014103408131,0.000516,-0.000668895718527,-0.000703800831619
4.13675,0.000147807364929,0.000937,-0.000670417224401,-0.000701609888343
4.13787,0.000152588432931,0.000812,-0.000672464789397,-0.000700943614245
4.13871,0.000156152837408,0.000772,-0.000673773656053,-0.000700585369877
4.13982,0.000157127145765,0.00087,-0.000676175777416,-0.000702789663713
4.14097,0.000153831690775,0.000896,-0.00067967848702,-0.000704634871096
4.14224,0.000152204403914,0.000767,-0.000679075637638,-0.0007054397334
4.14289,0.000151665652631,0.000712,-0.000679102662506,-0.000705103032487
4.14441,0.000151514117981,0.00092,-0.000679127433966,-0.0007031119764
4.14586,0.000157894311117,0.000903,-0.000676651036888,-0.000699929494712
4.14701,0.000159637687102,0.000687,-0.000675861175325,-0.000698405283035
4.14756,0.000160233234967,0.000581,-0.000676198892274,-0.000697931470259
4.14839,0.00015937964697,0.000662,-0.000676502408874,-0.00069858040814
4.14922,0.00015405220157,0.000671,-0.000676234072887,-0.000700590750943
4.15002,0.000146780841876,0.000859,-0.000675704793958,-0.000702016709829
4.15134,0.000139363705131,0.000722,-0.000673779994061,-0.000702215162151
4.15272,0.000137614951136,0.000616,-0.000673259413047,-0.000701638882023
4.15361,0.000135754063139,0.001013,-0.000672957287374,-0.000702188349177
4.15483,0.000135386202709,0.000919,-0.00067223990922,-0.000701823540449
4.15575,0.00013623215894,0.001168,-0.000670215871582,-0.000703675757766
4.15687,0.000137408926876,0.00133,-0.000668278286878,-0.000703533539204
4.15793,0.000135801577083,0.000883,-0.000669601876419,-0.000704280505882
4.15899,0.000130233807748,0.000902,-0.000670336353972,-0.000705606928183
4.1604,0.000128374288607,0.000866,-0.000672228118214,-0.00070571764848
4.16185,0.00012888848379,0.000937,-0.000672216566328,-0.00070518509905
4.16323,0.000128564912663,0.001287,-0.000673078160301,-0.000703724936088
4.16408,0.000128561702595,0.001091,-0.0006733665368,-0.000703002778997
4.16496,0.000129840534528,0.000568,-0.000674635398272,-0.000703519635823
4.16646,0.000137005426785,0.000787,-0.000673686342756,-0.000705135008186
4.16791,0.000138954221092,0.001014,-0.000673554955726,-0.000706411182117
4.16876,0.000140558608375,0.000709,-0.000673314083646,-0.000708796624047
4.17013,0.000142724726702,0.001206,-0.000672790752536,-0.000711255119423
4.17121,0.00014489695613,0.001033,-0.000670422274748,-0.000710598262699
4.17201,0.000145433748102,0.000984,-0.000669767215124,-0.00070860412154
4.17335,0.000145211634908,0.000987,-0.000669406612345,-0.000706774556633
4.17445,0.000142436891653,0.001286,-0.000670245690802,-0.000705316162507
4.17561,0.000138968732987,0.000742,-0.000669447882694,-0.000704192940591
4.17703,0.000137910484472,0.000833,-0.000669422239276,-0.000705563271623
4.17788,0.000140883760537,0.000729,-0.000669784175217,-0.000705929434386
4.17907,0.000140711290451,0.000941,-0.000670332844164,-0.000703863890376
4.17994,0.000140401353741,0.001016,-0.000670270921018,-0.000702221597037
4.18105,0.000143010826526,0.000825,-0.000672577367265,-0.000702460697666
4.18215,0.000144721609226,0.000711,-0.00067373672861,-0.000702730745403
4.18272,0.000144553483909,0.00058,-0.000673543125192,-0.000702627888421
4.18359,0.000144021032024,0.000814,-0.000672529470273,-0.000701924427717
4.18471,0.000146071721002,0.000918,-0.000672907156673,-0.000701695790332
4.18529,0.000146858263403,0.001045,-0.000673496488083,-0.000701542229455
4.18622,0.000145932080249,0.001032,-0.000672182299086,-0.000704723420466
4.18776,0.000139114366377,0.000825,-0.000667790951342,-0.000705519610983
4.18868,0.000138379948543,0.000739,-0.000667594957724,-0.00070535771154
4.18955,0.000141549384802,0.000885,-0.00066795921222,-0.000704683948722
4.18984,0.000142832237818,0.000864,-0.000668416449146,-0.000704442778696
4.19072,0.00014731925278,0.000831,-0.000670531174334,-0.000703324945142
4.19188,0.00015333547527,0.001061,-0.000672132036076,-0.000702233394098
4.19332,0.00015627656186,0.001219,-0.000673030270869,-0.000700302238887
4.19448,0.000152774871768,0.001133,-0.000673614881388,-0.000699672926722
4.19533,0.000148972581044,0.001009,-0.000676337618992,-0.000704098949851
4.1968,0.000145641972768,0.001007,-0.000678123962609,-0.000707410312167
4.19803,0.000147742128933,0.001012,-0.000677487179186,-0.000706464324706
4.19953,0.000149725763538,0.001067,-0.000673785342023,-0.000703785867277
4.20081,0.00014796754271,0.001105,-0.000668971797495,-0.000703326015092
4.20205,0.000149023322507,0.001019,-0.000668649725652,-0.000702092882543
4.20353,0.000153223497145,0.001233,-0.000670814991667,-0.000699928416988
4.20493,0.000153063064915,0.001263,-0.000673883587685,-0.000699970446388
4.20615,0.000149655468144,0.00099,-0.000674952377254,-0.00069972899555
4.2073,0.000148873026944,0.00076,-0.000674313661989,-0.000702228031834
4.20842,0.000146379902062,0.000825,-0.000673917734561,-0.000704054083977
4.20958,0.000144815803835,0.000822,-0.000674231772597,-0.000701795631629
4.21072,0.000143904480022,0.000576,-0.000675209783463,-0.000702105755582
4.21178,0.000143951889559,0.000846,-0.000673298956432,-0.000702527152415
4.21306,0.000142288058909,0.000825,-0.000668717608556,-0.000703894882245
4.21393,0.000143228676807,0.001077,-0.000667278533418,-0.000704951651159
4.21485,0.000145433468634,0.001564,-0.000666724351168,-0.000705684648059
4.21574,0.000143832712193,0.001146,-0.000666668898211,-0.000709387384525
4.21686,0.000142004733611,0.000741,-0.00066739275501,-0.000710607743198
4.21742,0.000141832938589,0.000691,-0.00066796958256,-0.000711697762905
4.21826,0.000142199239783,0.001099,-0.000669296310852,-0.000713290305373
4.21908,0.000142212248201,0.001336,-0.000669977251784,-0.000713467266276
4.21962,0.000142227911355,0.00118,-0.000670399345401,-0.000713186610485
4.21989,0.000142332063314,0.001021,-0.00067057472732,-0.000712859662611
4.22044,0.00014308816277,0.001089,-0.000670675571842,-0.000711026798611
4.22154,0.000143498316851,0.001015,-0.000669498511109,-0.000707962577561
4.22239,0.000142236752021,0.00088,-0.0006669972661,-0.000706614154227
4.22354,0.000141119594309,0.000925,-0.000662782281851,-0.000707227846661
4.22465,0.00014085754027,0.000943,-0.000661357091282,-0.000708354384358
4.22607,0.000143188293082,0.00098,-0.000660317656026,-0.000707874640507
4.22635,0.000144057234197,0.001029,-0.000660488513436,-0.000707565139672
4.22722,0.000145806511069,0.000911,-0.000664033763671,-0.000709775884053
4.22834,0.000144544019244,0.000912,-0.000666803262345,-0.000711443373333
4.22939,0.000138782602084,0.00085,-0.000667190038426,-0.000713257837752
4.2304,0.000135309711936,0.000814,-0.000665788101784,-0.000713445280729
4.23142,0.000135748618619,0.000841,-0.000661653667785,-0.000713191848157
4.2325,0.000137577985813,0.000875,-0.00065973910715,-0.000712790471
4.2336,0.000143147140261,0.000921,-0.000660094047071,-0.000711240392435
4.23498,0.000149691981999,0.001041,-0.000661680514262,-0.000709575340569
4.23518,0.000150604336937,0.000822,-0.000662087699652,-0.000709093683233
4.23551,0.000152351296657,0.000714,-0.000662203143259,-0.000707955161823
4.23624,0.000156670950567,0.000893,-0.000662537659121,-0.000706160267397
4.23705,0.000159225451912,0.001125,-0.000663890866237,-0.000703439415952
4.2379,0.000159717066866,0.001027,-0.000666852925434,-0.000703219007972
4.23905,0.000161513926966,0.001188,-0.000673775439986,-0.00070401562409
4.23994,0.000163649836374,0.001053,-0.000675824981069,-0.000707031510442
4.2414,0.000161666110339,0.000853,-0.000676821237799,-0.000709319786261
4.24255,0.000162315464683,0.000674,-0.000675426338167,-0.000708025076945
4.24396,0.000163189778156,0.000914,-0.00067463440193,-0.000705432277462
4.24481,0.000160514360576,0.000985,-0.000674624171963,-0.000704501481967
4.2451,0.00015930181426,0.001058,-0.00067453664005,-0.000704206823986
4.24597,0.000157149411941,0.001029,-0.000672490616929,-0.000704896203479
4.24684,0.000159244969118,0.001277,-0.000670896668766,-0.000705836856382
4.24741,0.000161548845324,0.000712,-0.00067022160619,-0.000707804702812
4.24856,0.000164600509539,0.000873,-0.000670465837518,-0.000708661245972
4.24914,0.000164702988065,0.000806,-0.000671557067271,-0.000708925619647
4.25004,0.00016486662005,0.00106,-0.000673948464685,-0.000707819538957
4.25125,0.000168532731891,0.001124,-0.000675397386868,-0.000707375309785
4.25273,0.00016834601896,0.001044,-0.000675019381989,-0.000705721906429
4.25394,0.000164478642763,0.00093,-0.000674304563853,-0.000704781021898
4.25481,0.000162942141448,0.000887,-0.000675437099912,-0.000706221945379
4.25539,0.000161909154954,0.001168,-0.000677334457381,-0.000706521711908
4.25596,0.00016176970777,0.001095,-0.000677954263574,-0.000706137933705
4.25682,0.000163593543286,0.000936,-0.000676758181057,-0.000705837920601
4.2579,0.000167005694358,0.000877,-0.00067618195096,-0.000705434407742
4.25865,0.000167623346102,0.000776,-0.000674912663704,-0.000702664319517
4.26003,0.000167473747817,0.000892,-0.000674802434652,-0.000700082506416
4.26151,0.000163415696157,0.001072,-0.000675216594308,-0.000701154345081
4.26263,0.000157761305921,0.001093,-0.000673652463715,-0.000701086620484
4.26346,0.000155955551805,0.00121,-0.000669121615542,-0.000700338850978
4.26462,0.000155478128937,0.000752,-0.000667199271111,-0.0007004475936
4.26548,0.000155680757837,0.000704,-0.000667502698087,-0.000700587522311
4.26605,0.00015612183473,0.000777,-0.000669185984287,-0.000701729073126
4.26694,0.000157312161289,0.000924,-0.000671118809647,-0.000703343133962
4.26816,0.000159494149104,0.001309,-0.000673289045397,-0.000703114117271
4.26973,0.000157390353464,0.001388,-0.000670359216436,-0.000702573236466
4.27066,0.000156207613695,0.0011,-0.000667673443919,-0.000704553775039
4.27209,0.000152437093538,0.001274,-0.000667931678993,-0.0007110478467
4.27355,0.00015037162096,0.00109,-0.000668867505551,-0.000714549548279
4.27412,0.00014980273622,0.001283,-0.000669660440321,-0.000716786586835
4.2753,0.000148772288731,0.001168,-0.000669137708528,-0.000716009487805
4.27649,0.000146920745674,0.000996,-0.000669012399038,-0.000715250894582
4.27735,0.000141338868969,0.000682,-0.000668662741043,-0.000714985927377
4.27845,0.000136338706657,0.00091,-0.000669161847008,-0.00071483668611
4.2795,0.000136295585948,0.000743,-0.000668383063532,-0.000713914079555
4.28049,0.000141092296615,0.000749,-0.000667665293936,-0.000712411831048
4.28181,0.000147762879093,0.000595,-0.000666892190335,-0.000710351701823
4.28299,0.000153702312001,0.000593,-0.000666275134273,-0.000710361187353
4.28358,0.000153740818452,0.000503,-0.000665966312689,-0.000711566380739
4.28497,0.000154505900172,0.000863,-0.00066639305937,-0.000714194295005
4.28631,0.000155719004255,0.000751,-0.000666416240424,-0.000716531859088
4.28758,0.000155538235834,0.000581,-0.000664588691652,-0.000717174127114
4.28831,0.000156367726602,0.000612,-0.000663217640213,-0.000717019357831
4.28906,0.000158141525006,0.000683,-0.000660280199863,-0.000715889737868
4.29031,0.000159622518997,0.000867,-0.00066034808705,-0.000713718455595
4.29193,0.000158297156979,0.000943,-0.000657367431482,-0.000710037516048
4.29249,0.000157345535156,0.001101,-0.000657429836103,-0.000707982705396
4.29362,0.00015831539214,0.000976,-0.000659509372056,-0.000706246401632
4.29476,0.00015950596252,0.001283,-0.000663096616936,-0.000705554752794
4.29649,0.000162909045495,0.001278,-0.000667835903443,-0.000706140060769
4.29789,0.000165816414231,0.00084,-0.000671595953488,-0.000705850691043
4.2987,0.000164997960807,0.000747,-0.000672980196023,-0.000705325751073
4.29897,0.000163608976302,0.000722,-0.000672443907959,-0.000704982571047
4.29978,0.000157108111874,0.000769,-0.000672121849508,-0.000704797021036
4.30064,0.000152416412135,0.000904,-0.000671629210962,-0.000704506818262
4.30151,0.000152858715249,0.001137,-0.0006696661815,-0.000704280505882
4.30263,0.000157649360862,0.001365,-0.000666357222411,-0.000703904499994
4.30377,0.000161163200556,0.001123,-0.000661350083364,-0.000707925497694
4.30524,0.000165549123477,0.000649,-0.000659117636504,-0.000710004820097
4.30636,0.000165288727742,0.00052,-0.000657875857113,-0.000710626703615
4.30779,0.000162840270138,0.000901,-0.000661707359266,-0.000710695165348
4.30864,0.000164603994937,0.000982,-0.000662852151572,-0.000710443387168
4.30949,0.000166831779098,0.001358,-0.000668537308906,-0.000707912783917
4.31066,0.000167990694967,0.001067,-0.000669098624635,-0.00070434350004
4.31178,0.00016704857084,0.000789,-0.000669933645095,-0.000703336714459
4.3126,0.000166609687887,0.000824,-0.000671943503278,-0.000702076790747
4.31398,0.000168921695546,0.001535,-0.000674442154843,-0.000701634586776
4.31478,0.000171476289184,0.001467,-0.000673418950411,-0.000703226499266
4.31594,0.000172785428377,0.001207,-0.000672806724116,-0.00070428477694
4.31686,0.000171074464817,0.000649,-0.000671569648448,-0.00070408719968
4.31803,0.000169744037947,0.00109,-0.000670269774218,-0.000701810659662
4.31917,0.000169216564187,0.001214,-0.000670532320515,-0.000701300510904
4.31999,0.000166770169749,0.001497,-0.000671935503293,-0.000701842860967
4.32137,0.000166054471622,0.000994,-0.000673358560317,-0.000704756488822
4.32274,0.000169291462774,0.00066,-0.000671350002776,-0.000706999664347
4.32412,0.000170028973084,0.001018,-0.000670398198906,-0.000704464126192
4.32527,0.00017236352352,0.001414,-0.000670641195385,-0.000701622774644
4.32613,0.000174938580764,0.001626,-0.000673144285529,-0.000700179459878
4.32701,0.000176433415373,0.001426,-0.000672870605164,-0.000698913182446
4.32828,0.000177996078355,0.001355,-0.00067100546182,-0.000701708674274
4.32927,0.000175085134723,0.000899,-0.000673077020132,-0.000703749523311
4.33029,0.000173853110482,0.000877,-0.000673605770081,-0.000704259150005
4.33127,0.000173804489124,0.001372,-0.000675515381765,-0.000705984759605
4.33282,0.00017392238203,0.001224,-0.000674052273413,-0.000703522844332
4.33365,0.00017295721943,0.001095,-0.000673619617439,-0.000702573236466
4.33439,0.00017092742124,0.001174,-0.000673430343922,-0.000703256463245
4.33514,0.000169464633095,0.00092,-0.000674448976516,-0.000703503592948
4.33538,0.000169357020803,0.000983,-0.000674950105744,-0.000703122680657
4.33613,0.000169882349198,0.000907,-0.000674315936496,-0.000702264494017
4.3369,0.000168651612032,0.001228,-0.000675347457258,-0.000700831759463
4.33746,0.000166362916903,0.001248,-0.00067531454628,-0.000699648124915
4.33851,0.000164063941405,0.001269,-0.000674939883816,-0.000701237106321
4.33902,0.000163562136775,0.001191,-0.000674813795571,-0.000701886865844
4.33954,0.000163372222873,0.000911,-0.000674650172527,-0.000703085214685
4.3398,0.000163235365978,0.000998,-0.00067461948703,-0.000703585940542
4.3406,0.000161843047449,0.001308,-0.000668694956913,-0.000704387270647
4.34176,0.00015871147936,0.001252,-0.000665174279818,-0.000704374460161
4.34264,0.000158673364034,0.0012,-0.00066348750719,-0.000704490809193
4.34318,0.000157527796174,0.001138,-0.000662904547307,-0.000704889805246
4.34399,0.000154819250103,0.001449,-0.000665511398546,-0.000709525719103
4.34543,0.000149599314776,0.001132,-0.000660952462838,-0.000716353986208
4.34633,0.000144502341361,0.001239,-0.000660122839874,-0.000717332997273
4.34722,0.000139548103845,0.00131,-0.000659188565167,-0.00071931995428
4.34753,0.000138745105257,0.001267,-0.000659033657585,-0.000719773534511
4.34814,0.000138116976132,0.000945,-0.00065941379797,-0.000720198811662
4.34873,0.000137756571282,0.000886,-0.000659978770608,-0.000719742552368
4.35009,0.000138039766062,0.00097,-0.000660441709114,-0.000718954905857
4.35119,0.000134321346587,0.00083,-0.000660741179505,-0.000716782429143
4.3523,0.000134623607654,0.000774,-0.000661594133383,-0.000715756414476
4.35258,0.000136075341163,0.001002,-0.000662376840346,-0.000715296778988
4.35313,0.000140105924929,0.001174,-0.000664556202811,-0.000714476430188
4.35341,0.000142298160603,0.001124,-0.000665858699616,-0.000714081392762
4.35423,0.000147383299448,0.001333,-0.000666638067236,-0.000712181979058
4.35563,0.000147133958462,0.001294,-0.000664916939571,-0.000711129925135
4.35621,0.000145380038332,0.001183,-0.000662140036378,-0.000711261430846
4.35739,0.000145447458163,0.000906,-0.000657845581779,-0.000713906758222
4.35847,0.000145032361348,0.000932,-0.000657384148702,-0.000714967144412
4.35923,0.000145111065954,0.001311,-0.000657461869317,-0.000716839594125
4.35975,0.000145752007077,0.001271,-0.000657873818705,-0.000717151278539
4.36058,0.000149779346311,0.001659,-0.00066054818246,-0.000717431614618
4.362,0.000151067389193,0.001268,-0.000657418062253,-0.000718118236957
4.36257,0.000149712587117,0.001023,-0.000656273475974,-0.000718908349134
4.36314,0.000148703307761,0.0012,-0.000655129768664,-0.000719144188052
4.36451,0.000147338130957,0.000893,-0.000655905133255,-0.000717766755966
4.36528,0.00014808652595,0.000966,-0.000656751202082,-0.000716961176087
4.36647,0.000150649479274,0.001085,-0.000658281513762,-0.000715140336175
4.3667,0.000150855752325,0.000976,-0.000659231436264,-0.000713524842527
4.36787,0.000151163617676,0.000861,-0.00066006828451,-0.000710746768295
4.36884,0.00014968768041,0.000768,-0.000661979227793,-0.000710314811812
4.36983,0.000150893690008,0.000993,-0.000665996393811,-0.000709289152565
4.37035,0.000151018980935,0.001103,-0.000667160030989,-0.000708870642286
4.3709,0.000151060687295,0.001216,-0.00066689103553,-0.000707976349332
4.37148,0.000151220508504,0.000892,-0.00066582398065,-0.000707257555214
4.3726,0.00015272913623,0.000805,-0.000663814172313,-0.000708865355659
4.37343,0.000154105061484,0.000804,-0.000662294079633,-0.00071224286419
4.37453,0.000154657334061,0.001042,-0.000660847587763,-0.000715123645817
4.37588,0.000156765558889,0.001211,-0.00066157545443,-0.000715910566174
4.37615,0.000157149687807,0.001243,-0.00066133256313,-0.000716041762912
4.37696,0.000158850718545,0.001293,-0.000658193356043,-0.000716032392952
4.37811,0.000161126250194,0.001123,-0.000656966911346,-0.000716816728982
4.37903,0.000163038585449,0.001023,-0.000657023475158,-0.000718672389385
4.37994,0.000163436609094,0.00076,-0.000657612294702,-0.000719258960663
4.38111,0.000163102006286,0.000925,-0.000658619892335,-0.000719457418731
4.38254,0.000164000446062,0.001201,-0.000661068515653,-0.00071766821026
4.38392,0.000171343448081,0.00129,-0.000662316228239,-0.000715394789511
4.3853,0.000182594718477,0.001415,-0.000666508644485,-0.000711006802043
4.38675,0.000185563891852,0.001235,-0.000667353892542,-0.000707416675955
4.38795,0.000184315577095,0.001312,-0.000666027629933,-0.00070517977049
4.38913,0.000188328543442,0.001754,-0.000669675367244,-0.000704698884368
4.39001,0.000190984260095,0.001631,-0.000669443857813,-0.000705081714138
4.39117,0.000194765403163,0.001377,-0.000664197579647,-0.000707063354362
4.3923,0.000199710058206,0.000751,-0.000663165181337,-0.000708236876912
4.39341,0.00019806329611,0.000778,-0.000664329168665,-0.000709017586485
4.39451,0.000191908792311,0.001015,-0.00066781976727,-0.000709556337229
4.39579,0.00018974236135,0.000808,-0.000666161806779,-0.000708105572274
4.39653,0.00018912156349,0.000724,-0.000664490058126,-0.00070727877445
4.39809,0.000186813502571,0.00064,-0.000664811413988,-0.000706098581267
4.3995,0.000188295083925,0.00076,-0.000668121655464,-0.000704930325906
4.40064,0.00019549916923,0.001469,-0.000672880870973,-0.000703171917093
4.4024,0.000199441658947,0.001195,-0.000677129236044,-0.00069928133683
4.40382,0.000194100985547,0.000789,-0.000675010409005,-0.000698241990463
4.40515,0.000189126342573,0.001213,-0.00067461164077,-0.000700432521868
4.40662,0.00018670513129,0.001148,-0.000673509055014,-0.00070272860278
4.4079,0.000185143839831,0.001055,-0.000671946931803,-0.00070464020587
4.40888,0.000182937131159,0.001064,-0.000671454118092,-0.000705309770021
4.40951,0.000180749601355,0.001009,-0.00067050251892,-0.000705796414253
4.41049,0.000175452588228,0.000831,-0.000670693904956,-0.000704191872621
4.41209,0.000168961198253,0.000944,-0.000672938892676,-0.000701155419996
4.41358,0.000169207658713,0.001154,-0.000674244391812,-0.000700333467026
4.41439,0.000169748845523,0.000835,-0.000675946388892,-0.000700587522311
4.41578,0.000173029666024,0.000979,-0.000675796637752,-0.00070341374269
4.41725,0.000176543226934,0.001197,-0.000671431237524,-0.000705781513639
4.41841,0.000174899757348,0.00104,-0.000667013429588,-0.000708128870959
4.4198,0.000171962076304,0.001111,-0.00066587258651,-0.000708436939429
4.42146,0.000168950876979,0.001545,-0.00066431562928,-0.000710069155101
4.42242,0.000167039388707,0.000801,-0.000663562762196,-0.000710345378029
4.42392,0.000166276645207,0.001434,-0.000666895654733,-0.000708267579916
4.42538,0.000164590500403,0.001061,-0.000670383294214,-0.000703063804212
4.42685,0.000163481386509,0.000997,-0.000671020347391,-0.0007022387563
4.42825,0.000161522657104,0.000656,-0.000668066361732,-0.000703000637617
4.43009,0.000163664125634,0.001134,-0.000668951457046,-0.000702241973592
4.43127,0.000161523288509,0.001555,-0.000668852553762,-0.000702747886039
4.43279,0.000158213878279,0.000577,-0.000665573931013,-0.000706507897116
4.4343,0.000162896373855,0.000848,-0.00066859024752,-0.00070574851773
4.43548,0.000158866902339,0.00078,-0.000672452944175,-0.000701777382656
4.43717,0.000152761843741,0.001611,-0.000671757183594,-0.000699538118526
4.43865,0.000151007222663,0.001639,-0.000671456406089,-0.000702077863551
4.44006,0.000144434788249,0.000698,-0.000671583372995,-0.000704227114362
4.44154,0.000140318279955,0.001133,-0.000672852354297,-0.000701201639005
4.44323,0.000136358781871,0.000905,-0.000674421689244,-0.000703060592557
4.44429,0.000132701807905,0.000738,-0.000675001212133,-0.000702438186664
4.44573,0.000132328444024,0.00112,-0.000674442949006,-0.000698031032134
4.44753,0.000130986291006,0.000985,-0.000672983270477,-0.000695965148996
4.44905,0.000129482168567,0.001051,-0.000673669304849,-0.000700001696582
4.45049,0.000124784907431,0.000737,-0.000676510092981,-0.000703100201433
4.45198,0.000125059279444,0.000927,-0.00067605283112,-0.000704118176765
4.45353,0.000127611256988,0.001063,-0.000676932071904,-0.000703130173492
4.45512,0.000129988229831,0.001241,-0.000673958707625,-0.000700250546373
4.45696,0.000134384464224,0.000984,-0.000672783907411,-0.000700750002577
4.45847,0.00013884915106,0.000728,-0.000671477088981,-0.000701228508429
4.45999,0.000140587838684,0.000935,-0.000672590019808,-0.00070001031696
4.46149,0.00013827051025,0.000811,-0.000673246631368,-0.000699369823666
4.46296,0.000135863668946,0.000676,-0.000675381274483,-0.000701001682181
4.46437,0.000136779106186,0.000591,-0.000675238615159,-0.000699862671159
4.46565,0.000138588333917,0.000868,-0.000674302397064,-0.000700418526255
4.46692,0.000140185571133,0.000988,-0.000674640738478,-0.000700179459878
4.46829,0.000138284512092,0.000869,-0.000670737090456,-0.000704688216098
4.47008,0.000133069135529,0.000655,-0.000672921585115,-0.000707405008945
4.47204,0.000135696267586,0.001251,-0.000675929270128,-0.000706649213766
4.47373,0.00013683062841,0.000867,-0.000671661138082,-0.000705603733939
4.47557,0.000135589634897,0.000868,-0.000672456369092,-0.000704244200311
4.47706,0.000137693307361,0.000918,-0.0006714983813,-0.000702830366582
4.4785,0.000140754691332,0.000635,-0.000673107457351,-0.000703459739619
4.4803,0.000146848558334,0.000801,-0.000671029507515,-0.00070620174142
4.4818,0.000149527365165,0.00054,-0.000671876070692,-0.000706322952059
4.48357,0.000151431557994,0.000986,-0.000671575016475,-0.000703206165474
4.48502,0.000150096233238,0.000577,-0.000670061804112,-0.000704040196049
4.4867,0.000151850212846,0.000539,-0.000670103459574,-0.000703914117545
4.48838,0.000149084059035,0.000588,-0.000669415803005,-0.000701647472399
4.48928,0.000148413012177,0.000704,-0.000669721293358,-0.000701258600359
4.49076,0.000147646061836,0.000737,-0.000669153443789,-0.000699974756883
4.49239,0.000146157719249,0.000427,-0.000669841473413,-0.000698556629541
4.49368,0.000144374196402,0.000756,-0.000670173433375,-0.000698165190934
4.49505,0.000140248019276,0.000698,-0.000670843981246,-0.000700269931732
4.49673,0.000138204613556,0.000777,-0.000671900073198,-0.000700968347762
4.49814,0.000135787881062,0.000839,-0.000673389326025,-0.000700204233665
4.49983,0.000135805195353,0.000591,-0.000674386097958,-0.000699961825279
4.50068,0.000135286049495,0.000789,-0.000673717820907,-0.000700670912757
4.50209,0.000133172544046,0.000667,-0.000671593315619,-0.000701877739299
4.50387,0.000135202563603,0.000484,-0.000671483159551,-0.000701210496188
4.50535,0.000138315653446,0.000979,-0.000671199379965,-0.000701493895705
4.5072,0.000138455648526,0.000847,-0.000673119998302,-0.000700828532487
4.50858,0.00013653794923,0.000442,-0.000676731883181,-0.000700570557876
4.50982,0.000136927987982,0.000704,-0.00067733044689,-0.000699576118595
4.51105,0.000138742214715,0.000818,-0.000676257859787,-0.000697453930187
4.51234,0.000137989727883,0.000715,-0.000675985600888,-0.00069967184841
4.51401,0.000132538771499,0.000764,-0.000671474358823,-0.000701022111784
4.51542,0.000129533169485,0.001085,-0.000671380545357,-0.000699505758807
4.51686,0.000124767716746,0.000708,-0.000672418693671,-0.00069945289981
4.51863,0.000121939603427,0.000946,-0.000671643634697,-0.000700545548074
4.52009,0.00011846947553,0.000803,-0.000669144605359,-0.000702019928645
4.52181,0.000114601163538,0.000747,-0.000670633966654,-0.000700691903508
4.52329,0.0001117125508,0.001012,-0.00067120545456,-0.000702545372232
4.5248,0.00011073717002,0.001042,-0.000670504457915,-0.000705382213084
4.5266,0.000115245785369,0.000671,-0.000669854454506,-0.00070757892319
4.52811,0.000115388479884,0.00073,-0.000669211269673,-0.000707674336372
4.5296,0.00011829992535,0.001178,-0.000671998356758,-0.000704868477173
4.53139,0.000120244287594,0.001191,-0.00067486946021,-0.000703767695647
4.53284,0.000120697820665,0.000773,-0.000671091333821,-0.000706141124298
4.53432,0.000119173207643,0.000781,-0.00066888245688,-0.000707181157969
4.53614,0.000123762583527,0.001012,-0.000669586947234,-0.000706906236594
4.53775,0.000129392061577,0.00133,-0.000671450686075,-0.000706727822551
4.53941,0.000136434192633,0.001011,-0.000671000881553,-0.000704777822004
4.54096,0.000136377970726,0.00131,-0.000672565953636,-0.000702618244421
4.54254,0.000135874307537,0.001064,-0.000675324760272,-0.000699698805473
4.54403,0.000136911441644,0.00071,-0.000672165957904,-0.000700952217355
4.54579,0.000137964518921,0.000926,-0.000674015264945,-0.000701078019836
4.54727,0.00013505701712,0.000823,-0.00067516585146,-0.000701150045397
4.54872,0.000133291693929,0.001407,-0.000674758124511,-0.000698812726688
4.5502,0.000131530196133,0.00068,-0.000669219314747,-0.00069884158309
4.55202,0.00012890485887,0.001026,-0.000672063487192,-0.000699260525489
4.55349,0.000127377934041,0.000937,-0.00067618762841,-0.000700156839193
4.555,0.000128364688714,0.001188,-0.000677644529361,-0.000699134541466
4.55674,0.000127124176614,0.001017,-0.000678050617409,-0.000704371257485
4.55821,0.000130296479654,0.001296,-0.000679126308019,-0.000705774063154
4.55964,0.000133556383474,0.001196,-0.000676949431624,-0.000705821957057
4.56138,0.000135006805129,0.000663,-0.000675414407145,-0.000705251168151
4.56286,0.000136173453814,0.000763,-0.000675123845384,-0.000703067015846
4.56425,0.000139967727488,0.000819,-0.000675093302331,-0.000701166169008
4.56579,0.000142217357452,0.001013,-0.000672983617229,-0.000700417449652
4.56701,0.000144915797705,0.000626,-0.000672958527824,-0.00070112317148
4.56823,0.000144194693263,0.000721,-0.000673531837656,-0.000701758059441
4.56964,0.00014200573231,0.001263,-0.000675836434549,-0.000702204437145
4.57147,0.000143111377404,0.000733,-0.000674952377254,-0.000702588239598
4.57291,0.000144552233654,0.000917,-0.000670065600685,-0.000702579666438
4.57431,0.00014419661621,0.000784,-0.000669940530623,-0.000701117796512
4.57592,0.000137386172001,0.001056,-0.000669209049247,-0.000703632989808
4.57729,0.000131992226214,0.000857,-0.000669702923434,-0.00070566016237
4.57863,0.000127474445868,0.000772,-0.000671617682661,-0.00070597837626
4.58034,0.00012464208828,0.000701,-0.000675373557472,-0.00070319653337
4.5818,0.000120572182606,0.001123,-0.000674031540048,-0.000703231850117
4.58335,0.000117101482746,0.000486,-0.000670578165547,-0.000706174092481
4.58518,0.000119602239291,0.000476,-0.000670683592665,-0.000706111344583
4.58665,0.000123446836032,0.000655,-0.000672119469507,-0.000705224528508
4.58839,0.000129166921656,0.0009,-0.000674937723687,-0.000704043400992
4.5898,0.000130230521748,0.001102,-0.000675530243954,-0.000704878074926
4.59093,0.00012923740121,0.001322,-0.000676710167861,-0.00070582834254
4.59229,0.000129809441329,0.000592,-0.000675365841895,-0.000705784706668
4.5936,0.000133761117888,0.000554,-0.000675026419411,-0.000704169444676
4.59497,0.000137801920368,0.000711,-0.000675474769717,-0.000703706762092
4.59576,0.00013850925565,0.000844,-0.000674218917098,-0.000702498213602
4.597,0.000141506880378,0.000678,-0.000675025059928,-0.000699692335919
4.59859,0.000145745831857,0.000662,-0.000675708195892,-0.000701905110558
4.59994,0.000146529350182,0.000655,-0.000675472271592,-0.000702229104292
4.60139,0.00014264662407,0.000716,-0.000676397159487,-0.000699946737958
4.60284,0.000140016563738,0.000777,-0.000677131497307,-0.000699143177755
4.60417,0.000138093779508,0.000955,-0.000676943776308,-0.000698715179288
4.60584,0.000136651038959,0.000567,-0.000676031270205,-0.000697972276536
4.60722,0.000133005665546,0.000948,-0.000674895808691,-0.000698363113557
4.60854,0.000131682293806,0.00115,-0.000674504683241,-0.000699134541466
4.61022,0.000127962548317,0.000852,-0.000670089693047,-0.000699888539468
4.61141,0.000126881400448,0.000751,-0.000669188283013,-0.000700560616181
4.61226,0.000125058491273,0.000712,-0.000669220464033,-0.000702754313616
4.614,0.000122728253726,0.000835,-0.000667545370345,-0.00070537688677
4.61548,0.00012105410271,0.000713,-0.000669807393104,-0.000706902021653
4.61712,0.000121579909963,0.000619,-0.000672682360019,-0.000706870166463
4.61846,0.000122567580826,0.000504,-0.000671255813953,-0.000705050800807
4.62007,0.000125880549147,0.000767,-0.000670624006242,-0.00070443744167
4.62143,0.000128132389546,0.000676,-0.000667870479153,-0.000704497212886
4.62308,0.000133284422593,0.000519,-0.000669877409631,-0.000703389137827
4.62443,0.000135922066015,0.000627,-0.000668722568816,-0.00070496552888
4.62606,0.000136366925478,0.001012,-0.000668505874589,-0.000705565422909
4.62742,0.000135282412602,0.000427,-0.00066581551285,-0.000704250882691
4.62907,0.000138760053083,0.000605,-0.000667773078606,-0.000702423444128
4.63045,0.000140523628268,0.001031,-0.000667989170377,-0.000701384580517
4.6313,0.000142207103277,0.000819,-0.000667651458108,-0.000700859982546
4.63158,0.00014312879457,0.000626,-0.000667487704242,-0.000700833091859
4.63187,0.000143963961661,0.000551,-0.000667248893792,-0.000701034196882
4.63216,0.000144575003217,0.000641,-0.000667269664574,-0.000701057850634
4.63274,0.000144930632028,0.000689,-0.000667371197852,-0.000700990111708
4.6333,0.000144482947144,0.000749,-0.000667994931349,-0.000700367100734
4.63415,0.000143856839181,0.000618,-0.00066856838227,-0.000699977164186
4.63472,0.000144253604981,0.00055,-0.000669043442017,-0.000699716307828
4.635,0.0001446081287,0.0005,-0.000668612111785,-0.000699348491679
4.63557,0.000145001629123,0.000616,-0.000668523497884,-0.000699057054762
4.63614,0.000143736003723,0.000744,-0.000668943407532,-0.000698734939759
4.63671,0.000141672403256,0.000686,-0.000669793618172,-0.000699786135744
4.637,0.000140876294518,0.000542,-0.000670117225709,-0.000700317314799
4.63759,0.000140634937965,0.000559,-0.000670865744177,-0.000701137146109
4.63788,0.000140947996223,0.000636,-0.00067120809532,-0.000701347790104
4.63846,0.000141004960683,0.000674,-0.000671809771873,-0.000701368204649
4.63874,0.000140622657157,0.000637,-0.000672120611936,-0.000701243554636
4.63903,0.000140087834462,0.000578,-0.000672455227456,-0.000701139296015
4.63932,0.000139459448603,0.000624,-0.000672788470839,-0.000701067268805
4.63961,0.000138812546721,0.000461,-0.000673336909201,-0.000700799488708
4.64076,0.000136658963928,0.000571,-0.000673123764875,-0.000700133140164
4.64105,0.000136369477256,0.000632,-0.000672892277173,-0.000699630870713
4.64163,0.000136071604861,0.000551,-0.000672369597053,-0.000699788818551
4.64222,0.000135862501288,0.000623,-0.000671751467133,-0.000699631396969
4.64252,0.000135651976543,0.00076,-0.000671401491169,-0.000699441558397
4.64282,0.000135611827039,0.000936,-0.000671032942517,-0.000699248405305
4.64312,0.000135705246749,0.001072,-0.000670452081276,-0.000698906146171
4.6437,0.000135892440103,0.000944,-0.000670304177024,-0.000698548505612
4.64427,0.000136059402022,0.000851,-0.000670436031835,-0.00069871981303
4.64482,0.000136253916399,0.000775,-0.000670570142979,-0.000699083800062
4.6451,0.000136469487646,0.000675,-0.000670751191467,-0.000699295366341
4.64564,0.000137418594943,0.000583,-0.000671274476563,-0.000699348243046
4.64592,0.000138092908335,0.000438,-0.000671642841538,-0.000699340689595
4.64647,0.000139406197869,0.000689,-0.000673197863131,-0.000699322344995
4.64785,0.000139560064712,0.000636,-0.000674781642452,-0.000699159370371
4.64925,0.000138634941482,0.000934,-0.000676949095611,-0.000699337452365
4.65071,0.000138566514852,0.001066,-0.00067759822073,-0.000700969423103
4.65251,0.000140239277305,0.00079,-0.000676588489347,-0.000702189421725
4.65401,0.000143234624946,0.001053,-0.000675915785563,-0.0006992252146
4.65575,0.000143202761775,0.00081,-0.000673256095534,-0.000697577422313
4.65709,0.000145743333442,0.000479,-0.000672998442175,-0.000699023335074
4.65861,0.000151980457693,0.000722,-0.000674527527905,-0.000696463741167
4.66004,0.000149404320382,0.000736,-0.000674110050203,-0.000695248383265
4.66157,0.00014722525473,0.000509,-0.000673531734339,-0.000696849001525
4.66309,0.000143425180634,0.000798,-0.000673828603208,-0.000698256050992
4.66455,0.000141114718103,0.000657,-0.000669148287245,-0.00069870360528
4.6663,0.000137446693093,0.000956,-0.000669212653612,-0.000699009297447
4.66772,0.000133823448096,0.000925,-0.000672767090841,-0.000700123444762
4.66929,0.000130512615995,0.00091,-0.000668639310646,-0.000702314892955
4.67033,0.000125169227703,0.000774,-0.00066796230857,-0.000704102154391
4.67183,0.000123007068545,0.000831,-0.000670381001143,-0.00070571764848
4.67329,0.000123372068319,0.001297,-0.000670689321743,-0.000706307005089
4.67474,0.00012144736455,0.000605,-0.000670638903534,-0.000706461136322
4.67557,0.000121261863181,0.000537,-0.000671935503293,-0.000706454759487
4.67692,0.000122116519171,0.000562,-0.000672234841198,-0.000704375527715
4.67827,0.000122332662096,0.000557,-0.000671734317343,-0.000703948311682
4.67966,0.000123011027708,0.000578,-0.00067189321546,-0.000705060394818
4.6814,0.000124009999189,0.000395,-0.000673301581613,-0.000705035876398
4.68283,0.000126585876928,0.000636,-0.000673029130587,-0.000705928370375
4.68415,0.000129391306516,0.001318,-0.000672500890807,-0.000706310194526
4.68536,0.000133912685615,0.001412,-0.000663846710602,-0.000707019833793
4.68689,0.000133798493482,0.000634,-0.000659721529187,-0.000706650276135
4.68837,0.000134818855903,0.00139,-0.000664596813524,-0.000704317876321
4.69014,0.00013602480019,0.001247,-0.000672320495452,-0.000705736548573
4.69162,0.000139047267991,0.001411,-0.00067419419127,-0.000707647579176
4.69339,0.000138165081884,0.000715,-0.000672158310573,-0.000703771705983
4.69485,0.000133858198018,0.00095,-0.000674647899594,-0.000700201804875
4.6963,0.00013559208279,0.001229,-0.00067632808093,-0.000699293207982
4.69795,0.000138221074152,0.000781,-0.000672997201588,-0.00070339020763
4.69934,0.000136560202594,0.000464,-0.000670925300886,-0.000704380865448
4.70076,0.000133567132094,0.000916,-0.000670363802771,-0.000702177354054
4.7025,0.000136279405948,0.001115,-0.000670578165547,-0.00070425888585
4.70389,0.000143550720338,0.000918,-0.000668669644623,-0.000706016415364
4.70562,0.000139271198981,0.000565,-0.000667666446903,-0.000707664540483
4.70705,0.000138524246373,0.001613,-0.000669744254784,-0.00070686562952
4.70881,0.000139419404465,0.00122,-0.000666648465784,-0.000705096637084
4.71029,0.00013882093556,0.000658,-0.000666657708752,-0.000706719324942
4.71198,0.000136602394549,0.00084,-0.000668836451321,-0.000704436374257
4.71343,0.000135636955285,0.001169,-0.000671084464621,-0.000702297736478
4.7152,0.000134333420633,0.000788,-0.000668844502608,-0.00070061012227
4.71663,0.000133566556655,0.000626,-0.000669134260076,-0.000701519403125
4.71833,0.000131214724436,0.000801,-0.000672464360471,-0.000701488253701
4.71973,0.000133372469014,0.001127,-0.000673795932988,-0.000700431445297
4.72145,0.000135011503386,0.001032,-0.000672731424905,-0.000704544170627
4.72325,0.000135162014838,0.000634,-0.000672735988827,-0.000705528130452
4.7247,0.000136417591312,0.001385,-0.000673287905724,-0.000703918391949
4.72637,0.000138842478464,0.001226,-0.000677323665871,-0.000703109835519
4.72786,0.000141965317002,0.001167,-0.000676465095948,-0.000704783155148
4.72975,0.000146897724678,0.000919,-0.000674637671264,-0.000702825011143
4.73136,0.000151431286499,0.001079,-0.000677518017193,-0.00070214008196
4.73322,0.000151817576855,0.000852,-0.000676717509186,-0.000702118628268
4.73496,0.000150408518532,0.000503,-0.000675416676469,-0.00070172692592
4.73635,0.000147609833868,0.000861,-0.000676289573828,-0.000698878619444
4.73804,0.000140004207665,0.000959,-0.000677610645435,-0.000696077079364
4.7395,0.000135771546567,0.000599,-0.000673024569431,-0.000697626160298
4.74065,0.000137738606136,0.000596,-0.000673341467411,-0.000698231174386
4.74175,0.000139121267387,0.001543,-0.000673757087844,-0.000696944454028
4.74349,0.000135975222508,0.001041,-0.000672071325538,-0.000699475554393
4.74531,0.000132636799276,0.000981,-0.000669656639765,-0.000702843219385
4.74685,0.000125167616973,0.000712,-0.000669104170293,-0.000701549747591
4.74863,0.000120993849932,0.001129,-0.000673415392014,-0.000700932860135
4.75005,0.000121493050607,0.001117,-0.000675505286521,-0.000703949380209
4.75183,0.000122440209586,0.000756,-0.000673288517176,-0.000703674688615
4.75356,0.000124053738647,0.000776,-0.000669054252955,-0.000707076091322
4.75501,0.000128793607695,0.000919,-0.000669573647952,-0.000710528733131
4.7568,0.000138935069135,0.000843,-0.000673904181571,-0.000712818777907
4.75858,0.000140941631602,0.000687,-0.00067364004054,-0.00071236985745
4.76025,0.000143260007182,0.001444,-0.000674349582821,-0.000710433903316
4.76169,0.000146338063939,0.000907,-0.000665016016152,-0.000706128361796
4.76348,0.000156950373719,0.000868,-0.000665301115454,-0.00070294388748
4.76518,0.000163441440007,0.001138,-0.000672678385836,-0.000701650693749
4.76683,0.000157921971296,0.00073,-0.000673982712899,-0.000701848227637
4.76808,0.000149860274926,0.000731,-0.000673696739152,-0.000703026333531
4.76953,0.000141730602015,0.000362,-0.000672901401939,-0.000703499314756
4.77126,0.000136353217306,0.001249,-0.000675037887213,-0.000702396377648
4.77276,0.000134129574675,0.0012,-0.000673372848588,-0.000700309776904
4.77458,0.000132398819747,0.000801,-0.00067025995882,-0.000701939451624
4.77633,0.000141123743993,0.000578,-0.00066978661978,-0.000702619315986
4.77782,0.000142867281007,0.001196,-0.000673333451222,-0.000700765064126
4.77962,0.000148694416461,0.001184,-0.000678074647753,-0.000705353450271
4.78146,0.000147906029045,0.000644,-0.000676783137597,-0.000704899402562
4.78296,0.000150816368028,0.001379,-0.000678931479331,-0.000701089845687
4.78475,0.000153097518113,0.001073,-0.000679735565916,-0.000700804594278
4.78649,0.000154731418102,0.000362,-0.000677947119942,-0.000701098173832
4.78791,0.000153115587355,0.00061,-0.000677970929134,-0.00069871521257
4.78957,0.000150722517936,0.00125,-0.000679238889735,-0.000696966946625
4.79111,0.000153159971894,0.001094,-0.000673987159098,-0.000699134541466
4.79241,0.000154747317863,0.000615,-0.000670138041399,-0.000701411179737
4.79399,0.000147309483795,0.000746,-0.000671718495934,-0.000699753793091
4.79571,0.000139240598468,0.001223,-0.000675329299755,-0.000696833814118
4.79744,0.000136399753324,0.001002,-0.000669300907249,-0.000697796964032
4.79888,0.000125425633784,0.000613,-0.000666948772413,-0.000700703465782
4.79976,0.000120312028345,0.000789,-0.000666902583455,-0.000701232535456
4.80097,0.000120101062054,0.001021,-0.000667895833111,-0.000701002484913
4.80243,0.000119111015865,0.000968,-0.000672947023187,-0.000700867254732
4.80418,0.000114916860092,0.000655,-0.000673426580351,-0.000702279507033
4.80585,0.000111675335036,0.000767,-0.000673521137053,-0.000705866653604
4.80727,0.000110350751709,0.001133,-0.000671721740445,-0.000706358033477
4.80896,0.000114530852963,0.001135,-0.000668780088571,-0.000706265540416
4.81029,0.000116737334697,0.000712,-0.000668261013832,-0.0007085215961
4.81208,0.000118321087188,0.00096,-0.000669799357775,-0.000706802170026
4.81385,0.000118400376319,0.001017,-0.000670186050527,-0.000704714886317
4.81558,0.000121184824532,0.000675,-0.000669336527842,-0.000707523786672
4.81727,0.000123671926949,0.000575,-0.000671341992978,-0.000707591646076
4.81906,0.000121575629782,0.00078,-0.000674160107986,-0.000705402452521
4.82088,0.000121011097656,0.000823,-0.000673431483258,-0.000701011359472
4.82269,0.000125541474012,0.000567,-0.000668181549908,-0.000701229583174
4.8242,0.000129716562249,0.001178,-0.000672488333815,-0.000701193040464
4.82597,0.000130197309518,0.000966,-0.000671741177332,-0.000701957694292
4.8277,0.000128628445367,0.000618,-0.000669144605359,-0.000700909200227
4.82944,0.000128323356671,0.00073,-0.000671716023565,-0.000698998498988
4.83116,0.000128869990222,0.000994,-0.000674975091766,-0.000700496035179
4.83283,0.000133490384733,0.000612,-0.000676117386797,-0.000701631365315
4.83443,0.000137898959713,0.000597,-0.000676347614543,-0.000700444363984
4.83578,0.000139337239169,0.001193,-0.000675758678312,-0.000699581261354
4.83744,0.000136783316378,0.000934,-0.000672745314067,-0.000699056807724
4.83912,0.00013413174142,0.000748,-0.000670633346849,-0.00070224626328
4.84089,0.000134711005043,0.000992,-0.000673945261739,-0.000701798851962
4.84269,0.000138854792968,0.001062,-0.000674627442716,-0.000701920135084
4.84442,0.000139564925689,0.000966,-0.000670996394388,-0.000705081714138
4.84603,0.000132944904893,0.000292,-0.00066873978785,-0.000705636740075
4.84758,0.000127876880725,0.000889,-0.000669467145492,-0.000703753799219
4.84904,0.000130688894992,0.001181,-0.000672283770307,-0.000707010279954
4.8508,0.000132457160983,0.000808,-0.000672293280022,-0.000707321210026
4.85245,0.000132841597935,0.000874,-0.000671310324622,-0.000708530865768
4.85421,0.000134250591132,0.001127,-0.000667099020169,-0.000708235564156
4.85592,0.000138356376874,0.000703,-0.00066572800768,-0.000705216807435
4.85742,0.000138813947423,0.000706,-0.000665936335817,-0.000705783642327
4.8591,0.000140626173863,0.000962,-0.000667276169778,-0.000705269282241
4.86056,0.000140729522025,0.000843,-0.000669334229818,-0.000705459970345
4.86231,0.000142659151719,0.000368,-0.00066708615864,-0.000706174092481
4.86399,0.000139174866112,0.000527,-0.000665985981325,-0.000705153126778
4.86567,0.000137726299843,0.001444,-0.000667390809792,-0.000703668007984
4.86733,0.000139912508308,0.00138,-0.00066749119047,-0.000703443694692
4.86896,0.000140755051565,0.000698,-0.000666801721498,-0.000703920529136
4.87061,0.000140469121447,0.000777,-0.000669287112092,-0.000702032803687
4.87239,0.000144168047095,0.000925,-0.00067405877516,-0.00069880840553
4.87419,0.000144008962323,0.000833,-0.000674017884805,-0.000700775548961
4.87587,0.000141976981754,0.000856,-0.000674070227806,-0.000699312355957
4.87728,0.000136280431158,0.00067,-0.000674874003978,-0.000696130033312
4.87893,0.000139298239835,0.000708,-0.00067461948703,-0.000695687925588
4.88044,0.00014081532279,0.000601,-0.000675968198578,-0.000697229329424
4.882,0.000140924356267,0.000859,-0.00067859907471,-0.000697107112632
4.88385,0.000139671125737,0.001241,-0.000676458302733,-0.000700386227095
4.88573,0.000137550346469,0.000953,-0.000672691587197,-0.00070328214513
4.88762,0.000141029449541,0.000994,-0.000672514686397,-0.000701465967268
4.88939,0.000142282265281,0.000839,-0.000673498699349,-0.000703991050841
4.8911,0.000138969196833,0.000903,-0.000670147050997,-0.000704501481967
4.89252,0.00013391704747,0.001196,-0.000669963481674,-0.000705128613221
4.89403,0.000128788412114,0.001642,-0.000672610465267,-0.00071084153429
4.89581,0.000123466521931,0.001045,-0.000669852158934,-0.000712138934748
4.89729,0.000122918053705,0.00121,-0.000667848581489,-0.000709562671762
4.89904,0.000121546939914,0.000946,-0.000667447333901,-0.000711577943862
4.9,0.000122698361484,0.001053,-0.000665428009437,-0.000711648367573
4.9012,0.000122918969895,0.00129,-0.000659566815924,-0.000710151406566
4.9027,0.000121552803219,0.000567,-0.000659974591049,-0.000709272250352
4.90449,0.000123814199202,0.001011,-0.00066603572786,-0.000710247348221
4.90619,0.000126466742833,0.0011,-0.000667876241532,-0.000711158333522
4.9078,0.000133265524941,0.000694,-0.00066510753647,-0.000711110985245
4.90929,0.000137511767269,0.000983,-0.000669567940391,-0.000710407558267
4.91058,0.000144292925949,0.001134,-0.000665260029718,-0.000708911875915
4.91204,0.000145008825917,0.001358,-0.000663430521845,-0.000704412890565
4.91339,0.000142500912888,0.000883,-0.000662659985793,-0.000709587758474
4.91498,0.000139271592699,0.000607,-0.000662901054433,-0.000708832324756
4.91639,0.000137664768691,0.001285,-0.000666039198359,-0.000705123022076
4.91815,0.000142237072635,0.002048,-0.000673027990302,-0.000703942969013
4.91938,0.000143895091182,0.001756,-0.000673440597852,-0.000704183328768
4.9206,0.000144894568255,0.001229,-0.000671007751938,-0.000703935489174
4.92224,0.000138091496669,0.00093,-0.000673137647478,-0.000700160070786
4.9233,0.000137491833328,0.001218,-0.000674423043182,-0.000698444205356
4.92438,0.000139023186935,0.001362,-0.0006755244571,-0.000700971573777
4.92599,0.000141071730818,0.001028,-0.00067351202396,-0.000706393112258
4.9275,0.000142078347029,0.000876,-0.000673424301648,-0.000705536649767
4.92918,0.000140418269241,0.001107,-0.000677705180442,-0.000699706353174
4.93091,0.000140552195565,0.001019,-0.000677961641753,-0.000701995250493
4.93252,0.00014599888461,0.001152,-0.000675328164888,-0.000702788592537
4.93413,0.000157000425078,0.001346,-0.000674826292273,-0.000705583503219
4.93583,0.000154933679647,0.001302,-0.00067157174613,-0.000705610122405
4.93671,0.000153984653216,0.001619,-0.00067022585258,-0.000705876230879
4.93856,0.000146226488522,0.000891,-0.000671173170363,-0.000708154286377
4.9403,0.000145273591499,0.001446,-0.00067048659847,-0.000706130488903
4.94195,0.00014906415731,0.001537,-0.000673021568479,-0.000704285844699
4.94352,0.000147698806887,0.000996,-0.000671110796025,-0.000707712496177
4.9451,0.000146248435062,0.001105,-0.000671918360022,-0.000709288096195
4.9468,0.000144996253225,0.001484,-0.000673230734404,-0.000707723095569
4.94847,0.000140810738823,0.001055,-0.000674629293627,-0.000711679897115
4.95013,0.000138626662882,0.001089,-0.000668175362613,-0.000713904666391
4.95173,0.000140391611294,0.001634,-0.000665996483642,-0.000717645386146
4.95342,0.000141862749098,0.00116,-0.000665196626108,-0.000721634824407
4.95524,0.000154845682221,0.000977,-0.000662812559957,-0.000722459991899
4.95696,0.000162615919185,0.001438,-0.000666425432634,-0.000719075931313
4.95862,0.000162398429757,0.001597,-0.00067242211883,-0.000713873287795
4.96017,0.000161038760651,0.001193,-0.00067236388782,-0.000711481225237
4.96181,0.000163135627566,0.000731,-0.000671201617391,-0.000708588252399
4.96348,0.000168600223804,0.001552,-0.000672431252471,-0.000706463549167
4.96514,0.000172604487824,0.001089,-0.000670068832381,-0.000705451731432
4.96681,0.000182519378625,0.000802,-0.000668264977199,-0.00070440328326
4.96849,0.000180843711145,0.001335,-0.000670734006225,-0.000705626093189
4.97028,0.000175529890258,0.001215,-0.00066883725558,-0.000707297870937
4.97208,0.000173833062905,0.001721,-0.000666974750424,-0.000707548174782
4.97398,0.000177923052006,0.001291,-0.000673539079271,-0.000706275109513
4.97584,0.000184112312694,0.001204,-0.000676370777063,-0.000702240901164
4.97762,0.000186954000131,0.001065,-0.000675239637062,-0.000701736588268
4.97937,0.000181453669204,0.000854,-0.000675534671458,-0.000706079435639
4.98121,0.000178359362014,0.0011,-0.000679857289722,-0.000705351058264
4.9831,0.000179205452649,0.000846,-0.000678544635068,-0.00070457698832
4.98494,0.000179331435258,0.000659,-0.000675239296429,-0.000703771705983
4.98674,0.00018360948265,0.001717,-0.000677250237757,-0.000702674765783
4.98877,0.000184849533858,0.001297,-0.000669460487599,-0.000705586436846
4.99017,0.000185976612524,0.00145,-0.000669920913312,-0.000709328236581
4.99188,0.000178918831117,0.000998,-0.00067292302503,-0.000713830400275
4.99345,0.000176186237154,0.001569,-0.000667697576003,-0.000715505287095
4.99515,0.000176833421539,0.001022,-0.000658487153553,-0.000713132135187
4.99691,0.000170588975413,0.001083,-0.000659920709195,-0.000707255433237
4.99774,0.00016321974196,0.00107,-0.000661172515957,-0.000706154949948
4.99852,0.000159122148377,0.001064,-0.000666065804695,-0.000704244739779
4.9998,0.000156607479727,0.000895,-0.000667284665143,-0.000704421430226
5.00135,0.000150035569808,0.001002,-0.000670853144704,-0.000710244185625
5.00262,0.000144434436615,0.000978,-0.000670387880321,-0.000714935837775
5.00421,0.000144118113206,0.00134,-0.000669766067133,-0.000717215667077
5.00581,0.000150082727204,0.001633,-0.000669849753849,-0.000713879563684
5.0074,0.000153337927414,0.00145,-0.000665162322686,-0.000718677109866
5.00902,0.000154501189938,0.000844,-0.000660731823827,-0.000717952957421
5.01069,0.000157708316888,0.000979,-0.000659652383082,-0.000713933472018
5.01211,0.000157202707606,0.000856,-0.000663263016211,-0.000714790756031
5.01382,0.000161506600866,0.000919,-0.000667492317782,-0.000713871195813
5.01558,0.000162981946628,0.001251,-0.000670850853856,-0.000710613010058
5.01728,0.000168882009105,0.001189,-0.000670175373028,-0.000707839162962
5.01867,0.000173541971509,0.000952,-0.000664655613534,-0.000705629830685
5.02035,0.000174781045979,0.000781,-0.000660857730344,-0.000707764430893
5.02207,0.000172322039957,0.001072,-0.000661640827644,-0.000708215701247
5.0238,0.000164975587134,0.001164,-0.000662255608616,-0.000707872011495
5.02557,0.000161205673874,0.000544,-0.000659381625273,-0.000709846081598
5.02672,0.000158053023516,0.000592,-0.000660201842054,-0.000709721562012
5.02755,0.000157055997179,0.000872,-0.000663635309317,-0.000709202522234
5.02923,0.000154616562424,0.000983,-0.000667431184826,-0.000706844133897
5.03093,0.000157881534049,0.001473,-0.000668542704519,-0.000703004385614
5.0327,0.000161208797111,0.000896,-0.000672874820728,-0.0007031858308
5.03456,0.000165475309649,0.001239,-0.000676212550393,-0.000702030657871
5.03601,0.000164328430151,0.001011,-0.000674542990591,-0.000703622834905
5.03779,0.00016045485376,0.001024,-0.00066739736946,-0.000704645014253
5.03963,0.000164709268662,0.001524,-0.000665229535129,-0.000708749034679
5.04143,0.000165926575095,0.001108,-0.000667938541638,-0.000709496959972
5.04324,0.000163331974062,0.000671,-0.000668874482458,-0.000706603271448
5.04502,0.000163101559443,0.000981,-0.000671990564412,-0.000702589042787
5.04679,0.000164896190497,0.001359,-0.000673625580269,-0.000702015366964
5.04834,0.00016317520642,0.000936,-0.000672720460993,-0.00070447906886
5.05025,0.000162468231463,0.000975,-0.000672977121562,-0.000707062292933
5.05211,0.000159487526475,0.001137,-0.000667968330599,-0.000708721536382
5.0536,0.000156738717548,0.00094,-0.000665350496702,-0.000708916104799
5.05542,0.000157076851301,0.001174,-0.000669481329446,-0.000708013425153
5.05696,0.000151391108299,0.00125,-0.000669164938103,-0.000709329646919
5.05876,0.000148847982916,0.000747,-0.000667972678865,-0.000713431031229
5.06047,0.000151352244403,0.001558,-0.000671224912219,-0.000714111711809
5.06232,0.000151711770575,0.00122,-0.000671171467291,-0.000714972361979
5.06371,0.000154085315597,0.001086,-0.00067026404018,-0.000713979966347
5.06529,0.000158732211675,0.00133,-0.00066798475373,-0.000715044358391
5.06699,0.000157777595006,0.001043,-0.000666252617103,-0.000717279008322
5.06869,0.0001476551127,0.000808,-0.00066420962187,-0.00071405420848
5.0704,0.000147317996006,0.001239,-0.000666919397983,-0.000711742949775
5.07191,0.000152007947958,0.001183,-0.000668491103506,-0.000711366608608
5.07322,0.000154927451349,0.00111,-0.000666974154239,-0.000708518421752
5.07485,0.000157660348323,0.001023,-0.000665462891756,-0.000704152355996
5.07598,0.000158737511513,0.000971,-0.000665017879121,-0.000703026333531
5.07778,0.00015726593423,0.00087,-0.000664503196376,-0.000705458905265
5.0792,0.000155145098942,0.001132,-0.000665032529036,-0.000706875443803
5.08067,0.000150244209038,0.000646,-0.000666276476603,-0.000711293792266
5.08206,0.000145947206624,0.001051,-0.000666777311942,-0.000713590544278
5.08315,0.000146086535727,0.001161,-0.000666685436603,-0.000713626128314
5.08397,0.000148431003772,0.000714,-0.000663934328266,-0.000715018274029
5.08571,0.00015387200022,0.000637,-0.000664218911772,-0.000713391882913
5.08731,0.000152639003873,0.000645,-0.000666282071834,-0.000710639343463
5.08894,0.000154022060975,0.000839,-0.000669430737455,-0.000707441069668
5.0907,0.000153440778099,0.001145,-0.000675407605914,-0.000705727772492
5.09219,0.000151500547536,0.001301,-0.000674800132782,-0.000706075309233
5.09389,0.000150957113187,0.000596,-0.000671083065979,-0.000708479493233
5.09557,0.000159854741793,0.001277,-0.000669447616026,-0.000707681756579
5.0969,0.000166558583429,0.001265,-0.00066426951104,-0.000705058262833
5.09839,0.000161507771895,0.000534,-0.000663383998266,-0.000706736866545
5.09939,0.000161390335209,0.000648,-0.000663858330893,-0.000707692905911
5.1007,0.000162074578216,0.001136,-0.000665069969064,-0.000707616579663
5.10225,0.000163528828843,0.001178,-0.000669550196516,-0.000708254836188
5.10392,0.00016460711599,0.001022,-0.000672088779133,-0.000708102945488
5.10564,0.000164638549523,0.001603,-0.000672566137379,-0.000704822093096
5.10751,0.000169751112625,0.00099,-0.000672410701538,-0.00070193887462
5.10924,0.000177207652398,0.00068,-0.000672542429673,-0.000700687599587
5.111,0.000177657580435,0.000761,-0.000670865039144,-0.000703016697728
5.1128,0.000172455582832,0.001,-0.000670077073388,-0.000708228406761
5.11468,0.00016444497706,0.000942,-0.000673929116316,-0.000708937248641
5.11644,0.000166924404081,0.000749,-0.000672375306218,-0.000710038107509
5.11787,0.000174669042259,0.001181,-0.000671272187706,-0.000707198600278
5.11933,0.000174044119032,0.001322,-0.000667356199952,-0.000706401615808
5.12094,0.000169467039794,0.001005,-0.000664331042098,-0.000707873580923
5.1225,0.000165952720545,0.001185,-0.000666939963142,-0.00071160212037
5.12431,0.000160015206676,0.001178,-0.000669275626532,-0.000718185491169
5.12608,0.00015778174836,0.001014,-0.000669330782762,-0.000716125954586
5.12786,0.000160250587215,0.001758,-0.000669038436945,-0.000713780185447
5.12958,0.000161160201612,0.001326,-0.000666823325002,-0.000711206728994
5.13125,0.000166126500141,0.001156,-0.000665675085105,-0.000708097099736
5.13297,0.000171938385516,0.001172,-0.000669102073341,-0.0007046145984
5.13477,0.000166140762961,0.00106,-0.00066983723745,-0.000707987788245
5.1365,0.000165486472436,0.001105,-0.000671711892987,-0.000706958036587
5.13827,0.000165048772182,0.001289,-0.00067219987749,-0.000706894299396
5.14002,0.000168386719138,0.001033,-0.000669402888615,-0.000710367262351
5.14179,0.000165614441254,0.001285,-0.000667544559364,-0.000707452479785
5.14357,0.00016302415235,0.000871,-0.000667202733323,-0.000705871714311
5.14544,0.000157962081877,0.001398,-0.000669142306426,-0.00070790087447
5.14729,0.000158172759616,0.000918,-0.000670849003307,-0.000707342170094
5.14905,0.000161868566047,0.000868,-0.000671615838104,-0.000705435211736
5.15073,0.000160410577027,0.000889,-0.000671661138082,-0.000703373893894
5.15219,0.000160947402356,0.00081,-0.00066952837446,-0.000700595055751
5.15403,0.000164563759325,0.001028,-0.000671433525629,-0.000702748419499
5.15598,0.000164499529203,0.001098,-0.000670175102454,-0.000706660641683
5.15784,0.000162364646754,0.000761,-0.000671910897132,-0.00071037358586
5.15969,0.000160505031647,0.000973,-0.00067268632771,-0.000710549429623
5.16183,0.000167986350928,0.001238,-0.000672276882079,-0.000709697396008
5.16364,0.00017273190968,0.001342,-0.000673967229956,-0.000705623225927
5.16538,0.000178085505365,0.001545,-0.000674555261079,-0.000699377376649
5.16714,0.000185600434366,0.001239,-0.000678461538462,-0.000698319858886
5.16904,0.000176787409348,0.000976,-0.000676446980495,-0.000698256050992
5.17082,0.000177062537342,0.000966,-0.000672985797863,-0.000698600943236
5.17254,0.000178007258979,0.001059,-0.000672612747805,-0.000698502756811
5.17431,0.000175826624889,0.001382,-0.000675441867031,-0.000699203350161
5.17608,0.000175241209536,0.000709,-0.000672466643698,-0.000698799484864
5.17763,0.000173359882723,0.000912,-0.000673325717735,-0.000699520860286
5.1793,0.00016765334254,0.001043,-0.000669141156956,-0.000700941463443
5.18104,0.000156980959478,0.001202,-0.000671617682661,-0.000706304878785
5.18273,0.000147249581649,0.001608,-0.000669803593993,-0.000709481372038
5.18447,0.000142628683538,0.000925,-0.000666615889779,-0.000709710453051
5.1858,0.000143365555177,0.000721,-0.000662835426203,-0.000708130988963
5.18737,0.000136984867266,0.000838,-0.000661123060596,-0.000706610966866
5.18892,0.000129803389753,0.000713,-0.000662820336818,-0.000708915047582
5.19049,0.000129062128034,0.00078,-0.000666861801045,-0.000713496578717
5.19202,0.000133857242279,0.000529,-0.000670824155693,-0.000713499719225
5.19372,0.000138193496804,0.000612,-0.000669153709536,-0.00071306298424
5.19515,0.00013748470163,0.000768,-0.000663769635752,-0.00071241812676
5.1965,0.000136794301093,0.00087,-0.000660607302827,-0.000710414935031
5.19785,0.000141621040981,0.00086,-0.000660456539839,-0.000710957644478
5.19942,0.000146205594128,0.00114,-0.000662347324922,-0.000712846356151
5.20076,0.000141132229031,0.000915,-0.000664966484453,-0.000712059451923
5.20262,0.000144064952349,0.000963,-0.000667546348128,-0.000709154974345
5.20365,0.000146802391965,0.000889,-0.000669643216378,-0.000708531119012
5.20523,0.000146992114297,0.000812,-0.000671111588992,-0.000707205564005
5.20679,0.000146539227917,0.001033,-0.000673439113025,-0.000703596633972
5.20859,0.000148277254051,0.000822,-0.000673478326982,-0.000701890348052
5.20998,0.000147436414096,0.000539,-0.000674346819421,-0.000701143854234
5.2114,0.000151361982648,0.000675,-0.000672302223817,-0.00070053263217
5.21307,0.000157198142554,0.001006,-0.000673234338102,-0.000704259150005
5.2149,0.000158543745489,0.001129,-0.000676529580139,-0.000708332155493
5.21677,0.000158029572218,0.001132,-0.000669804741898,-0.000707191769446
5.21879,0.000163223199053,0.001189,-0.000671990064376,-0.00070137357675
5.22059,0.000169200969371,0.00121,-0.000674409182062,-0.000700777120944
5.22227,0.000175300211917,0.001083,-0.000674543784792,-0.000703715600782
5.22433,0.000166419113385,0.000731,-0.000671042102402,-0.000706583083947
5.22619,0.00016149449416,0.000602,-0.000671786908106,-0.000704058092432
5.228,0.000157358638435,0.001476,-0.000671026690915,-0.00070118524455
5.23011,0.00016004199817,0.000933,-0.000671102782271,-0.000700096720468
5.23176,0.000169492255356,0.00097,-0.000672723437937,-0.000701619794307
5.23362,0.000166386866789,0.000861,-0.000671879499694,-0.00069994802086
5.23535,0.000160491707931,0.001214,-0.000669846857164,-0.000702947903227
5.23754,0.000152494287814,0.001188,-0.000670890942139,-0.000707625316525
5.23941,0.000151644430775,0.001131,-0.000665815879201,-0.000707973975963
5.24115,0.00014814025869,0.000919,-0.000663546811404,-0.000709842666346
5.24322,0.000145612633992,0.000949,-0.000663908901962,-0.000711322750124
5.24491,0.000146441138894,0.000772,-0.000665285685587,-0.000710620135622
5.24662,0.000152207420129,0.001426,-0.000672484059298,-0.000711901349707
5.24863,0.000155677548718,0.001444,-0.000674443291795,-0.000707224406918
5.25025,0.000161643183846,0.001342,-0.000672463510238,-0.00070659184224
5.25172,0.000165195570688,0.001778,-0.000665953762856,-0.000708020839963
5.25345,0.000168004144266,0.001266,-0.000660045365999,-0.000708750092273
5.25526,0.000168826322134,0.001228,-0.000661705572855,-0.000708292987769
5.25702,0.000169354367568,0.001321,-0.000662146007911,-0.00070756726024
5.25907,0.000161472185693,0.000844,-0.000659942965461,-0.000706586817622
5.26048,0.000156524056764,0.001169,-0.000662796256595,-0.000707082750257
5.26216,0.000157961930948,0.001525,-0.000666408760667,-0.000706427412588
5.2642,0.000156702787678,0.001246,-0.000669476293111,-0.000701461670438
5.2659,0.000156909380298,0.000968,-0.000673040241983,-0.00070253329629
5.26758,0.000159887660433,0.00156,-0.000672659923126,-0.000707732651147
5.26935,0.000155584620914,0.001235,-0.000667873646274,-0.000712871506106
5.27135,0.000154376068257,0.000936,-0.000668050233209,-0.000713625677874
5.27304,0.000154687832593,0.001403,-0.0006678047832,-0.0007126586496
5.27472,0.000156098292654,0.001249,-0.000669853306721,-0.000711489869593
5.27615,0.000154182268766,0.000705,-0.00066642311414,-0.000713646252617
5.27758,0.000156327755061,0.000822,-0.000665731384638,-0.00071188163548
5.27903,0.000158854647174,0.001357,-0.000666507488769,-0.000708849576416
5.28094,0.000155237121765,0.000857,-0.000670353483455,-0.000713866052853
5.28259,0.000155787975188,0.000702,-0.000665922344629,-0.000715353184081
5.28449,0.000155073479584,0.001126,-0.000663902485478,-0.000711751426628
5.28618,0.000155547365326,0.001269,-0.000661019429183,-0.00070805265126
5.28806,0.000161518575498,0.001236,-0.000657479283191,-0.000709125483487
5.28964,0.000159944586226,0.001196,-0.000660559881416,-0.000708894791289
5.29136,0.000161105378596,0.001076,-0.000660547012549,-0.000708163603923
5.29333,0.000166136479464,0.000973,-0.000660997661116,-0.000709957410514
5.29506,0.000163153850441,0.001357,-0.000663317694506,-0.00070853116413
5.29698,0.000156249767343,0.001338,-0.000664253256257,-0.000708967905507
5.29857,0.000155046949285,0.001142,-0.000664240484262,-0.000714638319002
5.29989,0.000159269484844,0.001039,-0.000662079535941,-0.000715755372735
5.30071,0.00016091730214,0.001135,-0.000658715019285,-0.000715308249378
5.30213,0.000161547579033,0.001022,-0.000660391389479,-0.000712734900562
5.3039,0.000164833791177,0.001265,-0.000665317632402,-0.000712243988206
5.30535,0.000167503416807,0.000987,-0.00067178462167,-0.000712064458087
5.3066,0.000163433178964,0.000664,-0.000672809005728,-0.000709175100916
5.30789,0.000164189086646,0.00113,-0.000674064538624,-0.000704217514108
5.30925,0.000170984304788,0.000964,-0.000671430093467,-0.000704840749222
5.31047,0.000176161836856,0.001144,-0.000669927907081,-0.000708291929136
5.31219,0.000178644264868,0.00167,-0.000664523732475,-0.000711574790312
5.31343,0.000179168367811,0.001386,-0.000660228308265,-0.000711694610168
5.31496,0.00018529501016,0.00153,-0.000660865970222,-0.000709747391038
5.3167,0.000191971427816,0.001074,-0.000662679788184,-0.000710853115475
5.31836,0.000191491461775,0.001428,-0.000667134903986,-0.000713369893788
5.32003,0.000184266404203,0.001469,-0.000667917728647,-0.000710829952816
5.32183,0.000180288120252,0.001853,-0.000666361846683,-0.000708753265042
5.32361,0.000181070958871,0.001071,-0.000669096325485,-0.000708963677094
5.32528,0.000188440740417,0.001317,-0.000671849780867,-0.000706680021489
5.32698,0.000189467304723,0.001225,-0.000672145744687,-0.000705076699603
5.32875,0.000185872471908,0.001299,-0.000669114438723,-0.000708079474112
5.33052,0.000182555647226,0.00106,-0.000665425381454,-0.000707374249066
5.33263,0.000185756365657,0.001129,-0.000669601600933,-0.000711387641302
5.33439,0.00019562013178,0.000754,-0.000673485193192,-0.000713084987933
5.33609,0.000197462954285,0.001349,-0.000670103292294,-0.000708434822815
5.33789,0.000191872703308,0.001778,-0.000673558726746,-0.000709568360997
5.33961,0.000187321050158,0.001466,-0.000670914376884,-0.000712662544162
5.34131,0.000184722342222,0.001087,-0.000670444581077,-0.000717950306019
5.3431,0.000180153680724,0.000913,-0.000671393131146,-0.000713834584598
5.34476,0.000179418029531,0.001432,-0.000670671682196,-0.000710803013837
5.3464,0.000172257538693,0.001221,-0.000669288267055,-0.00071059553468
5.34809,0.000165801859328,0.000696,-0.000669720663252,-0.000710287831614
5.34993,0.000167586401706,0.001022,-0.00066914654707,-0.000707643594257
5.35161,0.000166405601393,0.000747,-0.000667292379888,-0.000710444440918
5.35329,0.000164764951497,0.001308,-0.000671063423488,-0.000709718896278
5.35497,0.000166229680834,0.001525,-0.000668524091389,-0.000707107932199
5.35658,0.000166216367242,0.001269,-0.000662616883697,-0.00071153330095
5.35823,0.000161689446369,0.000774,-0.000659769574126,-0.000715862190215
5.35991,0.000155577366828,0.000741,-0.000659832645986,-0.000714249213109
5.36191,0.000153384095465,0.001113,-0.000662769257905,-0.000708771795938
5.36356,0.000151098550801,0.001025,-0.000665036353065,-0.0007068866092
5.36525,0.000148561745573,0.000811,-0.000665569299254,-0.00070977960495
5.36695,0.000146280335497,0.001126,-0.000671293931411,-0.000711605833962
5.36859,0.000147298778123,0.001268,-0.000665619178675,-0.000713504953359
5.37023,0.000140683935065,0.000907,-0.000658207968734,-0.000716126084003
5.37188,0.000145359568679,0.001294,-0.000657131898072,-0.000713747752144
5.37373,0.00015201745497,0.001289,-0.000660873309365,-0.000711972530277
5.37532,0.000151593143121,0.000629,-0.000656678098783,-0.000710663568879
5.37687,0.000145645866696,0.001005,-0.000658892305483,-0.000709057246397
5.37836,0.000150132194861,0.001283,-0.000663532247366,-0.000707276396131
5.37986,0.00015451797909,0.00108,-0.000667040572226,-0.000705203215701
5.38151,0.000156143004753,0.001002,-0.000669261836495,-0.000703587009896
5.38318,0.000161066914295,0.001149,-0.000669379633455,-0.00070166894765
5.3851,0.000164079162824,0.000911,-0.000665809476174,-0.000701962519533
5.38653,0.000161099629258,0.000871,-0.000663096616936,-0.000705250555193
5.38831,0.000156659951626,0.000778,-0.00066348750719,-0.000709041583025
5.39011,0.000158213146939,0.000995,-0.000667842818782,-0.000706556520116
5.3921,0.000163682464439,0.001251,-0.000667490011018,-0.000706321888945
5.39384,0.00016724002348,0.000859,-0.000666172215506,-0.000705222397271
5.3956,0.000165489489937,0.001253,-0.000668100921052,-0.00070088876571
5.39728,0.000162804492579,0.001209,-0.000672351327272,-0.000706215314672
5.39926,0.000158586584818,0.001303,-0.000669522363293,-0.000710779297902
5.40081,0.000153260228325,0.000663,-0.000663559306492,-0.000710691884062
5.40266,0.000158106472152,0.001293,-0.000665848284186,-0.000707219740277
5.4045,0.000163879187539,0.001345,-0.00066521599787,-0.000703078543939
5.40658,0.000169702228784,0.000967,-0.000663580530196,-0.000701817811505
5.40828,0.000170471765205,0.001428,-0.000668104376849,-0.000703589952072
5.40998,0.000166135585119,0.000896,-0.000670210743308,-0.000707640158411
5.41166,0.00016962648236,0.00124,-0.00067128752642,-0.000710997082698
5.41309,0.000168499914734,0.001059,-0.000665183550805,-0.000712326586947
5.41476,0.000163257023955,0.001327,-0.000662084200935,-0.00071194861754
5.41678,0.000167363103409,0.001056,-0.000659940622744,-0.000708998958845
5.41851,0.000166551545323,0.00132,-0.00066427647721,-0.000710505736364
5.42022,0.000167760373177,0.001091,-0.000667960364491,-0.000707782565297
5.42199,0.000158054607618,0.001332,-0.000674542196393,-0.000708056598627
5.42401,0.000151031381966,0.000786,-0.000673459965794,-0.000705603473227
5.42529,0.000154230773559,0.000812,-0.000672416410218,-0.0007028772241
5.42678,0.000159215801517,0.001106,-0.000668948007271,-0.000705505307965
5.42847,0.000160204742559,0.001239,-0.000665491371042,-0.000712295887658
5.43052,0.000167580257181,0.000807,-0.000665174293428,-0.000715946619666
5.43227,0.000166435640949,0.001419,-0.000669951081356,-0.000715309921433
5.43404,0.000168483618508,0.001018,-0.00067206805742,-0.000711108090228
5.43575,0.000172290536291,0.001092,-0.000672787329986,-0.000708006010225
5.43745,0.000175847613132,0.001527,-0.000672659431771,-0.000700455129285
5.43946,0.000177835817737,0.001033,-0.00067306561829,-0.000701182292066
5.44121,0.000174872822068,0.000594,-0.000673112364135,-0.00070480875339
5.44304,0.000174080702267,0.000848,-0.000674147594026,-0.000703721728963
5.44492,0.000171100244039,0.001742,-0.000670271073188,-0.000704547676034
5.44682,0.000167599225518,0.000847,-0.000663758292417,-0.000709530352134
5.44896,0.000159527633396,0.000752,-0.000664914938603,-0.000707502945391
5.45071,0.00015928601981,0.001131,-0.000669306652682,-0.000702969856677
5.45249,0.000155748413209,0.001436,-0.00067073286052,-0.000704457722046
5.45338,0.000153237013502,0.001314,-0.000669553642014,-0.000703492109176
5.45489,0.000148159698255,0.001266,-0.00066736196843,-0.000708359003259
5.45638,0.000146726286917,0.001172,-0.00066653984776,-0.000710835654407
5.45823,0.000147601748737,0.000854,-0.000670921865121,-0.000713824123719
5.46008,0.000144841296456,0.000724,-0.000669343421849,-0.000712595420883
5.46166,0.000149703573956,0.001364,-0.000667868174182,-0.000710287831614
5.46313,0.000153217191842,0.001124,-0.000667466942771,-0.000710816702097
5.46458,0.000151427261691,0.000649,-0.000668151603609,-0.000708500821328
5.46607,0.000156205210482,0.001042,-0.000671098202923,-0.000705931895824
5.4678,0.000168551160298,0.001038,-0.000674502409623,-0.00070323319609
5.46944,0.000172962416309,0.001388,-0.000671791480946,-0.000703041322163
5.47086,0.000173559091781,0.000936,-0.000671261887716,-0.000703453321714
5.47225,0.000171130979535,0.000679,-0.000669891182184,-0.000703828621271
5.47385,0.000164681108835,0.000695,-0.000669992369528,-0.000704739421576
5.4752,0.000163402276957,0.000588,-0.0006697704887,-0.00070369820938
5.47674,0.000160767885077,0.000732,-0.000668812056864,-0.000705852819416
5.4781,0.000158157331316,0.000487,-0.000669497172319,-0.000705115823029
5.47974,0.000156518064502,0.000909,-0.000671712593404,-0.000701740882581
5.48106,0.000159019086526,0.001085,-0.000674436470041,-0.000699544590202
5.48238,0.000163583032263,0.001127,-0.000672141460973,-0.000697892505535
5.4841,0.000164876410915,0.000825,-0.000666434673173,-0.000698417176308
5.48595,0.000160085712859,0.001392,-0.000665153419453,-0.000701541155426
5.48755,0.000155022064471,0.000898,-0.000667276587971,-0.000708792394078
5.48902,0.000152603762544,0.000863,-0.000668998601521,-0.000710308487517
5.49067,0.00015109749417,0.000825,-0.000668134326059,-0.000708759610514
5.49201,0.000147367454034,0.000779,-0.000665578733467,-0.000709079944463
5.49353,0.000147446905205,0.000899,-0.000664811571176,-0.000708166993566
5.49514,0.000147574894726,0.001173,-0.000665001736004,-0.000708787685695
5.49697,0.000148081205912,0.001076,-0.000664897227735,-0.000713046541813
5.49841,0.000149987843279,0.0007,-0.000663905971196,-0.000711117259507
5.49995,0.000150123588175,0.000722,-0.000664829969591,-0.000707665165174
5.50123,0.000145995278679,0.000648,-0.000665323919219,-0.000708205113054
5.50173,0.00014321311657,0.000674,-0.000664976230395,-0.000708459163295
5.503,0.000137884509954,0.000936,-0.000662403761667,-0.000707425160869
5.50436,0.000136054329744,0.001196,-0.000661700458377,-0.000705516416141
5.50546,0.000136710558152,0.000711,-0.000662634357978,-0.00070571445828
5.50712,0.000138984235374,0.000863,-0.000660527123635,-0.000707331064171
5.50877,0.000141765926094,0.000695,-0.000660577429326,-0.00070675245052
5.51004,0.00014695057957,0.001249,-0.00066163625929,-0.000706500609166
5.51169,0.000146571630236,0.001235,-0.000657905263788,-0.000708794031892
5.5134,0.000143549098711,0.000566,-0.000659365146563,-0.000713057022235
5.51482,0.000144430410877,0.000783,-0.000662994189198,-0.000713726230114
5.5165,0.000144943944458,0.000664,-0.000665413119364,-0.000710973055419
5.51815,0.000146284099051,0.000756,-0.000665623891182,-0.000709199352526
5.5195,0.000149696982049,0.000919,-0.000664425215493,-0.000705858140306
5.5212,0.000154338476008,0.000765,-0.000665472190992,-0.000703999278459
5.52288,0.000158461749524,0.00082,-0.000668487817593,-0.000702232740408
5.52443,0.000162589821139,0.000875,-0.000668753630329,-0.000699669629647
5.52625,0.000160520835708,0.000637,-0.000669801653597,-0.000698715249154
5.52814,0.000160259596973,0.000689,-0.000671446734624,-0.000700666079392
5.52987,0.000157567347016,0.000595,-0.000669626589604,-0.000701532850809
5.5314,0.000157511197429,0.000745,-0.000672162530924,-0.000700811474001
5.53335,0.000154804320995,0.001155,-0.000671305375074,-0.000697583465526
5.53517,0.00015512251191,0.001334,-0.000670069042524,-0.00070076571587
5.53693,0.000158035824638,0.000718,-0.000671598240816,-0.000705579178652
5.53845,0.000155691448874,0.00075,-0.000673395023163,-0.000707796323435
5.54041,0.000147585862254,0.000808,-0.000673418950411,-0.000706992272531
5.54234,0.000145620168577,0.000877,-0.00066771948047,-0.000705703809878
5.5439,0.000143841894657,0.000665,-0.000665627193081,-0.000705020844736
5.5457,0.000132571222245,0.000666,-0.000667985713761,-0.000707978580108
5.54739,0.000130754150333,0.001441,-0.00067000708568,-0.000710954506261
5.54873,0.000130166316457,0.000882,-0.00066991643085,-0.000713042510929
5.54986,0.000131163392247,0.00074,-0.000668111288369,-0.000713547871024
5.55163,0.000134421107113,0.000781,-0.000665140671012,-0.000712596469759
5.55334,0.000136903591277,0.000789,-0.000663756062832,-0.000709205691921
5.55449,0.000138426875342,0.000901,-0.000663282794174,-0.000707013464589
5.55632,0.000138956115876,0.000787,-0.000661885899412,-0.000707383795452
5.55809,0.000135798155268,0.000684,-0.000664212616931,-0.000707424171425
5.55961,0.000134848689243,0.000597,-0.000666017218115,-0.000708476243818
5.56146,0.000136716567944,0.000631,-0.000666446231931,-0.000706627965875
5.56335,0.000132577208599,0.00067,-0.000665420692262,-0.000705275675281
5.56482,0.000132447688034,0.000899,-0.000662112979568,-0.0007041491518
5.5665,0.000134746389228,0.000771,-0.000662329050658,-0.000701397213265
5.56822,0.000140706468275,0.001125,-0.000660695568886,-0.000700711270663
5.56978,0.000141790529081,0.00101,-0.00066340726061,-0.000703638336017
5.57161,0.000137711815673,0.001153,-0.000661476210535,-0.000704622067391
5.57344,0.000137252343494,0.000512,-0.000659563299146,-0.000705830424281
5.57523,0.000139745631494,0.00079,-0.000660570410238,-0.000705726109874
5.57674,0.000144286723491,0.000842,-0.000663275813808,-0.000705218191291
5.57852,0.000147463893434,0.001007,-0.000666894499937,-0.000706056110873
5.58008,0.000151317110696,0.00089,-0.000669481281416,-0.000704458827784
5.58161,0.000147904627356,0.000757,-0.000672949304136,-0.000702499276849
5.58336,0.000154411683798,0.00101,-0.000672934130889,-0.000701767372033
5.58514,0.000162517072054,0.000899,-0.000671324477416,-0.00070162026684
5.58666,0.000163968047786,0.000884,-0.000670975337091,-0.000703380579311
5.58759,0.000160961385403,0.000737,-0.000668244891768,-0.000703372020638
5.58939,0.000156503430518,0.000672,-0.000667559209192,-0.000702297736478
5.59113,0.000152743868114,0.000581,-0.000669655847329,-0.00070102533743
5.59279,0.000150253973379,0.000803,-0.000673301581613,-0.000698156536681
5.59422,0.000153836618511,0.000842,-0.000672677448009,-0.000697707808043
5.59609,0.000159779066247,0.000907,-0.000673499493176,-0.000698323346142
5.59781,0.000166804349452,0.000841,-0.000672927634683,-0.000697158456247
5.59929,0.000167917624494,0.000827,-0.000672929915723,-0.000697344493455
5.60078,0.000166546312266,0.000965,-0.000674441235035,-0.000698706846875
5.60257,0.000159800526133,0.000472,-0.000673615088985,-0.000701315554803
5.60376,0.00015526501146,0.000551,-0.000673653810573,-0.000701848227637
5.60466,0.000154146263987,0.000954,-0.000673112565914,-0.000700990929401
5.60646,0.0001544981423,0.001029,-0.000668941107647,-0.000698957153432
5.6082,0.000152470001029,0.001259,-0.00066487403632,-0.000703064874759
5.61011,0.000146391783237,0.000789,-0.00066342935881,-0.000708053675562
5.61138,0.00014158330846,0.000895,-0.000664543438746,-0.000708965791305
5.61265,0.000137048688598,0.00107,-0.000664745407923,-0.0007073477303
5.61384,0.000131624628324,0.001275,-0.000664946032493,-0.000710280884669
5.6154,0.000127977463037,0.001252,-0.000664081386852,-0.000708942085258
5.6166,0.000125962536783,0.001039,-0.000660111611677,-0.000704476419959
5.61834,0.000124138383744,0.000876,-0.000659016719783,-0.000705975184555
5.61975,0.000122813126554,0.000912,-0.000659965220717,-0.000708393546921
5.6212,0.000125534876547,0.000986,-0.000666163084012,-0.000710883646306
5.62294,0.000128735742117,0.00089,-0.00066704344607,-0.000710618276858
5.62434,0.000127887992393,0.000921,-0.000666763990268,-0.000707326514201
5.62595,0.000126693258034,0.000853,-0.000664897227735,-0.000707975717339
5.62764,0.000128840195788,0.00101,-0.000663166527089,-0.000708754322627
5.62921,0.000133113028784,0.001171,-0.00066224977941,-0.000709142294087
5.63111,0.000138711263404,0.001327,-0.000665730227076,-0.000706777742877
5.6329,0.000142195618202,0.000965,-0.000671600620252,-0.000702003834345
5.6347,0.00013910351438,0.000897,-0.000672915982135,-0.000700908093498
5.63623,0.000135623179386,0.000929,-0.000676615438479,-0.000699769915137
5.63804,0.000134785222471,0.00057,-0.000676042602215,-0.000702333121024
5.63985,0.000135161568472,0.000664,-0.000675004619033,-0.000700119135631
5.64173,0.000135678691485,0.000725,-0.000674204473047,-0.000697014946313
5.64354,0.000144688824381,0.000882,-0.000672591259003,-0.000699283160865
5.64415,0.000146219892123,0.000463,-0.000672624356452,-0.00069972327846
5.64591,0.000142319459402,0.001013,-0.000673588685916,-0.000700626264431
5.64765,0.000140401677915,0.001064,-0.000676744666855,-0.000706476015264
5.64951,0.000142109422071,0.001087,-0.000675843119918,-0.000707475006624
5.65144,0.000143023045457,0.00094,-0.000672773639543,-0.000702578594782
5.65298,0.000144956852654,0.000751,-0.000672322178571,-0.000697483181247
5.65442,0.000146382588323,0.000675,-0.000673787379252,-0.000696633210923
5.65608,0.000148125403747,0.000577,-0.000672659537446,-0.000696945678876
5.65775,0.000143837142899,0.000848,-0.000672474383964,-0.000699569121234
5.65945,0.000140781571964,0.000763,-0.000674669259738,-0.000703274388043
5.6609,0.000142933540353,0.001042,-0.000670574106848,-0.000706426866922
5.66261,0.000147844061164,0.000779,-0.000667613906683,-0.000706182340789
5.66427,0.000148407101995,0.00125,-0.000667077781008,-0.000701545180395
5.66591,0.000142598778943,0.001142,-0.000666852925434,-0.00070035629323
5.66757,0.000136956411364,0.001207,-0.000668447530243,-0.000703231850117
5.66888,0.000128961134116,0.000811,-0.000672309075761,-0.000708217818857
5.67053,0.000123001168331,0.00092,-0.000673114052413,-0.00070690836016
5.67231,0.000121404376702,0.001182,-0.000671982358469,-0.00070444491349
5.67372,0.000123329697046,0.000978,-0.000670923010379,-0.000702816709203
5.67519,0.000126918994175,0.000913,-0.000671494339489,-0.000701607740592
5.67655,0.000136665780184,0.001031,-0.000672310217742,-0.000701241405207
5.67814,0.000136783452699,0.000924,-0.000669903888926,-0.000703996392962
5.67958,0.000133941924141,0.000861,-0.000671590327183,-0.000709134897111
5.68129,0.000135145674106,0.000944,-0.000675685747382,-0.000711098358223
5.68297,0.000137527437869,0.001024,-0.000673217443796,-0.00070976744186
5.68456,0.000138399603103,0.000926,-0.000669859045618,-0.000709185515996
5.68615,0.000142459248068,0.000724,-0.000665680449328,-0.000707951798464
5.68747,0.000144601914032,0.000762,-0.000666110916465,-0.000708352267369
5.68919,0.000150049731634,0.001343,-0.000669268731562,-0.000709577452004
5.69088,0.000147961697028,0.000971,-0.000670331697511,-0.000708499375213
5.69263,0.000143100657725,0.000944,-0.000673537429799,-0.000705535755802
5.69437,0.000145161940412,0.000893,-0.000676748061455,-0.000703328185116
5.69575,0.00015424997033,0.000931,-0.000673199003016,-0.000699175285174
5.69725,0.000158519273996,0.000667,-0.000670345457168,-0.000700029437186
5.69877,0.000155024015169,0.000838,-0.000670914993518,-0.00069913858228
5.69989,0.000153267371809,0.001358,-0.00067120466156,-0.000698784360179
5.7014,0.000152156879628,0.000874,-0.000672133971811,-0.000699322607959
5.70322,0.000144788508853,0.000382,-0.000671499875985,-0.00070053801384
5.70483,0.000142671240188,0.000587,-0.000672737129801,-0.000698830010927
5.70639,0.00014673907275,0.001373,-0.000674614940864,-0.000698331474874
5.7079,0.000145994051631,0.0015,-0.000671541588618,-0.000700177721125
5.70978,0.000141399412681,0.000872,-0.000666833291796,-0.000701588498477
5.71169,0.000136444403384,0.001236,-0.000668778938242,-0.000704564151361
5.71324,0.000132604933119,0.000742,-0.000672708604647,-0.000707874004648
5.71508,0.000131932704976,0.000853,-0.000673631964626,-0.000708600947755
5.71695,0.000130112080106,0.001152,-0.000671796590237,-0.000706650243614
5.71882,0.000129639905157,0.001115,-0.000664528353511,-0.000706524383164
5.72042,0.000137873288847,0.000634,-0.000663059831035,-0.000704734628795
5.7221,0.000142965646546,0.000845,-0.000667032395399,-0.000706847538955
5.72357,0.000140636313494,0.000817,-0.000669935940282,-0.000707839757699
5.72533,0.000133357994236,0.000826,-0.000671103927101,-0.000708850552785
5.727,0.000131827037067,0.00087,-0.000666794022142,-0.000711332954316
5.72879,0.000139055657443,0.001318,-0.000663458433866,-0.000709716785486
5.72994,0.000141600196689,0.00089,-0.000657963307389,-0.000705312966275
5.73168,0.000141522248141,0.000565,-0.000659113365312,-0.000704311470172
5.73319,0.000137832759896,0.000846,-0.000663867626927,-0.000704482270798
5.73501,0.000138040020427,0.000878,-0.0006685085355,-0.000704080790372
5.7368,0.000138760327027,0.000701,-0.000673137445408,-0.000704050879107
5.738,0.000137409856985,0.000815,-0.000672923619072,-0.000706113471769
5.73984,0.000140899322363,0.000854,-0.000668384720841,-0.000706199614637
5.7413,0.000145140155587,0.000853,-0.00066603389911,-0.000703419091402
5.74307,0.000149848353416,0.000903,-0.000667730356103,-0.000704743763759
5.74486,0.000154088473638,0.000885,-0.000666387279394,-0.000705819946681
5.74659,0.000159570390099,0.001115,-0.000668459041255,-0.000703230794892
5.74828,0.000158507055369,0.000678,-0.000673849993107,-0.000702153487202
5.7499,0.000161035221572,0.000599,-0.000674658689571,-0.000701240861372
5.75113,0.000161229486017,0.000619,-0.000676788244,-0.000699767257066
5.75272,0.000156383392588,0.000776,-0.000673642214279,-0.000700126126994
5.75448,0.00015645417948,0.000598,-0.000672263141559,-0.000703085750848
5.75621,0.000155415369979,0.000748,-0.000671575108447,-0.000705068398501
5.75798,0.000151869252118,0.00062,-0.000671644778252,-0.00070486048689
5.75982,0.000151795285089,0.000912,-0.000671911152878,-0.000703180217666
5.76131,0.000149165568965,0.000711,-0.000672001435474,-0.000701448485757
5.76306,0.00014987789862,0.000749,-0.000673020801887,-0.000701619011217
5.76481,0.000150265541362,0.001138,-0.000673394780054,-0.000702498748088
5.76663,0.000148491082132,0.000645,-0.000674239498743,-0.000700670912757
5.76841,0.000148579447048,0.000898,-0.000673400477174,-0.000699302586506
5.76984,0.000144990494662,0.000877,-0.000672213139713,-0.000698323832186
5.77149,0.000141684489075,0.000942,-0.000672129751269,-0.000701184441765
5.77321,0.000141581169133,0.000954,-0.000670743964596,-0.000699542432987
5.77483,0.000140437856783,0.000756,-0.000671603608583,-0.000695654266958
5.77625,0.000139601911602,0.000648,-0.000673227499254,-0.000693455802652
5.77766,0.000134615879975,0.000926,-0.000672140921409,-0.00069215731015
5.77931,0.00012718611282,0.000896,-0.000674622663945,-0.000693299759976
