timestamp,normU,maxDeltaAlpha,interfaceHeightMaxRel,interfaceHeightMinRel
0,0,nan,0.00082,0.00082
0.000164707,0.000578558784424,0.000245,0.000819897487186,0.000819799050767
0.000243525,0.00060243991549,0.000454,0.000819831865532,0.000819459263655
0.000315805,0.000717080410934,0.000699,0.000819758849102,0.000818884925729
0.000383699,0.000810420281557,0.000885,0.000819707155454,0.000818156605266
0.000448464,0.000898258829964,0.00102,0.000819597182216,0.000817318056865
0.000539383,0.000996717833616,0.00176,0.000819308156776,0.000815863659708
0.00068796,0.00125831134519,0.003705,0.000818383057858,0.000812791706934
0.000775749,0.00143324317537,0.002688,0.0008173428173,0.000810545042945
0.000851016,0.00160089802861,0.002565,0.00081617746343,0.000808398325033
0.000930598,0.00176814740646,0.003056,0.000814578632458,0.000805815527225
0.00100699,0.00191049048834,0.003278,0.000812648986243,0.000803024462141
0.00108257,0.00203760939799,0.003557,0.000810422528087,0.000799974635332
0.0011584,0.00215730697854,0.003883,0.000808078565849,0.000796619814497
0.00123807,0.00228262408176,0.004406,0.000805704343933,0.000792783158982
0.00132014,0.00241601526285,0.004902,0.000803249083401,0.000788473951091
0.00140391,0.00255428497894,0.005366,0.000800047774844,0.000783711343005
0.0014885,0.00269623965221,0.005855,0.000795120843478,0.00077852877524
0.00157242,0.00283939480564,0.00857,0.000789519634169,0.000773074171848
0.0016625,0.00297019535299,0.011269,0.000782498904595,0.000767298424561
0.0018155,0.00314468965345,0.01423,0.000773422316066,0.000760247189082
0.00197542,0.0031662412924,0.004115,0.000775130574189,0.000760908337541
0.00220476,0.0030444180068,0.019188,0.000787248368073,0.000772184218241
0.00242659,0.00305687079318,0.015615,0.000796995243191,0.000786292201275
0.0026036,0.00307930789731,0.011945,0.000786528556946,0.000785860025208
0.00286558,0.0030434360212,0.078913,0.000715373937949,0.000710018531582
0.00316776,0.00297224019429,0.248101,0.0005315938205,0.000349261051952
0.00343033,0.0029924792218,0.189098,0.000252568102602,-0.000159026892304
0.00364037,0.0031791078997,0.11937,-4.7154595359e-05,-0.00036581772978
0.00387134,0.0034892216922,0.096068,-0.000252537584157,-0.000483250578727
0.00410107,0.00384675430005,0.058387,-0.00036833911784,-0.000571236819674
0.00432007,0.00408344783008,0.052066,-0.000449018922075,-0.000639155384788
0.00453601,0.00426573017674,0.038079,-0.000511275898712,-0.000683605746297
0.00473783,0.00440882168953,0.031815,-0.00055784318228,-0.000710175657425
0.00492169,0.00451909848155,0.026698,-0.000591804749347,-0.000728303377058
0.00509598,0.00459925786588,0.020613,-0.00061559031608,-0.000741498065701
0.00525983,0.0046354874932,0.013664,-0.000629393562191,-0.000749610333993
0.0054152,0.00461918234021,0.007541,-0.000635192855576,-0.000752567462459
0.00557676,0.00454786747871,0.003387,-0.000636700122231,-0.00075071278756
0.00577045,0.00439872388661,0.0079588,-0.00063512882571,-0.000743031981613
0.0059232,0.00424457800925,0.0092207,-0.000631869798755,-0.000733948181571
0.00620532,0.00390825652962,0.0182265,-0.000633782310938,-0.000715325975785
0.00633413,0.00374848428233,0.006446,-0.000640667846366,-0.000709440188836
0.00652966,0.00350865543971,0.011187,-0.000653924113043,-0.000713204418328
0.00669791,0.00330834389018,0.010555,-0.000666257789938,-0.000716627528436
0.00693908,0.00302345364847,0.015632,-0.000683925780658,-0.000721472287907
0.00702908,0.00291156570791,0.005341,-0.000689764527014,-0.000723087891617
0.0072318,0.00268052887328,0.010958,-0.000693563679006,-0.000726517895337
0.00744531,0.0024632527768,0.010686,-0.000691912419832,-0.000729560489768
0.00760234,0.00232615281012,0.006743,-0.000688844171677,-0.000731512902456
0.00777127,0.00221614025952,0.005739,-0.000684816732947,-0.000733463874535
0.00801443,0.00213346650338,0.0057615,-0.000678705018429,-0.000736021679605
0.00821673,0.00214419308188,0.003268,-0.000675042093347,-0.000737383214872
0.00845716,0.00224992322742,0.003137,-0.000671466701943,-0.000737367715111
0.00868705,0.00242129121134,0.0024401,-0.000668995152081,-0.000735442807772
0.00891454,0.00262547775325,0.0046706,-0.000668622468199,-0.000731882447948
0.00914068,0.0028283871623,0.0063896,-0.000669678811854,-0.000725709188623
0.00940878,0.00303433343471,0.009939,-0.000669978399275,-0.00071925275747
0.0096166,0.00316735335553,0.007409,-0.000668337010643,-0.000716734612994
0.00977741,0.00326221839853,0.004335,-0.000666434673173,-0.00071532389036
0.0100074,0.00337564048751,0.00357,-0.000663520067258,-0.000714750041467
0.0101568,0.00344216734456,0.000389,-0.000663067520331,-0.000714905572679
0.0103563,0.0035163107029,0.002752,-0.000664024470801,-0.000716582815882
0.0105419,0.00357114253772,0.005111,-0.000665240331751,-0.000719859240906
0.0107637,0.00362623275655,0.008286,-0.000666924523757,-0.000724820407166
0.0109745,0.0036699587653,0.009145,-0.000670559828054,-0.000731361798235
0.0111735,0.00371162556632,0.010701,-0.0006826711809,-0.000741332636026
0.0113981,0.00377028289669,0.018608,-0.000702698605021,-0.000753841440081
0.0115944,0.00383705151397,0.016704,-0.000720154444312,-0.00076448602258
0.0118136,0.00388306796051,0.0163749,-0.000736693855447,-0.000775994197253
0.0120182,0.00387803650796,0.0154287,-0.000751469797992,-0.000786973545361
0.0121954,0.00388144216934,0.0137853,-0.000763807777531,-0.000797566847584
0.0123658,0.0039251055284,0.0127426,-0.000775261180651,-0.000807284179608
0.0125236,0.00403729697096,0.0114501,-0.0007853116173,-0.000814323939462
0.0126757,0.00418659616074,0.0100335,-0.000793995339546,-0.000819111478473
0.012828,0.00403489103476,0.0089585,-0.000801708736109,-0.00082
0.0129724,0.00398784226348,0.0072677,-0.000807891152045,-0.00082
0.0131208,0.00399927002048,0.00602568,-0.000812948292485,-0.00082
0.0132635,0.00398031067725,0.00439109,-0.000816585075988,-0.00082
0.0134017,0.00421096150923,0.003002226,-0.00081905760739,-0.00082
0.0135401,0.0044356632297,0.00114794,-0.000819469042623,-0.00082
0.0136896,0.0045324355104,0.0003499,-0.000819187310894,-0.00082
0.013834,0.0044643740791,0.000475473,-0.000818944483871,-0.00082
0.0139883,0.0042158509888,0.000709488,-0.000818622204458,-0.00082
0.0141452,0.00392934052514,0.00079547,-0.000818132561024,-0.00082
0.0143022,0.00365991148221,0.00115281,-0.000818096677381,-0.00082
0.0144601,0.00338283153304,0.002137258,-0.000819834038598,-0.00082
0.0146203,0.00317844173155,0.000202351,-0.00082,-0.00082
0.014786,0.00295096438066,5.97129e-06,-0.000819995103513,-0.00082
0.0149615,0.00273082555607,0.00088524871,-0.000819268547715,-0.00082
0.015154,0.00257330540657,0.00119533,-0.000818285451509,-0.00082
0.0153539,0.00245103789705,0.00125309,-0.000817252318934,-0.00082
0.0155542,0.00237943889268,0.0014056,-0.000816090350977,-0.00082
0.0157942,0.00222738265154,0.00215288,-0.000814304251644,-0.000819921422203
0.0160381,0.00215362827825,0.00305844,-0.000811753514169,-0.000818430094931
0.0162868,0.00211639605044,0.00445324,-0.000808011207904,-0.000816482848834
0.0165331,0.00206146025044,0.0054742,-0.000803364336466,-0.000814393388059
0.0166612,0.00202129328382,0.0030244,-0.00080077469093,-0.000813446771918
0.0168645,0.00192397756561,0.0049651,-0.000796488378827,-0.000811881983932
0.017052,0.00184728333969,0.0047555,-0.000792341759263,-0.000810290994126
0.0172822,0.00171946832952,0.0059718,-0.000787076469379,-0.000808270535223
0.0175233,0.00158284254005,0.0070843,-0.00078074484219,-0.000804899546581
0.0177698,0.00150494640653,0.0083719,-0.000773140157494,-0.000800067477311
0.0180719,0.00145033523378,0.0124993,-0.000761532450216,-0.00079300499882
0.0183144,0.0014046926888,0.0121283,-0.000750073104239,-0.000786356901101
0.0185525,0.00136256419136,0.013975,-0.000736602995907,-0.000778307526695
0.0187613,0.00132230046972,0.0141319,-0.000722677596973,-0.000769392916125
0.0189848,0.00129671447407,0.0170167,-0.00070571764848,-0.000758230266639
0.0191941,0.00129692738902,0.017044,-0.000688233660958,-0.000746782029762
0.019322,0.00131312974015,0.010551,-0.000676775217401,-0.000739450335235
0.0194044,0.00132967621149,0.006832,-0.000669335378831,-0.000734526367723
0.0194821,0.00134979082224,0.006467,-0.000662280090523,-0.000729702088357
0.0195596,0.00137291552079,0.006443,-0.000655175899192,-0.000724705995287
0.0196378,0.00140007681024,0.006448,-0.00064794130884,-0.000719486353385
0.019717,0.00143035565612,0.006444,-0.00064055457033,-0.000714035387657
0.0197977,0.00146382577972,0.006465,-0.000632965495559,-0.00070831733566
0.0198822,0.00149979100943,0.006635,-0.000624968874442,-0.000702198002024
0.0199796,0.001539710065,0.00744,-0.000615664537631,-0.000695075282844
0.0200814,0.00158103715008,0.007772,-0.000605800798099,-0.000687638957606
0.0201876,0.00162262472599,0.008115,-0.000595332834781,-0.000679878977916
0.0202962,0.00166659635758,0.008314,-0.000584407613138,-0.000671855496168
0.0204073,0.00171333398196,0.008548,-0.00057294884791,-0.000663484018482
0.0205307,0.00177314380504,0.009727,-0.000559641057329,-0.000653651306491
0.0206702,0.00185172421516,0.011848,-0.000543018838645,-0.00064108540598
0.0208036,0.0019190603218,0.013027,-0.000524171565426,-0.000627405547783
0.0209182,0.00196932707229,0.013042,-0.000504361875243,-0.000613948297004
0.0210313,0.00201375283142,0.014645,-0.000480884546447,-0.000599401427397
0.021124,0.00204686259735,0.013254,-0.000458753583354,-0.00058635264549
0.0212056,0.00205529430334,0.012396,-0.000437276564787,-0.000573730020441
0.0212842,0.00203914113258,0.012277,-0.000415221841678,-0.0005607615212
0.0213646,0.00202084736895,0.012685,-0.000391568152199,-0.000546724974668
0.0214517,0.00199499608636,0.01336,-0.000365647433267,-0.000530770670894
0.0215542,0.00195581105263,0.0146,-0.000336061469571,-0.00051214684098
0.0216607,0.00190594228633,0.013252,-0.00030803977688,-0.000492898180724
0.0217674,0.00184978974893,0.013717,-0.000283818873741,-0.00047349906182
0.0218748,0.00178775140178,0.014893,-0.000263163098085,-0.000453221293705
0.0219856,0.00172032763155,0.016345,-0.000244499977025,-0.000430692461295
0.022099,0.00165182672976,0.017731,-0.000225789948416,-0.000404844460779
0.0222215,0.00158126612012,0.02038,-0.000202180435835,-0.000372251521298
0.0223442,0.00151560820687,0.02154,-0.000170347429452,-0.000333662190601
0.022465,0.00145630825183,0.021901,-0.000127988729984,-0.000289667851226
0.0225864,0.00140278350251,0.022087,-7.37096250454e-05,-0.000239497185331
0.0227122,0.00135329575685,0.023333,-7.17788601309e-06,-0.000182276643894
0.0228444,0.00130695507688,0.024091,6.36347138705e-05,-0.000118082532471
0.0229844,0.00126677314937,0.024177,0.000125578832086,-4.77206132217e-05
0.023129,0.00123619414346,0.023031,0.000173079067038,2.48697752014e-05
0.0232776,0.00122180509214,0.021385,0.00020540527301,8.92312347524e-05
0.0234347,0.00123177983441,0.020016,0.000226043560204,0.000144749244625
0.0236058,0.00127399043246,0.018448,0.00024076139057,0.000192308450105
0.0237963,0.00135118384821,0.015908,0.000257172691522,0.000230949081711
0.0240087,0.00144780491449,0.012067,0.000282228996359,0.000258942716439
0.0242429,0.00154756806275,0.014557,0.000313184244548,0.000271565772456
0.024466,0.00163107316698,0.009974,0.000333764157526,0.00026480021869
0.0246605,0.00168926460768,0.003875,0.000340323017279,0.000255804808221
0.0248799,0.00170662983057,0.005213,0.000334868125974,0.000243665887898
0.0250096,0.00170058859203,0.003628,0.000327407758381,0.000236303828325
0.0251972,0.00168906443223,0.006576,0.00031344396595,0.000225204343078
0.0253455,0.00168306874764,0.006548,0.000300776259809,0.000216114494286
0.0255648,0.00169034229263,0.010738,0.000280349131813,0.000201403508772
0.0257113,0.00169874982339,0.006839,0.000266164200185,0.000190596553248
0.0258934,0.00172517381392,0.007609,0.000248424125174,0.000176487856419
0.0260804,0.0017450029508,0.006982,0.000232832713551,0.000160694047056
0.0262399,0.00175642162247,0.00588,0.000222445488979,0.00014718281731
0.0264311,0.00176638906722,0.007507,0.000212433339601,0.000131723794161
0.0265673,0.00176921404842,0.005742,0.000205078920659,0.000119876907106
0.0267732,0.00177150312993,0.009087,0.000190142952369,9.46059339363e-05
0.0269142,0.00176889601326,0.006421,0.000175573073118,7.62067716061e-05
0.0270997,0.00176366565855,0.009856,0.000150190659259,5.07510751657e-05
0.0272609,0.00175668651774,0.010324,0.000122529660068,2.78356300122e-05
0.0274658,0.00174263707398,0.014523,8.18555600104e-05,-2.08670154223e-06
0.0276763,0.00172450914735,0.015077,7.06970958327e-05,-3.20370537413e-05
0.0278728,0.00170266647368,0.01282,6.31436362308e-05,-5.81946199327e-05
0.0281069,0.00167335839141,0.013706,5.54956793272e-05,-8.41939976245e-05
0.0283454,0.00163444597368,0.013505,4.76989696647e-05,-0.000103913199856
0.028593,0.00158213067714,0.015257,3.69440279323e-05,-0.00013764019582
0.0288754,0.00150933489471,0.019397,1.77378147337e-05,-0.000188261454571
0.0291657,0.00143727311027,0.019811,-9.20096813777e-06,-0.000236467205258
0.0294395,0.0014188657178,0.01429,-2.82982591656e-05,-0.000268462087849
0.0296861,0.00145149194594,0.006663,-3.96627582008e-05,-0.00027957767182
0.0299304,0.00153623508621,0.005457,-4.88915795438e-05,-0.000278676527961
0.030171,0.00166817390865,0.004193,-6.09756059988e-05,-0.000282903128108
0.0303942,0.00182645353233,0.007324,-7.16575658178e-05,-0.000297937806874
0.0306258,0.00203756676583,0.009188,-7.87375860598e-05,-0.000316076212803
0.0307989,0.00222306160377,0.005103,-8.3523634714e-05,-0.000324514489592
0.030962,0.00241357721623,0.003003,-9.13984627297e-05,-0.000327556919216
0.0311208,0.00261558263783,0.004287,-0.000102622990161,-0.000325933235793
0.0312925,0.0028463749955,0.006492,-0.000119098736168,-0.00031876403209
0.0314622,0.00307875399641,0.008347,-0.000140631746014,-0.000309239470357
0.0316229,0.00329456719677,0.009536,-0.000164842904764,-0.000303230190131
0.0317769,0.0034866238456,0.010429,-0.000190763058597,-0.00030472780802
0.0319275,0.0036564035276,0.011296,-0.000218346131108,-0.000323481709226
0.0320688,0.00379666038605,0.011503,-0.000245937685415,-0.000341012734828
0.0322007,0.00390653590545,0.011512,-0.000272697537688,-0.000357194598451
0.0323186,0.00398437825178,0.010858,-0.00029668023092,-0.000371317882229
0.0324648,0.00405082465025,0.013534,-0.000325417107533,-0.000388502399976
0.0325944,0.00408549862862,0.012022,-0.000349963643,-0.000403352400831
0.0328306,0.00407835301849,0.021057,-0.000378680813951,-0.000430301760701
0.0330596,0.00401547817665,0.019838,-0.00038583026801,-0.000455400373004
0.0332802,0.00391024405758,0.017279,-0.000391813295624,-0.00047761478554
0.0335233,0.00373142216266,0.015739,-0.00039849935881,-0.000499929871784
0.0337501,0.00348919456589,0.012709,-0.000407338066555,-0.000519649794921
0.0340019,0.00315880310793,0.01317,-0.000419104219833,-0.000539413065041
0.0342095,0.00288936103411,0.011582,-0.000430596147606,-0.000554289799885
0.0344859,0.00253363427609,0.014147,-0.000448854568406,-0.000573578870296
0.0347103,0.00226906225143,0.012001,-0.000464092902397,-0.000589559647718
0.0349121,0.00208278258166,0.011134,-0.000478181328724,-0.000604001581793
0.0350881,0.00197247882247,0.009731,-0.000491059477288,-0.000616087906599
0.0353167,0.00190318163528,0.012533,-0.000507803649538,-0.000631046149795
0.0355624,0.00191609794014,0.014187,-0.000527381275441,-0.000647782854488
0.0357982,0.00200384891408,0.015602,-0.000550243972453,-0.000664976070297
0.0360246,0.00213815989486,0.018471,-0.000576244736357,-0.00068156342045
0.036268,0.00230615360917,0.021618,-0.000605263126016,-0.000699647046546
0.0364953,0.00246729145175,0.019805,-0.000630492159694,-0.000715867867137
0.0367276,0.00262498704565,0.0196,-0.000653418708709,-0.000731149402292
0.0368469,0.00270734807507,0.009922,-0.000664925055978,-0.000739208555849
0.0370691,0.00284290672588,0.018518,-0.000685933641194,-0.000752975353263
0.037303,0.00297601175695,0.019211,-0.000706586529705,-0.000766693641893
0.0375456,0.00309531872028,0.017879,-0.00072510427022,-0.00078018641807
0.0377531,0.00317929387404,0.015996,-0.000738533280667,-0.000790014377196
0.0379772,0.00324071042013,0.0180234,-0.000750130759774,-0.000798418224474
0.0382011,0.00325825872192,0.0157563,-0.000759668978359,-0.000804521252338
0.0384115,0.00323333047327,0.0101177,-0.000767937150218,-0.000808273403544
0.038617,0.00317735971741,0.0082137,-0.000775488826773,-0.000810672134837
0.0388264,0.00311236004567,0.0079387,-0.000782664406646,-0.000812559163811
0.039043,0.00304548362732,0.0073831,-0.000789231709545,-0.000814214671859
0.0392764,0.00297137104395,0.0062586,-0.000794553933376,-0.000815665517397
0.0395049,0.00289554073013,0.0037267,-0.000796747914005,-0.000816776288876
0.0397731,0.00279194370086,0.0015452,-0.000796710277429,-0.000816549726887
0.0400468,0.00268350340656,0.0031268,-0.000798083395331,-0.000814333217686
0.040308,0.00263556625887,0.00365623,-0.000796058389232,-0.000811592910654
0.040566,0.0026184371633,0.0044167,-0.000793877228618,-0.000808178738507
0.0408245,0.00260204770577,0.0052368,-0.000791395230427,-0.000804224316078
0.0410847,0.00260679972689,0.0059056,-0.000788544155877,-0.00080375775041
0.0413368,0.00267415729094,0.0044444,-0.000785090096036,-0.000802011572825
0.0415857,0.00276391284603,0.004662,-0.000780959171466,-0.000798730175015
0.0418337,0.00281382152717,0.0053589,-0.00077614911499,-0.000794629588583
0.0420312,0.00282344331872,0.0049205,-0.000771647897201,-0.000791754440772
0.0422167,0.00281069619054,0.0053375,-0.000766762090272,-0.000789932253747
0.0424158,0.00278280573856,0.006743,-0.000760583640754,-0.000788534607292
0.0425895,0.00274490789794,0.0068823,-0.000754188262649,-0.000787787474409
0.0427749,0.00269752015612,0.0085225,-0.000746062423007,-0.000786570305434
0.0428959,0.00265930005459,0.0062253,-0.000739957215039,-0.000785275536587
0.043144,0.00256712080495,0.0143828,-0.000725520556271,-0.000780706483883
0.0432838,0.00250397968725,0.008589,-0.000716676395345,-0.000777912273743
0.0435041,0.00239925920024,0.013894,-0.000702001688397,-0.000773748584683
0.0435971,0.00235000024267,0.005776,-0.000695792311156,-0.000771633367983
0.0436913,0.00230232860655,0.005758,-0.000689548651518,-0.000769244164821
0.0437748,0.00226146778368,0.005129,-0.000683984857653,-0.00076690611302
0.0438541,0.00222478356345,0.004961,-0.00067862725351,-0.000764477889864
0.0439328,0.00219058247593,0.005022,-0.00067322066031,-0.000761885316509
0.0440134,0.00215792261732,0.005281,-0.000667545370345,-0.000759075717054
0.0440964,0.00212670123489,0.005569,-0.000661559109762,-0.000755989698046
0.0441814,0.00209692789588,0.005842,-0.000655264599603,-0.000752637182775
0.0442688,0.00206857812609,0.006102,-0.000648187292944,-0.00074902511919
0.0443583,0.00204179744958,0.006292,-0.00064058136913,-0.000745188086736
0.0444492,0.00201674736702,0.006339,-0.00063279974648,-0.000741189509917
0.044541,0.00199350764606,0.006246,-0.000625049280808,-0.000737084054978
0.0446349,0.0019715832712,0.006253,-0.000617474511682,-0.000732854425371
0.0447299,0.00195105243241,0.006002,-0.000610404141487,-0.000728571914455
0.0448241,0.00193183617663,0.006077,-0.000604204420573,-0.000724372812126
0.0449182,0.00191313382751,0.006187,-0.000598960178957,-0.000720538131878
0.0450148,0.00189436614065,0.006368,-0.000594577674879,-0.000716716940555
0.0451126,0.0018759384281,0.006405,-0.000591075339653,-0.000713149945124
0.0452105,0.00185810576629,0.006432,-0.0005884442746,-0.000709923597626
0.0453112,0.0018407416198,0.006641,-0.00058709809964,-0.000706963569479
0.0454276,0.00182238579695,0.007616,-0.00058628765576,-0.000704298657611
0.0455762,0.00180214129729,0.009246,-0.000586571926656,-0.00070214759052
0.0458517,0.00177432968517,0.014262,-0.000586014069427,-0.000699571554563
0.0460167,0.00175982635089,0.00583,-0.000586072320003,-0.000699242483692
0.046157,0.00174263294514,0.003793,-0.000586596285596,-0.000699074082999
0.0462666,0.00173287737035,0.00211,-0.000587221113095,-0.000698678752313
0.0463726,0.00172463191694,0.001746,-0.00058797613702,-0.000698078641244
0.0464783,0.00171421127066,0.001412,-0.000588903911872,-0.000697287056091
0.0465941,0.00170053905115,0.00132,-0.000590069397852,-0.000696286741519
0.0467098,0.00168493083432,0.001257,-0.00059137178474,-0.000695323482585
0.0468109,0.00166913552633,0.00134,-0.000592348464232,-0.000694651518034
0.0469205,0.0016521638179,0.001835,-0.000593085461421,-0.000694220827903
0.04703,0.00163650188168,0.002025,-0.000594187014319,-0.000694148826222
0.0471372,0.00162353252787,0.00191,-0.000595463245681,-0.000694325538054
0.0472434,0.0016138158022,0.001517,-0.000596666013523,-0.000694497823039
0.0473514,0.0016090506018,0.000923,-0.000597590457631,-0.000694371341455
0.0474601,0.00160964737805,0.001009,-0.00059784879657,-0.000693671811076
0.047561,0.00161527926943,0.00154,-0.000596777511176,-0.000692207201376
0.047659,0.00162516215634,0.002188,-0.000594718934119,-0.000689927470073
0.0477556,0.00163797185016,0.002827,-0.000591823507531,-0.000686840800328
0.0478521,0.0016525090116,0.003487,-0.000588121884452,-0.000682962800431
0.0479489,0.0016678190522,0.004199,-0.000583693722707,-0.000678375840248
0.0480421,0.00168248160246,0.004632,-0.000578819034998,-0.000673440597852
0.0481335,0.00169551193189,0.004975,-0.000573545583773,-0.000668289801901
0.0482247,0.00170678983714,0.005277,-0.000567891554923,-0.000663043077843
0.0483153,0.0017159598561,0.005356,-0.000562035564939,-0.000657909968693
0.0484085,0.00172322464107,0.005328,-0.000555861605768,-0.000652899715426
0.0485042,0.00172845229822,0.005312,-0.000549457002682,-0.000648146504019
0.0486041,0.00173143445057,0.006783,-0.000542804538643,-0.000643594351109
0.0487074,0.00173141901148,0.008249,-0.000536068928379,-0.000639406965592
0.0488063,0.00172834854829,0.009095,-0.000529854625109,-0.000635725710647
0.0488991,0.0017231567636,0.009362,-0.000524422042188,-0.000632319508449
0.0489925,0.00171584188753,0.010048,-0.000519433922815,-0.000628623244891
0.0490901,0.00170629614867,0.010871,-0.000514648156001,-0.000624198086328
0.0491983,0.00169235737387,0.012026,-0.000509590750495,-0.000618334460903
0.0493083,0.00167321640051,0.011616,-0.000492567520105,-0.000611990502195
0.0494203,0.00164715588334,0.010783,-0.000474988975018,-0.000604832062938
0.0495315,0.00161360698163,0.009582,-0.000458910113298,-0.000596290197147
0.0496482,0.0015703316534,0.009009,-0.000443471683136,-0.000585808108793
0.0497589,0.00152254233918,0.009159,-0.0004297071977,-0.0005745058966
0.0498677,0.00147026626252,0.009469,-0.000416375085803,-0.000562303326928
0.0499673,0.00141906091376,0.008987,-0.000403900466854,-0.000550397465744
0.0500633,0.00136822153022,0.008791,-0.000391514930054,-0.000538478691608
0.0501539,0.0013200780084,0.008287,-0.000379586215377,-0.000526972007346
0.0502431,0.0012733427892,0.008105,-0.000367717602958,-0.000515433712303
0.0503328,0.00122788494811,0.008114,-0.000355774208048,-0.000503636363636
0.0504241,0.00118388187908,0.008207,-0.000343717170056,-0.000491448925194
0.0505182,0.00114105822129,0.008354,-0.000331494233798,-0.000478758831452
0.0506176,0.00109864799014,0.008602,-0.000318925805573,-0.000465426928663
0.0507267,0.00105511442895,0.008995,-0.000305612174824,-0.000451225510521
0.0508414,0.00101248978498,0.008775,-0.00029208286074,-0.00043717953269
0.0509616,0.000971103356591,0.008216,-0.00027815652896,-0.000423658902356
0.0510813,0.000933191682698,0.007152,-0.000264318030829,-0.000411438031784
0.051193,0.00090088952148,0.006356,-0.000251311040924,-0.000400986798465
0.0513071,0.00087119582343,0.006382,-0.000237396288574,-0.000391081380756
0.0514224,0.000844824577456,0.006287,-0.000223388327811,-0.000381756201454
0.0515337,0.0008231954331,0.005883,-0.000210307732543,-0.000373189658502
0.0516458,0.00080541653746,0.005749,-0.000197714293755,-0.00036470800479
0.0517565,0.000792000605331,0.00552,-0.000185676402358,-0.000356150204163
0.0518694,0.000782846502463,0.005453,-0.000173567008834,-0.000346928497877
0.0519877,0.000778383007522,0.005476,-0.000160595298019,-0.000336614854458
0.0521142,0.000779016310353,0.006128,-0.000146709789974,-0.000324873154412
0.0522419,0.000784498700462,0.006413,-0.000132669225453,-0.000312185194541
0.0523935,0.000796300062145,0.007851,-0.000115887423841,-0.000295933806379
0.052551,0.000812333906288,0.007868,-9.82582831014e-05,-0.00027850022498
0.0527121,0.000830892648806,0.007982,-8.04746282339e-05,-0.000260476171249
0.052876,0.000850318077494,0.008485,-6.35953176936e-05,-0.000240763778211
0.05304,0.000869505164213,0.008982,-4.89718465628e-05,-0.000219368269324
0.0532028,0.000886942483933,0.009076,-3.73168739079e-05,-0.000196833481463
0.0533654,0.000902426110363,0.008898,-2.70872566125e-05,-0.000174235433965
0.0535306,0.000917192496114,0.008551,-1.74360719706e-05,-0.000153439773463
0.0536923,0.000929678006595,0.007604,-9.6873179567e-06,-0.000134006328847
0.0538559,0.000938738592797,0.006891,-3.8025229367e-06,-0.000115598420571
0.0540275,0.000945084227212,0.00691,-4.59187142763e-08,-9.78059468507e-05
0.0542127,0.00094989372811,0.007779,2.49555677148e-06,-8.09816492133e-05
0.0544103,0.000950700156289,0.008397,5.88933483725e-06,-6.71089687398e-05
0.0546161,0.000950285345978,0.008313,2.8684636108e-05,-5.73183969365e-05
0.0548175,0.00094925040199,0.007353,4.72907238281e-05,-4.98635003558e-05
0.055014,0.00094638203126,0.00621,6.39074026379e-05,-4.14067620494e-05
0.0552187,0.000942658701671,0.005113,7.9245736952e-05,-2.93366227532e-05
0.0554281,0.000937124559311,0.005729,8.89290990359e-05,-1.29803626666e-05
0.0556343,0.000931591553839,0.007058,9.25002500533e-05,5.7948913154e-06
0.0558263,0.000927405174881,0.0069,9.17347179608e-05,2.28311892699e-05
0.0559926,0.000925556783289,0.005627,8.89349668696e-05,1.97988579558e-05
0.0561487,0.000925552452954,0.004657,9.5159109192e-05,1.41223730675e-05
0.0563014,0.000927682044846,0.003461,0.000103705990797,7.45420410406e-06
0.0564524,0.000932633226815,0.002664,0.000107891108163,1.83659430143e-07
0.0566054,0.000940185984142,0.002937,0.000109329659725,-6.72256990228e-06
0.0567587,0.000947910262356,0.003091,0.000104686861651,-1.24022945158e-05
0.0569098,0.000954521152337,0.004192,9.53919066303e-05,-1.6777626453e-05
0.0570597,0.000960066772461,0.005164,8.25539835481e-05,-1.95267032261e-05
0.0572082,0.000964752326586,0.005832,6.66864673931e-05,-2.29300518646e-05
0.0573557,0.000969119110247,0.006326,4.82120727408e-05,-2.79148661773e-05
0.0575022,0.000974503020998,0.00715,2.88176082587e-05,-3.22167605521e-05
0.0576491,0.000979862788982,0.007765,9.8558515217e-06,-4.08424829846e-05
0.0577949,0.000988230794892,0.007913,-9.94658593264e-06,-6.51454339781e-05
0.0579388,0.00101645094066,0.008221,-3.36498234974e-05,-8.82363828012e-05
0.0580805,0.00106116799311,0.007915,-5.63983878163e-05,-0.000109126767505
0.0582197,0.00111026457165,0.009284,-7.52488812984e-05,-0.000130468783079
0.0583564,0.00117287096676,0.010893,-9.53337138487e-05,-0.000151661675288
0.0584906,0.00124225151815,0.012011,-0.000114566181504,-0.000177847461828
0.0586218,0.00130610596747,0.012643,-0.000133760125789,-0.000209579491259
0.0587502,0.00135211526789,0.013236,-0.000154557338087,-0.000241687183781
0.0588761,0.00141356630293,0.013848,-0.000177438019477,-0.000273786460824
0.0589993,0.00147704937615,0.014484,-0.000201570063817,-0.000304723459343
0.0591187,0.00154018535887,0.014739,-0.000225631394843,-0.00033292505838
0.0592359,0.00160460523638,0.014611,-0.000249141670794,-0.000358381534691
0.0593526,0.00167230560451,0.014637,-0.000271919650305,-0.000382005213008
0.059469,0.00174025005901,0.014143,-0.00029361880993,-0.000406434997142
0.0595865,0.00180122015269,0.013661,-0.000314674648789,-0.00043120943918
0.0597056,0.00186325664892,0.013071,-0.000335953639562,-0.000453731205958
0.0598299,0.00192797157949,0.012752,-0.000357980788473,-0.000474469015354
0.0599551,0.00199176095381,0.012139,-0.000378938801623,-0.000492589998223
0.0600797,0.00205713177846,0.011334,-0.000398687296678,-0.000508133400141
0.0602054,0.00213107467714,0.010565,-0.000417194376884,-0.000522250547629
0.0603358,0.00221200610124,0.00996,-0.000434401317337,-0.000535477113478
0.0604957,0.00231438481553,0.010669,-0.000452578558065,-0.000549878890204
0.0606419,0.00240479557239,0.00839,-0.000466831787708,-0.000560735952786
0.0607826,0.00248807336542,0.00778,-0.000479110645497,-0.00056871233836
0.0609102,0.00255983868476,0.007169,-0.000489581359851,-0.000574461591239
0.0610276,0.00261981246374,0.006513,-0.000498844649791,-0.000578924768472
0.0611428,0.00267896664298,0.006066,-0.00050749560464,-0.000583003391412
0.0612575,0.00273288879756,0.005578,-0.00051510048645,-0.000587431926443
0.0613832,0.00278862064199,0.00553,-0.000519513544905,-0.000592153006107
0.0615166,0.00284600652835,0.005202,-0.00052330085373,-0.000597024314053
0.0616597,0.00290440321813,0.004914,-0.000526023947768,-0.000602024002562
0.0619377,0.00298195919,0.008385,-0.000527305787367,-0.000611074649789
0.0621154,0.00300467309238,0.004185,-0.000525955843094,-0.000615279236408
0.0623452,0.00300098717865,0.004008,-0.000523934647568,-0.00061907222566
0.0624535,0.00299222942983,0.00152,-0.000523519799142,-0.000620588921239
0.0626718,0.00293944820202,0.002517,-0.000523627719796,-0.000622509082968
0.0628682,0.00289074849252,0.002258,-0.000524928723828,-0.000623855697595
0.0630163,0.00283212488631,0.001404,-0.000526259979518,-0.000624113769347
0.0632264,0.00271223512697,0.002406,-0.000528345111904,-0.000624345292874
0.0633743,0.00260904588963,0.001797,-0.000529565982802,-0.00062465089326
0.0635516,0.00247067929192,0.002192,-0.000530300823207,-0.000624473591979
0.0637464,0.00231736900134,0.00217,-0.000530294816188,-0.000624235835664
0.0639574,0.00216049490984,0.001667,-0.00052942912594,-0.000623037814871
0.0641598,0.00202381272639,0.002009,-0.00052829236284,-0.000620497666334
0.064373,0.00190635195354,0.002549,-0.000526347709407,-0.000618026319561
0.0645256,0.00184518239616,0.001929,-0.000524396240687,-0.000617821213451
0.0647333,0.00180200643016,0.004093,-0.000521611788357,-0.000618655137925
0.0649217,0.00178400081313,0.004835,-0.000519308341909,-0.000620332859147
0.0650899,0.00178618962486,0.005539,-0.000517877491591,-0.000622438375475
0.0652613,0.00180412826823,0.005828,-0.000517216812172,-0.000624923640262
0.065432,0.00183517788471,0.005276,-0.000517736202314,-0.000627631823917
0.0656064,0.00187435918106,0.004545,-0.000519168944779,-0.000630479731418
0.065797,0.00192256767136,0.003493,-0.000521678900008,-0.000633404343338
0.0659538,0.0019692801531,0.002981,-0.000524666338414,-0.000636633828858
0.0661652,0.00203497794818,0.004474,-0.000529546433887,-0.000642096813646
0.0663144,0.00208614914533,0.003503,-0.000533484377214,-0.000646332810648
0.0665752,0.00217403208804,0.006224,-0.000541219646193,-0.000653583674569
0.0666592,0.00220394340149,0.002052,-0.000544007057125,-0.000655690139256
0.0668676,0.00227116473461,0.005705,-0.000551592075328,-0.000660220498182
0.0670654,0.0023276792298,0.006475,-0.000560025234532,-0.000663546811404
0.0672427,0.00236954349289,0.006325,-0.000568031709345,-0.000666084312594
0.0674501,0.00240900669902,0.007215,-0.00057761741271,-0.000667718327628
0.0675853,0.00242904765979,0.004621,-0.000583813451695,-0.000669095175905
0.0678056,0.0024482647565,0.006995,-0.000593244495279,-0.000670914993518
0.0679717,0.00245617467767,0.004511,-0.000599237654274,-0.000672241694096
0.0681532,0.00245535426221,0.003894,-0.000604356170543,-0.000674380755444
0.0683455,0.00244741482037,0.003221,-0.000608552161701,-0.000677158631638
0.068507,0.00243349938481,0.002961,-0.000611157272412,-0.000679681080429
0.0687405,0.00240678317364,0.004406,-0.000613466615757,-0.000683283265158
0.0688757,0.0023877515326,0.002424,-0.000614212708254,-0.000685294934009
0.0690939,0.00235046827778,0.003661,-0.00061427173293,-0.00068924670193
0.0692994,0.00231337931644,0.0041,-0.000614864169502,-0.000692876080385
0.0695086,0.00227308025617,0.005536,-0.000615276675298,-0.000696148787784
0.0697286,0.00222258700943,0.00598,-0.000616160777718,-0.000698667946266
0.0698896,0.00218384170724,0.004095,-0.000616355050003,-0.000699578025779
0.0700785,0.00213783556013,0.004792,-0.000615176782005,-0.000699690179381
0.0703016,0.00208517553884,0.005074,-0.000611663046586,-0.000699184197966
0.0704775,0.00204290730545,0.003371,-0.000607297328952,-0.000698996339266
0.0707076,0.00198674701557,0.005207,-0.000600480511545,-0.000699333136023
0.0709428,0.00192665104393,0.006609,-0.000592629474795,-0.000699376297659
0.0711085,0.00188582395545,0.005146,-0.000586942601951,-0.000699247880153
0.0713244,0.0018411500754,0.006472,-0.000578861605554,-0.000698941263016
0.0714468,0.00181860297574,0.003224,-0.00057455296701,-0.000698371764014
0.0715727,0.00179805258494,0.002865,-0.000570802028868,-0.000697450679957
0.0717036,0.00177920817669,0.002485,-0.000567699483857,-0.000696339956983
0.0718425,0.00176165694129,0.001993,-0.000565476557699,-0.000695244029315
0.072105,0.00173195428135,0.00349,-0.000564915861555,-0.000694544699858
0.0723019,0.00169921694805,0.00229,-0.000566106993794,-0.000694480379315
0.0724988,0.00166523595893,0.002406,-0.000568474356562,-0.000694801894546
0.0726517,0.00164184072233,0.002105,-0.000570086362907,-0.000695240763826
0.0728196,0.00162136433914,0.003156,-0.000572678014989,-0.00069565312527
0.0729895,0.0016029075607,0.003714,-0.000576098439438,-0.00069622048531
0.0731019,0.00159172895819,0.002207,-0.000577944897473,-0.000696904322944
0.0732295,0.00158197475681,0.002465,-0.000580191928657,-0.000697915235349
0.0733496,0.00157449140844,0.00233,-0.000582685835858,-0.000699078401718
0.073493,0.00156536771087,0.00277,-0.000585984264316,-0.000700588598524
0.0736177,0.00155555356839,0.002441,-0.000588910648432,-0.00070173766185
0.0737504,0.00154554647539,0.002695,-0.000591899873205,-0.000702443546525
0.0738867,0.00153515930705,0.002822,-0.000594882800302,-0.000702451050226
0.0740167,0.00152515630222,0.00258,-0.000597688509024,-0.000701795631629
0.0741265,0.00151692973292,0.001936,-0.000599982142132,-0.000700817775742
0.0742287,0.00150931281454,0.001573,-0.000601937278225,-0.000699674005032
0.0743289,0.00150113419354,0.001662,-0.000603544576431,-0.00069842150106
0.0744289,0.00149180662434,0.001768,-0.000604723587511,-0.000697073501121
0.0745288,0.00148148083009,0.0019,-0.00060540673394,-0.000695625935736
0.0746289,0.00146981330612,0.001965,-0.000605564656624,-0.000694049533197
0.0747291,0.0014566692802,0.002006,-0.000605238316973,-0.000692279498956
0.074829,0.0014422331896,0.002092,-0.000604515721682,-0.000690241088192
0.0749266,0.00142700483724,0.00231,-0.00060353933621,-0.000687925348059
0.0750226,0.00141109015084,0.00252,-0.000602416708634,-0.000685302714717
0.0751186,0.00139434061674,0.002734,-0.000601181111739,-0.000682346950693
0.0752147,0.00137707481186,0.002901,-0.000599818551763,-0.000679103788509
0.0753108,0.00135942803979,0.00307,-0.000598272460027,-0.000675634481948
0.0754072,0.00134180386354,0.003208,-0.000596450915014,-0.000671982358469
0.0755036,0.00132425133809,0.003294,-0.000594251033315,-0.000668203432575
0.0755995,0.00130695779134,0.003315,-0.000591570215388,-0.000664591012201
0.075695,0.00128992051992,0.003293,-0.000588360660994,-0.000661162000076
0.0757894,0.00127318964313,0.003282,-0.000584858566011,-0.000657784096966
0.0758823,0.00125657626249,0.003248,-0.000580933812238,-0.000654517834824
0.0759747,0.00123971511908,0.00346,-0.000576602028496,-0.000651279850004
0.0760706,0.00122186853172,0.003897,-0.000571639243236,-0.000647856085895
0.0761669,0.00120360764702,0.004208,-0.000566167465493,-0.000644271916339
0.076268,0.00118426016617,0.004693,-0.000559902896636,-0.000640290159685
0.0763771,0.00116323413197,0.005342,-0.00055253318763,-0.000635717100856
0.0764829,0.0011424678033,0.005392,-0.000544813611297,-0.000631002697222
0.0765926,0.0011201147843,0.005776,-0.000536299237504,-0.000625841355905
0.0766997,0.00109706635918,0.005821,-0.00052758353298,-0.000620624404846
0.0768098,0.00107323576634,0.006088,-0.00051831955855,-0.000615110175656
0.0769167,0.00105142565872,0.005922,-0.000509158930059,-0.000609634370987
0.0770251,0.00103120293423,0.005967,-0.00049977609896,-0.000603987183763
0.0771333,0.00101242127497,0.005931,-0.000490294296618,-0.000598214226728
0.0772405,0.000993532465041,0.005853,-0.000480781313395,-0.00059238995623
0.0773459,0.000973375372714,0.005738,-0.000471301175112,-0.000586594932351
0.0774514,0.000951316351925,0.005705,-0.000461720575345,-0.000580651964122
0.0775546,0.000929313052808,0.005512,-0.000452313699817,-0.000574767500016
0.077655,0.000903856011955,0.005229,-0.00044324990623,-0.000569615705931
0.0777558,0.000874781514778,0.005142,-0.000434266590598,-0.00056442794651
0.0778562,0.000849481061786,0.004951,-0.000425573801569,-0.000559310731113
0.0779561,0.000830955792627,0.004805,-0.000417713847906,-0.000554285487307
0.0780573,0.000817194541561,0.004753,-0.000410633123941,-0.000549298892007
0.0781582,0.000806148039132,0.004473,-0.000404286058736,-0.000544444880885
0.0782595,0.00079642669027,0.004006,-0.000398542589559,-0.000539702517132
0.0783636,0.000787307545153,0.003573,-0.00039324233016,-0.00053497848577
0.0784671,0.000778714263441,0.003287,-0.000388473748474,-0.000530458484204
0.0785718,0.000770427074478,0.00318,-0.000383735914905,-0.000526092044116
0.0786765,0.000762774794733,0.003051,-0.000379485464115,-0.000521945741645
0.0787799,0.000755598133744,0.002949,-0.000375576708089,-0.000518070938754
0.0788822,0.000748990382686,0.00284,-0.000371865286977,-0.000514470520736
0.0789843,0.000742827157478,0.002735,-0.000368023503644,-0.000511117401037
0.0790875,0.0007369034111,0.002642,-0.000363860539745,-0.000507939636333
0.0791927,0.000731206272475,0.002549,-0.000359444301293,-0.000504877510593
0.0793016,0.00072553271494,0.002484,-0.00035520074205,-0.000501830371085
0.0794144,0.000719822190091,0.002431,-0.000351350331984,-0.000498725530449
0.0795267,0.00071440442565,0.002315,-0.000347951299218,-0.000495613286609
0.0796314,0.000709662999283,0.00209,-0.00034503551677,-0.000492641373472
0.0797375,0.000705142725461,0.002078,-0.000342219521151,-0.000489550693426
0.0798428,0.000701052306945,0.002071,-0.000339482013202,-0.000486418975001
0.0799505,0.000697321576961,0.002102,-0.00033668321773,-0.000483165719332
0.0800682,0.000693630465302,0.002269,-0.000333568533483,-0.000479541080953
0.0801934,0.000690165706634,0.002389,-0.000330135602913,-0.000475604378128
0.0803195,0.000687187042499,0.002443,-0.000326505768963,-0.000471550973589
0.0804454,0.000684776407848,0.002461,-0.000322633576136,-0.00046743906973
0.080562,0.000683016562018,0.002296,-0.000318791706679,-0.000463628989799
0.0806764,0.000681823392901,0.002233,-0.000314768892624,-0.000459928245881
0.0807928,0.000681249245865,0.002238,-0.000310406823083,-0.000456246867385
0.0808984,0.000680944108051,0.002013,-0.000306189531214,-0.00045303404421
0.0809993,0.000680808726526,0.002055,-0.000301877711941,-0.000450130145643
0.081104,0.000680853876273,0.00229,-0.0002970630296,-0.000447295280235
0.0812106,0.000680902298397,0.002506,-0.000291743772125,-0.000444509622969
0.0813195,0.000680872063995,0.002739,-0.000285890442629,-0.00044168115366
0.0814225,0.000680665367658,0.002732,-0.000279981556823,-0.000438909644316
0.0815248,0.000680411563219,0.002806,-0.000273811499309,-0.000435921993366
0.0816273,0.000680345166743,0.002851,-0.000267422097835,-0.000432569294743
0.0817293,0.000680643505102,0.002821,-0.000260991204615,-0.000428781159343
0.0818315,0.000681283805093,0.002766,-0.000254607443951,-0.000424481084599
0.081931,0.000682287558707,0.002915,-0.000248563443568,-0.000419780062797
0.0820269,0.00068380158651,0.003065,-0.000243004562383,-0.000414822909616
0.0821227,0.000685717167396,0.003217,-0.000237746475983,-0.00040964258117
0.082219,0.000687887835129,0.003273,-0.000232711964179,-0.000404280472165
0.0823159,0.000690064346123,0.003467,-0.000227774953328,-0.00039864595523
0.0824138,0.000692158452942,0.00385,-0.000222751743043,-0.000393373113907
0.0825095,0.000693954122445,0.004055,-0.000217542166334,-0.000388588346611
0.0826005,0.000695328826476,0.00403,-0.000211050173565,-0.000384438013517
0.0826876,0.000696313314714,0.003904,-0.000201262159089,-0.000380859716417
0.0827754,0.000696983202084,0.003858,-0.00019145684578,-0.000377638090077
0.0828631,0.000697289830207,0.003633,-0.000182100406612,-0.00037482757397
0.0829517,0.000697194652031,0.003557,-0.000173459479664,-0.000372416138507
0.0830467,0.000696754506225,0.003665,-0.000165376119006,-0.000370321925327
0.0831435,0.0006959893565,0.003429,-0.000158700502919,-0.000368695967641
0.0832435,0.000695023035963,0.0033,-0.000153854680361,-0.000367447103701
0.0833478,0.00069401659852,0.003183,-0.000152320525985,-0.000366405496958
0.0834545,0.000692978589879,0.002785,-0.000145280733798,-0.000365383978077
0.083564,0.000691762423206,0.002419,-0.000139407998155,-0.000364150432
0.0836694,0.000690357318723,0.003127,-0.000135970300916,-0.000362639960495
0.0837765,0.000688761606056,0.003761,-0.000134158436569,-0.000360778764927
0.0838834,0.000686946101132,0.004175,-0.000134509549767,-0.000358890121393
0.0839813,0.000685119048338,0.004049,-0.000137535591916,-0.000357349104725
0.0840797,0.000683229644721,0.004147,-0.000142980347053,-0.000356164274609
0.0841808,0.000681322994875,0.00419,-0.000150542453173,-0.000357848487218
0.0842842,0.000679104497973,0.004218,-0.000159689929198,-0.000361295421302
0.0843905,0.000676297094467,0.004532,-0.000169852070847,-0.000364868638144
0.084498,0.000672718881622,0.004535,-0.000180174573758,-0.000368254311916
0.0846063,0.000668303951167,0.004301,-0.000190040404362,-0.000371333585004
0.0847135,0.000663333060752,0.003906,-0.000198958795008,-0.000374138133317
0.0848202,0.000658018312738,0.003565,-0.000206947160546,-0.000376868048923
0.0849259,0.000652696280841,0.003289,-0.000214091592009,-0.000379628836063
0.0850292,0.000647676514922,0.003039,-0.000220415972744,-0.000382435442463
0.0851332,0.000643020939149,0.00291,-0.000226194708575,-0.000385379323851
0.0852406,0.000638850583272,0.002847,-0.00023160009687,-0.000388542509874
0.0853459,0.000635395259138,0.002619,-0.000236390326733,-0.000391769594934
0.0854486,0.000632754954075,0.002375,-0.000240644386195,-0.000395034896979
0.0855504,0.000630891651063,0.00219,-0.000244535599658,-0.00039838280875
0.0856488,0.000629688428337,0.002138,-0.000248057986267,-0.000401641700659
0.0857486,0.000629073061325,0.002251,-0.000251452133199,-0.000405194135576
0.0858473,0.00062893412845,0.002279,-0.000254670637944,-0.000408994268317
0.0859448,0.000629241848227,0.002273,-0.000257729806634,-0.000412671893288
0.0860413,0.000629870781267,0.002251,-0.000260622368459,-0.000416124883023
0.0861369,0.000630794281397,0.002213,-0.000263382684504,-0.000419262346943
0.0862327,0.000632057445502,0.002144,-0.000266083634645,-0.00042192797035
0.0863311,0.000633631371203,0.002053,-0.000268812986813,-0.00042408996548
0.0864321,0.000635325797877,0.001817,-0.000271581757984,-0.000425654732022
0.0865324,0.000637065176361,0.001633,-0.000274305252762,-0.000426603510859
0.0866326,0.000639206224591,0.001545,-0.000276993007109,-0.000427028901255
0.0867318,0.000641431522647,0.001414,-0.00027957767182,-0.000427019929854
0.0868286,0.000643989166106,0.001244,-0.000281067921745,-0.00042670584719
0.0869232,0.000646336526478,0.001037,-0.000282282951544,-0.000426168837994
0.087019,0.000649442846086,0.000926,-0.000283417264997,-0.000425437094529
0.0871116,0.000652901755999,0.001077,-0.000284766982557,-0.000424583779233
0.0872031,0.000656820397944,0.001177,-0.00028630846668,-0.000424077344544
0.0872941,0.000661012275658,0.001262,-0.000288011422655,-0.000424423423864
0.0873857,0.000665490034295,0.001332,-0.000289202947373,-0.000424717076207
0.0874788,0.000670533262879,0.001391,-0.000288991521598,-0.000424963778585
0.0875733,0.000675963761459,0.001425,-0.000288234297263,-0.000425163588093
0.0876678,0.000681576423299,0.001417,-0.000286922739288,-0.000425329146175
0.0877629,0.000687355927303,0.001586,-0.000285053619524,-0.000425476670784
0.0878577,0.000693276395558,0.001717,-0.000282638049504,-0.000425638546794
0.0879518,0.000699219710796,0.001849,-0.000279728874741,-0.000425850718865
0.088045,0.000705043044763,0.001966,-0.000276421837871,-0.000426125712966
0.0881381,0.000710961318801,0.002094,-0.000272779609075,-0.000426483198712
0.0882318,0.000716736140162,0.002233,-0.000268851964504,-0.000426915851903
0.0883252,0.000722601395432,0.002304,-0.000264747171507,-0.000427364336385
0.0884212,0.000728285528208,0.002439,-0.000260406542638,-0.000427755144279
0.0885194,0.000734267874171,0.002548,-0.000255935644383,-0.000427993449252
0.0886191,0.000740810595618,0.002615,-0.000250496849047,-0.000427980909221
0.0887192,0.000747243868091,0.002636,-0.000244853747839,-0.000427658362126
0.0888232,0.000754290763466,0.002713,-0.000238930060981,-0.00042700736967
0.0889242,0.000761180696942,0.002576,-0.000233185183152,-0.000426123916023
0.0890285,0.000768340748096,0.002549,-0.000227351628852,-0.00042499258401
0.0891362,0.000776245352705,0.002442,-0.00022156764452,-0.000423597554734
0.0892464,0.000784480331169,0.0022,-0.000216149108444,-0.000421913495062
0.0893534,0.000792723043419,0.001573,-0.000212249403653,-0.000420500500441
0.0894601,0.000801159248875,0.001333,-0.000209868881393,-0.000419389545918
0.0895662,0.000809751898157,0.001495,-0.000208855503274,-0.000417967043858
0.0896717,0.000818305747962,0.001569,-0.000208987873045,-0.000416318479531
0.0897766,0.000827237009923,0.001547,-0.000210113274929,-0.000414553758234
0.089881,0.000836138644058,0.001457,-0.000212144986488,-0.000412771082895
0.0899821,0.000844792114276,0.001417,-0.00021496137624,-0.000411071625543
0.0900849,0.000853831646889,0.001691,-0.000218656622507,-0.000409413625593
0.0901846,0.000862488539576,0.00186,-0.000223021137177,-0.000407873349401
0.090283,0.000871044794028,0.002065,-0.000228049735087,-0.000406998875262
0.0903811,0.000879770700856,0.002342,-0.000233720791838,-0.00040632364446
0.0904789,0.000888607153181,0.002605,-0.000239975414202,-0.000405755432934
0.0905764,0.000897473153049,0.002839,-0.000246728820154,-0.000405311269546
0.0906719,0.000906521557869,0.002942,-0.000253658841729,-0.000405015602974
0.090766,0.000915554638659,0.002996,-0.000260645571515,-0.000404855623673
0.0908638,0.000925094028967,0.003164,-0.000267948029349,-0.000404833297684
0.0909619,0.000934723929702,0.003182,-0.000275214462732,-0.000404980262276
0.0910605,0.000944764375568,0.003172,-0.000282381858248,-0.000405337296299
0.0911598,0.000954986148517,0.003141,-0.000289405408967,-0.000405900320866
0.0912646,0.000965992546427,0.003236,-0.000296266386995,-0.000406670627359
0.0913687,0.00097670695504,0.003125,-0.000302778941051,-0.00040755482878
0.0914766,0.000987872949119,0.003137,-0.000309345285425,-0.000408526542008
0.0915898,0.000999642140825,0.00317,-0.000315400408687,-0.000409827160716
0.0917058,0.00101123163815,0.00312,-0.000321451561033,-0.000411458279023
0.0918219,0.00102276749141,0.003036,-0.000327323709175,-0.000413186035865
0.0919412,0.00103420671892,0.003032,-0.00033307713395,-0.000415139514597
0.0920594,0.00104522606538,0.002905,-0.000337701602145,-0.00041732200716
0.092177,0.00105609468564,0.002784,-0.000339778962424,-0.000419749193816
0.0922951,0.00106655571423,0.002685,-0.000342098327131,-0.00042240726992
0.0924138,0.00107698966356,0.002613,-0.000344667304855,-0.000425224777859
0.0925327,0.00108703800953,0.002736,-0.000347446213211,-0.000428095551276
0.092651,0.00109670106964,0.002809,-0.000350391726377,-0.000430922481912
0.0927688,0.00110566684474,0.00284,-0.000353495432909,-0.000433640425404
0.092886,0.00111411997146,0.002864,-0.000356750938571,-0.000436243693124
0.0930031,0.00112189308164,0.002859,-0.000360203768532,-0.000438770644298
0.0931203,0.00112895321907,0.002822,-0.000363963804144,-0.000441358849772
0.0932369,0.00113512312321,0.002799,-0.000367962335275,-0.000445068839693
0.0933532,0.00114072554955,0.00279,-0.000372120188821,-0.000448672861568
0.0934694,0.00114553747702,0.002755,-0.000374786580097,-0.000452714381069
0.0935859,0.00114979153837,0.002723,-0.000377299854328,-0.000457293477085
0.093702,0.00115316353921,0.002684,-0.000379731501333,-0.000461789988376
0.0938178,0.00115575601041,0.002647,-0.000382061178781,-0.000466190271694
0.0939325,0.00115774309246,0.002599,-0.000384268812231,-0.000470446056464
0.0940457,0.0011590602137,0.002537,-0.000386336474117,-0.000474517056559
0.0941581,0.00115987218849,0.002486,-0.00038825595418,-0.00047842490417
0.0942699,0.00116002992958,0.002443,-0.000390009527366,-0.000482175862191
0.0943807,0.00115979364179,0.002386,-0.000391583357693,-0.000485767838869
0.094491,0.00115884257989,0.002335,-0.000392667693941,-0.000489235864547
0.0946023,0.00115763809503,0.002302,-0.000393467867594,-0.000492628530091
0.0947139,0.00115596029296,0.002238,-0.00039406448476,-0.000495932617222
0.0948253,0.00115380521823,0.002144,-0.00039449218216,-0.00049912408556
0.0949363,0.00115129192481,0.002033,-0.00039481559882,-0.000502187292297
0.0950471,0.00114857814289,0.001905,-0.000395099159388,-0.000505110022047
0.0951567,0.00114562300934,0.001796,-0.000395403370732,-0.000507853671468
0.0952663,0.00114242625284,0.001799,-0.000395794281206,-0.000510440955056
0.0953767,0.0011391045522,0.001805,-0.000396330203431,-0.000512886318214
0.095487,0.0011356437774,0.001811,-0.000397039024427,-0.000515168381806
0.0955967,0.00113209317773,0.001843,-0.000397927678067,-0.000517287526664
0.0957052,0.00112862584781,0.001846,-0.000398987878944,-0.000519239413596
0.0958132,0.00112516750204,0.001843,-0.000400171882513,-0.000521063917177
0.0959257,0.00112158911446,0.001903,-0.000401441561188,-0.000522861183241
0.0960408,0.00111786072817,0.00191,-0.00040268063731,-0.000524613239641
0.0961559,0.00111413451756,0.001848,-0.0004038259286,-0.000526308383925
0.096271,0.00111014572099,0.001799,-0.000404837018738,-0.000527980287416
0.0963862,0.00110610467651,0.001776,-0.000405721992426,-0.000529656199645
0.0965013,0.00110181993239,0.001746,-0.000406679902297,-0.000531351050986
0.0966162,0.00109717894442,0.001719,-0.000407751145841,-0.000533075104854
0.0967328,0.00109224580151,0.001699,-0.000408929584274,-0.000534856365021
0.0968539,0.00108679349054,0.001741,-0.000410225663591,-0.000536737302388
0.0969744,0.00108101251251,0.001716,-0.00041156134553,-0.000538628120442
0.0970977,0.00107493189998,0.001705,-0.000412963905686,-0.000540565538361
0.0972182,0.0010688444895,0.00163,-0.00041432296291,-0.0005424535517
0.0973384,0.00106282843943,0.001602,-0.000415675356883,-0.000544297026369
0.0974579,0.00105674341216,0.00155,-0.000417061248352,-0.000546058435157
0.0975771,0.00105099147795,0.001497,-0.000418485858739,-0.000547718169975
0.0976962,0.00104518769789,0.001459,-0.000419950721912,-0.000549245210988
0.0978156,0.00103941346579,0.001421,-0.000421565984888,-0.000550623282903
0.0979308,0.00103388015571,0.001403,-0.000423478450508,-0.000551778406233
0.0980468,0.00102842171472,0.001471,-0.000425665521934,-0.000552804249079
0.0981604,0.00102303970216,0.001467,-0.000427959411421,-0.000553707291806
0.0982739,0.00101761884233,0.001467,-0.0004303338826,-0.000554565733634
0.0983875,0.00101220730964,0.001448,-0.000432748837285,-0.000555429992329
0.098501,0.0010067105634,0.001406,-0.000435180722892,-0.000556331544399
0.0986146,0.00100143539357,0.001368,-0.000437597541234,-0.000557283067099
0.0987344,0.000995946709612,0.00142,-0.000440095992321,-0.000558675139682
0.0988499,0.000990905134533,0.00141,-0.000442421445419,-0.000560505782535
0.0989707,0.000985981912577,0.001551,-0.000444744871335,-0.000562399632039
0.0990888,0.000981369681794,0.001579,-0.000446877044314,-0.000564206405432
0.0992082,0.000976892663718,0.001641,-0.000448889172948,-0.000565967742358
0.0993241,0.000972196424779,0.001607,-0.0004507237906,-0.000567608331175
0.0994474,0.000966580256104,0.001695,-0.000452573399617,-0.000569284461698
0.0995704,0.000961052758622,0.001647,-0.000454250968121,-0.000570892639457
0.0996875,0.000956751986081,0.001491,-0.000455636487062,-0.00057237646489
0.0998038,0.000951866161553,0.001358,-0.000456892467068,-0.000573800727356
0.0999163,0.000947137939777,0.001182,-0.000458169633013,-0.00057512578502
0.100023,0.000943502798419,0.001053,-0.000459512026581,-0.000576331667352
0.100139,0.000939567321235,0.001108,-0.000460968358817,-0.000577548587717
0.100254,0.000935802273739,0.001128,-0.00046248197823,-0.000578666576928
0.100369,0.00093231067531,0.001153,-0.000463984969954,-0.000579673910935
0.100484,0.00092987255207,0.001142,-0.000465428611127,-0.000580576688036
0.100599,0.000928570559456,0.001092,-0.000466823395431,-0.000581354936578
0.100715,0.000927444716769,0.001011,-0.000467821234161,-0.000581991455936
0.10083,0.000926987676654,0.000917,-0.000468519548723,-0.000582499029549
0.100946,0.000927136153955,0.001007,-0.00046896790658,-0.000582887567069
0.101061,0.000927745900703,0.001066,-0.000469196971904,-0.000583160054543
0.101176,0.000928817156866,0.001093,-0.000469238762477,-0.0005833452658
0.101291,0.000929839984612,0.0011,-0.000469131772652,-0.000583454183277
0.101406,0.000931315119395,0.001089,-0.000468748789469,-0.000583490937858
0.101521,0.00093303148552,0.001063,-0.000466967725877,-0.000583441931182
0.101636,0.000934795966081,0.001012,-0.000465267072666,-0.000583293522132
0.101751,0.000936699836262,0.000946,-0.000463816285841,-0.000583038814966
0.101864,0.000938666600669,0.000967,-0.000462872449617,-0.000582683109234
0.101977,0.000940696040845,0.001017,-0.000462363602418,-0.000582339441968
0.10209,0.000942743906211,0.001059,-0.000462101399832,-0.000582127948335
0.1022,0.000944792986895,0.001015,-0.000461972793318,-0.000581826253033
0.102308,0.000947012728521,0.00093,-0.000461957561739,-0.000581462898275
0.102416,0.000949412910441,0.000877,-0.000462099707823,-0.000581059637713
0.102524,0.000951937212924,0.000846,-0.00046242448438,-0.000580635541161
0.102632,0.000954621520011,0.000832,-0.000462919761885,-0.000580197407619
0.102741,0.000957338419248,0.000829,-0.000463544602724,-0.00057973697719
0.102849,0.000960195384755,0.000824,-0.000464231161889,-0.000579240470305
0.102958,0.000963004586076,0.000815,-0.000464927023669,-0.000578696797323
0.103067,0.000965914214972,0.000795,-0.000465620380356,-0.000578476973365
0.103178,0.000969254114781,0.000773,-0.000466344837062,-0.000578382146177
0.103291,0.000973234605669,0.000735,-0.00046713215217,-0.000578274929823
0.103405,0.000977147252986,0.000712,-0.000467983746136,-0.000578169066793
0.103519,0.000981203332593,0.000709,-0.000468879266022,-0.000578081060676
0.103634,0.000985577996928,0.00071,-0.000469694921447,-0.000578028800141
0.10375,0.000990033384632,0.000649,-0.000470360976278,-0.000578034301492
0.103863,0.00099463772026,0.000626,-0.00047055113843,-0.000578104438723
0.103974,0.000999003539077,0.00061,-0.000470012184995,-0.000578320293231
0.104085,0.00100354538833,0.000614,-0.000469414250311,-0.000579096368863
0.104195,0.00100779065664,0.000625,-0.000468860867243,-0.000579902833045
0.104306,0.0010123579295,0.000645,-0.000468330399396,-0.000580734071289
0.104416,0.00101664655509,0.00066,-0.000467786045222,-0.000581579035004
0.104525,0.00102045270375,0.000677,-0.000467199251696,-0.000582426743706
0.104635,0.0010246207864,0.000706,-0.000466539665821,-0.000583292160388
0.104745,0.00102792184401,0.00073,-0.000465807042867,-0.000584156161879
0.104854,0.00103135574005,0.000749,-0.000464996059438,-0.000585006535813
0.104963,0.0010341558795,0.000768,-0.000464103020048,-0.000585835213475
0.105072,0.00103688887289,0.000779,-0.000463134309079,-0.000586631468743
0.105181,0.00103928082266,0.000784,-0.000462101399832,-0.00058738598714
0.10529,0.00104143069765,0.000787,-0.000461009043723,-0.000588094897234
0.105398,0.00104324338536,0.000783,-0.000459875597618,-0.000588738165292
0.105507,0.00104489302324,0.000777,-0.000458714444385,-0.000589310645277
0.105616,0.00104625882992,0.000771,-0.000457551003928,-0.000589827361864
0.105724,0.00104741258164,0.000758,-0.000456455312528,-0.00059028982242
0.105833,0.00104840606559,0.000744,-0.000455511597875,-0.000590708911297
0.105942,0.00104922842819,0.000733,-0.000454688038901,-0.000591098149072
0.106051,0.00104996075078,0.000716,-0.000453909657524,-0.00059147503168
0.106159,0.00105070775003,0.000698,-0.000453130253165,-0.000591969530431
0.106269,0.00105150100748,0.000662,-0.000452327461596,-0.000592723111485
0.106377,0.00105218417054,0.000579,-0.000451540808355,-0.000593446225004
0.106487,0.00105286893607,0.000538,-0.00045078933133,-0.000594164339045
0.106596,0.00105375396166,0.000534,-0.000450128419067,-0.000594874808022
0.106705,0.00105467499475,0.00053,-0.000449582569966,-0.000595580321605
0.106814,0.00105552952075,0.000524,-0.000449150372358,-0.000596276912463
0.106924,0.00105651717641,0.000532,-0.000448800927392,-0.00059698318835
0.107033,0.00105766195185,0.000535,-0.000448511874923,-0.000597692483692
0.107142,0.00105878790879,0.000531,-0.000448264251416,-0.000598395522625
0.107251,0.00106003315343,0.00054,-0.000448032119174,-0.000599109505488
0.107361,0.00106142802832,0.000539,-0.000447812029758,-0.000599821190726
0.10747,0.00106273691398,0.000527,-0.000447597060872,-0.000600516091084
0.107579,0.00106415129099,0.000522,-0.0004473872181,-0.000601194271873
0.107688,0.00106565454259,0.000556,-0.000447184242031,-0.00060184528203
0.107797,0.00106723912181,0.000575,-0.000446993346806,-0.000602460032569
0.107906,0.00106887827711,0.000577,-0.00044682322504,-0.000603022914664
0.108016,0.00107072453563,0.000571,-0.000446694733595,-0.00060353278586
0.108126,0.00107268614041,0.000554,-0.000446628740746,-0.000603961004503
0.108236,0.001074903666,0.000598,-0.000446651318068,-0.000604298615444
0.108345,0.00107719147668,0.000628,-0.00044677460991,-0.000604541872916
0.108455,0.00107968048567,0.000656,-0.000447010703442,-0.000604696138317
0.108566,0.00108232017541,0.000668,-0.000447355995509,-0.000604765412055
0.108676,0.00108511483346,0.000667,-0.000447796429786,-0.000604758877193
0.108785,0.00108806518458,0.000651,-0.000448312745241,-0.000604684373931
0.108895,0.0010911773905,0.000648,-0.000448901284063,-0.000604545795488
0.109004,0.00109447949291,0.000688,-0.000449558375192,-0.000604344398429
0.109114,0.00109794351107,0.000726,-0.000450282064712,-0.000604084035524
0.109223,0.0011016449964,0.000761,-0.000451066936931,-0.000603768546332
0.109332,0.00110554046336,0.000797,-0.000451898976639,-0.000603400451047
0.109442,0.00110965973293,0.000834,-0.000452762513411,-0.000602978326247
0.109551,0.00111398659292,0.000871,-0.000453647109205,-0.000602499414824
0.10966,0.00111846411873,0.000908,-0.000454544098237,-0.000601967501987
0.109768,0.00112317601969,0.000944,-0.000455434598266,-0.000601392949378
0.109881,0.00112832221492,0.001007,-0.000456298131195,-0.000600946805545
0.109991,0.00113354101692,0.00101,-0.000457047784056,-0.000600578020028
0.110099,0.0011389687173,0.001016,-0.000457682282392,-0.000600164141894
0.110208,0.0011445585106,0.001017,-0.000458193479022,-0.000599701104366
0.110317,0.00115041771147,0.001006,-0.000458569777862,-0.000599190097582
0.110425,0.00115642571961,0.000986,-0.000458813137679,-0.000598630980728
0.110534,0.00116263935633,0.000965,-0.000458930527189,-0.000598020951403
0.110648,0.00116944987336,0.001033,-0.000458916918007,-0.00059733199058
0.110762,0.00117647985942,0.001132,-0.000458774002656,-0.000596570425134
0.11088,0.00118380630977,0.001238,-0.0004584982825,-0.000595721310035
0.110998,0.00119147890132,0.001334,-0.000458082757269,-0.000594793546233
0.111117,0.00119911913534,0.001415,-0.000457532247482,-0.000593801400885
0.111236,0.001206927764,0.001493,-0.00045684466902,-0.00059274986175
0.111355,0.00121489862317,0.001575,-0.000456029801396,-0.00059164795827
0.111475,0.00122286743507,0.001666,-0.000455104241927,-0.000590504781603
0.111594,0.0012310510724,0.001777,-0.000454086340299,-0.000589340262562
0.111714,0.00123917604704,0.001898,-0.000452992807026,-0.000588171807156
0.111834,0.00124730849425,0.002023,-0.000451838723045,-0.000587019680459
0.111954,0.00125513741534,0.002145,-0.000450630641346,-0.000585905679126
0.112075,0.00126289618337,0.002244,-0.000449388984235,-0.000584849061945
0.112195,0.0012705226465,0.002197,-0.000448132605422,-0.000583910031438
0.112316,0.00127799485863,0.002059,-0.000446892668355,-0.000583488215384
0.112436,0.00128519583276,0.001946,-0.000445690158159,-0.000583202277528
0.112557,0.00129216066881,0.001867,-0.000444518337522,-0.000583079685347
0.112678,0.00129885024127,0.001817,-0.000443347707754,-0.000583126001291
0.112798,0.00130539877584,0.00179,-0.0004421590353,-0.000583324841273
0.112918,0.0013117328548,0.001782,-0.000440934686035,-0.000583650178162
0.113039,0.00131774827816,0.00178,-0.000439688504529,-0.000584066425948
0.113159,0.00132372694713,0.00179,-0.000438441490695,-0.00058454755843
0.113279,0.00132958869239,0.001787,-0.000437230697019,-0.000585078469438
0.113399,0.00133532741067,0.001782,-0.000436105842851,-0.000585657652468
0.113518,0.00134082353205,0.001777,-0.000435113450354,-0.000586295779915
0.113637,0.00134658280412,0.001774,-0.000434293183786,-0.000587000749941
0.113756,0.00135233991107,0.001778,-0.000433672370243,-0.000587784444661
0.113873,0.00135806827047,0.001748,-0.000433280041441,-0.000588642466639
0.113984,0.00136365095984,0.001691,-0.000433104209564,-0.000589562338992
0.114095,0.00136947990028,0.001699,-0.000433118420104,-0.000590570595244
0.114207,0.00137560137135,0.00172,-0.000433303126669,-0.00059165599998
0.114319,0.0013816817235,0.00174,-0.000433633326321,-0.00059278329766
0.114432,0.00138773125741,0.001751,-0.000434085725799,-0.000593900166355
0.114547,0.00139397441803,0.001763,-0.000434663593549,-0.000594962716383
0.114663,0.001400670189,0.001778,-0.00043531170575,-0.000595942026771
0.11478,0.0014074567019,0.001765,-0.000435976800529,-0.000596814671766
0.114897,0.00141442233064,0.001758,-0.000436642927269,-0.000597590457631
0.115013,0.00142150881108,0.001754,-0.000437288913204,-0.000598297604212
0.115129,0.00142883745653,0.001732,-0.000437891912891,-0.000598961500619
0.115246,0.00143658926345,0.001743,-0.000438459097057,-0.000599616631416
0.115362,0.00144467893463,0.001733,-0.000438981770887,-0.000600259073008
0.115478,0.00145318483656,0.001763,-0.000439435441837,-0.000600880970182
0.115595,0.00146218294897,0.001799,-0.000439800942595,-0.000601448197163
0.115711,0.0014714291689,0.001844,-0.000440076678027,-0.000601937278225
0.115827,0.00148071700025,0.002001,-0.000440245218172,-0.000602340554768
0.115943,0.00148980470762,0.002097,-0.000440285590552,-0.000602683159161
0.11606,0.00149839912582,0.002075,-0.000440180265599,-0.000602992752331
0.116176,0.0015065899766,0.001919,-0.000439923897613,-0.000603290364669
0.116293,0.00151403697054,0.001832,-0.00043951453539,-0.000603576016643
0.11641,0.00152069033639,0.001797,-0.000438944829091,-0.000603843181456
0.116526,0.00152680815937,0.001764,-0.000438210799688,-0.000604091887576
0.116644,0.00153258306666,0.001747,-0.00043730302537,-0.000604336550205
0.116762,0.00153815439913,0.001752,-0.000435897240108,-0.000604608552586
0.116879,0.00154366135131,0.001705,-0.000432891011307,-0.00060494835471
0.116997,0.00154942550953,0.001676,-0.000429905450295,-0.000605396291072
0.117116,0.00155550590121,0.001677,-0.000426937386738,-0.000605976855536
0.117235,0.00156163636222,0.00178,-0.000423990793921,-0.000606685694772
0.117353,0.001568065146,0.001873,-0.00042107333925,-0.000607488478682
0.117472,0.00157466285724,0.001995,-0.000418180084335,-0.000608340638824
0.117591,0.00158155088731,0.002134,-0.000415362686795,-0.000609197872525
0.117711,0.00158858499308,0.002225,-0.000412670056293,-0.000610030396664
0.117831,0.00159574800871,0.002257,-0.000410052272778,-0.000610825410572
0.117951,0.00160334129641,0.002406,-0.000407475172892,-0.000611601141774
0.118071,0.0016110745897,0.002477,-0.000404924457056,-0.000612756757569
0.118188,0.00161885938559,0.002484,-0.000402385577264,-0.00061519343224
0.118301,0.00162661843662,0.002436,-0.000399879375584,-0.000617304899084
0.118414,0.0016344627785,0.002436,-0.000397338522203,-0.000619156110684
0.118526,0.00164246261364,0.002437,-0.000394724832154,-0.000620816987046
0.118639,0.00165050007332,0.002445,-0.000392026055261,-0.000622324717843
0.118752,0.00165857024361,0.002552,-0.000389231616374,-0.000623702051187
0.118866,0.0016665338747,0.002635,-0.000386344140764,-0.000624966361538
0.118979,0.00167445129564,0.002655,-0.000383397088053,-0.000626167366458
0.119093,0.00168234160585,0.002621,-0.000380440016528,-0.000627389292012
0.119208,0.00169036008918,0.002535,-0.000377529252371,-0.000628620750049
0.119323,0.00169855597862,0.002431,-0.000374702631973,-0.000629819350134
0.119438,0.00170663840596,0.002322,-0.000371963338277,-0.000630931923591
0.119554,0.00171482006283,0.002213,-0.000369296836259,-0.000631924330398
0.11967,0.00172292453621,0.002098,-0.000366666552791,-0.000632798509342
0.119786,0.00173097219365,0.001986,-0.000364031314139,-0.000633578540149
0.119897,0.00173842922192,0.00179,-0.000361506751068,-0.000634253754684
0.119995,0.00174487727155,0.001534,-0.000359260294726,-0.00063479869618
0.120091,0.00175117372269,0.001466,-0.000357060127637,-0.000635260570594
0.120187,0.00175725048136,0.001424,-0.00035487252946,-0.000635616232312
0.120283,0.00176333303771,0.001389,-0.000352701709438,-0.000635832705729
0.120378,0.00176937295959,0.001357,-0.000350568151977,-0.000635883120795
0.120474,0.00177532106087,0.001318,-0.000348502776719,-0.000635756458694
0.12057,0.00178126218868,0.001276,-0.000346542999558,-0.00063546858328
0.120666,0.00178730053217,0.001228,-0.000344743009956,-0.000635059861343
0.120762,0.00179322775893,0.001174,-0.000343161597136,-0.000634583009434
0.120858,0.00179913435897,0.00115,-0.000341833264731,-0.000634088429441
0.120964,0.00180589679372,0.001282,-0.000340687526442,-0.000633558776167
0.121079,0.0018130149085,0.001387,-0.000339861424254,-0.000633023618508
0.121197,0.00182018954749,0.001375,-0.000339446947745,-0.000632490367225
0.121317,0.00182737904953,0.001272,-0.000339459324004,-0.000631897065314
0.121437,0.00183456067893,0.001149,-0.00033981400998,-0.000631167797092
0.121557,0.00184157221831,0.001144,-0.000340384812887,-0.000630165194196
0.121677,0.00184845777899,0.001093,-0.000341018908096,-0.000628883888111
0.121796,0.00185518466741,0.001138,-0.000341588653785,-0.000627463064011
0.121916,0.00186195223803,0.001188,-0.00034198327458,-0.000625975547171
0.122035,0.00186874685152,0.001167,-0.000342125032843,-0.000624616946743
0.122154,0.00187549700292,0.001232,-0.000341997657264,-0.000624438375844
0.122273,0.00188222360599,0.00124,-0.000341627715498,-0.000624213186399
0.122393,0.00188887236924,0.001249,-0.000341068292127,-0.00062392620826
0.122513,0.00189553925328,0.001211,-0.000340397171304,-0.000623598754537
0.122632,0.00190212307487,0.001213,-0.000339677932424,-0.000623244615226
0.122753,0.00190873173501,0.001275,-0.000338947575521,-0.000622857426381
0.122873,0.00191518912672,0.001326,-0.000338247396495,-0.00062241564598
0.122993,0.00192157905742,0.001417,-0.000337558875898,-0.000621873625685
0.123114,0.00192823448632,0.001552,-0.00033685513002,-0.000621169021574
0.123235,0.0019348121985,0.001633,-0.000336158915967,-0.000620282138522
0.123355,0.00194132826148,0.00171,-0.000335476485168,-0.000619184069296
0.123477,0.00194816493627,0.0018,-0.000334809959555,-0.000617841600351
0.123597,0.00195491184047,0.001792,-0.000334198898987,-0.000616314156701
0.123717,0.00196169685848,0.00178,-0.000333622648122,-0.000614600094037
0.12384,0.00196890202564,0.001783,-0.000333033389809,-0.000614103623041
0.12396,0.00197583294829,0.001678,-0.000332435259599,-0.000615038436059
0.124079,0.00198265792049,0.001708,-0.000331834494729,-0.000615972825815
0.1242,0.00198986411079,0.001839,-0.000331251977087,-0.00061692210759
0.124319,0.00199660553236,0.001856,-0.000330752561814,-0.000617818665031
0.124437,0.00200327792257,0.00188,-0.000330340623238,-0.000618660226414
0.124556,0.00201015295361,0.001884,-0.00033004353209,-0.000619431817333
0.124673,0.00201650927787,0.001773,-0.000329867724572,-0.000620095696874
0.12479,0.00202293392267,0.001656,-0.000329775616085,-0.00062067129011
0.124907,0.00202953551168,0.001515,-0.00032973374431,-0.000621172819182
0.125023,0.00203590780279,0.001319,-0.00032970861996,-0.00062160556093
0.12514,0.0020422278585,0.001098,-0.000329662556149,-0.000621983592555
0.125258,0.00204862390449,0.00087,-0.000329564136247,-0.000622324717843
0.125374,0.00205487847502,0.00076,-0.000329400768459,-0.000622618912618
0.125489,0.00206080639595,0.000723,-0.000328977498377,-0.000622877612888
0.125606,0.00206706181128,0.000727,-0.000327874035907,-0.000623109700141
0.125721,0.00207277683594,0.000786,-0.000326991609556,-0.000623298823354
0.125835,0.00207826205678,0.000854,-0.000326331115049,-0.000623457632498
0.125951,0.00208385571585,0.000912,-0.000325889012109,-0.000623612612624
0.126064,0.00208899685364,0.000915,-0.000325686808783,-0.000623776361399
0.126177,0.00209394114095,0.000932,-0.000325707874533,-0.000623970272457
0.126298,0.00209936836195,0.001226,-0.000325985879156,-0.000624215703034
0.126417,0.00210441538961,0.001419,-0.000326520496687,-0.000624507548081
0.126538,0.00210950630062,0.001536,-0.000327311100866,-0.000624850754491
0.126655,0.00211439079685,0.001499,-0.000328310608048,-0.000625230148565
0.126776,0.00211930537299,0.00148,-0.00032957041881,-0.000625500074232
0.1269,0.0021242226672,0.001433,-0.000331076493809,-0.000625579141528
0.127023,0.0021286394429,0.001484,-0.000332689583925,-0.000625471205322
0.127148,0.00213267029529,0.001593,-0.000333660109478,-0.000625184937669
0.127273,0.0021361915514,0.001664,-0.000334610492466,-0.000624738892177
0.127397,0.00213932681883,0.001695,-0.000335540817641,-0.000624155300356
0.12752,0.0021416853752,0.001716,-0.00033648017855,-0.000623451331493
0.127645,0.00214364398787,0.001766,-0.000337465776708,-0.000622622699425
0.127766,0.00214512280528,0.001713,-0.000338445753759,-0.000621734553099
0.127889,0.00214607645783,0.001721,-0.000339451073191,-0.000620785317342
0.128013,0.00214659533106,0.001732,-0.000340508386475,-0.000620653550247
0.128139,0.00214668917449,0.0017,-0.000341637994506,-0.000621241171274
0.128264,0.00214643566465,0.001586,-0.000342866191156,-0.000621733288629
0.12839,0.00214571412889,0.001446,-0.000344221078847,-0.000622141549354
0.128513,0.00214475438873,0.001385,-0.000345699813905,-0.000622490144424
0.128639,0.00214319194044,0.001498,-0.000347328031276,-0.000622833453863
0.12876,0.00214130662835,0.001525,-0.000349025329868,-0.000623203009719
0.12888,0.00213923906347,0.001537,-0.000350791149738,-0.000623632769167
0.129,0.00213678639041,0.001527,-0.000352624910708,-0.000624127613394
0.129124,0.00213403905362,0.001561,-0.000354604599834,-0.000624702437333
0.129249,0.00213099434538,0.001517,-0.000356616374723,-0.000625309257939
0.129373,0.00212753859699,0.001456,-0.000358621862186,-0.000625911591278
0.129497,0.00212357104937,0.001391,-0.000360569190682,-0.000626476882403
0.129621,0.00211936564078,0.001378,-0.000362208024534,-0.00062699023681
0.129746,0.00211458814526,0.001428,-0.000362809072417,-0.000627446810087
0.12987,0.00210962602798,0.001472,-0.000363405580274,-0.000627845505725
0.129994,0.00210418258732,0.001506,-0.000363991603242,-0.000628177720414
0.130119,0.00209853983201,0.001528,-0.00036455526642,-0.000628443584759
0.130244,0.00209270866666,0.001544,-0.000365090681812,-0.000628696837211
0.130368,0.00208685815602,0.001554,-0.000365595939314,-0.000629465797114
0.130493,0.00208097913701,0.001558,-0.000366082984819,-0.000630236075417
0.130619,0.00207469546977,0.001554,-0.00036655977016,-0.000630984073545
0.130744,0.002068607085,0.001536,-0.000367038174883,-0.000631695009874
0.130869,0.00206233826217,0.001497,-0.000367526093474,-0.00063235665659
0.130995,0.00205603175895,0.001439,-0.000368027449788,-0.000632967969013
0.13112,0.00204967756147,0.001365,-0.00036854615455,-0.000633526658042
0.131246,0.00204332638137,0.001289,-0.00036908413463,-0.000634037833992
0.131372,0.00203724680479,0.00123,-0.000369639372504,-0.000634506572494
0.131499,0.00203129117387,0.001206,-0.000370211822347,-0.000634935455245
0.131626,0.0020255828282,0.001178,-0.000370803401447,-0.000635331969272
0.131753,0.00202004363102,0.001151,-0.000371410130464,-0.000635696190749
0.131879,0.00201466824426,0.001118,-0.000372024122468,-0.00063602327267
0.132007,0.00200946665013,0.001089,-0.000372645355532,-0.000636312058821
0.132133,0.00200472624723,0.001028,-0.000373267937003,-0.000636547879963
0.13226,0.00200023114434,0.000955,-0.000373897726729,-0.000636730810642
0.132387,0.00199589343427,0.000975,-0.000374536655226,-0.000636853545511
0.132514,0.00199219549105,0.001199,-0.000374903698401,-0.000636919809855
0.13264,0.0019887055679,0.001408,-0.000375085188927,-0.000636932080069
0.132766,0.00198548879953,0.001577,-0.000375235415876,-0.000636894041428
0.13289,0.00198251688954,0.0017,-0.000375354401506,-0.000636804455167
0.133015,0.00197978526032,0.001799,-0.000375451914017,-0.00063665838298
0.133138,0.00197744892359,0.001892,-0.000375533812905,-0.000636450862807
0.13326,0.00197543740947,0.001978,-0.000375611801984,-0.00063617690301
0.133382,0.00197364421253,0.002047,-0.000375695629516,-0.00063583147603
0.133504,0.00197231404378,0.00208,-0.000375787242243,-0.000635415665145
0.133624,0.00197122516712,0.002073,-0.000375890534287,-0.000634929295727
0.133744,0.00197023891086,0.002041,-0.000376005499918,-0.000634374629789
0.133863,0.00196925886597,0.002002,-0.000376134080761,-0.000633750207079
0.133982,0.00196834304396,0.001987,-0.000376284058686,-0.000633057005253
0.134099,0.00196741463807,0.001993,-0.000376447630377,-0.00063230341007
0.134216,0.0019664825832,0.00203,-0.000376632571153,-0.000631527602013
0.134332,0.00196546702364,0.002072,-0.00037683302473,-0.00063075929363
0.134447,0.0019643418467,0.00211,-0.000377052866659,-0.000629986081516
0.134563,0.00196309747439,0.002135,-0.00037729013223,-0.000629197977903
0.134678,0.00196179506914,0.002093,-0.000377537027115,-0.000628398659752
0.134791,0.00196033016665,0.002038,-0.000377791597078,-0.000627579326864
0.134904,0.00195860016133,0.001973,-0.000378049948599,-0.000626728616267
0.135018,0.00195681572794,0.001916,-0.000378317900807,-0.000625826304203
0.13513,0.00195473715641,0.001804,-0.000378591560562,-0.000624875888698
0.135243,0.00195252371027,0.001681,-0.000378882557669,-0.000623846883074
0.135355,0.00195004237351,0.001553,-0.000379190868052,-0.000622731242557
0.135466,0.00194734973878,0.001438,-0.000379526154064,-0.000621523342988
0.135578,0.00194445324637,0.001358,-0.000379903863885,-0.000620203511582
0.135689,0.00194132090733,0.001299,-0.000380333596532,-0.000618769616653
0.1358,0.00193796472237,0.001301,-0.0003808268468,-0.000617225812326
0.135911,0.00193449042862,0.001306,-0.000381375737715,-0.000615580077781
0.136022,0.00193091066171,0.001352,-0.000381968543077,-0.000613846860409
0.136133,0.00192742941215,0.001401,-0.000382595497572,-0.000612044628306
0.136244,0.00192384626839,0.001428,-0.000383244941561,-0.0006102011373
0.136354,0.0019201055118,0.001424,-0.00038391488032,-0.000608356214018
0.136464,0.00191645990308,0.001387,-0.00038460332527,-0.000606552861451
0.136575,0.00191274006126,0.001307,-0.000385312134209,-0.000604847744252
0.136685,0.0019091550054,0.001211,-0.000386045072034,-0.000603367689688
0.136795,0.00190541815377,0.00114,-0.000386788645905,-0.000602147494029
0.136905,0.00190177503982,0.001048,-0.000387540903481,-0.000601146893829
0.137015,0.00189821695198,0.00097,-0.000388290347792,-0.000600299940788
0.137124,0.0018945152749,0.000941,-0.000389029353569,-0.000599549307212
0.137234,0.00189088422048,0.000993,-0.00038974651873,-0.000598863688594
0.137344,0.00188706362016,0.001041,-0.00039043810859,-0.000598244667674
0.137453,0.00188333107002,0.001074,-0.000391106108766,-0.000597705732364
0.137563,0.00187954468738,0.001082,-0.000391754393977,-0.00059724713243
0.137672,0.00187568606157,0.001065,-0.000392379228027,-0.000596839886372
0.137782,0.00187185916237,0.001023,-0.000392961715925,-0.0005964429467
0.137892,0.00186802213655,0.001007,-0.000393475447267,-0.000596001843548
0.137994,0.00186417945754,0.000936,-0.000393859994651,-0.000595505821781
0.138098,0.00186046353636,0.000935,-0.000394130740305,-0.000594894788494
0.138203,0.0018566591296,0.00091,-0.000394301079353,-0.000594172342195
0.13831,0.0018526971317,0.000887,-0.000394359740907,-0.000593356725385
0.138415,0.00184855610527,0.00083,-0.000394348387489,-0.000592499693415
0.138508,0.00184491235643,0.000693,-0.000394284047544,-0.000591727029719
0.138598,0.00184149770526,0.000648,-0.000394187525163,-0.000590950541156
0.138689,0.00183809888402,0.000623,-0.000394087201741,-0.000590162148736
0.13878,0.00183479562521,0.000663,-0.00039401147525,-0.000589407568365
0.138871,0.00183147344414,0.000697,-0.000393977395327,-0.000588716600919
0.138962,0.00182829412706,0.000722,-0.00039395846123,-0.000588089499624
0.139053,0.00182502441311,0.000733,-0.000393583447588,-0.000587521091292
0.139145,0.00182188677687,0.00073,-0.00039322906071,-0.000587003454342
0.139237,0.0018187671982,0.00071,-0.000392908612535,-0.000586527265673
0.139329,0.00181569998305,0.000678,-0.000392639232843,-0.000586083156609
0.139421,0.0018126684651,0.000625,-0.000392436172657,-0.000585667141974
0.139513,0.00180965036751,0.00055,-0.000392312786055,-0.000585277932127
0.139605,0.00180652375114,0.000537,-0.000392278613142,-0.000584911514103
0.139698,0.0018035273317,0.000557,-0.000392343160406,-0.000584563860322
0.139801,0.00180009135569,0.000645,-0.000392540557645,-0.00058419150821
0.139907,0.00179668926233,0.000706,-0.000392895335981,-0.000583829776272
0.140016,0.00179314288019,0.000713,-0.000393376904331,-0.000583484131647
0.140125,0.00178984670939,0.000759,-0.000393947100496,-0.000583149157741
0.140233,0.00178654056014,0.000797,-0.000394567850232,-0.000582811245394
0.140341,0.00178338017754,0.000822,-0.000395206878545,-0.000582463569804
0.140448,0.00178030550446,0.000842,-0.000395841475997,-0.000582106111917
0.140556,0.00177734808812,0.000848,-0.000396443367369,-0.000581751143748
0.140663,0.00177443662146,0.000848,-0.000396999457324,-0.000581406870269
0.14077,0.00177164460493,0.000838,-0.000397491041056,-0.000581073312594
0.140877,0.00176886726318,0.000864,-0.000397912626727,-0.000580750491195
0.140984,0.00176629109552,0.000936,-0.000397927678067,-0.000580434318557
0.14109,0.00176377868236,0.000994,-0.000397509867948,-0.000580130286423
0.141196,0.00176127069916,0.001051,-0.000397003225728,-0.000579843898478
0.141302,0.00175885263818,0.001088,-0.000396432051902,-0.000579580668814
0.141407,0.00175642063998,0.001106,-0.000395826374053,-0.00057934063205
0.141513,0.00175412186033,0.001092,-0.000395216326704,-0.000579122447263
0.141618,0.00175168869798,0.001048,-0.000394630269471,-0.000578926141495
0.141723,0.00174914386117,0.000981,-0.000394106131925,-0.000578751739088
0.141827,0.00174659635421,0.000901,-0.000393661120459,-0.000578591018409
0.141931,0.00174407686201,0.000817,-0.000393297300585,-0.000578419254486
0.142036,0.00174144898831,0.00079,-0.00039299585143,-0.000578217188969
0.142139,0.00173879330379,0.000787,-0.00039273409812,-0.000577961403963
0.142243,0.00173607563881,0.000769,-0.000392489316288,-0.000577643563869
0.142345,0.00173348963042,0.000734,-0.000392246337006,-0.000577262180012
0.142448,0.00173067610396,0.000696,-0.000391999464273,-0.000576841927843
0.142549,0.00172782165643,0.000649,-0.000391752493831,-0.000576419963657
0.14265,0.00172496252365,0.000607,-0.000391347630911,-0.000576015612025
0.142751,0.00172202864198,0.000561,-0.000390432396107,-0.000575641347478
0.14285,0.0017191244837,0.000626,-0.000389527260306,-0.000575294468985
0.142949,0.00171614282994,0.000672,-0.000388647547425,-0.000574976413624
0.143047,0.00171331564548,0.000692,-0.000387789543126,-0.000574681697182
0.143144,0.00171038504271,0.000693,-0.000386957168857,-0.000574418666906
0.14324,0.00170753652993,0.000678,-0.000386156280916,-0.000574195681673
0.143335,0.00170466352399,0.000641,-0.000385388921784,-0.000574026649334
0.143429,0.00170182203967,0.000633,-0.000384657138308,-0.000573924095396
0.143522,0.00169915960226,0.000646,-0.000383961056666,-0.000573889444335
0.143615,0.00169638240233,0.000656,-0.000383302723048,-0.000573911621273
0.143707,0.00169370283859,0.000662,-0.000382682257407,-0.000573969831346
0.143798,0.00169114462784,0.000663,-0.000382097843311,-0.000574034963653
0.143888,0.00168862005132,0.000661,-0.000381543788137,-0.000574083461265
0.143978,0.0016861703669,0.000699,-0.000381014373931,-0.000574102859074
0.144067,0.0016837931531,0.000749,-0.000380503859895,-0.000574094545814
0.144156,0.00168154824229,0.000794,-0.0003800103565,-0.000574068219634
0.144244,0.00167928320724,0.000835,-0.000379528091615,-0.000574033577942
0.144332,0.00167702563595,0.000867,-0.000379053213492,-0.000573989233291
0.14442,0.00167487322637,0.000892,-0.000378581858346,-0.000573929639356
0.144507,0.0016727679809,0.000912,-0.000378110150673,-0.00057383677041
0.144593,0.00167064096862,0.000925,-0.000377636146711,-0.000573692583572
0.14468,0.00166855614848,0.000936,-0.000377159841683,-0.000573491488742
0.144766,0.00166628999142,0.000941,-0.000376681230781,-0.000573240360461
0.144852,0.00166418652359,0.000942,-0.000376198361373,-0.000572962733073
0.144938,0.00166191864674,0.000937,-0.000375715122697,-0.000572682182691
0.145023,0.00165967557838,0.000921,-0.000375235415876,-0.000572423723628
0.145109,0.00165725624876,0.000911,-0.000374755344887,-0.000572191559625
0.145194,0.00165493662253,0.000884,-0.000374276863044,-0.000571984334034
0.14528,0.00165251664954,0.000852,-0.000373803884751,-0.000571785377445
0.145366,0.0016502733036,0.000793,-0.000373336422757,-0.000571573817826
0.145451,0.00164796937609,0.000719,-0.000372876447727,-0.000571327356586
0.145538,0.00164560517812,0.000751,-0.000372423976355,-0.000571025042694
0.145624,0.00164323278218,0.000777,-0.000371982946717,-0.000570658414479
0.145716,0.00164087502028,0.000849,-0.000371529836893,-0.000570196635077
0.145807,0.00163851649998,0.000846,-0.00037111567428,-0.000569691150634
0.145905,0.00163600007079,0.000918,-0.00037068748752,-0.000569090092255
0.146001,0.00163352524948,0.000892,-0.000370290469282,-0.000568463154814
0.146099,0.00163100595545,0.000886,-0.00036990697343,-0.000567799032927
0.146199,0.00162857667017,0.000862,-0.0003695370247,-0.000567108819951
0.146294,0.00162625735167,0.000789,-0.000369202310992,-0.000566435990055
0.146391,0.00162386899994,0.000745,-0.000368873332228,-0.000565739798458
0.146488,0.00162167610199,0.000708,-0.000368561926012,-0.000565354043421
0.146586,0.00161944964455,0.000678,-0.000368272062929,-0.000565727132071
0.146686,0.00161721958138,0.000661,-0.000368005745691,-0.000566208244887
0.146791,0.00161506057992,0.00069,-0.000367755108374,-0.000566819564341
0.146898,0.00161302935622,0.000708,-0.000367541890252,-0.000567531189878
0.147007,0.00161110664929,0.000755,-0.000367360203622,-0.0005683329173
0.147116,0.0016092662261,0.000771,-0.000366520216492,-0.000569172603012
0.147234,0.00160764174414,0.000829,-0.000365017336655,-0.000570093342832
0.147344,0.00160603046868,0.000743,-0.00036360230561,-0.000570963723167
0.147449,0.00160452763143,0.000713,-0.00036218413015,-0.000571809033509
0.147554,0.00160329242816,0.000728,-0.000360732864061,-0.000572653008096
0.147651,0.00160195296723,0.000698,-0.000359338303967,-0.000573463745571
0.147747,0.00160088333484,0.000687,-0.000357962749001,-0.000574270482152
0.147831,0.00159996625949,0.000617,-0.000356724831375,-0.000574994395733
0.147924,0.00159884131658,0.000673,-0.000355371829358,-0.000575802962621
0.148014,0.00159800143518,0.000689,-0.000354120835006,-0.000576596512296
0.148098,0.00159701921442,0.000666,-0.000353061328905,-0.000577331042115
0.148195,0.00159615312429,0.000821,-0.000351969728147,-0.000578170441773
0.148292,0.00159525511504,0.000864,-0.000351005965527,-0.000578985178141
0.148392,0.00159420986787,0.00093,-0.00035009351822,-0.000579801406703
0.148496,0.00159344929132,0.000992,-0.000349218384508,-0.000580597218939
0.148598,0.00159266392525,0.000993,-0.000348388856861,-0.000581323500553
0.148695,0.00159187109424,0.000957,-0.000347615298052,-0.00058192729234
0.148796,0.00159115928049,0.000988,-0.000346822457763,-0.000582428107681
0.148894,0.00159058403121,0.000949,-0.000346055188324,-0.000582762175641
0.148996,0.0015901897816,0.000943,-0.00034529314058,-0.000582940713154
0.149095,0.00159000662507,0.000849,-0.000344614101381,-0.000582965240314
0.149196,0.00158993487232,0.000792,-0.000343977367019,-0.000582886204278
0.149295,0.00158972801781,0.000664,-0.000343395364797,-0.00058275944941
0.149397,0.00158981777689,0.000706,-0.000342802579208,-0.000582631300692
0.149497,0.00158956208546,0.000761,-0.000342217467203,-0.000582545396397
0.149599,0.00158932696047,0.000788,-0.000341600989317,-0.00058251266728
0.1497,0.00158888150448,0.000796,-0.000340977751868,-0.000582526304658
0.149804,0.00158839114815,0.000845,-0.000340314777421,-0.000582568578296
0.149903,0.0015877775235,0.000823,-0.000339679994418,-0.000582614939046
0.150005,0.00158722290279,0.000875,-0.000339003309609,-0.000582651752039
0.1501,0.00158647222142,0.000846,-0.000338363112246,-0.00058266129573
0.150196,0.00158543354353,0.000884,-0.000337687124096,-0.000582640844753
0.150297,0.00158474335283,0.000958,-0.000336991798994,-0.000582580850655
0.150396,0.00158364879895,0.000978,-0.000336328893962,-0.000582489482929
0.150498,0.00158269650474,0.001038,-0.000335677762419,-0.000582409011707
0.150602,0.00158170825483,0.001092,-0.000335048824271,-0.000583896429726
0.150705,0.00158064873804,0.001113,-0.000334454616377,-0.000585408152767
0.150808,0.001579752718,0.001132,-0.000333882752085,-0.000586941249595
0.150902,0.0015787942582,0.001035,-0.000333372850837,-0.000588339081131
0.150988,0.0015778505865,0.000932,-0.000332900056269,-0.000589594633197
0.151072,0.00157721822647,0.000903,-0.000332431089524,-0.000590808261489
0.151156,0.0015761632012,0.000884,-0.000331959699597,-0.000591993640391
0.15124,0.00157542546374,0.000857,-0.000331485881611,-0.000593140260055
0.151323,0.00157442576666,0.000812,-0.000331011720234,-0.000594224359686
0.151406,0.00157358458109,0.000747,-0.000330537215092,-0.000595219696912
0.151489,0.00157290562235,0.000699,-0.000330060273202,-0.000596112154292
0.151572,0.00157191912438,0.000731,-0.00032958507789,-0.000596906234775
0.151655,0.00157129506154,0.000746,-0.000329107442033,-0.000597610334404
0.151738,0.00157048863589,0.000756,-0.000328627360671,-0.000598232756211
0.151821,0.00156961883193,0.000764,-0.000328146927544,-0.000598779079586
0.151904,0.0015690108012,0.00077,-0.000327664041995,-0.000599253505539
0.151992,0.00156805178953,0.000822,-0.000327153476562,-0.000599687906372
0.152091,0.00156740012214,0.000927,-0.000326596234055,-0.000600098207311
0.152193,0.00156646248154,0.000957,-0.000326040623778,-0.000600448883243
0.152295,0.00156557039733,0.00097,-0.000325482435961,-0.000600744005901
0.152397,0.00156488338226,0.000968,-0.000324923773691,-0.000600994201841
0.1525,0.0015640809889,0.000966,-0.000324354082032,-0.000601208747636
0.152602,0.00156321357936,0.000962,-0.000323766994655,-0.00060140215775
0.152705,0.00156237879981,0.000955,-0.000323154006745,-0.000601577085805
0.152807,0.00156143184887,0.000946,-0.000322515046642,-0.000601738808937
0.15291,0.00156046256022,0.000934,-0.000321847920615,-0.000601883396718
0.153012,0.00155941333448,0.000921,-0.00032116102863,-0.000602008235579
0.153115,0.00155852025136,0.000904,-0.000320460680142,-0.000602113339755
0.153217,0.00155751547136,0.000873,-0.000319751084778,-0.000602201348126
0.153322,0.00155634330124,0.000857,-0.000319021573833,-0.000602277522425
0.153434,0.00155504592148,0.000873,-0.00031825503875,-0.000602348433273
0.153548,0.001553715029,0.00084,-0.000317489746513,-0.00060241933443
0.153662,0.00155231066777,0.000792,-0.000316749192333,-0.000602496789434
0.153776,0.0015510516222,0.000774,-0.000316031323161,-0.000602580795346
0.15389,0.00154999410452,0.000808,-0.000315316954651,-0.000602670036724
0.154004,0.00154905528335,0.000848,-0.000314582533907,-0.000602764510861
0.154114,0.00154807665607,0.000856,-0.000313838719381,-0.000602864214895
0.154228,0.00154720284306,0.00093,-0.00031304253546,-0.000602977014765
0.154342,0.0015467152057,0.000966,-0.000312232495329,-0.000603101590754
0.154455,0.00154613821356,0.000982,-0.0003114236182,-0.000603234001879
0.154566,0.00154565090236,0.000981,-0.000310624530868,-0.000603362447678
0.154674,0.0015455251175,0.000964,-0.00030983311272,-0.000603473828978
0.154785,0.00154547190527,0.001003,-0.000309006185875,-0.000603562916787
0.154887,0.00154542426926,0.000944,-0.000308202024008,-0.000603619243821
0.154988,0.00154576276643,0.000934,-0.000307370901556,-0.000603645440356
0.155088,0.00154621103711,0.000915,-0.000306514887873,-0.000603642820762
0.155188,0.00154674073409,0.000882,-0.000305633888994,-0.000603614004355
0.155288,0.00154762534114,0.000845,-0.000304725633685,-0.000603565536785
0.155393,0.00154857026582,0.000831,-0.000303757351372,-0.000603500032865
0.155498,0.00154961504208,0.000759,-0.000302783302403,-0.000603430589669
0.155603,0.00155092935063,0.000704,-0.0003017903613,-0.000603917805831
0.155712,0.00155220297218,0.000686,-0.000300765323621,-0.000604662151584
0.155819,0.00155383076051,0.000676,-0.000299745286226,-0.000605425008453
0.155928,0.00155545627749,0.000687,-0.00029869736614,-0.000606212808875
0.156036,0.00155728101123,0.000676,-0.00029765000352,-0.000606982492873
0.156147,0.00155896910139,0.000686,-0.000296570190931,-0.000607731539704
0.156256,0.00156076072589,0.000671,-0.000295499662235,-0.000608408127938
0.15637,0.0015626520144,0.000696,-0.000294376639978,-0.000609037168725
0.156482,0.00156427004014,0.000685,-0.000293260587507,-0.000609576106229
0.156594,0.00156585545257,0.000685,-0.000292140466688,-0.000610036865144
0.156707,0.00156733203322,0.000685,-0.000291016261834,-0.00061043258154
0.156819,0.00156859857037,0.000684,-0.000289890180091,-0.000610786657881
0.156931,0.00156982509252,0.000681,-0.000288570698705,-0.000611124999529
0.157043,0.00157110045753,0.000679,-0.000287056688325,-0.000611477309786
0.157156,0.00157230921793,0.000675,-0.000285548230871,-0.000611866763963
0.15727,0.00157353403413,0.000675,-0.000284036405969,-0.00061230486952
0.157383,0.00157491619187,0.00066,-0.000282554910309,-0.000612782494209
0.157497,0.00157630328037,0.000659,-0.000281072425868,-0.000613302098345
0.157607,0.00157766250813,0.000624,-0.000279665689548,-0.000613821177077
0.157718,0.00157923577139,0.000638,-0.00027823794633,-0.00061440515499
0.157826,0.00158083804322,0.000616,-0.000276884249862,-0.000614994874974
0.157935,0.00158253546723,0.00063,-0.000275518777425,-0.000615596714914
0.158047,0.00158432725447,0.000635,-0.000274164216768,-0.000616174839372
0.158161,0.001586297581,0.000657,-0.000272811523065,-0.00061672421969
0.158276,0.00158832982864,0.000663,-0.000271481271321,-0.000617248774258
0.158391,0.00159074296517,0.000658,-0.000270171312112,-0.000617768968307
0.158503,0.00159320016172,0.000647,-0.000268897817774,-0.000618303909732
0.158617,0.00159599940355,0.000678,-0.000267621953363,-0.000618873897153
0.158729,0.00159900991063,0.000681,-0.000266369024286,-0.000619455950456
0.158841,0.00160230277399,0.000684,-0.000265106889556,-0.000620042415309
0.158952,0.0016056135059,0.000644,-0.000263865528167,-0.000620590188554
0.159061,0.00160896190242,0.000602,-0.000262633491171,-0.000621089265278
0.15917,0.00161233950194,0.000732,-0.000261380704037,-0.00062154105259
0.159282,0.00161565099259,0.000835,-0.000260095449007,-0.000621938091904
0.159392,0.00161884381523,0.000871,-0.000258807795314,-0.000622264090057
0.159505,0.00162210020588,0.000902,-0.000257473449589,-0.000622535595744
0.159615,0.00162535577557,0.000878,-0.00025615053582,-0.000622742600383
0.159728,0.00162859147739,0.000895,-0.000254775948456,-0.000622911675802
0.159838,0.00163181067521,0.000861,-0.000253426763569,-0.00062304538222
0.159952,0.00163521091314,0.000874,-0.000252032661241,-0.000623170227224
0.160062,0.00163849657113,0.000897,-0.000250685186346,-0.000623286217329
0.160181,0.00164231342406,0.001062,-0.000249250182324,-0.000623412263519
0.160298,0.00164605480206,0.001138,-0.000247857118604,-0.000623540798441
0.160419,0.00165004688514,0.00124,-0.000246439946909,-0.000623679378111
0.160536,0.00165416258912,0.001264,-0.000245057856076,-0.000623816660698
0.160658,0.00165875644904,0.00134,-0.00024362784298,-0.000623957683077
0.160779,0.00166355458914,0.00135,-0.000242175832643,-0.000624099924923
0.160904,0.00166878308734,0.001363,-0.000240653938306,-0.000624266033113
0.161026,0.00167416174271,0.001294,-0.000239107187093,-0.000624458499649
0.161151,0.00168004673091,0.00125,-0.00023747065806,-0.000624669751455
0.161277,0.00168634590411,0.001147,-0.000235772590508,-0.000626094659192
0.161403,0.00169293861513,0.001031,-0.000234017372459,-0.000627385540606
0.16153,0.00169981149305,0.000911,-0.000232221508795,-0.000628523441586
0.161657,0.00170682045528,0.000801,-0.000230396820485,-0.000629499420194
0.161785,0.00171411976798,0.000848,-0.000228550389612,-0.000630331811443
0.161914,0.00172169110552,0.000953,-0.000226682063789,-0.00063106725398
0.162043,0.0017295175032,0.000961,-0.000224823439466,-0.000631739642584
0.162174,0.00173759003699,0.000917,-0.000222952573842,-0.000632362847681
0.162305,0.00174591513959,0.00088,-0.00022109885242,-0.000632882627839
0.162436,0.00175479476626,0.000843,-0.000219262429288,-0.00063321896137
0.162567,0.0017638935137,0.000851,-0.000217448393471,-0.000633298066027
0.162697,0.00177333027341,0.000857,-0.000215651986618,-0.000633092862625
0.162827,0.00178298023699,0.00086,-0.0002138609584,-0.000632614141732
0.162958,0.00179262050186,0.000867,-0.000212072880007,-0.000631900783367
0.163089,0.00180250951921,0.000883,-0.000210295268898,-0.000631000214105
0.16322,0.00181278263205,0.000892,-0.000208578196653,-0.000629972396685
0.163352,0.00182356334286,0.000899,-0.000206944656102,-0.000628868926586
0.163484,0.00183495834461,0.000915,-0.000205410292656,-0.000627726804747
0.163617,0.00184689814033,0.000928,-0.000203963181417,-0.000626594624255
0.16375,0.00185932905973,0.000919,-0.000202578663759,-0.000625546512074
0.163883,0.00187205654997,0.000873,-0.000201221768364,-0.000624648378781
0.164016,0.00188546066412,0.000796,-0.000199874954996,-0.000623935021406
0.164149,0.00189937753346,0.000755,-0.000198543355324,-0.000623395879282
0.164283,0.00191352491822,0.000872,-0.000197229599315,-0.000622964658022
0.164417,0.00192792326854,0.000986,-0.000195926162039,-0.000622565894368
0.164552,0.00194263116824,0.001077,-0.00019459743776,-0.000622174398211
0.164688,0.00195734295953,0.001146,-0.000193182029109,-0.000621835700565
0.164824,0.00197235396075,0.001192,-0.000191625711823,-0.00062164476789
0.16496,0.00198757359283,0.001235,-0.000189863474952,-0.000621666267198
0.165087,0.00200172928395,0.001184,-0.000188006962484,-0.000621855927647
0.16521,0.00201544254778,0.001196,-0.00018597812229,-0.000622130178102
0.165335,0.00202950750781,0.001244,-0.000183685009724,-0.000622401755233
0.165463,0.00204396731257,0.001291,-0.000181122552822,-0.000622582305369
0.165576,0.00205652975039,0.001163,-0.000178670867691,-0.000622589879499
0.165692,0.00206956791429,0.001222,-0.000175967876993,-0.000622408069256
0.165813,0.00208279628392,0.001277,-0.000173018707589,-0.000622035407788
0.165924,0.00209494049299,0.001194,-0.000170144583583,-0.000621553701928
0.16604,0.00210747372816,0.001241,-0.000167034309323,-0.000620961375951
0.16616,0.0021201480766,0.001267,-0.00016370887539,-0.000620304963428
0.166278,0.00213242324027,0.00126,-0.000160352372669,-0.000619666749206
0.166417,0.00214666432333,0.001498,-0.000156341950612,-0.000618997225861
0.166564,0.00216129085453,0.001578,-0.000152093774383,-0.000618399376076
0.166715,0.00217570017859,0.001556,-0.000147880936177,-0.000619218380044
0.166864,0.00218934596971,0.001447,-0.0001439417486,-0.000620132483278
0.16701,0.00220217470446,0.0013,-0.000140384962153,-0.000620759980162
0.167148,0.00221345181525,0.001083,-0.000137414453407,-0.000621077870502
0.167283,0.00222387640427,0.00112,-0.000134943376833,-0.00062111458609
0.167418,0.00223379800287,0.001178,-0.000132901935702,-0.000620894252865
0.167552,0.00224322415724,0.001201,-0.000131207604314,-0.000620463441533
0.167687,0.0022520546181,0.001183,-0.00012978764941,-0.000619899034885
0.167822,0.00226017462133,0.001141,-0.000128610203356,-0.000619285724066
0.167957,0.00226770002291,0.001178,-0.000127656882544,-0.000618683123984
0.168093,0.00227417621999,0.001403,-0.00012693133067,-0.000618101462063
0.168229,0.00228000149892,0.001601,-0.000126445380059,-0.000617535711436
0.168364,0.00228532996642,0.001654,-0.000126196698432,-0.000616952741455
0.168499,0.00229046258866,0.001625,-0.00012618272513,-0.000616301376875
0.168635,0.00229458065714,0.001598,-0.000126397885387,-0.000615668376384
0.168773,0.00229852572914,0.001577,-0.00012681964551,-0.000615147322572
0.168911,0.00230126814078,0.001534,-0.000127386277273,-0.000615149884329
0.169048,0.00230372614955,0.001492,-0.000128052851772,-0.000615770732524
0.169188,0.00230497225137,0.001619,-0.000128799609299,-0.00061636910632
0.169327,0.00230535559876,0.00178,-0.000129623529455,-0.00061692210759
0.169466,0.00230557457467,0.001886,-0.000130532694694,-0.00061743753328
0.169605,0.0023050765965,0.001956,-0.000131537895511,-0.000617943522655
0.169743,0.00230433046764,0.00199,-0.000132624891543,-0.000618461737786
0.16988,0.00230283988667,0.002,-0.000133762892563,-0.000618981970316
0.170018,0.00230086573234,0.002007,-0.000134915751991,-0.000619471191841
0.170157,0.00229878154116,0.001988,-0.000136042022787,-0.000619878729974
0.170295,0.00229638951558,0.001925,-0.000137108767171,-0.000620169267028
0.170433,0.00229361685782,0.001829,-0.000138124487164,-0.000620323983402
0.170569,0.00229093551182,0.001683,-0.000139111364106,-0.000620345538514
0.170706,0.00228820953176,0.001539,-0.000140124379929,-0.000620530621379
0.170841,0.00228551157094,0.001346,-0.000141157946879,-0.000621218388263
0.170978,0.00228198816671,0.001169,-0.000142231127656,-0.000621957051003
0.171115,0.00227900215292,0.000985,-0.000143313699973,-0.000622751434072
0.171252,0.00227544987499,0.001034,-0.000144391980623,-0.00062363654843
0.171389,0.00227244238495,0.001093,-0.00014546598477,-0.00062462574791
0.171526,0.00226899513349,0.001138,-0.000146579246915,-0.000625725948099
0.171662,0.00226577466531,0.001138,-0.000147794046462,-0.000626926408852
0.171799,0.00226222831064,0.001156,-0.000149174937413,-0.000628258867541
0.171935,0.00225904388871,0.001209,-0.00015069123905,-0.000629709824949
0.172071,0.00225592415235,0.001268,-0.000152369106623,-0.00063121744062
0.172208,0.00225295123405,0.001336,-0.000154169747046,-0.000632720563487
0.172345,0.00225046309864,0.001405,-0.00015609225563,-0.000634146422841
0.172483,0.00224804520565,0.001463,-0.0001582749106,-0.000635379973022
0.17262,0.00224551255506,0.00151,-0.000160667359427,-0.000636348913181
0.172756,0.002243740057,0.001541,-0.000163203711441,-0.000637089112302
0.172892,0.00224185723994,0.001567,-0.000165903648029,-0.000637716749864
0.173027,0.0022398673824,0.001577,-0.000168778527343,-0.00063827752599
0.173162,0.00223802525785,0.001585,-0.000171847276308,-0.000638631055382
0.173297,0.00223651385269,0.001577,-0.000175081231532,-0.000638781443757
0.173432,0.00223505134384,0.001557,-0.00017842863254,-0.000638879233093
0.173571,0.00223326771359,0.001566,-0.000181926719371,-0.000638643283766
0.173712,0.00223129604207,0.001569,-0.000185547424023,-0.000638414563541
0.173855,0.00222957498356,0.001552,-0.000189281098017,-0.000638102503888
0.173997,0.00222785458879,0.001503,-0.000193059485136,-0.000637677545532
0.174144,0.00222556595079,0.001532,-0.000196960465996,-0.00063712713615
0.17429,0.00222325426359,0.001482,-0.00020071416661,-0.000636482794575
0.174433,0.0022204298974,0.001364,-0.00020415177266,-0.000635744159701
0.174577,0.00221754772977,0.001257,-0.000207305205924,-0.000634967483521
0.174722,0.00221388920974,0.001271,-0.00021011576831,-0.000634305561858
0.174866,0.00221033634964,0.001266,-0.000212545169371,-0.000633805770156
0.17501,0.00220645203735,0.001252,-0.000214634402415,-0.000633394458023
0.175153,0.00220264799097,0.001231,-0.000216480330257,-0.000633006305991
0.175298,0.00219896224573,0.001211,-0.000218176042613,-0.000632614141732
0.175444,0.00219552354362,0.001201,-0.000219796391297,-0.000632198138762
0.175591,0.00219168010969,0.001167,-0.000221290333743,-0.000631759478076
0.175736,0.00218776298069,0.001106,-0.000222533703718,-0.000631249706294
0.175881,0.00218355254654,0.001072,-0.000223481319228,-0.000630662396266
0.176024,0.00217926242035,0.001079,-0.000224476541151,-0.000630010962076
0.176167,0.00217483538251,0.001121,-0.000225592360819,-0.000629307614088
0.176311,0.00217017751403,0.00126,-0.000226757573773,-0.000628579583369
0.176455,0.00216536943538,0.001306,-0.000227920868463,-0.000627870491858
0.176599,0.0021603772383,0.001356,-0.000229084677288,-0.000627200436739
0.176743,0.00215551763112,0.001375,-0.000230244145645,-0.000626600886353
0.176885,0.00215070529582,0.001362,-0.000231389611327,-0.000627016516572
0.177028,0.0021456765784,0.001347,-0.000232496979018,-0.000627897975179
0.177171,0.0021407211572,0.001439,-0.00023354953793,-0.000628878900985
0.177317,0.0021357193457,0.001532,-0.000234554756661,-0.000629968664394
0.177462,0.00213070057223,0.001566,-0.000235491184138,-0.000631130561239
0.177605,0.00212606092346,0.001556,-0.000236354287025,-0.000632339321132
0.177746,0.00212157180709,0.001529,-0.000237177932582,-0.000633588421848
0.177893,0.00211703265861,0.001558,-0.000238007803283,-0.000634923136134
0.17804,0.00211271290099,0.001514,-0.000238795989822,-0.000636237113276
0.178186,0.00210863345241,0.001472,-0.000239516320759,-0.000637499862462
0.178328,0.00210451543714,0.001407,-0.000240140327396,-0.000638688526192
0.178459,0.00210062877124,0.001286,-0.000240665878261,-0.000640208493107
0.178599,0.00209659009748,0.001329,-0.000241210123827,-0.00064182592818
0.17874,0.00209238666644,0.001255,-0.000241806397929,-0.000643348505934
0.178882,0.00208834912133,0.001192,-0.000242495057604,-0.000644779485835
0.179021,0.00208394818851,0.001183,-0.00024330913538,-0.000646094338616
0.179161,0.00207897155357,0.001232,-0.000244276700442,-0.000647343238918
0.179301,0.00207344887855,0.001229,-0.000245335442338,-0.000648506290544
0.179417,0.00206854986359,0.001017,-0.000246240980934,-0.000649446498031
0.179527,0.00206411095022,0.000936,-0.000247081461953,-0.000650326399181
0.179618,0.0020603079286,0.000759,-0.000247779119064,-0.000651053288549
0.17974,0.00205590112707,0.000958,-0.000248740502957,-0.000651922004497
0.179852,0.00205199580949,0.000837,-0.000249691131016,-0.000652632286202
0.179962,0.00204793434173,0.000959,-0.000250673416761,-0.00065324656321
0.180074,0.00204393224356,0.001067,-0.000251727180689,-0.000653787728633
0.180188,0.00203987219792,0.001101,-0.000252840361609,-0.000654263131638
0.18029,0.00203616988387,0.000949,-0.000253853352446,-0.00065464217692
0.180393,0.00203250744106,0.000903,-0.000254876563543,-0.000654985434998
0.180489,0.00202893819357,0.000777,-0.000255811817929,-0.000655279972716
0.180589,0.00202574077156,0.00074,-0.000256755143731,-0.000655556606696
0.180685,0.0020224345483,0.000666,-0.000257650579154,-0.000655795285419
0.180785,0.0020193668605,0.000686,-0.000258568129019,-0.000656017318095
0.180881,0.00201597582202,0.000679,-0.000259451922413,-0.00065621210467
0.180981,0.00201277445701,0.000715,-0.000260367083305,-0.000656399735148
0.181078,0.00200967763261,0.000699,-0.000261248577112,-0.000656575500017
0.181178,0.00200658008673,0.000729,-0.000262161358347,-0.000656758276018
0.181273,0.00200334694602,0.000705,-0.00026301975127,-0.000656937448449
0.181372,0.0020002442781,0.000727,-0.00026386783761,-0.000657122446166
0.181465,0.00199727526528,0.000692,-0.000264622609862,-0.00065729441979
0.181559,0.00199442748644,0.000706,-0.000265328160991,-0.000657459269493
0.181649,0.001991614987,0.000667,-0.000265927080296,-0.00065759464038
0.18174,0.00198906062775,0.000675,-0.000266458759424,-0.000657706440372
0.181826,0.00198673764428,0.000658,-0.00026689116438,-0.000657781743917
0.181912,0.00198453876677,0.000684,-0.000267263550332,-0.000657827626353
0.181994,0.00198242505384,0.000664,-0.000267557638395,-0.00065783939039
0.182077,0.00198039625179,0.000692,-0.000267814862104,-0.000657822920659
0.182155,0.00197842081953,0.000674,-0.000268019194346,-0.000657780567387
0.182235,0.0019766882822,0.000705,-0.00026820281185,-0.000657712323877
0.182311,0.00197493727928,0.000691,-0.000268356553696,-0.000657621710081
0.182388,0.00197329245962,0.000727,-0.000268501085491,-0.000657502827675
0.182462,0.0019718169742,0.00071,-0.000268631826111,-0.000657363898908
0.182539,0.00197031036628,0.000742,-0.000268760248763,-0.00065719430548
0.182613,0.00196903487831,0.000718,-0.000268884062115,-0.000657005799666
0.182689,0.00196804186002,0.000744,-0.000269010145325,-0.000656783033992
0.182762,0.00196709253944,0.000714,-0.000269129329945,-0.000656543654668
0.182839,0.00196627843706,0.000733,-0.000269248493845,-0.000656271115681
0.182912,0.00196559628377,0.000695,-0.000269353890796,-0.000655987798249
0.182988,0.00196508749642,0.000707,-0.000269452399378,-0.000655673597365
0.183061,0.00196451358041,0.000669,-0.000269537151242,-0.000655352101683
0.183138,0.00196392866172,0.000678,-0.0002696127319,-0.000654997267218
0.183211,0.00196338592684,0.000639,-0.000269676854407,-0.000654633888423
0.183287,0.00196279571248,0.000644,-0.000269740970912,-0.000654233506444
0.183361,0.00196194946898,0.000615,-0.00026980279186,-0.000653823310812
0.183437,0.00196120351529,0.000648,-0.000269871475261,-0.000653368852055
0.18351,0.00196040404209,0.000635,-0.000269944729965,-0.000652903280171
0.183587,0.0019596325117,0.000666,-0.000270033998546,-0.000652389691757
0.18366,0.00195879972706,0.000642,-0.000270136986301,-0.000651864852033
0.183736,0.00195820560145,0.000659,-0.00027026055117,-0.000651290579287
0.18381,0.00195746458044,0.000619,-0.000270400106896,-0.000650708477504
0.183887,0.00195677551369,0.000614,-0.000270564791821,-0.000650076694912
0.18396,0.00195605756989,0.000555,-0.000270745442219,-0.000649444104864
0.184037,0.00195526282894,0.000575,-0.000270960331241,-0.000648765175261
0.184111,0.00195447259916,0.00057,-0.000271195717312,-0.000648090113804
0.18419,0.00195371715061,0.000622,-0.000271478987361,-0.000647348045565
0.184273,0.00195295428835,0.000659,-0.000271814647592,-0.000646557929182
0.184351,0.00195201041428,0.00062,-0.000272168396751,-0.000645840083315
0.184432,0.00195118728811,0.000652,-0.00027257213182,-0.000646069039414
0.184515,0.00195034025991,0.000678,-0.00027302576413,-0.000646334014762
0.184593,0.00194936850251,0.000632,-0.000273479095563,-0.000646603662725
0.184674,0.00194846119546,0.00066,-0.000273977640546,-0.000646904436352
0.184758,0.00194756716588,0.000677,-0.000274512204463,-0.000647232673183
0.184836,0.00194662571808,0.000623,-0.000275028173351,-0.000647543876848
0.184918,0.00194580004251,0.000631,-0.000275580078138,-0.000647868090013
0.185002,0.00194517764965,0.000629,-0.00027615422102,-0.000648198089451
0.185081,0.00194445792404,0.00057,-0.000276696149498,-0.000648487108519
0.185163,0.00194395451043,0.00058,-0.000277269353683,-0.000648766373487
0.185248,0.00194369258774,0.000583,-0.000277869228801,-0.000649027517614
0.185327,0.00194335862526,0.000528,-0.000278441447171,-0.000649237052118
0.18541,0.00194327575278,0.000531,-0.000279047067395,-0.000649418975908
0.185495,0.00194340835509,0.00053,-0.000279297744885,-0.000649567337946
0.185575,0.00194354492863,0.000473,-0.000278992854712,-0.000649665423918
0.185659,0.00194385442559,0.00047,-0.000278662967814,-0.000649728810612
0.185745,0.00194420809289,0.000462,-0.000278319353966,-0.000649759903005
0.185825,0.00194436994904,0.000406,-0.000277986878166,-0.000649756315521
0.185909,0.00194462264146,0.000402,-0.000277624815166,-0.000649722831082
0.185996,0.00194488885953,0.000417,-0.000277235382688,-0.000649660639687
0.186077,0.0019449925259,0.000421,-0.00027684346142,-0.000649575711898
0.186161,0.00194530185089,0.000478,-0.000276415035353,-0.000649463249879
0.186249,0.00194556369545,0.000533,-0.000275950035848,-0.000649320841111
0.186343,0.00194583590533,0.0006,-0.000275416597328,-0.000649131697273
0.186428,0.00194590174591,0.000573,-0.000274912284791,-0.000648917326784
0.186515,0.00194592400482,0.000599,-0.000274396228269,-0.00064865732306
0.186606,0.00194612656191,0.00063,-0.000273852469395,-0.000648328828486
0.186701,0.00194645353182,0.000649,-0.00027327866448,-0.000647914903296
0.186787,0.00194635719119,0.000571,-0.000272763651521,-0.000647473002055
0.186876,0.00194635973732,0.000572,-0.000272250531671,-0.000646950137998
0.186968,0.00194650154694,0.000571,-0.000271753008058,-0.000646336422981
0.187064,0.00194671514296,0.000592,-0.000271280253714,-0.000645623080216
0.187151,0.00194661798588,0.000582,-0.000270907758245,-0.000644920788054
0.187241,0.0019466897664,0.000641,-0.000270596809291,-0.000644146152482
0.187335,0.00194689527736,0.000708,-0.000270352066331,-0.000643289145819
0.187432,0.00194725293273,0.000777,-0.000270182753667,-0.000642346918043
0.18752,0.00194742357417,0.000718,-0.000270100370207,-0.000641523285816
0.187611,0.00194792727553,0.000743,-0.000270104947326,-0.000641965640842
0.187706,0.00194850838475,0.000756,-0.000270214789003,-0.00064244401217
0.187805,0.00194926632178,0.000763,-0.000270450431492,-0.000642952234117
0.187894,0.0019497805133,0.000711,-0.000270763733273,-0.000643410281403
0.187986,0.00195040427265,0.000773,-0.000271182007722,-0.000643876378629
0.188081,0.00195108663055,0.000836,-0.000271700495925,-0.000644326323548
0.188181,0.00195182688899,0.000899,-0.000272303001595,-0.000644745663968
0.18827,0.00195228618237,0.000818,-0.000272879905169,-0.000645076536307
0.188363,0.00195258194512,0.000867,-0.00027352691702,-0.000645384267362
0.188463,0.00195303112722,0.000945,-0.000274262035149,-0.000645679751274
0.188549,0.00195305755966,0.000825,-0.000274891831825,-0.000645912396636
0.188641,0.00195300927203,0.000895,-0.000275580078138,-0.000646140114851
0.188736,0.00195296906225,0.00095,-0.000276294846359,-0.000646352076118
0.188825,0.00195266553094,0.00092,-0.000276931833293,-0.000646526635384
0.188918,0.00195222972174,0.001038,-0.000277565961746,-0.000646686694447
0.189015,0.00195185216111,0.001167,-0.000278172360878,-0.000646834673097
0.189109,0.00195136790637,0.001192,-0.000278719466644,-0.000646963366636
0.189207,0.00195070431915,0.0013,-0.000279245810288,-0.000647094431374
0.189302,0.00195018138911,0.001289,-0.000279728874741,-0.000647225461519
0.189401,0.00194941316391,0.001345,-0.000280218361032,-0.000647367271688
0.189493,0.00194857562161,0.00125,-0.00028066017499,-0.000647503034983
0.189591,0.00194768366985,0.001284,-0.000281124221132,-0.00064764236399
0.189692,0.00194690704017,0.001299,-0.00028163745635,-0.000647768447037
0.189788,0.00194597563636,0.001195,-0.000282170540068,-0.000647854885468
0.189889,0.00194541577098,0.001241,-0.000282842483664,-0.000647906501237
0.189994,0.00194481249435,0.001286,-0.000283787471573,-0.000647918504135
0.190095,0.00194419775167,0.001201,-0.000285028991422,-0.000647904100623
0.1902,0.00194400514354,0.001212,-0.000286811094829,-0.000647877693098
0.190311,0.00194370301162,0.001205,-0.000289327546306,-0.000647839279643
0.190415,0.00194332384232,0.001321,-0.000292260094079,-0.000647791258641
0.190521,0.00194337605429,0.001605,-0.000295806016416,-0.000647714415368
0.190621,0.00194326907043,0.001699,-0.000299539339251,-0.000647600329186
0.190725,0.00194340068965,0.001902,-0.000303694201085,-0.000647441765882
0.190825,0.00194330539182,0.001926,-0.000307875326127,-0.000647262720657
0.190929,0.0019436020835,0.002027,-0.000312247544872,-0.000647053552508
0.19103,0.00194392644601,0.001869,-0.000313697150066,-0.00064684189044
0.191134,0.00194409944008,0.001732,-0.000314003845389,-0.000646620510864
0.191234,0.00194379940705,0.001389,-0.000314252529025,-0.000646408664116
0.191338,0.00194270814256,0.001141,-0.000314477550176,-0.000646189500271
0.191439,0.00194141023323,0.000838,-0.000314668222585,-0.000645978674606
0.191544,0.00194041268436,0.000689,-0.000314850274241,-0.000645754498961
0.191646,0.00193960875047,0.000625,-0.000315019430355,-0.000645527810051
0.191752,0.00193912078601,0.000651,-0.000315199245187,-0.000645275678141
0.191854,0.00193950588882,0.000626,-0.000315381150997,-0.000645002893985
0.191962,0.00194002054238,0.00065,-0.000315586537499,-0.000644687678276
0.192067,0.00193977879428,0.000645,-0.000315802552471,-0.000644349293695
0.192176,0.00193838005529,0.000689,-0.000316048424336,-0.000643973175297
0.192283,0.00193694780629,0.000678,-0.00031630275216,-0.000643587086489
0.192389,0.00193564905516,0.000679,-0.00031657406989,-0.000643201909962
0.192488,0.00193427254679,0.000649,-0.000316836736176,-0.000642845538342
0.192581,0.00193311449229,0.000623,-0.000317090761254,-0.000642519247121
0.192674,0.00193237524489,0.000626,-0.000317355355904,-0.00064221459687
0.192768,0.00193205173646,0.000621,-0.000317645434813,-0.000641941345797
0.192863,0.00193215667218,0.000607,-0.000317975884345,-0.00064170319175
0.192958,0.00193189930831,0.000593,-0.000318361555149,-0.00064149532164
0.193054,0.00193078552479,0.000647,-0.000318802350443,-0.000641320205972
0.193151,0.00192990057913,0.000709,-0.000319293905425,-0.000641177879257
0.193248,0.00192835809897,0.000776,-0.000319814852083,-0.000641067152652
0.193346,0.00192720688747,0.000846,-0.000320341759298,-0.00064098317875
0.193444,0.00192593926955,0.00092,-0.000320864001905,-0.000640915015638
0.193543,0.00192450950228,0.000993,-0.000321375229151,-0.000640838321018
0.193642,0.00192304835171,0.001063,-0.000321890297909,-0.00064074334946
0.193742,0.00192151553246,0.001125,-0.00032241978427,-0.000640652013625
0.193841,0.0019199036738,0.001179,-0.00032297634497,-0.00064058989572
0.193942,0.0019190257045,0.001226,-0.000323555683989,-0.000640593549928
0.194043,0.00191895717995,0.001267,-0.000324147182952,-0.000640694639092
0.194144,0.00192040748633,0.001301,-0.000324744479536,-0.000640910146489
0.194246,0.00192148743719,0.00133,-0.000325358095629,-0.000641236274611
0.194348,0.00192119403939,0.001354,-0.000325996407322,-0.000641653359436
0.19445,0.0019194539935,0.001374,-0.000326661445345,-0.000642121101123
0.194553,0.00191832185534,0.001387,-0.000327359431403,-0.000642588404725
0.194656,0.00191767301818,0.001398,-0.000328113347007,-0.000643034665214
0.19476,0.00191713959071,0.001404,-0.000328983786567,-0.000643446616337
0.194864,0.00191669382783,0.00141,-0.000330001677437,-0.000643827973239
0.194969,0.0019162955217,0.001416,-0.00033113290428,-0.000644178805768
0.195074,0.00191601860263,0.001418,-0.000332330999729,-0.000644493135252
0.195179,0.0019159015557,0.001415,-0.000333560207756,-0.000644764991031
0.195285,0.00191678940788,0.001405,-0.000334801649643,-0.000644996857246
0.195391,0.0019184602615,0.001381,-0.00033606354305,-0.000645189996579
0.195498,0.00192015804547,0.001337,-0.000337351970732,-0.000645340834519
0.195604,0.00192082573372,0.001274,-0.000338668833436,-0.000645444584464
0.195711,0.00192096017872,0.001192,-0.000340003646331,-0.000645498863601
0.195818,0.00192050842881,0.001146,-0.000340500148967,-0.000645510924826
0.195925,0.00192026770172,0.001149,-0.00033999746341,-0.000645486802082
0.196032,0.00192050799383,0.001147,-0.000339504701608,-0.000645433727925
0.19614,0.00192142387314,0.00114,-0.000339120954782,-0.000645352899578
0.196248,0.0019225822908,0.001123,-0.000338951704135,-0.000645237062926
0.196356,0.00192437166422,0.001099,-0.00033900743787,-0.000645078950625
0.196464,0.00192722408267,0.001078,-0.000339323172192,-0.000644879730007
0.196573,0.0019301218296,0.001042,-0.000339795455627,-0.000644657474719
0.196681,0.0019314580873,0.000999,-0.000340240613994,-0.000644437537561
0.19679,0.00193103262085,0.00095,-0.00034047955474,-0.000644240478353
0.196899,0.00192987539533,0.000902,-0.000340531039084,-0.000644071162759
0.197008,0.00192881780253,0.00084,-0.000340475435816,-0.000643928409176
0.197118,0.0019280668006,0.000773,-0.000340409529485,-0.00064380134827
0.197229,0.00192738435106,0.000725,-0.00034043218554,-0.000643689992066
0.197342,0.00192717683311,0.000718,-0.000340609287474,-0.000643596772626
0.197454,0.00192789755913,0.000734,-0.000340942767024,-0.000643524122008
0.197566,0.00192984913443,0.000778,-0.000341498186056,-0.000643467204956
0.197677,0.00193150201998,0.000848,-0.000342295512633,-0.000643422393342
0.197787,0.0019310609874,0.000974,-0.000343106218764,-0.000643392112942
0.197897,0.00193003901927,0.001118,-0.000343715120847,-0.000643390901688
0.198005,0.00192883653735,0.001251,-0.000344149408413,-0.000643433293835
0.198113,0.00192714086739,0.001348,-0.000344452417855,-0.000643538652979
0.198219,0.00192571570103,0.001373,-0.00034468162812,-0.000643722675272
0.198325,0.00192468051053,0.001342,-0.000344923029785,-0.000643997371525
0.19843,0.00192398278578,0.001241,-0.000345235899703,-0.000644368636155
0.198534,0.00192328336699,0.001088,-0.000345650781424,-0.000644842291775
0.198637,0.00192430740851,0.000932,-0.000346155229815,-0.00064542407747
0.198739,0.00192518581052,0.000929,-0.000346875479994,-0.000646113613335
0.198841,0.00192495407297,0.000957,-0.000347653997998,-0.000646916463508
0.198942,0.00192394669731,0.000987,-0.000348266777567,-0.000647835678229
0.199044,0.00192265923733,0.001003,-0.000348667518106,-0.000648867014127
0.199146,0.00192116303981,0.000997,-0.000348919633396,-0.000649994228991
0.199248,0.00191955888187,0.001004,-0.000349080203902,-0.000651192814989
0.199353,0.00191821796169,0.001082,-0.00034922448003,-0.000652481273273
0.199471,0.00191727348853,0.001228,-0.000349382943394,-0.000653939528038
0.199587,0.00191767042815,0.001234,-0.000349612443113,-0.000655400575871
0.199706,0.00191838707991,0.001194,-0.000349945377199,-0.000656810148438
0.199825,0.00191735630084,0.000999,-0.000350436344307,-0.000657322683668
0.199938,0.00191485724739,0.001033,-0.000350949228692,-0.000657473396894
0.200048,0.00191204129391,0.001055,-0.000351299701399,-0.000657840566778
0.200175,0.00190916958522,0.001232,-0.000351512323128,-0.000658786645926
0.200299,0.00190652188348,0.001198,-0.000351639862491,-0.000660154935014
0.200427,0.00190579154191,0.001414,-0.000351747137958,-0.000661807723186
0.200553,0.00190653969867,0.001412,-0.000351822017789,-0.000663452618993
0.200682,0.00190593736837,0.001391,-0.000351902959167,-0.000665067650793
0.200812,0.00190505467662,0.001318,-0.000351864513281,-0.00066659300429
0.200943,0.00190405124847,0.001255,-0.000351710706784,-0.000668041016669
0.201078,0.00190404869319,0.001319,-0.00035157103486,-0.000669476686728
0.201213,0.00190533222684,0.001373,-0.000351633789761,-0.000670865744177
0.201347,0.0019039694072,0.001388,-0.000351783567071,-0.000672194864023
0.201481,0.00190243290096,0.001402,-0.000351556863552,-0.000673483889827
0.201612,0.00190089717172,0.001378,-0.000351101191131,-0.000674699037995
0.201743,0.00190008850925,0.001388,-0.0003506796605,-0.000675906600513
0.201875,0.00190203164847,0.001593,-0.00035032276532,-0.000677708902249
0.202006,0.00190493480747,0.001946,-0.000350130040914,-0.000679901461106
0.202136,0.00190510893429,0.001765,-0.000350044818077,-0.000681881464379
0.202261,0.00190429248967,0.001369,-0.000349734268199,-0.000683303356839
0.202378,0.00190312651525,0.001322,-0.000349330126596,-0.000684257854569
0.202493,0.00190175201778,0.001331,-0.000348944026426,-0.000685022529316
0.202595,0.00190023891989,0.001203,-0.000348651249222,-0.000685670486312
0.20269,0.00189940239911,0.001154,-0.000348399029094,-0.000686290944067
0.202789,0.00189891563959,0.001232,-0.000348144675193,-0.000686948258589
0.202884,0.00189825893583,0.00124,-0.000347849499134,-0.00068757701269
0.202983,0.00189842994994,0.001349,-0.000347486960593,-0.000688202728176
0.203077,0.00189997503965,0.001325,-0.00034709160256,-0.00068875038282
0.20317,0.00190130475562,0.001325,-0.000346714360518,-0.00068926544161
0.203261,0.00190120064992,0.00126,-0.000346283831861,-0.00068977003276
0.20335,0.00190123475333,0.001179,-0.000345673255105,-0.000690312586138
0.203441,0.00190140366268,0.001123,-0.000344916893569,-0.000690948993138
0.203539,0.00190149429631,0.001098,-0.000344008092047,-0.000691750156982
0.203643,0.00190170401868,0.001054,-0.000342993396338,-0.000692737127622
0.203757,0.00190206296296,0.001175,-0.000341829154384,-0.000693919657011
0.203876,0.00190277485811,0.001323,-0.000340580460216,-0.000695165651354
0.203995,0.00190460035159,0.001324,-0.000339354118289,-0.000696313893016
0.20412,0.00190840971935,0.00133,-0.000338216397711,-0.000697347744417
0.204252,0.00191087988183,0.001335,-0.000337260911631,-0.000698261458776
0.204387,0.00191218481518,0.001374,-0.000336212816228,-0.000699047090103
0.204523,0.00191313999227,0.001425,-0.000334845275499,-0.000699705274939
0.204658,0.00191385294835,0.001429,-0.000333302057571,-0.000700222543886
0.204795,0.00191504837994,0.001413,-0.000331782318959,-0.000700589674735
0.20492,0.00191810023811,0.001263,-0.000330576944573,-0.00070078980705
0.205043,0.00192109427525,0.00124,-0.000329677213167,-0.000700884463593
0.205165,0.00192276831788,0.001281,-0.000328975402301,-0.000700904898297
0.205287,0.00192426716728,0.001315,-0.000328211984943,-0.000700870481441
0.205405,0.00192547937805,0.001317,-0.000327426667969,-0.000700782276732
0.205517,0.00192650374288,0.001254,-0.000326758198553,-0.000700635949462
0.205634,0.00192919710287,0.001318,-0.00032617746538,-0.000700410989983
0.205752,0.00193277721238,0.001364,-0.000325735258998,-0.000700122367483
0.205872,0.00193488871804,0.001411,-0.000325419215003,-0.000699774277029
0.20599,0.00193617869476,0.001414,-0.00032498915116,-0.000699388166415
0.206109,0.00193718797602,0.001378,-0.000324463838799,-0.00069896934191
0.20623,0.0019382172701,0.001296,-0.000324039485235,-0.00069852095939
0.206351,0.00193907318047,0.001201,-0.00032380502337,-0.000698052673235
0.206474,0.00194180133514,0.00115,-0.000323798685404,-0.000697575256064
0.206599,0.00194409825457,0.00116,-0.000324102838968,-0.000697106028427
0.206725,0.00194365981475,0.001188,-0.00032451237922,-0.000696661294238
0.206854,0.00194229415351,0.001247,-0.000324636879574,-0.000696249812976
0.206985,0.00194072742072,0.001295,-0.000324645319423,-0.000695869498137
0.207119,0.00193828348481,0.001317,-0.000324763465937,-0.000695513898343
0.20725,0.00193708504301,0.001276,-0.000325071391002,-0.00069515911927
0.207387,0.00193666452237,0.001331,-0.000325469792256,-0.000694771387238
0.207523,0.0019348914869,0.001314,-0.000325838467111,-0.000694348440309
0.207661,0.00193371449463,0.001282,-0.000326006935319,-0.000693866168216
0.2078,0.0019326536487,0.001251,-0.000326095363839,-0.000693313460613
0.207939,0.00193210956973,0.001257,-0.000326221669652,-0.000692704298181
0.208073,0.00193136423254,0.001265,-0.00032635005567,-0.00069207681877
0.208212,0.00192990633505,0.001322,-0.000326400561323,-0.000691413394043
0.208354,0.0019272172055,0.001332,-0.000326160624875,-0.000690433558141
0.208498,0.00192507334239,0.001314,-0.000325737365448,-0.000689360231029
0.208641,0.00192454719331,0.001267,-0.000325330695444,-0.000688706240487
0.208783,0.00192435014242,0.001229,-0.000324961735594,-0.000688559437768
0.208927,0.00192482203628,0.001222,-0.000324558805836,-0.000688774659357
0.209073,0.00192530174161,0.001232,-0.000324109174006,-0.000689184965991
0.209222,0.00192638911456,0.001229,-0.000323610631289,-0.000689678629127
0.209375,0.00192744789811,0.001235,-0.000323027110369,-0.000690214686229
0.209529,0.00192847273293,0.001259,-0.000322339329761,-0.000690785301526
0.209685,0.00193012286515,0.00131,-0.000321555443005,-0.000691496784343
0.209843,0.00193204328613,0.001321,-0.000320772745408,-0.00069228168962
0.21,0.00193384932331,0.001275,-0.000320139969547,-0.000692853106757
0.210152,0.00193576641146,0.001161,-0.000319778718033,-0.000693454429602
0.210308,0.00193878316459,0.00111,-0.000319685185424,-0.000694248098404
0.210452,0.00194175845201,0.000938,-0.000319910491492,-0.000695050237908
0.210593,0.00194508104794,0.000849,-0.000320335387933,-0.000695903195537
0.210725,0.0019488115563,0.000796,-0.000320747276226,-0.000696756784737
0.210856,0.00195246976081,0.000981,-0.000321048598534,-0.000697688970709
0.210988,0.00195642647902,0.001126,-0.000321245868842,-0.000698723054513
0.211126,0.00196059393385,0.00126,-0.000321432478891,-0.000699934883294
0.211265,0.00196543252151,0.001357,-0.000321735607607,-0.00070126182438
0.211403,0.00196873626758,0.001521,-0.000322152976325,-0.000702677176875
0.211541,0.00197240595465,0.001691,-0.000322493878417,-0.000704157696276
0.211678,0.00197643651739,0.001865,-0.00032257643065,-0.00070569316452
0.211816,0.00198092776862,0.002003,-0.000322347799119,-0.000707285140032
0.211953,0.00198584113477,0.001974,-0.000321905129318,-0.000708892845463
0.212092,0.00199145263649,0.001816,-0.000321396433338,-0.000710527679572
0.212232,0.00199627577224,0.00154,-0.000320955245777,-0.000712147333951
0.212373,0.00200133618783,0.00152,-0.000320639021227,-0.00071374042818
0.212514,0.00200746110386,0.001468,-0.000320530748461,-0.000715273837354
0.212655,0.00201399445963,0.001381,-0.000320717560936,-0.00071671174265
0.212796,0.00201967759558,0.001352,-0.000321169513142,-0.000718027022803
0.212937,0.00202465949206,0.001323,-0.000321693220366,-0.000719217604461
0.213079,0.00202928447953,0.00127,-0.000322116970155,-0.000720298880432
0.21322,0.00203374279953,0.001227,-0.000322413432956,-0.000721292196137
0.213361,0.00203818967773,0.001213,-0.000322639925328,-0.000722214549138
0.213503,0.0020429023706,0.001225,-0.000322917113725,-0.000723086866338
0.213644,0.00204774620531,0.001316,-0.000323342191336,-0.000723926825862
0.213785,0.00205294343532,0.001212,-0.000323940218787,-0.000724739708903
0.213927,0.0020586669781,0.001113,-0.00032457990776,-0.000725527695128
0.214069,0.00206452471749,0.001081,-0.000325128320251,-0.000726292945624
0.214212,0.00207063479032,0.001176,-0.000325634141455,-0.000727053867162
0.214355,0.00207685024486,0.001268,-0.000326246927901,-0.000727809463421
0.214499,0.00208313768425,0.001352,-0.000326985302242,-0.000728522272292
0.214642,0.00208974090279,0.001423,-0.00032776694741,-0.000729125007929
0.214785,0.00209636980666,0.001473,-0.000328514102472,-0.000729563623404
0.214929,0.00210329085883,0.001505,-0.00032919126298,-0.00072984505722
0.215072,0.0021101730377,0.001511,-0.000329790270574,-0.000730014338933
0.215215,0.00211720978471,0.001494,-0.000330321797517,-0.000730116422933
0.215357,0.00212495569066,0.001459,-0.000330817361039,-0.000730174775207
0.2155,0.00213292815817,0.001407,-0.000331366851365,-0.000730181740635
0.215642,0.00214128061017,0.001339,-0.000332055673767,-0.00073011682678
0.215786,0.00214976265503,0.001277,-0.000332918807942,-0.000729955966077
0.215931,0.00215868731147,0.001206,-0.000333903555927,-0.000729679957006
0.216076,0.00216825738082,0.00112,-0.000334930441384,-0.000729296580453
0.216211,0.00217779456978,0.000939,-0.000335876903503,-0.000728859529918
0.216344,0.00218717881298,0.000859,-0.000336735003314,-0.000728398649941
0.216481,0.00219550879685,0.000977,-0.000337505086878,-0.000727892664989
0.216614,0.00220534091019,0.000968,-0.00033813786085,-0.000727421665723
0.216749,0.00221588258458,0.001045,-0.000338875320521,-0.000726928829443
0.21689,0.00222861787345,0.001164,-0.000339828440777,-0.000726482277199
0.217016,0.00224046819199,0.001158,-0.000340948940957,-0.00072611881347
0.217156,0.00225445926542,0.001428,-0.000342377655576,-0.000725819273159
0.217285,0.00226729837016,0.001445,-0.00034372536683,-0.00072560315623
0.217417,0.00228129196722,0.001566,-0.000344933256682,-0.000725461401452
0.217542,0.00229450737928,0.001519,-0.000345895906686,-0.000725321643298
0.217659,0.00230771928809,0.001428,-0.000346612365417,-0.000725206336173
0.217775,0.00232050218868,0.001379,-0.000347181292598,-0.000725086916743
0.217882,0.00233265653454,0.001256,-0.000347601039593,-0.000724986866214
0.217993,0.00234510443786,0.00127,-0.000347930940484,-0.00072490721852
0.218102,0.00235735297222,0.001236,-0.000348136534214,-0.000724865346864
0.218209,0.00237001616165,0.001217,-0.000348230149278,-0.000724854112353
0.21831,0.00238180358277,0.001158,-0.000348236254137,-0.000724865346864
0.218413,0.00239394224686,0.001194,-0.000348173167811,-0.000724898027509
0.21852,0.00240694107418,0.001287,-0.000348046976672,-0.000724958276329
0.218628,0.00242038444141,0.001348,-0.000347871896529,-0.00072504097789
0.218738,0.00243381365976,0.00137,-0.00034761937184,-0.000725141016587
0.218849,0.00244781086835,0.00138,-0.000347234285408,-0.000725264503578
0.218961,0.00246209871384,0.00134,-0.000346710281022,-0.000725414480119
0.219074,0.00247679750219,0.001267,-0.000346110315141,-0.000725583782271
0.219187,0.00249177083705,0.001172,-0.000345575182403,-0.000725767292098
0.2193,0.00250701674866,0.001141,-0.000345239988505,-0.000725962954747
0.219418,0.00252331329381,0.001183,-0.000345186832066,-0.000726188066953
0.219546,0.00254072522331,0.001221,-0.00034529722902,-0.000726451745156
0.21968,0.00255870959748,0.001171,-0.000345311538358,-0.000726752905407
0.219813,0.0025765330564,0.001053,-0.000345060056788,-0.000727068096927
0.219946,0.00259423396796,0.001229,-0.000344470839534,-0.000727408462617
0.22008,0.00261188206301,0.001344,-0.000343506067433,-0.000727804389663
0.220205,0.00262891987541,0.001279,-0.000342371495216,-0.000728238499018
0.220313,0.00264379881921,0.001035,-0.000341452947464,-0.000728645861119
0.220417,0.00265827006416,0.000916,-0.000340819276039,-0.000729068241231
0.220518,0.00267274002857,0.000826,-0.000340514564538,-0.000729501148783
0.220619,0.00268746406997,0.000764,-0.000340421887431,-0.000729937988153
0.220719,0.00270220645504,0.000715,-0.000340351855961,-0.000730368455132
0.22082,0.00271733995502,0.000686,-0.000340114928863,-0.000730792869643
0.220922,0.00273290664222,0.000718,-0.000339614007377,-0.000731210039425
0.221025,0.00274909389119,0.000754,-0.000338910416809,-0.00073161636123
0.221128,0.00276546279902,0.000783,-0.000338239130297,-0.000732009249547
0.221233,0.00278196283818,0.000809,-0.000337848432734,-0.000732387533257
0.221342,0.00279888578619,0.000851,-0.000337716079871,-0.000732761988763
0.221457,0.00281682369009,0.000893,-0.000337687124096,-0.000733139545364
0.221575,0.00283502301858,0.000946,-0.000337699533872,-0.000733502056921
0.221695,0.00285391053962,0.001023,-0.000337670577361,-0.00073385877148
0.22182,0.00287370204576,0.001116,-0.000337552669699,-0.000734225510895
0.221951,0.00289460764923,0.001215,-0.000337347831958,-0.00073461024793
0.222085,0.00291674261493,0.001287,-0.000337055982102,-0.000734995756965
0.222223,0.00293958847864,0.001352,-0.000336737074652,-0.00073536377243
0.222362,0.00296272347064,0.001376,-0.000336198305058,-0.000735691499346
0.222509,0.00298694321455,0.001404,-0.000335324967502,-0.000735984207506
0.222656,0.0030114369959,0.001339,-0.000334273753469,-0.0007362484391
0.222801,0.0030364011307,0.00124,-0.000333504006322,-0.000736496090638
0.222942,0.00306114309394,0.001284,-0.000333460290753,-0.000736724602237
0.223077,0.00308515547616,0.001321,-0.000334215534058,-0.000736924952371
0.223208,0.00310765044122,0.001309,-0.000335424599519,-0.000737085745142
0.223333,0.00312831005261,0.001239,-0.000336761930191,-0.000737195791039
0.223446,0.00314714926171,0.001091,-0.00033781121121,-0.000737253338236
0.223556,0.00316519250614,0.001011,-0.000338544909723,-0.000737273214665
0.223663,0.00318284593816,0.000951,-0.000338968218332,-0.00073726476729
0.223769,0.00320029948831,0.0009,-0.000339213817522,-0.000737228889028
0.223875,0.00321793748471,0.000944,-0.000339426320122,-0.000737165772145
0.223979,0.0032354044751,0.000971,-0.00034003662092,-0.000737078586756
0.224084,0.00325244675252,0.001199,-0.000341173220726,-0.000736976965204
0.224188,0.00326887694539,0.001387,-0.000342576809035,-0.00073687422663
0.224292,0.00328444104413,0.001515,-0.000343887231867,-0.000736783005422
0.224395,0.00329962682092,0.001543,-0.000344912802727,-0.000736712960495
0.224499,0.00331454161426,0.001473,-0.000345707985624,-0.000736664300735
0.224608,0.00332994910918,0.001363,-0.000346420571068,-0.00073663026564
0.224722,0.00334602138414,0.001142,-0.000347118103185,-0.000736594336924
0.224837,0.00336212717036,0.000906,-0.000348171132666,-0.000736526452714
0.224956,0.00337799539461,0.000796,-0.000349695692744,-0.000736412360374
0.225078,0.00339385612846,0.000987,-0.000351696538549,-0.000736252522916
0.225215,0.00341005358108,0.001254,-0.000354229713838,-0.000736063234125
0.225351,0.00342545961439,0.001268,-0.000356556113106,-0.000735885629091
0.225489,0.00344062122599,0.001371,-0.000358187204069,-0.000735724907166
0.225623,0.00345485795479,0.001274,-0.000359088240761,-0.000735583380705
0.225749,0.00346848670729,0.001126,-0.000359724209859,-0.000735436720945
0.225871,0.00348108600658,0.00119,-0.00036075481706,-0.000735282726906
0.225997,0.00349340690975,0.001299,-0.000362429005224,-0.000735119493885
0.22612,0.00350447511593,0.001319,-0.000364374710262,-0.000734969587115
0.226242,0.00351456737774,0.001351,-0.000366156207425,-0.000734829522731
0.226365,0.00352475157668,0.001354,-0.000367719576982,-0.000734698810158
0.226487,0.00353416422224,0.001289,-0.000369117620164,-0.000734579856897
0.226609,0.00354398071714,0.001247,-0.000370390729994,-0.000734468072325
0.226732,0.00355355751861,0.001237,-0.000371727989681,-0.000734365762255
0.226858,0.00356287709236,0.001272,-0.000373262066451,-0.000734271332451
0.226986,0.00357177684746,0.00125,-0.000374932974589,-0.0007341825865
0.227115,0.00358038479339,0.00118,-0.00037644178926,-0.000734094723886
0.227244,0.00358887492287,0.001067,-0.000377717762928,-0.000734000537854
0.227372,0.00359740138071,0.000941,-0.000378804971569,-0.000733912840161
0.227504,0.00360665057989,0.000874,-0.000379903863885,-0.00073381481089
0.227637,0.00361590588518,0.000829,-0.000381404715128,-0.000733707244672
0.227768,0.00362405294134,0.000961,-0.000383258424383,-0.000733581918861
0.227899,0.00363158333229,0.00102,-0.00038521997671,-0.000733428495333
0.228032,0.00363941706978,0.00089,-0.000386819289813,-0.000733244238314
0.228164,0.00364735656149,0.00089,-0.000387975002252,-0.000733025498814
0.228302,0.0036561635912,0.000909,-0.000388159680505,-0.000732765602274
0.228441,0.0036652096284,0.000882,-0.000386866435294,-0.000732474722931
0.22858,0.00367426292769,0.00085,-0.000385495668883,-0.000732159736487
0.228722,0.00368360107908,0.000853,-0.000384037262419,-0.000731825320353
0.228868,0.00369245804857,0.000825,-0.000382467472718,-0.00073146408347
0.229013,0.00370173848073,0.000885,-0.000380986548462,-0.000731099839025
0.229158,0.00371115741833,0.000952,-0.000380130965185,-0.000730717556913
0.229308,0.00372128931524,0.001026,-0.00037882689134,-0.000730312045156
0.229459,0.00373249350147,0.001047,-0.000378485410247,-0.000729911726987
0.229612,0.00374325694166,0.000978,-0.000378914172172,-0.000729490331109
0.229763,0.00375439865326,0.000844,-0.0003792573596,-0.000729040715436
0.229912,0.00376516971187,0.000854,-0.000379451168239,-0.000728562796912
0.230058,0.003776386694,0.000883,-0.000379652666024,-0.000728027581605
0.230204,0.00378768246713,0.000876,-0.000379888956334,-0.000727432837283
0.230349,0.00379865290808,0.000862,-0.000380016748591,-0.000726796638521
0.230492,0.00380906744772,0.000831,-0.000379966409281,-0.000726147330882
0.230642,0.00381936538258,0.000899,-0.000379856035948,-0.000725473641008
0.230791,0.00382912098387,0.000928,-0.000379830860375,-0.000724807128683
0.230936,0.00383837180628,0.000922,-0.000379948983198,-0.000724178513711
0.231083,0.00384713294498,0.000941,-0.000380123222341,-0.000723561325394
0.23123,0.00385482464993,0.000923,-0.000380235484258,-0.000722951509384
0.231376,0.00386160306684,0.00091,-0.000380225807294,-0.00072230493664
0.231518,0.00386731574727,0.001012,-0.000380165806803,-0.000721623510438
0.231659,0.00387252862779,0.001093,-0.000380117415146,-0.000720899866282
0.231799,0.00387740806203,0.001136,-0.000380130965185,-0.000720164762683
0.231939,0.00388135569627,0.001145,-0.000380233548877,-0.000719441917276
0.232078,0.00388492445528,0.001117,-0.000380438666153,-0.000718738635904
0.232218,0.00388692672922,0.001065,-0.000380732680049,-0.000718056047446
0.232357,0.00388847123768,0.001027,-0.000381055550267,-0.000717403588675
0.232495,0.00388989197729,0.001144,-0.000381353140177,-0.000716795941505
0.232635,0.00389016975122,0.001149,-0.000381621623281,-0.000716227040862
0.232778,0.00389020679741,0.001058,-0.000381862967123,-0.000715684528875
0.232922,0.00388918249923,0.000967,-0.000382100359116,-0.000715147638017
0.233066,0.0038872971234,0.001018,-0.000382340932968,-0.000714593413588
0.233211,0.00388480780057,0.001123,-0.000382572359594,-0.000714024931314
0.233355,0.00388199802043,0.001223,-0.000382774788035,-0.000713475641449
0.233499,0.00387848404241,0.001311,-0.000382952100343,-0.000712982295092
0.233642,0.00387430187393,0.001382,-0.000383100464593,-0.000712565002449
0.233785,0.00386919511302,0.001462,-0.000383227606078,-0.000712220820496
0.233928,0.00386421444313,0.00153,-0.000383325834156,-0.000711944660739
0.234071,0.00385865704265,0.001553,-0.000383381682489,-0.000711728238253
0.234214,0.00385290666483,0.001545,-0.00038338745962,-0.000711546407394
0.234357,0.00384694236711,0.001515,-0.00038335279604,-0.000711355040221
0.234499,0.00384089652375,0.001451,-0.000383310426845,-0.000711121507502
0.23464,0.00383488812184,0.001333,-0.000383287315171,-0.00071083205856
0.23478,0.00382909493629,0.001188,-0.000383268054794,-0.000710510822315
0.23492,0.00382327003017,0.001051,-0.000383214122595,-0.000710176711782
0.235059,0.00381740539683,0.000965,-0.000383112023973,-0.000709851856893
0.235197,0.00381151671968,0.000887,-0.00038297329738,-0.000709551058386
0.235335,0.00380608717569,0.000784,-0.000382822975677,-0.000709278588754
0.235473,0.00380090514105,0.000696,-0.000382664906398,-0.000709033441
0.23561,0.00379567361107,0.000722,-0.000382477870678,-0.000708800853978
0.235745,0.00379057995194,0.000707,-0.000382238692419,-0.000708561802628
0.23588,0.00378598649363,0.000677,-0.000381897127076,-0.000708298280897
0.236014,0.0037813918285,0.000614,-0.000381408578682,-0.000708002832362
0.236146,0.00377635581957,0.000576,-0.000380749499755,-0.000707692356669
0.236277,0.00377144857074,0.000568,-0.000379932909111,-0.000707392280965
0.23641,0.00376651444607,0.000587,-0.00037899310137,-0.000707141893406
0.236542,0.00376146298252,0.000611,-0.000377950893977,-0.00070697206264
0.236665,0.00375653850806,0.000582,-0.000376844699677,-0.000706882876732
0.236778,0.00375227231381,0.000603,-0.000375670287481,-0.000706857391912
0.236883,0.0037480998541,0.00064,-0.000374421422233,-0.000706866948883
0.237,0.00374336591633,0.000726,-0.000373001750621,-0.000706930657017
0.237132,0.00373841717535,0.000775,-0.000371482741977,-0.000707045309741
0.237259,0.00373363441868,0.000716,-0.000370076133484,-0.000707190708309
0.237393,0.00372866480621,0.000799,-0.000368587553802,-0.000707406069594
0.237526,0.00372408028135,0.000793,-0.000367061888078,-0.000707677516475
0.237659,0.00371923058847,0.000779,-0.000365520671433,-0.000707995417265
0.237793,0.00371484108355,0.000757,-0.000364019401129,-0.000708345916344
0.237926,0.00371019698029,0.0007,-0.000362628021491,-0.000708707786625
0.238059,0.00370604524086,0.000684,-0.000361327324611,-0.000709059863992
0.238192,0.00370199937848,0.000754,-0.000360065932213,-0.000709385272228
0.238324,0.00369810983443,0.000785,-0.000358820064528,-0.000709678789584
0.238455,0.00369412947021,0.000768,-0.000357633940789,-0.000709945750616
0.238587,0.00369065013377,0.000748,-0.000356517944488,-0.000710209395647
0.238716,0.00368706926187,0.000695,-0.000355532811088,-0.000710465515404
0.238847,0.00368361584797,0.000658,-0.000354636837881,-0.000710708856485
0.238977,0.00368013874095,0.000608,-0.00035383847066,-0.000710911017069
0.239106,0.00367686553066,0.000593,-0.000353158270547,-0.000711051003831
0.239234,0.00367340209149,0.000614,-0.000352602677786,-0.000711128872939
0.239364,0.00367018443847,0.000625,-0.000352165948411,-0.0007111478121
0.239492,0.00366683400412,0.000606,-0.000351854395561,-0.000711114141947
0.239614,0.00366379153887,0.000555,-0.000351641886722,-0.000711039427579
0.239739,0.00366056970252,0.000538,-0.000351498150528,-0.000710931017761
0.239869,0.00365710891451,0.000508,-0.000351429307755,-0.000710780465086
0.239999,0.00365389240229,0.000477,-0.000351386783543,-0.000710577194231
0.24013,0.00365044324278,0.000534,-0.000351321979347,-0.000710305325336
0.24026,0.00364725497177,0.000597,-0.00035122476083,-0.000709966847721
0.240392,0.00364394922216,0.000673,-0.000351097139264,-0.000709556337229
0.240523,0.00364043993997,0.000734,-0.000350951255093,-0.00070907677392
0.240654,0.00363727150913,0.000782,-0.000350787095922,-0.000708525828529
0.240785,0.00363402159655,0.000813,-0.000350558013882,-0.000707904307873
0.240916,0.0036306689892,0.000834,-0.000350294367447,-0.000707219358156
0.241047,0.00362741544926,0.000856,-0.000350054964243,-0.000706478140789
0.241176,0.00362419920905,0.000871,-0.000349884487462,-0.0007057048744
0.241306,0.00362097448189,0.000907,-0.000349780961717,-0.000704901535272
0.241436,0.00361789039157,0.000937,-0.000349732237969,-0.000704100018033
0.241565,0.00361460607067,0.000963,-0.000349703814084,-0.000703308895595
0.241694,0.0036112204913,0.000973,-0.000349669297682,-0.000702526080639
0.241823,0.00360787979728,0.000959,-0.000349642901541,-0.000701754838828
0.241952,0.00360471173399,0.000915,-0.000349754570144,-0.000701008133731
0.24208,0.00360142042418,0.00085,-0.000349979878833,-0.000700289316292
0.242208,0.00359823480712,0.000772,-0.000350318708557,-0.000699611458978
0.242336,0.00359506234184,0.000788,-0.00035074250226,-0.000698979061137
0.242463,0.00359183641024,0.000824,-0.000351287549466,-0.000698379333034
0.242589,0.00358898750603,0.000872,-0.000351987936668,-0.000697800492701
0.242716,0.00358606598781,0.000938,-0.000352885584946,-0.000697220940273
0.24284,0.00358306681623,0.000971,-0.0003538969706,-0.000696642844981
0.242967,0.00358008754249,0.001043,-0.000355075920209,-0.00069603035438
0.243094,0.0035772313521,0.001086,-0.00035635520017,-0.000695377894921
0.24322,0.00357416815258,0.001124,-0.000357718163835,-0.000694688571761
0.243346,0.00357086881929,0.001159,-0.000359182275982,-0.000693987328045
0.243473,0.00356777358912,0.001195,-0.000360730868296,-0.000693307995853
0.243599,0.00356439726862,0.001226,-0.000362253819604,-0.000692670372035
0.243725,0.00356103971271,0.001243,-0.000363699652286,-0.000692081201961
0.243848,0.0035579810467,0.00119,-0.000364973722019,-0.000691547250297
0.243971,0.00355461518748,0.001167,-0.000366298670535,-0.000691033563323
0.244098,0.00355138837853,0.001158,-0.00036698284066,-0.000690517120797
0.244224,0.00354818063628,0.001127,-0.000368260228975,-0.000689996814014
0.244351,0.00354512399874,0.00112,-0.000370465423761,-0.000689463816449
0.244478,0.00354190756049,0.001337,-0.000373087881986,-0.000688926911193
0.244605,0.00353876098333,0.001314,-0.000375654691878,-0.000688388294712
0.244732,0.00353552007775,0.001199,-0.000377987798497,-0.0006878380117
0.24486,0.003532244316,0.00115,-0.000380060692198,-0.000687278236582
0.244988,0.00352944903609,0.001158,-0.00038179095317,-0.000686717802894
0.245116,0.00352669240048,0.001217,-0.000382979078266,-0.000686156709473
0.245245,0.00352401512643,0.001287,-0.000382865377746,-0.00068557162694
0.245373,0.00352139752709,0.001356,-0.000382728524423,-0.000684914636334
0.245503,0.00351883616521,0.001411,-0.000382599353819,-0.000684124161277
0.245632,0.00351631074621,0.001422,-0.000382508725763,-0.000683151532124
0.245762,0.00351405623318,0.001393,-0.000382460514027,-0.000681990043706
0.245892,0.00351166150019,0.001338,-0.000382437371081,-0.000680686587629
0.246023,0.00350916124745,0.001331,-0.000382441228298,-0.000679315430234
0.246154,0.00350756672428,0.001222,-0.000382462442567,-0.000677943733787
0.246285,0.00350643490714,0.001205,-0.000382481727646,-0.000677345138769
0.246416,0.00350541193821,0.001164,-0.000382528009422,-0.000677653564672
0.246547,0.00350386257,0.001184,-0.000382736235262,-0.000678011452356
0.246678,0.00350230545887,0.00119,-0.000383127436149,-0.000678380351062
0.246809,0.00350049991675,0.001194,-0.000383685872441,-0.000678729810395
0.246941,0.00349810428675,0.001134,-0.000384380336384,-0.000679035097485
0.247072,0.00349542655929,0.001215,-0.000385102840353,-0.000679259151642
0.247204,0.00349234722023,0.001466,-0.000385694059485,-0.000679367200716
0.247334,0.00348932778232,0.001339,-0.000386073834843,-0.000679345817933
0.247463,0.00348625634625,0.001002,-0.000386282804963,-0.000679252397768
0.247593,0.00348318220098,0.001011,-0.000386367140142,-0.000679121804201
0.247722,0.00347978752732,0.000995,-0.000386347974052,-0.000678958512308
0.247854,0.00347631355824,0.001016,-0.00038625980249,-0.000678748966948
0.247987,0.00347336414783,0.000928,-0.000386114100559,-0.000678499872191
0.24812,0.00347014623234,0.000931,-0.000385964529148,-0.000678212294696
0.24825,0.00346701840524,0.001017,-0.000385857122537,-0.000677894067444
0.248382,0.00346419065499,0.001133,-0.000385816840315,-0.000677515757745
0.248514,0.00346100961438,0.001232,-0.000385895484153,-0.000677072701011
0.248646,0.00345724812607,0.001345,-0.000386150529216,-0.000676531890794
0.248775,0.00345296511176,0.001361,-0.000386543440677,-0.000675888464053
0.248908,0.00344745192611,0.001359,-0.000386985889839,-0.000675112491763
0.249042,0.00344145860661,0.001273,-0.000387361056372,-0.000674236322372
0.249174,0.00343507325978,0.001133,-0.000387573423508,-0.000673298162677
0.249312,0.00342774775953,0.001063,-0.000387529425421,-0.000672640137412
0.249451,0.00342038694164,0.00095,-0.000387081616937,-0.000672563670878
0.249592,0.003412377182,0.000905,-0.000386227214209,-0.000672455227456
0.249733,0.00340415228219,0.00087,-0.000385077874039,-0.000672349043501
0.249876,0.00339578170287,0.000867,-0.000383751311784,-0.000672243978374
0.250017,0.00338703506602,0.000899,-0.000382393011386,-0.000672080625323
0.250157,0.003378248883,0.000935,-0.000381134207375,-0.000671807485545
0.2503,0.00336892635895,0.000959,-0.000379985187143,-0.000671424373143
0.250443,0.00335973473119,0.001145,-0.000379006675576,-0.000671010042045
0.250588,0.00335021090582,0.001319,-0.000378265484329,-0.000670643487225
0.250728,0.00334065952914,0.001357,-0.000377589504134,-0.000670339724025
0.250867,0.00333129565376,0.001405,-0.000376856374408,-0.000670079367896
0.250998,0.00332285352414,0.001371,-0.00037607758634,-0.000669870523207
0.251128,0.00331538097126,0.001393,-0.00037514762524,-0.000669700627145
0.251254,0.00330739848238,0.001506,-0.000374157674555,-0.000669603024798
0.251385,0.00329880137232,0.001633,-0.000373109412997,-0.000669547899504
0.251513,0.0032894066053,0.001607,-0.000372106465948,-0.000669520334508
0.251644,0.00327914503993,0.001594,-0.000371192246037,-0.000669508848631
0.251773,0.00326869396541,0.001439,-0.000370430043599,-0.000669552493518
0.251906,0.00325775578539,0.0013,-0.000369607882628,-0.000669693738211
0.252033,0.00324712674707,0.00109,-0.000368751153038,-0.000669886591376
0.252163,0.00323618634875,0.001072,-0.000367719576982,-0.000670129844324
0.252284,0.00322569203938,0.000998,-0.000366806924928,-0.000670361509609
0.252408,0.00321515408991,0.00099,-0.000365964227561,-0.000670717966115
0.252529,0.00320497866188,0.000953,-0.000365292832881,-0.000671137125998
0.252654,0.00319404803493,0.001078,-0.000364452097732,-0.000671736604017
0.252778,0.00318315695239,0.001128,-0.000363540711268,-0.000672345617824
0.252899,0.00317249396075,0.001015,-0.000362622051905,-0.000672964130045
0.253024,0.00316146700495,0.000889,-0.00036191326467,-0.000673540847043
0.253139,0.00315111189913,0.000699,-0.000361175769712,-0.000674024712475
0.253254,0.00314050739815,0.000645,-0.000360273674157,-0.000674413730166
0.253364,0.00313004292799,0.000619,-0.000359266295775,-0.000674750170979
0.253476,0.00311923193032,0.000608,-0.000358231284223,-0.000675059126164
0.253584,0.00310843539765,0.000559,-0.000357319009019,-0.00067533156948
0.253696,0.00309717962193,0.000525,-0.000356632443532,-0.000675602724775
0.253805,0.00308597195386,0.000528,-0.000356258739617,-0.000675865792518
0.253917,0.00307426390745,0.000568,-0.000356079847307,-0.000676090193746
0.254028,0.00306241941844,0.00058,-0.000355733981522,-0.000676201222379
0.25414,0.00305028194644,0.000565,-0.00035524704076,-0.000676160439323
0.254253,0.00303822953903,0.000553,-0.000354656985839,-0.000676225010901
0.254366,0.00302640413327,0.000534,-0.000353951431278,-0.000676694876626
0.25448,0.0030148079628,0.000849,-0.000353214813094,-0.000677654694074
0.254594,0.00300334615613,0.001058,-0.000352612783755,-0.000678848118076
0.254709,0.00299145821545,0.001009,-0.000352295380595,-0.000679983515815
0.254825,0.00297882569746,0.000796,-0.000352226622987,-0.000680877339908
0.254943,0.00296576877489,0.000589,-0.000352026375187,-0.000681537654128
0.255059,0.00295291925055,0.000563,-0.000351702610688,-0.000681988924457
0.255178,0.00293957121252,0.000617,-0.000351192351398,-0.000682346950693
0.255296,0.00292611427526,0.000651,-0.000350480959151,-0.000682656651143
0.255415,0.00291238794697,0.000685,-0.000349691632036,-0.000682959449492
0.255533,0.00289889141228,0.000766,-0.000349049718903,-0.000683265405177
0.255653,0.00288498879868,0.000702,-0.000348824085155,-0.000683595706911
0.255773,0.00287077242216,0.000743,-0.000348905403703,-0.00068395030407
0.255893,0.00285669546893,0.000802,-0.000348874910448,-0.000684325800989
0.256011,0.00284290063555,0.000841,-0.000348714288864,-0.000684688760763
0.256129,0.0028292773507,0.000879,-0.000348427510494,-0.000685026977988
0.256246,0.0028158187371,0.000899,-0.000348040870024,-0.000685339393488
0.256364,0.00280249149181,0.000944,-0.000347725281306,-0.000685623836127
0.25648,0.00278961057323,0.000941,-0.000347582706826,-0.000685878135367
0.256598,0.00277637531788,0.000869,-0.000347827100963,-0.00068612009348
0.256714,0.00276289256741,0.000829,-0.000348285090932,-0.000686340856386
0.256832,0.00274955354773,0.000801,-0.00034839699466,-0.000686534910194
0.256944,0.00273685015141,0.000734,-0.000348158921659,-0.000686654629713
0.257058,0.00272408749574,0.000706,-0.00034768454895,-0.000686695637819
0.257171,0.00271132179117,0.000664,-0.000347171101175,-0.000686642437433
0.257282,0.00269858123266,0.000614,-0.000346744955911,-0.000686518280105
0.2574,0.0026853510602,0.001016,-0.000346451180363,-0.000686346401877
0.257515,0.00267243020222,0.000897,-0.000346322611588,-0.000686206635843
0.257642,0.00265820792172,0.000581,-0.000346428733688,-0.000686055731286
0.257758,0.00264505138295,0.000549,-0.000346514434983,-0.000685963611656
0.257896,0.00262952655799,0.000579,-0.000346640925667,-0.000685825954
0.258004,0.00261713014772,0.000439,-0.000346797984497,-0.000685682703465
0.258129,0.00260295435523,0.000442,-0.000346904028625,-0.000685466080288
0.258247,0.00258977782154,0.00042,-0.000347077332543,-0.00068519599681
0.258357,0.00257777882742,0.000361,-0.000347179254326,-0.000684915748757
0.258487,0.00256408825931,0.000453,-0.000347474736648,-0.000684524015656
0.258597,0.00255231104261,0.000396,-0.000348051047739,-0.000684133075327
0.25872,0.00253885624632,0.000451,-0.000348626845128,-0.000683659286127
0.258842,0.00252550953112,0.000519,-0.000348722422563,-0.000683080068525
0.258967,0.00251199147696,0.000561,-0.000348158921659,-0.000682453188222
0.259092,0.00249902921084,0.000645,-0.000347381012058,-0.000681731427703
0.259229,0.00248616582849,0.000689,-0.000346479747732,-0.000680959227902
0.259339,0.00247592503458,0.000576,-0.000346334857334,-0.000680312717612
0.259459,0.00246413109115,0.000652,-0.000346744955911,-0.000679579851322
0.259573,0.00245238680351,0.000604,-0.000347101795236,-0.000678899938935
0.259692,0.00244046312435,0.000618,-0.000347183330863,-0.000678203269874
0.259837,0.00242641488264,0.000727,-0.000346734757607,-0.000677426501057
0.259973,0.00241346829855,0.000763,-0.000346071522686,-0.000676745798391
0.260112,0.0024008504959,0.000865,-0.000345432133069,-0.000676076596645
0.260234,0.0023907667075,0.000744,-0.00034529314058,-0.000675475675167
0.260354,0.00238127616649,0.000698,-0.000345634436438,-0.000674834244552
0.260469,0.00237075339963,0.000732,-0.000345975552406,-0.000674218123015
0.260589,0.002359635847,0.000841,-0.000345822378856,-0.000673606909003
0.260704,0.00234928320323,0.000897,-0.000345244077281,-0.000673066758486
0.260827,0.00233879374587,0.001032,-0.000344423760868,-0.000672548832688
0.260949,0.00232852683989,0.001111,-0.000343612652108,-0.000672092050407
0.26107,0.00231882914465,0.001133,-0.00034294621023,-0.000671690868491
0.261192,0.00230965015663,0.001136,-0.000342461841302,-0.000671345425765
0.261316,0.00230133203871,0.001115,-0.000342260598733,-0.000671055841906
0.26144,0.00229267337765,0.001074,-0.00034240640315,-0.00067081648983
0.261566,0.00228230837473,0.001026,-0.000342461841302,-0.000670613692463
0.261693,0.00227247606686,0.000986,-0.000342143520768,-0.000670426860487
0.261822,0.00226280439685,0.000971,-0.00034152491647,-0.000670239956479
0.261954,0.00225316958689,0.000978,-0.000340654584867,-0.000670061011528
0.262106,0.00224272019758,0.001154,-0.000339453135904,-0.000669918726118
0.262255,0.00223323841357,0.001085,-0.000338292858708,-0.000669861341158
0.262409,0.00222399126839,0.000984,-0.000337674714084,-0.000669851011144
0.262558,0.00221425379946,0.00081,-0.000337720216305,-0.000669848715555
0.262714,0.00220339708806,0.000708,-0.000337420256704,-0.000669808540998
0.262864,0.00219334959265,0.000669,-0.000336380707706,-0.000669716700942
0.263013,0.00218379081572,0.000757,-0.000334809959555,-0.000669597282872
0.263172,0.00217459131077,0.000838,-0.000333066718944,-0.000669446820196
0.263331,0.00216610396462,0.000838,-0.000331554783963,-0.000669274477377
0.263488,0.00215809618982,0.000915,-0.000330800639272,-0.000669042292313
0.26365,0.00214820466281,0.000892,-0.000330263225147,-0.00066877318656
0.263802,0.00213907973443,0.00087,-0.000329266692668,-0.000668560326404
0.263955,0.00213055944299,0.000885,-0.000327714446664,-0.00066847285411
0.264115,0.0021225271682,0.000926,-0.000325825830254,-0.000668520045067
0.264265,0.00211497867338,0.000842,-0.000324081721735,-0.000668660439827
0.264421,0.00210967251018,0.000862,-0.000322984806142,-0.00066883070032
0.264565,0.00210253124655,0.000766,-0.000322546797705,-0.000668971005311
0.264716,0.00209419039929,0.000781,-0.000322155094274,-0.000669095175905
0.264864,0.00208643841283,0.000754,-0.000321479123151,-0.00066918368555
0.265011,0.00207915495934,0.000783,-0.000320462803534,-0.000669223911872
0.265158,0.0020725727025,0.000832,-0.000319440662599,-0.000669234255245
0.265305,0.00206697373396,0.000858,-0.000318812994035,-0.000669248046066
0.265451,0.00206280616364,0.000909,-0.000318955601631,-0.000669290565296
0.265598,0.00205494280625,0.000911,-0.000319498080441,-0.000669372145821
0.265744,0.00204761236873,0.000795,-0.000319685185424,-0.000669499659733
0.265891,0.00204057613721,0.000759,-0.000319376859139,-0.000669668477952
0.266037,0.00203325873062,0.000747,-0.000318753387709,-0.000669882000525
0.266183,0.00202644728523,0.000892,-0.000318214558016,-0.000670148198086
0.266329,0.00202261337356,0.001044,-0.00031809949397,-0.000670473861812
0.266475,0.00201775062563,0.00104,-0.000318672484805,-0.00067086918034
0.266621,0.00200996674268,0.000833,-0.000319563998473,-0.000671329405886
0.266767,0.00200298730684,0.000827,-0.000319967868486,-0.000671842922418
0.266913,0.00199610714511,0.000864,-0.000319649044275,-0.000672391291522
0.267059,0.0019892695171,0.000906,-0.000318898136602,-0.000672962989607
0.267205,0.0019832846739,0.000952,-0.000318250777737,-0.00067355223768
0.267351,0.00197740501298,0.001007,-0.000318020642224,-0.000674152144594
0.267497,0.0019732984865,0.001063,-0.000318491481911,-0.000674750170979
0.267643,0.00196825377284,0.001115,-0.000319466182256,-0.000675334974048
0.267788,0.00196131116869,0.001162,-0.000319978493308,-0.000675891864691
0.267934,0.00195466430823,0.001196,-0.000319449169261,-0.000676350730728
0.26808,0.00194829909917,0.001207,-0.000318291256252,-0.000676653003587
0.268226,0.00194226588565,0.0012,-0.000317122774299,-0.00067683178737
0.268372,0.00193696500923,0.001176,-0.000316326256522,-0.000676981100167
0.268519,0.00193108471319,0.001144,-0.000315982154823,-0.000677198199795
0.268665,0.00192582705223,0.001115,-0.000315866701762,-0.000677471696386
0.268811,0.00192256069023,0.001102,-0.000315856010645,-0.000677730357964
0.268958,0.00191938160081,0.001108,-0.000315888083477,-0.000677930188929
0.269104,0.00191371658006,0.001132,-0.00031575764427,-0.000678054335853
0.269251,0.00190774858144,0.001156,-0.000315126468873,-0.000678092702056
0.269398,0.00190183517231,0.001165,-0.000314042440344,-0.000678055464314
0.269544,0.00189613495613,0.00116,-0.000312786953172,-0.000677938090143
0.269691,0.00189080752105,0.001147,-0.000311701242931,-0.000677748425193
0.269838,0.00188573376873,0.001135,-0.00031097573072,-0.000677501071074
0.269985,0.00188070044397,0.001121,-0.000310546940231,-0.000677220808711
0.270132,0.00187587960561,0.001095,-0.000310186887394,-0.000676935858754
0.270279,0.00187185237507,0.00106,-0.00030982232395,-0.000676684691627
0.270427,0.00186803844599,0.001017,-0.000309444606707,-0.000676523966466
0.270574,0.00186403697982,0.000977,-0.00030903643107,-0.000676441319276
0.270721,0.00185978127159,0.00095,-0.000308532885614,-0.0006764141445
0.270868,0.00185541138663,0.00093,-0.000307687023434,-0.000676424335221
0.271015,0.00185104433511,0.00091,-0.000306402115542,-0.000676458302733
0.271163,0.0018471888905,0.00088,-0.000304862602964,-0.000676504721127
0.27131,0.00184377862031,0.000842,-0.000303326068565,-0.000676556794977
0.271454,0.00184077573872,0.000783,-0.000302026181863,-0.000676605467616
0.271593,0.00183797148925,0.000733,-0.000301084586798,-0.000676646213021
0.27173,0.00183590468007,0.000711,-0.000300526870321,-0.000676682428265
0.271871,0.00183365997683,0.000718,-0.000300279576779,-0.000676740140683
0.272011,0.00183132548505,0.000709,-0.000300202962912,-0.000676827262017
0.272157,0.00182939851838,0.000745,-0.00030008474147,-0.000676942645237
0.272299,0.00182723236737,0.000757,-0.000299738714428,-0.000677058000815
0.272442,0.00182472263987,0.00088,-0.000299030773608,-0.000677171067695
0.272588,0.0018224211291,0.000814,-0.000297946592821,-0.000677289759346
0.272734,0.00182034678965,0.0008,-0.000296620811565,-0.000677407291757
0.272879,0.00181850351015,0.000801,-0.000295228455366,-0.000677528184579
0.273022,0.00181684548136,0.00079,-0.000293939279529,-0.000677658082264
0.273166,0.00181554734142,0.000781,-0.00029282692769,-0.000677809397082
0.273308,0.00181436039797,0.000754,-0.000291936608141,-0.000677975336973
0.27345,0.00181324148919,0.000735,-0.000291215961708,-0.000678157015002
0.273593,0.0018122058938,0.000739,-0.000290563389785,-0.000678363435294
0.273714,0.00181092395329,0.00062,-0.000290043544327,-0.000678541584835
0.273834,0.00181026323782,0.000581,-0.000289612257568,-0.00067866106589
0.273959,0.00180899812204,0.000589,-0.000289089453343,-0.000678823332212
0.274074,0.00180794701115,0.000524,-0.000288597425413,-0.000678925847269
0.274188,0.00180704672329,0.000496,-0.000288031484379,-0.000679005816359
0.274306,0.00180601212956,0.000497,-0.000287364670485,-0.000679070007266
0.274419,0.00180465942466,0.000496,-0.000286665929485,-0.00067911842631
0.274537,0.00180400699117,0.000493,-0.000285973173756,-0.000679206243753
0.274652,0.00180283780539,0.000526,-0.000285440834673,-0.000679367200716
0.274773,0.00180233129675,0.000521,-0.00028517226965,-0.000679610222295
0.274888,0.00180147001971,0.000519,-0.000285279708438,-0.000679880102101
0.275019,0.00180136020031,0.000543,-0.000285865844938,-0.00068019701712
0.275147,0.00180067880572,0.000543,-0.000286871385125,-0.000680504741311
0.275289,0.00179995002255,0.000662,-0.000288347935022,-0.00068080553619
0.275428,0.00179890736722,0.000719,-0.000289947973605,-0.000681052316443
0.275572,0.00179770847898,0.00066,-0.000291393423076,-0.000681239560326
0.275712,0.00179678447871,0.000658,-0.000292288890094,-0.00068136621681
0.275851,0.00179579091007,0.000663,-0.000292505928152,-0.000681463708296
0.275994,0.00179529767494,0.000714,-0.000292100586172,-0.000681541015031
0.276139,0.00179479624428,0.000757,-0.000291315789474,-0.000681609348283
0.276282,0.00179523223197,0.000759,-0.000290474555685,-0.000681657511769
0.276414,0.00179558108753,0.000659,-0.000289939082617,-0.00068166311186
0.276557,0.00179671608845,0.000588,-0.000289812373317,-0.00068164743144
0.276702,0.00179756316972,0.000514,-0.000290252419258,-0.000681651911612
0.276845,0.00179749862703,0.000553,-0.000290976314763,-0.000681659751813
0.276987,0.00179681393272,0.000572,-0.000291142745286,-0.000681664231871
0.27713,0.00179605414626,0.000641,-0.000290096880242,-0.000681668711886
0.277273,0.00179547759876,0.000895,-0.000288105038941,-0.000681666471883
0.277416,0.00179503218038,0.001001,-0.000285870317312,-0.000681655271714
0.277557,0.00179452849158,0.000829,-0.000284013983192,-0.000681629510331
0.277698,0.00179421888423,0.000556,-0.000282766108877,-0.000681586945012
0.277839,0.00179401390357,0.000526,-0.000282121073122,-0.000681537654128
0.277979,0.00179410085432,0.000597,-0.000282076100043,-0.000681487237753
0.27812,0.00179504393425,0.000501,-0.000282671751682,-0.000681437936613
0.278262,0.00179658392679,0.00066,-0.000284152992454,-0.000681395354275
0.278404,0.0017981076547,0.001119,-0.000286656995215,-0.000681362854681
0.278547,0.00179776789952,0.001317,-0.000289592242731,-0.000681347164434
0.27869,0.0017972803076,0.000988,-0.000291785890446,-0.000681348285183
0.278833,0.0017966405769,0.00084,-0.000292240157655,-0.000681362854681
0.278976,0.00179643312867,0.000875,-0.000291124994654,-0.000681381906434
0.279117,0.00179608730027,0.000895,-0.000289349793696,-0.000681402078053
0.27926,0.00179601191978,0.000923,-0.000287697044558,-0.000681415525328
0.279403,0.00179604856155,0.000939,-0.000286627958026,-0.000681413284141
0.279543,0.00179610690468,0.000934,-0.0002861564878,-0.000681393112994
0.279685,0.00179648946184,0.000965,-0.000286098369209,-0.000681352768152
0.279826,0.00179678127509,0.000974,-0.000286306231944,-0.000681302332324
0.27997,0.00179720958095,0.001026,-0.000286786530575,-0.00068124292332
0.280116,0.00179768458147,0.001066,-0.000287719345694,-0.000681183506953
0.280262,0.00179884999837,0.001079,-0.000289354243087,-0.000681113991667
0.280408,0.00180018261001,0.0011,-0.000291796973777,-0.000681032130102
0.280553,0.00180132790685,0.00131,-0.000294694541833,-0.000680935672515
0.280699,0.00180125487605,0.001173,-0.000297278532831,-0.000680827976007
0.280846,0.00180125712548,0.00103,-0.000298497681001,-0.000680711277492
0.280993,0.00180106145472,0.001017,-0.00029810691615,-0.000680587815465
0.281142,0.00180128710926,0.001019,-0.000296693434507,-0.000680456461882
0.281293,0.00180147393991,0.001039,-0.000294994644582,-0.000680318333431
0.281443,0.00180186638704,0.001024,-0.000293621020588,-0.000680185782576
0.281593,0.00180232093547,0.001014,-0.000292758313056,-0.000680066680246
0.281745,0.00180272231711,0.001007,-0.000292410705775,-0.000679961036467
0.281896,0.00180346707677,0.000979,-0.000292623276754,-0.000679871108551
0.282045,0.00180420804314,0.000933,-0.000293561330281,-0.000679807024631
0.282194,0.00180525850035,0.000892,-0.000295530524376,-0.000679766546169
0.282343,0.00180665108749,0.001401,-0.000298611794074,-0.000679762048351
0.282492,0.00180794257669,0.001666,-0.000302257554574,-0.000679784537018
0.282643,0.00180924552097,0.001679,-0.00030591176796,-0.000679816019382
0.282782,0.00181027889594,0.001388,-0.000308917602753,-0.00067981939237
0.282931,0.00181132679921,0.001017,-0.000311111420825,-0.000679808148984
0.283082,0.00181200230283,0.000581,-0.000311791607343,-0.000679757550492
0.283232,0.00181235933536,0.000582,-0.000310902489627,-0.000679659711617
0.283382,0.0018123575373,0.00088,-0.000309004025451,-0.000679512353394
0.283535,0.00181259155786,0.001115,-0.000306590781589,-0.000679307551628
0.283685,0.00181254692658,0.001136,-0.000304123070106,-0.000679067755098
0.283836,0.0018123262787,0.001005,-0.000301932300302,-0.000678779390492
0.28399,0.00181209673589,0.000728,-0.000300343050203,-0.000678405159777
0.284141,0.00181187603504,0.000578,-0.000299670802073,-0.000677949377366
0.284292,0.00181182048372,0.000457,-0.000300150422625,-0.000677433280627
0.284442,0.00181182390055,0.0009,-0.000302117867416,-0.000676903056071
0.284593,0.00181206554872,0.001565,-0.000305525311079,-0.000676393762412
0.284744,0.00181164817903,0.001846,-0.000309522326064,-0.000675915668487
0.284895,0.00181122409825,0.00185,-0.000313504052283,-0.000675443907534
0.285046,0.00181006513675,0.001626,-0.00031698403991,-0.000674954648753
0.285197,0.0018093493878,0.001075,-0.000318800221704,-0.000674437607007
0.285351,0.00180863654875,0.0005,-0.000318836409335,-0.000673912043582
0.28551,0.00180824461166,0.000605,-0.000318487222422,-0.000673384768266
0.285664,0.00180824455666,0.001088,-0.000316165982955,-0.000672885433486
0.285818,0.00180811508184,0.001289,-0.000313405336146,-0.000672366171521
0.285978,0.00180882354366,0.001321,-0.000310564183378,-0.000671768616315
0.286126,0.00180949247264,0.001087,-0.000308217165057,-0.000671150862807
0.28628,0.00181047506821,0.000931,-0.000306200378994,-0.000670472715492
0.286425,0.00181182858694,0.000676,-0.000304975635805,-0.000669826906923
0.286583,0.00181304581337,0.000785,-0.000304484238471,-0.000669140007483
0.286738,0.00181400414635,0.000813,-0.000304710413142,-0.000668526950676
0.286893,0.0018148451519,0.000793,-0.000305047358259,-0.00066799377916
0.287047,0.0018154824246,0.000737,-0.000304901731883,-0.000667547676847
0.287203,0.00181614654493,0.000658,-0.000304210116491,-0.000667164647638
0.287356,0.00181706563874,0.000619,-0.000303528675459,-0.000666800952311
0.287508,0.00181811332612,0.000592,-0.000303297742277,-0.000666426581879
0.287662,0.00181953660084,0.000626,-0.000303896696403,-0.000665985981325
0.287815,0.00182120402764,0.000649,-0.000305288549966,-0.000665503291897
0.287967,0.00182256475383,0.000841,-0.000307113129586,-0.000664995778945
0.288124,0.00182370291559,0.000766,-0.000308645297882,-0.000664466847339
0.288276,0.0018247561088,0.000648,-0.000308857100186,-0.000663987297552
0.288438,0.00182619249542,0.000641,-0.000307715164001,-0.000663530532533
0.288586,0.00182759625843,0.000672,-0.000306258953957,-0.000663189714426
0.288746,0.00182970629866,0.000846,-0.000305134284235,-0.000662892904296
0.288896,0.00183226947222,0.000948,-0.000304801731199,-0.000662700754547
0.289056,0.00183612607938,0.001162,-0.00030549924975,-0.000662569117475
0.289219,0.00184023131264,0.00117,-0.00030750732871,-0.000662531833277
0.289376,0.00184292215381,0.001353,-0.000310430537292,-0.000662570282561
0.289538,0.00184514942648,0.001142,-0.0003128879092,-0.000662677458532
0.289686,0.00184735374173,0.000554,-0.000313300165837,-0.000662819546946
0.289848,0.00185010042398,0.000668,-0.000312204545271,-0.000663019798146
0.290004,0.00185291141358,0.00071,-0.000310812004189,-0.00066325021828
0.290165,0.00185646556513,0.000806,-0.000309891369055,-0.000663503787495
0.29032,0.00186060894976,0.000828,-0.000309807219378,-0.000663749089229
0.29048,0.00186561230084,0.001102,-0.000310792612849,-0.000663983812414
0.290634,0.0018703816192,0.001194,-0.000313360265199,-0.000664182425525
0.290788,0.00187418826489,0.001857,-0.00031733402155,-0.000664344972581
0.290947,0.00187745408137,0.001815,-0.000321194966025,-0.000664463365625
0.2911,0.00188066778447,0.000888,-0.000322953076188,-0.000664535315985
0.291252,0.00188403191557,0.000882,-0.000322574314055,-0.000664568966543
0.291401,0.00188723064974,0.000844,-0.000321417636843,-0.000664568966543
0.291547,0.00189070886566,0.000816,-0.000320441569309,-0.000664546919888
0.291693,0.00189491938078,0.000791,-0.000320001867314,-0.000664512107351
0.291839,0.00189991682586,0.000927,-0.000320197326595,-0.000664473810691
0.291985,0.00190528560261,0.001039,-0.000321290405584,-0.000664438992936
0.29213,0.00191007726868,0.001046,-0.000323504959333,-0.000664414619028
0.292276,0.00191385071558,0.001215,-0.000326067994379,-0.00066441229764
0.292421,0.00191733285348,0.000681,-0.000327411960558,-0.000664440153567
0.292566,0.00192135718844,0.000678,-0.000326854937506,-0.000664501663106
0.29271,0.00192525694931,0.000781,-0.000325210542687,-0.000664591012201
0.292852,0.00192955466735,0.00078,-0.000323635990034,-0.000664698905522
0.292995,0.00193434515131,0.000804,-0.000322788055779,-0.000664813733477
0.293137,0.00194023102213,0.000804,-0.000322874802431,-0.000664925055978
0.293279,0.00194597374655,0.000951,-0.000323999358048,-0.000665028238511
0.293423,0.00195180960227,0.001139,-0.000326400561323,-0.000665119809209
0.293566,0.00195598492078,0.001442,-0.000329427999252,-0.000665193980454
0.29371,0.00196027731138,0.001062,-0.000331648730022,-0.000665246125353
0.293853,0.00196456041398,0.000719,-0.000332038983619,-0.000665270457731
0.293996,0.00196935315063,0.0007,-0.000331078583172,-0.000665260029718
0.294137,0.00197400224154,0.00068,-0.000329913773959,-0.000665210203909
0.29428,0.00197961162594,0.000677,-0.000329304404257,-0.000665116332155
0.294423,0.00198603908854,0.000671,-0.000329471985066,-0.000664972592217
0.294565,0.00199229126546,0.000853,-0.000330443109335,-0.000664777780156
0.294706,0.00199801894958,0.00108,-0.000332322658221,-0.000664530674347
0.294847,0.00200266777,0.001251,-0.000334926287209,-0.000664231195329
0.294988,0.00200759963627,0.001148,-0.000337306442773,-0.000664041894787
0.295129,0.00201254698506,0.00064,-0.000338611005307,-0.00066478473907
0.29527,0.00201803824484,0.000626,-0.000338941382549,-0.000665315643208
0.29541,0.00202343058807,0.000646,-0.000338951704135,-0.000665635297668
0.295551,0.00202957918166,0.000664,-0.000339160165111,-0.000665819351267
0.295692,0.00203647833208,0.000679,-0.000339818133097,-0.000665984824368
0.295833,0.00204336093449,0.000883,-0.000341070349713,-0.000666169902474
0.295973,0.00204952923286,0.00106,-0.000343015962394,-0.000666375719235
0.296113,0.00205477143391,0.001171,-0.000345413738718,-0.0006665722046
0.296253,0.00205986777007,0.001092,-0.000347641777213,-0.000666751283917
0.29639,0.00206535060268,0.000827,-0.000349324032072,-0.000666924523757
0.296526,0.00207080343237,0.00073,-0.000350487042754,-0.000667110399241
0.296659,0.00207668271602,0.000715,-0.000351398933604,-0.000667307742037
0.296789,0.00208238549343,0.000674,-0.000352321668329,-0.000667503851441
0.296917,0.00208904059855,0.000665,-0.000352267069528,-0.000667672211702
0.297044,0.00209602744843,0.000966,-0.000352250891217,-0.000667837056006
0.29717,0.00210259593507,0.001297,-0.00035208908574,-0.000668011061708
0.297297,0.00210803927888,0.001508,-0.000351702610688,-0.000668219556015
0.297432,0.00211162723224,0.001607,-0.000351149811545,-0.00066851313936
0.29756,0.00211521134159,0.001297,-0.000350515432142,-0.000668847953119
0.29769,0.00211931997861,0.000864,-0.000350020466626,-0.000669236553742
0.297825,0.00212425451258,0.000612,-0.000350006261189,-0.000669661588562
0.297957,0.00213017395537,0.000599,-0.000350568151977,-0.000670081662393
0.298091,0.00213697025723,0.000609,-0.000351348306837,-0.000670510542607
0.298222,0.00214370213679,0.000629,-0.000351809875705,-0.00067090468593
0.298356,0.00215005510092,0.000785,-0.000351775471891,-0.000671284776286
0.298489,0.00215357733858,0.000917,-0.00035133413063,-0.000671639410859
0.298624,0.00215654203619,0.000927,-0.000350685742228,-0.000671968645228
0.298759,0.00215987855472,0.000846,-0.000350036701029,-0.000672272530938
0.298894,0.00216369297299,0.000908,-0.00034980735221,-0.000672544266999
0.29903,0.00216821687728,0.000975,-0.000350223367292,-0.00067277592131
0.299165,0.00217361090222,0.001001,-0.000351101191131,-0.000672958427826
0.2993,0.00218001930114,0.000979,-0.000351996029178,-0.000673098682892
0.299436,0.00218611978495,0.00099,-0.000352531931563,-0.000673205842266
0.299569,0.00219144475526,0.000886,-0.000352620868416,-0.000673273089742
0.299701,0.00219461450836,0.000878,-0.000352335822817,-0.000673284486692
0.299831,0.00219703139499,0.000873,-0.000351811899402,-0.000673234338102
0.299955,0.00219923774443,0.000803,-0.000351188300105,-0.00067312604499
0.300084,0.00220192027089,0.000827,-0.0003506796605,-0.000672942461256
0.300224,0.00220518951296,0.001012,-0.000350799257295,-0.00067273484785
0.300365,0.00220935552557,0.00088,-0.000351554839054,-0.000672513447473
0.3005,0.00221490802913,0.000671,-0.000352529910128,-0.000672280525354
0.300639,0.00222067570503,0.000719,-0.000353283465222,-0.0006720074984
0.300777,0.00222569009531,0.000894,-0.000353551945831,-0.000671710306617
0.300917,0.00222852757023,0.001096,-0.000353339996768,-0.000671395770507
0.301055,0.00222978888927,0.001199,-0.000352798705264,-0.0006710798851
0.301194,0.00223112305269,0.001173,-0.000352127518223,-0.000670751191467
0.301333,0.00223271868202,0.000988,-0.000351704634721,-0.000670395905906
0.301473,0.00223496965388,0.000887,-0.000351864513281,-0.00067000708568
0.301613,0.00223868244928,0.000937,-0.000352584486643,-0.000669597282872
0.30175,0.00224226762559,0.001018,-0.000353420747503,-0.000669192880432
0.301886,0.00224513808475,0.001149,-0.000353933278231,-0.000668789291099
0.302023,0.00224651538319,0.0011,-0.000353909073371,-0.000668385366062
0.302163,0.00224555142364,0.001365,-0.000353370279481,-0.000667967278059
0.3023,0.00224467234811,0.001573,-0.000352442982422,-0.000667545370345
0.302436,0.00224446030718,0.001587,-0.000351562937008,-0.000667113862085
0.302573,0.00224468388646,0.001439,-0.000351159940336,-0.000666625357596
0.302709,0.00224584475507,0.001195,-0.000351336155821,-0.000665946643258
0.302846,0.00224761109423,0.001346,-0.000351730946579,-0.000664386761642
0.302981,0.00224870943585,0.001656,-0.000351785590851,-0.000662460752395
0.303115,0.00224894116916,0.001334,-0.000351170068968,-0.000660903705879
0.303251,0.00224799589971,0.000832,-0.000349854040438,-0.000659930080378
0.303385,0.00224649545518,0.000858,-0.000348110075323,-0.000659439023457
0.303519,0.0022453929904,0.00084,-0.000346398123331,-0.000659193896994
0.303651,0.00224481764802,0.000856,-0.000345166386119,-0.000659051925649
0.303783,0.00224498880195,0.000853,-0.000344757331547,-0.000658943952986
0.303912,0.00224567768748,0.000798,-0.00034502938162,-0.00065885943606
0.304042,0.00224675870684,0.000847,-0.000345495487389,-0.000658870001472
0.304168,0.00224794504254,0.000833,-0.000345722285884,-0.00065877490457
0.304295,0.00224834720067,0.000821,-0.000345618091039,-0.00065861519423
0.304421,0.00224690763461,0.000804,-0.000345246121659,-0.000658912260845
0.304547,0.00224569253806,0.000794,-0.000344763469275,-0.00065972504483
0.304674,0.00224491755969,0.000815,-0.000344345971227,-0.000660679194807
0.304801,0.00224466933344,0.000944,-0.000344223126457,-0.000661374610638
0.304928,0.00224527384707,0.000971,-0.000344569079644,-0.00066172136477
0.305055,0.00224701586066,0.000852,-0.000345272697991,-0.000661784384577
0.305182,0.00224887868844,0.000817,-0.000346044979139,-0.000661666507588
0.30531,0.00225008889055,0.000924,-0.000346622565651,-0.000661480881288
0.305437,0.00225015540289,0.000786,-0.000346832654683,-0.000661267148712
0.305565,0.0022482196973,0.000685,-0.000346624605678,-0.000661059166229
0.305693,0.00224607396307,0.000816,-0.000346132772868,-0.000660860448732
0.305821,0.00224417708146,0.001064,-0.000345685513148,-0.000660658141615
0.305949,0.00224276618251,0.00121,-0.000345650781424,-0.000660451070336
0.306078,0.00224255789237,0.001179,-0.000346151146792,-0.000660243911473
0.306206,0.00224332530725,0.000981,-0.00034700801655,-0.000660041349475
0.306335,0.00224385814395,0.000979,-0.000347912617076,-0.000659848076452
0.306464,0.00224403061589,0.000857,-0.000348608541452,-0.000659659415334
0.306594,0.00224216406076,0.000722,-0.000348962320593,-0.000659467164108
0.306723,0.00223897372149,0.000703,-0.000349011102505,-0.000659263107788
0.30685,0.00223617299263,0.000887,-0.000349005004967,-0.000659042537665
0.306978,0.00223364643791,0.000909,-0.000349338252538,-0.000658811301858
0.307105,0.00223177323331,0.000856,-0.000350257854058,-0.000658590528441
0.307227,0.00223114900366,0.000706,-0.00035163581401,-0.000658406083009
0.307347,0.00223101923413,0.000777,-0.000353206735892,-0.000658252129615
0.307468,0.00223114711141,0.000779,-0.000354777860325,-0.000658122818466
0.307589,0.00223088697112,0.000685,-0.000356138143536,-0.000658013465191
0.307711,0.00222898303828,0.000714,-0.000357222693269,-0.000657917025965
0.307831,0.00222592680382,0.000711,-0.000358020874372,-0.000657834684809
0.307951,0.00222317805498,0.00083,-0.000358645889979,-0.000657752329844
0.30807,0.00222081496699,0.000824,-0.000359328303313,-0.000657660546612
0.308188,0.00221905098673,0.000656,-0.000360263688106,-0.000657549913257
0.308306,0.00221840267774,0.00062,-0.000361480837025,-0.000657413352634
0.308427,0.00221836222279,0.000663,-0.000362801115213,-0.000657242598459
0.308549,0.00221898769773,0.000776,-0.000363995574443,-0.000657031723503
0.308673,0.00221948230703,0.000868,-0.00036490432895,-0.000656778318283
0.308799,0.00221900603536,0.000878,-0.000365395865619,-0.000656500011394
0.308925,0.00221675467659,0.000843,-0.000365506805327,-0.000656190858973
0.309053,0.00221424204379,0.000766,-0.000365395865619,-0.000655847259495
0.309182,0.00221214668219,0.000816,-0.000365312648163,-0.000655439588214
0.309311,0.00221021346862,0.000825,-0.000365459262103,-0.000654967686135
0.309441,0.00220877922183,0.000778,-0.000365851387657,-0.000654432553533
0.309571,0.00220869206071,0.000692,-0.000366326367995,-0.000653857704477
0.309701,0.00220884719468,0.000671,-0.000366656666263,-0.000653272685703
0.309831,0.00220903265982,0.000618,-0.00036670016584,-0.00065270718099
0.309962,0.00220830790984,0.000609,-0.000366425277663,-0.000652186248669
0.310092,0.00220623622443,0.000586,-0.000365894942269,-0.000651723133031
0.310223,0.00220397451766,0.000552,-0.00036526905373,-0.000651290579287
0.310354,0.00220201855783,0.00056,-0.000364852774923,-0.000650819463695
0.310486,0.00220036720664,0.00056,-0.000364890449429,-0.00065023800155
0.310618,0.00219916711945,0.000605,-0.000365348314118,-0.00064951469844
0.310751,0.00219882116394,0.000696,-0.000365950371106,-0.000648681292244
0.310884,0.0021992786965,0.00073,-0.00036637780294,-0.00064780566543
0.311018,0.00219977476055,0.000706,-0.000366464837228,-0.000646957353662
0.311151,0.00219936026805,0.000646,-0.000366221506973,-0.000646179864477
0.311286,0.00219744402006,0.000568,-0.000365768229673,-0.000645495245176
0.31142,0.0021955881343,0.00049,-0.000365276980212,-0.00064490388221
0.311555,0.00219419489342,0.000428,-0.000364890449429,-0.000644386769029
0.31169,0.00219336544426,0.000424,-0.000364747671109,-0.000643916309534
0.311825,0.00219290239046,0.00045,-0.000364896397832,-0.000643410281403
0.31196,0.0021935057465,0.000459,-0.000365138252538,-0.000642874639454
0.312096,0.0021941306921,0.000481,-0.000365213565593,-0.000642378475707
0.312232,0.00219482858591,0.000495,-0.000364983634698,-0.000641904901012
0.312368,0.00219500876041,0.000498,-0.000364469955045,-0.000641450332505
0.312504,0.00219359634382,0.000509,-0.000363806915099,-0.000641058634204
0.31264,0.00219194852001,0.000505,-0.000363176984798,-0.000640737260923
0.312777,0.00219109975776,0.000538,-0.000362701641796,-0.000640453452824
0.312913,0.0021904155348,0.00055,-0.000362520560408,-0.000640178017085
0.31305,0.00219094330899,0.000556,-0.000362717558584,-0.000639920725423
0.313186,0.00219201029063,0.000566,-0.000363125290995,-0.000639709671832
0.313323,0.00219368372982,0.000586,-0.000363455264112,-0.000639571767915
0.31346,0.00219498935703,0.00062,-0.000363508918314,-0.000639507074217
0.313596,0.0021942396657,0.000646,-0.000363349929784,-0.000639491204674
0.313733,0.00219228798875,0.000649,-0.000363131255878,-0.000639488763161
0.313871,0.0021907859061,0.000692,-0.000362912507047,-0.000639448476477
0.314008,0.0021897222162,0.000714,-0.000362799125896,-0.000639336144955
0.314145,0.00218934176885,0.000734,-0.000363113361061,-0.00063916760037
0.314282,0.00218990364828,0.000801,-0.000363820818218,-0.000638986779301
0.31442,0.00219024628013,0.00084,-0.000364499716123,-0.000638821784173
0.314557,0.00219070614561,0.000861,-0.000364719904945,-0.000638659180219
0.314692,0.00219081006643,0.000876,-0.000364414397317,-0.000638467166212
0.31483,0.00219056621912,0.000918,-0.000363810887449,-0.000638229798754
0.314965,0.00218972303549,0.000921,-0.000363141197226,-0.000637976401122
0.315103,0.00218893825119,0.000932,-0.000362492697176,-0.00063772165019
0.315238,0.00218845628579,0.000918,-0.000361927209079,-0.000637466769691
0.315376,0.00218866537937,0.000952,-0.000361397107551,-0.000637170062836
0.315512,0.00218900554548,0.000936,-0.000360868561445,-0.000636819182775
0.315646,0.00218920402752,0.000913,-0.000360349563046,-0.000636422613781
0.315778,0.00218932054418,0.000878,-0.000359804161261,-0.00063597778907
0.315916,0.00218914858303,0.000901,-0.000359168271611,-0.000635467352689
0.31605,0.00218862144302,0.000865,-0.000358513725968,-0.000634924368059
0.316184,0.00218845062161,0.000867,-0.000357914641258,-0.000634375863059
0.316322,0.00218869939458,0.000945,-0.000357397254917,-0.000633831697492
0.316454,0.00218921671143,0.000928,-0.000356995892822,-0.000633404343338
0.316592,0.00219016486601,0.000985,-0.000356584235898,-0.000633060714755
0.316729,0.00219088899798,0.000993,-0.000356085878197,-0.000632847992513
0.316867,0.00219164532883,0.001025,-0.000355474459873,-0.000632729224733
0.317003,0.00219164068788,0.001047,-0.000354798003862,-0.000632679729891
0.31714,0.00219126682348,0.001071,-0.000354114785641,-0.000632692104057
0.317278,0.00219108796254,0.001101,-0.000353477266986,-0.000632781189083
0.317416,0.00219115870069,0.001132,-0.000352936090999,-0.000632959311872
0.317554,0.00219177184143,0.001171,-0.000352529910128,-0.00063323379444
0.317693,0.00219212743803,0.001208,-0.000352335822817,-0.000633588421848
0.317832,0.00219253763803,0.001239,-0.000352176061238,-0.00063400944895
0.317971,0.00219258664061,0.001262,-0.000351864513281,-0.000634486844945
0.318109,0.00219231583807,0.001278,-0.000351386783543,-0.000635021680569
0.318247,0.00219218778436,0.001281,-0.000350941123022,-0.000635610081135
0.318385,0.00219217823527,0.001272,-0.00035069385111,-0.000636222368572
0.318522,0.00219266684893,0.001253,-0.000350626949784,-0.00063682900094
0.318659,0.0021933194846,0.001231,-0.000350604647799,-0.000637411610218
0.318796,0.0021940246433,0.001207,-0.000350454596207,-0.000637955584992
0.318933,0.00219443210171,0.001182,-0.000350097576399,-0.000638457380087
0.31907,0.00219438363088,0.001146,-0.000349624626657,-0.000638906121811
0.319206,0.00219394041967,0.001104,-0.000349206193292,-0.000639293403513
0.319342,0.00219356431558,0.001039,-0.000348941993708,-0.000639620587808
0.319478,0.00219339619394,0.000963,-0.000348771222605,-0.000639897550481
0.319612,0.00219362602549,0.000865,-0.000348533287555,-0.000640129251585
0.319741,0.00219378771517,0.000766,-0.000348130428412,-0.000640316972667
0.319874,0.00219415051617,0.000728,-0.000347523631039,-0.000640464418362
0.320006,0.00219411650682,0.000684,-0.000346853048042,-0.000640555788488
0.320133,0.00219378671332,0.000639,-0.000346212389436,-0.00064057527862
0.320261,0.00219378147553,0.00065,-0.000345593572167,-0.000640505841556
0.320382,0.00219384421826,0.00062,-0.000345072326448,-0.000640369375706
0.320517,0.00219446241985,0.000702,-0.000344567033127,-0.000640163387934
0.320652,0.00219525962511,0.000703,-0.00034410025839,-0.000639941459988
0.320787,0.00219585704439,0.000696,-0.000343622899711,-0.000639703570692
0.320926,0.00219628804968,0.000749,-0.000343050835662,-0.000639446034756
0.321067,0.00219624571804,0.000807,-0.00034235096026,-0.000639190809154
0.321205,0.00219611256029,0.000795,-0.000341590709723,-0.000638929342724
0.321346,0.0021959632181,0.000735,-0.000340864558793,-0.000638634723928
0.321487,0.00219609679881,0.000698,-0.00034023237309,-0.000638311788893
0.321629,0.00219658142299,0.000681,-0.000339675870424,-0.000637964156445
0.321771,0.00219693898437,0.000659,-0.000339104444462,-0.000637606479863
0.321914,0.00219691842293,0.000625,-0.000338420962407,-0.00063725345275
0.322056,0.00219667226018,0.000591,-0.000337629208683,-0.000636908766406
0.322191,0.00219630364722,0.000553,-0.000336861342868,-0.000636578577687
0.322332,0.00219632924451,0.000565,-0.000336148550022,-0.000636216224818
0.32246,0.00219659629075,0.000536,-0.000335584394099,-0.000635862217602
0.322594,0.00219691151747,0.000567,-0.000335052977666,-0.000635443970887
0.322734,0.0021973221848,0.0006,-0.000334471244933,-0.000634974874372
0.322868,0.00219736515024,0.000628,-0.000333828658992,-0.000634501640679
0.323002,0.00219724605056,0.000633,-0.000333152117094,-0.000634462184421
0.323135,0.00219749449105,0.000626,-0.000332522825044,-0.000634820875854
0.323268,0.00219775385925,0.000608,-0.000332093225043,-0.000635237179165
0.323401,0.00219862403028,0.00058,-0.000331872058706,-0.000635701110853
0.323534,0.00219942456864,0.000546,-0.000331771883306,-0.000636121601504
0.323668,0.00220007599709,0.000579,-0.000331611153217,-0.000636401733043
0.323802,0.00220034203557,0.000628,-0.000331335524016,-0.000636884224536
0.323935,0.00220051516533,0.000662,-0.000331061868078,-0.000637167609981
0.324069,0.00220059137552,0.000696,-0.000330974106829,-0.000637496185595
0.324203,0.00220083896053,0.000716,-0.000331128725894,-0.000637776775555
0.324334,0.00220127767203,0.000728,-0.00033140235388,-0.000638091486466
0.324464,0.00220206148856,0.000732,-0.000331665430131,-0.000638330143056
0.324589,0.00220247527843,0.000704,-0.000331786493174,-0.000638555232732
0.324714,0.00220307724908,0.000706,-0.000331686304668,-0.000638845008998
0.32484,0.00220306392984,0.000694,-0.000331385647054,-0.000639019771801
0.324961,0.00220282205756,0.000661,-0.000331005451483,-0.000639228673807
0.325075,0.00220259978653,0.000615,-0.000330627125735,-0.000639466789008
0.325192,0.00220246497058,0.000634,-0.000330338531518,-0.000639737736114
0.325315,0.00220228155485,0.000645,-0.000330171172265,-0.000640080481327
0.325444,0.00220227694197,0.000651,-0.000330045624752,-0.000640513151175
0.325579,0.0022022748706,0.000632,-0.000329840512049,-0.000640673935748
0.325712,0.00220204868832,0.000565,-0.000329459417992,-0.000641112176321
0.325846,0.00220159930882,0.000503,-0.000328893650088,-0.000641205861216
0.32598,0.00220089165625,0.000496,-0.000328256052419,-0.000641200994901
0.326113,0.00220013648351,0.000504,-0.000327601030713,-0.000641148679019
0.326246,0.00219956597894,0.000514,-0.000327002121612,-0.000641089056565
0.32638,0.00219915352567,0.000531,-0.000326480520666,-0.000641002652216
0.326507,0.00219887858207,0.000517,-0.0003260385183,-0.00064084806067
0.326626,0.00219893288188,0.000504,-0.000325621500668,-0.000640637398342
0.326751,0.00219877686632,0.000538,-0.000325121995023,-0.000640424210213
0.326882,0.00219835074004,0.000549,-0.000324472280868,-0.000640117059466
0.327014,0.00219745401828,0.00053,-0.000323716286282,-0.000639976828731
0.327145,0.00219610046164,0.000643,-0.000322919229219,-0.000639756038058
0.327277,0.00219464088231,0.000757,-0.000322142386479,-0.000639482659326
0.327408,0.0021934101246,0.000822,-0.000321436719415,-0.000639382545815
0.327538,0.00219240937039,0.00083,-0.000320821558593,-0.000639315385282
0.327668,0.0021916254727,0.000772,-0.000320256802713,-0.000639270199487
0.327797,0.00219088032936,0.000659,-0.00031967455588,-0.000639127287818
0.327927,0.00218997406429,0.000529,-0.000319000293197,-0.000639006330675
0.328057,0.00218864512648,0.000497,-0.000318210296742,-0.000638953784626
0.328186,0.00218688212098,0.000502,-0.000317327621109,-0.000638670185161
0.328316,0.00218511580086,0.000511,-0.000316433084008,-0.000638668962401
0.328445,0.00218372637675,0.000521,-0.000315654985513,-0.000638446370467
0.328574,0.00218274524077,0.000514,-0.000315137171773,-0.00063850508564
0.328704,0.00218173080959,0.000479,-0.000314766750867,-0.000638626163944
0.328833,0.00218077927427,0.000487,-0.000314239668366,-0.000638673853421
0.328963,0.0021796825451,0.000485,-0.000313476155734,-0.000638801003153
0.329092,0.00217837322709,0.000482,-0.000312574250854,-0.000638983113333
0.329222,0.00217699848433,0.000441,-0.000311625929862,-0.000639110184542
0.329353,0.00217585873072,0.000406,-0.000310751673718,-0.000639138282472
0.329488,0.00217504059503,0.00041,-0.000310128656943,-0.000639094302405
0.329623,0.00217433975627,0.000459,-0.00030982232395,-0.000639024659394
0.329758,0.00217338521359,0.000555,-0.000309556865087,-0.000638953784626
0.329892,0.00217235218436,0.000662,-0.000309034270744,-0.000638878010844
0.330027,0.00217116636097,0.000712,-0.000308269074609,-0.00063878755615
0.330163,0.00216983620827,0.000683,-0.000307528981245,-0.000638682412589
0.330298,0.0021684636008,0.000569,-0.000307039462134,-0.000638582138858
0.330433,0.00216720807128,0.000513,-0.000306794567676,-0.00063849774662
0.330569,0.00216628212528,0.000442,-0.00030665365841,-0.000638417010299
0.330704,0.00216564213316,0.00039,-0.000306484527968,-0.000638314236154
0.33084,0.00216501451123,0.000379,-0.000306232921275,-0.000638158811377
0.330976,0.00216422256353,0.000453,-0.000305881380585,-0.000637939666192
0.331112,0.00216316689507,0.000548,-0.000305525311079,-0.00063766774397
0.331249,0.00216214086536,0.000556,-0.000305275514805,-0.000637356444675
0.331385,0.00216146556991,0.000548,-0.00030519295287,-0.000637015509565
0.331521,0.00216110610234,0.000509,-0.000305288549966,-0.000636648561475
0.331658,0.00216083892007,0.00043,-0.000305390649922,-0.000636266601383
0.331794,0.00216022892566,0.000477,-0.000305247271082,-0.000635872054507
0.33193,0.00215923221132,0.000508,-0.000304810427505,-0.000635466122095
0.332066,0.00215811701974,0.000528,-0.000304342840389,-0.000635051240131
0.332202,0.00215717099581,0.000753,-0.000304096953978,-0.000634619990878
0.332336,0.00215627740246,0.000919,-0.000304123070106,-0.000634167397531
0.332471,0.00215553341233,0.000973,-0.000304257987167,-0.000633669938467
0.332605,0.00215484777986,0.00093,-0.000304288448538,-0.000633112644909
0.33274,0.00215414520422,0.000845,-0.000304129598978,-0.000632492843013
0.332874,0.00215328286798,0.000748,-0.00030385750855,-0.000631837572738
0.333008,0.00215224829409,0.000734,-0.00030362886692,-0.000631195101637
0.333141,0.00215118305661,0.000761,-0.00030357006071,-0.000630589089745
0.333275,0.00215022112818,0.000803,-0.000303668068186,-0.000630008474075
0.333408,0.00214913998134,0.000799,-0.00030389451936,-0.000629399789746
0.333538,0.00214804153552,0.000692,-0.00030415571383,-0.000628723028503
0.333673,0.00214718188669,0.000664,-0.000304336313601,-0.000627934200912
0.333806,0.00214620568753,0.000749,-0.000304329786749,-0.000627111612889
0.33394,0.00214522763677,0.000845,-0.000304199236313,-0.000626372896106
0.334073,0.00214407952037,0.000935,-0.000304120893801,-0.000625831321487
0.334201,0.00214295077303,0.000978,-0.000304227524406,-0.000625518900896
0.334331,0.00214212945661,0.001051,-0.000304449435567,-0.0006253306028
0.334454,0.00214136435873,0.001033,-0.000304653876656,-0.000625173634316
0.334584,0.00214085711837,0.001114,-0.000304764770633,-0.00062493369265
0.334708,0.00214023772175,0.001074,-0.000304738679589,-0.000624604373383
0.33484,0.00213941776082,0.001142,-0.000304619082593,-0.000624179210608
0.334969,0.00213857138495,0.001111,-0.000304460311669,-0.000623722204183
0.335106,0.0021377123816,0.001154,-0.000304499464171,-0.000623263525695
0.335243,0.00213691394899,0.001121,-0.000304819123698,-0.000622846071119
0.33538,0.00213621864654,0.001079,-0.000305368927836,-0.00062245479059
0.335517,0.00213567529041,0.001037,-0.000305968197983,-0.000622066999854
0.335654,0.00213521443601,0.001,-0.000306397777763,-0.000621637179681
0.335791,0.0021347716207,0.000971,-0.000306536572674,-0.000621141171588
0.335929,0.00213433228862,0.00094,-0.000306488865182,-0.000620597792373
0.336066,0.00213395670861,0.000903,-0.000306553920006,-0.000620011966201
0.336203,0.00213363338087,0.000866,-0.000306909440882,-0.00061936830366
0.33634,0.00213335962337,0.000829,-0.000307511659273,-0.000618692028318
0.336478,0.00213338443475,0.000793,-0.000308208513071,-0.000618114196985
0.336615,0.00213377504467,0.000756,-0.000308841973685,-0.000617749852896
0.336752,0.00213425756321,0.00072,-0.000309297778701,-0.00061750001247
0.336889,0.00213446288727,0.00068,-0.000309571975345,-0.000617130126512
0.337026,0.002134589715,0.000643,-0.000309848216704,-0.000616823811556
0.337163,0.00213473432395,0.000607,-0.000310322738616,-0.000616614390799
0.3373,0.00213495848056,0.00058,-0.00031107911617,-0.000616314156701
0.337437,0.00213531944451,0.000569,-0.000312170143584,-0.000615971546995
0.337574,0.00213594500634,0.000586,-0.000313428943516,-0.000615683731109
0.33771,0.00213672730927,0.000581,-0.000314580391548,-0.000615418797566
0.337846,0.00213725098312,0.000675,-0.000315417526165,-0.000615146041689
0.337983,0.00213742697337,0.00066,-0.000315980016986,-0.000614852635066
0.338119,0.00213749331202,0.00056,-0.000316580477625,-0.00061454623671
0.338255,0.00213780247097,0.000538,-0.000317427887562,-0.000614226823468
0.338391,0.00213815710657,0.000538,-0.000318574536454,-0.00061389693921
0.338523,0.00213890019914,0.000627,-0.000319908366322,-0.000613568127538
0.338659,0.00214010759619,0.000636,-0.000321258593932,-0.000613226248344
0.338794,0.00214089013008,0.000521,-0.000322362620234,-0.000612885427875
0.338927,0.00214128443746,0.000338,-0.000323077871854,-0.000612543093673
0.33906,0.00214153653876,0.000331,-0.000323602178157,-0.000612174765386
0.339193,0.00214181103518,0.000447,-0.000324252751837,-0.000611766204714
0.339327,0.00214228224296,0.000537,-0.000325178919891,-0.00061133409187
0.339454,0.00214296951214,0.000523,-0.000326280604055,-0.000610928736815
0.339578,0.00214390229571,0.000533,-0.000327401455064,-0.000610574758242
0.339712,0.00214542441047,0.000536,-0.000328526687682,-0.000610203723844
0.339847,0.00214662321144,0.000466,-0.000329469890571,-0.000609794888675
0.339983,0.00214675373775,0.00046,-0.000330112586421,-0.00060938702408
0.340119,0.00214658601167,0.000454,-0.000330631307325,-0.000609028095242
0.340254,0.0021463512974,0.000462,-0.000331333435473,-0.000608757113375
0.340389,0.00214612887812,0.000532,-0.000332391472479,-0.000608570325265
0.340525,0.00214603340089,0.000665,-0.000333739187506,-0.000608428892042
0.340659,0.00214640747234,0.000687,-0.000335167185682,-0.000608286121939
0.340788,0.00214696316699,0.00059,-0.000336391069961,-0.000608121238204
0.340923,0.00214740722043,0.000521,-0.000337469914732,-0.000607917332696
0.341057,0.00214751696713,0.000468,-0.000338286659502,-0.000607693853246
0.341191,0.00214708614373,0.000485,-0.000338992988841,-0.000607478077797
0.341325,0.00214612333575,0.000509,-0.000339844932725,-0.000607289525419
0.341459,0.00214499017365,0.000561,-0.000341000388116,-0.000607128225992
0.341592,0.00214402443613,0.000689,-0.000342416669832,-0.000606973383187
0.341726,0.00214334192114,0.000719,-0.000343891329191,-0.000606810683178
0.341859,0.00214246068347,0.000654,-0.000344038815618,-0.000606631002834
0.341989,0.00214136028387,0.00051,-0.00034374585831,-0.000606442140927
0.342123,0.00214045145737,0.000392,-0.00034365978974,-0.000606250603546
0.342254,0.00213942027517,0.000364,-0.00034377864333,-0.000606074639324
0.342387,0.00213815618241,0.000459,-0.000344001947158,-0.000605919480438
0.34252,0.00213671727759,0.000596,-0.000344130977591,-0.00060598337503
0.342652,0.00213537395224,0.000681,-0.000344165790925,-0.000606216718797
0.342781,0.00213441817598,0.000649,-0.000344094114375,-0.000606392634665
0.342914,0.002133823259,0.000556,-0.000343913864012,-0.000606489037222
0.343046,0.00213299992205,0.000415,-0.000343678233967,-0.000606451259984
0.343178,0.0021317792498,0.00033,-0.000343530665452,-0.00060624408742
0.343311,0.0021305966326,0.000331,-0.000343516316721,-0.000605869924092
0.343445,0.00212946684352,0.000372,-0.000343596255607,-0.000605384542593
0.34358,0.00212806000687,0.000398,-0.000343723317646,-0.000604864731805
0.343714,0.00212628722944,0.000497,-0.000343860598627,-0.000604564100427
0.343849,0.00212474101349,0.00051,-0.000344001947158,-0.000604713130846
0.343983,0.00212332076506,0.000417,-0.000344157599721,-0.000604841210429
0.344113,0.00212163913397,0.000333,-0.000344282504337,-0.000604953580693
0.344249,0.00211953631392,0.000341,-0.000344364395934,-0.000605059395494
0.344384,0.00211754308448,0.00034,-0.000344431948708,-0.000605170412455
0.344518,0.00211601870135,0.00034,-0.000344517914779,-0.00060529185079
0.344653,0.00211421832812,0.000394,-0.000344650935021,-0.000605439366546
0.344783,0.00211230307339,0.000474,-0.000344669351055,-0.000605598584132
0.344912,0.00211041375327,0.000473,-0.000344493354209,-0.000605752534852
0.345032,0.00210854641913,0.000381,-0.000344241554657,-0.000605859490572
0.345154,0.00210674443153,0.000345,-0.000344003995461,-0.000605914264204
0.345268,0.00210463803768,0.000342,-0.000343827817752,-0.00060592730469
0.345386,0.00210246952678,0.000342,-0.00034371921926,-0.00060592730469
0.3455,0.0021003885685,0.000306,-0.000343667987239,-0.000605941648844
0.345628,0.00209828493359,0.000342,-0.000343657740349,-0.000605996413773
0.345762,0.00209641869277,0.000447,-0.000343639295539,-0.000606085068503
0.345896,0.00209455557416,0.00055,-0.000343622899711,-0.000606124176051
0.346027,0.00209230622093,0.000527,-0.000343665937874,-0.000606045957996
0.346157,0.00208989872334,0.00042,-0.000343583957958,-0.000605852969515
0.346282,0.00208721879262,0.000404,-0.000343397415017,-0.000605588145136
0.34641,0.00208441391544,0.000427,-0.000343134934065,-0.000605284016919
0.346534,0.00208185448258,0.00033,-0.000342792318632,-0.000604995386656
0.346657,0.00207925687318,0.000285,-0.000342365334798,-0.000604718359205
0.346784,0.00207704209916,0.000312,-0.000341936014944,-0.000604424181958
0.346908,0.00207493521523,0.00033,-0.000341621548015,-0.000604110208568
0.34703,0.00207314439974,0.000384,-0.000341442665526,-0.000603756760855
0.347157,0.00207113468601,0.000434,-0.000341362460823,-0.000603395209369
0.347281,0.00206870350334,0.000454,-0.000341327496698,-0.000603760689377
0.347403,0.00206625228002,0.000431,-0.000341210250302,-0.000604084035524
0.347523,0.00206354997382,0.000408,-0.000340988041169,-0.000604382329837
0.347647,0.00206112295713,0.000419,-0.000340693702801,-0.000604617704027
0.347777,0.00205878086648,0.000437,-0.000340364215004,-0.000604867345226
0.347908,0.00205645940974,0.000482,-0.000340114928863,-0.000605084213117
0.348038,0.00205403408631,0.000554,-0.000340016011998,-0.000605315351692
0.348167,0.00205151072677,0.00061,-0.000340063411541,-0.000605539862038
0.348296,0.00204928256062,0.000637,-0.000340226192344,-0.00060579166756
0.348426,0.00204732923435,0.000616,-0.000340487792509,-0.00060606812098
0.348556,0.0020457345682,0.000558,-0.000340870733469,-0.00060635485038
0.348686,0.0020439603818,0.000497,-0.000341411818736,-0.000606641420792
0.348811,0.00204193112117,0.00043,-0.000341960672574,-0.000606914817087
0.34894,0.00203975638724,0.000389,-0.000342250329581,-0.000607240100304
0.349064,0.0020376944225,0.00032,-0.000342086001048,-0.000607611973183
0.349185,0.00203576388046,0.000334,-0.000341529028744,-0.00060804591944
0.349311,0.00203406918987,0.000382,-0.000340749287393,-0.000608541782234
0.349436,0.00203274352707,0.000403,-0.00033996654792,-0.000609064388215
0.349563,0.00203171141974,0.000406,-0.000339449010471,-0.000609590349334
0.349693,0.00203067460709,0.000398,-0.00033927778192,-0.000610105426037
0.349822,0.00202903645416,0.000382,-0.000339034270928,-0.000610599312059
0.34995,0.00202727295479,0.000429,-0.000338148195189,-0.000611078523021
0.350078,0.00202548391137,0.000721,-0.0003366562876,-0.00061154567905
0.350205,0.0020238299845,0.000803,-0.000334990673958,-0.00061200596738
0.350332,0.00202249591211,0.000683,-0.000333570614898,-0.000612481294774
0.350459,0.00202140164569,0.000469,-0.000332593702766,-0.000612987054627
0.350583,0.00202063302335,0.000404,-0.000332132860162,-0.000613506451887
0.350711,0.0020201020226,0.000432,-0.000332084880501,-0.000614061266058
0.350839,0.00201972226197,0.000478,-0.000332535333435,-0.000614674459141
0.350968,0.00201862286427,0.000525,-0.000333418654157,-0.000615347101169
0.351094,0.00201673714703,0.000547,-0.000334373546097,-0.000616046991951
0.351224,0.002014885809,0.000541,-0.000335061284378,-0.000616738265871
0.351352,0.00201316231759,0.000491,-0.000335187948629,-0.000617364843799
0.351481,0.00201140776987,0.000416,-0.000334743477299,-0.000617895112095
0.351608,0.00200978178134,0.000377,-0.000334042924579,-0.000618344644221
0.351737,0.00200901380477,0.000515,-0.000333435309114,-0.000618747994859
0.351865,0.00200860279187,0.000516,-0.000333347865855,-0.000619131963378
0.351994,0.00200847374585,0.000427,-0.000333978444273,-0.00061948643277
0.352119,0.00200761044276,0.000449,-0.000334911747386,-0.000619820348852
0.352248,0.00200639109181,0.000413,-0.000335468183742,-0.000620179413802
0.352377,0.00200484849037,0.000392,-0.000335092433605,-0.000620543295829
0.352505,0.00200334933929,0.000505,-0.000334042924579,-0.000620867654479
0.35263,0.00200191869481,0.000563,-0.000332904223354,-0.000621137373745
0.352758,0.00200063798611,0.000436,-0.000331995169953,-0.000621409480842
0.352885,0.00199976580072,0.000364,-0.000331481705478,-0.000621699146738
0.353012,0.00199928875698,0.000365,-0.000331358497552,-0.000622011396507
0.353134,0.00199940870036,0.000352,-0.000331550608269,-0.000622299457144
0.353256,0.00199981418483,0.00036,-0.000332168321127,-0.000622687070821
0.353377,0.00200022613857,0.000473,-0.000333154199836,-0.000623087000628
0.353496,0.00199932328768,0.000553,-0.000334304940304,-0.000623559697894
0.353616,0.00199838753664,0.000495,-0.000335333270752,-0.000624030697141
0.353744,0.00199751057874,0.000523,-0.000336065616522,-0.000624572938621
0.35386,0.00199662839216,0.000422,-0.000336200378102,-0.000625103296682
0.353978,0.00199587603334,0.000415,-0.000335876903503,-0.000625624317307
0.354102,0.00199539348676,0.0005,-0.000335285525625,-0.000626251342908
0.354217,0.00199512516668,0.000461,-0.000334793339626,-0.000626828774063
0.354331,0.00199534151688,0.000471,-0.000334541911573,-0.000627418051866
0.354454,0.0019964258698,0.000536,-0.000334722700205,-0.000628087819169
0.354566,0.00199784959103,0.000503,-0.000335316664147,-0.000628715545415
0.354679,0.00199893589893,0.000514,-0.000335974377487,-0.000629356195247
0.354803,0.00199924006366,0.000562,-0.000336513332125,-0.000630055743996
0.354917,0.00199868415391,0.0005,-0.000336548555951,-0.000630677304764
0.355032,0.00199801071297,0.000473,-0.000336086350886,-0.000631264597447
0.35515,0.00199727687155,0.000532,-0.000335302133022,-0.000631790469469
0.355271,0.00199669978997,0.000634,-0.000334402649407,-0.00063222291046
0.355389,0.00199611843797,0.000466,-0.000333506087943,-0.000632541118451
0.355504,0.00199550196851,0.000431,-0.000332608294284,-0.000632776240329
0.355627,0.00199513851039,0.000454,-0.000331661255144,-0.000632958075125
0.355739,0.00199516258955,0.000507,-0.000330911413017,-0.000633061951249
0.355854,0.00199601144192,0.000463,-0.000330441017943,-0.000633122535759
0.355973,0.0019970555973,0.000274,-0.000330432652305,-0.000633131190094
0.356082,0.00199748809123,0.000224,-0.000330660577706,-0.000633103990255
0.356206,0.00199676653163,0.000277,-0.000331015899368,-0.000633058241757
0.356329,0.00199535486757,0.000307,-0.000331222733142,-0.000633002596088
0.356431,0.00199400629131,0.000337,-0.000331258243477,-0.000632914787081
0.356554,0.00199276334907,0.000513,-0.000331051420928,-0.000632783663442
0.356682,0.00199169643955,0.000375,-0.000330545579394,-0.000632640130515
0.35678,0.00199074218096,0.000345,-0.000330154433987,-0.000632471798426
0.356902,0.00198986094731,0.000583,-0.000329675119327,-0.000632246442446
0.357026,0.00198903215402,0.000774,-0.000329350493252,-0.000632011073127
0.357148,0.0019888434049,0.000918,-0.000329270882952,-0.000631754519276
0.357255,0.00198914258234,0.000897,-0.000329539005392,-0.000631480469773
0.357383,0.0019899294745,0.001144,-0.000330081198991,-0.000631053598432
0.357504,0.00198982377284,0.001094,-0.00033055603462,-0.000630558024448
0.357627,0.00198838434313,0.001098,-0.000330997093056,-0.00062997737303
0.35775,0.00198657915979,0.001047,-0.000331243621808,-0.000629407262711
0.357875,0.00198484123514,0.000991,-0.000331245710638,-0.000628931263355
0.358004,0.00198336564833,0.000945,-0.000330949030025,-0.00062862823454
0.35813,0.00198204602549,0.000837,-0.000330418012182,-0.000628557127404
0.358254,0.00198095543176,0.000743,-0.000329788177096,-0.000628633224139
0.358382,0.00198040237504,0.000701,-0.000329210121216,-0.000628760442282
0.358497,0.00198020236113,0.000597,-0.000328883168298,-0.000628853964617
0.358608,0.00198077657225,0.000562,-0.00032901103469,-0.000628880147771
0.358719,0.00198122627911,0.000564,-0.000329497118492,-0.000628888875188
0.35883,0.00198086923664,0.000574,-0.000330164895461,-0.000628911316425
0.35894,0.00197928830629,0.000588,-0.000330867523776,-0.000628932510012
0.35905,0.0019772458708,0.000596,-0.000331454559962,-0.000628932510012
0.359161,0.00197523392478,0.000604,-0.000331903360373,-0.000628916303231
0.35927,0.00197345747319,0.000605,-0.000332141204091,-0.000628907576288
0.35938,0.00197172821631,0.000601,-0.00033213703214,-0.000628900095931
0.359491,0.00197013675697,0.000599,-0.000331924227318,-0.000628872667009
0.359602,0.00196867924881,0.000586,-0.000331604890207,-0.000628816557759
0.359713,0.00196721945744,0.000569,-0.000331312549674,-0.00062873550007
0.359824,0.00196653505133,0.000563,-0.000331153795814,-0.000628639461068
0.359936,0.00196644152072,0.000525,-0.000331285397139,-0.000628525936909
0.360047,0.00196668703652,0.000506,-0.000331780231842,-0.00062837369969
0.360159,0.00196665139107,0.00049,-0.000332445684672,-0.000628198944766
0.36027,0.00196543608782,0.000487,-0.000333183357531,-0.000628022880556
0.360382,0.00196320530975,0.000486,-0.000333845303498,-0.000627850503051
0.360494,0.00196065981,0.000486,-0.000334408885662,-0.000627674317544
0.360606,0.00195833071073,0.000489,-0.000334820346796,-0.000627534325056
0.360718,0.00195613866559,0.000496,-0.000335011442522,-0.00062749432009
0.360829,0.00195410294627,0.000501,-0.000334953288877,-0.000627573076852
0.360926,0.00195235765418,0.000453,-0.000334778796841,-0.000627705560583
0.361015,0.00195083911149,0.000431,-0.000334631273132,-0.000627854251012
0.361101,0.00194960681715,0.000432,-0.000334539833251,-0.000628029125015
0.361188,0.00194880671701,0.000439,-0.000334529441545,-0.00062822890704
0.361274,0.00194831105982,0.00045,-0.000334666598747,-0.000628453567552
0.36136,0.00194839579954,0.000464,-0.000334934595533,-0.000628705567792
0.361447,0.00194851401545,0.00048,-0.000335256461663,-0.00062898486683
0.361535,0.00194838529225,0.000496,-0.000335592694046,-0.000629301385397
0.361624,0.00194759372018,0.00051,-0.000335937048747,-0.000629656298322
0.361713,0.00194626067284,0.000523,-0.00033622110818,-0.000630047036712
0.361802,0.00194445854437,0.000531,-0.000336453240029,-0.000630468545708
0.361893,0.00194240400973,0.000536,-0.000336681146221,-0.000630925714905
0.361984,0.00194058187239,0.000529,-0.000336937963123,-0.000631417206422
0.362075,0.00193883715213,0.000519,-0.000337205028153,-0.000631929287528
0.362166,0.00193714303983,0.000508,-0.000337409910804,-0.000632439610885
0.362259,0.00193565754232,0.000501,-0.00033749060446,-0.000632951891347
0.362351,0.00193443050663,0.000501,-0.000337420256704,-0.000633447589307
0.362444,0.00193328882932,0.000504,-0.000337231935611,-0.000633907002653
0.362538,0.00193219301232,0.000511,-0.000336989728465,-0.00063432282973
0.362633,0.00193172971601,0.000523,-0.000336761930191,-0.000634700108008
0.362727,0.00193182667472,0.000533,-0.000336648001183,-0.000635042618772
0.362823,0.00193222171318,0.000545,-0.000336708075324,-0.000635351663673
0.362919,0.00193270736814,0.000553,-0.000336859271926,-0.000635623613624
0.363015,0.00193285694087,0.000559,-0.000337039419324,-0.000635856069438
0.363113,0.00193183268524,0.00056,-0.000337273329531,-0.00063605031502
0.36321,0.0019299446495,0.000557,-0.000337513362401,-0.000636207623436
0.363308,0.00192773465747,0.000549,-0.00033783395795,-0.00063632680089
0.363407,0.0019257188003,0.000766,-0.000338234997158,-0.000636388221514
0.363506,0.00192382646389,0.000796,-0.000338600678315,-0.000636400504737
0.363606,0.00192205843004,0.000629,-0.000338792733551,-0.000636368567732
0.363706,0.00192063600865,0.00048,-0.000338724591407,-0.000636291173483
0.363806,0.00191932760686,0.000465,-0.000338410632398,-0.000636199021906
0.363906,0.00191806558415,0.000458,-0.000337937342204,-0.000636162156537
0.364006,0.00191750794825,0.000488,-0.000337428533305,-0.000636156012046
0.364107,0.00191758393616,0.000454,-0.000337068403909,-0.000636151096399
0.364207,0.00191808137355,0.000458,-0.000336989728465,-0.000636125288461
0.364308,0.00191866226438,0.000462,-0.000337037348948,-0.000636069981268
0.364409,0.00191890510759,0.000467,-0.000337124299108,-0.000635982706414
0.364509,0.00191815010823,0.000472,-0.000337248493495,-0.000635872054507
0.36461,0.00191694026183,0.000477,-0.00033730230371,-0.000635745389614
0.364712,0.00191551906365,0.000482,-0.000337331276599,-0.000635611311376
0.364814,0.00191423762128,0.000488,-0.000337333346042,-0.000635473505614
0.364916,0.00191327896237,0.000497,-0.000337267120611,-0.000635327045551
0.365019,0.00191244906368,0.00051,-0.000337045630415,-0.000635170692315
0.365122,0.00191185947653,0.000523,-0.000336629356357,-0.000634999509756
0.365226,0.00191165103145,0.000542,-0.000336038660864,-0.000634807321725
0.365331,0.00191192873247,0.000561,-0.000335360255582,-0.000634591638681
0.365435,0.00191283165912,0.000587,-0.00033473724424,-0.00063434749709
0.36554,0.0019144387949,0.000624,-0.000334400570642,-0.000634073621544
0.365646,0.00191626590229,0.00067,-0.000334331967689,-0.000633768728786
0.365751,0.00191775577076,0.000724,-0.000334452537777,-0.000633427820182
0.365857,0.00191789039304,0.000784,-0.000334770486532,-0.000633047113115
0.365962,0.00191717830426,0.000837,-0.000335179643529,-0.000632624042379
0.366069,0.00191641965439,0.000875,-0.000335729627933,-0.000632158501512
0.366175,0.00191574466058,0.000895,-0.00033630609461,-0.000631654093085
0.366282,0.00191511050088,0.000887,-0.000336674931655,-0.000631115666128
0.366389,0.00191429676719,0.000847,-0.000336668717029,-0.000630553053823
0.366496,0.00191368688213,0.000784,-0.000336272930492,-0.000629968664394
0.366603,0.00191327131137,0.000719,-0.000335603068832,-0.000629359932065
0.366711,0.00191333561638,0.000672,-0.000334847352848,-0.000628724275674
0.366818,0.00191433342275,0.000639,-0.000334207216575,-0.000628059097349
0.366925,0.00191610599131,0.000613,-0.000333936840697,-0.000627361781058
0.367033,0.00191785527312,0.000583,-0.0003340075652,-0.00062664096195
0.367141,0.00191885960629,0.000586,-0.000334192660726,-0.000625906574788
0.367249,0.00191869963185,0.000587,-0.00033437978263,-0.000625169866476
0.367357,0.00191761480254,0.000583,-0.00033444630194,-0.00062443711808
0.367464,0.00191620589831,0.000577,-0.000334465009274,-0.000623710868221
0.367573,0.00191500380615,0.000717,-0.000334537754923,-0.000622982317535
0.367681,0.0019143759786,0.000737,-0.000334652053137,-0.000622235036683
0.367789,0.00191389138093,0.000623,-0.00033467283248,-0.000621447437719
0.367897,0.00191343287829,0.000664,-0.000334479559053,-0.000620606663352
0.368005,0.00191274589014,0.000716,-0.000334051244155,-0.000619698488461
0.368113,0.00191189569082,0.00077,-0.000333464454266,-0.000618720012355
0.368222,0.0019115693768,0.000823,-0.000332839630552,-0.000617672109524
0.36833,0.00191197128441,0.000861,-0.000332381046542,-0.000616573518216
0.368439,0.00191290942454,0.000892,-0.000332251751107,-0.000615432879608
0.368547,0.00191365971815,0.00092,-0.000332328914362,-0.000614253769617
0.368656,0.00191427082214,0.000943,-0.000332485298432,-0.000613042362003
0.368781,0.001913779382,0.001089,-0.000332645813836,-0.000611639833155
0.368905,0.00191227093496,0.00107,-0.000332664572804,-0.00061064970833
0.369036,0.00191008464406,0.001101,-0.000332591618237,-0.000610140349776
0.369165,0.00190811250762,0.001079,-0.000332387302124,-0.000609612360631
0.369295,0.00190635762738,0.00107,-0.000331980564745,-0.000609070868834
0.369423,0.00190471147728,0.00105,-0.000331398177213,-0.000608526212642
0.369543,0.00190337528658,0.000985,-0.000330811090427,-0.000608009554721
0.369663,0.00190311887122,0.000986,-0.000330309246736,-0.000607491078871
0.369781,0.00190394568813,0.000933,-0.000330049810057,-0.000606974684581
0.369901,0.0019048134289,0.000937,-0.000330127233373,-0.000606435627216
0.370025,0.00190473895794,0.000913,-0.000330376181456,-0.000605858186367
0.370151,0.00190289030801,0.000884,-0.000330842442888,-0.000605250068773
0.370276,0.00190033952844,0.000831,-0.000331285397139,-0.000604638621
0.370402,0.00189789558552,0.000921,-0.000331533905229,-0.000604022523666
0.370527,0.00189573017165,0.00103,-0.00033140235388,-0.000603462036797
0.370653,0.0018937887237,0.000759,-0.000330911413017,-0.000602999309509
0.370778,0.00189221357382,0.000731,-0.000330236029051,-0.000602614918863
0.370905,0.00189094569329,0.000717,-0.000329566230441,-0.000602270956115
0.371029,0.00189050115221,0.00069,-0.000329042473425,-0.000601966187947
0.371155,0.00189064304231,0.000674,-0.000328952345017,-0.000601695424749
0.37128,0.00189076041712,0.000647,-0.000329277168327,-0.000601479764687
0.371406,0.00188980209211,0.000617,-0.000329917960106,-0.000601327170541
0.371531,0.00188743298235,0.000534,-0.000330767194458,-0.000601246909076
0.371656,0.00188494092997,0.00057,-0.000331496321828,-0.000601237697951
0.371781,0.00188256429844,0.000912,-0.000331838668611,-0.000601292962253
0.371907,0.00188051872117,0.000926,-0.000331682129814,-0.000601410050511
0.372031,0.00187827785207,0.000488,-0.000331147528424,-0.000601578400831
0.372156,0.00187607083313,0.000361,-0.000330459840236,-0.000601791390972
0.37228,0.00187452308831,0.000668,-0.00032981120499,-0.000602037141349
0.372406,0.0018739445564,0.000858,-0.000329469890571,-0.000602310352726
0.372529,0.00187354502775,0.000734,-0.00032975258694,-0.00060259654494
0.372654,0.0018730310472,0.000518,-0.000330489118284,-0.000602895696397
0.372778,0.00187084537996,0.00047,-0.000331471265028,-0.000603197297232
0.372903,0.00186792733111,0.000416,-0.000332320572827,-0.000603505273483
0.373026,0.00186498097298,0.000627,-0.000332812541348,-0.000603807829316
0.373152,0.00186244561581,0.000764,-0.000332858383959,-0.000604111517185
0.373275,0.00186007260165,0.000478,-0.000332516570758,-0.00060440325632
0.3734,0.00185796167433,0.000473,-0.000331968045736,-0.000604693524032
0.373524,0.00185629453315,0.000602,-0.000331431589799,-0.000604967951874
0.373649,0.00185578515212,0.000903,-0.000331072315062,-0.000605229176499
0.373773,0.00185579319806,0.00087,-0.000331256154687,-0.000605460250333
0.373898,0.00185578576656,0.000735,-0.000331924227318,-0.000605669041844
0.374021,0.00185475481699,0.000468,-0.000332843798022,-0.000605846448376
0.374147,0.00185278237182,0.00046,-0.000333743349242,-0.000606002933021
0.374271,0.00185052899245,0.000433,-0.000333110991755,-0.000606134604231
0.374397,0.00184869575754,0.000508,-0.000332229338777,-0.000606251906761
0.37452,0.00184697588312,0.000395,-0.000331404971075,-0.000606350941503
0.374647,0.00184583901933,0.000382,-0.000330606745305,-0.000606436929965
0.37477,0.00184499037137,0.000645,-0.000329876624476,-0.000606503365796
0.374897,0.00184564447505,0.000939,-0.000329177121299,-0.000606552861451
0.37502,0.00184614511774,0.00089,-0.000328548187954,-0.00060657500271
0.375147,0.00184701208344,0.000748,-0.000327941744497,-0.000606571095498
0.375273,0.00184643123022,0.000451,-0.000327376765242,-0.000606535929261
0.375403,0.00184511352343,0.00039,-0.000326834431911,-0.000606468194949
0.375532,0.00184356024109,0.000275,-0.000326337951452,-0.000606369182675
0.375664,0.00184250817083,0.000375,-0.000325902170029,-0.00060624408742
0.375794,0.00184146423621,0.000309,-0.00032554406562,-0.000606103319061
0.375924,0.00184068084667,0.000367,-0.000325249009526,-0.000605953384674
0.376056,0.00184079051989,0.000776,-0.000325044500107,-0.000605790363184
0.376186,0.00184159794292,0.000847,-0.000324958038852,-0.000605615547051
0.376315,0.00184257766118,0.00073,-0.000324903203871,-0.00060541978723
0.376448,0.00184342590715,0.000511,-0.000324721794043,-0.000605196530632
0.376578,0.0018426391619,0.000419,-0.000324360935068,-0.000604960113097
0.376708,0.00184127807528,0.000427,-0.000323970309027,-0.000604715745032
0.376838,0.00183980354767,0.000433,-0.000323748499149,-0.000604475184658
0.376973,0.00183902075973,0.000458,-0.000323706241171,-0.000604237129067
0.377108,0.00183888645488,0.000467,-0.000323636509575,-0.000604019905978
0.377244,0.00184085917082,0.000862,-0.000323294083643,-0.000603824851018
0.377364,0.00184221750029,0.000803,-0.000322758950831,-0.000603669016105
0.377486,0.00184364984548,0.000644,-0.000322161965833,-0.000603527545519
0.377611,0.00184382388869,0.000664,-0.000321670423378,-0.000603399140633
0.377738,0.00184325906675,0.000527,-0.000321382107284,-0.000603282500461
0.377868,0.00184247194409,0.000435,-0.00032118063519,-0.000603169767042
0.378007,0.00184234646166,0.000431,-0.00032085815175,-0.000603055697819
0.378144,0.00184272570909,0.000401,-0.000320255194091,-0.000602958653667
0.378282,0.00184429291817,0.000436,-0.000319413529596,-0.000602891761313
0.378418,0.00184593503926,0.000656,-0.000318577179305,-0.000602860279572
0.378557,0.00184741746857,0.000574,-0.000317952951153,-0.000602860279572
0.37869,0.00184787083801,0.000483,-0.000317549979034,-0.000602872085449
0.378823,0.00184756546814,0.000508,-0.000317155297439,-0.000602878644154
0.378962,0.00184733258395,0.000544,-0.000316527588806,-0.000602876020682
0.379101,0.00184742434894,0.000477,-0.000315576351561,-0.000602868150187
0.37924,0.00184787158264,0.000556,-0.00031438591613,-0.000602866838426
0.37938,0.001849692035,0.000553,-0.000313199779298,-0.0006028878262
0.379519,0.00185157705218,0.000456,-0.000312220101009,-0.000602938980341
0.379653,0.00185325151291,0.00036,-0.000311473630319,-0.000603009800822
0.379786,0.00185345089283,0.000469,-0.000310756486964,-0.000603087167698
0.379922,0.00185321503699,0.000627,-0.000309848719321,-0.00060316452303
0.380063,0.0018531172078,0.000643,-0.000308647960592,-0.000603241866822
0.380204,0.0018531773617,0.000585,-0.000307382229669,-0.000603313956575
0.380344,0.00185473415484,0.000474,-0.000306354896683,-0.000603388657196
0.38047,0.00185646607983,0.000351,-0.000305684326316,-0.000603460726538
0.380603,0.00185851515474,0.000519,-0.000305106531224,-0.000603543266381
0.380725,0.00185932010802,0.000415,-0.000304502135172,-0.000603627102921
0.380862,0.00185959501126,0.000394,-0.00030364460698,-0.000603721402818
0.381005,0.00185953861807,0.000513,-0.000302526427389,-0.000603827469692
0.381148,0.00185954519798,0.000474,-0.000301491591049,-0.000603941369189
0.381282,0.00186068900255,0.000314,-0.000300805184327,-0.000604065713607
0.381411,0.00186283107343,0.00037,-0.000300378558172,-0.000604209654071
0.381538,0.00186479033927,0.000504,-0.000300004216093,-0.000604382329837
0.381673,0.00186660875725,0.000542,-0.000299469704772,-0.000604879105454
0.381815,0.0018669409319,0.00037,-0.000298658361237,-0.000605342768061
0.381956,0.00186689150636,0.000481,-0.000297782324595,-0.000605686002452
0.38209,0.00186701931014,0.000486,-0.00029718666944,-0.000606175011441
0.382225,0.00186857260244,0.000394,-0.000296891943465,-0.000606564583412
0.382356,0.00187077776474,0.000298,-0.00029678193794,-0.000606815890372
0.38249,0.00187306239973,0.000517,-0.000296608092478,-0.000607255708746
0.382632,0.00187459889661,0.000531,-0.000296218427215,-0.000607572978111
0.382774,0.00187463131436,0.000309,-0.000295627995127,-0.000607880958914
0.38291,0.00187436058226,0.000405,-0.000295147335464,-0.000608199142599
0.383041,0.00187477777019,0.000409,-0.000294948797735,-0.000608582001504
0.383178,0.00187661569308,0.000449,-0.000295001746861,-0.0006088063934
0.383318,0.00187893092132,0.000379,-0.000295083368596,-0.000609068276596
0.383461,0.00188115182437,0.000434,-0.000294959829147,-0.000609572221678
0.383601,0.00188181237136,0.000362,-0.000294527262286,-0.000609908774116
0.383744,0.00188240720563,0.000373,-0.00029387347042,-0.00061039121367
0.383887,0.00188342382156,0.000293,-0.00029329645767,-0.000610769864142
0.384028,0.00188563592539,0.000271,-0.00029305312402,-0.000610980392157
0.384163,0.00188832267958,0.000354,-0.000293126133347,-0.000611261822648
0.384302,0.00189099665048,0.000433,-0.000293274340062,-0.000611537939589
0.384445,0.00189196590949,0.000504,-0.000293263280986,-0.000611719786118
0.384587,0.00189286311082,0.000456,-0.000293030998418,-0.000611799726649
0.38473,0.00189461938649,0.000433,-0.000292643682694,-0.000612071689225
0.384866,0.00189696247981,0.00046,-0.000292413400954,-0.000612071689225
0.385004,0.00189937589126,0.00061,-0.00029261711574,-0.000612285549207
0.385139,0.00190070380261,0.000651,-0.000293238950378,-0.000612227583908
0.385276,0.0019011705777,0.00062,-0.000294098835301,-0.000612396309148
0.385412,0.00190200021133,0.000569,-0.000295003952984,-0.00061215930528
0.38555,0.00190504461348,0.00058,-0.000295773448194,-0.000612319037289
0.385688,0.00190806812425,0.00064,-0.000296436403437,-0.000611902857358
0.385826,0.00190905597121,0.000682,-0.00029710090433,-0.000611790701728
0.385969,0.00190925543956,0.000666,-0.000297942687492,-0.000611791991012
0.386105,0.00191045044049,0.000537,-0.000298921607269,-0.00061123342839
0.386245,0.00191090856579,0.000477,-0.000299923190566,-0.000610953273749
0.386374,0.00191146969959,0.000465,-0.000300787687061,-0.00061083574413
0.386512,0.00191349925703,0.000557,-0.000301817060235,-0.000610419654438
0.386631,0.00191455205894,0.00053,-0.00030297348769,-0.000609836304476
0.386769,0.00191590946316,0.000698,-0.000304493434832,-0.000609136966497
0.386889,0.00191747074399,0.000591,-0.000305777682321,-0.000608540484786
0.38702,0.00191724317126,0.00057,-0.00030679073125,-0.000607834188856
0.387132,0.00191632541208,0.000529,-0.00030760958933,-0.000607146439741
0.387267,0.00191685769835,0.000694,-0.000308756031197,-0.000606529416732
0.387376,0.00191709573137,0.000558,-0.000309870295873,-0.00060647861619
0.387506,0.00191700003234,0.000671,-0.000311161455827,-0.000606443443659
0.387613,0.00191758923916,0.000555,-0.000312110441767,-0.000606429113423
0.38774,0.001920016126,0.000735,-0.000313096723351,-0.000606419993975
0.387858,0.00192142781732,0.000676,-0.000313558203412,-0.000606425205108
0.387978,0.00192182133116,0.000618,-0.000313740560491,-0.00060642390233
0.388103,0.00192267410439,0.000666,-0.000313710528657,-0.00060643171895
0.388224,0.00192310972129,0.000646,-0.000313543183535,-0.000606442140927
0.388351,0.00192241161468,0.00069,-0.00031339511226,-0.000606459076191
0.388477,0.00192226389041,0.00069,-0.000313367211073,-0.0006064760109
0.388605,0.0019236903081,0.000709,-0.000313463787107,-0.000606487734604
0.388732,0.00192469141034,0.000749,-0.000313686931261,-0.000606490339836
0.38886,0.00192563959481,0.000955,-0.000314148000951,-0.000606487734604
0.388989,0.00192757363908,0.000866,-0.000314829367779,-0.000606487734604
0.389118,0.00192981375322,0.000734,-0.000315469385513,-0.000606502063215
0.389247,0.0019296725541,0.000694,-0.000315807339272,-0.000606535929261
0.389377,0.0019283256122,0.00069,-0.000316179316713,-0.000606598445361
0.389506,0.00192721424628,0.000687,-0.000316935453683,-0.00060668699689
0.389634,0.00192767731821,0.000687,-0.000317942293678,-0.000606800268632
0.389763,0.00192860298355,0.000719,-0.000318851823269,-0.000606946053167
0.389892,0.00192935841332,0.00073,-0.000319577270649,-0.000607120419903
0.390023,0.00193067128076,0.00079,-0.000320403861597,-0.000607329842404
0.390153,0.00193210956609,0.000743,-0.00032115093936,-0.000607562578928
0.390284,0.00193370186139,0.000736,-0.000321727647603,-0.00060781989716
0.390415,0.00193351332677,0.000707,-0.000321903528005,-0.000608096566027
0.390548,0.00193266957365,0.000687,-0.000321789105126,-0.000608396447761
0.390681,0.00193266142029,0.000658,-0.000321632271134,-0.000608711719711
0.390814,0.0019339072724,0.000635,-0.000321606835078,-0.000609041057311
0.390947,0.00193540968352,0.000601,-0.000321786985996,-0.000609370184634
0.39108,0.00193701916574,0.000905,-0.00032227420643,-0.000609701690946
0.391213,0.00193908588349,0.000963,-0.000323184131374,-0.000610018753195
0.391347,0.00194058291253,0.000754,-0.00032412869889,-0.00061030717495
0.391481,0.00194133075754,0.000628,-0.000324711245421,-0.000610555372822
0.391615,0.00194194803714,0.000627,-0.000325160466865,-0.000610759529261
0.39175,0.00194198565434,0.000621,-0.000325744206845,-0.000610918405124
0.391885,0.00194258078307,0.000629,-0.000326407397143,-0.000611032042313
0.392021,0.00194448631353,0.00065,-0.000326975313485,-0.000611106925831
0.392157,0.00194740580412,0.000868,-0.000327704470456,-0.000611145654408
0.392294,0.00194980989056,0.001089,-0.000328646760711,-0.000611149527105
0.392431,0.00195154560141,0.000937,-0.000329556286067,-0.000611113380796
0.392569,0.00195247176111,0.000436,-0.000330150776726,-0.000611032042313
0.392707,0.00195239145679,0.000388,-0.000330516831683,-0.000610900324166
0.392844,0.00195282112226,0.000455,-0.000330796986911,-0.000610706559737
0.392981,0.00195466879707,0.000387,-0.000331120897574,-0.000610441630318
0.393119,0.00195824146361,0.000395,-0.000331726493708,-0.000610101545476
0.393259,0.00196254342392,0.000771,-0.000332904754011,-0.000609695218255
0.3934,0.00196432595065,0.000853,-0.000334168239242,-0.000609243223403
0.393543,0.00196451308158,0.000584,-0.000334993283976,-0.000608763597858
0.393686,0.0019653631975,0.00049,-0.000335560027425,-0.000608258861335
0.39383,0.00196686773372,0.00046,-0.00033612835211,-0.000607726341735
0.39397,0.00197000860328,0.000419,-0.000336795604696,-0.000607181564443
0.394115,0.00197312666687,0.000736,-0.000337513898508,-0.000606597143019
0.39426,0.00197675173561,0.001064,-0.000338518593762,-0.000606002933021
0.394408,0.00197980365421,0.000929,-0.000339725895328,-0.000605411955296
0.394548,0.00198187752025,0.000488,-0.000340537756585,-0.000604871265331
0.394688,0.00198456839358,0.000377,-0.000340933017121,-0.000604378406027
0.394834,0.00198741928506,0.000382,-0.000341206676445,-0.0006039138785
0.394975,0.00198966007435,0.000366,-0.00034142264185,-0.00060351706468
0.395123,0.00199269260711,0.000457,-0.000341632368053,-0.000603139613251
0.395249,0.0019968630102,0.000668,-0.000342111194472,-0.000602845849802
0.395383,0.00200174910326,0.000639,-0.000343010350631,-0.000602558482603
0.395528,0.00200542029733,0.000504,-0.000343643937705,-0.000602331363028
0.395674,0.00200764048074,0.000521,-0.000343809921248,-0.00060219215392
0.395821,0.0020091335751,0.000511,-0.000343803774468,-0.00060214880761
0.395967,0.00201119325227,0.000561,-0.000343787382768,-0.000602188213496
0.396101,0.0020152164964,0.000543,-0.000343777137745,-0.000602269642844
0.396249,0.00202203218738,0.000734,-0.000343934893146,-0.000602406205317
0.396398,0.00202764689179,0.000613,-0.000344379270027,-0.000602593920041
0.396546,0.00202988665725,0.000558,-0.000344606460235,-0.000602809117667
0.396695,0.00203117752407,0.00052,-0.000344321948198,-0.000603038650837
0.396845,0.00203429500093,0.000492,-0.000343814562544,-0.00060328643258
0.39699,0.00203867849004,0.00047,-0.000343300082863,-0.000603545886478
0.397119,0.00204300468109,0.000421,-0.000342953450079,-0.000603769855812
0.397242,0.00204777023232,0.000536,-0.000343029355941,-0.000603949223404
0.397367,0.00205160751312,0.000466,-0.000343523552486,-0.000604097122211
0.397502,0.00205415847803,0.000465,-0.000343873978111,-0.000604226662574
0.397632,0.00205667940539,0.000473,-0.000343771534077,-0.000604318237219
0.397774,0.00205990350051,0.000529,-0.000343527652127,-0.000604390177367
0.397913,0.00206232288385,0.000515,-0.000343355444901,-0.000604445106751
0.398053,0.00206464728982,0.000488,-0.000343244716096,-0.000604490876786
0.398193,0.00206846038422,0.000678,-0.000343289830114,-0.000604543180444
0.398332,0.0020738958878,0.000718,-0.000343664975101,-0.000604592864025
0.398471,0.00207804281288,0.000478,-0.00034409315395,-0.000604609859945
0.398605,0.00208015258627,0.000331,-0.00034416278309,-0.00060457978986
0.39874,0.00208057557639,0.000345,-0.000343937485281,-0.000604510491277
0.398867,0.00208110472556,0.000297,-0.000343630134712,-0.000604422874131
0.398996,0.0020822087907,0.000475,-0.000343365696612,-0.00060431169671
0.399127,0.0020863419624,0.000741,-0.000343199598939,-0.000604152082686
0.399261,0.00209205460586,0.000757,-0.000343439504143,-0.000603925660403
0.399384,0.00209581811189,0.000555,-0.00034409110592,-0.000603659847885
0.399506,0.00209618366173,0.000414,-0.000344735915131,-0.000603361137168
0.399625,0.00209581740121,0.000332,-0.000345042741657,-0.000603055697819
0.399741,0.00209574172445,0.000309,-0.000345181788467,-0.000602756638674
0.399857,0.00209695828686,0.000319,-0.000345314672949,-0.000602457406979
0.399959,0.00209859958027,0.000294,-0.000345553796294,-0.00060218295955
0.400069,0.0021013665232,0.000339,-0.000345980728504,-0.000601879453949
0.400189,0.00210532278483,0.000451,-0.000346750128931,-0.000601570510629
0.400307,0.00210827370586,0.000542,-0.000347854667736,-0.000601300856673
0.400422,0.00211009302583,0.000532,-0.000348936994299,-0.000601079767535
0.400534,0.00211023163913,0.000401,-0.000349751610457,-0.00060090993877
0.400642,0.00211132140761,0.000367,-0.000350165634271,-0.000600786152602
0.400745,0.00211287873658,0.000355,-0.000350336037444,-0.000600699221285
0.400848,0.00211436557659,0.00037,-0.000350447586562,-0.00060063862419
0.400949,0.00211562656603,0.000446,-0.000350628052443,-0.000600605688022
0.401048,0.0021163980294,0.00041,-0.000350915882209,-0.000600605688022
0.401152,0.00211818713018,0.000429,-0.000351456735415,-0.000600641258993
0.401252,0.00212084671727,0.000448,-0.000352363215525,-0.000600715028061
0.401351,0.00212397985635,0.000479,-0.000353331011043,-0.000600830929727
0.401449,0.00212626167403,0.000421,-0.000354180420026,-0.000600982353172
0.40155,0.0021278255427,0.000367,-0.000354674215635,-0.000601178479672
0.401657,0.00212892605671,0.000371,-0.000354744726906,-0.000601423204845
0.401774,0.00212915673551,0.000467,-0.00035433565381,-0.00060171645996
0.401896,0.00212895275787,0.000398,-0.000353712475941,-0.000602025316456
0.402018,0.00212949225289,0.000342,-0.000353284573946,-0.000602310352726
0.402138,0.00213268460368,0.00033,-0.000353205825121,-0.000602561107681
0.402253,0.00213787528471,0.000303,-0.000353629743509,-0.000602771070926
0.402366,0.00214228699816,0.000372,-0.000354379999436,-0.00060295340752
0.40247,0.00214396133334,0.000325,-0.000354919964268,-0.000603093723682
0.402573,0.00214372040491,0.000366,-0.000355062938663,-0.000603198608157
0.402681,0.002143379088,0.000365,-0.000354817244714,-0.000603273325402
0.402793,0.00214336540251,0.000383,-0.000354250985484,-0.000603316577832
0.402909,0.00214394459067,0.000373,-0.000353609563253,-0.000603327062726
0.403026,0.00214585591227,0.000346,-0.000353165437369,-0.000603302160756
0.403138,0.00214839385695,0.000286,-0.000353064456895,-0.000603245799249
0.403249,0.00215175410848,0.000344,-0.000353294669253,-0.000603156656914
0.403348,0.00215396688557,0.000364,-0.000353922286091,-0.000603039962164
0.403457,0.00215629630148,0.000353,-0.000354621830825,-0.000602883891057
0.403563,0.00215679248389,0.00023,-0.00035506696565,-0.000602709403039
0.403662,0.00215658891134,0.000191,-0.00035514750009,-0.000602524355373
0.403759,0.00215697819254,0.000179,-0.000355004544514,-0.000602328736787
0.403855,0.00215809769645,0.000222,-0.000354722567054,-0.000602117280747
0.403952,0.00215904474223,0.000271,-0.000354432403958,-0.000601892596395
0.404048,0.00216012796098,0.000317,-0.000354255017561,-0.000601652036935
0.404145,0.0021604970321,0.00035,-0.000354261065631,-0.000601390318385
0.404242,0.00216202688958,0.000362,-0.000354529139546,-0.000601106092606
0.404337,0.00216419152938,0.000339,-0.000355187763525,-0.000600801956734
0.404431,0.00216633228347,0.000386,-0.000355964353775,-0.00060048314715
0.404527,0.00216732822054,0.000353,-0.000356673730206,-0.000600136450388
0.404623,0.00216812999808,0.000279,-0.000357105402729,-0.000599768408928
0.40472,0.00216869855911,0.000294,-0.000357233844512,-0.000599380298277
0.404817,0.00216926772507,0.000309,-0.000357085331377,-0.000598972073791
0.404915,0.00216976986146,0.00032,-0.000356792218096,-0.000598548979314
0.405006,0.00216921549157,0.000311,-0.000356549193927,-0.000598137454704
0.405091,0.00216870654285,0.000299,-0.000356496961842,-0.000597741502098
0.405177,0.00216894977809,0.000307,-0.000356627534084,-0.000597334642175
0.405262,0.00217028258118,0.000313,-0.000357037157569,-0.000596919503443
0.405352,0.00217203045233,0.000351,-0.000357741339246,-0.000596480131127
0.405443,0.00217442652607,0.000356,-0.000358454762835,-0.000596031084811
0.405535,0.00217593138273,0.000339,-0.00035904534129,-0.000595580321605
0.405628,0.00217671602211,0.000334,-0.000359347426815,-0.000595135825972
0.40572,0.00217704816388,0.000329,-0.000359393427339,-0.000594709606856
0.405813,0.00217637269414,0.000332,-0.000359231410819,-0.00059471036496
0.405905,0.0021754024996,0.000275,-0.000358967296042,-0.000594888886623
0.406001,0.0021747028885,0.000258,-0.000358679046568,-0.000595068678886
0.406099,0.00217416984991,0.000225,-0.00035845876859,-0.000595245747077
0.406199,0.00217454395775,0.000257,-0.000358390667346,-0.000595422755269
0.406301,0.00217736882487,0.000347,-0.000358568917046,-0.000595595712839
0.406404,0.00218016468263,0.00039,-0.000359149386829,-0.000595759304585
0.406507,0.00218260973084,0.000394,-0.000359809282044,-0.000595905562743
0.40661,0.00218255132099,0.000376,-0.000360298764615,-0.000596029185408
0.406713,0.00218135366736,0.000312,-0.000360424571067,-0.000596124873175
0.406816,0.00218027971282,0.000325,-0.000360238848086,-0.000596193970099
0.406919,0.00217946309538,0.000334,-0.000359841259681,-0.000596243129648
0.407021,0.00217944564839,0.000371,-0.000359403427015,-0.000596281656868
0.407124,0.00218039753268,0.000372,-0.000359073355213,-0.000596318852865
0.407226,0.00218150838217,0.000297,-0.000358951285584,-0.000596358702777
0.407328,0.00218385300508,0.000276,-0.00035904534129,-0.000596403862332
0.40743,0.00218567664779,0.000289,-0.000359487418133,-0.000596455658185
0.40753,0.00218761758381,0.000324,-0.000360091029987,-0.000596512760475
0.407629,0.00218792370162,0.00036,-0.00036052240343,-0.000596576495184
0.407727,0.00218757871651,0.000384,-0.000360554345452,-0.000596649514968
0.407816,0.00218796187374,0.000375,-0.000360298764615,-0.000596725179234
0.407898,0.00218844108123,0.000348,-0.000359933186489,-0.00059679817821
0.407975,0.0021888402978,0.000336,-0.000359555402873,-0.000596867186029
0.408052,0.00218948333685,0.000332,-0.000359203403809,-0.000596964614389
0.408128,0.00219021439715,0.000344,-0.00035890925623,-0.000597398276401
0.408204,0.00219019482863,0.000351,-0.000358695063831,-0.000597820981606
0.408278,0.00219020214092,0.00035,-0.000358578929603,-0.000598234079721
0.408353,0.00219037828442,0.000345,-0.000358566914516,-0.000598638915664
0.408426,0.00219068009118,0.000336,-0.000358653017662,-0.000599036829785
0.4085,0.00219124037614,0.000325,-0.000358821185783,-0.000599431799003
0.408573,0.00219270811625,0.000317,-0.000359039338147,-0.000599826468611
0.408647,0.00219496706123,0.000309,-0.000359303423222,-0.000600223475871
0.408722,0.00219728417521,0.000303,-0.000359611384886,-0.00060062281509
0.408797,0.00219904715616,0.000305,-0.000359811280693,-0.000601024480544
0.408872,0.0022002271884,0.000305,-0.00035980328606,-0.000601425835672
0.408947,0.00220114246902,0.000306,-0.000359601388457,-0.000601828195227
0.409023,0.0022011483108,0.000306,-0.000359283420589,-0.000602228929767
0.409098,0.00220112735506,0.000313,-0.000358935274727,-0.000602626730326
0.409172,0.00220118720553,0.000318,-0.000358616975893,-0.000603022914664
0.409247,0.00220118883569,0.000322,-0.000358366629885,-0.000603422727589
0.409321,0.00220140968799,0.000326,-0.000358196338716,-0.000603831397678
0.409395,0.00220230523326,0.000332,-0.000358100154298,-0.000604254136668
0.409468,0.00220328145442,0.000338,-0.000358062077311,-0.000604696138317
0.409541,0.00220415577186,0.000355,-0.00035808011406,-0.000605159964815
0.409614,0.00220550295604,0.00037,-0.000358158267443,-0.000605642947514
0.409696,0.00220771199958,0.000435,-0.000358376645603,-0.000606210202245
0.409785,0.00220937763879,0.000499,-0.000358769138463,-0.000606851037559
0.409873,0.00221048623467,0.000524,-0.000359103368772,-0.000607492378961
0.409967,0.00221084162372,0.000597,-0.000359269418374,-0.000608199142599
0.410067,0.00221101614432,0.000653,-0.000359115373801,-0.000608968465523
0.410161,0.00221157904202,0.000628,-0.000358719088974,-0.000609712047082
0.410259,0.00221238449467,0.00066,-0.000358134221263,-0.0006105036748
0.410361,0.00221306514006,0.000677,-0.000357478615434,-0.000611328930119
0.410455,0.00221353830386,0.000622,-0.000356922730274,-0.00061209101758
0.410553,0.00221406930318,0.000631,-0.000356482898631,-0.000612868702558
0.410653,0.00221542212228,0.000629,-0.00035637038185,-0.000613650350211
0.410746,0.00221660729611,0.000563,-0.000356655653859,-0.000614357691504
0.41084,0.00221792588541,0.000562,-0.000357115438169,-0.000615075588175
0.410937,0.00221901547718,0.000561,-0.000357530767655,-0.000615793759836
0.41102,0.00221964241469,0.00047,-0.00035767316173,-0.000616394662273
0.411105,0.00222007841804,0.00046,-0.000357633053922,-0.000616982097187
0.411184,0.00222033880145,0.000419,-0.000357426458972,-0.000617503837478
0.411266,0.00222007316049,0.00042,-0.000357105402729,-0.000618000845019
0.411343,0.00221967186663,0.000394,-0.000356758079762,-0.000618435012271
0.411422,0.00221932042215,0.000399,-0.000356416596487,-0.00061884083491
0.411498,0.00221912319422,0.000377,-0.00035613925874,-0.000619189152515
0.411577,0.00221936059903,0.000392,-0.000355926149799,-0.00061950929331
0.411652,0.002220617232,0.000377,-0.000355833646546,-0.000619779731956
0.41173,0.00222241379062,0.000389,-0.000355986470828,-0.00062002338483
0.411805,0.00222413601702,0.000369,-0.000356296029582,-0.000620222535341
0.411889,0.00222585865308,0.000404,-0.000356625525481,-0.000620407662858
0.411967,0.00222636261997,0.000374,-0.000356792218096,-0.000620540760964
0.412048,0.0022263019377,0.000404,-0.000356691806044,-0.000620642145723
0.412132,0.00222572993648,0.000399,-0.000356296029582,-0.000620711836049
0.412211,0.00222507566172,0.00037,-0.000355660669927,-0.000620752378762
0.412292,0.00222454355801,0.000418,-0.000354819258981,-0.000620773915767
0.412376,0.00222431380435,0.000463,-0.000353885977694,-0.000620782783681
0.412454,0.00222435070691,0.000409,-0.000353060417347,-0.000620785317342
0.412536,0.00222493606929,0.000451,-0.000352326819042,-0.000620784050513
0.41262,0.00222547196576,0.000465,-0.000351752290969,-0.000620781516846
0.412698,0.00222584058413,0.000405,-0.000351385862903,-0.000620777716321
0.41278,0.00222638093708,0.000446,-0.000351167121427,-0.000620775182621
0.412865,0.00222703370291,0.000542,-0.000351124579738,-0.000620773915767
0.412943,0.00222730200478,0.000444,-0.000351284602933,-0.000620778983165
0.413025,0.00222753900303,0.000349,-0.000351566066285,-0.000620792918251
0.41311,0.00222758933967,0.00035,-0.000351788719937,-0.000620818253794
0.413189,0.0022273824672,0.000335,-0.000351707763877,-0.000620852454778
0.413281,0.00222761711067,0.000395,-0.000351177249987,-0.000620906918275
0.413361,0.0022274357796,0.000418,-0.000350329952392,-0.000620974039692
0.413446,0.00222717407919,0.00057,-0.000349172749583,-0.000621067741599
0.413534,0.00222693364285,0.000636,-0.000347879101121,-0.000621196870038
0.413626,0.00222632978455,0.000662,-0.000346591017712,-0.000621371521135
0.413709,0.00222517044492,0.000612,-0.000345586490057,-0.000621568880719
0.413794,0.00222411581723,0.000511,-0.000344744099059,-0.000621812944138
0.413878,0.00222334171543,0.000451,-0.000344117729795,-0.000622094799249
0.413964,0.00222325072542,0.000413,-0.000343687517884,-0.000622429536348
0.414045,0.00222365758696,0.000329,-0.000343523552486,-0.000622782981711
0.414128,0.00222454791088,0.00032,-0.000343572746461,-0.000623186618736
0.414215,0.00222519748765,0.000354,-0.000343714158344,-0.000623632769167
0.414296,0.00222520920721,0.000403,-0.000343738748565,-0.000624079786905
0.41438,0.00222470082285,0.000553,-0.000343492804356,-0.000624582997957
0.414467,0.0022235730057,0.00058,-0.00034291446794,-0.000625153538844
0.414555,0.00222233935193,0.000497,-0.000341996685329,-0.000625777383083
0.41464,0.00222138601755,0.00058,-0.000340803888731,-0.000626433035361
0.414731,0.00222078775484,0.000697,-0.000339367572883,-0.000627159154352
0.414825,0.0022207365367,0.000731,-0.000337857776917,-0.000627939197362
0.41491,0.00222027719955,0.000597,-0.00033662213971,-0.000628651934697
0.414998,0.00221991136504,0.000601,-0.000335585461765,-0.000629401035248
0.415089,0.00221925236838,0.000636,-0.000334869191946,-0.00063019255304
0.415185,0.00221844548023,0.000676,-0.000334549211712,-0.000631032493675
0.415271,0.00221782891988,0.000601,-0.000334545055092,-0.00063177807314
0.41536,0.00221729278861,0.000595,-0.000334574150873,-0.00063251512456
0.415453,0.00221660221089,0.000575,-0.000334385005111,-0.00063322637796
0.41555,0.00221580518094,0.000542,-0.000333792270724,-0.000633895892764
0.415638,0.0022149958015,0.00048,-0.000332792763782,-0.000634433823322
0.415729,0.00221411944942,0.000687,-0.000331359555188,-0.00063493668714
0.415823,0.00221273945367,0.000833,-0.000329617542576,-0.000635420587997
0.415922,0.00221125107812,0.000883,-0.0003277658965,-0.000635920006661
0.416011,0.00220995443422,0.000715,-0.000326262706854,-0.000636383308141
0.416103,0.0022092263751,0.00059,-0.000325019716765,-0.000636874407452
0.416199,0.0022091208874,0.000437,-0.000324163003972,-0.000637377285705
0.416299,0.00220934358782,0.00048,-0.000323844089473,-0.000637868637688
0.41639,0.00220906435559,0.000459,-0.000324055308414,-0.000638262841171
0.416483,0.00220801098013,0.000494,-0.000324574618605,-0.000638607820629
0.416581,0.00220704249303,0.000531,-0.000325089302036,-0.000638891455416
0.416682,0.00220608903496,0.000583,-0.000325295905803,-0.000639113849579
0.416774,0.00220517851011,0.000554,-0.000325106170084,-0.000639264092985
0.416868,0.00220458285222,0.000595,-0.000324492316281,-0.000639382545815
0.416967,0.00220408292499,0.000625,-0.000323436245145,-0.000639471672237
0.41707,0.00220310716618,0.000649,-0.000322090470029,-0.00063953026726
0.417163,0.00220117057967,0.000576,-0.000320892621012,-0.000639555900424
0.417259,0.00219949453286,0.000588,-0.000319875392618,-0.000639566885664
0.417359,0.00219816092292,0.000595,-0.000319218351851,-0.000639583973335
0.417463,0.00219733939575,0.000594,-0.000319075800411,-0.00063962668996
0.417558,0.0021967830827,0.000509,-0.000319486350343,-0.000639698689727
0.417656,0.00219648930133,0.000507,-0.000320298189426,-0.000639797519986
0.417758,0.00219602996866,0.000511,-0.000321181151752,-0.000639908528219
0.417851,0.00219456622752,0.000459,-0.00032171968747,-0.000639985365639
0.417948,0.0021930798481,0.00048,-0.000321670940535,-0.000640026828549
0.418049,0.00219179086359,0.000521,-0.000320882010859,-0.000640031706312
0.418143,0.00219033904187,0.000585,-0.000319639443514,-0.000640015853407
0.418242,0.00218914518595,0.0007,-0.000318149530902,-0.000639990243807
0.418344,0.00218847169282,0.000664,-0.000316733131507,-0.000639956095633
0.41844,0.00218764639874,0.000572,-0.00031574583262,-0.000639908528219
0.418541,0.0021867290578,0.000582,-0.00031520454439,-0.00063983167899
0.418647,0.00218536670994,0.000577,-0.000315279452533,-0.000639720653695
0.418746,0.00218408163087,0.000499,-0.000316034481367,-0.000639610824211
0.41885,0.00218296408176,0.000668,-0.00031746090833,-0.000639525384603
0.41896,0.00218175891045,0.000831,-0.000319231116151,-0.000639504632782
0.419062,0.00218070203142,0.000702,-0.000320722838066,-0.000639563223944
0.419162,0.00217976041767,0.000476,-0.000321732403469,-0.000639666962294
0.419265,0.00217856539036,0.00044,-0.000322050223731,-0.000639791419918
0.419366,0.00217702537872,0.000407,-0.000321588274449,-0.000639910967684
0.419472,0.00217501457175,0.000472,-0.000320586980238,-0.000640036584027
0.419576,0.00217322385105,0.000538,-0.000319443818162,-0.000640180455235
0.419684,0.00217128016265,0.000499,-0.00031838175257,-0.000640375468726
0.419789,0.00216948464865,0.000336,-0.000317686975003,-0.000640624000624
0.419897,0.00216799569154,0.000366,-0.000317499302459,-0.000640930840047
0.420002,0.00216681465648,0.000327,-0.000318006748641,-0.000641259387553
0.42011,0.00216559554838,0.000622,-0.00031933109463,-0.00064161081572
0.420217,0.00216434033099,0.000856,-0.000321149334702,-0.000641958352452
0.420326,0.00216243472416,0.000899,-0.00032305352927,-0.000642316572252
0.420433,0.0021605242988,0.000671,-0.000324471211462,-0.000642680599948
0.420546,0.00215847289069,0.000472,-0.000324914270501,-0.00064309526762
0.420656,0.00215630633341,0.00051,-0.000324207344078,-0.000643543496542
0.42077,0.00215418510069,0.000682,-0.000322765817315,-0.000644045760454
0.420881,0.0021523278324,0.000725,-0.000321229934914,-0.000644541476022
0.420994,0.00215062166556,0.000702,-0.000319968898655,-0.000645028247491
0.421105,0.00214913689495,0.000647,-0.000319322586412,-0.000645472327874
0.421216,0.002147519516,0.000731,-0.000319433184688,-0.000645897934814
0.421326,0.00214587765765,0.00069,-0.000320425612719,-0.000646323177633
0.421442,0.00214453368097,0.000926,-0.000322389063143,-0.00064681061453
0.421553,0.00214313749547,0.001063,-0.000324635811094,-0.000647325213576
0.421658,0.00214206579828,0.000895,-0.000326521542735,-0.000647827274828
0.421754,0.00214114169954,0.000533,-0.000327564269595,-0.000648267661302
0.421849,0.00214017539172,0.000481,-0.000327686093258,-0.000648666910873
0.421943,0.00213912545332,0.000465,-0.000327036806348,-0.000649025122422
0.422037,0.002137984851,0.000516,-0.000325951126801,-0.000649349565503
0.422131,0.00213645518422,0.000569,-0.000324751850177,-0.000649652267172
0.422224,0.00213492654329,0.000503,-0.000323689856827,-0.000649944025616
0.422317,0.00213359659995,0.000374,-0.000322964690463,-0.000650228444103
0.42241,0.00213264887811,0.00036,-0.000322782745027,-0.000650509117193
0.422503,0.0021318633732,0.000369,-0.000323379169048,-0.00065078485777
0.422595,0.00213118801314,0.000706,-0.000324869978028,-0.000651061637392
0.422687,0.00213047829208,0.000977,-0.000326927478074,-0.000651350182177
0.42278,0.00212968657205,0.001074,-0.000329181838382,-0.000651663575102
0.422872,0.00212858377941,0.00097,-0.000331211256905,-0.000652011291988
0.422964,0.0021271506099,0.000619,-0.000332503037551,-0.000652393260186
0.423056,0.00212592002698,0.000442,-0.000332784428131,-0.000652803457596
0.423148,0.00212480808317,0.000479,-0.000332200668256,-0.000653231126541
0.423239,0.00212372863231,0.000526,-0.000331102622754,-0.000653663170784
0.423331,0.00212294469914,0.0006,-0.000329847845989,-0.000654092466103
0.423422,0.00212232023457,0.000571,-0.000328712294331,-0.000654514281731
0.423513,0.0021215840709,0.000565,-0.000327875085208,-0.000654940469969
0.423605,0.00212076487393,0.000549,-0.000327461331976,-0.000655387571069
0.423695,0.00211984173748,0.000523,-0.000327623083842,-0.000655875606677
0.423786,0.00211882222139,0.000483,-0.000328590661129,-0.000656417432442
0.423876,0.00211761199219,0.000837,-0.000330343770164,-0.000657010513192
0.423966,0.0021162366353,0.001054,-0.000332544732688,-0.00065763112528
0.424056,0.00211485316667,0.001094,-0.000334821412655,-0.000658242726316
0.424145,0.00211343335281,0.000926,-0.000336742287703,-0.000658811301858
0.424234,0.00211199418895,0.000733,-0.000337878454407,-0.00065931706197
0.424322,0.00211054161531,0.00057,-0.0003380851932,-0.000659760199873
0.424411,0.00210889482534,0.000414,-0.000337545466964,-0.000660154935014
0.424498,0.00210715471722,0.000472,-0.000336568273073,-0.000660525953673
0.424586,0.00210548718917,0.000539,-0.000335450572493,-0.000660896691467
0.424673,0.00210389326441,0.000497,-0.00033441826548,-0.000661276494165
0.424759,0.00210241041146,0.000375,-0.000333638279738,-0.000661666507588
0.424845,0.00210133996929,0.000379,-0.000333273967364,-0.000662052711359
0.424931,0.00210040525485,0.000407,-0.000333490497495,-0.000662417632725
0.425016,0.00209928020282,0.000478,-0.000334484781134,-0.000662745013914
0.425101,0.00209794916706,0.000777,-0.000336097786697,-0.000663026782172
0.425186,0.00209641017234,0.00094,-0.000338043850694,-0.00066326068934
0.425271,0.00209504722202,0.000975,-0.000340056246572,-0.000663450293024
0.425355,0.00209358995205,0.000848,-0.000341801463487,-0.000663604945798
0.425438,0.00209208839683,0.000621,-0.000342898053707,-0.000663729330147
0.425522,0.00209094409996,0.000537,-0.000343101150607,-0.000663829279646
0.425605,0.00208991629509,0.000525,-0.000342471137779,-0.000663909456889
0.425688,0.00208872237302,0.00058,-0.000341279213416,-0.000663971033365
0.42577,0.00208739875622,0.000715,-0.000339806302464,-0.000664020985929
0.425852,0.00208591220366,0.000732,-0.000338295462122,-0.000664062802749
0.425933,0.00208451436164,0.000654,-0.000336942639936,-0.000664102293122
0.426032,0.00208306789436,0.000629,-0.000335647175037,-0.000664161522689
0.426129,0.00208171148691,0.000624,-0.000334876968034,-0.000664250934101
0.426233,0.00208086495444,0.000667,-0.000334754398448,-0.000664376314712
0.426342,0.00207994064778,0.000713,-0.000335533050804,-0.000664546919888
0.426445,0.00207882694454,0.000716,-0.00033701718034,-0.000664729064977
0.42655,0.00207721864023,0.000791,-0.000338652849083,-0.000664912301564
0.426647,0.00207582193708,0.000646,-0.000339684657041,-0.000665056059277
0.426749,0.00207446400678,0.000679,-0.000339670223023,-0.000665161531923
0.426835,0.00207343942738,0.000575,-0.000338735453976,-0.00066520440988
0.426918,0.00207275066641,0.000671,-0.00033734836787,-0.000665184709666
0.427001,0.00207189193335,0.000782,-0.000335728087393,-0.000665112855076
0.427083,0.00207100955654,0.000793,-0.000334080893887,-0.000664989982367
0.427165,0.00206983099241,0.000718,-0.000332585894887,-0.000664819532151
0.427247,0.00206877192488,0.00066,-0.000331398706078,-0.000664608415964
0.427329,0.00206768374841,0.000597,-0.000330625562872,-0.000664369349968
0.427412,0.00206714732827,0.000531,-0.000330355792712,-0.000664118552934
0.427494,0.00206647336149,0.000525,-0.000330646470646,-0.000663867626927
0.427577,0.00206569093788,0.000517,-0.00033148849864,-0.000663628197618
0.427658,0.00206492335283,0.000586,-0.00033271095622,-0.00066340260823
0.42774,0.00206377629536,0.000673,-0.000334112089998,-0.000663188550817
0.427821,0.00206259559396,0.000687,-0.000335539276277,-0.000662980220115
0.427908,0.00206180919482,0.000669,-0.000336926074244,-0.000662761318986
0.428,0.00206105854316,0.00055,-0.00033806398552,-0.000662527172553
0.4281,0.00206013230807,0.000555,-0.000338690022583,-0.000662277758965
0.428197,0.00205895279334,0.000531,-0.000338555774932,-0.000662046879733
0.428297,0.00205744220774,0.000538,-0.000337747638869,-0.000661825226412
0.428394,0.00205619190361,0.000553,-0.000336602959035,-0.000661634991105
0.42849,0.00205515363657,0.000591,-0.000335377394663,-0.000661468036611
0.428579,0.00205390874944,0.000481,-0.000334378236197,-0.000661322050688
0.428668,0.00205252100688,0.000485,-0.000333585716084,-0.000661163168519
0.428751,0.00205109695284,0.000457,-0.000333056834609,-0.000660986702134
0.428833,0.00204987061686,0.000458,-0.00033267969313,-0.000660766906698
0.428916,0.00204868091029,0.00046,-0.000332373235697,-0.00066049202358
0.428999,0.00204734460661,0.000461,-0.000332077065525,-0.000660157276706
0.429082,0.00204566968839,0.000464,-0.000331782848282,-0.000659766058802
0.429165,0.0020441076559,0.000467,-0.00033151146685,-0.000659334654441
0.429249,0.0020429687895,0.00047,-0.000331296369298,-0.000658880566656
0.429333,0.00204178261855,0.000474,-0.000331181482416,-0.000658424883169
0.429418,0.00204054302592,0.00048,-0.000331239972803,-0.000657984064995
0.429503,0.00203908826288,0.000488,-0.000331586629903,-0.000657567569187
0.429588,0.0020378707161,0.000496,-0.000332417024127,-0.000657175458152
0.429673,0.00203665357043,0.000644,-0.00033375844678,-0.000656806611856
0.429758,0.00203512096563,0.000818,-0.000335458340492,-0.000656452825119
0.429844,0.00203313421989,0.000893,-0.00033730904816,-0.000656109408634
0.429929,0.00203115350554,0.000835,-0.000339034808821,-0.000655775203056
0.430015,0.00202919451622,0.000667,-0.000340410068989,-0.000655449045286
0.4301,0.0020273651673,0.000518,-0.000340547513212,-0.000655128585773
0.430186,0.00202554114542,0.000481,-0.000340170562985,-0.000654817386791
0.430272,0.00202338511576,0.000455,-0.000339822256189,-0.000654509544235
0.430358,0.00202166685033,0.000468,-0.000339574824403,-0.000654207434799
0.430444,0.00202045769744,0.000481,-0.00033943457125,-0.000653903954245
0.430531,0.00201936751751,0.000491,-0.000339094663263,-0.00065359910021
0.430618,0.00201766321544,0.000501,-0.000338962563366,-0.000653289308388
0.430705,0.00201585459607,0.00051,-0.000339123018542,-0.000652971005421
0.430792,0.00201424532128,0.000506,-0.000338902159029,-0.000652644175022
0.430879,0.00201226462542,0.000513,-0.000338617201424,-0.000652302852036
0.430968,0.00200989362992,0.000521,-0.000338263928576,-0.000651941053849
0.431057,0.00200737988744,0.000518,-0.000337848432734,-0.000651568267484
0.431147,0.00200505852768,0.000515,-0.000337416118364,-0.000651186853126
0.431236,0.00200326734966,0.000507,-0.000337029067375,-0.000650801564381
0.431325,0.00200129638833,0.000501,-0.00033674950254,-0.000650418363739
0.431416,0.00199910454529,0.000499,-0.000336589993308,-0.000650036061247
0.431507,0.00199729620767,0.000496,-0.000336511260076,-0.000649659443622
0.431598,0.00199609158487,0.00049,-0.0003364159387,-0.000649295705901
0.43169,0.00199459265669,0.000484,-0.000336241837599,-0.00064894607458
0.43178,0.00199263978025,0.000842,-0.000335978524993,-0.000648611778417
0.43187,0.00199072932062,0.001074,-0.000335661164584,-0.000648283253653
0.431961,0.00198882766735,0.00112,-0.000335339498119,-0.000647954511085
0.432051,0.00198668998996,0.000969,-0.000335036363926,-0.000647619545538
0.432142,0.00198447927861,0.00065,-0.000334735166541,-0.000647272335464
0.432234,0.00198209030039,0.000476,-0.000334415121857,-0.000646910449966
0.432327,0.00197990940482,0.000488,-0.000334099079658,-0.000646530246308
0.432422,0.00197788275414,0.000504,-0.000333849464558,-0.000646137705681
0.432518,0.00197652132259,0.000518,-0.000333718378427,-0.000645736415874
0.432615,0.00197541347755,0.000528,-0.000333705892661,-0.000645339627997
0.43271,0.00197399842861,0.000525,-0.000333753753467,-0.000644955805476
0.432806,0.0019723831932,0.000544,-0.000333822417193,-0.00064457168662
0.432902,0.00197089364698,0.000708,-0.000333868189,-0.000644199364145
0.433,0.00196906755669,0.000783,-0.000333891073701,-0.000643813450705
0.433097,0.00196692978548,0.000601,-0.000333878591237,-0.000643433293835
0.433196,0.00196476285277,0.00062,-0.000333826578399,-0.00064302739243
0.433297,0.00196268782685,0.00065,-0.000333739187506,-0.000642615094569
0.433399,0.0019605620326,0.00069,-0.000333668433931,-0.000642204883842
0.433502,0.00195852749606,0.000738,-0.000333695487674,-0.000641814992495
0.433606,0.00195657972031,0.000794,-0.000333891073701,-0.000641457628316
0.433711,0.00195480987124,0.000817,-0.000334252961418,-0.000641120693856
0.433818,0.00195318131938,0.000715,-0.000334693611162,-0.000640749437922
0.433925,0.00195159412137,0.000625,-0.000335129810714,-0.000640260907519
0.434033,0.00194973890201,0.000937,-0.00033549101241,-0.000639582752807
0.434143,0.00194746750686,0.001004,-0.000335737926032,-0.000638692194317
0.434253,0.00194481541514,0.000857,-0.000335860310735,-0.000637643239226
0.434365,0.0019422119776,0.000901,-0.000335887273768,-0.000636538056294
0.434478,0.0019396984933,0.000869,-0.000335852014193,-0.000635469813868
0.434591,0.00193744613807,0.000784,-0.000335891421828,-0.000634504106592
0.434705,0.00193537310658,0.000712,-0.00033619415895,-0.000633630416907
0.434819,0.001934101056,0.000662,-0.000336766072689,-0.000632815829005
0.434933,0.0019326460871,0.000637,-0.000337438878908,-0.000632027180848
0.435046,0.00193111477691,0.000815,-0.000338065515884,-0.000631252188183
0.43516,0.00192944816712,0.001,-0.000338528384778,-0.000630499616513
0.435274,0.00192708538843,0.000968,-0.000338788603927,-0.000629768324309
0.435387,0.00192470604604,0.000735,-0.000338869126862,-0.000629052174771
0.4355,0.00192243993869,0.000668,-0.000338827834294,-0.000628340001653
0.435613,0.00192038615172,0.000667,-0.000338805122265,-0.000627640572897
0.435726,0.00191856636414,0.000645,-0.00033900950199,-0.000626978973637
0.435839,0.00191727087534,0.000637,-0.000339603696297,-0.000626370390149
0.435951,0.00191612135839,0.000666,-0.000340518683213,-0.000625812506416
0.436063,0.00191494997697,0.000687,-0.000341463229239,-0.000625289167838
0.436174,0.00191380319786,0.000847,-0.00034216406229,-0.000624769059723
0.436285,0.00191200656394,0.000979,-0.000342519327715,-0.000624238352187
0.436396,0.00190984929479,0.000969,-0.000342632232628,-0.000623697012813
0.436506,0.00190796324338,0.000841,-0.000342533698523,-0.000623162661733
0.436616,0.00190637413134,0.000642,-0.000342340692539,-0.000622664352435
0.436727,0.00190499514387,0.000588,-0.000342285244034,-0.000622217351208
0.436836,0.00190408609796,0.000622,-0.000342812839622,-0.00062182179398
0.436946,0.0019037597372,0.000674,-0.000344069537732,-0.000621472740733
0.437056,0.00190346770165,0.000745,-0.000345593572167,-0.000621165223939
0.437165,0.00190312927355,0.000685,-0.000346991705825,-0.000620892986307
0.437274,0.00190253996689,0.000688,-0.00034796351415,-0.000620649748767
0.437378,0.00190142189072,0.000699,-0.000348427510494,-0.00062042541128
0.437482,0.00190041009322,0.000671,-0.000348462093362,-0.000620178145466
0.437585,0.00189959319956,0.000594,-0.000348128393132,-0.000619905380004
0.437685,0.00189909057929,0.000591,-0.00034769473228,-0.000619614692553
0.437781,0.00189895501242,0.0006,-0.000347503258826,-0.000619322568921
0.437876,0.00189901717278,0.000613,-0.000347823028485,-0.000619037905085
0.437968,0.00189956328786,0.000616,-0.000348632946238,-0.000618773432168
0.438057,0.0019003455605,0.000615,-0.000349640871024,-0.000618530454118
0.438147,0.00190116148741,0.000642,-0.000350631004607,-0.000618300090707
0.438236,0.00190192453624,0.000642,-0.00035139690861,-0.000618090000361
0.438325,0.00190253069317,0.000647,-0.000351866536806,-0.000617892564044
0.438416,0.00190278679009,0.000662,-0.000352046605065,-0.000617707796474
0.43851,0.00190296740839,0.000683,-0.00035199400606,-0.000617542085989
0.438603,0.00190333900949,0.000674,-0.00035169451449,-0.000617400552204
0.438693,0.00190385574747,0.000642,-0.000351238939444,-0.000617283215222
0.438781,0.00190453017077,0.000613,-0.000350851953924,-0.00061718626436
0.438868,0.00190533213693,0.0006,-0.000350764799477,-0.000617094399218
0.438954,0.00190643190675,0.000591,-0.000351105242972,-0.000616993583754
0.43904,0.0019077906466,0.000577,-0.000351911052746,-0.000616877429916
0.439126,0.00190925951209,0.000562,-0.000353029011779,-0.000616739542777
0.439211,0.00191075753037,0.000558,-0.000354116802103,-0.000616576072848
0.439298,0.00191219723472,0.000588,-0.000354896698068,-0.000616394662273
0.439384,0.00191358348414,0.000667,-0.000355329564967,-0.000616205518003
0.439472,0.00191463457147,0.000733,-0.000355470435456,-0.000616018861233
0.43956,0.00191524433373,0.000788,-0.000355402016506,-0.000615842369651
0.439648,0.0019156531669,0.000835,-0.000355216846327,-0.000615686290186
0.439738,0.00191631208327,0.00088,-0.000354882599824,-0.000615557040859
0.43983,0.00191700872638,0.000923,-0.000354453462431,-0.000615453361887
0.439924,0.0019179173659,0.000971,-0.000354161162649,-0.000615371427857
0.440023,0.00191902701431,0.001029,-0.000354308337083,-0.000615303566318
0.440126,0.00192058111038,0.001086,-0.00035520074205,-0.000615244660337
0.440233,0.00192233462964,0.001131,-0.000356905551731,-0.000615187028367
0.44034,0.00192401786683,0.001142,-0.00035868393214,-0.000615130670839
0.440447,0.00192558374014,0.001146,-0.000359758190425,-0.000615070463906
0.440555,0.00192688198741,0.001147,-0.000359992007755,-0.000614998718748
0.440662,0.00192761598925,0.001144,-0.000359806159918,-0.000614905178729
0.440769,0.00192812870567,0.001136,-0.000359452300379,-0.000614777014001
0.440876,0.0019286970353,0.001122,-0.000358990189339,-0.000614610351934
0.440983,0.00192940668303,0.001171,-0.000358577808893,-0.000614412851357
0.44109,0.00193039903129,0.001214,-0.000358587821271,-0.000614205008882
0.441196,0.0019318347467,0.001255,-0.000359326303164,-0.000614004784641
0.441303,0.00193346773536,0.001289,-0.000360834639798,-0.00061383016639
0.44141,0.00193505086154,0.001319,-0.000362474784457,-0.000613688887554
0.441516,0.00193645768936,0.001376,-0.000363580450234,-0.000613583545293
0.441623,0.00193754335498,0.001417,-0.000364057124896,-0.000613507736872
0.44173,0.00193794755782,0.001438,-0.000364086905242,-0.000613448624233
0.441836,0.00193827438925,0.001463,-0.000363834721033,-0.000613393360609
0.441942,0.00193861524805,0.00148,-0.000363339991686,-0.000613339376441
0.442049,0.00193926409712,0.001501,-0.000362860791826,-0.000613289243201
0.442155,0.00194011243697,0.001513,-0.000362834932645,-0.000613255818321
0.442261,0.00194151057006,0.001507,-0.000363548659259,-0.000613257103934
0.442368,0.00194296132819,0.001481,-0.00036490432895,-0.000613307240312
0.442474,0.00194429946787,0.001439,-0.000366405496958,-0.000613412639294
0.44258,0.00194542692666,0.001376,-0.000367575457103,-0.000613568127538
0.442686,0.00194593467572,0.001288,-0.000368228670689,-0.000613760816186
0.442792,0.00194595978602,0.001176,-0.000368433771558,-0.000613962419497
0.442898,0.00194580114132,0.001048,-0.000368348978259,-0.000614151110044
0.443004,0.00194584744489,0.000911,-0.000368086639015,-0.000614308940649
0.44311,0.00194624114279,0.000806,-0.000368001799412,-0.000614428243746
0.443216,0.00194730976237,0.000806,-0.000368477149804,-0.000614511611155
0.443322,0.00194845746281,0.000805,-0.00036972399381,-0.000614574448396
0.443427,0.00194954776253,0.000857,-0.000371408167875,-0.000614635995779
0.443533,0.00195038379774,0.000813,-0.000372978258216,-0.000614719329416
0.443639,0.00195070232906,0.000829,-0.00037408536896,-0.000614843663659
0.443744,0.00195026337676,0.00085,-0.00037469286984,-0.00061501921839
0.44385,0.00194952852381,0.000861,-0.000374942733017,-0.000615247221608
0.443955,0.00194933470769,0.000857,-0.000374870517083,-0.000615518643687
0.44406,0.00194923051682,0.000835,-0.000374767058272,-0.000615810390029
0.444165,0.00194948425364,0.000814,-0.000375083237693,-0.000616094299218
0.444271,0.00195004903929,0.0008,-0.000376075638166,-0.000616340993299
0.444376,0.00195003962171,0.000809,-0.000377614769291,-0.000616524977783
0.44448,0.00194978466321,0.000862,-0.000379198622344,-0.00061663865735
0.444585,0.00194952438507,0.000906,-0.000380358751972,-0.000616702511197
0.44469,0.00194855500354,0.000936,-0.000380925450503,-0.000616758695991
0.444795,0.00194711424945,0.000952,-0.000381029837593,-0.000616817428043
0.4449,0.00194633158601,0.000953,-0.000380693417205,-0.000616901683995
0.445004,0.00194573406485,0.00094,-0.000380178771705,-0.000617039527442
0.445109,0.00194519639905,0.000917,-0.000380016164671,-0.000617196470579
0.445213,0.00194426426246,0.00089,-0.000380469037042,-0.000617359742394
0.445318,0.0019434617821,0.000933,-0.000381528337099,-0.000617545910682
0.445422,0.00194296948324,0.000962,-0.000382784425859,-0.000617707796474
0.44553,0.00194268375559,0.001014,-0.000383774406395,-0.000617802099993
0.445647,0.0019421851685,0.001083,-0.000384184194486,-0.000617833955359
0.445766,0.00194055826082,0.001108,-0.000384005305812,-0.000619191694106
0.445887,0.00193886069006,0.001129,-0.000383366276548,-0.000620624404846
0.446007,0.00193751955101,0.001136,-0.000382661050553,-0.000622061945255
0.446129,0.00193656903523,0.001172,-0.000382514510922,-0.000623540798441
0.446247,0.0019360398272,0.001151,-0.000383144774394,-0.000624988977228
0.446361,0.00193530764182,0.001083,-0.000384228427912,-0.000626347835976
0.446472,0.00193389752851,0.000989,-0.000385114362931,-0.000627585576798
0.446576,0.00193167928183,0.000853,-0.000385438828668,-0.00062864819264
0.44668,0.00192898109057,0.000817,-0.000385254537359,-0.000629571639987
0.446783,0.00192648466623,0.000782,-0.000384662903717,-0.000630347972877
0.446893,0.00192447701995,0.000789,-0.00038371474358,-0.000631008904962
0.447013,0.00192179168688,0.000848,-0.000382894286608,-0.000631558607662
0.447135,0.00191953524434,0.000822,-0.000382878868714,-0.000631968942809
0.447259,0.00191688093689,0.000775,-0.000383789802331,-0.00063227740391
0.447383,0.00191435258011,0.000898,-0.000385020255679,-0.00063251017319
0.447504,0.00191272340095,0.000964,-0.000385784229001,-0.000632614141732
0.447625,0.0019102684134,0.000975,-0.000385836022648,-0.000632579487936
0.447744,0.00190770109478,0.000792,-0.000385377404247,-0.000632360371254
0.447864,0.00190483395429,0.000614,-0.000384601403291,-0.000632006116802
0.447982,0.00190237315536,0.000601,-0.000384005305812,-0.000631598292112
0.448103,0.0019011653716,0.000619,-0.000384041857103,-0.000631167797092
0.448221,0.00190099043311,0.000586,-0.000384880028898,-0.000630743145361
0.448341,0.00190083869173,0.000582,-0.000385997131086,-0.000630300730308
0.44846,0.00190016440885,0.000477,-0.000386758000498,-0.000629851705303
0.448581,0.00189807846215,0.000511,-0.000386953339293,-0.000629382352397
0.448701,0.00189544293441,0.000521,-0.000386767577349,-0.000628932510012
0.448822,0.00189380467259,0.000505,-0.000386296222682,-0.000628519698579
0.448943,0.0018931650207,0.000454,-0.000385985624713,-0.000628156495172
0.449064,0.00189289239432,0.000396,-0.000386347974052,-0.000627841757699
0.449182,0.00189265843373,0.000602,-0.000387500729352,-0.000627583076834
0.449301,0.00189234751813,0.00078,-0.000388991183439,-0.00062737303572
0.449422,0.00189139353171,0.000604,-0.000390142895248,-0.000627241715761
0.449542,0.00189050390719,0.000365,-0.000390636109054,-0.000627202938594
0.449663,0.00188918216238,0.000377,-0.000390687502761,-0.000627242966588
0.449784,0.00188780064217,0.000389,-0.000390510462189,-0.00062732801557
0.449904,0.00188658908832,0.000503,-0.00039040764141,-0.000627433056359
0.450024,0.00188497526454,0.000685,-0.000390862590315,-0.000627546825959
0.450144,0.00188415543684,0.000863,-0.000392041249602,-0.00062767931656
0.450264,0.00188432848111,0.001036,-0.000393630810246,-0.000627830513454
0.450384,0.00188415003761,0.001202,-0.000394966847196,-0.000627989159142
0.450507,0.00188361896827,0.001344,-0.000395601689347,-0.000628162737982
0.450628,0.00188248510276,0.001414,-0.000395592247036,-0.000628356226914
0.450748,0.00188075849373,0.001457,-0.00039517475373,-0.000628583325933
0.450871,0.00187986734882,0.001483,-0.000394679443858,-0.000628846483467
0.450991,0.00187954769551,0.001424,-0.00039465674847,-0.000629121966133
0.451111,0.00187964726357,0.001357,-0.000395248449374,-0.000629383597942
0.451233,0.00187971277149,0.001287,-0.000396224565172,-0.000629617705841
0.451353,0.00187966576815,0.001161,-0.000396907124287,-0.000629806905286
0.451473,0.00187925582835,0.001051,-0.000396890163666,-0.000629957467355
0.451594,0.00187851426541,0.001013,-0.000396213245722,-0.000630070670421
0.451714,0.00187783548113,0.000936,-0.000395314579061,-0.000630146539589
0.451833,0.00187706384971,0.000859,-0.000394605680821,-0.000630181360965
0.451954,0.00187695128994,0.00079,-0.000394384339269,-0.000630160219702
0.452073,0.00187718713113,0.000673,-0.000394696464857,-0.000630147783251
0.452194,0.00187729296705,0.000692,-0.00039534669666,-0.00063019255304
0.452313,0.00187746761359,0.000695,-0.00039587356641,-0.000630244779442
0.452434,0.0018770339317,0.000711,-0.000396050977638,-0.000630268403898
0.452552,0.00187637819396,0.000685,-0.000395950954125,-0.000630249753104
0.452669,0.00187604610148,0.000665,-0.000395677222672,-0.000630204988387
0.45279,0.00187641979949,0.000661,-0.000395580916075,-0.00063013783387
0.452911,0.00187703840567,0.000656,-0.000396134003807,-0.000630061963393
0.453032,0.00187763029686,0.000668,-0.000397330989437,-0.000629981105256
0.453155,0.00187804860573,0.00071,-0.000398666626298,-0.000629903966967
0.453279,0.00187787197365,0.000634,-0.000399558584384,-0.000629834283546
0.453402,0.00187736092554,0.000589,-0.000399896254735,-0.000629774547247
0.453526,0.00187675984172,0.000553,-0.000399778091026,-0.000629722272189
0.453649,0.0018761624689,0.000574,-0.000399764960335,-0.000629671236556
0.453773,0.00187609467052,0.000586,-0.000400379928435,-0.000629610235988
0.453897,0.0018756730651,0.000705,-0.000401699672907,-0.000629534286211
0.45402,0.00187522064384,0.000743,-0.000403087514575,-0.000629443380484
0.454144,0.00187398797828,0.000505,-0.000403945185491,-0.000629347475895
0.454267,0.00187281696732,0.000477,-0.000404118439654,-0.000629259028259
0.454391,0.00187187210997,0.000465,-0.000403783065034,-0.000629189255821
0.454515,0.00187081923475,0.000465,-0.000403598531396,-0.00062914315089
0.454638,0.00187023924772,0.000644,-0.000404002942276,-0.000629124458504
0.454762,0.00186988082539,0.000491,-0.000404917015979,-0.000629139412468
0.454885,0.00186904199062,0.000582,-0.000405697839821,-0.000629195485895
0.455009,0.00186773409619,0.000463,-0.00040585388613,-0.0006292926651
0.455133,0.00186598516581,0.000435,-0.000405385628788,-0.000629432171797
0.455256,0.00186498113383,0.000512,-0.000404758871893,-0.000629604011026
0.455379,0.00186377118007,0.000472,-0.000404515064629,-0.000629796949187
0.4555,0.0018625962208,0.000517,-0.000404807249678,-0.000629988569627
0.45561,0.00186146493904,0.000483,-0.000405212729753,-0.000630145295924
0.455721,0.00186017369003,0.000479,-0.000405272227359,-0.000630267160533
0.455826,0.00185869806537,0.00045,-0.000404896552555,-0.000630370349393
0.455932,0.00185760513424,0.000469,-0.000404278609964,-0.000630453631043
0.456027,0.00185700515217,0.000458,-0.000403742062319,-0.000630494645313
0.456121,0.00185599840284,0.000479,-0.000403393429397,-0.000630504587664
0.456215,0.0018548944823,0.000498,-0.000403221837279,-0.000630495888117
0.456309,0.00185390948802,0.000509,-0.0004030763197,-0.000630473517166
0.456402,0.00185351532372,0.000513,-0.000402811315147,-0.000630428772288
0.456501,0.00185306604418,0.000531,-0.000402355689919,-0.000630352945522
0.456613,0.00185275870691,0.000559,-0.000401729591945,-0.000630247266279
0.456721,0.00185230788679,0.00051,-0.000401138423141,-0.000630114203305
0.456833,0.00185147360028,0.000513,-0.000400657214411,-0.000629931339967
0.456941,0.00185086067922,0.000467,-0.000400353692256,-0.000629723516896
0.457053,0.00185072972654,0.000452,-0.000400121266188,-0.000629483231583
0.457161,0.00185061768072,0.000405,-0.000399894379297,-0.000629234110637
0.457273,0.00185044633041,0.000393,-0.000399609246659,-0.000628962428857
0.457381,0.00185016627253,0.000392,-0.000399314596966,-0.000628709309424
0.457493,0.00184979664089,0.000433,-0.000399032953729,-0.000628474780332
0.457601,0.00184947919248,0.00043,-0.000398824455396,-0.000628293819216
0.457713,0.00184949829788,0.000438,-0.000398668505452,-0.000628152749448
0.457822,0.00184923727336,0.000393,-0.000398550107643,-0.000628057848537
0.457935,0.00184918743836,0.00039,-0.000398429807375,-0.000627996652984
0.458049,0.00184888911039,0.000393,-0.000398305723302,-0.000627991657102
0.458166,0.00184863599375,0.000395,-0.000398196659246,-0.000628060346157
0.458286,0.00184835364723,0.000415,-0.000398098861389,-0.000628186459961
0.458404,0.00184811321164,0.000414,-0.000398019859565,-0.000628349986491
0.458519,0.00184778655927,0.000423,-0.000397942729042,-0.000628538413337
0.458629,0.00184719918125,0.000424,-0.000397854299339,-0.000628729264325
0.458742,0.00184685122545,0.00051,-0.000397756447547,-0.000628944976413
0.458852,0.00184638265902,0.000556,-0.000397667991316,-0.000629183025671
0.458966,0.00184572594517,0.000638,-0.000397577640034,-0.000629467042453
0.459076,0.00184520051161,0.000657,-0.000397491041056,-0.000629774547247
0.45919,0.00184486399303,0.000713,-0.000397387482952,-0.000630111715813
0.4593,0.0018440638813,0.000705,-0.000397280140882,-0.000630449902308
0.459415,0.00184350923102,0.000749,-0.000397159594349,-0.00063080152512
0.459525,0.00184304052388,0.00074,-0.000397042792591,-0.000631138008629
0.45964,0.00184280117871,0.000796,-0.000396916546654,-0.000631474267835
0.459751,0.00184258383721,0.000799,-0.00039679781439,-0.00063178055243
0.459866,0.00184259256879,0.000865,-0.00039667151868,-0.000632069306298
0.459977,0.00184238291773,0.000864,-0.000396554625162,-0.000632323223386
0.460092,0.00184185822902,0.000919,-0.000396428280034,-0.000632562160143
0.460204,0.00184123947845,0.000891,-0.000396307568172,-0.000632778714712
0.460319,0.00184079841674,0.000923,-0.000396167965864,-0.000632996412857
0.460431,0.00184044218014,0.000875,-0.000396022670728,-0.000633217725261
0.460547,0.0018394752862,0.000897,-0.000395850914525,-0.000633469828644
0.460659,0.00183876288662,0.000851,-0.000395680999097,-0.000633748972274
0.460775,0.00183797164838,0.000876,-0.000395503482314,-0.000634088429441
0.460887,0.00183677124706,0.000835,-0.00039534669666,-0.000634464650527
0.461003,0.00183581045797,0.000862,-0.000395227664306,-0.000634897265017
0.461116,0.00183463903488,0.000821,-0.000395131288105,-0.000635346740145
0.461232,0.00183347802493,0.000841,-0.000394987640975,-0.000635837624495
0.461344,0.00183193632111,0.000797,-0.000394798581078,-0.000636342770975
0.461461,0.00183056627777,0.000809,-0.000394567850232,-0.000636918582817
0.461573,0.00182902059826,0.000762,-0.000394365417538,-0.000637491283064
0.46169,0.00182761934248,0.000778,-0.00039417806138,-0.000638081692998
0.461803,0.00182583086966,0.000741,-0.000393960354665,-0.000638657957433
0.461919,0.00182429919459,0.000766,-0.000393659226114,-0.000639266535595
0.462032,0.00182261436007,0.000742,-0.000393331417721,-0.000639868275334
0.462149,0.00182138651601,0.000767,-0.000392976887491,-0.000640482693724
0.462262,0.00182015039748,0.000744,-0.000392618360545,-0.000641054983396
0.462378,0.00181866197495,0.000762,-0.000392225451557,-0.000641618109186
0.462492,0.0018174020145,0.000729,-0.000391820895432,-0.000642149030259
0.462608,0.00181652605994,0.000738,-0.000391366644435,-0.000642702433163
0.462721,0.00181537251893,0.000701,-0.00039088732699,-0.000643257645743
0.462822,0.00181454149005,0.000624,-0.000390420970984,-0.000643774721877
0.462921,0.00181346511931,0.000615,-0.000389933304368,-0.00064429730711
0.463019,0.00181262776746,0.00061,-0.00038941664862,-0.000644825383264
0.463117,0.0018118496473,0.000603,-0.00038886902337,-0.000645351693085
0.463215,0.00181114465846,0.000594,-0.000388305633235,-0.000645862983672
0.463314,0.00181047994274,0.000596,-0.000387745560224,-0.000646356892369
0.463412,0.00180941335065,0.000604,-0.00038721178232,-0.000646828658565
0.46351,0.00180897615137,0.000607,-0.000386694789613,-0.000647278344625
0.463609,0.00180805015151,0.000607,-0.000386177370031,-0.000647701206732
0.463707,0.00180764585553,0.000604,-0.000385653766786,-0.000648091313662
0.463806,0.0018066109004,0.000599,-0.000385120124141,-0.000648446344251
0.463904,0.00180619513757,0.000595,-0.000384587949269,-0.000648762778801
0.464003,0.0018056095035,0.000591,-0.000384057246483,-0.000649040690965
0.464102,0.00180542336937,0.000589,-0.000383522244253,-0.000649286130247
0.4642,0.00180508940938,0.000587,-0.000382990639879,-0.000649501537688
0.464299,0.0018046979593,0.000588,-0.000382472085181,-0.000649696520291
0.464398,0.00180433264583,0.00059,-0.000381966613021,-0.000649874688775
0.464497,0.00180374039864,0.000593,-0.000381466529149,-0.000650044427274
0.464596,0.00180319797296,0.000597,-0.000380966047539,-0.000650203354928
0.464695,0.00180279019797,0.0006,-0.000380490317903,-0.000650346704515
0.464794,0.00180268402303,0.000602,-0.000380056820364,-0.00065046613079
0.464894,0.0018019666451,0.000604,-0.000379659831114,-0.000650552099862
0.464993,0.00180176183781,0.000604,-0.00037925483811,-0.000650605822947
0.465092,0.00180148060701,0.000605,-0.000378810790858,-0.000650633279159
0.465192,0.00180105804708,0.000603,-0.000378329548322,-0.000650648797214
0.465291,0.00180059134521,0.000602,-0.000377844052937,-0.000650675057429
0.465391,0.00180024731389,0.000599,-0.000377402899354,-0.000650732347605
0.465491,0.00180052771826,0.000597,-0.000377004235657,-0.00065083378268
0.465603,0.00180031491002,0.000654,-0.00037657028136,-0.000651001999706
0.46572,0.00180038457342,0.000664,-0.000376091223387,-0.000651232161483
0.46584,0.00180051213711,0.000671,-0.000375570858917,-0.000651501541214
0.46596,0.00180007722362,0.000688,-0.000375042260387,-0.000651789829389
0.466078,0.00179962969497,0.000694,-0.000374556184162,-0.000652074378751
0.466197,0.00179906039467,0.000725,-0.000374132270828,-0.000652356385176
0.466313,0.00179834535098,0.000741,-0.000373719806166,-0.000652622774939
0.466431,0.00179771121791,0.00078,-0.000373219014074,-0.000652868819897
0.466547,0.00179707214369,0.00079,-0.000372614014507,-0.000653079108931
0.466665,0.0017964297906,0.000824,-0.000371918236562,-0.000653263186775
0.466781,0.00179563038536,0.000822,-0.000371227583731,-0.00065342108271
0.466899,0.00179477594974,0.000889,-0.000370579413094,-0.000653567061801
0.46701,0.00179367314851,0.001018,-0.000370038764792,-0.000653691643923
0.467113,0.00179263011677,0.001058,-0.000369566549797,-0.000653791286966
0.467214,0.0017915586973,0.001114,-0.000369092013738,-0.000653868377886
0.467315,0.00179049326028,0.001136,-0.000368603324237,-0.000653916998267
0.467416,0.00178950338286,0.001128,-0.000368102421879,-0.000653935970774
0.467517,0.00178846664791,0.001094,-0.000367601124676,-0.000653921741462
0.467618,0.00178747174048,0.001046,-0.000367115239535,-0.000653877865166
0.467719,0.00178638808359,0.00099,-0.000366654688939,-0.00065382449684
0.46782,0.00178522847462,0.000932,-0.000366225464306,-0.000653777053479
0.467922,0.00178404368789,0.000877,-0.000365829609234,-0.000653743840409
0.468023,0.00178284541588,0.000827,-0.000365463224174,-0.000653718929139
0.468124,0.00178171653987,0.000786,-0.000365126360189,-0.00065369520295
0.468225,0.00178055630103,0.000752,-0.000364815098189,-0.000653666730017
0.468327,0.0017793374694,0.000727,-0.000364533443666,-0.000653629950044
0.468428,0.00177821567568,0.000729,-0.000364281435961,-0.000653590794156
0.46853,0.00177720434621,0.00073,-0.000364063081076,-0.000653556381869
0.468631,0.0017759920167,0.000732,-0.00036387046974,-0.000653535021311
0.468733,0.00177487561578,0.00073,-0.000363699652286,-0.000653529087659
0.468834,0.00177393224574,0.000728,-0.000363582437117,-0.000653538581468
0.468936,0.00177266903197,0.000754,-0.000363516866701,-0.00065355756854
0.469038,0.00177162515364,0.000787,-0.000363485072559,-0.000653577741502
0.469139,0.00177035661168,0.000825,-0.000363500969828,-0.000653588420972
0.469241,0.00176905265792,0.000864,-0.000363596345127,-0.000653582487961
0.469343,0.00176789942294,0.000901,-0.000363757258631,-0.000653551635158
0.469445,0.0017662186662,0.000931,-0.000363955861322,-0.000653493484245
0.469547,0.00176488774874,0.000952,-0.000364174252903,-0.000653409212592
0.469649,0.00176335631405,0.00096,-0.00036440249146,-0.000653302368676
0.469752,0.00176194017672,0.000956,-0.000364628664748,-0.000653177688188
0.469854,0.00176045876339,0.00094,-0.000364846826113,-0.000653043473028
0.469956,0.00175881588897,0.000916,-0.000365053019137,-0.000652904468413
0.470058,0.0017574213163,0.000884,-0.000365243291981,-0.000652765424637
0.47016,0.001755762198,0.000851,-0.000365413696518,-0.000652627530593
0.470263,0.00175445728234,0.000816,-0.00036556622937,-0.000652496733411
0.470365,0.0017529361069,0.000784,-0.000365691001824,-0.000652371849225
0.470467,0.00175178780099,0.000755,-0.000365784070125,-0.00065225526215
0.470569,0.00175054657292,0.00073,-0.000365839508609,-0.000652145788006
0.470672,0.0017494373729,0.000711,-0.000365857327097,-0.000652044621848
0.470774,0.00174858912476,0.000694,-0.000365843468316,-0.00065194938771
0.470876,0.00174767946586,0.00068,-0.000365803870138,-0.000651860089029
0.470979,0.00174688370147,0.00067,-0.000365742488097,-0.00065177553807
0.471081,0.00174621849244,0.00066,-0.000365663276724,-0.000651695737275
0.471182,0.00174559767242,0.000651,-0.00036556622937,-0.000651624262937
0.471284,0.00174506253863,0.000645,-0.000365457281058,-0.000651562310148
0.471385,0.00174466552004,0.000643,-0.000365340388522,-0.00065150988249
0.471485,0.00174439333447,0.00064,-0.000365225456315,-0.000651465791291
0.471585,0.00174418123687,0.000637,-0.000365122396024,-0.000651422887971
0.471684,0.00174404324994,0.000634,-0.000365035178145,-0.000651371637458
0.471783,0.00174397547463,0.000628,-0.00036495984401,-0.00065130250044
0.471881,0.00174394507407,0.00062,-0.000364892432237,-0.000651209507824
0.471978,0.00174396713339,0.000616,-0.000364826996346,-0.000651083105199
0.472075,0.00174398783486,0.000636,-0.000364761553738,-0.000650923266945
0.472177,0.00174405689286,0.000697,-0.000364704038022,-0.000650719219192
0.472284,0.00174416169556,0.000757,-0.000364666352499,-0.000650478071832
0.472396,0.00174433061001,0.000814,-0.000364684203814,-0.000650204549679
0.472512,0.00174470190211,0.000844,-0.000364711971533,-0.000649910553871
0.472624,0.001745003748,0.000789,-0.000364749654361,-0.000649621168019
0.472735,0.00174547136796,0.000772,-0.000364769486533,-0.000649345975045
0.472837,0.00174591603154,0.000707,-0.000364731804878,-0.000649112539439
0.472932,0.00174629706737,0.000643,-0.000364614779226,-0.000648913733192
0.473026,0.00174691369477,0.000639,-0.000364450113555,-0.000648734020369
0.47312,0.00174760583918,0.000644,-0.00036425364949,-0.000648574620478
0.473213,0.00174842127481,0.000635,-0.000364035285093,-0.000648437951191
0.473307,0.00174941715999,0.000612,-0.000363812873615,-0.000648318034825
0.473406,0.00175051469478,0.000664,-0.000363616213187,-0.000648200488643
0.473512,0.00175178425795,0.00074,-0.000363477123776,-0.00064808051483
0.473627,0.00175325413446,0.000822,-0.000363431416353,-0.000647944909487
0.473737,0.00175457343899,0.000803,-0.000363439365705,-0.00064779606095
0.473851,0.0017560016684,0.000825,-0.000363421479523,-0.000647607535405
0.473962,0.00175734003124,0.000794,-0.000363373780588,-0.000647415333738
0.474077,0.00175882980068,0.000832,-0.000363260481331,-0.000647247096198
0.474187,0.00176034125438,0.000822,-0.000363101430905,-0.000647110060639
0.474295,0.00176188831881,0.000814,-0.00036288664996,-0.000646993430414
0.474396,0.00176300442746,0.000763,-0.000362604142813,-0.000646893611661
0.47449,0.00176412172187,0.000712,-0.00036227372948,-0.000646802193756
0.474584,0.00176525862261,0.000706,-0.0003619052963,-0.000646702336551
0.474677,0.00176629746258,0.0007,-0.000361516717728,-0.000646583203503
0.47477,0.00176751632204,0.000695,-0.00036110596261,-0.000646430334409
0.474863,0.00176874851396,0.000689,-0.000360676980298,-0.000646237676438
0.474956,0.00176998070838,0.000682,-0.000360231731698,-0.000646007593132
0.47505,0.00177126250861,0.000671,-0.000359788171779,-0.000645752087921
0.475143,0.00177246122784,0.000656,-0.000359358304805,-0.00064548318357
0.475236,0.00177369970801,0.000635,-0.00035895416668,-0.000645206892703
0.475329,0.00177491018798,0.000616,-0.000358569798878,-0.000644923203128
0.475422,0.00177608557803,0.000607,-0.000358032899653,-0.000644628477579
0.475515,0.00177731009255,0.000592,-0.000356845317268,-0.000644320278596
0.475608,0.00177853544534,0.000572,-0.000355695763989,-0.000643994951955
0.475701,0.00177981612548,0.000546,-0.00035459654007,-0.000643653674878
0.475794,0.00178107910711,0.000519,-0.000353549927598,-0.000643297626268
0.475887,0.00178236430029,0.000495,-0.000352550124192,-0.000642926774699
0.47598,0.00178372617599,0.000472,-0.000351595327805,-0.00064253744742
0.476073,0.00178502512871,0.000454,-0.000350675605982,-0.000642125958476
0.476167,0.00178650731173,0.000445,-0.000349772841348,-0.000641694684146
0.47626,0.0017877562718,0.000439,-0.000348881009214,-0.000641252088845
0.476353,0.00178906802384,0.00044,-0.000347985907593,-0.000640806665838
0.476446,0.00179035158186,0.000444,-0.000347081409723,-0.000640369375706
0.476539,0.00179143184813,0.000448,-0.000346167478731,-0.000639940240331
0.476632,0.00179256296387,0.000451,-0.000345246121659,-0.000639515619147
0.476726,0.00179343974604,0.000452,-0.000344321404136,-0.000639083306785
0.476819,0.0017942230127,0.00045,-0.000343399465231,-0.000638635946771
0.476914,0.00179527482861,0.000507,-0.000342484425857,-0.000638166155365
0.477008,0.00179600064508,0.000566,-0.000341598933411,-0.000637684896578
0.477103,0.00179679808844,0.000622,-0.000340736935672,-0.000637193364355
0.477197,0.00179745767802,0.000655,-0.000339915018835,-0.000636707487621
0.477293,0.00179781818957,0.000678,-0.000339123018542,-0.000636233427141
0.477388,0.00179800843448,0.00068,-0.000338371376869,-0.000635783515419
0.477484,0.00179831240068,0.000681,-0.000337645756469,-0.000635359048875
0.477579,0.00179825548131,0.000665,-0.000336950387181,-0.00063497117896
0.477676,0.0017984130007,0.00066,-0.000336266712032,-0.000634611362118
0.477772,0.00179891135,0.000706,-0.000335594769017,-0.000634261156035
0.47787,0.00179929576841,0.000797,-0.000334893052852,-0.000633886017101
0.477967,0.00179954935752,0.000906,-0.000334138593301,-0.000633462415641
0.478065,0.00179998089644,0.000959,-0.000333170861535,-0.000632971679171
0.478163,0.00180039028061,0.000941,-0.000331208110679,-0.000632417325998
0.478262,0.00180069238946,0.000894,-0.000329337923847,-0.000631817740319
0.478361,0.00180090024866,0.00083,-0.000327596829746,-0.000631201307009
0.478461,0.00180105532637,0.000768,-0.000325981667842,-0.000630600272784
0.478561,0.00180126071174,0.000722,-0.000324459617723,-0.000630039573206
0.478662,0.00180144658389,0.000693,-0.000322995382453,-0.000629529305499
0.478763,0.00180155289922,0.000696,-0.000321561802594,-0.000629073362453
0.478864,0.00180151160469,0.000752,-0.000320137845116,-0.000628658171395
0.478966,0.00180134544443,0.000778,-0.000318736356342,-0.000628282585012
0.479069,0.00180109748982,0.000787,-0.000317355355904,-0.000627939197362
0.479172,0.00180077347679,0.000782,-0.000316012083812,-0.000627626824432
0.479275,0.00180042162276,0.000771,-0.000314704636918,-0.000627338020394
0.479378,0.00180008643192,0.000755,-0.000313431089598,-0.000627056559303
0.479481,0.00179972721671,0.00072,-0.000312185194541,-0.000626774941709
0.479585,0.00179936718456,0.00067,-0.000310960652331,-0.000626493167481
0.479688,0.00179909255069,0.000615,-0.000309759745632,-0.000626226276768
0.479792,0.00179871105929,0.000577,-0.000308606388091,-0.00062599686401
0.479896,0.0017983954614,0.000558,-0.000307505163417,-0.000625822541207
0.48,0.00179798838527,0.000556,-0.0003064324792,-0.000625713402189
0.480104,0.00179724607703,0.000553,-0.000305388477745,-0.000625670743775
0.480209,0.00179620818812,0.000533,-0.000304381999778,-0.000625685800096
0.480313,0.00179506319623,0.000489,-0.000303461146653,-0.000625730966376
0.480418,0.00179406267195,0.000435,-0.000302711336457,-0.000625787418569
0.480522,0.00179303930339,0.000441,-0.00030225100739,-0.00062584637304
0.480627,0.00179194267919,0.000453,-0.000302113501722,-0.000625902812388
0.480732,0.00179094632807,0.000463,-0.000302211722941,-0.000625961753445
0.480837,0.00178981998077,0.000467,-0.000302395030634,-0.000626031972143
0.480942,0.00178875558804,0.000468,-0.000302539022871,-0.00062611471741
0.481047,0.00178772881421,0.000463,-0.000302569562693,-0.000626189928662
0.481152,0.00178681023601,0.000453,-0.000302486665645,-0.00062622251674
0.481257,0.00178595871449,0.000442,-0.000302331751513,-0.000626182408039
0.481362,0.00178507092303,0.000425,-0.000302157157378,-0.000626055794135
0.481467,0.0017843558824,0.00041,-0.000302008716524,-0.00062585389865
0.481572,0.00178355647558,0.000397,-0.00030190391491,-0.000625602984801
0.481677,0.00178271701616,0.000385,-0.000301853691652,-0.000625329347245
0.481783,0.00178203795655,0.000377,-0.000301879895561,-0.000625048024557
0.481888,0.00178147741235,0.000372,-0.000302034914362,-0.00062476026104
0.481993,0.00178088704453,0.000369,-0.000302353572576,-0.000624467303563
0.482098,0.00178031863326,0.000372,-0.000302824733829,-0.000624177952202
0.482203,0.00177980900049,0.000409,-0.000303393611021,-0.000623898508809
0.482309,0.00177935749738,0.000449,-0.000303996832695,-0.000623631509406
0.482414,0.00177893288772,0.000487,-0.000304588636301,-0.000623383275663
0.48252,0.00177850369172,0.000522,-0.000305164705653,-0.000623155096129
0.482625,0.00177811831795,0.00055,-0.000305733765072,-0.000622940690558
0.482731,0.0017777746047,0.000568,-0.000306319692928,-0.000622724932543
0.482836,0.00177740540126,0.000571,-0.000306935447162,-0.000622502770198
0.482942,0.00177710179219,0.000559,-0.000307587439574,-0.00062227419519
0.483048,0.00177686344456,0.000535,-0.000308264748968,-0.000622046781157
0.483154,0.00177666469635,0.000516,-0.000308947851974,-0.000621825586723
0.483259,0.00177652240724,0.00052,-0.00030961514562,-0.000621620738176
0.483366,0.00177650088106,0.00052,-0.000310255894658,-0.000621436050953
0.483472,0.00177648790541,0.000514,-0.000310865866052,-0.00062127407827
0.483578,0.00177650057155,0.000504,-0.000311451601144,-0.000621127246024
0.483685,0.00177656730398,0.000492,-0.000312030368398,-0.000621336089523
0.483791,0.0017766312351,0.000479,-0.00031260648286,-0.00062194188378
0.483898,0.00177673183697,0.000467,-0.000313177803883,-0.000622531808289
0.484005,0.00177684009006,0.000457,-0.000313735762877,-0.000623108439084
0.484112,0.00177700873162,0.000452,-0.000314256815856,-0.000623678118466
0.484219,0.00177718258664,0.000447,-0.000314738907403,-0.000624240868697
0.484327,0.00177736449413,0.000443,-0.000315192824069,-0.000624797968605
0.484434,0.00177761956839,0.000437,-0.000315631457306,-0.000625346924735
0.484542,0.0017779338958,0.000434,-0.00031608262536,-0.000625891525021
0.48465,0.00177829823483,0.000418,-0.000316554846311,-0.000626415495482
0.484758,0.00177865942507,0.000384,-0.000317050209171,-0.000626893866013
0.484866,0.00177896713914,0.000362,-0.000317551599679,-0.000627321762455
0.484975,0.00177934937495,0.000367,-0.000318065397072,-0.000627718057258
0.485082,0.00177983398208,0.000368,-0.000317583590425,-0.000628105301218
0.48519,0.00178042424637,0.000374,-0.00031713984729,-0.000628508469391
0.485298,0.00178108857537,0.000386,-0.000316747056972,-0.000628947469656
0.485407,0.00178186568264,0.000399,-0.000316407446984,-0.000629427190078
0.485514,0.00178274173146,0.000415,-0.000316146747519,-0.000629943781749
0.485622,0.00178372638603,0.000447,-0.000315994981698,-0.000630499616513
0.485731,0.0017848257569,0.000465,-0.000315982154823,-0.000631077185056
0.485839,0.00178593970123,0.000467,-0.000316144610213,-0.000631656572985
0.485947,0.00178707291893,0.00048,-0.000316524941856,-0.000632220433345
0.486055,0.001788136182,0.000487,-0.000317146249548,-0.00063276015654
0.486163,0.0017891590981,0.00049,-0.000318005723268,-0.000633277055065
0.486271,0.00179009757489,0.000496,-0.000319062005152,-0.000633771198296
0.486379,0.00179102288023,0.000561,-0.000320254678658,-0.000634251287542
0.486487,0.00179201010848,0.000589,-0.000321504564085,-0.00063471982719
0.486597,0.00179309562322,0.000572,-0.000321905129318,-0.000635178080177
0.486706,0.00179425032517,0.000527,-0.000321962333055,-0.000635626074037
0.486817,0.0017954241571,0.000468,-0.000322015295052,-0.000636061377379
0.486927,0.00179663896337,0.000409,-0.000321983518365,-0.000636480338357
0.487037,0.00179775549483,0.000424,-0.000321822492931,-0.000636879316018
0.487148,0.00179882768359,0.000434,-0.000321540603726,-0.000637262036218
0.487259,0.00179987265881,0.000426,-0.000321192844989,-0.000637630986404
0.48737,0.00180089566441,0.0004,-0.000320853391333,-0.00063798129891
0.487481,0.00180190638982,0.000361,-0.000320571087451,-0.000638320354253
0.487592,0.0018028395264,0.000377,-0.000320371491518,-0.000638648175036
0.487703,0.00180379154019,0.000386,-0.000320239810083,-0.00063897211527
0.487815,0.0018047092137,0.000376,-0.000320156964747,-0.000639290961035
0.487926,0.00180553486481,0.000356,-0.000320101728745,-0.000639609603748
0.488037,0.00180630774954,0.00046,-0.000320067735061,-0.000639929263289
0.488149,0.00180703839224,0.000587,-0.000320054986978,-0.000640246280794
0.48826,0.00180773318241,0.000685,-0.000320067735061,-0.000640561879236
0.488372,0.00180850188858,0.000738,-0.000320114475925,-0.000640876061112
0.488484,0.0018093193233,0.000743,-0.000320199450834,-0.000641192478736
0.488596,0.00181032751962,0.000702,-0.000319559745896,-0.000641514775146
0.488708,0.00181136505519,0.000623,-0.000318233733409,-0.000641842938769
0.48882,0.00181247355726,0.000518,-0.000317129176723,-0.000642183028837
0.488932,0.00181331536954,0.000399,-0.000316277110087,-0.00064253016738
0.489045,0.00181420699498,0.000361,-0.000315650707719,-0.000642889189373
0.489157,0.0018152141181,0.000353,-0.000315194964448,-0.000643252799401
0.489269,0.0018164667751,0.000347,-0.000314835283642,-0.000643619776446
0.489382,0.00181801109767,0.000344,-0.000314520402687,-0.000643985273558
0.489494,0.00181930400954,0.000357,-0.000314261102659,-0.0006443456669
0.489606,0.00182032856546,0.000369,-0.000314111048051,-0.000644698551108
0.489718,0.00182110416014,0.000381,-0.000314111048051,-0.000645042734628
0.489831,0.00182214013156,0.000395,-0.000314267532812,-0.000645381854526
0.489943,0.00182332295965,0.000403,-0.000314524687786,-0.000645705070298
0.490056,0.00182454462026,0.000411,-0.000314794593162,-0.000646016027385
0.490168,0.0018258456572,0.000409,-0.000314998020576,-0.000646309931932
0.49028,0.00182724084311,0.0004,-0.000315122187664,-0.000646586814015
0.490392,0.0018288906964,0.000376,-0.000315216367863,-0.000646845499072
0.490504,0.00183052935298,0.00034,-0.000315376871434,-0.000647088419987
0.490615,0.00183233954305,0.000357,-0.000315693484412,-0.000647319204984
0.490728,0.00183405694006,0.000397,-0.000316219411789,-0.000647541474479
0.490839,0.00183572828981,0.00037,-0.000315430363982,-0.000647760042497
0.490951,0.00183740767681,0.000386,-0.00031468750101,-0.000647977314135
0.491063,0.00183931326169,0.000409,-0.000313973825537,-0.000648201688234
0.491174,0.00184115403505,0.000443,-0.000313293726297,-0.000648428358949
0.491286,0.00184306511161,0.000477,-0.000312627969995,-0.00064865732306
0.491398,0.00184489584972,0.000504,-0.000311950790918,-0.000648892171094
0.49151,0.0018465211978,0.000522,-0.000311238470563,-0.000649125710529
0.491621,0.00184797585878,0.000532,-0.000310475807524,-0.000649360336721
0.491733,0.00184919572486,0.000534,-0.000309738165536,-0.00064959844048
0.491844,0.00185047837104,0.000523,-0.000309213553898,-0.00064984479921
0.491956,0.00185193862517,0.000511,-0.000308911120598,-0.000650098205501
0.492067,0.00185331257741,0.000493,-0.000308774980762,-0.00065036103719
0.492178,0.00185475989844,0.000471,-0.000308768497218,-0.000650632085443
0.492289,0.00185622492728,0.00051,-0.000308831168831,-0.000650906564444
0.4924,0.00185771504282,0.00066,-0.000308883030531,-0.000651174929184
0.492512,0.0018592175605,0.000738,-0.000308859261087,-0.000651434805934
0.492623,0.00186081903417,0.000754,-0.000308727433306,-0.000651683825603
0.492734,0.00186253931413,0.00074,-0.000308498293405,-0.000651927957498
0.492846,0.0018642491269,0.000724,-0.000308206350057,-0.000652169588798
0.492957,0.00186588219314,0.000707,-0.000307894802678,-0.000652417049054
0.493069,0.00186758102423,0.000678,-0.000307585274542,-0.00065267389582
0.49318,0.00186914810717,0.000619,-0.00030729076465,-0.000652943678807
0.493291,0.00187059247811,0.000519,-0.000307024294295,-0.000653228751626
0.493403,0.001871846876,0.000464,-0.000306831415955,-0.000653525527433
0.493515,0.00187296400789,0.000449,-0.000306341384077,-0.000653842286924
0.493628,0.00187401726166,0.000478,-0.000305662116358,-0.000654183732108
0.49374,0.00187506254759,0.000494,-0.000304812601564,-0.000654550995784
0.493852,0.00187626715089,0.000523,-0.000303674601506,-0.000654941653312
0.493965,0.00187762802312,0.000651,-0.000302255372187,-0.000655354466388
0.494077,0.00187920755843,0.00071,-0.000300704077666,-0.000655775203056
0.494189,0.00188097354356,0.000668,-0.00029924126136,-0.000656196760648
0.494301,0.00188256158285,0.000537,-0.00029806299576,-0.000656612060653
0.494413,0.00188364707477,0.000378,-0.000297298320477,-0.000657016405037
0.494525,0.00188460173713,0.000351,-0.000296926655092,-0.000657405110692
0.494637,0.00188577243827,0.000328,-0.000296818855642,-0.000657777037783
0.494749,0.00188736001452,0.000334,-0.000296832056505,-0.000658128696985
0.494861,0.00188937308578,0.000347,-0.000296865057525,-0.000658448382355
0.494973,0.00189139919665,0.000359,-0.000296915655941,-0.00065873145911
0.495085,0.00189328534764,0.000374,-0.000297078424982,-0.00065897094838
0.495197,0.00189470980237,0.000383,-0.000297507154505,-0.00065916456744
0.495309,0.00189607901079,0.000382,-0.000298282568963,-0.000659311197672
0.495421,0.00189736770456,0.000497,-0.000299372782652,-0.000659410881191
0.495533,0.0018987917506,0.000594,-0.000300673452588,-0.000659475371493
0.495645,0.00190040915943,0.000631,-0.000302052379018,-0.000659521095841
0.495758,0.00190237499566,0.000616,-0.000303395789697,-0.000659553920947
0.49587,0.00190434427324,0.000589,-0.000304677796523,-0.000659578538335
0.495982,0.00190602520201,0.00059,-0.000305959516752,-0.000659584399436
0.496095,0.00190751788221,0.000629,-0.000307323253747,-0.000659556265514
0.496207,0.00190910150187,0.000674,-0.000308781464243,-0.000659490613416
0.49632,0.0019110613638,0.000712,-0.000310318426306,-0.000659389773431
0.496433,0.00191330898072,0.000716,-0.000311860448166,-0.000659253723846
0.496545,0.0019161159555,0.000678,-0.000312447456442,-0.000659087128988
0.496658,0.00191922777908,0.00061,-0.000312696724151,-0.000658880566656
0.496771,0.00192188718413,0.000534,-0.000312965226834,-0.000658633986381
0.496885,0.00192313854711,0.000516,-0.000313242207725,-0.000658343802338
0.496998,0.00192384839178,0.000486,-0.000313501906437,-0.000658012289217
0.497111,0.00192486409016,0.000455,-0.000313729327565,-0.000657635832811
0.497224,0.00192616168901,0.000878,-0.000313474009797,-0.000657227286565
0.497338,0.00192732870273,0.001161,-0.000310977884748,-0.000656786570743
0.497452,0.00192864821824,0.001234,-0.000308314492149,-0.000656317139354
0.497566,0.00193012104921,0.001117,-0.000305894403915,-0.000655829541677
0.49768,0.00193196580375,0.000874,-0.000303994655979,-0.000655334366031
0.497794,0.00193380825597,0.000581,-0.000302728783458,-0.000654849344034
0.497908,0.00193560845349,0.000655,-0.000302063294196,-0.00065438516866
0.498022,0.00193702248465,0.000707,-0.000301919199501,-0.000653939528038
0.498136,0.00193847988747,0.000712,-0.000302170253519,-0.000653507725919
0.49825,0.0019403118455,0.000682,-0.000302696069957,-0.00065308029675
0.498364,0.00194287309984,0.000622,-0.000303441540237,-0.000652644175022
0.498478,0.00194557943032,0.000532,-0.00030438635068,-0.000652195768343
0.498591,0.00194832875436,0.000569,-0.000305505765178,-0.000651731470568
0.498702,0.00195106642353,0.000606,-0.000306820578437,-0.000651250045217
0.498811,0.00195341859229,0.000701,-0.000308338281052,-0.000650756216553
0.498916,0.00195501391694,0.000767,-0.000309994923273,-0.000650255921265
0.499026,0.00195628568756,0.000839,-0.000311802364192,-0.000649695324313
0.499138,0.00195756560897,0.000817,-0.000313557696196,-0.000649076616504
0.49925,0.00195894737759,0.000802,-0.000315008725552,-0.000648416368385
0.499362,0.00196042077139,0.000831,-0.000315943672706,-0.000647740831586
0.499472,0.00196197024582,0.000846,-0.00031632839324,-0.000647087217701
0.499582,0.00196358794403,0.000869,-0.000316274973203,-0.000646471264605
0.499692,0.00196546081433,0.00089,-0.000315937258803,-0.000645900345147
0.499802,0.00196776462136,0.000907,-0.000315496688742,-0.000645358931998
0.499912,0.00197006837658,0.000911,-0.000315145733969,-0.000644816928792
0.500022,0.00197217530592,0.000903,-0.000315023712228,-0.000644250151791
0.500134,0.00197390660047,0.000887,-0.000315224929036,-0.000643635515291
0.500245,0.00197553879724,0.000852,-0.000315725565118,-0.000642975267707
0.500356,0.00197707464746,0.000818,-0.000316358306578,-0.000642270443114
0.500467,0.00197853154175,0.000795,-0.000316926403224,-0.000641536659434
0.500578,0.00197986219382,0.000785,-0.000317284949922,-0.000640784749538
0.500687,0.00198116656623,0.000777,-0.000317370289543,-0.000640034145176
0.500794,0.00198243761513,0.000753,-0.000317238008437,-0.000639309279332
0.5009,0.00198372545155,0.000729,-0.000317022461577,-0.000638585807763
0.501005,0.00198524161879,0.000688,-0.000316858086575,-0.000637825770788
0.501111,0.00198687611335,0.000669,-0.000316836736176,-0.000637005695051
0.501219,0.00198855762138,0.000687,-0.000316981905307,-0.000636162156537
0.501328,0.00199006520768,0.000662,-0.00031725081099,-0.000635347971032
0.501437,0.00199112442556,0.000627,-0.000317521740252,-0.000634575612818
0.501546,0.00199166991023,0.00059,-0.000317671023902,-0.000633847747078
0.501655,0.00199200738339,0.000561,-0.000317587855741,-0.000633154679682
0.501764,0.00199217500617,0.000534,-0.0003172465435,-0.000632494080903
0.501872,0.00199238733107,0.000515,-0.000316747056972,-0.000631856164922
0.501981,0.00199265251256,0.000498,-0.00031623437109,-0.00063123853764
0.502088,0.00199295667777,0.000487,-0.000315841042791,-0.000630654941852
0.502194,0.00199308308595,0.000512,-0.000315622901387,-0.000630119178253
0.502299,0.00199312467818,0.000473,-0.00031556942439,-0.000629628910413
0.502405,0.00199310590574,0.000431,-0.00031562076239,-0.000629161842585
0.502512,0.00199307887244,0.000416,-0.000315691345643,-0.000628733005781
0.502619,0.00199302775627,0.000403,-0.000315710594315,-0.000628369955575
0.502725,0.00199294487686,0.000386,-0.000315682790498,-0.000628086570428
0.502832,0.00199298066696,0.000385,-0.000315672096411,-0.000627879236713
0.502939,0.00199304380736,0.00039,-0.000315766198448,-0.000627739300898
0.503046,0.00199306108394,0.00039,-0.000316052699561,-0.000627651821363
0.503153,0.00199307392067,0.000388,-0.000316563390193,-0.000627614325504
0.503259,0.0019931407501,0.000379,-0.000317257212174,-0.000627631823917
0.503365,0.00199317771252,0.000374,-0.000318029167191,-0.000627714308288
0.503471,0.00199322301565,0.000375,-0.000318789577905,-0.000627854251012
0.503577,0.00199335594245,0.000379,-0.000319489574409,-0.000628031622778
0.503683,0.00199358023299,0.000386,-0.000320116600431,-0.000628208932388
0.503788,0.00199394195025,0.000396,-0.000320683598966,-0.000628349986491
0.503893,0.00199411471409,0.000409,-0.000321205571102,-0.00062843984116
0.503998,0.0019938987363,0.000417,-0.000321674145218,-0.000628478523672
0.504102,0.00199325802135,0.000426,-0.000322072489228,-0.000628477275895
0.504205,0.00199230587817,0.000431,-0.000322415550067,-0.000628464797958
0.504308,0.00199129682699,0.000464,-0.000322745736193,-0.000628458558874
0.50441,0.001990330296,0.000582,-0.000323054606659,-0.000628464797958
0.504512,0.00198947351926,0.00071,-0.000323323163878,-0.000628481019216
0.504613,0.00198874441296,0.000809,-0.000323532435674,-0.000628500983128
0.504714,0.0019880265646,0.00085,-0.000323688817615,-0.000628513460172
0.504814,0.00198749067805,0.000844,-0.000323824036904,-0.000628518450904
0.504913,0.00198720813979,0.00078,-0.00032398034958,-0.000628519698579
0.505011,0.00198691339068,0.000671,-0.000324168298084,-0.000628523441586
0.505108,0.00198692637462,0.00054,-0.000324379412142,-0.000628528432219
0.505203,0.00198733577085,0.000386,-0.000324594678704,-0.000628533422803
0.505296,0.00198777494821,0.000378,-0.00032480354654,-0.000628532175162
0.505393,0.00198802175625,0.000396,-0.000324681187572,-0.000628519698579
0.505493,0.00198791323338,0.000429,-0.000324465949326,-0.00062849474449
0.505598,0.00198732952548,0.000455,-0.000324231639415,-0.000628453567552
0.505703,0.0019864680657,0.000427,-0.000323990909908,-0.00062838992387
0.505806,0.0019853845444,0.000421,-0.000323752205116,-0.00062830505317
0.505907,0.00198417832602,0.000457,-0.00032307575687,-0.000628200193229
0.505998,0.00198280403575,0.000456,-0.00032211061592,-0.000628095311549
0.506096,0.00198151027084,0.00048,-0.000321093148601,-0.00062798166519
0.506189,0.00198035138969,0.000418,-0.000320205823511,-0.000627877987457
0.506278,0.00197922962621,0.000331,-0.000319502333416,-0.000627791781363
0.50637,0.00197834076876,0.000304,-0.000318968370959,-0.00062772430548
0.506463,0.00197746647192,0.000325,-0.000318619253807,-0.000627690564165
0.506559,0.00197657429986,0.000331,-0.000318472313995,-0.000627693063599
0.506657,0.00197595130171,0.000314,-0.000318529816074,-0.000627733052861
0.506749,0.00197528827913,0.000256,-0.000318738485286,-0.000627800527578
0.506844,0.00197479951244,0.000284,-0.000319070516693,-0.000627889230648
0.506942,0.00197469356463,0.000322,-0.000319500206932,-0.00062798291419
0.507033,0.00197467764702,0.000301,-0.000319940243149,-0.000628064092565
0.507127,0.00197477750719,0.000303,-0.000320422457922,-0.000628125279962
0.507225,0.00197475800201,0.000296,-0.000320961611157,-0.000628160240867
0.507316,0.0019744029737,0.000263,-0.000321519404175,-0.000628165235085
0.507411,0.00197382345417,0.000307,-0.000321638112878,-0.000628149003697
0.507508,0.00197338321347,0.000345,-0.000321663547676,-0.000628119036689
0.507599,0.00197277731631,0.000328,-0.000321688981492,-0.000628091565373
0.507693,0.00197231021254,0.000327,-0.000321714414328,-0.00062807658039
0.507791,0.00197207345034,0.000301,-0.000321752561741,-0.000628084072937
0.507881,0.00197186673208,0.000242,-0.000321801302445,-0.000628125279962
0.507975,0.00197192572266,0.000266,-0.000321877585007,-0.000628202690147
0.508073,0.00197236966605,0.000277,-0.000321983518365,-0.000628316286874
0.508163,0.00197283572669,0.000278,-0.000322114852083,-0.00062844857618
0.508264,0.00197392629153,0.000341,-0.000322299098821,-0.000628633224139
0.508361,0.00197478632469,0.000347,-0.000322515046642,-0.000628843989726
0.508458,0.0019753931916,0.000334,-0.000322762664353,-0.000629082086535
0.508552,0.00197552366726,0.000343,-0.000323029225509,-0.000629346230261
0.508651,0.00197536629992,0.000348,-0.00032331682127,-0.000629641359647
0.508755,0.00197503268104,0.00035,-0.000323614857814,-0.000629961199729
0.508843,0.00197427617098,0.000299,-0.000323864174783,-0.000630233588525
0.508947,0.00197370049885,0.000361,-0.000324130290358,-0.000630538141655
0.509036,0.00197276459937,0.000407,-0.000324343527532,-0.000630811461428
0.509138,0.00197198433397,0.000519,-0.000324577797598,-0.000631121872478
0.509228,0.00197107309003,0.000465,-0.000323752205116,-0.000631371304514
0.509331,0.00197031764206,0.000488,-0.000322720343135,-0.000631630533427
0.50942,0.00196960599595,0.000349,-0.000321991992298,-0.000631831375191
0.509523,0.00196933327439,0.000423,-0.000321460041807,-0.000632045766039
0.509613,0.00196923980113,0.000415,-0.00032129676773,-0.000632225387563
0.509715,0.00196970696265,0.000483,-0.000321460041807,-0.000632422278281
0.509805,0.00196975270186,0.000377,-0.000321797064266,-0.000632585676288
0.509899,0.00196952748587,0.000415,-0.000322275806102,-0.000632741597684
0.509997,0.00196891712534,0.000416,-0.000322898073979,-0.000632887575549
0.510087,0.00196777734948,0.000353,-0.000323496504844,-0.000633010015866
0.510181,0.00196632557551,0.000346,-0.000324022589876,-0.000633118826713
0.510278,0.00196485187721,0.000358,-0.00032439629834,-0.000633196710946
0.510369,0.00196331737806,0.000332,-0.000324577797598,-0.000633228850132
0.510463,0.00196177448981,0.000344,-0.000324630549616,-0.000633220197476
0.51056,0.00196030464749,0.000358,-0.000324584128064,-0.000633165805946
0.51065,0.00195884871371,0.000334,-0.00032448494377,-0.000633075552488
0.510744,0.00195749703596,0.000427,-0.000324383633732,-0.000632948181043
0.510841,0.00195661102697,0.000499,-0.000324343527532,-0.000632791086447
0.510931,0.00195651990595,0.000489,-0.000324434290702,-0.000632624042379
0.511025,0.00195718996046,0.000507,-0.000324727602274,-0.000632434658773
0.511115,0.00195793122522,0.000452,-0.00032523583983,-0.000632239011411
0.511213,0.00195865805244,0.000403,-0.000325962716596,-0.000632011073127
0.511303,0.00195811150633,0.000356,-0.000326711927058,-0.000631786750602
0.511394,0.00195656601931,0.000325,-0.000327361532649,-0.000631548686062
0.511487,0.00195495899506,0.000338,-0.000327386747088,-0.000631298100934
0.511585,0.00195343320068,0.000344,-0.000326684583279,-0.000631030010705
0.511675,0.00195202867176,0.000311,-0.00032624061343,-0.000630786620292
0.511767,0.0019506124367,0.000319,-0.000326006935319,-0.000630534413544
0.511865,0.00194936489234,0.000338,-0.000325981667842,-0.000630268403898
0.511956,0.00194856760715,0.000299,-0.000326021674233,-0.000630019669983
0.512048,0.00194764954916,0.00043,-0.00032551404416,-0.00062976459051
0.512141,0.00194687723113,0.00054,-0.000324974389074,-0.000629508136924
0.512234,0.00194614410816,0.000566,-0.000324792999249,-0.000629259028259
0.512324,0.00194537934162,0.000519,-0.000325039761511,-0.000629026000525
0.512416,0.00194490620745,0.000438,-0.000325697341743,-0.000628809076055
0.512511,0.00194466208424,0.000433,-0.000326181675439,-0.000628602038337
0.512601,0.00194434419597,0.00043,-0.000326678273014,-0.000628429858096
0.512692,0.00194423438823,0.000431,-0.000327195513411,-0.000628275095404
0.512783,0.00194390568012,0.000457,-0.000327672443042,-0.000628134020415
0.512874,0.00194334850128,0.000465,-0.000328052477901,-0.0006280066446
0.512965,0.00194238153479,0.000456,-0.000328243462013,-0.000627880485965
0.513055,0.00194132291244,0.000424,-0.000328218280478,-0.000627751796741
0.513147,0.0019397441613,0.000382,-0.000328,-0.000627620575007
0.513238,0.0019385204174,0.000324,-0.000327680843981,-0.000627484318355
0.513329,0.00193744448259,0.000275,-0.000327351026347,-0.000627335519207
0.513421,0.00193650276024,0.000237,-0.000327086212004,-0.000627176668503
0.513512,0.00193589368599,0.000205,-0.00032692643105,-0.000627012762404
0.513604,0.00193601850211,0.000223,-0.00032689489074,-0.000626841292395
0.513699,0.00193720563955,0.000215,-0.00032705257714,-0.000626671016567
0.513791,0.00193844534672,0.000207,-0.000327418263775,-0.000626520725651
0.513884,0.00193944054539,0.000244,-0.000327930722742,-0.000626386678649
0.513979,0.0019394365523,0.000279,-0.000328516200024,-0.000626277661021
0.514072,0.00193788539177,0.000214,-0.000328964921818,-0.000626203716182
0.514164,0.00193616964586,0.000199,-0.000329235264687,-0.00062615608498
0.51426,0.00193479457864,0.000224,-0.000329346303477,-0.00062613352127
0.514352,0.00193358119121,0.000234,-0.000329310689311,-0.000626138535514
0.514445,0.00193242525861,0.000266,-0.000329161926868,-0.000626168619941
0.514541,0.00193161441604,0.000326,-0.000328948152696,-0.00062622251674
0.514633,0.00193107802612,0.000429,-0.000328732211933,-0.000626291446154
0.514725,0.00193039536706,0.000477,-0.000328541370122,-0.000626376655018
0.514821,0.00192984907974,0.000494,-0.000328396628859,-0.00062647813512
0.514913,0.00192960489797,0.000469,-0.000328325295327,-0.000626573332542
0.515005,0.0019299200021,0.000426,-0.000328348374672,-0.000626658494026
0.515101,0.00193094686051,0.00039,-0.000328530882699,-0.00062674864941
0.515193,0.00193203718494,0.000403,-0.000328751083379,-0.000626843796024
0.515285,0.00193271290532,0.00044,-0.000328935575573,-0.000626951440382
0.515381,0.00193259169053,0.000487,-0.000329082293658,-0.000627076579481
0.515472,0.00193171745903,0.000471,-0.000329096963661,-0.000627205440436
0.515565,0.00193078245626,0.000465,-0.000328939767974,-0.000627344273308
0.515657,0.00192983680522,0.000443,-0.000328606388406,-0.000627490569462
0.515749,0.00192884245316,0.000429,-0.00032813013749,-0.000627644322413
0.515841,0.00192787305601,0.000419,-0.000327582126149,-0.00062780427591
0.515933,0.00192704281332,0.000452,-0.000327050474903,-0.000627969175022
0.516025,0.00192646018605,0.000475,-0.000326613063395,-0.000628141512111
0.516119,0.00192683240763,0.00046,-0.000326356369089,-0.000628322527713
0.516217,0.00192783343562,0.000506,-0.000326411082846,-0.000628523441586
0.516311,0.00192930212957,0.000522,-0.000326852834636,-0.000628733005781
0.516404,0.00193036564016,0.000542,-0.00032751070399,-0.000628954949312
0.516499,0.00193026605423,0.000568,-0.000328207787886,-0.000629190501842
0.516592,0.00192890962452,0.000568,-0.000328744792958,-0.000629434662638
0.516685,0.00192693273735,0.000564,-0.00032903408991,-0.000629688663937
0.516778,0.00192499440043,0.000551,-0.000329128398275,-0.000629953734954
0.516874,0.00192326435287,0.000548,-0.000329078102169,-0.000630233588525
0.516968,0.00192160438922,0.000513,-0.000328952345017,-0.000630520743568
0.517066,0.00191990372605,0.000515,-0.000328786727963,-0.000630828849496
0.517161,0.00191804547663,0.00049,-0.000328639943707,-0.000631134284948
0.517257,0.00191630030003,0.000679,-0.000328547662496,-0.000631437054603
0.517355,0.0019144514752,0.000764,-0.000328530882699,-0.000631735923342
0.517451,0.00191287651079,0.000681,-0.000328595902022,-0.000632007355888
0.517546,0.00191181661024,0.000533,-0.000328728018204,-0.000632256350321
0.517645,0.00191161561054,0.00052,-0.000328969114031,-0.000632489129326
0.517741,0.00191211662535,0.000537,-0.000329270882952,-0.000632690866654
0.517837,0.00191227676338,0.000569,-0.000329518062277,-0.00063286778442
0.517935,0.00191173324289,0.000616,-0.000329656274469,-0.000633024855094
0.518032,0.00191024217512,0.000618,-0.000329631147148,-0.000633157152206
0.518129,0.0019082959385,0.00061,-0.000329335828923,-0.00063326222327
0.518228,0.0019064858824,0.000603,-0.000328759470515,-0.000633345028536
0.518324,0.00190458195768,0.000562,-0.000328,-0.000633401872027
0.518421,0.00190283740448,0.000533,-0.000327199716947,-0.000633435233695
0.518515,0.00190123332536,0.000491,-0.000326522600621,-0.000633450060393
0.518611,0.00190005334931,0.000484,-0.000326021674233,-0.000633450060393
0.518708,0.00189955261461,0.000471,-0.000325783705641,-0.00063343646927
0.518804,0.00189932418758,0.000468,-0.000325848997639,-0.000633416699708
0.518901,0.00189943901282,0.000481,-0.000326179570413,-0.000633394458023
0.518998,0.00189961841324,0.0005,-0.000326705617056,-0.000633374686811
0.519094,0.00189909794147,0.000513,-0.000327281680536,-0.000633361093652
0.519188,0.00189719633286,0.000514,-0.000327729147296,-0.000633351207488
0.519286,0.00189495426974,0.000531,-0.000327995801587,-0.000633345028536
0.519383,0.00189237563441,0.000524,-0.000328167914507,-0.000633342556934
0.51948,0.00188985049589,0.000507,-0.000328344178488,-0.000633341321129
0.519577,0.00188734559291,0.000491,-0.000328566539255,-0.000633341321129
0.519671,0.00188489499959,0.000457,-0.000328811887679,-0.000633341321129
0.519769,0.00188252674816,0.000445,-0.000329078102169,-0.000633337613695
0.519866,0.00188021827255,0.000418,-0.00032934420858,-0.000633330198744
0.519964,0.00187804610125,0.000464,-0.000329610206978,-0.000633316604383
0.520061,0.0018764383066,0.000446,-0.000329886563349,-0.000633298066027
0.520156,0.0018750313655,0.000374,-0.000330221384532,-0.000633272111182
0.520255,0.00187429001354,0.000397,-0.000330579035532,-0.00063323379444
0.520353,0.0018738645017,0.00041,-0.000330898873534,-0.000633180640583
0.520451,0.00187314959247,0.000419,-0.00033115170669,-0.000633103990255
0.52055,0.00187166389423,0.000425,-0.000331300017875,-0.000633000122805
0.520645,0.00186945396305,0.000402,-0.000331241532971,-0.000632871495316
0.520743,0.00186703063296,0.000401,-0.0003308487132,-0.000632708190019
0.520839,0.00186456366788,0.00038,-0.000330152341672,-0.00063251512456
0.520937,0.0018619867544,0.000433,-0.000329245740848,-0.000632287311177
0.521033,0.00185949349712,0.000431,-0.000328342080385,-0.000632039571051
0.521132,0.00185713048238,0.000383,-0.000327538013381,-0.000631766916184
0.521228,0.00185502691713,0.000334,-0.00032693694415,-0.000631486671635
0.521328,0.00185373790381,0.000389,-0.000326520496687,-0.000631191378377
0.521426,0.00185310493132,0.000424,-0.000326301650774,-0.000630892186675
0.521526,0.00185257560021,0.000464,-0.000326295336829,-0.000630580391655
0.521625,0.0018519108886,0.00046,-0.000326549951146,-0.000630267160533
0.521725,0.00185053025785,0.000455,-0.000327046270411,-0.000629947514224
0.521825,0.00184762371118,0.000435,-0.000327559019831,-0.000629630155351
0.521922,0.00184429141578,0.000412,-0.000327962213312,-0.000629322562634
0.522016,0.00184124889039,0.000383,-0.000328342080385,-0.000629029739786
0.522103,0.00183858862208,0.00035,-0.000328744792958,-0.000628765430576
0.522189,0.00183615146636,0.000349,-0.000329161926868,-0.000628502230846
0.522276,0.00183380100892,0.000359,-0.000329536911111,-0.000628237645703
0.522363,0.0018314636898,0.000371,-0.000329838418731,-0.000627966676952
0.52245,0.00182920928111,0.000381,-0.000330058180587,-0.000627690564165
0.522537,0.0018269758408,0.000387,-0.000330206739685,-0.00062741305027
0.522624,0.00182484351857,0.000389,-0.000330307154916,-0.000627140388518
0.522711,0.00182287341591,0.000383,-0.000330371998237,-0.00062687634208
0.522799,0.00182128383061,0.000373,-0.000330395005614,-0.000626625933973
0.522886,0.00181999523993,0.000358,-0.000330365723357,-0.00062639169039
0.52298,0.00181909645333,0.000363,-0.000330242305174,-0.000626153577951
0.523081,0.00181808703582,0.000387,-0.000329984934827,-0.000625894033347
0.523183,0.00181683217935,0.000412,-0.000329679307,-0.00062563686542
0.523286,0.00181512117951,0.000424,-0.00032932954411,-0.000625385844153
0.523388,0.00181336309644,0.000413,-0.000328759470515,-0.000625142234791
0.523489,0.00181170762817,0.000415,-0.000327888732965,-0.000624903534888
0.523589,0.00181019187753,0.00053,-0.000326775023742,-0.000624664722671
0.52368,0.00180887845055,0.000513,-0.000325695235164,-0.000624445922365
0.523769,0.00180793220885,0.000478,-0.000324687517043,-0.000624211928077
0.523857,0.00180721592975,0.000409,-0.000323824036904,-0.000623948870325
0.523946,0.00180668722066,0.000416,-0.000323156121477,-0.00062364914577
0.524035,0.00180616868478,0.000428,-0.000322722459261,-0.000623312689621
0.524123,0.00180550799182,0.000453,-0.000322561614344,-0.00062294447497
0.524221,0.00180432409329,0.000522,-0.000322625110451,-0.000622502770198
0.524324,0.00180259384996,0.000537,-0.000322792287588,-0.000622000022346
0.524428,0.00180089478754,0.000556,-0.00032297422966,-0.000621476536076
0.524531,0.00179944976439,0.000557,-0.000323154006745,-0.000620947445471
0.524635,0.00179792448439,0.000551,-0.000323282992994,-0.000620407662858
0.524738,0.00179656430197,0.00052,-0.0003233485337,-0.000619858424254
0.524831,0.00179526509981,0.000453,-0.000323342191336,-0.00061933273255
0.524922,0.00179427604219,0.000417,-0.000323274535654,-0.000618806498776
0.525011,0.00179344434577,0.000441,-0.0003231159404,-0.000618245348213
0.525101,0.00179266989562,0.000475,-0.000322853645765,-0.00061764024407
0.52519,0.00179211107349,0.00051,-0.000322481177155,-0.000616989754927
0.52528,0.00179158929559,0.00054,-0.000322036478659,-0.000616300098874
0.52537,0.00179116882666,0.000559,-0.000321587240337,-0.000615585196956
0.525459,0.00179075006723,0.000563,-0.000321222538872,-0.000614864169502
0.525549,0.00179022795372,0.000551,-0.000320989193763,-0.000614157526869
0.525645,0.0017896350085,0.000564,-0.000320851269198,-0.000613433202425
0.525741,0.00178880343177,0.00053,-0.000320685721641,-0.000612751610087
0.525838,0.00178807813616,0.000528,-0.000320335387933,-0.000612111633691
0.525936,0.00178727982205,0.000548,-0.000319751084778,-0.000611528910071
0.526037,0.00178681007972,0.000579,-0.000318966242754,-0.000610981683474
0.526131,0.00178639113048,0.000549,-0.000318231602838,-0.000610519184752
0.526222,0.00178597447731,0.00053,-0.000317683818075,-0.000610126121872
0.526313,0.00178562189724,0.000532,-0.000317370289543,-0.000609771590823
0.526404,0.00178466090685,0.000534,-0.000317310552965,-0.000609445310222
0.526495,0.00178363604203,0.000535,-0.000317472682553,-0.000609618834362
0.526586,0.00178277134382,0.00053,-0.000317843724353,-0.000610069206325
0.526677,0.00178184640531,0.000519,-0.000318346643887,-0.000610534694236
0.526769,0.00178111817659,0.000509,-0.000318878980481,-0.000611015256581
0.52686,0.00178034054996,0.000497,-0.000319361970778,-0.000611510850561
0.526952,0.00177958145228,0.000489,-0.00031976171309,-0.00061201241107
0.527045,0.00177890656591,0.000482,-0.000320040113903,-0.000612512195153
0.527137,0.00177836583618,0.000471,-0.000320152715988,-0.000612994772293
0.52723,0.00177782708427,0.000455,-0.000320069859717,-0.000613453764733
0.527323,0.00177735741283,0.00043,-0.00031978084362,-0.000613889235097
0.527416,0.00177719715585,0.000405,-0.000319298159715,-0.000614301242722
0.527509,0.00177701137388,0.000377,-0.000318672484805,-0.000614696253765
0.527602,0.00177690661641,0.000359,-0.000318031298415,-0.000615085836561
0.527696,0.00177689998467,0.000355,-0.000317526005967,-0.000615480243636
0.527789,0.00177678398045,0.00036,-0.000317225205635,-0.000615894811908
0.527883,0.00177678392751,0.000368,-0.000317109969267,-0.000616338437493
0.527977,0.00177680116643,0.000375,-0.000317114237639,-0.000616817428043
0.528072,0.00177687369969,0.000397,-0.000317171857961,-0.000617324031139
0.528166,0.00177717023725,0.000415,-0.000317248677249,-0.000617853067625
0.528261,0.00177752325859,0.000425,-0.000317344688813,-0.000618394284988
0.528356,0.0017778146243,0.000427,-0.00031747908159,-0.000618937472372
0.528452,0.00177820498182,0.000424,-0.000317688082744,-0.000619476272201
0.528547,0.00177859489884,0.000419,-0.000318027035959,-0.000620008159935
0.528643,0.00177860311186,0.000416,-0.000318568148013,-0.000620535691197
0.528739,0.00177842350857,0.00041,-0.00031935558995,-0.000621055080186
0.528835,0.00177849310645,0.000482,-0.000320379986192,-0.000621566350952
0.528931,0.00177860297945,0.00053,-0.000321504564085,-0.000622066999854
0.529027,0.00177882471266,0.000488,-0.000322538330905,-0.00062254822039
0.529124,0.00177909922307,0.00037,-0.00032330625012,-0.000623007544348
0.52922,0.00177931421171,0.000357,-0.000323684591565,-0.000623439989487
0.529317,0.00177976380243,0.000348,-0.000323629650439,-0.000623846883074
0.529413,0.00178009717748,0.00035,-0.000323160350922,-0.000624232060857
0.52951,0.00178066525847,0.000387,-0.00032234144711,-0.000624598086587
0.529607,0.00178107787349,0.000494,-0.000321294647021,-0.000624950027357
0.529703,0.00178182817975,0.000539,-0.000320150591598,-0.000625289167838
0.529801,0.00178247170939,0.000513,-0.000319059877249,-0.000625619297974
0.529898,0.00178309339369,0.000414,-0.00031817833631,-0.00062593165674
0.529995,0.001783897042,0.000377,-0.000317572927015,-0.000626231290095
0.530093,0.00178453258987,0.000376,-0.000317248677249,-0.000626513209935
0.53019,0.00178508963178,0.000375,-0.000317097163987,-0.000626774941709
0.530289,0.00178571505244,0.00038,-0.000316973366828,-0.000627024024825
0.530386,0.00178638081429,0.000376,-0.000316794033309,-0.00062726047784
0.530485,0.00178714728862,0.000385,-0.000316550574329,-0.00062749807069
0.530584,0.00178802981487,0.000388,-0.000316321983063,-0.000627746798441
0.530681,0.00178890353237,0.00038,-0.000316215137641,-0.000628001648817
0.530781,0.00178998224574,0.000384,-0.000316334803355,-0.000628272598844
0.530879,0.00179114893198,0.000373,-0.000316762004351,-0.000628557127404
0.530978,0.0017924066855,0.00036,-0.000317528138814,-0.000628851470913
0.531078,0.0017936001409,0.000521,-0.00031863841746,-0.000629164334759
0.531176,0.00179445420187,0.000637,-0.000319993367772,-0.00062948821275
0.531276,0.00179535557894,0.00071,-0.000321500323997,-0.000629830550234
0.531376,0.00179629764098,0.000694,-0.00032296999902,-0.000630191309488
0.531476,0.00179732411445,0.000586,-0.000324208414969,-0.000630562995024
0.531576,0.00179841910406,0.000406,-0.000325065065226,-0.000630943099035
0.531677,0.00179955120588,0.000311,-0.000325474006852,-0.000631329120697
0.531777,0.00180073876452,0.000325,-0.000325450826242,-0.000631713607317
0.531878,0.00180209973139,0.000421,-0.000325145187231,-0.000632096562066
0.531979,0.00180349026643,0.000531,-0.000324641099512,-0.000632468084584
0.532081,0.00180506860095,0.000627,-0.000324003582078,-0.000632828199828
0.532183,0.00180651217966,0.000695,-0.00032330413587,-0.000633191766273
0.532285,0.0018077097119,0.000721,-0.000322631459725,-0.000633561246708
0.532387,0.00180831400861,0.000661,-0.000321987755345,-0.000633948971129
0.532489,0.0018089816027,0.000546,-0.00032127980187,-0.000634354897062
0.532592,0.00180956807752,0.000406,-0.000320418210872,-0.000634802392861
0.532696,0.00181026849308,0.000465,-0.000319430029117,-0.000635308581167
0.5328,0.00181118639131,0.000483,-0.000318410546929,-0.000635902793594
0.532903,0.00181250881253,0.000544,-0.00031748334758,-0.000636571210404
0.533008,0.00181405572649,0.000582,-0.000316800438915,-0.000637285333464
0.533113,0.0018157814957,0.000601,-0.000316591157047,-0.000638021703827
0.533217,0.00181742679519,0.000596,-0.000317073686996,-0.000638750880672
0.533322,0.00181891976348,0.000574,-0.000318095231954,-0.000639452139037
0.533427,0.0018196414748,0.000638,-0.000319453422551,-0.000640112182536
0.533533,0.00182013557018,0.000667,-0.000320870368166,-0.000640722648134
0.53364,0.00182062975514,0.000577,-0.000322093670996,-0.00064128614857
0.533746,0.00182128395809,0.000427,-0.000322887496105,-0.000641805271685
0.533853,0.00182193965169,0.000398,-0.00032313074424,-0.000642288652493
0.53396,0.00182280376724,0.000405,-0.000322895958418,-0.000642744883899
0.534067,0.00182409869899,0.000433,-0.000322356268369,-0.000643178886843
0.534174,0.00182596306308,0.000447,-0.000321799183359,-0.000643594351109
0.534281,0.00182781088929,0.00047,-0.000321449440822,-0.000643993742166
0.534389,0.00182976989965,0.00058,-0.000321245868842,-0.000644378307103
0.534497,0.00183171913475,0.000636,-0.000321110119263,-0.000644748079892
0.534604,0.00183304308539,0.000636,-0.000321088905867,-0.00064510188606
0.534713,0.00183366949988,0.000595,-0.000321211934067,-0.000645440965644
0.534821,0.00183411183856,0.000507,-0.000321284043376,-0.000645764143005
0.534929,0.00183452135772,0.000438,-0.000321241627091,-0.000646071448918
0.535038,0.00183490892446,0.000462,-0.00032111860443,-0.00064635448425
0.535146,0.00183541164497,0.00049,-0.000320995558816,-0.000646615697168
0.535255,0.0018360809819,0.000516,-0.00032092978364,-0.000646858730499
0.535365,0.00183687239451,0.000537,-0.000321008288737,-0.000647086015412
0.535474,0.00183799598093,0.000556,-0.000321354024282,-0.000647286757326
0.535583,0.00183952064742,0.000571,-0.000322231335896,-0.000647444168734
0.535693,0.00184093063831,0.00064,-0.000323585271567,-0.000647555888522
0.535802,0.00184195341126,0.000699,-0.000325060848007,-0.000647620746535
0.535912,0.00184171671975,0.000849,-0.000326526808468,-0.000647641163045
0.536023,0.00184105834027,0.000921,-0.000327808944982,-0.000647619545538
0.536132,0.00184038286647,0.000856,-0.000328769954283,-0.00064756069311
0.536242,0.00183994740144,0.000731,-0.00032932954411,-0.000647468196618
0.536351,0.00183969366189,0.000581,-0.000329501307302,-0.000647355255449
0.536462,0.0018395232634,0.000498,-0.000329379820925,-0.000647260316926
0.536572,0.00183957290064,0.000484,-0.000329055048497,-0.000647209835887
0.536682,0.00184065980987,0.000547,-0.00032868188542,-0.000647194209763
0.536792,0.00184195882775,0.000633,-0.000328442781717,-0.000647206229902
0.536903,0.0018433461913,0.000708,-0.000328209886418,-0.000647245894296
0.537013,0.00184457792172,0.000743,-0.000328046180774,-0.000647316801526
0.537124,0.00184480259722,0.000718,-0.000328025189916,-0.000647427348524
0.537233,0.00184386357528,0.000631,-0.000328182604981,-0.000647585916434
0.537344,0.00184278851047,0.000497,-0.000328472150026,-0.000647794860377
0.537454,0.00184183217013,0.000412,-0.000328910420604,-0.000648040917102
0.537564,0.00184129647851,0.000417,-0.000329455228914,-0.000648307240929
0.537673,0.00184119059352,0.000444,-0.000330010048581,-0.000648583011224
0.537783,0.00184137441767,0.00046,-0.000330484935786,-0.000648857430185
0.537892,0.00184215409287,0.000472,-0.000330865433739,-0.000649128105235
0.538002,0.00184383357228,0.000531,-0.000331387735431,-0.000649405812613
0.538111,0.00184541042976,0.00076,-0.000332216294666,-0.000649700108208
0.53822,0.00184700017552,0.000869,-0.000333179192225,-0.00065001813357
0.538329,0.00184786103089,0.000832,-0.000334117796945,-0.000650362231561
0.538438,0.00184718717268,0.000852,-0.000335030133664,-0.000650723993201
0.538547,0.00184631483807,0.000841,-0.00033583749499,-0.000651089068313
0.538656,0.00184554211443,0.000727,-0.000336602424002,-0.000651444340097
0.538765,0.00184505863398,0.000543,-0.000337318859805,-0.000651776729029
0.538874,0.00184489247428,0.000538,-0.000337949747212,-0.00065207913969
0.538982,0.00184514957507,0.00053,-0.000338449885559,-0.000652331403766
0.539091,0.0018459364682,0.00052,-0.000338805122265,-0.000652534787075
0.539199,0.00184745529277,0.000538,-0.000339168419617,-0.000652692916192
0.539307,0.00184872707619,0.00047,-0.000339649063827,-0.000652812965377
0.539415,0.0018495589195,0.000441,-0.000340160260729,-0.000652900903677
0.539522,0.00184987529379,0.000558,-0.000340652525963,-0.000652950807635
0.539631,0.00184887904383,0.000659,-0.000341097097744,-0.000652937738038
0.539738,0.00184798834837,0.000669,-0.00034133572372,-0.000652833168806
0.539846,0.00184725954269,0.000583,-0.000341446778321,-0.00065261207455
0.539954,0.00184669765586,0.000452,-0.000341590709723,-0.000652256451953
0.540061,0.00184600462972,0.000593,-0.000341866146569,-0.000651762437331
0.540168,0.00184550945945,0.000739,-0.000342281136549,-0.000651157042732
0.540276,0.00184522180752,0.000825,-0.000342765640375,-0.00065046613079
0.540383,0.00184634840653,0.000824,-0.000343307199175,-0.000649737181833
0.54049,0.00184784837659,0.000778,-0.000344092066357,-0.00064896883207
0.540597,0.00184940668443,0.000713,-0.000345062101747,-0.000648146504019
0.540704,0.00185062730722,0.000749,-0.000346098065143,-0.000647247096198
0.540811,0.00185036058776,0.000809,-0.000347140525942,-0.000646273805499
0.540918,0.00184902020839,0.000844,-0.000348032727737,-0.000645256370908
0.541025,0.00184789553148,0.000851,-0.000348813919616,-0.000644228386291
0.541132,0.00184774272088,0.000853,-0.00034949668797,-0.00064319585135
0.541239,0.00184770691049,0.000868,-0.000350073226941,-0.000642142958841
0.541346,0.00184763248796,0.000888,-0.000350507321016,-0.000641063501906
0.541452,0.00184791397979,0.00087,-0.000350750610428,-0.000640003658523
0.541559,0.00184957424218,0.000827,-0.00035077696127,-0.000638994111156
0.541666,0.00185077694135,0.000751,-0.000350789122833,-0.000638075571983
0.541773,0.00185229393482,0.000654,-0.000350728312721,-0.000637274298061
0.54188,0.00185390203154,0.000574,-0.00035061478516,-0.000636569982513
0.541986,0.00185435138963,0.00056,-0.00035047487549,-0.000635912629705
0.542093,0.00185413621977,0.00057,-0.000350199022583,-0.000635247028321
0.5422,0.0018540334686,0.000551,-0.000349823591977,-0.000634568216094
0.542306,0.00185439411257,0.000529,-0.00034947231582,-0.000633915643508
0.542413,0.00185515385295,0.000496,-0.00034923870269,-0.000633303009656
0.542519,0.00185602613015,0.000456,-0.000349141169581,-0.000632739123118
0.542626,0.00185711220463,0.000385,-0.000349139137485,-0.000632262542644
0.542733,0.00185970917712,0.000657,-0.000349236670901,-0.000631880953435
0.542839,0.00186217445351,0.000666,-0.0003496104125,-0.000631564808563
0.542946,0.00186408192154,0.000451,-0.000350231481991,-0.000631293137595
0.543052,0.00186598883515,0.000387,-0.000350955307877,-0.000631052357
0.543159,0.00186643070044,0.000393,-0.000351625692698,-0.000630838785265
0.543266,0.00186638688395,0.000445,-0.00035206278851,-0.000630676062406
0.543372,0.00186654522606,0.00047,-0.00035231357991,-0.000630572936029
0.543479,0.00186687259797,0.000404,-0.000352451069215,-0.00063052447178
0.543585,0.00186731000235,0.000401,-0.000352578422814,-0.000630503344881
0.543692,0.0018678354707,0.000403,-0.000352742126142,-0.000630467302836
0.543798,0.00186934925467,0.00062,-0.000352901747314,-0.000630376564916
0.543905,0.00187132692929,0.000925,-0.000353156251079,-0.000630226127776
0.544011,0.0018731532401,0.000872,-0.000353590291058,-0.000630032109589
0.544117,0.0018750223293,0.000454,-0.000354080504833,-0.000629815616711
0.544224,0.00187569987968,0.000403,-0.000354532058316,-0.000629604011026
0.54433,0.00187596341178,0.000401,-0.000354830232208,-0.00062942220831
0.544435,0.00187594637689,0.0004,-0.000354870515368,-0.000629265257472
0.544541,0.00187587466293,0.000401,-0.000354781889083,-0.00062911947375
0.544647,0.00187595872132,0.000401,-0.000354715411346,-0.000628968661727
0.544752,0.0018765448284,0.0004,-0.000354743614862,-0.000628806582129
0.544858,0.00187717366843,0.000399,-0.000354854402407,-0.000628631976743
0.544963,0.00187903228635,0.000718,-0.000355017527474,-0.000628444832618
0.545068,0.00188079659163,0.000849,-0.000355444276129,-0.000628252625916
0.545173,0.00188251946154,0.000648,-0.000356134123276,-0.000628057848537
0.545278,0.00188372360321,0.000409,-0.000356955742797,-0.000627850503051
0.545383,0.00188399104475,0.0004,-0.000357758266159,-0.000627625574553
0.545488,0.00188354235415,0.000393,-0.000358277364778,-0.000627410549453
0.545592,0.00188331877501,0.00039,-0.000358511723274,-0.000627215447682
0.545697,0.00188290610957,0.000388,-0.000358551775978,-0.000627034035656
0.545801,0.00188296138536,0.000383,-0.000358515728657,-0.000626853810418
0.545906,0.00188301575798,0.000381,-0.000358491695982,-0.000626668512083
0.546012,0.001883907359,0.00047,-0.000358505715152,-0.000626479387834
0.546117,0.00188579379047,0.000862,-0.000358621862186,-0.000626296458837
0.546227,0.00188761636234,0.000977,-0.000359048221586,-0.000626139789068
0.546339,0.00188909766185,0.000652,-0.00035965424419,-0.000626026956844
0.546459,0.00189025472999,0.000354,-0.00036036154468,-0.000625980562979
0.546586,0.0018905892219,0.000351,-0.000360916447767,-0.000626023195338
0.546705,0.00188988578283,0.000362,-0.000361048116665,-0.000626131014129
0.546813,0.0018896694991,0.000306,-0.000360994255392,-0.000626255102722
0.546919,0.00188992473452,0.000272,-0.000360934404213,-0.000626356607163
0.547024,0.00189005892962,0.000271,-0.000360884523951,-0.000626396702081
0.547129,0.00189111424952,0.000464,-0.000360834639798,-0.000626361619201
0.547234,0.00189236208257,0.000748,-0.000360966325539,-0.00062628142064
0.547339,0.00189389400117,0.000749,-0.000361486817282,-0.000626171126896
0.547444,0.00189459167641,0.000425,-0.000362277711381,-0.000626035733585
0.547555,0.0018949469301,0.000459,-0.000363190901645,-0.000625866441084
0.547672,0.001894138696,0.000385,-0.000363930046468,-0.000625682036058
0.547795,0.00189356911949,0.000404,-0.000364206012724,-0.000625493798522
0.547913,0.00189238426957,0.000423,-0.000364053154078,-0.000625346924735
0.548034,0.0018923960449,0.00035,-0.000363687733083,-0.000625241450659
0.54814,0.00189232647689,0.000305,-0.000363371793055,-0.000625157306806
0.548245,0.00189329913546,0.000638,-0.000363163067647,-0.000625053049544
0.54835,0.00189462648264,0.000845,-0.000363302225502,-0.00062493369265
0.548455,0.00189556909803,0.000657,-0.000363876427663,-0.000624819334982
0.548559,0.00189654491155,0.000405,-0.000364680236898,-0.000624733864078
0.548663,0.00189676939459,0.000409,-0.00036549095798,-0.000624684837506
0.548777,0.00189578361402,0.000404,-0.000366071110089,-0.000624681066035
0.548898,0.00189552412731,0.000509,-0.000366144334061,-0.000624716265341
0.549023,0.00189474528946,0.000524,-0.00036569694276,-0.00062478665663
0.549145,0.00189458475194,0.00036,-0.000364983634698,-0.000624855781432
0.549271,0.00189514237956,0.000489,-0.000364138521214,-0.000624903534888
0.549387,0.00189627296618,0.000804,-0.00036353077614,-0.000624911074496
0.549499,0.00189758260194,0.000643,-0.000363544685276,-0.000624867091867
0.549604,0.00189828630558,0.000267,-0.000364009473452,-0.000624794197975
0.549708,0.00189863514872,0.00032,-0.000364598909688,-0.000624694894625
0.549812,0.00189795649013,0.000516,-0.000365013371811,-0.000624579225729
0.549916,0.0018974587854,0.000606,-0.000365037160502,-0.000624452211046
0.550033,0.00189682812748,0.000787,-0.000364563201782,-0.000624302519301
0.550158,0.00189664257868,0.000784,-0.000363582437117,-0.000624152783421
0.550279,0.00189607114417,0.00058,-0.000362429005224,-0.000624029438367
0.550403,0.00189648919712,0.000575,-0.000361283457151,-0.000623923690191
0.550527,0.00189798909199,0.000608,-0.000360475359008,-0.0006238279943
0.550644,0.00189897994344,0.000405,-0.000360349563046,-0.00062379147401
0.55075,0.0018994688145,0.000377,-0.000360635064272,-0.0006237876959
0.550854,0.00189990832641,0.000575,-0.000360982285605,-0.000623762507777
0.550958,0.00190000870407,0.000705,-0.000361173775329,-0.000623756210551
0.551061,0.00189944952997,0.000734,-0.000361086016323,-0.000623770064345
0.551165,0.00189919163592,0.000713,-0.000360784751754,-0.000623742356379
0.551286,0.00189948843819,0.000599,-0.000360255699154,-0.000623700791598
0.551406,0.00190043331799,0.000482,-0.000359714215232,-0.000623737318405
0.551527,0.0019024121535,0.000596,-0.000359468298251,-0.00062380406751
0.551644,0.00190341982695,0.000805,-0.000359966032269,-0.000623844364612
0.551763,0.00190496422448,0.000619,-0.000361044127097,-0.000623864511964
0.551878,0.00190614703324,0.000612,-0.00036226377462,-0.000623858216002
0.551997,0.00190695032745,0.000573,-0.00036340359284,-0.000623790214643
0.552113,0.00190672197557,0.000511,-0.00036402734316,-0.000623654184618
0.552233,0.00190708706944,0.000572,-0.000364130580567,-0.000623462673245
0.552349,0.00190748322721,0.000604,-0.000363868483753,-0.000623250918794
0.552469,0.00190898383597,0.000645,-0.00036353077614,-0.000623039076103
0.552585,0.00191008533093,0.000938,-0.000363769176535,-0.000622847332827
0.552705,0.00191138703107,0.001279,-0.000364771469716,-0.000622640370815
0.55282,0.00191270629575,0.00116,-0.000366162144024,-0.000622396703958
0.55294,0.00191329480797,0.000803,-0.000367749186613,-0.000622101117082
0.553055,0.00191231084993,0.000616,-0.000368963966128,-0.00062178892236
0.553174,0.00191131435768,0.000436,-0.000369596073522,-0.000621467680231
0.553289,0.00191079812355,0.000453,-0.000369627563983,-0.00062116648982
0.553408,0.00191229193675,0.000471,-0.000369332279609,-0.000620889186613
0.553522,0.00191399501489,0.000583,-0.000369405129175,-0.000620657351698
0.553633,0.00191484601333,0.000926,-0.000370233451225,-0.000620477385248
0.553737,0.00191537566086,0.000945,-0.000371527874675,-0.00062033666299
0.55384,0.00191500173711,0.000786,-0.000373068307704,-0.000620206048124
0.553943,0.00191361558513,0.000757,-0.00037454837266,-0.000620066519564
0.554046,0.00191263145069,0.000576,-0.000375672236904,-0.000619906649018
0.554148,0.00191199710878,0.00043,-0.000376352218704,-0.000619726417372
0.554251,0.00191164266666,0.000415,-0.000376652035454,-0.00061953850251
0.554354,0.00191267040185,0.000349,-0.000376731832817,-0.000619355599977
0.554456,0.00191319571328,0.000598,-0.00037715011743,-0.000619186610912
0.554559,0.00191341388953,0.000922,-0.000378028585192,-0.000619029006782
0.554662,0.0019135528367,0.000999,-0.000379200560902,-0.000618875168735
0.554766,0.00191330711274,0.000806,-0.000380544484122,-0.000618708564525
0.55488,0.00191235328712,0.000649,-0.000381798675513,-0.000618487189357
0.554993,0.00191119194962,0.000453,-0.000382568503181,-0.000618233889739
0.555109,0.00191025958971,0.000502,-0.000382886577708,-0.000617960083109
0.555222,0.00191064235913,0.000511,-0.000382873086906,-0.000617695051421
0.555338,0.00191141711462,0.000711,-0.000383185228441,-0.000617432432601
0.55545,0.00191222768279,0.001117,-0.000383943740934,-0.000617176057937
0.555559,0.00191289539638,0.001119,-0.000384918450311,-0.000616931042657
0.555662,0.00191217221866,0.000775,-0.000385799575713,-0.000616706342174
0.555764,0.0019110857695,0.000536,-0.000386349890688,-0.000616477710306
0.555866,0.00191008733883,0.000547,-0.000386566432743,-0.000616229803948
0.555972,0.00190956435317,0.000584,-0.000386533860401,-0.000615949806554
0.556084,0.00191019911339,0.000639,-0.000386311556867,-0.00061560951234
0.556199,0.00191073499093,0.000846,-0.000386478291909,-0.000615260027768
0.55631,0.00191067750302,0.001155,-0.000387045242363,-0.000614943621899
0.556424,0.00190974379443,0.001083,-0.000387787630891,-0.00061464753509
0.556535,0.00190748730951,0.000658,-0.000388286526373,-0.00061436025721
0.556649,0.001905524638,0.000676,-0.000388424082763,-0.000614042011728
0.55676,0.00190393799775,0.000658,-0.000388267418927,-0.00061368503395
0.556873,0.00190398776596,0.00069,-0.000387967355539,-0.000613258389543
0.556983,0.00190404112916,0.000675,-0.00038800558817,-0.000612786354594
0.557096,0.00190395072882,0.000925,-0.000388485209232,-0.000612267516259
0.557206,0.00190282875135,0.000923,-0.000389084696119,-0.000611754600458
0.557318,0.00190073311949,0.000652,-0.000389460514216,-0.000611250207005
0.557428,0.00189890948023,0.000547,-0.000389477678177,-0.000610806034591
0.55754,0.00189756188121,0.00049,-0.000389231616374,-0.000610409312522
0.557649,0.00189733293046,0.000404,-0.000388849933704,-0.0006100873165
0.557761,0.00189769774329,0.000376,-0.000388710561493,-0.000609811714246
0.557869,0.00189757245357,0.000613,-0.000388964462962,-0.000609574811382
0.557978,0.00189666521828,0.000724,-0.000389359428,-0.000609362412396
0.558079,0.00189505415267,0.000554,-0.000389593999271,-0.000609204351466
0.558178,0.00189360236144,0.000412,-0.000389639759016,-0.00060907864547
0.558277,0.0018923788746,0.000445,-0.000389546329308,-0.00060897365099
0.558377,0.00189122536179,0.000456,-0.000389357520556,-0.000608881601201
0.558475,0.00189114574327,0.000449,-0.00038911141146,-0.000608798612657
0.558574,0.0018914519011,0.00045,-0.000389061796347,-0.000608719501766
0.558673,0.00189155416753,0.000484,-0.000389264048663,-0.000608641675932
0.558772,0.00189113722236,0.000509,-0.000389475771093,-0.000608566433127
0.558871,0.00188985112368,0.000468,-0.000389544422434,-0.000608498964725
0.55897,0.00188854511202,0.000411,-0.000389435720996,-0.000608437976075
0.559069,0.00188753764451,0.000401,-0.0003892983869,-0.000608379575929
0.559167,0.00188669100604,0.000408,-0.000389191550636,-0.000608310785053
0.559266,0.00188632599801,0.000473,-0.000389128585005,-0.000608229002831
0.559365,0.00188649559231,0.000538,-0.000389300294525,-0.000608129029173
0.559464,0.00188653925167,0.00059,-0.000389733174763,-0.000608013451064
0.559562,0.00188625757316,0.000619,-0.000390156230471,-0.000607883557126
0.559661,0.00188489709219,0.000629,-0.000390434300274,-0.000607744534396
0.55976,0.00188334866977,0.000628,-0.000390491422581,-0.00060760677401
0.559859,0.00188186864171,0.000622,-0.000390491422581,-0.000607483278266
0.559957,0.00188042002247,0.000612,-0.000390525693458,-0.000607372757027
0.560056,0.00187943124408,0.000603,-0.000390601844234,-0.00060727001607
0.560155,0.00187896799467,0.000588,-0.000390872104537,-0.000607169856474
0.560254,0.00187857913728,0.000563,-0.000391410373344,-0.000607065773976
0.560353,0.00187782310923,0.000581,-0.000391940580195,-0.000606956464774
0.560452,0.00187642417892,0.000526,-0.000392320379782,-0.000606851037559
0.56055,0.0018744147833,0.000465,-0.000392455153045,-0.00060676511799
0.560649,0.00187255714596,0.000481,-0.000392489316288,-0.000606713038569
0.560748,0.00187086350148,0.000506,-0.000392538659892,-0.000606696111627
0.560847,0.00186954968933,0.000533,-0.000392631642997,-0.00060671043446
0.560947,0.00186902221704,0.000558,-0.000392921888806,-0.000606745588823
0.561046,0.00186844291507,0.000573,-0.000393524712893,-0.000606783344548
0.561145,0.00186785791497,0.000588,-0.000394170490249,-0.000606810683178
0.561244,0.0018667568619,0.000578,-0.000394709703089,-0.000606823701064
0.561344,0.00186529183848,0.000558,-0.000395040567459,-0.000606825002835
0.561443,0.00186400640819,0.000546,-0.000395265454821,-0.000606826304602
0.561543,0.00186297039827,0.000544,-0.000395499704811,-0.000606835416882
0.561643,0.00186252284507,0.000538,-0.000395767850559,-0.000606851037559
0.56175,0.00186276544774,0.000564,-0.000396250976419,-0.000606862752756
0.561858,0.00186288651785,0.000581,-0.000397055980986,-0.000606869261085
0.56197,0.00186293048791,0.000729,-0.000397957779653,-0.000606929133858
0.562079,0.00186204105753,0.000651,-0.000398715482451,-0.00060705666576
0.562192,0.00186112112734,0.00063,-0.000399245136846,-0.000607284322998
0.562301,0.00186045465281,0.000598,-0.000399650523972,-0.000607561279015
0.562413,0.00186027918343,0.000597,-0.000400031271406,-0.000607878360689
0.562521,0.00186063577884,0.000556,-0.000400456756569,-0.000608162788678
0.562634,0.00186097204911,0.000542,-0.000401237614264,-0.000608418510094
0.562742,0.0018608675257,0.000594,-0.00040208477002,-0.000608617028636
0.562855,0.00186006081423,0.000597,-0.000402835580849,-0.000608798612657
0.562964,0.00185910620877,0.000474,-0.000403253548105,-0.000608963280004
0.563077,0.00185850274403,0.00048,-0.000403516498761,-0.000609156405373
0.563192,0.00185805604281,0.00049,-0.000403678689138,-0.000609359821624
0.563306,0.00185821391101,0.000497,-0.000403872516062,-0.000609596823342
0.563419,0.00185816953702,0.00052,-0.000404457355698,-0.000609857011128
0.563529,0.00185795009951,0.000641,-0.000405249916429,-0.000610136469477
0.563644,0.00185706185887,0.000628,-0.000406009892989,-0.00061043258154
0.563753,0.00185625094607,0.000562,-0.000406464687795,-0.000610702683704
0.563866,0.00185582628464,0.000602,-0.000406783772078,-0.000610968770157
0.563975,0.00185565765235,0.000602,-0.000407021123033,-0.000611197287976
0.564088,0.00185681084071,0.000641,-0.000407245409868,-0.000611419253275
0.564199,0.00185752483497,0.000637,-0.000407758552808,-0.000611641122817
0.564313,0.00185882947348,0.000664,-0.000408485853357,-0.000611879654752
0.56443,0.00185903646322,0.000682,-0.000409108834796,-0.000612134825827
0.564547,0.00185989324787,0.000672,-0.00040940069814,-0.000612415625298
0.56466,0.00186113423275,0.000625,-0.000409524421189,-0.000612701419426
0.564767,0.00186211748313,0.000563,-0.000409631504636,-0.00061298062315
0.56488,0.00186410167593,0.000569,-0.0004097957861,-0.000613248104578
0.56499,0.00186590527911,0.000524,-0.000410234885137,-0.000613442198536
0.565103,0.00186789623094,0.0006,-0.000410861626,-0.000613574551659
0.565218,0.00186888821078,0.000571,-0.000411307329002,-0.000613610525249
0.565337,0.00187033497583,0.000523,-0.000411401216912,-0.00061357198202
0.565451,0.00187158503325,0.00055,-0.000411318375383,-0.000613469185924
0.565556,0.00187273529054,0.000579,-0.000411241046543,-0.00061336122786
0.565659,0.00187442707372,0.000635,-0.000411255776596,-0.000613244247664
0.565762,0.00187614717966,0.000681,-0.000411531899721,-0.000613102807437
0.565864,0.00187792609628,0.000713,-0.000411984473091,-0.000612933027718
0.565967,0.00187927725236,0.000737,-0.000412295194135,-0.000612737454243
0.56607,0.00188053406022,0.000753,-0.00041231908924,-0.000612509620192
0.566172,0.0018819032733,0.00076,-0.000412195927584,-0.000612250770812
0.566275,0.00188312832537,0.00076,-0.000412015736169,-0.00061195957043
0.566378,0.00188477154797,0.00075,-0.0004118262943,-0.000611641122817
0.566481,0.00188671865845,0.000728,-0.000411691994278,-0.000611301830079
0.566584,0.00188872594877,0.000693,-0.000411734311153,-0.000610949399574
0.566687,0.00189059066872,0.000664,-0.000411875959472,-0.000610579927564
0.566791,0.00189189712535,0.000638,-0.000411804219601,-0.000610197257459
0.566894,0.00189322489193,0.000623,-0.000411498771499,-0.00060979747726
0.566998,0.00189462530009,0.000616,-0.000411141609445,-0.000609379252096
0.567102,0.00189603392603,0.000614,-0.000410819248971,-0.000608945130278
0.567206,0.00189783044151,0.000608,-0.00041056676872,-0.000608500262278
0.56731,0.00190024292001,0.000595,-0.000410410068242,-0.000608048516821
0.567414,0.00190279073375,0.000574,-0.000410354752654,-0.00060759377585
0.567518,0.00190504266052,0.000552,-0.000410197998122,-0.000607136031963
0.567623,0.00190691295964,0.000529,-0.000409703498543,-0.000606681788397
0.567727,0.0019089540396,0.000514,-0.000409025683829,-0.000606229751656
0.567832,0.00191098401782,0.000505,-0.000408378570388,-0.000605783841255
0.567937,0.00191305647986,0.000504,-0.000407865943815,-0.000605349295554
0.568042,0.00191621186355,0.000508,-0.000407502960999,-0.000604931369901
0.568147,0.00191965045178,0.000517,-0.000407191662607,-0.000604532720135
0.568252,0.00192290545597,0.000521,-0.000406839409406,-0.000604154699706
0.568358,0.00192582356761,0.000513,-0.000406193707588,-0.000603802591757
0.568464,0.00192872094873,0.000506,-0.000405253634973,-0.000603485620891
0.568569,0.00193164333179,0.000526,-0.000404274885545,-0.000603214338999
0.568675,0.00193471155045,0.000444,-0.000403447508347,-0.000602999309509
0.568781,0.00193843783628,0.00043,-0.00040282811458,-0.000602848473427
0.568888,0.00194253090752,0.000421,-0.000402370633772,-0.000602765822881
0.568994,0.00194624231652,0.000419,-0.000401942723243,-0.000602763198838
0.569101,0.00194976364877,0.00042,-0.000401304980309,-0.000602832731481
0.569208,0.00195328059027,0.000485,-0.000400396793963,-0.000602963899762
0.569314,0.00195694603483,0.00053,-0.000399402818879,-0.000603150101725
0.569421,0.00196145218635,0.00046,-0.000398542589559,-0.000603379484016
0.569529,0.00196620606862,0.000454,-0.000397922033857,-0.000603636271719
0.569636,0.00197060156224,0.000435,-0.000397442088467,-0.000603908642013
0.569743,0.00197486393356,0.000419,-0.000396954234693,-0.00060419264501
0.569851,0.00197911754674,0.000417,-0.000396328317191,-0.000604494799743
0.569959,0.0019835807985,0.000414,-0.00039566211674,-0.000604825528917
0.570067,0.00198869524017,0.000411,-0.000395055688485,-0.00060518608352
0.570175,0.00199368000269,0.000411,-0.000394717267667,-0.000605575096094
0.570283,0.00199828463277,0.000408,-0.000394420288974,-0.000605987286688
0.570391,0.00200315116419,0.000408,-0.00039404555331,-0.000606419993975
0.5705,0.00200844420294,0.000436,-0.000393791816364,-0.000606864054429
0.570609,0.00201418073627,0.000467,-0.000393680063593,-0.000607312935665
0.570718,0.00201991575505,0.000495,-0.000393560712234,-0.000607749732181
0.570826,0.00202541626897,0.000516,-0.000393483026847,-0.000608167982252
0.570935,0.0020301831958,0.000533,-0.00039332762702,-0.000608554756535
0.571043,0.00203515735118,0.000538,-0.000393151333976,-0.000608899753165
0.571152,0.00204011635779,0.000535,-0.000393047051184,-0.000609205647245
0.57126,0.00204615325741,0.000513,-0.000393005333183,-0.000609472508166
0.571369,0.00205220847591,0.000489,-0.000393119102976,-0.000609722403009
0.571477,0.00205781289946,0.000572,-0.000393230956363,-0.00060996182578
0.571586,0.00206268803178,0.000662,-0.000393047051184,-0.000610215363131
0.571694,0.00206723885264,0.000707,-0.000392770143142,-0.000610473946085
0.571803,0.00207235826635,0.000727,-0.00039250070362,-0.00061074531846
0.571911,0.00207753291097,0.000718,-0.000392286207285,-0.000611013965348
0.572021,0.00208383226753,0.000718,-0.000392250134285,-0.000611276019189
0.572129,0.00208924161393,0.000712,-0.00039220456541,-0.000611516010486
0.572238,0.00209480644149,0.000722,-0.000391934881441,-0.000611730101723
0.572347,0.00209928365899,0.00073,-0.000391564350768,-0.00061190930234
0.572456,0.00210379677199,0.000757,-0.000391113717188,-0.000612057514636
0.572564,0.00210822062851,0.000787,-0.000390714149686,-0.000612168323732
0.572674,0.00211305169473,0.00084,-0.000390392407262,-0.000612255923315
0.572783,0.00211851972026,0.000888,-0.000390247664335,-0.000612313885418
0.572892,0.00212297474236,0.000943,-0.00039004763538,-0.000612360250393
0.573001,0.00212765454119,0.000972,-0.00038956730454,-0.000612388582485
0.57311,0.0021314746029,0.001,-0.000389014085796,-0.000612397596914
0.573219,0.00213557843938,0.000995,-0.000388401158797,-0.000612387294697
0.573329,0.00213957792891,0.00099,-0.000387793367581,-0.000612352523188
0.573438,0.00214383894028,0.000957,-0.000387219438265,-0.000612299717508
0.573548,0.00214865386151,0.000928,-0.000386758000498,-0.000612218566496
0.573658,0.00215259130111,0.000877,-0.00038633072407,-0.000612121941436
0.573768,0.00215625930946,0.00084,-0.000385632660054,-0.000612009833603
0.573877,0.00215972265464,0.000787,-0.000384753221545,-0.000611889967151
0.573988,0.00216322857266,0.000752,-0.000383849458017,-0.000611761047299
0.574097,0.00216643493143,0.000752,-0.000382992566794,-0.000611616618675
0.574208,0.00217005731306,0.000688,-0.000382219399885,-0.000611465699008
0.574318,0.00217381903705,0.000664,-0.000381371873959,-0.000611300539565
0.574429,0.00217687003013,0.000688,-0.00038056963114,-0.000611121126647
0.574539,0.00217955965798,0.000758,-0.000379696635758,-0.000610932611146
0.574649,0.00218196939122,0.000834,-0.000378649770727,-0.000610723355542
0.574759,0.0021843135786,0.000895,-0.000377616712723,-0.000610605773395
0.57487,0.00218680154078,0.000963,-0.000376657874627,-0.000610511429834
0.574981,0.00218937459939,0.001009,-0.000375878841695,-0.000610431288844
0.575093,0.00219218618315,0.001068,-0.000375098847397,-0.000610369235637
0.575203,0.00219409331479,0.001088,-0.000374327657873,-0.000610323983791
0.575316,0.00219558554241,0.001135,-0.000373514451063,-0.000610290365559
0.575427,0.00219688657407,0.00113,-0.000372537614265,-0.000610260624524
0.575542,0.002197932612,0.001165,-0.000371500402981,-0.00061023217497
0.575653,0.00219927527326,0.001135,-0.000370538143458,-0.00061021406989
0.575768,0.00220086339845,0.001158,-0.000369708251165,-0.00061022312251
0.575879,0.00220236661296,0.001116,-0.00036901124825,-0.000610269676326
0.575995,0.00220385700098,0.001128,-0.000368289813446,-0.000610356306944
0.576107,0.00220476344002,0.001077,-0.000367583354928,-0.000610464897875
0.576223,0.00220546874538,0.001083,-0.000366800994337,-0.00061058768145
0.576341,0.00220605231861,0.001058,-0.000365978083716,-0.000610698807642
0.576458,0.00220663334434,0.001029,-0.000365166000488,-0.000610793116865
0.576577,0.00220741024685,0.001006,-0.000364331051649,-0.000610865451953
0.5767,0.00220857739155,0.001005,-0.000363570515724,-0.000610923570996
0.57682,0.0022092381901,0.000961,-0.000362890628042,-0.000610967478808
0.576939,0.00220911796395,0.000937,-0.00036213036452,-0.000610992013894
0.577063,0.00220877609273,0.000945,-0.000361179758459,-0.000611011382873
0.577183,0.00220838196569,0.000905,-0.000360203768532,-0.000611052700924
0.577303,0.00220795931538,0.000909,-0.000359240290826,-0.000611104343822
0.577428,0.00220773150179,0.000939,-0.000358269351007,-0.000611157272412
0.577549,0.00220757112623,0.000914,-0.000357369167745,-0.000611192124852
0.57767,0.00220719296629,0.000903,-0.000356425526853,-0.000611207614067
0.577794,0.002206797812,0.000931,-0.000355355728965,-0.000611211486298
0.577915,0.00220584445487,0.000897,-0.000354225681617,-0.000611210195558
0.578035,0.00220473664115,0.000919,-0.000353063348672,-0.000611207614067
0.578159,0.00220374413481,0.000965,-0.000351923192922,-0.0006112153585
0.57828,0.0022027843064,0.000958,-0.000350866140742,-0.000611238591099
0.578404,0.00220171056911,0.000999,-0.000349780961717,-0.000611278600337
0.578525,0.00220061091365,0.000983,-0.000348693954168,-0.000611339253569
0.57865,0.00219949353705,0.001023,-0.000347519556648,-0.000611421833704
0.578769,0.00219825370333,0.000975,-0.000346336898269,-0.000611519880395
0.578892,0.00219709082092,0.001021,-0.000345090730503,-0.000611646281435
0.57901,0.00219592186298,0.001029,-0.000343893377844,-0.000611798437384
0.579127,0.00219463488474,0.001045,-0.000342765640375,-0.000611980191813
0.579249,0.00219331041606,0.001089,-0.000341687331477,-0.000612195378138
0.579368,0.00219173795648,0.001063,-0.000340662820417,-0.000612413049853
0.579486,0.00219001790457,0.001017,-0.000339671746404,-0.000612624193447
0.579606,0.00218821161477,0.000996,-0.000338652311638,-0.000612826243538
0.579721,0.00218609721643,0.000906,-0.000337670577361,-0.000613002489843
0.579838,0.00218414457194,0.000852,-0.000336712218164,-0.000613168389114
0.579951,0.00218207616176,0.00078,-0.000335833346587,-0.000613325236793
0.580064,0.00217996829655,0.000794,-0.000334990673958,-0.000613483321608
0.580176,0.00217749076417,0.000807,-0.000334171866092,-0.000613643927039
0.580289,0.00217505230542,0.000817,-0.000333374932876,-0.000613804482222
0.580402,0.00217254163055,0.000825,-0.000332614547692,-0.000613954716367
0.580515,0.0021700623565,0.000834,-0.000331886666337,-0.000614083086759
0.580628,0.00216754374044,0.000842,-0.00033117468668,-0.000614181910073
0.580741,0.00216500967107,0.000851,-0.000330432652305,-0.000614246070862
0.580854,0.00216248321977,0.000854,-0.000329618583126,-0.000614273016
0.580965,0.00215996367052,0.000855,-0.000328732211933,-0.000614261468257
0.581075,0.00215750541792,0.000847,-0.000327850939867,-0.000614202442399
0.581187,0.00215504001538,0.000854,-0.000327077803449,-0.000614083086759
0.5813,0.00215258634065,0.000853,-0.000326415291408,-0.000613894371185
0.581414,0.00215003653376,0.000847,-0.000325815299354,-0.000613631080454
0.581528,0.00214742103481,0.000832,-0.000325221083282,-0.000613296956326
0.581642,0.00214470184183,0.000814,-0.00032451237922,-0.00061289957964
0.581757,0.00214179602451,0.000795,-0.000323621197552,-0.000612445241983
0.58187,0.00213880351085,0.000765,-0.000322620877567,-0.000611951837197
0.58198,0.00213581884884,0.000737,-0.000321659308611,-0.000611425704323
0.582093,0.00213263519328,0.000731,-0.000320923417953,-0.000610861577117
0.582203,0.00212928292128,0.000704,-0.000320526502108,-0.000610295537738
0.582316,0.00212581298183,0.000738,-0.000320356625575,-0.000609732758729
0.582431,0.00212209075963,0.000762,-0.00032030990186,-0.00060920694302
0.582546,0.00211810692192,0.000777,-0.000320305654086,-0.000608749331888
0.582661,0.00211394573241,0.000789,-0.000320184581015,-0.000608365299331
0.582773,0.00210965665014,0.000782,-0.000319802099115,-0.000608069295405
0.582884,0.00210539128819,0.000778,-0.000319147115628,-0.000607854976072
0.582995,0.00210110489654,0.000785,-0.000318308299096,-0.000607697751973
0.583105,0.00209682558394,0.000774,-0.000317523873113,-0.000607579477494
0.583216,0.00209228814839,0.000772,-0.000317075821302,-0.000607484578375
0.583325,0.00208770929482,0.000759,-0.000317007520083,-0.000607407866337
0.583432,0.00208299489643,0.000743,-0.000317141981383,-0.000607350649939
0.583537,0.0020782215802,0.000728,-0.000317274281695,-0.000607320738844
0.583641,0.00207320241179,0.000714,-0.000317276415355,-0.000607316837269
0.583743,0.00206827341494,0.0007,-0.000317084358459,-0.000607327241404
0.583844,0.00206331403527,0.000687,-0.000316697941781,-0.000607342847212
0.583944,0.00205830620609,0.000676,-0.000316183080651,-0.000607350649939
0.584044,0.00205336363949,0.000663,-0.000315663541017,-0.000607345448134
0.584143,0.00204828302838,0.00065,-0.000315265593093,-0.000607327241404
0.584243,0.00204296916183,0.000635,-0.000315040839442,-0.000607302531242
0.584342,0.00203755310271,0.000616,-0.00031495948123,-0.000607280421148
0.58444,0.00203211119577,0.000592,-0.000314946634284,-0.000607268715421
0.584539,0.00202665256366,0.000571,-0.000314940210717,-0.000607267414768
0.584637,0.00202122660815,0.000543,-0.000314923080901,-0.000607272617359
0.584735,0.00201575427575,0.000516,-0.000314912374541,-0.000607275218635
0.584834,0.00201015848275,0.000497,-0.000314938069514,-0.000607268715421
0.584932,0.00200458905294,0.000468,-0.000315010866527,-0.000607247904584
0.585032,0.00199898688777,0.000457,-0.000315115765799,-0.000607211483601
0.58513,0.001993613895,0.000453,-0.000315231349842,-0.000607167254668
0.585226,0.00198822412147,0.000472,-0.000315314814665,-0.000607120419903
0.585322,0.00198284790087,0.000485,-0.000315357613059,-0.000607077484305
0.585416,0.00197751482036,0.000502,-0.000315372591844,-0.000607042352523
0.58551,0.00197217253323,0.000558,-0.000315349053602,-0.000607024135103
0.585606,0.00196661905354,0.000602,-0.000315261312784,-0.000607035846376
0.585702,0.0019608474141,0.000626,-0.000315068670221,-0.000607091796567
0.585798,0.0019551139277,0.00063,-0.000314747474747,-0.000607204979583
0.585894,0.00194936517879,0.000624,-0.000314321114993,-0.000607380559302
0.585991,0.00194359645716,0.000617,-0.000313858021946,-0.000607621071609
0.586089,0.00193776619883,0.000632,-0.000313437527805,-0.000607917332696
0.586189,0.00193177508772,0.000667,-0.000313149893609,-0.000608251072327
0.586291,0.00192562842899,0.000701,-0.000313057566646,-0.000608614434115
0.586397,0.0019193213595,0.000729,-0.000313171363155,-0.0006090423535
0.586505,0.00191292983272,0.000738,-0.000313463280008,-0.000609537259396
0.586614,0.0019065850023,0.00074,-0.000313864456009,-0.000610092490718
0.586724,0.00190022620002,0.000794,-0.000314312542135,-0.000610697515615
0.586833,0.0018938581933,0.000848,-0.000314766750867,-0.000611325058772
0.586942,0.00188758532457,0.000859,-0.000315190683682,-0.00061196085929
0.587051,0.00188147336685,0.0008,-0.000315539475384,-0.000612575277655
0.58716,0.00187548747359,0.000755,-0.000315783306472,-0.000613155530622
0.587268,0.00186955214581,0.000725,-0.000315900912175,-0.000613686318488
0.587377,0.00186364560133,0.000727,-0.000315888083477,-0.000614165226953
0.587485,0.00185776257111,0.000726,-0.000315751228564,-0.000614600094037
0.587595,0.00185196960507,0.000707,-0.00031550096753,-0.000615003843736
0.587703,0.00184622352753,0.000714,-0.000315167138975,-0.00061538039003
0.587813,0.00184067929356,0.000675,-0.000314781743018,-0.000615745145407
0.587923,0.0018351183397,0.000659,-0.000314372549812,-0.000616089185129
0.588034,0.00182967297705,0.000654,-0.000313952381953,-0.000616426605419
0.588142,0.0018245830111,0.000657,-0.000313557696196,-0.000616742096581
0.588248,0.00181968877876,0.000645,-0.000313257234389,-0.000617035698959
0.588349,0.00181510890992,0.000601,-0.000313160628469,-0.000617297246061
0.588446,0.00181082673753,0.000559,-0.000313298019331,-0.000617519137226
0.588541,0.00180681663981,0.00053,-0.000313622063165,-0.000617697600457
0.588634,0.00180300356043,0.000507,-0.000314051016696,-0.000617826310252
0.588725,0.00179931153913,0.000488,-0.000314503262015,-0.000617911674118
0.588817,0.00179582368638,0.000475,-0.000314916657106,-0.000617958809247
0.588908,0.00179235915288,0.000461,-0.000315244191269,-0.000617975369206
0.588998,0.00178903943063,0.000453,-0.000315466736447,-0.000617971547725
0.589089,0.00178574572272,0.000459,-0.000315592954801,-0.000617953713767
0.58918,0.00178260491543,0.000465,-0.000315637874173,-0.000617930783478
0.589271,0.00177951048365,0.000466,-0.000315625040377,-0.000617905304173
0.589363,0.00177649704455,0.000461,-0.000315584398384,-0.000617881097656
0.589455,0.00177352263851,0.000454,-0.000315533057564,-0.000617856889992
0.589547,0.00177066836044,0.000443,-0.000315466736447,-0.00061783013282
0.589641,0.00176785572098,0.000433,-0.000315351193476,-0.000617798277216
0.589736,0.00176506695741,0.000419,-0.000315141452885,-0.000617762596583
0.589832,0.00176226259589,0.000399,-0.000314783884726,-0.000617725639015
0.589929,0.0017596112925,0.000398,-0.000314235381424,-0.000617688678775
0.590028,0.00175696541536,0.000407,-0.000313474009797,-0.000617651715862
0.590132,0.00175421526521,0.000451,-0.000312505484009,-0.000617616024996
0.59024,0.0017515380865,0.000534,-0.000311356884883,-0.000617579056829
0.590352,0.00174886182426,0.000567,-0.000310135127245,-0.000617545910682
0.590461,0.00174612841414,0.000468,-0.000309124998377,-0.0006175165873
0.590575,0.00174351358863,0.000433,-0.000308398830789,-0.000617478336881
0.590684,0.00174087448503,0.00042,-0.000307972703187,-0.000617427331871
0.590797,0.00173845540812,0.000425,-0.000307721657809,-0.000617354640939
0.590905,0.0017360830243,0.00039,-0.000307561458728,-0.000617267908413
0.591018,0.00173376837895,0.000387,-0.00030741421479,-0.000617173506299
0.591127,0.00173144215612,0.000378,-0.000307232280284,-0.000617094399218
0.59124,0.00172928726611,0.0004,-0.000306976621696,-0.000617040803597
0.591348,0.00172717206958,0.000385,-0.000306640649899,-0.000617035698959
0.591461,0.00172529459064,0.000405,-0.000306211226598,-0.000617269183998
0.591569,0.00172343718212,0.000385,-0.000305725080789,-0.000617757499146
0.591682,0.00172168381139,0.000423,-0.000305182088697,-0.000618254260181
0.59179,0.00171990083765,0.000425,-0.00030462343195,-0.000618707292528
0.591902,0.00171809965014,0.00045,-0.000304018599468,-0.000619157381564
0.59201,0.00171620888407,0.000432,-0.000303391432339,-0.000619570249744
0.592122,0.00171436378279,0.000455,-0.000302691708036,-0.000619989128177
0.592231,0.0017124193464,0.000454,-0.000301960684489,-0.000620382306897
0.592343,0.00171052219815,0.000481,-0.000301167657729,-0.000620780250007
0.592451,0.00170857455723,0.00047,-0.000300371501854,-0.000621137373745
0.592563,0.00170677957345,0.000484,-0.000299528382852,-0.00062147400585
0.592671,0.0017049284429,0.000455,-0.00029869736614,-0.000621747197632
0.592782,0.00170318287388,0.000452,-0.000297832366536,-0.000621982328703
0.59289,0.00170143615935,0.000414,-0.000296992646216,-0.000622161764286
0.593002,0.00169995779084,0.000414,-0.000296140862659,-0.000622315876741
0.59311,0.00169846419397,0.000409,-0.00029533430521,-0.000622443426336
0.593222,0.00169713707128,0.000433,-0.000294526779019,-0.000622570943963
0.59333,0.00169576205877,0.000446,-0.000293771328284,-0.000622694643391
0.593442,0.00169461132611,0.000473,-0.000293019454013,-0.000622834715603
0.59355,0.00169330491001,0.000458,-0.000292319899811,-0.000622977272023
0.593662,0.00169206114118,0.00046,-0.000291630704671,-0.000623137442615
0.59377,0.00169042206086,0.000424,-0.000290996288595,-0.000623409742902
0.593882,0.00168851647056,0.000427,-0.000290370160672,-0.000623924949227
0.59399,0.00168643614301,0.000406,-0.000289783471374,-0.00062438303127
0.594101,0.00168474857844,0.000415,-0.000289189596124,-0.000624815564511
0.594209,0.00168311268277,0.000399,-0.000288613015505,-0.000625192473098
0.594321,0.00168173084826,0.00042,-0.000288022568131,-0.000625544002029
0.594429,0.00168039406556,0.000417,-0.00028745168351,-0.000625850135859
0.594541,0.00167924710215,0.000449,-0.000286880316564,-0.000626132267701
0.59465,0.00167803131473,0.000451,-0.000286339752214,-0.00062637540205
0.594762,0.0016770148617,0.000484,-0.000285809937773,-0.00062659963394
0.59487,0.00167605703551,0.00048,-0.000285313279564,-0.000626799980724
0.594982,0.00167517154413,0.000505,-0.000284827455135,-0.000626992739703
0.59509,0.00167435123082,0.00049,-0.000284377140892,-0.000627172915522
0.595203,0.00167351004403,0.000507,-0.000283948952947,-0.000627354277811
0.595311,0.00167274698983,0.000485,-0.000283563128076,-0.000627530574725
0.595424,0.00167212787654,0.000497,-0.000283210759008,-0.00062771055929
0.595532,0.00167153104474,0.000469,-0.000282898636113,-0.000627885482945
0.595645,0.00167096877627,0.000478,-0.00028261333351,-0.000628065341361
0.595754,0.00167036213894,0.000448,-0.000282361628504,-0.000628235148958
0.595867,0.00166989207629,0.000451,-0.000282141310036,-0.00062840115569
0.595976,0.00166946108893,0.000421,-0.000281959156094,-0.000628542156206
0.596089,0.00166919285394,0.000425,-0.000281819696596,-0.000628660666053
0.596188,0.00166880182419,0.000359,-0.000281743206646,-0.000628734252927
0.596284,0.00166867183266,0.000339,-0.000281725207758,-0.000628769171765
0.596379,0.00166848607069,0.000325,-0.000281743206646,-0.000628764183507
0.596475,0.00166846430988,0.000318,-0.000281788201777,-0.000628729264325
0.596571,0.00166848412717,0.000313,-0.000281866936085,-0.000628675633743
0.596667,0.00166856825145,0.00031,-0.000281990642984,-0.000628621997472
0.596763,0.00166869523062,0.000307,-0.000282166043222,-0.000628582078414
0.596858,0.00166898454203,0.000301,-0.000282386353665,-0.000628565860397
0.596955,0.00166926397768,0.000293,-0.000282633555754,-0.000628584573448
0.597051,0.00166963747692,0.000288,-0.000282880667835,-0.000628645225903
0.597147,0.00167018247424,0.000295,-0.000283107482435,-0.000628752488044
0.597244,0.00167078493835,0.0003,-0.000283291573186,-0.000628897131175
0.59734,0.00167153557656,0.000304,-0.000283419509282,-0.000629059182073
0.597436,0.00167239541896,0.000307,-0.000283489078433,-0.00062922491886
0.597533,0.00167330396655,0.000309,-0.000283504786608,-0.000629380636987
0.597629,0.00167436974793,0.000308,-0.000283477858085,-0.000629523855295
0.597726,0.00167554093285,0.000306,-0.000283417264997,-0.00062965333951
0.597822,0.00167681693385,0.000306,-0.000283334221232,-0.000629777812273
0.597918,0.00167828317264,0.000308,-0.000283224228706,-0.00062990225437
0.598015,0.00167980795059,0.000309,-0.000283089519687,-0.0006300403492
0.598116,0.00168167153527,0.000327,-0.000282909866045,-0.000630207007977
0.59823,0.00168394963338,0.000375,-0.000282624568164,-0.0006304457068
0.59834,0.00168621855939,0.000345,-0.000282260470738,-0.000630743921682
0.598453,0.00168877652709,0.000332,-0.000281808448614,-0.000631106512297
0.598565,0.00169141236015,0.000322,-0.000281254817746,-0.000631497371124
0.598678,0.00169431795445,0.000333,-0.000280581300698,-0.000631910235574
0.598789,0.00169714492284,0.000326,-0.000279846203098,-0.000632310378855
0.598903,0.00170034137364,0.000332,-0.000279096758561,-0.000632706492511
0.599014,0.0017033703924,0.000333,-0.000278441447171,-0.000633077566337
0.599127,0.00170673250165,0.000345,-0.000277925793533,-0.000633438482397
0.599238,0.00171014620897,0.000351,-0.000277545588223,-0.000633773210753
0.599352,0.00171401903223,0.000369,-0.000277226323469,-0.000634095377123
0.599463,0.00171786778849,0.000369,-0.000276872919984,-0.00063439513973
0.599576,0.00172219799329,0.000373,-0.000276392359806,-0.000634687328744
0.599687,0.00172637055427,0.000357,-0.000275741250027,-0.000634964566302
0.599797,0.00173053993701,0.00033,-0.000274998634999,-0.000635229339362
0.599903,0.00173424094508,0.000302,-0.000274343918833,-0.000635466900568
0.6,0.0017373980998,0.000274,-0.000273954883861,-0.000635657606745
0.600115,0.00174136637269,0.000321,-0.000273804670722,-0.000635833484367
0.60023,0.0017454872873,0.000313,-0.000273959435259,-0.000635971191662
0.600343,0.00174955746031,0.000322,-0.000274202890826,-0.000636073218241
0.600458,0.00175406694367,0.000353,-0.000274255211066,-0.000636162935323
0.600571,0.00175861567546,0.000467,-0.000273900264723,-0.000636263694296
0.600687,0.00176343734654,0.000544,-0.000273080453217,-0.000636397598693
0.6008,0.00176789106438,0.000459,-0.00027203376541,-0.000636554798619
0.600915,0.0017724745749,0.00046,-0.000271058609055,-0.000636720542066
0.601028,0.00177664760906,0.000467,-0.000270450431492,-0.000636851870202
0.601144,0.00178063459895,0.000532,-0.000270281143147,-0.000636927951148
0.601256,0.00178426880639,0.000557,-0.000270544208371,-0.0006369328592
0.601372,0.00178804962182,0.000598,-0.00027113859221,-0.000636873959408
0.601485,0.00179160018236,0.000595,-0.000271750725005,-0.000636759821374
0.6016,0.00179547099797,0.000618,-0.000272104507216,-0.000636595318741
0.601713,0.00179933950104,0.000602,-0.000271942474849,-0.000636376716872
0.601829,0.00180317907069,0.0006,-0.000271227705287,-0.000636086738279
0.601941,0.00180656424277,0.000562,-0.000270255975091,-0.000635743708383
0.602057,0.00180984411936,0.000615,-0.000269475306321,-0.000635330285829
0.602169,0.00181223891625,0.000649,-0.000269305776808,-0.000634866010468
0.602285,0.00181461147685,0.000716,-0.000269773026915,-0.000634331008026
0.602397,0.00181692347113,0.000737,-0.000270567078833,-0.000633779384462
0.602512,0.001819447386,0.000767,-0.000271362495327,-0.000633196252227
0.602625,0.00182169221671,0.000745,-0.000271832910091,-0.000632612443718
0.60274,0.00182420675931,0.000752,-0.000271905955213,-0.000631993263551
0.602852,0.00182682446461,0.000711,-0.000271556637701,-0.000631378284331
0.602968,0.00182963480342,0.0007,-0.000270873469333,-0.000630741437286
0.60308,0.0018320164772,0.000653,-0.000270189618508,-0.000630126172903
0.603195,0.00183418990432,0.000641,-0.000269823397604,-0.000629515138819
0.603307,0.0018356587269,0.000603,-0.000270008821407,-0.000628955724803
0.603422,0.00183650476858,0.000599,-0.000270681419683,-0.000628423618581
0.603534,0.00183713521198,0.000567,-0.000271481271321,-0.000627947941029
0.603649,0.00183817658377,0.000565,-0.000272232280319,-0.000627496820493
0.603761,0.00183914685076,0.000534,-0.000272763651521,-0.000627082835625
0.603876,0.0018401366185,0.000532,-0.000273100960497,-0.000626672268804
0.603987,0.00184174162252,0.000562,-0.00027320120945,-0.000626275154593
0.604102,0.00184356879263,0.000601,-0.000273023485323,-0.00062586769531
0.604214,0.00184516451893,0.000469,-0.000272645098033,-0.000625498819096
0.604328,0.00184686564576,0.000455,-0.000272312126388,-0.000625167354566
0.604439,0.00184807722523,0.000416,-0.000272323532208,-0.000624864578459
0.604554,0.00184887069727,0.000425,-0.000272759092152,-0.000624557849244
0.604665,0.00184915676747,0.000429,-0.000273376609741,-0.000624255967496
0.604779,0.00185015510233,0.000449,-0.000274025427117,-0.000623936280414
0.604891,0.00185079816628,0.000449,-0.000274539490117,-0.000623620171421
0.605006,0.00185149622466,0.000463,-0.000274914557304,-0.000623302605101
0.605118,0.00185238089923,0.000591,-0.000275123596216,-0.00062301258956
0.605233,0.00185381968783,0.000678,-0.000275169030987,-0.00062273376654
0.605344,0.00185481547882,0.000582,-0.000275082702337,-0.00062248004358
0.60546,0.0018555046157,0.000444,-0.000275073614475,-0.000622222404264
0.605571,0.00185570963115,0.000427,-0.000275377991975,-0.000621973481651
0.605686,0.00185509136946,0.000439,-0.000276072554287,-0.000621718114738
0.605797,0.00185400920643,0.000423,-0.00027684799359,-0.00062147906629
0.605913,0.00185310837902,0.000429,-0.000277470880094,-0.000621244968344
0.606023,0.0018522105684,0.000404,-0.000277812659372,-0.000621037353679
0.606138,0.00185154150508,0.000404,-0.000278018549523,-0.000620843588077
0.606249,0.00185117823586,0.00066,-0.000278204023609,-0.000620675091428
0.606364,0.00185160119653,0.000867,-0.000278626806102,-0.00062051667912
0.606474,0.0018518831637,0.000889,-0.000279311292389,-0.000620379771232
0.606589,0.0018521899253,0.000811,-0.000280299532064,-0.000620259312595
0.606699,0.00185197615277,0.000577,-0.000281509183895,-0.000620159120051
0.606814,0.00185111692067,0.000618,-0.000282898636113,-0.000620062713705
0.606924,0.00184945980393,0.00051,-0.000284043132657,-0.000619954869223
0.607038,0.00184812378486,0.000462,-0.000284726664507,-0.000619814002675
0.607148,0.00184690731228,0.00044,-0.000284865527693,-0.000619642626051
0.607262,0.00184574772049,0.000452,-0.000284708744604,-0.00061942673653
0.607372,0.00184482556802,0.000678,-0.000284531760109,-0.000619184069296
0.607486,0.00184455053046,0.001011,-0.000284639300502,-0.000618903142737
0.607596,0.00184510129323,0.001102,-0.000285371465576,-0.000618602977995
0.60771,0.00184557626618,0.001106,-0.000286840124161,-0.000618273356733
0.607819,0.00184573207793,0.000919,-0.000288673145345,-0.000617943522655
0.607933,0.0018455473077,0.000931,-0.000290743243021,-0.000617602002903
0.608042,0.00184423179087,0.000807,-0.000292532499437,-0.000617278113003
0.608156,0.00184287275591,0.000555,-0.000293760277391,-0.000616952741455
0.608265,0.00184168941566,0.000366,-0.000294193336616,-0.000616653983
0.608379,0.00184083431367,0.000374,-0.000294144741809,-0.000616361439286
0.608488,0.00183980265551,0.000379,-0.000293937069916,-0.000616094299218
0.608602,0.00183908123457,0.000807,-0.000293842049706,-0.00061581806532
0.608711,0.00183910422647,0.001053,-0.000294089516178,-0.000615539122537
0.608824,0.00183980817924,0.001315,-0.000295080678758,-0.000615222889022
0.608934,0.00184028886045,0.001171,-0.00029688485736,-0.000614896208241
0.609047,0.00184065723144,0.00109,-0.000299278528346,-0.000614557778042
0.609156,0.00183998964838,0.001088,-0.000301659313954,-0.000614251203378
0.609269,0.00183832530603,0.000915,-0.000303655001353,-0.000613968838683
0.609378,0.00183704007033,0.00051,-0.000304764770633,-0.00061373384413
0.609491,0.00183609289677,0.000393,-0.000305169051456,-0.000613518016637
0.609607,0.00183538538209,0.000309,-0.00030519295287,-0.000613323951351
0.609721,0.00183467832479,0.000482,-0.000305179915841,-0.000613176104055
0.60984,0.00183418462413,0.001243,-0.000305429747896,-0.000613071942572
0.609963,0.00183415792864,0.001609,-0.000306133119915,-0.000613026927985
0.61009,0.00183491887192,0.001316,-0.000307442366882,-0.000613044934294
0.610218,0.0018361976506,0.000958,-0.000309513691029,-0.000613113095313
0.610346,0.00183712885914,0.001233,-0.000312170143584,-0.000613206962659
0.610477,0.00183658914378,0.001243,-0.000314837425177,-0.000613299527342
0.610605,0.00183528339875,0.00086,-0.000316676586213,-0.000613379222447
0.610731,0.00183429054672,0.00045,-0.000317346822245,-0.000613448624233
0.61086,0.00183362041318,0.000295,-0.000317075821302,-0.000613512359812
0.610988,0.00183293793151,0.000689,-0.000316452311124,-0.00061357660451
0.611107,0.00183250885978,0.001335,-0.00031608262536,-0.000613640841166
0.611235,0.00183343414525,0.001666,-0.00031620445215,-0.00061372690568
0.611371,0.00183587916099,0.001314,-0.000317188929685,-0.000613863037972
0.611502,0.00183816328611,0.000813,-0.000318921548884,-0.000614040212699
0.611632,0.0018396003842,0.000915,-0.000320866123999,-0.000614263519734
0.611774,0.0018388138959,0.000889,-0.000322749968274,-0.000614518791981
0.611904,0.00183763078498,0.000474,-0.000323752205116,-0.000614749582085
0.612035,0.00183677151433,0.000421,-0.000324079609974,-0.000614966173816
0.612164,0.00183626997168,0.000367,-0.000324079609974,-0.00061516090006
0.612294,0.0018362266604,0.001197,-0.000324102838968,-0.000615345309321
0.612422,0.00183729732094,0.001657,-0.000324343527532,-0.000615505333005
0.61255,0.00184011894323,0.001449,-0.000324932209859,-0.000615596204202
0.612686,0.00184286574664,0.001087,-0.000326137468475,-0.000615552690429
0.612822,0.00184427212862,0.000695,-0.000327598930233,-0.000615350430854
0.612958,0.00184270477916,0.000688,-0.000329042473425,-0.000615011018654
0.613095,0.00184156659216,0.000555,-0.000330204647537,-0.000614571369975
0.613231,0.00184088854921,0.000406,-0.000331009630657,-0.000614050481822
0.613367,0.00184057484542,0.000905,-0.000331383558671,-0.000613464813558
0.6135,0.00184118212666,0.001608,-0.000331494233798,-0.000612863037275
0.61362,0.00184351058069,0.001331,-0.000331619503805,-0.000612324956512
0.613741,0.0018466172532,0.000933,-0.000332224637531,-0.000611800493788
0.613867,0.00184937895707,0.000548,-0.000333322879916,-0.000611293563296
0.614006,0.00184956766801,0.000742,-0.000334866048691,-0.000611251497645
0.614149,0.00184829161222,0.000686,-0.000336289512762,-0.000611300539565
0.614291,0.00184754621576,0.000495,-0.00033731472082,-0.000611412802147
0.614433,0.00184722491742,0.000451,-0.000337790531667,-0.000611568896732
0.614574,0.00184773022892,0.001424,-0.000337858771668,-0.000611736548872
0.614716,0.00185040503531,0.001487,-0.000337858771668,-0.000611888678112
0.614858,0.00185417292912,0.001009,-0.000338309389634,-0.000612011122338
0.615,0.00185726446351,0.000612,-0.000339572762076,-0.000612107768233
0.615141,0.0018560648003,0.000824,-0.000341269904623,-0.000612206972448
0.615275,0.00185476274261,0.000699,-0.000342706123385,-0.000612340932162
0.615402,0.00185402087532,0.000536,-0.000343805279939,-0.000612521207413
0.615526,0.00185332704548,0.000484,-0.000344513821416,-0.000612754183834
0.615665,0.00185378636926,0.001318,-0.000344941438084,-0.00061306036777
0.615798,0.00185674517133,0.001437,-0.000345217499775,-0.000613403642664
0.615938,0.00186085805156,0.00108,-0.000345861186252,-0.000613786502539
0.616077,0.00186372826118,0.000647,-0.000347181292598,-0.00061416651029
0.616216,0.00186243270151,0.000789,-0.000348787488466,-0.000614510328682
0.616357,0.0018610500515,0.000692,-0.000350192936262,-0.00061480264951
0.616497,0.00186026786126,0.000693,-0.000351313878364,-0.000615030749078
0.616637,0.00186021834532,0.001151,-0.000352129540921,-0.000615199836032
0.616778,0.00186295699112,0.001699,-0.000352794664063,-0.000615317651528
0.616909,0.00186691898451,0.001373,-0.000353614507918,-0.000615402154654
0.617019,0.00186965265722,0.000691,-0.000354824189516,-0.000615478963585
0.617152,0.0018697881198,0.000867,-0.000356568165882,-0.000615549361655
0.617278,0.00186790993731,0.000759,-0.000358091018664,-0.000615600554175
0.617403,0.00186640638395,0.000686,-0.000359464298821,-0.000615635106234
0.61754,0.0018653804085,0.00097,-0.000360746834238,-0.000615622309447
0.617678,0.00186683459519,0.001275,-0.000361849514926,-0.000615571119101
0.617816,0.0018706197251,0.001442,-0.000362860791826,-0.000615486643844
0.617952,0.00187397994546,0.000781,-0.00036419608795,-0.000615385511201
0.618089,0.0018738790433,0.000786,-0.000365754368953,-0.000615280516958
0.618225,0.00187156557551,0.000677,-0.000367093504296,-0.000615199836032
0.618355,0.00187003469,0.000677,-0.000368283896662,-0.000615175501195
0.618471,0.00186989651215,0.000836,-0.000369379534333,-0.00061522032763
0.618592,0.00187164739006,0.000784,-0.000370610854825,-0.000615343260008
0.618713,0.00187517690854,0.000645,-0.000371877053934,-0.000615527603284
0.618837,0.00187800455319,0.000705,-0.00037325815272,-0.000615750262932
0.618973,0.00187618792392,0.000638,-0.000374493689445,-0.000615999680312
0.619111,0.00187377489652,0.000689,-0.000375241268152,-0.000616257923077
0.619248,0.00187279899809,0.000678,-0.000375855455863,-0.000616518590541
0.619384,0.0018737033354,0.000715,-0.000376626731746,-0.000616789339642
0.619522,0.0018775369824,0.000751,-0.000377538970786,-0.00061706504993
0.619658,0.00187963301366,0.000775,-0.000378678873794,-0.000617341887079
0.619796,0.00187704204856,0.000804,-0.000379588152743,-0.000617617299713
0.619925,0.0018747790553,0.000773,-0.000380085858539,-0.000617893838071
0.620054,0.0018739151903,0.00078,-0.00038055028737,-0.000618181686773
0.620169,0.00187440417706,0.000707,-0.000381143870369,-0.000618484644257
0.620273,0.00187646880769,0.000639,-0.000381808328308,-0.000618801411745
0.620383,0.00187885258582,0.000682,-0.000382701535744,-0.00061915865244
0.620499,0.00187859421742,0.000708,-0.000383493364266,-0.000619539772437
0.620635,0.00187684371037,0.000808,-0.000383839836515,-0.00061996628913
0.620772,0.00187616313074,0.0008,-0.000383834063544,-0.000620386110372
0.620908,0.00187524762407,0.000784,-0.000383897563314,-0.000620810653263
0.621044,0.0018767319784,0.000778,-0.000384078406266,-0.000621237374177
0.621181,0.00188098682942,0.000758,-0.000384522597062,-0.00062164476789
0.621317,0.00188164642489,0.000747,-0.000385145088773,-0.000622010132724
0.621454,0.00187916220208,0.000747,-0.000385506004743,-0.000622315876741
0.62159,0.00187740008654,0.000757,-0.000385732431076,-0.000622550745282
0.621727,0.00187672224155,0.000776,-0.000386002884193,-0.000622723670531
0.621863,0.00187813027735,0.000798,-0.000386301973045,-0.000622861211412
0.621994,0.00188076226204,0.00077,-0.000386614330172,-0.000622999976435
0.62211,0.00188315042791,0.000686,-0.000386989719203,-0.000623141225563
0.622226,0.00188152125153,0.000669,-0.000387332352586,-0.00062330638682
0.622334,0.0018796397115,0.0006,-0.00038746820555,-0.000623437469007
0.622456,0.00187799966106,0.000646,-0.000387548555404,-0.000623539538453
0.62258,0.00187731387155,0.000628,-0.000387560033113,-0.000623596234844
0.622717,0.00187738016954,0.00066,-0.000387456726157,-0.000623612612624
0.622853,0.00187886702105,0.000636,-0.000387114160819,-0.000623626470333
0.62299,0.0018801325466,0.000616,-0.000386729269068,-0.00062364788605
0.623126,0.00188031295433,0.000598,-0.000386267470075,-0.000623656704023
0.623256,0.00188022655834,0.000544,-0.000385778473888,-0.00062364788605
0.623381,0.0018777614637,0.000492,-0.000385362047202,-0.00062360631354
0.623489,0.00187616791264,0.000381,-0.000384989523724,-0.000623562217768
0.62361,0.0018753714387,0.000446,-0.000384472617254,-0.000623485355991
0.623732,0.00187526101154,0.000411,-0.000383791726796,-0.000623371932139
0.623868,0.00187773263022,0.000486,-0.000382855741163,-0.000623218139388
0.624004,0.00188208172158,0.00049,-0.000381910638833,-0.00062309330615
0.624141,0.00188246233133,0.000538,-0.000381035636368,-0.000623001237762
0.624275,0.00187972204718,0.000595,-0.000379884499657,-0.000622910414253
0.624411,0.00187759499629,0.000708,-0.000378511997982,-0.000622796862052
0.624547,0.00187622202671,0.000713,-0.000377126778611,-0.000622656779414
0.624683,0.00187615774951,0.000661,-0.000375839864827,-0.000622498982499
0.624811,0.00187819778771,0.000547,-0.000374772914883,-0.000622355029028
0.624936,0.00188215203715,0.000521,-0.000373934868669,-0.000622242615984
0.625044,0.00188575151183,0.000537,-0.000373338379384,-0.000622170608066
0.625156,0.0018869102071,0.000563,-0.000372664942885,-0.000622094799249
0.625278,0.00188554332686,0.000576,-0.000371535723512,-0.000621988647932
0.625409,0.00188420512056,0.000851,-0.000369863692689,-0.000621857191813
0.625544,0.00188312692553,0.001026,-0.000367841954531,-0.000621699146738
0.625681,0.00188293945118,0.001044,-0.000365778130002,-0.000621571410474
0.625817,0.00188371099042,0.000954,-0.000363886357411,-0.000621485391768
0.625953,0.0018853983687,0.00078,-0.000362335446154,-0.000621436050953
0.62609,0.00188816688662,0.0006,-0.000361139869868,-0.000621414541922
0.626227,0.00189207183555,0.000594,-0.000359954043228,-0.000621412011388
0.626364,0.00189341122643,0.000722,-0.000358509720573,-0.000621428459634
0.6265,0.00189327585567,0.000886,-0.000356732864471,-0.00062147400585
0.62663,0.0018927479742,0.000851,-0.00035502155473,-0.000621562556278
0.626746,0.00189225525771,0.000628,-0.000353755754767,-0.000621680178032
0.626863,0.00189242485172,0.000482,-0.000352782540308,-0.000621838228995
0.626971,0.0018927520469,0.000414,-0.000352014236955,-0.000621983592555
0.627093,0.00189419845629,0.000454,-0.000351234888443,-0.000622140285894
0.627208,0.00189689413644,0.000448,-0.00035047487549,-0.000622296931005
0.627333,0.00190200111367,0.000574,-0.000349512935559,-0.00062248256881
0.627465,0.0019064937258,0.000698,-0.000348356304639,-0.00062264794408
0.627591,0.0019080153595,0.000691,-0.000347258742163,-0.00062274512431
0.627719,0.00190713345431,0.000672,-0.000346171561651,-0.000622791814699
0.627848,0.00190657809062,0.000636,-0.000345282919366,-0.000622755219892
0.627973,0.00190657441392,0.000491,-0.000344720503959,-0.000622656779414
0.628097,0.00190721398207,0.000454,-0.000344348018443,-0.00062248383142
0.628217,0.0019084671077,0.000413,-0.000344094114375,-0.000622262826902
0.628343,0.00191222469221,0.000408,-0.000343860598627,-0.000621977273263
0.628452,0.00191695089491,0.000327,-0.000343702825454,-0.000621714321195
0.628567,0.00192159973063,0.000321,-0.000343551163089,-0.000621419602952
0.628685,0.00192432073525,0.000373,-0.000343315401134,-0.000621101925842
0.628794,0.00192404439271,0.000371,-0.00034298108725,-0.000620777716321
0.628909,0.00192292417231,0.000443,-0.000342562439183,-0.000620403859544
0.629027,0.00192231506761,0.000638,-0.00034220103539,-0.000619986590555
0.629137,0.00192175896929,0.000632,-0.000341892861835,-0.000619555011318
0.629252,0.001921849684,0.000553,-0.000341584541889,-0.000619068412377
0.62937,0.00192237379121,0.000513,-0.00034133572372,-0.000618541905941
0.62948,0.0019232975476,0.000479,-0.000341220535921,-0.000618026319561
0.629595,0.00192521234787,0.000499,-0.000341239049624,-0.000617475786751
0.629713,0.00192822532238,0.000506,-0.000341378913878,-0.000616908066456
0.629823,0.00193123388812,0.000456,-0.000341545477578,-0.000616381884456
0.629938,0.00193389831867,0.000464,-0.000341658552033,-0.000615843648794
0.630049,0.0019348629128,0.000437,-0.000341724331744,-0.000615345820785
0.630158,0.00193440012326,0.000416,-0.000341765440679,-0.000614884674526
0.630263,0.00193333881231,0.000566,-0.000341839430202,-0.000614466722696
0.630372,0.00193245743631,0.000726,-0.000341985329268,-0.000614066400424
0.630476,0.00193185537218,0.000698,-0.0003420962728,-0.000613705586171
0.630585,0.0019316082286,0.000514,-0.000342122978596,-0.000613353515701
0.630689,0.00193150772012,0.000358,-0.000342083946678,-0.000613024355604
0.630798,0.00193173113689,0.000357,-0.000342075729133,-0.000612688549236
0.630902,0.00193240943691,0.000331,-0.000342172278716,-0.000612357674671
0.63101,0.00193439686162,0.00038,-0.000342394082917,-0.00061201241107
0.631115,0.00193651903096,0.000323,-0.000342775901373,-0.000611674652909
0.631223,0.00193899866578,0.00029,-0.000343235427608,-0.000611330220562
0.631327,0.00194061004393,0.000278,-0.000343602404343,-0.000611004926628
0.631434,0.00194084454822,0.00037,-0.000343901572389,-0.000610685887225
0.631538,0.00193933707417,0.000382,-0.000344065441534,-0.000610395092049
0.631645,0.00193749907679,0.000522,-0.000344137121256,-0.000610119654513
0.631749,0.00193587112746,0.000652,-0.000344133025486,-0.000609877716948
0.631856,0.0019345381852,0.000631,-0.000344022429895,-0.000609656380403
0.631959,0.00193344051296,0.000346,-0.00034380118207,-0.00060946085208
0.632066,0.00193267909527,0.000304,-0.000343512217026,-0.000609280796821
0.632169,0.00193200688644,0.000302,-0.000343239529055,-0.000609117526888
0.632276,0.00193196234557,0.000413,-0.000343022116636,-0.000608955501628
0.632379,0.0019326412267,0.000425,-0.000342855931587,-0.000608801206251
0.632486,0.00193406448636,0.000367,-0.000342677389091,-0.000608644270316
0.632588,0.00193513409799,0.000326,-0.000342416669832,-0.00060849636961
0.632695,0.00193577883262,0.000366,-0.000341962727335,-0.00060835751193
0.632797,0.00193558995315,0.000381,-0.000341358347494,-0.000608239388594
0.632904,0.00193410336545,0.000427,-0.000340627818608,-0.00060814850608
0.633006,0.00193213520475,0.000448,-0.000339875853999,-0.000608090073152
0.633112,0.00192997012205,0.0005,-0.000339191118965,-0.000608066698128
0.633214,0.00192799452706,0.000528,-0.00033867296382,-0.000608070594039
0.63332,0.00192639742121,0.000555,-0.000338237063731,-0.000608097864592
0.633422,0.00192511034366,0.000568,-0.0003378256865,-0.000608135521557
0.633527,0.00192418128661,0.00062,-0.000337370594889,-0.000608187457689
0.633629,0.00192361917833,0.000622,-0.000336921397345,-0.000608240686799
0.633734,0.0019236072337,0.00067,-0.000336490539224,-0.000608300400727
0.633835,0.00192411493873,0.000667,-0.00033607805722,-0.00060835751193
0.63394,0.00192496130613,0.000713,-0.000335615518358,-0.000608418510094
0.63404,0.00192552622246,0.000707,-0.000335131887158,-0.000608476905833
0.634144,0.00192597950658,0.000754,-0.000334583476611,-0.000608541782234
0.634244,0.00192578321742,0.000744,-0.000334049164271,-0.00060861054231
0.634348,0.00192418707891,0.000785,-0.000333603916639,-0.000608697452305
0.634447,0.00192205383945,0.00076,-0.000333316633283,-0.000608794722241
0.63455,0.00192008214789,0.000793,-0.000333168778846,-0.000608914014973
0.634649,0.00191839412741,0.000749,-0.00033308754879,-0.000609046242048
0.634752,0.00191705370013,0.000765,-0.000332945892742,-0.000609200464111
0.634851,0.00191587303497,0.000724,-0.000332668741391,-0.000609361117011
0.634952,0.00191505470181,0.000738,-0.000332260093519,-0.000609539849276
0.63505,0.0019146201659,0.000696,-0.000331830320821,-0.000609710752576
0.635152,0.00191547127707,0.000707,-0.000331477529318,-0.000609885481415
0.635249,0.00191680161602,0.000661,-0.000331320904074,-0.000610048508203
0.63535,0.00191794646105,0.000666,-0.000331233177558,-0.00061021406989
0.635446,0.00191839917611,0.000623,-0.000331026347086,-0.000610367942783
0.635555,0.00191804955315,0.000688,-0.000330570671657,-0.000610539863961
0.635656,0.00191622493288,0.000626,-0.000329964005962,-0.000610702683704
0.635761,0.00191435714069,0.000634,-0.000329151449367,-0.000610877076287
0.635868,0.00191277646872,0.000789,-0.000328289625651,-0.000611066903238
0.635968,0.00191140182418,0.000778,-0.000327594729252,-0.000611246335065
0.636071,0.0019103760872,0.000655,-0.00032705257714,-0.000611434735652
0.636178,0.00190968680013,0.000527,-0.000326663548827,-0.000611630805426
0.636276,0.00190917893538,0.000473,-0.000326398456999,-0.000611808751412
0.636378,0.00190911609002,0.000563,-0.000326183780458,-0.000611989213409
0.636482,0.00190962881271,0.000738,-0.000326049045623,-0.000612173477062
0.636578,0.00191058095134,0.00071,-0.000326089047911,-0.000612337068429
0.636678,0.001911637695,0.000663,-0.000326455271399,-0.000612501895233
0.63678,0.00191234574104,0.000493,-0.000327067292605,-0.000612669243346
0.636874,0.00191202640785,0.000331,-0.000327762747505,-0.000612821096751
0.636971,0.0019104398728,0.000404,-0.000328610582913,-0.000612975477911
0.637071,0.00190862292244,0.000434,-0.000329520156618,-0.000613133670446
0.637163,0.0019068441118,0.000378,-0.00033031133855,-0.000613276387736
0.637258,0.00190539091375,0.000345,-0.000330965748001,-0.000613420350564
0.637356,0.00190408702462,0.000352,-0.000331379381884,-0.000613565557867
0.637452,0.00190290371891,0.000337,-0.000331525553549,-0.000613696594675
0.637548,0.00190180061674,0.00048,-0.000331496321828,-0.00061383016639
0.637647,0.00190114590372,0.000746,-0.000331398177213,-0.000613966271018
0.637749,0.00190063120205,0.000893,-0.000331308372434,-0.000614102339547
0.637841,0.00190080084373,0.000779,-0.000331289574525,-0.000614222973903
0.637936,0.00190150267211,0.000684,-0.000331454559962,-0.000614347428551
0.638034,0.00190220548422,0.00052,-0.000331648730022,-0.000614474418139
0.638135,0.00190261715476,0.000373,-0.000331728051744,-0.000614605223011
0.638226,0.00190210709365,0.000296,-0.000331686304668,-0.000614723175257
0.63832,0.00190101808586,0.000281,-0.000331523465612,-0.000614850071823
0.638417,0.00189978507263,0.000297,-0.000331147528424,-0.000614983343479
0.638517,0.00189854554549,0.000362,-0.000330610399108,-0.000615122985242
0.638608,0.0018971193568,0.000337,-0.000330116771298,-0.000615248502238
0.638701,0.00189593040747,0.000336,-0.000329731650651,-0.000615379109729
0.638797,0.00189494679199,0.000415,-0.000329526439603,-0.000615516083773
0.638896,0.00189426923836,0.000501,-0.000329509684843,-0.000615660698849
0.638986,0.00189350236731,0.000493,-0.000329635335102,-0.000615795039101
0.639084,0.00189298498814,0.000632,-0.000329905401584,-0.000615951085429
0.639176,0.00189259820605,0.000746,-0.000330315522157,-0.000616112198125
0.639274,0.00189276880469,0.000841,-0.000331022168018,-0.000616291152784
0.639373,0.00189281392261,0.000799,-0.000332089052785,-0.000616480265416
0.639471,0.00189281551883,0.000685,-0.000333314551058,-0.000616678247674
0.639568,0.00189242248916,0.000594,-0.000334550224792,-0.000616879983031
0.639666,0.00189120403497,0.000582,-0.000335758670819,-0.000617085467004
0.639763,0.00188928227726,0.000526,-0.000336848917113,-0.000617295970546
0.639859,0.00188775585129,0.000424,-0.000337726420908,-0.000617511487409
0.639955,0.00188645854177,0.000349,-0.00033832385385,-0.0006177320112
0.640052,0.00188511986916,0.000353,-0.000338580023838,-0.000617960083109
0.640148,0.00188362093415,0.000354,-0.000338518056475,-0.000618202059297
0.640243,0.00188254119207,0.000383,-0.000338220530967,-0.000618460465174
0.640339,0.0018814695099,0.000517,-0.000337776055595,-0.000618734003799
0.640435,0.00188097038623,0.000592,-0.000337271259898,-0.000619021379541
0.640538,0.00188120808093,0.000633,-0.000336807496218,-0.000619344166392
0.640635,0.00188184088001,0.000534,-0.000336473962067,-0.000619662940363
0.64074,0.00188250524668,0.00044,-0.000336040734415,-0.000620032265809
0.640837,0.00188310942613,0.000428,-0.00033552836669,-0.000620394985035
0.640934,0.00188270021317,0.000467,-0.000334934595533,-0.000620789117811
0.641031,0.00188161874676,0.000503,-0.000334169786592,-0.000621213325233
0.641132,0.00188039696917,0.000561,-0.000333195853287,-0.000621681442635
0.641237,0.00187911197025,0.00059,-0.00033210365557,-0.000622184505124
0.641344,0.00187814578206,0.000578,-0.000331089029889,-0.000622702215848
0.641442,0.0018772666154,0.000462,-0.000330371998237,-0.000623155096129
0.64154,0.00187689190416,0.000422,-0.000329830045393,-0.000623573557046
0.641649,0.00187760606137,0.000407,-0.000329440566929,-0.000623984120415
0.641757,0.00187853252749,0.00057,-0.000329367252083,-0.00062435535672
0.641856,0.00187909283365,0.000684,-0.000329675119327,-0.000624671008643
0.641954,0.00187943702158,0.000715,-0.000330359448418,-0.000624973900213
0.642057,0.00187938668438,0.000648,-0.000331243621808,-0.00062528791218
0.642155,0.00187801461362,0.000447,-0.000332176664604,-0.000625592945665
0.642261,0.00187637549779,0.000457,-0.00033312920649,-0.000625909083039
0.642369,0.00187511024334,0.00042,-0.000334003405147,-0.000626223770085
0.642468,0.00187370595436,0.00049,-0.000334612570563,-0.000626498178169
0.642567,0.00187245316245,0.000546,-0.000334917978778,-0.000626762421737
0.642666,0.00187139985653,0.000413,-0.00033487020325,-0.000627016516572
0.642768,0.00187067921783,0.000406,-0.000334523206442,-0.000627274236257
0.642873,0.0018707509345,0.000315,-0.000333953482446,-0.000627533074948
0.642982,0.0018713853094,0.000395,-0.000333277069881,-0.000627785533974
0.643081,0.00187211480497,0.000419,-0.00033277711531,-0.000628001648817
0.64318,0.00187282331309,0.000377,-0.000332308060326,-0.000628207683946
0.643279,0.00187329470042,0.000336,-0.00033171344057,-0.00062841238726
0.643381,0.0018733374328,0.000405,-0.000330932311622,-0.000628626987132
0.643486,0.00187343144572,0.000464,-0.000329961913039,-0.000628851470913
0.643595,0.00187318682615,0.000731,-0.000328688176445,-0.000629078347661
0.643694,0.00187244389342,0.000878,-0.000327330013239,-0.000629278961472
0.643793,0.00187181994862,0.000965,-0.000325926918306,-0.000629472023779
0.643891,0.00187133066248,0.000902,-0.000324619999551,-0.000629657543192
0.643993,0.00187100089168,0.000721,-0.000323433092712,-0.000629840505671
0.644099,0.00187155797366,0.000486,-0.000322404964441,-0.000630015938041
0.644207,0.00187254898289,0.00041,-0.000321602078567,-0.000630175143038
0.644307,0.00187290624855,0.00028,-0.000321184360776,-0.000630295757149
0.644406,0.00187331393073,0.000245,-0.00032118648184,-0.000630393967973
0.644505,0.00187365855094,0.000223,-0.00032159995884,-0.000630473517166
0.644607,0.00187431044334,0.000295,-0.000322224982764,-0.000630541869738
0.644706,0.00187467505455,0.000273,-0.000322802866992,-0.000630596545132
0.644805,0.00187447354837,0.00023,-0.000323289335928,-0.000630631335481
0.644904,0.00187421701401,0.000323,-0.000323737415246,-0.000630643760024
0.645009,0.00187412422045,0.000505,-0.00032424430695,-0.00063063009301
0.645118,0.00187421404431,0.000616,-0.000324801437095,-0.000630599030236
0.645217,0.00187441972894,0.000563,-0.000325263243969,-0.000630559267097
0.645317,0.00187486307658,0.000471,-0.000325592004552,-0.000630503344881
0.645417,0.00187546147273,0.000363,-0.000325709981071,-0.000630431258218
0.645517,0.00187639399272,0.000373,-0.000325562507113,-0.000630341757002
0.645616,0.00187749992206,0.000375,-0.000325100910487,-0.000630237318858
0.645716,0.00187833756365,0.000366,-0.000324385744517,-0.000630121665708
0.645815,0.00187910122562,0.000396,-0.000323549343621,-0.000629998521949
0.645915,0.00187933682104,0.000393,-0.000322718227003,-0.00062986788211
0.646017,0.00187919894322,0.000435,-0.000321797064266,-0.000629722272189
0.646117,0.00187907555413,0.000492,-0.000320753643614,-0.000629572885065
0.646224,0.0018790437043,0.000646,-0.000319381112895,-0.000629397298733
0.646324,0.00187902245551,0.000723,-0.000317841592524,-0.000629225389179
0.646424,0.00187918339719,0.000767,-0.00031620445215,-0.000629044696553
0.646525,0.00187954447908,0.000732,-0.000314638232808,-0.000628856458309
0.646625,0.00188016333254,0.000638,-0.000313270114115,-0.000628664408017
0.646726,0.00188094933808,0.000491,-0.000312215295432,-0.00062846978917
0.646828,0.00188179888773,0.000347,-0.000311524781733,-0.000628271350559
0.646931,0.00188264485799,0.00033,-0.000311100652781,-0.000628070336516
0.647034,0.00188339635381,0.000331,-0.000310771066252,-0.00062786549473
0.647131,0.00188397384553,0.000304,-0.000310486585696,-0.000627669318479
0.647234,0.00188426188342,0.000311,-0.000310227861321,-0.000627449310725
0.647335,0.00188442418122,0.000381,-0.00031010924566,-0.000627229207322
0.647438,0.00188449384049,0.00045,-0.000310182574202,-0.000626998996882
0.647532,0.00188445120713,0.000407,-0.00031041544653,-0.000626786209419
0.647629,0.00188455161095,0.000353,-0.000310775375628,-0.000626568322598
0.64773,0.00188513994275,0.000256,-0.000311193252255,-0.000626346582937
0.647832,0.00188620375122,0.000241,-0.000311671118728,-0.00062612599981
0.647936,0.00188736308656,0.000282,-0.000312170143584,-0.000625912845393
0.648039,0.00188831160435,0.000324,-0.000312670942177,-0.000625709638356
0.648135,0.00188784851691,0.000341,-0.000313113393788,-0.000625531451618
0.648239,0.001887072403,0.000399,-0.000313250794432,-0.000625346924735
0.648339,0.00188609726763,0.000394,-0.00031289220486,-0.000625181169913
0.648443,0.00188523113409,0.000398,-0.000312036820208,-0.000625014104591
0.648548,0.00188418194664,0.000544,-0.000310865866052,-0.000624846984253
0.648645,0.00188293890146,0.000522,-0.000309740323578,-0.000624696151751
0.648746,0.00188205522186,0.000465,-0.000308736078551,-0.00062454527442
0.648852,0.00188162163053,0.000373,-0.000307929426251,-0.00062438932073
0.648959,0.00188136031911,0.000428,-0.000307483510108,-0.000624243385195
0.649066,0.00188129627171,0.000527,-0.000307481344739,-0.000624101183522
0.649173,0.00188132029932,0.000596,-0.000308041940435,-0.000623970272457
0.649274,0.00188076680254,0.000571,-0.00030880307539,-0.000623861993588
0.649378,0.00187919916449,0.000546,-0.000309537437107,-0.000623775101994
0.649486,0.00187692774023,0.000517,-0.000310156694464,-0.000623717166009
0.649594,0.00187445213631,0.000478,-0.000310635306629,-0.000623689455158
0.649696,0.00187198394556,0.000434,-0.000311029579316,-0.000623685676289
0.649801,0.00186975220393,0.000539,-0.000311397786743,-0.000623690714775
0.64991,0.00186794204863,0.000566,-0.000311709849595,-0.000623690714775
0.650019,0.00186706957846,0.000531,-0.00031200240983,-0.000623678118466
0.650118,0.00186648081736,0.00053,-0.000312477545443,-0.000623656704023
0.650228,0.00186590114651,0.000636,-0.000313222887229,-0.000623613872431
0.65033,0.00186509476587,0.000623,-0.000314025287308,-0.00062355591806
0.650435,0.00186377531902,0.000675,-0.000314978751184,-0.000623487876233
0.650538,0.00186142099586,0.000674,-0.000315849595892,-0.000623399660307
0.650645,0.00185912680352,0.000575,-0.000316381808966,-0.000623286217329
0.650754,0.00185692136377,0.000364,-0.000316390355082,-0.000623141225563
0.650854,0.00185491806342,0.000338,-0.000315960776145,-0.000622993669756
0.650957,0.00185314269697,0.00035,-0.000315316954651,-0.000622837239073
0.651064,0.00185211136396,0.00038,-0.000314653227866,-0.000622688332924
0.651164,0.00185134853624,0.000377,-0.000314201084892,-0.000622567156772
0.651267,0.00185124209062,0.000486,-0.0003141967977,-0.000622466154591
0.651374,0.00185111959154,0.000589,-0.000315102921883,-0.000622389126952
0.651475,0.00185079648133,0.000666,-0.000316527077933,-0.000622337347723
0.651579,0.0018502664829,0.000744,-0.00031811441081,-0.00062230198327
0.651687,0.0018483922067,0.000694,-0.000319591639561,-0.000622277984563
0.651789,0.00184635739126,0.000484,-0.000320539241085,-0.000622255247902
0.651893,0.00184460441121,0.00051,-0.000321008288737,-0.00062222366752
0.652002,0.0018430662723,0.000537,-0.00032103586939,-0.000622178188327
0.652105,0.00184159537669,0.000513,-0.00032077911255,-0.000622115016038
0.65221,0.00184034369858,0.000523,-0.000320407593128,-0.000622032880338
0.652319,0.00184056802947,0.000535,-0.000320120849423,-0.000621930508066
0.652423,0.00184088964322,0.000531,-0.00032040971669,-0.000621812944138
0.652529,0.00184106587703,0.000582,-0.000321402794461,-0.000621672590352
0.652638,0.00184126034907,0.000673,-0.000322828256868,-0.000621505632771
0.652744,0.00184050465887,0.000686,-0.000324278085849,-0.000621318372793
0.652851,0.00183876975522,0.000511,-0.000325355987963,-0.000621104457917
0.65296,0.00183727154054,0.000411,-0.00032580055581,-0.000620857521396
0.653066,0.00183591168507,0.000372,-0.000325619393846,-0.000620597792373
0.653171,0.00183472238772,0.000349,-0.000325069282417,-0.000620318911478
0.653278,0.00183378486428,0.000358,-0.000324408962705,-0.000620028459694
0.653383,0.0018334861644,0.000338,-0.000323859949858,-0.000619745458934
0.653486,0.00183417266626,0.000345,-0.000323644442732,-0.000619459760845
0.653592,0.00183473089494,0.00039,-0.000324210526316,-0.000619168819334
0.653695,0.001835137823,0.00054,-0.000325349664924,-0.000618876440313
0.653798,0.00183536751677,0.000618,-0.000326650927833,-0.000618573715214
0.6539,0.00183432462075,0.000543,-0.000327792146276,-0.000618258079549
0.654002,0.00183311860905,0.000365,-0.000328415509966,-0.000617925687719
0.654103,0.00183222743568,0.000349,-0.000328444879497,-0.000617580331638
0.654203,0.00183155855525,0.000324,-0.00032799370237,-0.000617232190744
0.654304,0.00183120666362,0.000477,-0.000327285883521,-0.000616885089223
0.654405,0.00183114518127,0.000513,-0.000326539431848,-0.000616546693809
0.654505,0.00183186178185,0.000406,-0.000325907965481,-0.000616219578427
0.654605,0.00183369581487,0.000289,-0.000325621500668,-0.000615902485934
0.654706,0.00183544504894,0.000301,-0.000326009040899,-0.000615592875623
0.654806,0.00183705427275,0.000387,-0.000326823393761,-0.000615285639128
0.654905,0.0018377835907,0.000419,-0.00032770394601,-0.000614982062186
0.655004,0.00183736740573,0.000336,-0.000328373551213,-0.00061468471555
0.655103,0.0018365961542,0.000344,-0.000328503614612,-0.000614401306763
0.655201,0.00183603096287,0.000351,-0.000328046180774,-0.000614130575663
0.655299,0.00183572823226,0.000425,-0.000327153476562,-0.000613864837977
0.655396,0.00183534462477,0.000505,-0.000326091153227,-0.000613591253996
0.655493,0.00183496314421,0.000541,-0.000325098801997,-0.000613311096754
0.655589,0.00183499531179,0.00047,-0.000324322418023,-0.000613035931218
0.655685,0.00183600424366,0.000399,-0.00032386839968,-0.000612787641383
0.655782,0.00183719839822,0.000406,-0.000323967676962,-0.00061258171421
0.655878,0.00183807949191,0.000411,-0.000324607339249,-0.000612425926947
0.655975,0.00183883252491,0.000413,-0.000325385494672,-0.00061231646136
0.656073,0.00183910064861,0.00044,-0.000326004829733,-0.000612250770812
0.656171,0.00183846828826,0.000415,-0.000326215354938,-0.000612218566496
0.656269,0.0018378190165,0.000415,-0.000325867952166,-0.000612215990063
0.656368,0.00183739276766,0.000411,-0.000325050304844,-0.000612236601161
0.656468,0.00183713036212,0.000493,-0.000324009918072,-0.000612268804348
0.656567,0.00183692409157,0.0005,-0.000323012304198,-0.000612293277419
0.656668,0.00183709598391,0.000482,-0.000322244041975,-0.000612295853464
0.656769,0.00183813012097,0.000378,-0.000321881822668,-0.000612268804348
0.65687,0.00183909571439,0.000366,-0.000322199569626,-0.000612210837159
0.656972,0.00184003486873,0.000405,-0.000323056721711,-0.000612132248975
0.657075,0.0018409111209,0.000523,-0.000323988797856,-0.000612035607684
0.657178,0.00184105944213,0.000637,-0.000324704395333,-0.000611928636802
0.657283,0.00184043637881,0.000596,-0.000324833078052,-0.000611813908348
0.657388,0.00183976697273,0.000393,-0.000324265418965,-0.000611699154285
0.657493,0.00183906152103,0.000509,-0.000323189956272,-0.000611615328951
0.657599,0.00183862820112,0.00058,-0.000321962333055,-0.000611553418393
0.657705,0.00183882653867,0.000509,-0.000320883100504,-0.000611479889923
0.657811,0.00183989882425,0.000315,-0.000320214320318,-0.000611375384009
0.657918,0.00184062462807,0.000246,-0.000320326892685,-0.000611239881768
0.658025,0.00184107000544,0.000437,-0.000321254352263,-0.000611092724622
0.658133,0.0018413187022,0.000575,-0.000322455773897,-0.000610951982361
0.65824,0.00184049004259,0.000655,-0.000323485936579,-0.00061082282715
0.658349,0.00183866880847,0.000639,-0.000323914871762,-0.000610688471334
0.658457,0.00183673550182,0.000444,-0.000323616971067,-0.000610546326043
0.658567,0.00183494336066,0.000389,-0.000322794403483,-0.000610392506466
0.658675,0.00183328661228,0.000445,-0.000321852158467,-0.000610245106781
0.658786,0.0018326519998,0.000367,-0.000321074056083,-0.000610114480567
0.658895,0.00183301678502,0.000389,-0.00032079184665,-0.000610003228161
0.659006,0.00183337708567,0.000495,-0.000321383710908,-0.00060991265613
0.659115,0.00183372029963,0.000591,-0.00032263569254,-0.00060984795207
0.659227,0.00183405900448,0.000655,-0.000324020477925,-0.000609815596992
0.659336,0.00183333811292,0.000674,-0.000324940645919,-0.000609810419991
0.659449,0.00183272300201,0.000625,-0.000325035544131,-0.000609815596992
0.659558,0.00183223034078,0.000359,-0.000324366747209,-0.000609802654391
0.659672,0.00183201614668,0.000464,-0.000323386586599,-0.000609763824639
0.659781,0.00183195560283,0.000366,-0.000322612411719,-0.000609704279999
0.659893,0.00183303631322,0.000353,-0.000322313921032,-0.000609643433801
0.660002,0.00183435681733,0.000341,-0.000322804982852,-0.000609589054523
0.660114,0.00183552101403,0.000692,-0.000324267530129,-0.000609546323919
0.660224,0.00183620416927,0.000857,-0.000326074310509,-0.000609515244891
0.660338,0.00183616409004,0.000843,-0.000327796345993,-0.000609503589772
0.660448,0.00183530180026,0.000814,-0.000328786727963,-0.000609498409634
0.660562,0.00183491800162,0.000714,-0.000328983786567,-0.000609485459063
0.660672,0.0018343982223,0.000476,-0.000328673497292,-0.000609436243922
0.660785,0.00183433739061,0.000353,-0.000328323197164,-0.000609340390419
0.660895,0.00183495140578,0.000338,-0.000328319000819,-0.00060919916832
0.661007,0.0018361124622,0.000343,-0.000328998458774,-0.000609022910323
0.661117,0.00183709243418,0.000785,-0.000330641761183,-0.000608818064295
0.661231,0.00183784875633,0.001078,-0.00033289172202,-0.000608582001504
0.661342,0.00183774254154,0.001032,-0.000335038440666,-0.000608430189771
0.661456,0.00183681898838,0.001036,-0.000336645929562,-0.000608631298267
0.661567,0.00183594010901,0.000881,-0.000337364386895,-0.000608812877264
0.661681,0.00183551565538,0.000779,-0.000337505086878,-0.000608991799713
0.661791,0.00183564858995,0.000646,-0.00033749681125,-0.000609162884835
0.661906,0.00183646694742,0.000575,-0.000337742966224,-0.000609341685855
0.662016,0.00183708218045,0.000559,-0.000338615136058,-0.000609515244891
0.66213,0.00183768685356,0.000898,-0.00034046719789,-0.000609695218255
0.662241,0.00183780607301,0.001098,-0.00034272459476,-0.000609867364142
0.662355,0.00183718131586,0.001066,-0.000344908711858,-0.000610040746193
0.662466,0.0018361577931,0.000893,-0.000346422611733,-0.000610206310375
0.662579,0.00183543627511,0.000862,-0.000347240399683,-0.000610370528489
0.66269,0.00183506067727,0.000716,-0.000347592891761,-0.000610524354632
0.662804,0.00183566710955,0.000602,-0.000347880040844,-0.000610675550657
0.662915,0.00183654383425,0.000492,-0.000348384787923,-0.000610817660267
0.663028,0.00183744738738,0.000581,-0.000349565737397,-0.00061096360474
0.663139,0.00183805640761,0.000867,-0.000351324004576,-0.000611113380796
0.663253,0.00183809126602,0.00094,-0.000353224909455,-0.000611273438029
0.663364,0.00183741113695,0.000706,-0.000354648926732,-0.000611425704323
0.663478,0.00183724545192,0.000634,-0.000355424152846,-0.000611562447481
0.663589,0.00183736680966,0.000535,-0.000355639439267,-0.000611656598516
0.663703,0.00183847439902,0.000422,-0.000355637427578,-0.000611703022817
0.663814,0.0018397640291,0.000339,-0.000355719901643,-0.000611699154285
0.663927,0.00184121649582,0.000345,-0.000356176334746,-0.000611652729635
0.664039,0.00184235798133,0.000527,-0.000357234733529,-0.000611579215365
0.664152,0.00184292373508,0.00068,-0.000358597833493,-0.000611485050159
0.664263,0.00184282505374,0.000519,-0.000359636251782,-0.000611381835607
0.664376,0.00184313336448,0.00038,-0.000360123867036,-0.000611270856856
0.664488,0.00184366802301,0.000374,-0.0003601198717,-0.000611154690656
0.664601,0.00184489555301,0.000374,-0.000359896093029,-0.000611028168731
0.664714,0.00184634684123,0.000372,-0.000359724209859,-0.000611046245197
0.664827,0.00184781236698,0.000374,-0.000359884102678,-0.000611136618001
0.664941,0.00184937420616,0.00039,-0.000360441416503,-0.000611221812105
0.665055,0.00185065544356,0.000503,-0.000361444954307,-0.000611294086948
0.665168,0.00185120700138,0.000441,-0.000362323501457,-0.000611341834399
0.665282,0.00185176904644,0.000418,-0.000362622051905,-0.000611377964658
0.665395,0.00185242986796,0.000423,-0.000362365306921,-0.00061137409368
0.665508,0.00185312981893,0.000428,-0.000361859476243,-0.000611323768317
0.665621,0.00185466536234,0.000429,-0.000361395113858,-0.000611237300426
0.665734,0.0018567015235,0.000445,-0.000361261522291,-0.000611105634828
0.665847,0.00185816273139,0.000424,-0.000361614382774,-0.000610948108176
0.665959,0.00185941578544,0.000434,-0.000362387203929,-0.000610802159307
0.666071,0.0018604776638,0.000477,-0.000363336016404,-0.00061067684274
0.666183,0.00186154166473,0.000426,-0.000363876427663,-0.000610560542339
0.666295,0.00186245427096,0.000414,-0.00036373143574,-0.000610477823841
0.666407,0.00186293405655,0.000407,-0.000363081546815,-0.000610466190486
0.666518,0.00186384092653,0.000401,-0.000362309565694,-0.000610530816909
0.66663,0.00186583142099,0.000487,-0.000361735944941,-0.000610658753292
0.666741,0.00186732746687,0.000496,-0.000361646270169,-0.000610825410572
0.666851,0.00186842195355,0.000422,-0.000362136338702,-0.000611041080557
0.666962,0.00186961078847,0.000424,-0.000362980128325,-0.000611294086948
0.667072,0.00187124370131,0.000392,-0.000363759244964,-0.000611552128511
0.667181,0.00187210259757,0.00037,-0.000364170282814,-0.000611806172925
0.66729,0.00187251792314,0.000397,-0.000364110728517,-0.000612069112056
0.667399,0.00187381916627,0.000408,-0.000363683759965,-0.000612330628808
0.667507,0.00187516202095,0.000423,-0.000363196865915,-0.000612573990335
0.667614,0.00187606458699,0.00042,-0.000362990072026,-0.000612801795843
0.667721,0.00187721981917,0.000421,-0.000363216746414,-0.00061301406595
0.667828,0.00187830306447,0.00041,-0.000363715544211,-0.000613197962424
0.667935,0.00187949058191,0.000396,-0.000364190133011,-0.000613362513209
0.668041,0.00188008399807,0.000389,-0.000364416381605,-0.000613510306833
0.668147,0.00188113058501,0.000373,-0.000364327082536,-0.000613637503786
0.668252,0.001882133105,0.00041,-0.000364011459,-0.000613746688143
0.668358,0.00188304795724,0.000459,-0.000363630120461,-0.000613844292134
0.668463,0.001883976513,0.000493,-0.000363312164188,-0.000613930322361
0.668568,0.00188534648615,0.000512,-0.000363119326056,-0.000614002217156
0.668673,0.00188674560023,0.000521,-0.000363031833882,-0.000614059982459
0.668778,0.00188771992258,0.000524,-0.000362972173252,-0.000614104906531
0.668883,0.00188904053,0.000524,-0.000362844878608,-0.000614144693138
0.668988,0.00189021097386,0.000523,-0.000362612102471,-0.000614181910073
0.669092,0.00189115002457,0.00052,-0.000362307574846,-0.000614216557896
0.669197,0.0018924987493,0.000516,-0.000362018836196,-0.000614243504585
0.669302,0.00189376926977,0.000512,-0.000361825607133,-0.000614257618952
0.669406,0.00189546688535,0.00051,-0.000361791736228,-0.000614257618952
0.669511,0.00189672030416,0.000509,-0.000361883382769,-0.000614244787725
0.669615,0.00189804252511,0.000514,-0.000361963064733,-0.000614226823468
0.669719,0.0018989475969,0.000524,-0.000362002901989,-0.000614202442399
0.669828,0.00189961707299,0.000555,-0.000361867445184,-0.000614170360279
0.669936,0.00190025274532,0.000564,-0.000361448941375,-0.000614130575663
0.670054,0.00190168818412,0.00062,-0.000360804707439,-0.000614088220906
0.67017,0.00190329103428,0.000618,-0.000360315613866,-0.000614052280794
0.67029,0.00190521464797,0.000646,-0.00036033558419,-0.000614036877118
0.670406,0.00190632116913,0.000609,-0.00036108402166,-0.000614034309794
0.670526,0.00190790703795,0.000638,-0.000362239882321,-0.000614065116838
0.670644,0.00190924105252,0.000654,-0.000363276384194,-0.000614130575663
0.670763,0.00190958556657,0.000687,-0.000363814859775,-0.000614239655144
0.670881,0.00191002194826,0.000699,-0.000363836707125,-0.000614400024014
0.671001,0.00191054741091,0.00072,-0.000363600318789,-0.000614621891823
0.671119,0.00191163636115,0.000722,-0.000363495008398,-0.000614885956063
0.67124,0.0019131457064,0.000745,-0.000363922103225,-0.000615194713005
0.671357,0.00191441485,0.000724,-0.000365062930583,-0.000615512243878
0.671479,0.00191541810891,0.000842,-0.000366729822938,-0.000615853881826
0.671596,0.00191676563779,0.000806,-0.000368321368698,-0.000616186344074
0.671717,0.00191729881579,0.000758,-0.000369489781689,-0.000616521145448
0.671836,0.00191756222518,0.000737,-0.000369983691132,-0.000616826364939
0.671956,0.00191794713214,0.000736,-0.000369981724127,-0.000617123746821
0.672074,0.00191839758282,0.000704,-0.00036974563931,-0.000617405653201
0.672195,0.00191964551978,0.000691,-0.000369594105317,-0.000617691227843
0.672312,0.00192047804405,0.00064,-0.000369863692689,-0.000617946070452
0.672423,0.00192105561931,0.000572,-0.000370722853335,-0.000618168953533
0.672527,0.00192190362033,0.000617,-0.000371933924479,-0.000618367555944
0.67263,0.00192266457381,0.000722,-0.000373179873009,-0.000618539361114
0.672733,0.0019227913079,0.000795,-0.000374220202463,-0.000618692028318
0.672835,0.00192270542328,0.000778,-0.000374815861706,-0.000618839563242
0.672938,0.00192246881817,0.000689,-0.000374946636347,-0.000618999768407
0.673041,0.00192249583476,0.000554,-0.000374737774404,-0.000619176444372
0.673143,0.0019226192753,0.000409,-0.000374349146766,-0.000619364492589
0.673246,0.0019226200325,0.000421,-0.000373929004297,-0.000619552471536
0.673349,0.0019230100026,0.000382,-0.000373723717046,-0.000619725147909
0.673452,0.00192342776042,0.000363,-0.00037399741859,-0.000619874922713
0.673555,0.00192334859931,0.00043,-0.00037480610132,-0.000620003084869
0.673658,0.00192351120673,0.000593,-0.000375962633822,-0.000620110919156
0.673761,0.0019236993178,0.000615,-0.000377140393027,-0.000620200975027
0.673864,0.00192332554057,0.000614,-0.000378135394994,-0.000620271993792
0.673967,0.00192279460391,0.000547,-0.000378731255931,-0.000620337930932
0.67407,0.00192216902148,0.00044,-0.000378863162039,-0.00062040639509
0.674173,0.00192152908442,0.000444,-0.000378603203025,-0.00062048499075
0.674275,0.00192129212053,0.00045,-0.000378079079352,-0.000620583851951
0.674378,0.00192106326363,0.000451,-0.000377434003982,-0.0006207029669
0.674481,0.00192085736606,0.000453,-0.000376910853633,-0.000620852454778
0.674584,0.00192073550895,0.000452,-0.0003767824308,-0.000621029756416
0.674686,0.00192063447677,0.00045,-0.000377202626619,-0.000621228514171
0.674788,0.00192010002423,0.000451,-0.00037795672115,-0.00062143984657
0.67489,0.00191966372084,0.000464,-0.000378773934456,-0.000621658679311
0.674992,0.00191890424459,0.000471,-0.000379429268915,-0.000621879946263
0.675093,0.0019179459884,0.000463,-0.000379663705389,-0.000622098589958
0.675195,0.00191694503028,0.00044,-0.000379407952184,-0.000622313350684
0.675295,0.00191598229783,0.000448,-0.000378762295145,-0.000622519183236
0.675396,0.00191517112701,0.000459,-0.000377892619288,-0.000622713574323
0.675496,0.0019145662136,0.000489,-0.000376941982508,-0.000622892752243
0.675596,0.00191414057543,0.000456,-0.00037611654855,-0.000623055471844
0.675695,0.00191352490297,0.00046,-0.000375687832075,-0.000623204270542
0.675794,0.00191320826866,0.000469,-0.000375865200065,-0.000623345462931
0.675893,0.00191280071526,0.000478,-0.000376548867825,-0.000623482835736
0.675991,0.0019123036694,0.000487,-0.000377420395896,-0.000623622690995
0.676088,0.00191163647365,0.000495,-0.000378253835631,-0.000623767545501
0.676186,0.00191093032514,0.000502,-0.000378797212434,-0.000623923690191
0.676282,0.00191007421155,0.00051,-0.000378870920363,-0.000624089856013
0.676379,0.0019093308622,0.000514,-0.000378475124114,-0.000624266033113
0.676474,0.00190876063779,0.00052,-0.000377731364605,-0.000624450953316
0.676569,0.00190811200092,0.000524,-0.000376784376796,-0.000624644607039
0.676664,0.00190786640502,0.000528,-0.000375759954734,-0.0006248457275
0.676758,0.00190773322075,0.000532,-0.00037483147801,-0.000625054305783
0.676852,0.00190745235849,0.000536,-0.00037424755648,-0.00062526154265
0.676945,0.00190723054961,0.000539,-0.000374204571065,-0.000625461163577
0.677037,0.00190738817997,0.000544,-0.000374663582538,-0.000625648158457
0.677129,0.00190713258865,0.000548,-0.000375358302296,-0.000625817523836
0.677221,0.00190692766943,0.000551,-0.000376052259615,-0.000625970531314
0.677312,0.00190668286233,0.000556,-0.0003766092132,-0.000626112210176
0.677402,0.00190633823651,0.000557,-0.000376815511906,-0.00062625008963
0.677492,0.0019056728691,0.00056,-0.000376605320124,-0.00062639169039
0.677582,0.00190512437179,0.000561,-0.000376026931875,-0.000626539514454
0.677672,0.00190464101857,0.000561,-0.000375198350205,-0.00062669355636
0.677761,0.00190449715387,0.000561,-0.000374241695005,-0.000626853810418
0.67785,0.00190437362968,0.000561,-0.000373248368285,-0.000627016516572
0.677939,0.00190415902932,0.00056,-0.000372351472559,-0.000627175417512
0.678027,0.00190416328717,0.000558,-0.0003717476054,-0.000627326764954
0.678116,0.00190443965549,0.000558,-0.000371622054308,-0.000627468065113
0.678204,0.00190434624489,0.000557,-0.000371971181726,-0.000627595576533
0.678292,0.00190434082809,0.000556,-0.000372604220119,-0.000627708059942
0.678379,0.00190474807131,0.000557,-0.000373275764321,-0.000627810523067
0.678467,0.001904820268,0.000559,-0.000373866447615,-0.000627895476757
0.678555,0.00190461932661,0.000561,-0.000374286631597,-0.000627962929823
0.678642,0.00190439962381,0.000564,-0.000374401889137,-0.000628014138183
0.67873,0.00190442436174,0.000567,-0.000374183077263,-0.000628042862555
0.678818,0.00190434431205,0.000572,-0.000373665051317,-0.000628054102083
0.678906,0.00190412075995,0.000572,-0.000372931270793,-0.000628050355602
0.678995,0.00190426723612,0.000573,-0.00037205745326,-0.000628035369398
0.679083,0.0019046065425,0.000574,-0.000371139235805,-0.000628009142474
0.679172,0.00190474898164,0.000572,-0.000370347482217,-0.00062798166519
0.679261,0.00190523612909,0.000568,-0.000369889268029,-0.000627951688269
0.679351,0.00190562583414,0.000566,-0.000369881398803,-0.000627921709573
0.679442,0.001906083502,0.000561,-0.000370235417451,-0.000627894227541
0.679532,0.00190637002193,0.000552,-0.000370714994435,-0.000627870491858
0.679623,0.00190700186386,0.000546,-0.000371164759803,-0.000627845505725
0.679715,0.00190710053773,0.000542,-0.000371439568566,-0.000627820518359
0.679809,0.00190701223414,0.000548,-0.000371315919355,-0.000627795529759
0.679905,0.00190707784595,0.000541,-0.000370734641502,-0.000627771789447
0.680003,0.00190734697518,0.000551,-0.000369739736065,-0.000627749297597
0.680102,0.00190744529148,0.000629,-0.000368500809418,-0.000627735552085
0.680203,0.0019075430799,0.000689,-0.000367140925679,-0.000627731803245
0.680305,0.00190808608005,0.000666,-0.000365823669535,-0.000627740550496
0.680409,0.0019087306469,0.000684,-0.000364834928326,-0.000627761793192
0.680513,0.0019092185527,0.000649,-0.000364473923269,-0.000627791781363
0.680619,0.00190968411748,0.000577,-0.000364763536946,-0.000627825515931
0.680725,0.0019104250476,0.00058,-0.000365457281058,-0.000627859248251
0.680831,0.00191113905585,0.000581,-0.000366195783708,-0.000627889230648
0.680938,0.00191146487689,0.000584,-0.000366737731264,-0.000627916712951
0.681045,0.0019114363599,0.000586,-0.000366806924928,-0.000627944193762
0.681151,0.00191142979918,0.000586,-0.000366314497803,-0.000627980416187
0.681256,0.00191176386991,0.000602,-0.000365338407108,-0.000628030373898
0.681361,0.00191216298361,0.00066,-0.000364029328653,-0.000628085321684
0.681464,0.00191252750967,0.000729,-0.000362580263242,-0.000628137766277
0.681566,0.00191288400931,0.000717,-0.00036123958668,-0.000628188956946
0.681668,0.00191355127739,0.000739,-0.000360321605029,-0.000628236397332
0.68177,0.00191403628396,0.000755,-0.000359960037777,-0.000628278840222
0.681871,0.00191460965786,0.000765,-0.00036005194716,-0.000628312542334
0.681973,0.0019151321586,0.000774,-0.000360315613866,-0.000628344994097
0.682077,0.00191546392984,0.000783,-0.000360475359008,-0.000628371203616
0.682184,0.00191588901632,0.000791,-0.000360423446212,-0.000628397411778
0.682294,0.00191609098318,0.000791,-0.000360125864695,-0.000628423618581
0.682406,0.00191582612377,0.000769,-0.000359508291184,-0.000628454815387
0.68252,0.00191562158675,0.000727,-0.000358541763036,-0.000628489753525
0.682633,0.00191551532239,0.000661,-0.000357278879215,-0.00062851470786
0.682749,0.00191567153261,0.000723,-0.000355826498764,-0.000628528432219
0.682863,0.00191597876089,0.000667,-0.000354536088615,-0.000628532175162
0.68298,0.00191667191706,0.000699,-0.00035368513522,-0.000628544651436
0.683094,0.00191729064219,0.000688,-0.000353297598574,-0.00062857459324
0.683211,0.00191791677525,0.000705,-0.00035316029001,-0.000628619502623
0.683325,0.00191846296868,0.000683,-0.00035298457308,-0.000628658171395
0.683442,0.00191891156468,0.000691,-0.000352604698993,-0.00062867688103
0.683556,0.00191911388101,0.000664,-0.00035186248975,-0.000628663160699
0.683673,0.0019195581543,0.00067,-0.000350647223646,-0.000628631976743
0.683787,0.00191984440377,0.000729,-0.000349167586254,-0.000628620750049
0.683903,0.00192035511861,0.000768,-0.000347605113471,-0.000628671891862
0.684017,0.00192100592165,0.00065,-0.000346357307267,-0.000628804088191
0.684133,0.00192185042781,0.000685,-0.00034571615724,-0.000629011043205
0.684246,0.00192266365518,0.000683,-0.000345677341146,-0.000629229126965
0.684362,0.0019237864814,0.000706,-0.000345934709672,-0.000629409753675
0.684476,0.00192464940794,0.000684,-0.000346124606512,-0.000629486967463
0.684593,0.00192586332317,0.0007,-0.000346108273491,-0.000629452098181
0.684707,0.0019264992056,0.000649,-0.000345932667467,-0.000629307614088
0.684825,0.00192761685071,0.000609,-0.00034568142716,-0.000629064638221
0.684938,0.00192838414704,0.000609,-0.000345340156085,-0.000628750465545
0.685055,0.00192963484389,0.000633,-0.000344798248635,-0.000628372451655
0.685168,0.00193086845303,0.000592,-0.00034408182617,-0.000627964178869
0.685282,0.00193246129097,0.000572,-0.000343294896042,-0.000627534325056
0.685394,0.00193415417331,0.000541,-0.000342564492038,-0.000627110361737
0.685508,0.00193568898521,0.00055,-0.000341899026741,-0.000626676025496
0.68562,0.00193729181839,0.000554,-0.00034127196157,-0.000626237556684
0.685733,0.00193849466423,0.000577,-0.000340528979788,-0.000625779891973
0.685845,0.0019395541672,0.00057,-0.000339459324004,-0.000625316791522
0.685959,0.00194066929173,0.000765,-0.000337879449044,-0.000624838186921
0.686071,0.00194152530929,0.000919,-0.000335976451243,-0.000624388062844
0.686182,0.00194237908329,0.000935,-0.000334034604898,-0.000623980343737
0.686294,0.00194323527911,0.000789,-0.000332391472479,-0.000623628989876
0.686408,0.00194409317264,0.00064,-0.000331329258367,-0.000623331597558
0.68652,0.00194482335236,0.000603,-0.000330888423782,-0.000623068083592
0.686634,0.00194556813432,0.000575,-0.000330727476521,-0.000622769100991
0.686746,0.00194622892164,0.000536,-0.000330476570709,-0.000622397966781
0.686861,0.00194691086126,0.000556,-0.000329911680875,-0.000621938091904
0.686973,0.00194749490974,0.000598,-0.000329052952668,-0.000621419602952
0.687088,0.00194828945931,0.0007,-0.000328014694235,-0.000620818253794
0.6872,0.00194905802742,0.000781,-0.000326989507125,-0.000620143899208
0.687315,0.00195005683088,0.000873,-0.000326027990809,-0.00061937719605
0.687428,0.00195107307158,0.000886,-0.000325155728873,-0.000618591527541
0.687543,0.00195236580412,0.000892,-0.000324280196973,-0.000617812293926
0.687656,0.00195355988437,0.000826,-0.00032337813059,-0.000617142885655
0.687771,0.00195493015078,0.000788,-0.000322400730143,-0.000616600341216
0.687884,0.00195614038751,0.000728,-0.000321400674094,-0.000616228525769
0.688,0.00195738770846,0.000724,-0.000320365120441,-0.000615986892632
0.688114,0.00195843637301,0.000705,-0.000319357716899,-0.000615847486205
0.68823,0.00195954196988,0.000726,-0.000318344513679,-0.000615761777178
0.688344,0.0019604773532,0.000701,-0.000317374556235,-0.000615696526362
0.688445,0.00196121107618,0.000611,-0.000316556982292,-0.00061562358914
0.688545,0.00196185772601,0.000581,-0.000315806829284,-0.000615525043415
0.688644,0.00196236633663,0.000562,-0.000315111484521,-0.000615426478728
0.688743,0.00196268163664,0.000559,-0.000314464693882,-0.000615339418818
0.688841,0.00196283363113,0.000559,-0.000313864456009,-0.000615275394738
0.68894,0.00196275116645,0.000557,-0.000313302312337,-0.000615248502238
0.68904,0.00196257095525,0.000556,-0.000312771915854,-0.000615263869554
0.689139,0.00196243099259,0.000552,-0.000312258294338,-0.000615324053768
0.689238,0.0019622831697,0.000549,-0.000311755032753,-0.000615423918354
0.689337,0.00196219736859,0.000543,-0.000311260002009,-0.000615560880418
0.689436,0.00196209527479,0.000539,-0.000310775375628,-0.000615732351369
0.689536,0.00196201265838,0.000534,-0.000310307645407,-0.00061593957544
0.689635,0.00196190150084,0.00053,-0.000309859005055,-0.000616181230905
0.689735,0.00196190851309,0.000526,-0.000309429493556,-0.000616441937421
0.689834,0.00196198840694,0.000525,-0.000309016987888,-0.000616696126171
0.689934,0.00196211700684,0.000524,-0.000308615034908,-0.000616925936924
0.690034,0.00196225092988,0.000523,-0.000308223653972,-0.000617122470873
0.690133,0.00196247759726,0.000522,-0.000307842863943,-0.000617295970546
0.690233,0.00196268152795,0.000518,-0.000307479179362,-0.000617475786751
0.690333,0.0019629165917,0.000515,-0.000307130461921,-0.000617688678775
0.690433,0.00196295162461,0.00051,-0.000306798902873,-0.000617958809247
0.690532,0.00196299301787,0.000503,-0.000306484527968,-0.000618291179538
0.690632,0.00196300996007,0.000494,-0.000306183022462,-0.000618674219495
0.690732,0.00196298697814,0.000486,-0.000305890062833,-0.000619077309993
0.690832,0.00196283713596,0.000477,-0.000305607831906,-0.000619505483291
0.690932,0.00196277892196,0.000468,-0.000305331998665,-0.000619976439944
0.691032,0.0019626750868,0.000462,-0.00030506474436,-0.00062047231485
0.691132,0.0019625297351,0.000455,-0.000304810427505,-0.000620993034715
0.691232,0.00196228941249,0.000447,-0.000304571237796,-0.000621546112363
0.691332,0.00196196912514,0.000463,-0.000304353718227,-0.000622131441587
0.691432,0.00196157478399,0.00048,-0.000304164418553,-0.000622737552491
0.691538,0.00196123757089,0.000512,-0.000303992479255,-0.000623383275663
0.691657,0.00196083561438,0.000592,-0.000303805254504,-0.000624128871925
0.691779,0.00196040508553,0.000581,-0.00030362886692,-0.000624859551605
0.691903,0.00195982521668,0.000544,-0.000303419754656,-0.000625542747002
0.692025,0.0019592535061,0.000487,-0.000303112502344,-0.000626142296165
0.692145,0.00195873185819,0.000456,-0.000302648087261,-0.000626647223475
0.692261,0.00195814428206,0.000435,-0.000302006533324,-0.000627076579481
0.692382,0.00195778433764,0.000457,-0.000301189516787,-0.00062747806717
0.692498,0.00195724707341,0.000442,-0.000300371501854,-0.000627843007044
0.692617,0.0019567521998,0.000461,-0.000299672992901,-0.000628213926125
0.692734,0.00195606426514,0.000458,-0.000299208377004,-0.000628592058474
0.692854,0.00195561038696,0.000478,-0.00029894524408,-0.000629007303806
0.69297,0.0019549585438,0.000467,-0.000298809251599,-0.000629444625879
0.693089,0.00195454679701,0.000474,-0.000298717111989,-0.000629921386321
0.693206,0.001954008836,0.000459,-0.000298592045124,-0.000630407641383
0.693326,0.00195354024264,0.000467,-0.000298394523632,-0.000630915780847
0.693442,0.0019530949925,0.000439,-0.000298120091706,-0.000631404800913
0.693561,0.00195277935386,0.00046,-0.000297786231178,-0.000631874756421
0.693676,0.0019524201143,0.000467,-0.000297403844737,-0.000632291026352
0.693795,0.00195225452299,0.000498,-0.000296955252042,-0.000632666117956
0.693911,0.00195212334766,0.000501,-0.000296438119144,-0.000632980336099
0.694029,0.00195220248211,0.000523,-0.000295839067874,-0.000633249863107
0.694145,0.00195196293541,0.000511,-0.000295164496343,-0.000633482183407
0.694264,0.00195198254919,0.000507,-0.000294416385927,-0.000633705752199
0.69438,0.00195164866194,0.000477,-0.000293638705589,-0.000633937862167
0.694499,0.0019519030018,0.000495,-0.000292837993911,-0.000634214278968
0.694615,0.00195177986189,0.000489,-0.000292080645029,-0.000634565750495
0.694734,0.00195195918379,0.000508,-0.000291346843987,-0.000635014290407
0.69485,0.00195230002951,0.000491,-0.000290669975268,-0.000635512882547
0.694969,0.00195280052862,0.000497,-0.000290005762171,-0.000636041710794
0.695085,0.00195303503529,0.00047,-0.000289365366434,-0.00063654419611
0.695204,0.00195387622887,0.000469,-0.000288695414298,-0.000637031457741
0.69532,0.00195456312212,0.000438,-0.000288006964413,-0.000637456964006
0.695439,0.00195514168941,0.000437,-0.000287264256927,-0.000637825770788
0.695556,0.00195594105998,0.000449,-0.000286493924078,-0.000638115969298
0.695675,0.00195686696715,0.000529,-0.000285662320674,-0.000638350943627
0.695791,0.00195779485287,0.000534,-0.000284820736226,-0.000638527102055
0.695911,0.00195887558782,0.000558,-0.000283939982768,-0.000638670185161
0.696028,0.00195972540826,0.000529,-0.000283080538134,-0.000638782666242
0.696147,0.00196086699733,0.000518,-0.000282233492788,-0.000638892677632
0.696264,0.0019617742527,0.000445,-0.000281466421026,-0.000639018549895
0.696384,0.0019629933061,0.000394,-0.000280705241905,-0.000639177372621
0.6965,0.0019638046744,0.000371,-0.000279918395104,-0.000639367893377
0.696619,0.00196485872016,0.000397,-0.000279022220452,-0.000639579091203
0.696735,0.00196570030164,0.000423,-0.000278066053796,-0.000639768238982
0.696855,0.00196658332116,0.000441,-0.00027706776765,-0.000639923164829
0.696971,0.00196784173932,0.00041,-0.000276138342143,-0.000640021950738
0.69709,0.00196868970603,0.000389,-0.000275255348717,-0.000640068288019
0.697205,0.0019694430423,0.00037,-0.000274414421916,-0.000640065849322
0.697324,0.00197003003351,0.000475,-0.000273333333333,-0.000640024389649
0.697441,0.00197067627452,0.000646,-0.000271860302926,-0.000639971950433
0.697559,0.00197126895824,0.00081,-0.000270008821407,-0.000639923164829
0.697675,0.00197193507666,0.0008,-0.000268175272357,-0.000639892671409
0.697794,0.00197288917032,0.000662,-0.00026665429539,-0.000639884132918
0.697909,0.00197419273995,0.000384,-0.000265770490265,-0.000639908528219
0.698026,0.00197519865375,0.000409,-0.000265468723547,-0.000639963413296
0.69814,0.00197637641151,0.000457,-0.000265556272576,-0.000640043900512
0.698257,0.00197746153856,0.000517,-0.000265779702431,-0.000640160949701
0.698361,0.00197778474328,0.000486,-0.000265933987858,-0.000640267001862
0.698461,0.00197844705933,0.000469,-0.000265894844089,-0.000640360845353
0.698561,0.00197910827973,0.000415,-0.000265577006239,-0.00064045710803
0.698659,0.00197995055908,0.000379,-0.000265019283266,-0.000640544824955
0.698758,0.00198075594892,0.000436,-0.000264359572276,-0.000640632526486
0.698857,0.00198197620126,0.000476,-0.000263694607904,-0.000640711688261
0.698955,0.00198313093224,0.000486,-0.000263029000353,-0.000640806665838
0.699054,0.00198456337168,0.000472,-0.000262339603368,-0.000640917450195
0.699152,0.00198583610311,0.000442,-0.000261633297305,-0.000641064718824
0.699251,0.00198728134729,0.000407,-0.000260928585964,-0.000641239924094
0.699349,0.00198868893817,0.000423,-0.000260223153665,-0.000641446684559
0.699458,0.00199031165684,0.000461,-0.000259435652232,-0.00064167523765
0.699569,0.00199170293435,0.000408,-0.000258556492616,-0.000641909760471
0.699684,0.00199329741258,0.000443,-0.000257524728605,-0.000642105314398
0.699798,0.00199474330102,0.000479,-0.00025640738366,-0.000642277726945
0.69991,0.00199646826972,0.000484,-0.000255421502842,-0.000642411245015
0.700025,0.00199821312913,0.000507,-0.000254696381992,-0.00064252895403
0.700139,0.00199998129349,0.000488,-0.000254209423376,-0.000642613881425
0.700257,0.00200161604152,0.000456,-0.000253799457353,-0.000642657552741
0.700371,0.00200301096864,0.000393,-0.000253323592777,-0.000642662404873
0.700488,0.00200433938612,0.000425,-0.000252760572625,-0.000642619947115
0.700602,0.00200548720786,0.000433,-0.000252237023147,-0.000642561713453
0.70072,0.00200685572515,0.000403,-0.000251783587219,-0.000642461001699
0.700834,0.00200799174982,0.00042,-0.00025137218443,-0.000642356628306
0.700952,0.00200945811041,0.000479,-0.000250882885569,-0.000642218239207
0.701066,0.00201068986954,0.000488,-0.00025024722346,-0.00064208345503
0.701184,0.00201221519869,0.000492,-0.000249434141444,-0.000641931627448
0.701298,0.00201335744894,0.000435,-0.000248572887873,-0.000641774892934
0.701416,0.00201452652831,0.000385,-0.000247748389572,-0.000641616893616
0.70153,0.00201538166153,0.000379,-0.000247116952915,-0.000641444252581
0.701648,0.00201637042608,0.000386,-0.000246700411703,-0.00064127276824
0.701763,0.00201732733371,0.000364,-0.000246432841959,-0.000641090273421
0.701881,0.00201838285174,0.000357,-0.000246120152443,-0.000640912581069
0.701996,0.0020195266857,0.00033,-0.000245622402547,-0.000640728736848
0.702114,0.00202087985811,0.000342,-0.000244865616233,-0.000640533861181
0.702229,0.00202215939945,0.00039,-0.000243939274763,-0.000640330378619
0.702347,0.00202349314539,0.000417,-0.000242947440157,-0.000640118278691
0.702462,0.00202469594466,0.000351,-0.000242111493542,-0.000639920725423
0.702581,0.00202587844385,0.000393,-0.000241501169111,-0.000639743836836
0.702696,0.0020269963071,0.000378,-0.000241176717439,-0.000639599839936
0.702815,0.00202814556165,0.000349,-0.000241088421448,-0.000639470451434
0.702929,0.00202922315038,0.000345,-0.000241138536757,-0.000639365451262
0.703048,0.00203051950773,0.00036,-0.000241191034658,-0.000639257986409
0.703163,0.0020316922768,0.000354,-0.000241136150395,-0.000639170043451
0.703282,0.00203288200185,0.000365,-0.000240961923984,-0.000639093080682
0.703392,0.00203369359965,0.000341,-0.000240732738247,-0.000639044209288
0.703506,0.00203467806261,0.000362,-0.00024052736225,-0.000639011218399
0.703607,0.00203554442919,0.000326,-0.000240460482636,-0.000638996555083
0.703708,0.0020365148326,0.000328,-0.000240529750689,-0.000638992889187
0.703808,0.00203763440164,0.000336,-0.000240692145446,-0.000638991667216
0.703909,0.00203883254865,0.00034,-0.000240897473084,-0.000638989223264
0.704009,0.00203983577089,0.000342,-0.00024110512695,-0.000638975781318
0.70411,0.0020404946932,0.000348,-0.000241293632816,-0.000638961116964
0.704223,0.00204114126041,0.000387,-0.000241482087885,-0.000638935453311
0.704342,0.00204190951782,0.000402,-0.000241689568263,-0.000638909788343
0.704458,0.00204253244784,0.000408,-0.000241911289566,-0.000638892677632
0.704578,0.00204356077294,0.000442,-0.000241980414087,-0.000638920787776
0.70469,0.00204463835685,0.000433,-0.000241703874986,-0.00063895500669
0.704793,0.00204565209898,0.000427,-0.000241136150395,-0.000638994111156
0.704895,0.00204695518513,0.000432,-0.000240329093355,-0.000638992889187
0.704997,0.00204821173204,0.000425,-0.000239382361783,-0.000638948896341
0.705098,0.00204941731066,0.000414,-0.000238458304135,-0.000638835230256
0.7052,0.00205051221807,0.000402,-0.000237703311643,-0.000638675076168
0.705302,0.00205118487871,0.000391,-0.000237132333191,-0.00063849285388
0.705404,0.00205165712857,0.000386,-0.000236551281503,-0.000638315459779
0.705506,0.00205235377251,0.000382,-0.000235820682876,-0.000638164931374
0.705608,0.00205308360278,0.000381,-0.000235026737327,-0.000638040068622
0.70571,0.00205397244349,0.000382,-0.000234477668478,-0.000637950686954
0.705811,0.00205523792796,0.00038,-0.000234424665447,-0.00063786741297
0.705912,0.00205625366649,0.000376,-0.000234800418818,-0.000637798824002
0.706013,0.00205760098839,0.000366,-0.000235320361174,-0.00063771062439
0.706112,0.0020586982252,0.000353,-0.000235731709406,-0.000637621183932
0.706212,0.00206005278953,0.000337,-0.000235988980226,-0.000637513344075
0.706314,0.00206150578572,0.000334,-0.000236234141298,-0.000637410384383
0.706428,0.00206328799332,0.000331,-0.000236642552878,-0.000637304951357
0.706545,0.00206457149613,0.000321,-0.000237365099023,-0.000637233832841
0.706657,0.00206593979436,0.000385,-0.000238288202202,-0.000637194590721
0.706772,0.00206744209299,0.000409,-0.000239267519405,-0.000637192137986
0.706874,0.00206877186956,0.000296,-0.000239975414202,-0.000637209306876
0.706967,0.00207044889839,0.000269,-0.000240410318731,-0.000637203175197
0.707056,0.00207202884388,0.000257,-0.000240656326313,-0.000637190911615
0.707143,0.00207373904959,0.000236,-0.000240732738247,-0.00063714921319
0.707228,0.00207542142618,0.00021,-0.000240646774235,-0.000637069485961
0.70731,0.00207708627011,0.000187,-0.000240400763294,-0.000636973796552
0.707395,0.00207868586025,0.000213,-0.000240018438782,-0.000636880543152
0.707484,0.00208008984495,0.000224,-0.000239523496409,-0.000636776226043
0.707578,0.00208105033182,0.000252,-0.000238956393372,-0.000636657155303
0.707675,0.00208179960194,0.000304,-0.000238228297326,-0.000636541740192
0.707776,0.00208276658989,0.000383,-0.000237309914111,-0.000636458231857
0.707874,0.00208345370737,0.000426,-0.000236287007952,-0.000636421385526
0.707974,0.00208461566261,0.000403,-0.00023531795492,-0.000636407874527
0.708062,0.00208561918478,0.000258,-0.000234706499311,-0.000636398048117
0.708154,0.00208693128021,0.000255,-0.000234475259336,-0.000636361197366
0.708242,0.00208845560937,0.000239,-0.000234521031622,-0.000636286259159
0.708334,0.00209008254214,0.000239,-0.000234612567249,-0.000636160927645
0.708422,0.0020917131685,0.000222,-0.000234600523768,-0.000635992540959
0.708514,0.00209335214371,0.00025,-0.000234458395111,-0.000635785975049
0.708603,0.00209495552387,0.000326,-0.00023423189345,-0.000635570711822
0.708694,0.00209655006955,0.000409,-0.000234010140273,-0.000635345509256
0.708783,0.00209792065811,0.000379,-0.000233904059673,-0.00063513867699
0.708875,0.00209916679162,0.000306,-0.000234024604569,-0.00063493915092
0.708964,0.00210005343491,0.000196,-0.000234453576687,-0.000634762960202
0.709056,0.00210103030896,0.000337,-0.000235265015247,-0.000634589173197
0.709144,0.0021020283161,0.000444,-0.000236332662312,-0.000634422725065
0.709237,0.00210317530325,0.000517,-0.000237573802679,-0.000634246353223
0.709326,0.00210438606759,0.000458,-0.000238671472198,-0.000634066217431
0.709418,0.00210601170082,0.000342,-0.000239490009411,-0.000633860092565
0.709507,0.00210756368192,0.000226,-0.000239872622558,-0.000633647707971
0.7096,0.00210936822322,0.00024,-0.000239860669062,-0.000633414228458
0.709689,0.00211090681186,0.000234,-0.000239566548768,-0.000633186821552
0.709782,0.00211262821824,0.000243,-0.000239174196105,-0.000632955601623
0.709871,0.00211407350825,0.000313,-0.000238874999146,-0.000632747784045
0.709959,0.0021150804002,0.000357,-0.000238791201092,-0.000632559684696
0.710045,0.00211557983916,0.000357,-0.000238863028609,-0.000632386373132
0.710129,0.00211606010613,0.00031,-0.000238953999559,-0.000632231580267
0.710209,0.00211653863193,0.00023,-0.000238989905893,-0.000632081695466
0.710289,0.00211704308598,0.000206,-0.000238913303489,-0.000631934244608
0.710366,0.00211772308551,0.000193,-0.000238793595461,-0.00063177807314
0.710446,0.00211850616713,0.000215,-0.000238719366211,-0.000631769395529
0.710527,0.00211952261487,0.000202,-0.000238822327254,-0.000631759478076
0.71061,0.00212065523768,0.00022,-0.000239109580382,-0.000631737163093
0.710693,0.00212206135369,0.000245,-0.000239415853929,-0.000631707408245
0.710783,0.00212363986843,0.000274,-0.000239626339321,-0.000631677651642
0.710873,0.00212473347494,0.000294,-0.000239640688294,-0.000631660292812
0.710971,0.00212621142073,0.000324,-0.000239487617421,-0.000631659052873
0.711073,0.00212741410161,0.000355,-0.00023930580229,-0.000631678891535
0.711179,0.00212810608343,0.000315,-0.000239415853929,-0.000631719806312
0.711279,0.00212870602938,0.000269,-0.000239922825014,-0.000631770635197
0.711382,0.00212923839937,0.000472,-0.000240744676857,-0.000631830135673
0.711481,0.00212988016308,0.000349,-0.000241577488808,-0.000631893347234
0.711574,0.00213071705722,0.0003,-0.000242292581071,-0.000631951594007
0.71167,0.00213211692111,0.000467,-0.000242978381942,-0.000632006116802
0.711764,0.00213321596114,0.00038,-0.00024367302109,-0.000632055677861
0.711856,0.00213451050102,0.000246,-0.000244210178712,-0.000632097800929
0.711948,0.00213590297784,0.00041,-0.000244442977029,-0.000632132487872
0.712042,0.00213727968119,0.000457,-0.000244402599215,-0.000632159740223
0.712135,0.00213834712618,0.000342,-0.000244245816142,-0.000632180797849
0.712229,0.00213897926447,0.000373,-0.000244108007994,-0.000632195661525
0.712322,0.00213929072291,0.000484,-0.000243939274763,-0.000632205570399
0.712415,0.00213933297038,0.000376,-0.000243670643367,-0.000632209286177
0.712506,0.00213953957484,0.000376,-0.000243254417208,-0.000632206808995
0.712596,0.00213996047642,0.000405,-0.000242790329946,-0.000632196900145
0.712685,0.00214072793782,0.000447,-0.000242416456035,-0.000632182036505
0.712776,0.00214162531208,0.00033,-0.00024231402254,-0.000632160978931
0.712862,0.00214279429436,0.000311,-0.000242530782668,-0.000632361609469
0.71295,0.00214418382736,0.000408,-0.000242930778628,-0.000632559684696
0.713035,0.00214557165194,0.000404,-0.000243285345397,-0.000632756444823
0.713122,0.00214697247441,0.000351,-0.000243447101301,-0.000632967969013
0.713207,0.00214820871856,0.000354,-0.00024336147049,-0.000633178168174
0.713296,0.002149463444,0.000384,-0.000243166383325,-0.000633404343338
0.713385,0.00215014153995,0.000405,-0.000243045021133,-0.000633634122185
0.713474,0.0021506589578,0.000417,-0.000243075958597,-0.000633863796152
0.713569,0.00215123943456,0.000461,-0.000243266312827,-0.000634102002964
0.71366,0.00215173256655,0.000458,-0.000243466128944,-0.000634325296521
0.71375,0.00215242349816,0.000473,-0.000243568393644,-0.000634547258118
0.713839,0.0021532540259,0.000489,-0.000243611197676,-0.000634771586361
0.713926,0.00215426719696,0.0005,-0.000243706308353,-0.000634997046272
0.714011,0.00215548264931,0.000495,-0.000243941651571,-0.000635216249069
0.714093,0.00215664014136,0.000481,-0.000244305207814,-0.000635424280105
0.714173,0.00215791032459,0.000477,-0.000244611588531,-0.000635634685389
0.714259,0.00215935066503,0.000494,-0.00024469231764,-0.000635847461882
0.714342,0.00216083374057,0.000468,-0.00024455934707,-0.000636057689953
0.714426,0.00216207063564,0.000437,-0.00024429808108,-0.000636255543546
0.714513,0.00216299284888,0.000422,-0.00024405810523,-0.000636453319169
0.714603,0.00216357472335,0.00042,-0.000243867966772,-0.00063665101687
0.714692,0.00216404322792,0.00042,-0.000243730083998,-0.000636835137195
0.714779,0.00216458893057,0.000416,-0.000243651621297,-0.000637006921875
0.714866,0.00216527957815,0.000415,-0.000243637354404,-0.000637171289259
0.714953,0.00216616951181,0.000413,-0.000243720573837,-0.000637327020569
0.715034,0.00216726398834,0.00038,-0.000243932144292,-0.000637470446774
0.715114,0.00216861374532,0.000376,-0.000244350342104,-0.000637604029143
0.715194,0.00217040572807,0.000383,-0.000244962929442,-0.000637724100335
0.715275,0.00217226810997,0.00039,-0.000245643741976,-0.000637825770788
0.715356,0.00217406172591,0.000398,-0.000246165169427,-0.000637910276308
0.715437,0.00217581209951,0.000403,-0.000246430473627,-0.000637975176668
0.715517,0.00217747569992,0.000406,-0.000246506256277,-0.00063802537684
0.715604,0.00217891125447,0.000437,-0.000246555984162,-0.000638058432743
0.715686,0.00217955805354,0.000418,-0.000246731187473,-0.000638068226666
0.715774,0.0021801204246,0.000442,-0.00024706963123,-0.000638059656994
0.715864,0.00218079156793,0.000444,-0.00024759235738,-0.000638036395717
0.715951,0.00218131122726,0.000411,-0.000248185566205,-0.00063800333836
0.716034,0.00218172624191,0.000379,-0.000248754665762,-0.000637965380926
0.716115,0.00218212797027,0.000342,-0.000249292638748,-0.000637935992551
0.716195,0.00218268267892,0.000318,-0.000249811341227,-0.000637907827073
0.716275,0.00218357709287,0.000306,-0.000250397951523,-0.000637877210628
0.716355,0.00218476076753,0.000321,-0.000251153453994,-0.000637841693208
0.716438,0.00218604433198,0.000381,-0.00025204910638,-0.000637798824002
0.716519,0.00218729261626,0.000354,-0.000252880252659,-0.000637752276141
0.716602,0.00218852303825,0.000299,-0.000253581490975,-0.000637703273721
0.716687,0.00218978338319,0.000305,-0.000254195371413,-0.000637646915014
0.716775,0.0021906200084,0.00032,-0.00025485316599,-0.000637584422951
0.716865,0.00219083481791,0.000338,-0.000255603833089,-0.000637519471962
0.716956,0.00219093932807,0.000351,-0.000256346682776,-0.000637461866873
0.717046,0.00219112356174,0.000355,-0.000257051418703,-0.000637417739348
0.717134,0.00219127679649,0.000354,-0.000257678542831,-0.000637389544729
0.717222,0.00219146318601,0.000353,-0.000258239907254,-0.000637373607939
0.717311,0.00219162020394,0.000355,-0.000258779877307,-0.000637363800431
0.7174,0.00219194332791,0.000354,-0.000259344997062,-0.000637356444675
0.717491,0.00219287852595,0.000351,-0.000260032748979,-0.000637347862823
0.717582,0.00219404714671,0.000443,-0.000261060774224,-0.000637334376758
0.717674,0.00219527095735,0.000546,-0.000262325715803,-0.000637318438213
0.717768,0.00219643475363,0.000553,-0.00026360451122,-0.000637300046956
0.717862,0.00219773693698,0.000516,-0.000264795606054,-0.00063728410732
0.717957,0.00219863079091,0.000499,-0.000265945500307,-0.00063726939336
0.718053,0.00219889201589,0.000458,-0.000266999223082,-0.000637260810018
0.718149,0.00219903500083,0.000469,-0.000267775825426,-0.000637255905184
0.718246,0.00219928817072,0.000487,-0.000268267066365,-0.000637258357607
0.718343,0.00219938992863,0.000506,-0.000268560724655,-0.000637264488611
0.71844,0.00219958558731,0.000523,-0.00026880381527,-0.000637274298061
0.718537,0.00220000993511,0.00054,-0.000269085784121,-0.000637289011877
0.718635,0.00220099603459,0.000555,-0.000269491340725,-0.000637308629627
0.718733,0.00220262648087,0.000566,-0.000270198771522,-0.000637334376758
0.718831,0.00220427669823,0.000582,-0.000271440158886,-0.000637367478269
0.71893,0.00220600893509,0.000689,-0.000273012091175,-0.000637411610218
0.719029,0.00220754830428,0.000749,-0.000274716820289,-0.000637469221082
0.719128,0.00220815267669,0.000771,-0.00027646718625,-0.000637536629645
0.719228,0.00220761592468,0.000674,-0.00027799366501,-0.000637613831951
0.719328,0.00220707248669,0.000596,-0.000279103534348,-0.000637694697805
0.719427,0.00220692185482,0.000596,-0.000279755952312,-0.000637773100719
0.719527,0.00220736377495,0.000595,-0.000280035690771,-0.00063784781708
0.719627,0.00220800154884,0.00059,-0.000280101096875,-0.000637913950138
0.719727,0.00220897805357,0.000729,-0.000280089820409,-0.000637975176668
0.719827,0.00221068718246,0.000872,-0.00028019806676,-0.000638032722785
0.719928,0.00221221958601,0.000905,-0.000280799872699,-0.000638093934803
0.720029,0.00221357745507,0.000808,-0.000281945661265,-0.000638162483384
0.72013,0.00221451496818,0.0007,-0.000283518250469,-0.000638235917885
0.720231,0.002214411855,0.000822,-0.000285360276347,-0.000638315459779
0.720332,0.00221334674855,0.000809,-0.000287168292264,-0.000638392542177
0.720433,0.00221203541558,0.000657,-0.000288633059379,-0.000638459826636
0.720535,0.00221106632433,0.000582,-0.000289549987237,-0.000638507531956
0.720637,0.0022102801877,0.000602,-0.000289945750869,-0.000638534440645
0.720739,0.0022096050166,0.000616,-0.00029001465228,-0.000638540556054
0.720842,0.00220971685359,0.000677,-0.000289954641769,-0.000638528325161
0.720944,0.00220986182609,0.000843,-0.000290136879413,-0.000638495300256
0.721047,0.00221008213396,0.000893,-0.000291018481047,-0.000638435360606
0.72115,0.00220986009168,0.00085,-0.000292647629564,-0.000638337484532
0.721253,0.00220945589853,0.000988,-0.000294831369989,-0.000638193082401
0.721355,0.00220790087845,0.001088,-0.000297227961754,-0.000637999665185
0.721458,0.00220550786938,0.000975,-0.000299368399024,-0.000637769425856
0.721561,0.00220310527059,0.000715,-0.000300933721118,-0.000637523148658
0.721664,0.00220108846275,0.000585,-0.000301820935322,-0.000637289011877
0.721767,0.00219926655869,0.000592,-0.000302211722941,-0.000637086659051
0.72187,0.00219785322028,0.000642,-0.000302364482841,-0.00063692717202
0.721972,0.00219697929485,0.000854,-0.000302497573738,-0.000636815500913
0.722075,0.0021961599256,0.001,-0.000303101604278,-0.000636745540412
0.722178,0.00219503006286,0.001034,-0.00030443638401,-0.000636709942727
0.72228,0.00219387812992,0.000963,-0.000306406453292,-0.000636698894656
0.722383,0.00219198698841,0.001044,-0.00030866691345,-0.00063670380494
0.722485,0.00218930408724,0.000963,-0.000310745209414,-0.000636714852902
0.722587,0.00218656659611,0.000724,-0.000312303440191,-0.000636727128131
0.722689,0.00218405189328,0.000649,-0.000313235767622,-0.000636734493125
0.722791,0.00218180969563,0.000662,-0.000313673552242,-0.000636730810642
0.722899,0.0021799679843,0.000713,-0.000313838719381,-0.000636709942727
0.723006,0.00217879203123,0.00072,-0.00031386874535,-0.000636674342516
0.723119,0.00217829138497,0.000923,-0.000313990979904,-0.000636609273533
0.723242,0.0021777816986,0.001121,-0.000314839566705,-0.000636536828322
0.723361,0.00217696047763,0.001082,-0.000316582613523,-0.000636458231857
0.723485,0.00217527092096,0.001091,-0.000318908778651,-0.000636398048117
0.723594,0.00217289169194,0.000862,-0.000320740908776,-0.000636375937991
0.723694,0.00217046454691,0.000641,-0.000321860634089,-0.000636394363163
0.72379,0.00216822132641,0.000594,-0.000322415550067,-0.000636445950047
0.723883,0.00216605803635,0.000565,-0.000322603945762,-0.000636520864412
0.723973,0.00216429395705,0.000539,-0.000322614528191,-0.000636617868033
0.724071,0.00216255571037,0.000597,-0.000322544681015,-0.000636735720613
0.724174,0.00216104799149,0.00065,-0.000322453656914,-0.000636873180303
0.724277,0.00216011805696,0.000658,-0.000322637808937,-0.000637031457741
0.724389,0.00215894244835,0.000716,-0.000323612744555,-0.000637230154023
0.72449,0.00215767152171,0.000776,-0.000325250596046,-0.000637432448955
0.7246,0.00215559939785,0.001061,-0.000327483393464,-0.00063767509516
0.7247,0.00215292716121,0.000899,-0.000329369346906,-0.000637898030014
0.724802,0.00215034526979,0.000636,-0.000330700299702,-0.000638123313915
0.724896,0.00214783164578,0.000553,-0.000331274953556,-0.00063830811798
0.725001,0.00214531438127,0.000624,-0.000331371028231,-0.000638483068257
0.725092,0.00214300578254,0.000549,-0.00033118304284,-0.000638606597717
0.725194,0.00214084244139,0.000623,-0.000330919772539,-0.000638721538354
0.725298,0.00213913694421,0.000635,-0.000330746290581,-0.000638827896073
0.725401,0.00213780982409,0.000644,-0.000330842442888,-0.000638933009085
0.725494,0.00213686900343,0.000603,-0.00033139400052,-0.000639039321886
0.725596,0.0021359274361,0.000666,-0.000332695836555,-0.000639172486519
0.725699,0.00213488786465,0.0009,-0.000334568929149,-0.000639312942911
0.7258,0.00213299701607,0.000994,-0.000336631428031,-0.000639457022409
0.725902,0.00213079551416,0.000836,-0.000338361046073,-0.000639596178457
0.726003,0.00212835995815,0.000649,-0.000339413943234,-0.000639730415148
0.726103,0.00212581266521,0.000661,-0.000339762468802,-0.000639857296712
0.726204,0.00212338845388,0.000676,-0.000339642877532,-0.00063998414609
0.726304,0.00212122643935,0.000695,-0.000339308730176,-0.000640118278691
0.726403,0.00211913999211,0.00067,-0.00033894344688,-0.000640265782999
0.726502,0.00211721418095,0.000641,-0.000338644050581,-0.000640430302565
0.726602,0.0021156446785,0.000623,-0.000338499465115,-0.000640609384522
0.726701,0.00211447919945,0.000614,-0.000338658507361,-0.000640794490235
0.726799,0.00211342776213,0.000607,-0.000339331424629,-0.000640975876004
0.726898,0.00211218610735,0.000601,-0.000340502208354,-0.000641146245589
0.726997,0.00211017456999,0.000691,-0.000341923685777,-0.000641298312194
0.727095,0.00210771740706,0.000627,-0.000343210818385,-0.000641430876488
0.727204,0.00210546127085,0.000631,-0.000344157599721,-0.000641553679883
0.727303,0.00210329988261,0.000572,-0.000344440136445,-0.000641654574918
0.727402,0.00210124606238,0.000557,-0.000344247697274,-0.000641750588602
0.7275,0.00209905845122,0.000531,-0.000343754054721,-0.000641847798831
0.727599,0.00209726652276,0.000524,-0.000343180055542,-0.000641975358528
0.727697,0.00209593269746,0.000511,-0.00034263633789,-0.000642122315466
0.727795,0.00209466432717,0.000497,-0.000342281136549,-0.000642285010671
0.727893,0.00209357940113,0.000482,-0.000342332478244,-0.000642454934077
0.727991,0.00209216154409,0.000468,-0.000342956468372,-0.000642624799613
0.728089,0.00208997503292,0.000518,-0.000344018333399,-0.000642786118296
0.728187,0.00208685816269,0.000578,-0.000345201143844,-0.000642931624212
0.728284,0.00208374725023,0.000517,-0.000346200141371,-0.000643069815507
0.728382,0.00208074106542,0.000545,-0.000346812260681,-0.000643175251516
0.728478,0.00207821479156,0.000528,-0.000346969277905,-0.000643264915168
0.728566,0.00207580943302,0.000461,-0.000346767391613,-0.00064332427817
0.728663,0.00207352043717,0.000458,-0.000346324652561,-0.000643372732521
0.72876,0.00207122529589,0.000462,-0.000345748842671,-0.000643395746688
0.728858,0.00206957858443,0.00049,-0.000345168430743,-0.000643399380406
0.728956,0.00206857394461,0.000521,-0.000344740963989,-0.000643390901688
0.729053,0.00206754476764,0.000579,-0.00034465911999,-0.000643382422826
0.729144,0.0020667869255,0.000567,-0.000345037561807,-0.00064339816917
0.729241,0.00206565804484,0.00066,-0.000345822378856,-0.000643426026866
0.729334,0.00206364515336,0.000668,-0.000346767391613,-0.000643486581704
0.72943,0.00206071079508,0.000746,-0.000347615298052,-0.000643559237796
0.729527,0.00205796764318,0.000767,-0.000348154851272,-0.000643666991487
0.729623,0.00205523054815,0.000804,-0.000348250498584,-0.000643781983762
0.729719,0.00205296061765,0.000804,-0.000347967585743,-0.000643922359392
0.729806,0.00205079817394,0.000728,-0.000347474736648,-0.000644059066585
0.729902,0.00204859727145,0.000792,-0.000346836733407,-0.000644233223151
0.729992,0.0020470401804,0.000684,-0.000346240967353,-0.000644416989017
0.730088,0.00204600187962,0.000671,-0.000345685513148,-0.000644620019762
0.730181,0.00204526258999,0.000575,-0.000345426001677,-0.000644837460831
0.730277,0.0020443426299,0.000528,-0.000345579269063,-0.00064505480692
0.730374,0.00204342099966,0.000455,-0.000346179727414,-0.00064528653813
0.730471,0.00204182524741,0.000419,-0.000346993744688,-0.000645506100371
0.730566,0.00203935718792,0.000404,-0.000347737500512,-0.000645731593606
0.730654,0.00203670426067,0.000371,-0.000348122287254,-0.000645936498739
0.73075,0.00203399746421,0.000416,-0.000348160956843,-0.000646173842011
0.73084,0.00203160508751,0.000388,-0.000347884112962,-0.000646408664116
0.730936,0.00202914058256,0.000447,-0.000347383049693,-0.000646656612093
0.731028,0.00202711123117,0.000438,-0.000346861205205,-0.000646904436352
0.731125,0.00202509866091,0.000475,-0.000346367511524,-0.000647138913374
0.731222,0.00202352269657,0.000486,-0.000346036811675,-0.000647364868464
0.731308,0.00202217798429,0.000428,-0.000345983720644,-0.000647545078029
0.731398,0.00202126352799,0.000421,-0.000346285872957,-0.000647712013824
0.731491,0.00202043334547,0.000401,-0.000347065100849,-0.00064785728632
0.731588,0.00201922879939,0.000573,-0.000348232184238,-0.00064797251358
0.731685,0.00201679447216,0.000649,-0.000349551521942,-0.000648036117163
0.731782,0.00201374840147,0.000564,-0.000350695878315,-0.000648076915168
0.73188,0.00201088324659,0.000372,-0.000351402983574,-0.000648087714078
0.731978,0.00200806255721,0.00035,-0.000351560912529,-0.00064808051483
0.732076,0.00200554442975,0.000323,-0.000351281473414,-0.000648062516255
0.732174,0.00200300261407,0.000293,-0.000350758718494,-0.000648038517139
0.732264,0.00200073785604,0.000255,-0.000350241625221,-0.000648013316816
0.732363,0.00199897674918,0.000265,-0.000349768781125,-0.000647983314763
0.732456,0.00199764099852,0.000289,-0.000349531213607,-0.000647956911455
0.732553,0.00199697097764,0.00026,-0.000349632748891,-0.000647930506742
0.732652,0.00199619596772,0.000302,-0.000350245682469,-0.00064789689871
0.732743,0.00199505909696,0.000472,-0.000351202479521,-0.000647859687161
0.732838,0.00199351146881,0.000576,-0.000352368174766,-0.000647827274828
0.732936,0.00199110234439,0.000504,-0.000353386429679,-0.000647793659801
0.733038,0.00198872997218,0.000421,-0.000353878816016,-0.000647752838492
0.733131,0.00198651449304,0.000474,-0.000353779965398,-0.000647707210701
0.733228,0.00198454465218,0.000563,-0.000353285484291,-0.000647660377815
0.733329,0.00198262911811,0.000652,-0.000352564273659,-0.00064760153023
0.733432,0.00198097962846,0.00071,-0.000351834159645,-0.000647521053867
0.733524,0.00197976413557,0.000646,-0.000351330080228,-0.00064744296731
0.73362,0.00197864218687,0.000678,-0.000351113346578,-0.00064735765872
0.733719,0.00197824115729,0.000697,-0.000351245015897,-0.000647263922518
0.733813,0.00197771963973,0.000656,-0.000351781543286,-0.000647161753934
0.733912,0.00197687129049,0.000692,-0.000352734043004,-0.000647046338241
0.734015,0.00197550742308,0.000738,-0.000353894953449,-0.000646936909006
0.734111,0.00197328107634,0.000732,-0.000354739585864,-0.000646835875995
0.734211,0.0019709734314,0.000804,-0.000355065852875,-0.000646745650576
0.734315,0.00196888808281,0.000873,-0.000354798003862,-0.000646671051851
0.734408,0.00196699830407,0.000799,-0.000354211568646,-0.000646620510864
0.734507,0.00196527132661,0.00085,-0.000353438915021,-0.00064658079648
0.734605,0.00196396398586,0.000817,-0.000352695646713,-0.00064655913275
0.7347,0.00196307570415,0.000752,-0.000352083017244,-0.000646537468076
0.734799,0.00196253134678,0.000725,-0.000351696538549,-0.000646517006127
0.734895,0.00196237786917,0.000642,-0.000351603425249,-0.000646492932166
0.734995,0.001962336608,0.000604,-0.000351957588847,-0.000646467653252
0.735092,0.00196189689973,0.000532,-0.000352723938939,-0.000646442373052
0.735194,0.00196074104997,0.00052,-0.000353687153029,-0.000646423111083
0.735292,0.00195911815611,0.000503,-0.000354372841283,-0.000646403848368
0.735393,0.00195749740492,0.000516,-0.00035460661476,-0.000646395420695
0.735484,0.00195600709931,0.00047,-0.000354457493223,-0.000646402644423
0.735574,0.00195468221094,0.00047,-0.00035410470324,-0.00064642551887
0.735657,0.00195354037095,0.000455,-0.00035370733077,-0.000646468857039
0.73574,0.00195265996824,0.000464,-0.000353299617599,-0.000646513395107
0.735822,0.00195209222632,0.000473,-0.000352921949704,-0.00064655431846
0.735905,0.00195177109291,0.000482,-0.000352630974099,-0.00064658440701
0.735988,0.00195169915678,0.000494,-0.000352499587843,-0.000646604866182
0.736072,0.00195192436844,0.000506,-0.000352641079623,-0.000646616900596
0.736162,0.00195213513238,0.000576,-0.000353196639246,-0.000646614493737
0.736257,0.00195225385198,0.000638,-0.000354165195274,-0.000646592831477
0.736359,0.00195164735276,0.000696,-0.000355406041351,-0.000646544689739
0.736466,0.00195044187795,0.000716,-0.000356477764543,-0.000646495339615
0.736567,0.00194917532888,0.000643,-0.000356885474205,-0.000646464041874
0.736658,0.00194812264737,0.000527,-0.00035678106094,-0.00064646524567
0.736745,0.00194726122502,0.000501,-0.000356409452862,-0.000646490524706
0.736832,0.00194657971879,0.000514,-0.000355866719494,-0.000646506172989
0.736918,0.0019461615369,0.000526,-0.000355257105255,-0.000646494135892
0.737005,0.00194590774018,0.000535,-0.000354669074311,-0.000646445984588
0.737092,0.0019459739505,0.000561,-0.000354193422943,-0.000646358096424
0.73718,0.00194623560787,0.000591,-0.000353935295262,-0.000646234063388
0.737267,0.00194676232734,0.00062,-0.000354005887344,-0.000646084700977
0.737355,0.00194726928111,0.000644,-0.000354554224649,-0.000645918422271
0.737444,0.00194754255603,0.00066,-0.000355558966808,-0.000645747265805
0.737532,0.0019472526152,0.000665,-0.000356815197916,-0.000645579668227
0.737621,0.00194653329219,0.000663,-0.000357982792828,-0.000645418045841
0.73771,0.00194572635009,0.000655,-0.000358764013519,-0.000645261197787
0.737799,0.00194503377339,0.000647,-0.000359076235271,-0.000645100678958
0.737888,0.00194449792213,0.000641,-0.000358966174458,-0.000644929240761
0.737977,0.00194418391017,0.000641,-0.000358539760429,-0.000644738416126
0.738066,0.00194413565561,0.000646,-0.00035795673573,-0.000644524557287
0.738155,0.00194418901005,0.000652,-0.000357373180273,-0.000644284007344
0.738245,0.00194449854799,0.000659,-0.000356903544006,-0.000644016727661
0.738334,0.00194527284754,0.000664,-0.000356624409178,-0.000643721464821
0.738424,0.00194610767407,0.000664,-0.000356616374723,-0.00064340180287
0.738514,0.001946991866,0.00066,-0.000356957750358,-0.000643055270859
0.738604,0.00194799061765,0.000653,-0.00035774222553,-0.000642683025908
0.738694,0.00194881238234,0.000645,-0.000358950164037,-0.000642281368821
0.738785,0.00194895447726,0.000708,-0.000360365538508,-0.000641856303825
0.738876,0.00194864218139,0.000633,-0.000361628333705,-0.000641402907135
0.738967,0.00194843152238,0.000605,-0.000361773803845,-0.000640928405555
0.739057,0.00194845947598,0.000587,-0.000361500770997,-0.000640437613289
0.739149,0.00194863614766,0.000578,-0.000361245569194,-0.000639929263289
0.73924,0.00194897931869,0.000563,-0.000361044127097,-0.000639415512232
0.739332,0.0019493362043,0.000551,-0.000360948369989,-0.000638900010866
0.739425,0.00194982684066,0.000536,-0.000360904476522,-0.000638388871856
0.739517,0.001950465467,0.000522,-0.000360429436365,-0.000637885783421
0.73961,0.00195166717136,0.000509,-0.00036018978649,-0.000637387092948
0.739704,0.00195290684018,0.000496,-0.000360271676959,-0.000636889133006
0.739798,0.00195434849949,0.000486,-0.000360770782405,-0.00063638944985
0.739892,0.0019557507621,0.000474,-0.000361690112741,-0.000635880661641
0.739987,0.00195704613695,0.000663,-0.000361309379196,-0.000635357818015
0.740082,0.00195782818653,0.000753,-0.000360930413935,-0.00063481717931
0.740178,0.00195820487482,0.000675,-0.000360617099421,-0.000634259922484
0.740274,0.00195856702388,0.000463,-0.00036038151357,-0.000633688463129
0.740371,0.00195912756847,0.000469,-0.000360191783943,-0.00063310893579
0.740467,0.00195989299362,0.000466,-0.000360023976136,-0.00063253245397
0.740565,0.00196091475917,0.000464,-0.000359896093029,-0.000631957790076
0.740662,0.00196191081772,0.000458,-0.000359848130276,-0.000631389913899
0.74076,0.00196308497512,0.000454,-0.000359900089763,-0.000630826365523
0.740859,0.0019647138263,0.000451,-0.000360025974107,-0.000630265917165
0.740957,0.00196648558967,0.000447,-0.00036018978649,-0.000629709824949
0.741056,0.0019682770684,0.000443,-0.000360271676959,-0.000629158104302
0.741155,0.0019701992003,0.000441,-0.000360203768532,-0.000628610770555
0.741255,0.00197204042795,0.00065,-0.000360025974107,-0.000628066590155
0.741355,0.00197306679164,0.000725,-0.000359804161261,-0.000627534325056
0.741455,0.00197376176841,0.000572,-0.000359598266149,-0.000627015265186
0.741555,0.00197442317377,0.000508,-0.000359434302295,-0.000626513209935
0.741655,0.00197536342592,0.000551,-0.000359304301107,-0.000626018179952
0.741756,0.00197662896792,0.000581,-0.000359208283286,-0.000625525176296
0.741857,0.00197803838503,0.000593,-0.000359182275982,-0.000625031693004
0.741958,0.00197958236204,0.000589,-0.000359264295431,-0.000624544016921
0.742059,0.00198168696541,0.000573,-0.000359448300848,-0.000624074752275
0.74216,0.00198398799563,0.000558,-0.000359676234224,-0.00062364788605
0.742262,0.00198645089051,0.000539,-0.000359858122812,-0.000623274871638
0.742363,0.00198891447276,0.000521,-0.000359932062736,-0.000622955828035
0.742465,0.00199125499454,0.000572,-0.000359886101085,-0.000622687070821
0.742566,0.00199272241643,0.000664,-0.000359752193986,-0.000622459841289
0.742668,0.00199379910382,0.000514,-0.000359580272167,-0.000622264090057
0.742769,0.0019949087312,0.000401,-0.000359416303704,-0.000622089744927
0.742871,0.00199627389155,0.000367,-0.000359264295431,-0.000621926716105
0.742972,0.00199783767807,0.00041,-0.000359150265542,-0.00062176742823
0.743072,0.00199960561157,0.000562,-0.000359120254301,-0.000621603031346
0.743173,0.00200139241294,0.000572,-0.000359208283286,-0.000621425929169
0.743273,0.00200349960112,0.000471,-0.00035939430474,-0.00062123357705
0.743372,0.00200597537381,0.000451,-0.000359600265449,-0.000621019626556
0.743471,0.00200836068189,0.000484,-0.00035975019516,-0.00062077264891
0.743569,0.002010807302,0.000493,-0.000359782175621,-0.000620497666334
0.743667,0.00201278560183,0.000502,-0.000359690227489,-0.000620181950464
0.743765,0.00201397062881,0.000504,-0.000359504292003,-0.00061982669495
0.743862,0.00201479079711,0.000508,-0.000359260294726,-0.000619429276938
0.743958,0.00201580050511,0.000511,-0.000358990189339,-0.000618994683302
0.744054,0.00201710768749,0.000516,-0.000358711961761,-0.000618530454118
0.74415,0.0020184014804,0.00052,-0.000358459651015,-0.000618044150985
0.744245,0.0020200404023,0.000523,-0.00035828537845,-0.000617544635788
0.74434,0.0020216874035,0.000522,-0.000358223269875,-0.000617038251284
0.744434,0.00202326823157,0.000519,-0.000358263340612,-0.00061652881009
0.744529,0.00202506563774,0.00051,-0.000358351487416,-0.000616021418635
0.744623,0.00202697992849,0.000499,-0.000358413583566,-0.000615513523846
0.744717,0.00202874932748,0.000499,-0.000358381534691,-0.000614992312442
0.744811,0.0020306049759,0.0005,-0.000358221266272,-0.000614456461925
0.744905,0.00203237890656,0.000507,-0.000357946713488,-0.000613903359215
0.744999,0.00203391935359,0.000524,-0.00035758981954,-0.000613329093099
0.745092,0.00203510645445,0.000537,-0.000357212659547,-0.000612747749441
0.745186,0.00203608347894,0.000558,-0.000356859372482,-0.000612152863432
0.745286,0.00203710929505,0.000612,-0.000356568165882,-0.000611514720509
0.745385,0.00203826469094,0.000619,-0.000356369266123,-0.000610893866527
0.745486,0.00203954010155,0.000652,-0.000356250700583,-0.000610268383221
0.745589,0.00204095913173,0.000673,-0.000356172314726,-0.00060966026432
0.74569,0.0020423458068,0.000672,-0.000356103970527,-0.000609100678633
0.745791,0.00204408616988,0.000707,-0.000356033608603,-0.000608584596188
0.745892,0.00204631122261,0.000736,-0.000355951174826,-0.000608126432196
0.745986,0.00204837617709,0.000721,-0.000355842587358,-0.000607734138669
0.746087,0.00205079649183,0.000784,-0.000355687717902,-0.000607355851692
0.746187,0.00205333707688,0.000791,-0.000355462386546,-0.000607022833834
0.746288,0.0020557968917,0.00079,-0.000355150413581,-0.000606729964957
0.746389,0.00205765876177,0.000782,-0.00035477181714,-0.000606470800279
0.74649,0.00205911621333,0.000766,-0.000354370825625,-0.000606245390652
0.746599,0.0020605727702,0.000794,-0.000353977651441,-0.000606040743038
0.746714,0.00206233616823,0.000817,-0.000353630651985,-0.000605875140773
0.746825,0.00206432858763,0.000778,-0.000353364223052,-0.000605752534852
0.746941,0.00206658809178,0.000797,-0.000353158270547,-0.000605676869886
0.747052,0.002068857025,0.000758,-0.000353037091213,-0.000605632509413
0.747162,0.00207155604575,0.000756,-0.000352944171599,-0.00060561163258
0.747264,0.00207402977354,0.000726,-0.00035282699296,-0.000605597279269
0.747365,0.00207645557774,0.00073,-0.000352643100709,-0.000605575096094
0.74747,0.00207874401943,0.000754,-0.000352360086931,-0.000605535946995
0.747579,0.00208119714951,0.000763,-0.000351965681739,-0.000605473302272
0.747691,0.00208346330477,0.000754,-0.000351469804395,-0.000605391069559
0.747806,0.00208570287592,0.000737,-0.000350904646246,-0.000605328407287
0.747924,0.00208807302226,0.000697,-0.000350391726377,-0.000605280099939
0.748043,0.00209055619954,0.000669,-0.000350032642467,-0.000605256597436
0.748155,0.00209285373278,0.000655,-0.000349854040438,-0.000605229176499
0.748273,0.00209581117756,0.000717,-0.000349752539978,-0.000605193918874
0.748392,0.00209912872885,0.000733,-0.000349642901541,-0.000605145598966
0.748511,0.00210240809275,0.000734,-0.000349449973874,-0.000605078988453
0.748629,0.00210567403161,0.000712,-0.00034916555424,-0.000605008450327
0.748748,0.00210866975342,0.000727,-0.000348805787069,-0.000604933982985
0.748864,0.00211137576597,0.000745,-0.000348378684468,-0.00060486081165
0.748984,0.00211379472759,0.000795,-0.000347871896529,-0.000604764105089
0.749103,0.00211612208131,0.000809,-0.000347330069079,-0.000604641235562
0.749222,0.00211859967794,0.000821,-0.000346873440757,-0.000604488261464
0.749341,0.00212114983946,0.00083,-0.000346612365417,-0.000604297307299
0.749458,0.00212379375927,0.000814,-0.000346542999558,-0.000604074874647
0.749577,0.00212655909986,0.000821,-0.000346583803905,-0.000603807829316
0.749696,0.0021295279481,0.000814,-0.00034661644553,-0.000603503963333
0.749821,0.00213282534508,0.000843,-0.000346559321606,-0.000603160589987
0.749943,0.0021358388149,0.000822,-0.000346387919556,-0.000602807805757
0.750065,0.00213872538891,0.000823,-0.000346106231834,-0.000602439027476
0.750191,0.00214131965045,0.000853,-0.00034571615724,-0.000602045024462
0.750313,0.00214331990083,0.00083,-0.000345289052114,-0.000601636258649
0.750435,0.00214523555319,0.000842,-0.000344869847317,-0.000601192955875
0.750562,0.00214744489005,0.000878,-0.000344548614183,-0.000600711076412
0.750684,0.00214971016799,0.000866,-0.000344605915844,-0.000600215565066
0.750807,0.00215206238688,0.000881,-0.000345156162904,-0.000599691865805
0.750934,0.002154603542,0.000926,-0.000346044979139,-0.000599141215342
0.751057,0.0021570223382,0.000909,-0.000346891793651,-0.000598600562356
0.75118,0.00215923359697,0.000916,-0.00034754400261,-0.000598064643194
0.751307,0.00216149256836,0.000951,-0.000347928904576,-0.000597522870931
0.751429,0.0021631091462,0.000916,-0.000348177238083,-0.000597009721433
0.75155,0.00216453394154,0.00089,-0.000348510913083,-0.000596514657151
0.751671,0.00216610022754,0.000869,-0.000349151329968,-0.000596028426582
0.751792,0.00216776381685,0.000846,-0.00035032276532,-0.00059554839441
0.751913,0.00216937214365,0.000831,-0.000351957588847,-0.000595074578366
0.752033,0.00217132466619,0.000863,-0.000353701277514,-0.000594614992351
0.752154,0.00217311691225,0.000844,-0.000355194702842,-0.000594169674492
0.752275,0.00217457280623,0.000867,-0.000356222563171,-0.000593735991865
0.752395,0.00217579138456,0.000891,-0.000356779052826,-0.000593313973897
0.752515,0.00217694455056,0.000904,-0.000357046076821,-0.000592904986343
0.752636,0.00217806979475,0.000904,-0.000357306970342,-0.00059251039825
0.752756,0.00217939551618,0.000886,-0.000357940700067,-0.000592135598765
0.752876,0.00218079952961,0.00086,-0.000359120254301,-0.000591780630696
0.752998,0.00218241505943,0.000832,-0.000360635064272,-0.000591450897852
0.753119,0.00218421850961,0.000769,-0.000362036761703,-0.000591154497501
0.753239,0.00218605631131,0.000707,-0.000363031833882,-0.000590878063884
0.75336,0.00218815359967,0.000656,-0.000363536737235,-0.000590608199333
0.753479,0.0021895686388,0.000575,-0.000363665880632,-0.000590347601352
0.753598,0.00219077426672,0.000569,-0.000363693692712,-0.000590086873909
0.753718,0.00219211242976,0.000586,-0.000363904230569,-0.000589832741654
0.753836,0.00219407394552,0.000605,-0.000364408444416,-0.000589597324291
0.753955,0.00219625131168,0.00062,-0.00036540775294,-0.000589390069686
0.754075,0.00219854703844,0.000672,-0.000366737731264,-0.000589219090383
0.754194,0.00220055122539,0.000627,-0.000367891293657,-0.000589083074983
0.754315,0.00220240263244,0.000622,-0.000368451517562,-0.000588975315019
0.754435,0.00220345497605,0.000607,-0.000368441658732,-0.000588872922582
0.754555,0.00220452969025,0.000578,-0.000368167522052,-0.000588783986647
0.754676,0.0022060001103,0.000564,-0.000368055072113,-0.00058873142652
0.754796,0.00220810191031,0.000567,-0.000368692025643,-0.0005887125575
0.754916,0.0022102820891,0.000752,-0.000370172495227,-0.000588720644306
0.755035,0.0022122971306,0.000847,-0.000371835868631,-0.000588751642576
0.755154,0.00221425035188,0.000572,-0.000372956722746,-0.000588809590959
0.755274,0.00221593939238,0.000558,-0.000373209229034,-0.000588898522562
0.755396,0.00221704420625,0.000575,-0.000372946933654,-0.000589021115704
0.755518,0.00221811060187,0.000567,-0.00037261793222,-0.000589184079883
0.755642,0.00221951992675,0.00057,-0.000372876447727,-0.00058940353026
0.755767,0.00222152943581,0.000587,-0.000374024782237,-0.00058967939604
0.755893,0.0022233208205,0.000902,-0.000375785293174,-0.000590002176825
0.756023,0.00222506128565,0.000779,-0.000375715122697,-0.000590381190831
0.75615,0.00222603789233,0.000563,-0.000375477264806,-0.000590782754451
0.756278,0.00222645916283,0.000535,-0.000375389507743,-0.000591208157043
0.756407,0.00222706749916,0.00051,-0.000375531863055,-0.000591654659703
0.756537,0.00222803589802,0.000496,-0.00037573071681,-0.000592095425769
0.75667,0.00222968397027,0.00051,-0.000375798936529,-0.000592527793142
0.756805,0.00223115065549,0.000722,-0.000375631297751,-0.000592927716259
0.75694,0.00223218177768,0.00056,-0.000375405109889,-0.000593292596843
0.757077,0.00223231059401,0.00059,-0.000375379756206,-0.000593623843084
0.757214,0.0022323564774,0.000624,-0.000375719021262,-0.000593906839025
0.757351,0.00223264270904,0.000647,-0.000376258740235,-0.000594137660993
0.757489,0.00223334049496,0.000653,-0.000376669552812,-0.000594340380059
0.757627,0.00223440018862,0.00064,-0.000376712370975,-0.00059452302663
0.757765,0.00223455425044,0.00063,-0.000376482675945,-0.000594709606856
0.757905,0.00223402883383,0.000618,-0.000376336639919,-0.000594913436245
0.758045,0.00223328778917,0.000823,-0.00037657806792,-0.000595139820131
0.758187,0.00223270101319,0.000801,-0.000375405109889,-0.00059537409073
0.758328,0.00223223175013,0.000578,-0.000374720203432,-0.00059560027511
0.758469,0.00223217303254,0.000555,-0.000374739726704,-0.000595807746378
0.75861,0.00223188544384,0.000528,-0.000374483924088,-0.000596005831089
0.758751,0.00223098866404,0.000549,-0.000373410770333,-0.000596226427583
0.758892,0.00222933765166,0.001007,-0.000371437606068,-0.000596501378182
0.759033,0.00222745956687,0.001212,-0.000369054587105,-0.00059684254047
0.759175,0.00222552714493,0.000866,-0.000367346377516,-0.00059722989393
0.759317,0.00222376590061,0.000774,-0.00036695912452,-0.000597624910222
0.759459,0.00222214507599,0.000519,-0.000367225880154,-0.000597997117973
0.759601,0.00222053819224,0.000547,-0.000367024341778,-0.000598334656587
0.759744,0.00221850300189,0.000644,-0.000365750408692,-0.000598640238141
0.759887,0.00221548046976,0.001099,-0.000363570515724,-0.00059892184931
0.76003,0.00221216737144,0.00129,-0.000361002235127,-0.000599172923264
0.760174,0.00220892396885,0.001042,-0.000358920143418,-0.000599381618872
0.760317,0.00220556568653,0.000587,-0.000358243305557,-0.000599537425566
0.76046,0.00220261907387,0.000631,-0.000358862099566,-0.000599635111046
0.760604,0.00219988510675,0.000768,-0.00035941430383,-0.000599677347735
0.760749,0.00219662395949,0.000879,-0.000358828071414,-0.000599668108753
0.760894,0.00219253433946,0.000968,-0.000357082206869,-0.000599617951412
0.761038,0.00218819064038,0.001207,-0.000354654971072,-0.000599533464957
0.761183,0.0021838533549,0.001239,-0.00035215381281,-0.000599409350595
0.761328,0.00217940906854,0.000966,-0.000350799257295,-0.00059922840748
0.761472,0.002174933674,0.000888,-0.000351145759984,-0.000598980003529
0.761616,0.00217102314626,0.000809,-0.000352078971548,-0.000598666686985
0.761759,0.00216704134899,0.000831,-0.000352074925827,-0.000598293634158
0.761901,0.00216259879806,0.000847,-0.000350712095722,-0.000598501359664
0.762042,0.00215741571692,0.001052,-0.000348576000302,-0.000598942997051
0.76218,0.00215210550445,0.001235,-0.000346059271953,-0.000599400106852
0.762319,0.00214677040116,0.001117,-0.000343774545294,-0.000599892437657
0.762459,0.00214140980938,0.000847,-0.000342845671855,-0.000600414617078
0.7626,0.00213627581595,0.000843,-0.000343460968641,-0.000600957338429
0.76274,0.00213116210942,0.000816,-0.0003443603016,-0.000601508699898
0.762881,0.002126356109,0.000803,-0.000344296836114,-0.00060208837944
0.763022,0.00212194420688,0.000828,-0.000343104167622,-0.00060272252448
0.763163,0.00211737222838,0.000893,-0.000341346007352,-0.000603435830989
0.763302,0.00211256942693,0.000985,-0.000339316982796,-0.000604197878627
0.763442,0.00210783225454,0.001144,-0.000336952457834,-0.000604992773882
0.763578,0.00210326308777,0.001058,-0.000334758020871,-0.000605769492723
0.763711,0.00209909869518,0.000744,-0.000333597672692,-0.000606521601589
0.763835,0.00209536640589,0.000643,-0.000333832820158,-0.000607215385972
0.763947,0.00209197695607,0.000597,-0.000334627117052,-0.000607814700081
0.764064,0.00208859515649,0.000629,-0.000335260613737,-0.000608404234575
0.764192,0.00208507016105,0.00065,-0.000335246081363,-0.000609008651526
0.764333,0.00208111654414,0.000727,-0.000334248802929,-0.000609652496457
0.764478,0.00207652505123,0.000845,-0.000332489468162,-0.000610295537738
0.764625,0.00207173291727,0.001023,-0.000330353173418,-0.000610950690969
0.764772,0.00206701790102,0.000872,-0.000328526687682,-0.000611612749494
0.764922,0.00206254223006,0.000901,-0.00032781104479,-0.000612285549207
0.765069,0.00205830765184,0.000969,-0.000328474247712,-0.000612924022681
0.765219,0.00205423045188,0.001061,-0.000329589266138,-0.000613528296195
0.765368,0.002050369599,0.001103,-0.000329999584634,-0.000614075385441
0.765519,0.00204636868368,0.001132,-0.000329239455171,-0.000614584706806
0.765669,0.00204227483408,0.001107,-0.000327752247624,-0.000615060215212
0.765819,0.00203838093643,0.001084,-0.00032615220446,-0.000615523763476
0.765966,0.0020345340995,0.001045,-0.000325003912915,-0.000615956200897
0.766119,0.00203077397467,0.001075,-0.000324638989546,-0.000616365272817
0.766271,0.00202712957356,0.00109,-0.000324841515383,-0.000616730604365
0.766425,0.00202330551027,0.001123,-0.000324991260003,-0.000617062497739
0.766579,0.00201952766275,0.001147,-0.000324634769595,-0.000617382698313
0.766734,0.00201570276958,0.001151,-0.000323961340562,-0.000617709070962
0.766887,0.00201201070409,0.001124,-0.000323287221624,-0.000618148579689
0.76704,0.00200834714334,0.001081,-0.000322864224183,-0.000618900599709
0.767192,0.00200499151533,0.001036,-0.000322711878565,-0.000619646435046
0.767343,0.00200178040544,0.000984,-0.000322671670372,-0.000620378503395
0.767493,0.00199867667441,0.000928,-0.000322559497702,-0.000621096861654
0.767643,0.00199573268765,0.000868,-0.000322235571283,-0.000621804094141
0.767793,0.00199275642821,0.000799,-0.000321669906222,-0.000622501507635
0.767942,0.00198984744746,0.000727,-0.000320934027398,-0.000623200488064
0.768091,0.00198700030847,0.00066,-0.000320146342798,-0.000623912358724
0.76824,0.00198407182238,0.000616,-0.000319417268713,-0.000624637063471
0.768388,0.00198123414425,0.000599,-0.000318827894777,-0.000625368268011
0.768525,0.00197839088173,0.000545,-0.000318416936893,-0.000626031972143
0.768663,0.00197593173996,0.000549,-0.000318039823244,-0.000626632195684
0.768789,0.00197348584509,0.000508,-0.000317734992292,-0.000627137886354
0.768905,0.00197118665582,0.000473,-0.000317410822005,-0.000627541825635
0.769019,0.00196902127889,0.00051,-0.000317009654603,-0.000627886732182
0.769147,0.00196660391816,0.000641,-0.00031649930839,-0.000628255122575
0.769289,0.00196382018379,0.000805,-0.000315960776145,-0.000628689353735
0.769435,0.00196050750457,0.000945,-0.000315430363982,-0.000629214175655
0.769581,0.00195698650437,0.001049,-0.000314899526681,-0.000629825572442
0.769727,0.00195331752172,0.001113,-0.000314503262015,-0.000630473517166
0.769874,0.00194983609038,0.001141,-0.000314321114993,-0.000631064771181
0.770019,0.0019462626129,0.00112,-0.000314241811826,-0.000631528842275
0.770164,0.00194281254625,0.001096,-0.000314089608905,-0.000631914415993
0.770309,0.00193919094705,0.001054,-0.000313800112565,-0.000632339321132
0.770455,0.0019354737969,0.001028,-0.000313418212997,-0.000632902418385
0.7706,0.00193160375306,0.001002,-0.000313027503932,-0.000633572363988
0.770744,0.0019275459983,0.000997,-0.00031265590223,-0.000634247586807
0.770889,0.00192331973638,0.001,-0.000312316338443,-0.000634839358168
0.771034,0.00191913858064,0.001004,-0.000312023916525,-0.000635318428923
0.771178,0.00191497316505,0.001004,-0.000311791607343,-0.000635671589509
0.771323,0.00191080695379,0.000996,-0.000311613018192,-0.000635875743297
0.771467,0.00190671635541,0.000966,-0.000311488192446,-0.000635931071893
0.771611,0.0019026780937,0.000921,-0.0003114236182,-0.000635888039067
0.771761,0.00189878606145,0.000889,-0.000311453753629,-0.000635820408603
0.771908,0.00189480000878,0.00083,-0.000311600106272,-0.000635781055777
0.772055,0.00189093802691,0.000821,-0.000311821726081,-0.000635757688577
0.772202,0.00188710866553,0.000808,-0.000312118537711,-0.000635720790784
0.772348,0.0018832308266,0.000795,-0.000312449605701,-0.000635640836264
0.772493,0.00187939283636,0.000764,-0.000312761174703,-0.000635506730105
0.77264,0.00187549499903,0.000735,-0.000313025356544,-0.000635313505069
0.772787,0.0018715076217,0.000703,-0.000313255087743,-0.000635068482406
0.772935,0.00186750301742,0.000667,-0.000313467571944,-0.000634788838233
0.773083,0.00186328359277,0.000613,-0.000313667116326,-0.000634490543919
0.773231,0.00185894955699,0.000575,-0.000313802257447,-0.000634182202667
0.773377,0.00185458748784,0.000576,-0.00031389876996,-0.000633846512513
0.773524,0.0018502990045,0.000528,-0.000313982402776,-0.000633469828644
0.77367,0.00184590861124,0.000465,-0.000314048872618,-0.000633054532237
0.773817,0.00184152438274,0.000452,-0.00031413677411,-0.00063261909208
0.773964,0.00183716158113,0.000492,-0.00031428039293,-0.000632188229742
0.774111,0.00183278935609,0.000528,-0.000314462551142,-0.000631781792071
0.774259,0.00182838157026,0.000551,-0.000314603957115,-0.000631398598044
0.774407,0.00182397553462,0.00056,-0.000314601814826,-0.00063102256172
0.774556,0.00181956589837,0.000552,-0.000314421837769,-0.000630638790244
0.774702,0.00181533804176,0.000524,-0.00031410461638,-0.000630253483318
0.774842,0.00181130080598,0.00048,-0.000313703585691,-0.000629885302708
0.77498,0.00180752332624,0.000442,-0.000313216446938,-0.000629519343927
0.775111,0.00180409205737,0.00038,-0.000312716059974,-0.000629151873767
0.775259,0.00180048235216,0.000432,-0.000311929281854,-0.000628741735738
0.775407,0.00179689887416,0.000431,-0.000311158798144,-0.000628432353881
0.775554,0.00179325662455,0.000451,-0.00031045209493,-0.000628330016619
0.775694,0.00178961285499,0.00042,-0.000309815850604,-0.000628421122754
0.775832,0.00178619101973,0.000372,-0.000309187636429,-0.000628578335841
0.775975,0.00178298083953,0.000381,-0.000308556666715,-0.000628686859219
0.776123,0.00177972353299,0.000408,-0.000307981358237,-0.000628709309424
0.776271,0.00177660306197,0.000421,-0.000307481344739,-0.000628719286973
0.776418,0.00177368336131,0.000457,-0.000307048129316,-0.000628809076055
0.776567,0.00177070301407,0.000497,-0.000306671002696,-0.000629011043205
0.776715,0.00176780864128,0.000493,-0.000306352229387,-0.000629295156628
0.776863,0.00176494269883,0.000483,-0.000306100572763,-0.000629621440726
0.77701,0.00176228198867,0.000478,-0.0003059161089,-0.000629964932075
0.777158,0.00175965787821,0.000475,-0.00030580106443,-0.000630313162992
0.777306,0.00175723302853,0.000471,-0.000305746791284,-0.000630652457023
0.777454,0.00175494478698,0.000471,-0.0003057229097,-0.000630972899009
0.777601,0.00175267030476,0.000474,-0.000305683828902,-0.000631274524638
0.777749,0.00175050409242,0.000482,-0.000305579602245,-0.000631558607662
0.777896,0.00174842307018,0.000479,-0.000305408027082,-0.000631802865493
0.778042,0.00174645922358,0.000473,-0.000305199471289,-0.00063198876928
0.778189,0.00174465792765,0.000477,-0.000304990850303,-0.000632111428227
0.778337,0.00174294968031,0.000474,-0.000304821297729,-0.000632185752456
0.778487,0.00174147396417,0.00047,-0.000304697366686,-0.000632240249924
0.778632,0.00174004894799,0.00047,-0.000304614733208,-0.000632291026352
0.77878,0.0017385922573,0.000474,-0.000304556013732,-0.000632343035923
0.778926,0.00173724125996,0.000464,-0.00030452773955,-0.00063238265866
0.779073,0.00173596542524,0.000447,-0.00030452991453,-0.00063240246886
0.77922,0.00173472393881,0.000439,-0.000304547314112,-0.000632403706971
0.779365,0.00173357639906,0.000451,-0.000304542964259,-0.000632388849431
0.779506,0.00173239886466,0.000467,-0.000304492938914,-0.000632360371254
0.779646,0.00173151870847,0.00049,-0.000304364595889,-0.000632314555156
0.779775,0.00173051279243,0.000459,-0.000304214468512,-0.000632253873371
0.77991,0.00172979418784,0.000489,-0.000304003362801,-0.000632169649804
0.780035,0.00172904186934,0.000474,-0.000303759528861,-0.000632074262002
0.780165,0.00172857680944,0.000509,-0.000303424111829,-0.000631965225259
0.780292,0.00172795177871,0.000495,-0.000303053650679,-0.000631861122722
0.780419,0.00172723668246,0.000484,-0.000302676441088,-0.000631770635197
0.780547,0.00172648262015,0.000479,-0.000302325205056,-0.000631695009874
0.780684,0.00172569290145,0.000483,-0.000302008716524,-0.000631644173363
0.780829,0.00172481453519,0.000465,-0.000301805648486,-0.000631639213429
0.780976,0.00172398818419,0.000443,-0.000301727024954,-0.000631671452128
0.781109,0.0017231246549,0.000409,-0.000301670235546,-0.000631699969259
0.781232,0.00172245940612,0.000445,-0.000301580673225,-0.000631661532748
0.781337,0.00172166085343,0.000427,-0.000301587226972,-0.000631537524028
0.781441,0.00172103192157,0.000449,-0.00030146050982,-0.000631324157663
0.781564,0.00172073593601,0.000514,-0.000301053979119,-0.000630969174108
0.781699,0.0017203375133,0.000545,-0.000300397763844,-0.000630550568492
0.781843,0.00171997893952,0.000578,-0.000299964309293,-0.000630173899443
0.781988,0.00171958160059,0.000595,-0.000299859187156,-0.000629966176184
0.782134,0.00171897091041,0.000616,-0.000299984017858,-0.000629936316717
0.782281,0.00171837966757,0.000644,-0.000300137286909,-0.000629948758376
0.782413,0.00171774436528,0.000613,-0.000300207341083,-0.000629824327987
0.782545,0.00171774218868,0.000644,-0.000300286143274,-0.000629469533123
0.78268,0.0017178308967,0.000654,-0.000300345238834,-0.000628925030024
0.782825,0.00171821590575,0.000682,-0.00030046122607,-0.000628275095404
0.782963,0.00171833281108,0.000602,-0.000300642826109,-0.000627731803245
0.783084,0.00171861318701,0.000511,-0.000300745638032,-0.000627313007964
0.783194,0.00171875821391,0.000445,-0.000300990573047,-0.000626940176347
0.783295,0.00171888408176,0.000415,-0.000301185145033,-0.000626568322598
0.783402,0.00171926917007,0.000468,-0.000301189516787,-0.00062613352127
0.783513,0.00171951594474,0.000509,-0.000300957774447,-0.000625682036058
0.783635,0.00172021138378,0.000589,-0.000300616573727,-0.000625203776032
0.783765,0.00172088897875,0.000703,-0.000300351804686,-0.000624781629005
0.783894,0.00172134815121,0.000764,-0.000300327729582,-0.00062445975736
0.784024,0.00172194446618,0.000816,-0.000300472167225,-0.000624210669752
0.784157,0.00172207104941,0.000799,-0.000300699702741,-0.000623980343737
0.784298,0.00172249753022,0.000694,-0.000301045233811,-0.000623717166009
0.784419,0.00172292091174,0.000563,-0.000301440844663,-0.000623463933424
0.784524,0.00172357858015,0.000466,-0.00030206547721,-0.000623208052992
0.784623,0.0017243533642,0.000444,-0.000302759314615,-0.000622938167602
0.784736,0.00172570420772,0.000523,-0.000303247623597,-0.000622625223947
0.784856,0.00172651319855,0.000599,-0.000303254161029,-0.000622346188452
0.784993,0.00172770367982,0.000688,-0.000303271593869,-0.00062207584528
0.785123,0.00172867453983,0.000628,-0.000303496001082,-0.000621895115331
0.785263,0.00172938180195,0.000734,-0.000304001186106,-0.000621777543228
0.785396,0.00172987364261,0.00071,-0.000304636479851,-0.000621730759679
0.785524,0.00173073867375,0.000651,-0.000305318964353,-0.000621690294763
0.785647,0.00173146570398,0.000633,-0.000305981219619,-0.000621632120813
0.785764,0.00173246867085,0.000606,-0.000306616800303,-0.000621547377298
0.785869,0.00173360036027,0.000552,-0.000307305926426,-0.000621414541922
0.785958,0.00173436549675,0.00047,-0.00030803977688,-0.000621222185502
0.786073,0.00173569757964,0.000619,-0.000308656105754,-0.00062088158714
0.78619,0.00173728174624,0.000629,-0.000309021308644,-0.000620468512019
0.78632,0.001738531798,0.00071,-0.000309064514663,-0.000619987859368
0.786453,0.00174019278457,0.000721,-0.000309269704951,-0.000619551201641
0.78658,0.00174126653265,0.000678,-0.000309753271677,-0.000619208214137
0.786706,0.00174256543382,0.000656,-0.000310620220515,-0.000618914586205
0.786836,0.00174411423401,0.000644,-0.000311815272181,-0.000618590255253
0.786952,0.00174514897331,0.000561,-0.000313021061745,-0.000618224977415
0.787059,0.0017463748186,0.000607,-0.00031432325819,-0.000617776614271
0.787159,0.00174769290277,0.000568,-0.000315539475384,-0.000617264081639
0.787275,0.00174916115842,0.000489,-0.00031644803848,-0.000616659091448
0.787392,0.00175088512386,0.00058,-0.000317003251022,-0.000616070006843
0.787513,0.00175284250628,0.000729,-0.00031733402155,-0.000615516083773
0.787629,0.00175426126934,0.000817,-0.000317604916729,-0.000615010249898
0.78775,0.00175578647021,0.000933,-0.000317965227261,-0.000614460309738
0.787872,0.00175693769094,0.000987,-0.000318523427201,-0.000613810903384
0.787987,0.00175805931085,0.00093,-0.000319361970778,-0.000613064226066
0.788095,0.00175909406927,0.000856,-0.000320622038439,-0.000612187648453
0.788209,0.00176035806202,0.000879,-0.000322237688966,-0.000611136618001
0.78832,0.00176174013457,0.000847,-0.000323897973203,-0.000610042039869
0.788432,0.00176358323584,0.000801,-0.000325345449532,-0.000609004762695
0.788544,0.00176539708214,0.000744,-0.000326434229602,-0.000608113447118
0.788659,0.00176705005655,0.000756,-0.000327140864982,-0.000607407866337
0.788776,0.00176881898075,0.000798,-0.000327575824506,-0.000606865356098
0.788896,0.00177041126712,0.000809,-0.000327943319151,-0.000606400451759
0.789018,0.00177217000165,0.000829,-0.000328432292716,-0.00060592730469
0.789141,0.00177369612155,0.000862,-0.000329122111473,-0.000605393680322
0.789255,0.00177499571572,0.000778,-0.000329880283817,-0.000604850357758
0.789352,0.00177597723139,0.000607,-0.000330503756817,-0.000604345706455
0.78944,0.00177672377756,0.000487,-0.000330988734521,-0.000603847109323
0.789526,0.00177748540856,0.000457,-0.000331404442203,-0.000603332305094
0.789612,0.00177806614388,0.00048,-0.000331782318959,-0.000602795998416
0.789697,0.00177861542818,0.000515,-0.00033213703214,-0.000602240750022
0.789783,0.0017790945494,0.000557,-0.000332472789083,-0.000601675703465
0.78987,0.00177963357909,0.000596,-0.000332781283179,-0.000601112673665
0.789957,0.00178031807396,0.00063,-0.000333075050962,-0.000600571432193
0.790044,0.00178083244219,0.000653,-0.000333364522616,-0.000600067874594
0.790131,0.00178138946264,0.000662,-0.000333649703761,-0.00059961267141
0.790218,0.00178187193162,0.000662,-0.000333936840697,-0.000599208592368
0.790306,0.00178222995687,0.000652,-0.000334215534058,-0.000598847825452
0.790393,0.00178257350335,0.000634,-0.000334471244933,-0.000598517233365
0.790481,0.00178285462524,0.000612,-0.000334693611162,-0.000598203638156
0.790567,0.00178331848756,0.000585,-0.00033487228052,-0.000597891178422
0.790654,0.00178405901435,0.000559,-0.000334998981463,-0.000597569254904
0.790739,0.00178451801045,0.000532,-0.000335071667619,-0.000597231219989
0.790825,0.00178535682025,0.000505,-0.000335086203878,-0.000596875715558
0.790909,0.00178615883523,0.00048,-0.000335046747563,-0.000596508017709
0.790994,0.00178706288485,0.000456,-0.000334959519872,-0.000596134745182
0.791077,0.00178791779514,0.000433,-0.000334830733871,-0.00059576785446
0.79116,0.00178854887343,0.000411,-0.000334668676665,-0.000595416674098
0.791242,0.00178910819272,0.000414,-0.000334483716072,-0.000595087893674
0.791324,0.00178958501137,0.000425,-0.000334282070104,-0.000594784220301
0.79142,0.00179013586939,0.000507,-0.000334076202246,-0.000594463040268
0.791515,0.00179059876953,0.000498,-0.000333928519664,-0.000594191015736
0.791613,0.00179128546297,0.000526,-0.000333803691438,-0.000593926856525
0.791707,0.00179204549079,0.000511,-0.000333687163565,-0.000593673244914
0.791805,0.00179297731808,0.000534,-0.000333528985334,-0.000593399473381
0.791899,0.00179394308202,0.000513,-0.000333324962114,-0.0005931228855
0.791997,0.0017945593251,0.000524,-0.000333047971515,-0.000592826092509
0.792091,0.00179526905808,0.000497,-0.000332725014707,-0.0005925331453
0.792188,0.00179583207963,0.0005,-0.000332347682425,-0.000592223968516
0.792281,0.00179618081079,0.000473,-0.00033196387268,-0.000591926665542
0.792378,0.0017967003982,0.000483,-0.00033156313527,-0.000591621151683
0.792471,0.00179681508494,0.000458,-0.000331195576879,-0.000591335576452
0.792567,0.00179706675211,0.000475,-0.000330840352771,-0.000591055212872
0.792661,0.00179748485494,0.000457,-0.000330533032901,-0.000590808261489
0.792758,0.00179803458813,0.00047,-0.000330248581236,-0.000590571938294
0.792853,0.00179834413074,0.000442,-0.000330003770233,-0.00059036372457
0.792951,0.00179876848948,0.000445,-0.00032977352256,-0.000590166181012
0.793046,0.00179918419999,0.00041,-0.000329564136247,-0.000589988731586
0.793146,0.00179972318381,0.000442,-0.000329352588129,-0.000589817947099
0.793242,0.00180019882464,0.000443,-0.00032914725832,-0.000589675360024
0.793343,0.00180084179004,0.000476,-0.000328927190691,-0.000589560993357
0.793441,0.00180135989243,0.000473,-0.000328709146094,-0.000589496398822
0.793543,0.00180199475628,0.000504,-0.000328478443064,-0.0005894923614
0.793642,0.00180235902428,0.000499,-0.000328264445888,-0.000589546191144
0.793746,0.00180217888269,0.000526,-0.00032805457693,-0.000589645761629
0.793846,0.00180169663009,0.000514,-0.000327884533839,-0.00058976010984
0.79395,0.00180138556213,0.000531,-0.000327750147628,-0.000589870398639
0.794051,0.00180100354395,0.000544,-0.000327682944199,-0.000589947049159
0.794156,0.00180089514761,0.000605,-0.000327685044411,-0.000589982008838
0.794258,0.0018008759978,0.000623,-0.00032776694741,-0.000589957806231
0.794363,0.0018008538469,0.000687,-0.000327909728189,-0.000589866364092
0.794465,0.00180057246085,0.000693,-0.000328073467886,-0.000589713028298
0.794571,0.00180038116448,0.000733,-0.000328220378976,-0.000589504473574
0.794673,0.00180007428726,0.000697,-0.000328312706251,-0.000589279679966
0.794778,0.00179979415374,0.000684,-0.000328350472754,-0.000589052096257
0.79488,0.00179938732256,0.000596,-0.000328354668898,-0.000588860795841
0.794985,0.00179917486729,0.000535,-0.000328363061105,-0.000588697731367
0.795087,0.00179898579055,0.000482,-0.00032840502053,-0.000588566973719
0.795191,0.00179894436581,0.000599,-0.000328478443064,-0.000588440229086
0.795292,0.00179868834343,0.000666,-0.000328560247062,-0.000588316151555
0.795397,0.00179856292257,0.000767,-0.000328621069062,-0.000588182600631
0.795497,0.00179850629492,0.000797,-0.000328644137999,-0.000588053064309
0.795602,0.00179858245109,0.000865,-0.000328621069062,-0.00058792619574
0.795702,0.00179863125686,0.000851,-0.000328566539255,-0.00058781414805
0.795806,0.0017988456551,0.000877,-0.000328472150026,-0.000587710178851
0.795905,0.00179895059288,0.000823,-0.000328350472754,-0.000587618344809
0.796007,0.00179927194364,0.000806,-0.000328184703594,-0.00058752784559
0.796104,0.00179942736039,0.000716,-0.000327985305435,-0.000587441384038
0.796203,0.00179939356571,0.000663,-0.00032773754751,-0.000587356259572
0.796296,0.00179914496658,0.00055,-0.000327458182738,-0.000587279230333
0.79639,0.00179902296681,0.000468,-0.000327126151166,-0.00058720894821
0.79648,0.00179877147591,0.000367,-0.000326766611201,-0.000587150823212
0.79657,0.00179861573748,0.000382,-0.000326362682447,-0.000587100803542
0.796656,0.00179840675731,0.000368,-0.000325954293644,-0.000587064299701
0.796744,0.0017983147246,0.000378,-0.000325526687014,-0.000587038610296
0.796829,0.00179811403079,0.000362,-0.000325124103439,-0.000587030497592
0.796915,0.00179817394853,0.000369,-0.00032472127319,-0.000587041314503
0.797003,0.00179839944199,0.000371,-0.000324339305684,-0.000587077819937
0.797093,0.00179862164758,0.000368,-0.00032398034958,-0.000587148119568
0.797186,0.00179885126754,0.000372,-0.000323625424009,-0.000587249496734
0.797272,0.00179894756026,0.000338,-0.00032330625012,-0.000587364367257
0.797361,0.00179915831649,0.00034,-0.00032296788369,-0.000587485967549
0.797453,0.0017994605287,0.000341,-0.000322603945762,-0.000587594033115
0.797539,0.00179950354337,0.000318,-0.000322267335818,-0.000587657511287
0.797627,0.00179967332867,0.000304,-0.000321926316466,-0.000587672366775
0.797719,0.00180006493321,0.000301,-0.000321589360105,-0.000587629149646
0.797803,0.00180027004554,0.000265,-0.000321305250496,-0.000587544055549
0.797891,0.00180085670528,0.000262,-0.000321033747843,-0.00058741976643
0.797982,0.00180169514624,0.000262,-0.00032076425579,-0.000587272472844
0.798067,0.00180237157068,0.000251,-0.00032051800932,-0.000587122434253
0.798155,0.00180333363468,0.000266,-0.000320258926761,-0.000586958829943
0.798246,0.00180439652351,0.000275,-0.000319972118435,-0.00058678300005
0.798331,0.00180503200994,0.000251,-0.000319693688936,-0.000586609817853
0.798419,0.00180552474098,0.000248,-0.000319396000825,-0.000586418980904
0.798511,0.00180601810603,0.000232,-0.000319074772422,-0.000586213178504
0.798596,0.0018062419564,0.000199,-0.000318783191544,-0.000586014069427
0.798685,0.00180662093754,0.000205,-0.000318493611645,-0.000585797266529
0.798778,0.00180709340501,0.00021,-0.000318203904779,-0.000585561392116
0.798863,0.00180747471109,0.000198,-0.00031795670147,-0.000585326768636
0.798953,0.00180808539347,0.000216,-0.000317713670183,-0.00058505811186
0.799046,0.00180887351708,0.000226,-0.000317464150408,-0.000584756727819
0.799131,0.0018096017397,0.000217,-0.000317240142213,-0.000584461965232
0.799221,0.00181042663673,0.00024,-0.000317005385556,-0.000584135768688
0.799314,0.00181132955071,0.000254,-0.000316755598373,-0.000583790324347
0.799401,0.00181198913883,0.000239,-0.000316537758216,-0.00058346507379
0.799491,0.00181281599218,0.000259,-0.00031632839324,-0.000583112379376
0.799585,0.00181366959661,0.000283,-0.000316142472901,-0.000582726733541
0.79967,0.00181425358099,0.00028,-0.000316012083812,-0.000582344898749
0.79976,0.00181500553662,0.000331,-0.000315915878675,-0.000581893159597
0.799853,0.0018159174679,0.000367,-0.000315843181077,-0.000581391837356
0.799936,0.0018166274124,0.000351,-0.0003157961372,-0.000580911926494
0.800019,0.00181758737038,0.000372,-0.000315742674192,-0.000580402827832
0.80011,0.00181868822904,0.000408,-0.000315672096411,-0.000579843898478
0.800196,0.00181981597844,0.000374,-0.000315592954801,-0.000579331028319
0.800284,0.00182117219252,0.000365,-0.000315490270507,-0.000578830021275
0.80037,0.00182243524,0.000322,-0.000315383290768,-0.000578387643868
0.800454,0.00182367039835,0.000273,-0.000315267733238,-0.000578012295745
0.800538,0.00182503192517,0.000251,-0.000315147874501,-0.000577694486116
0.800617,0.00182624021205,0.000243,-0.000315034416789,-0.000577443956648
0.800696,0.00182753084583,0.000244,-0.000314923080901,-0.00057723738747
0.800771,0.00182872607312,0.000231,-0.000314822434287,-0.000577070696465
0.800845,0.00182996538995,0.000229,-0.000314728198067,-0.000576923248451
0.800919,0.00183131833438,0.000223,-0.000314638232808,-0.000576785409584
0.800993,0.00183260820884,0.000213,-0.000314546112864,-0.000576657187355
0.801068,0.00183408528987,0.000212,-0.000314449694558,-0.000576538588735
0.801144,0.00183561052455,0.000214,-0.000314338260376,-0.000576437897052
0.801223,0.00183725672651,0.000224,-0.000314201084892,-0.000576357881848
0.801302,0.00183877193531,0.000231,-0.000314040296239,-0.000576310970785
0.801391,0.00184064411307,0.000267,-0.000313830140283,-0.000576298552458
0.801475,0.00184224347119,0.000261,-0.00031361133577,-0.000576323388822
0.80156,0.00184399013222,0.000258,-0.000313379581694,-0.000576367539494
0.801647,0.00184587468732,0.000255,-0.000313137011549,-0.00057640892742
0.801736,0.00184785254823,0.000267,-0.00031289435268,-0.000576436517582
0.80182,0.00184970263662,0.000262,-0.000312666645084,-0.000576436517582
0.801901,0.00185153078642,0.000263,-0.000312438859334,-0.000576403409216
0.801986,0.00185354863708,0.000277,-0.000312191644847,-0.000576338566029
0.802071,0.00185563805772,0.000292,-0.000311929281854,-0.000576248876251
0.802159,0.00185778416228,0.000322,-0.000311645296895,-0.000576146749474
0.802247,0.00185989207545,0.000342,-0.000311354732084,-0.000576052885957
0.802336,0.00186205350066,0.000362,-0.000311064040127,-0.000575989380655
0.802427,0.00186426660391,0.000379,-0.000310783994294,-0.000575981096796
0.802518,0.00186650541939,0.000393,-0.000310529696638,-0.000576050125014
0.802611,0.00186871638528,0.000402,-0.0003103098016,-0.000576207475867
0.802705,0.00187100879624,0.000409,-0.000310130813718,-0.000576440655983
0.802799,0.00187328686675,0.000414,-0.000309986294371,-0.000576721991701
0.802895,0.00187556101348,0.000414,-0.000309867635609,-0.000577001800615
0.802991,0.00187792279061,0.000415,-0.000309759745632,-0.000577234632672
0.803089,0.00188035065133,0.000412,-0.000309643204797,-0.000577377863248
0.803188,0.00188282702706,0.000407,-0.000309371196755,-0.000577410910976
0.803288,0.00188534320382,0.000397,-0.000308513427717,-0.000577333796414
0.803389,0.00188799120066,0.000382,-0.000307687023434,-0.000577169890801
0.803491,0.00189055720511,0.000382,-0.000306905106404,-0.000576956324462
0.803595,0.00189321011619,0.000394,-0.000306176513646,-0.000576726127881
0.8037,0.00189587186065,0.000402,-0.000305518795842,-0.000576505486724
0.803806,0.00189853140211,0.000406,-0.000304943032142,-0.000576306831375
0.803914,0.00190124292686,0.000403,-0.000304458136463,-0.000576131566793
0.804023,0.00190381341389,0.000396,-0.000304081719099,-0.000575975574151
0.804134,0.00190619962818,0.000381,-0.000303824850251,-0.000575831965272
0.804246,0.00190855105149,0.000365,-0.000303652823522,-0.000575691080442
0.804359,0.00191096544581,0.000349,-0.000303504714406,-0.0005755363404
0.804474,0.00191334274414,0.000329,-0.000303297742277,-0.000575355292712
0.80459,0.00191600324428,0.000343,-0.000302944652431,-0.000575131316489
0.804706,0.00191868209045,0.000365,-0.000302410304008,-0.000574861590459
0.804823,0.00192149615286,0.000377,-0.000301698630852,-0.000574541891994
0.804938,0.00192398456954,0.00038,-0.00030086811674,-0.000574183213906
0.805055,0.00192673240152,0.000404,-0.000299984017858,-0.000573799341036
0.80517,0.00192953575824,0.000424,-0.000299122870131,-0.000573424902708
0.805286,0.00193246266579,0.000469,-0.000298337451037,-0.000573087683278
0.805401,0.00193523261273,0.0005,-0.000297680767021,-0.000572823865182
0.805518,0.00193812473291,0.000529,-0.000297161993754,-0.00057265161879
0.805635,0.0019409625722,0.000547,-0.000296774850894,-0.000572577980385
0.805751,0.00194394575801,0.000557,-0.000296457931568,-0.000572589096267
0.805868,0.00194683385844,0.000565,-0.000296107826041,-0.000572659954573
0.805984,0.00194986612365,0.000571,-0.000295631918577,-0.000572753028639
0.8061,0.00195268169864,0.000577,-0.000294959345326,-0.000572836364772
0.806216,0.00195498533929,0.000578,-0.000294080679656,-0.000572896080996
0.806331,0.00195688719971,0.000576,-0.000293068130114,-0.00057293773952
0.806447,0.00195881296249,0.000568,-0.00029205405592,-0.000573043259891
0.806564,0.00196094335367,0.000562,-0.000291113900271,-0.000573639890191
0.806685,0.00196328673566,0.000562,-0.000290154656061,-0.000574274637426
0.806807,0.00196591938934,0.000543,-0.000289069423004,-0.000574969497267
0.806931,0.00196888547085,0.000576,-0.000287786244688,-0.000575751858865
0.807055,0.00197213202178,0.000644,-0.000286348690673,-0.000576635124498
0.80718,0.00197540155455,0.000725,-0.00028488344345,-0.000577633929381
0.807305,0.00197890965556,0.000817,-0.000283603515383,-0.000578757232952
0.80743,0.00198264592108,0.000912,-0.000282703205538,-0.000580008350666
0.807556,0.00198635686002,0.000999,-0.000282282951544,-0.000581375437328
0.807684,0.00199033855087,0.001104,-0.000282271711234,-0.000582882115886
0.807807,0.00199401128432,0.001127,-0.000282474008344,-0.000584415766309
0.807928,0.00199760078617,0.001179,-0.000282745890582,-0.000586015424165
0.80804,0.00200067724304,0.001143,-0.000283026646323,-0.000587561615775
0.808152,0.00200342683342,0.001161,-0.000283372377738,-0.000589127519531
0.808264,0.00200617612029,0.001196,-0.000283843545853,-0.000590735764555
0.808375,0.0020090147328,0.001239,-0.000284457816188,-0.00059239664818
0.808487,0.00201181294211,0.001288,-0.00028516107713,-0.00059411765156
0.808599,0.0020148705407,0.001338,-0.00028585242764,-0.000595899486226
0.808712,0.00201799791396,0.001384,-0.00028642242845,-0.000597736203033
0.808824,0.0020213783054,0.001424,-0.000286795463134,-0.000599619271404
0.808937,0.00202424661076,0.00145,-0.000286983019637,-0.000601529742675
0.809051,0.00202673708681,0.001463,-0.000287041062304,-0.000603450244348
0.809165,0.00202901592555,0.001464,-0.000286980787127,-0.000605364961201
0.809278,0.00203130388746,0.00142,-0.000286726232717,-0.000607215385972
0.809392,0.00203354501927,0.00139,-0.000286169899074,-0.000609020317843
0.809505,0.00203571570981,0.001347,-0.000285270755856,-0.000610763404865
0.809619,0.00203792169399,0.001305,-0.000284081249297,-0.000612446529626
0.809735,0.00204013143496,0.001271,-0.000282705452186,-0.000614080519666
0.809851,0.00204257569535,0.001223,-0.000281288588647,-0.000615647902702
0.809968,0.00204522585052,0.001166,-0.000279947720917,-0.000617137782036
0.810088,0.00204806675984,0.001115,-0.000278739805074,-0.00061855844701
0.810207,0.00205099971893,0.001035,-0.000277756085243,-0.00061987365362
0.810328,0.00205382762556,0.000963,-0.000277058706203,-0.000621094329541
0.81045,0.00205628953674,0.000883,-0.000276628148641,-0.000622211034818
0.810573,0.0020581940983,0.000806,-0.000276317525149,-0.000623228225584
0.810697,0.00205993961067,0.000734,-0.000275956843005,-0.000624152783421
0.810821,0.00206151952784,0.000668,-0.000275368908045,-0.000624992746412
0.810946,0.00206294496829,0.000596,-0.000274480369823,-0.000625741002781
0.811069,0.00206449431157,0.000525,-0.000273308277318,-0.000626399207908
0.811191,0.00206587446893,0.000599,-0.000271942474849,-0.000626965207197
0.811313,0.00206705007184,0.000634,-0.000270493890667,-0.000627445559764
0.811435,0.00206817001372,0.00062,-0.000269074324234,-0.000627845505725
0.811556,0.00206917213724,0.00064,-0.000267782714413,-0.000628171477788
0.811678,0.00207007244254,0.000678,-0.000266691095934,-0.000628432353881
0.811798,0.00207085468147,0.000701,-0.000265841881323,-0.000628631976743
0.811918,0.00207139396909,0.000718,-0.000265194484683,-0.000628775407018
0.812036,0.00207172458615,0.000721,-0.000264701040196,-0.00062887391381
0.812156,0.00207178411669,0.000732,-0.000264288027112,-0.000628928770032
0.812274,0.00207174264715,0.000731,-0.000263884003491,-0.000628927523366
0.812392,0.0020713963468,0.000725,-0.0002634289043,-0.000628837755318
0.81251,0.00207091743057,0.00067,-0.000262918003164,-0.000628645697921
0.812628,0.0020703505412,0.000474,-0.000262383578812,-0.000628371203616
0.812746,0.00206960350154,0.000422,-0.000261862636679,-0.000628036618265
0.812863,0.00206888136452,0.00044,-0.000261376068434,-0.000627663069578
0.81298,0.00206787796843,0.000457,-0.000260912350571,-0.000627271734754
0.813097,0.00206672404012,0.000469,-0.000260457604307,-0.000626888859237
0.813213,0.00206542208329,0.000466,-0.000259990945794,-0.000626534504174
0.813329,0.00206418854669,0.000446,-0.000259505378878,-0.000626218756684
0.813445,0.00206285290703,0.000476,-0.000259003189766,-0.00062595046739
0.813561,0.00206159625315,0.00052,-0.00025849830766,-0.000625733475496
0.813676,0.0020602195006,0.000563,-0.00025799771464,-0.000625567846954
0.81379,0.0020590273551,0.000605,-0.00025750608213,-0.000625454887385
0.813905,0.00205771286678,0.00064,-0.000257016432206,-0.00062538961039
0.814019,0.00205652352633,0.00067,-0.000256524101162,-0.000625338136066
0.814133,0.00205529032187,0.00069,-0.000256024411979,-0.000625279122489
0.814246,0.00205424735436,0.00071,-0.000255519686635,-0.000625182425835
0.814359,0.00205309837934,0.000714,-0.0002550192715,-0.000625026667805
0.814472,0.00205204566923,0.000697,-0.000254546585026,-0.000624808023483
0.814585,0.00205111391509,0.000681,-0.000254115738237,-0.000624525154055
0.814697,0.00205020362984,0.000659,-0.000253743214527,-0.000624174176964
0.814809,0.00204940095277,0.000635,-0.000253436141971,-0.000623749913247
0.814921,0.00204846184747,0.00061,-0.000253192262289,-0.000623252179498
0.815033,0.00204748037478,0.000583,-0.000253013988261,-0.000622683284494
0.815144,0.00204632830089,0.000555,-0.000252899024124,-0.000622045517462
0.815254,0.00204512329118,0.00055,-0.000252823935215,-0.000621350009379
0.815364,0.00204384701835,0.000567,-0.00025272771567,-0.000620632008155
0.815474,0.00204260266295,0.000473,-0.000252568102602,-0.000620096965415
0.815583,0.00204141533079,0.000446,-0.000252328614122,-0.000619751805964
0.815692,0.00204022309192,0.000421,-0.000252011516919,-0.000619502943263
0.8158,0.0020389657074,0.000439,-0.000251633159618,-0.000619311134595
0.815907,0.00203775190938,0.000457,-0.000251219315568,-0.000619173902705
0.816014,0.0020364951337,0.000473,-0.000250821698965,-0.000619091291649
0.816121,0.00203525002926,0.000478,-0.000250508621625,-0.000619069683474
0.816227,0.00203398859282,0.000473,-0.000250308460679,-0.000619120524782
0.816332,0.00203263374955,0.000464,-0.000250214247338,-0.0006192501472
0.816438,0.00203132669188,0.00045,-0.000250202469772,-0.000619459760845
0.816543,0.00202996282524,0.000467,-0.000250242512682,-0.000619727686831
0.816648,0.00202865939408,0.000473,-0.000250308460679,-0.00062002465355
0.816753,0.00202735337001,0.000466,-0.000250395596649,-0.000620323983402
0.816857,0.00202607047963,0.000451,-0.0002505133306,-0.000620590188554
0.816962,0.00202473169377,0.000461,-0.000250680478536,-0.000620787850991
0.817066,0.00202341301312,0.000474,-0.000250918183081,-0.000620885386891
0.81717,0.00202206024583,0.000485,-0.00025123342795,-0.000620885386891
0.817274,0.00202064412512,0.000495,-0.000251630808928,-0.000620806852955
0.817378,0.00201914504876,0.000507,-0.000252098439457,-0.000620678892719
0.817482,0.00201748446575,0.000524,-0.000252622093486,-0.000620529353917
0.817596,0.00201577150136,0.000596,-0.000253246204607,-0.000620364556975
0.817717,0.00201374610887,0.000649,-0.000253954101597,-0.000620217462408
0.817844,0.00201162286534,0.000704,-0.000254757227758,-0.000620086817
0.817972,0.0020093998008,0.000727,-0.000255629542466,-0.000619939642282
0.818098,0.00200711343463,0.000733,-0.00025654977637,-0.000619767038513
0.818219,0.00200474817468,0.0007,-0.000257452470714,-0.000619584217901
0.818344,0.00200239160948,0.000716,-0.0002584005459,-0.000619392439787
0.818464,0.00199989044266,0.000675,-0.000259324074947,-0.000619222192207
0.818588,0.00199742051405,0.000686,-0.000260302086541,-0.000619074767833
0.818707,0.00199485421833,0.000651,-0.000261274077262,-0.000618964171604
0.818833,0.00199211010715,0.000683,-0.000262341917935,-0.00061888279816
0.818958,0.00198919392702,0.000688,-0.000263465877901,-0.000618831933171
0.819083,0.00198621676896,0.000733,-0.000264629530546,-0.000618774704
0.819207,0.00198312441066,0.000772,-0.000265802732306,-0.000618679307794
0.819331,0.00198008746153,0.000785,-0.000266957840908,-0.000618519002038
0.819454,0.00197701327998,0.000792,-0.000268085761371,-0.000618297544675
0.819577,0.0019740913312,0.000798,-0.000269214121769,-0.000618036509023
0.8197,0.00197123502566,0.000787,-0.000270381806126,-0.00061775877351
0.819822,0.0019684644681,0.000878,-0.000271631995781,-0.000617466861197
0.819945,0.00196562438535,0.000929,-0.000272989302308,-0.000617155644479
0.82007,0.00196290694007,0.000944,-0.000274455355849,-0.000616828918309
0.820193,0.00196020363249,0.000891,-0.000275915999042,-0.000616503260836
0.820315,0.00195748414585,0.000846,-0.000277359934726,-0.000616168447759
0.820438,0.00195485976135,0.000816,-0.000278843747562,-0.000615820623725
0.820559,0.00195215995217,0.00077,-0.000280351386261,-0.00061550584399
0.820679,0.001949554096,0.000755,-0.000281828694847,-0.000615228011767
0.8208,0.00194708549422,0.000777,-0.00028310074646,-0.000614983343479
0.820919,0.00194433487709,0.000782,-0.00028387045986,-0.000614779577609
0.821037,0.00194121479182,0.000806,-0.000283848031595,-0.000614634713617
0.821158,0.00193807796573,0.000856,-0.000282640296368,-0.000614601376285
0.821277,0.00193495167582,0.000988,-0.000280416762003,-0.000614711637648
0.821395,0.00193178075471,0.00124,-0.000277615761124,-0.000614948747437
0.821515,0.00192862509475,0.001284,-0.000274703181142,-0.000615270272466
0.821632,0.00192557195602,0.001068,-0.00027227106386,-0.000615604393408
0.821752,0.00192244594159,0.000875,-0.000270548782524,-0.000615916554684
0.821871,0.00191939262853,0.000925,-0.000269798212722,-0.000616197848517
0.821989,0.00191646616091,0.000966,-0.000270033998546,-0.000616455991352
0.822107,0.00191373443035,0.000998,-0.00027120714176,-0.000616701234198
0.822225,0.00191105184463,0.00096,-0.000273292332103,-0.000616923384038
0.822343,0.00190841725069,0.001227,-0.000276081628851,-0.000617108435238
0.82246,0.0019056617621,0.001405,-0.000279261616889,-0.00061725004989
0.82258,0.00190287848353,0.001526,-0.000282698712219,-0.000617359742394
0.822702,0.00190001012474,0.001534,-0.000286136370391,-0.000617446459346
0.822827,0.00189697160214,0.001453,-0.000289376489598,-0.000617542085989
0.822957,0.00189402143808,0.001317,-0.000292299965157,-0.00061765936358
0.823089,0.0018913051328,0.001078,-0.000294683506092,-0.000617835229532
0.82322,0.00188879321233,0.000774,-0.000296389686316,-0.000618046698281
0.82335,0.00188642155277,0.000647,-0.000297236756998,-0.000618279722092
0.823481,0.00188388427254,0.00069,-0.000297102617012,-0.000618520274504
0.823611,0.00188122668085,0.000686,-0.000296013112067,-0.000618753082422
0.82374,0.0018784833413,0.000873,-0.000294087307058,-0.000618988326848
0.823869,0.00187578911805,0.001147,-0.000291548663471,-0.000619270477141
0.823998,0.00187313127324,0.001261,-0.000288746630106,-0.000619622310931
0.824127,0.00187046370335,0.001185,-0.000286102840047,-0.000620020847379
0.824256,0.00186784169169,0.00093,-0.000284020710103,-0.000620427946719
0.824391,0.0018651596517,0.000558,-0.000282768355317,-0.000620846121436
0.82452,0.00186243023875,0.000516,-0.000282611086557,-0.00062125889069
0.824646,0.00185975227858,0.000496,-0.000283540689644,-0.000621654885324
0.82478,0.00185708021366,0.000894,-0.00028554375637,-0.000622083426953
0.824899,0.00185455947712,0.001018,-0.000287817461953,-0.000622471205176
0.825031,0.0018522061691,0.001172,-0.000290425691945,-0.000622881397769
0.825169,0.00184979905247,0.00113,-0.000292930942998,-0.000623393358583
0.82531,0.00184759355827,0.00103,-0.000295206401218,-0.000624053354544
0.825448,0.00184572946929,0.000882,-0.000297148799376,-0.0006248205918
0.825586,0.00184389174447,0.000768,-0.000298835574877,-0.000625687054769
0.825726,0.0018422883964,0.000748,-0.00030029708729,-0.000626624681621
0.825861,0.00184061831659,0.000756,-0.000301528240938,-0.000627570576825
0.826,0.00183838194065,0.000766,-0.000302593557289,-0.000628527184565
0.826141,0.00183618660697,0.000755,-0.000303424111829,-0.00062946828779
0.826278,0.00183416461274,0.000814,-0.000303970711631,-0.000630350459206
0.826419,0.00183215319748,0.000912,-0.000304253635429,-0.00063125094724
0.826555,0.00183018499087,0.00092,-0.000304297151532,-0.000632134965419
0.826691,0.00182828992644,0.000935,-0.000304168770872,-0.000633035984228
0.82683,0.00182653951979,0.000993,-0.00030393152812,-0.00063398970189
0.826965,0.00182497780056,0.000995,-0.000303670245966,-0.000634946542187
0.827099,0.00182367431804,0.001021,-0.00030345025427,-0.000635902793594
0.827238,0.00182271671204,0.001091,-0.000303395789697,-0.000636870725996
0.827373,0.00182153573802,0.001082,-0.000303600553465,-0.000637814747278
0.827513,0.00182029641025,0.00113,-0.000304079542659,-0.000638843786666
0.827647,0.00181897887307,0.001068,-0.000304710413142,-0.000639919505716
0.827787,0.00181762292859,0.00106,-0.00030539716641,-0.000641095140815
0.827926,0.00181620976897,0.000952,-0.000305970368274,-0.00064223402236
0.828065,0.0018146121169,0.00085,-0.00030649537095,-0.000643261280469
0.828205,0.00181265058001,0.000761,-0.000306783729559,-0.000644182433778
0.828345,0.00181030167163,0.000711,-0.000306291493379,-0.000645041527383
0.828486,0.00180797210052,0.000825,-0.000304499464171,-0.00064588347257
0.828628,0.00180559585409,0.001345,-0.000301567565538,-0.000646733619281
0.828771,0.00180314753343,0.001498,-0.000298286959695,-0.00064756189425
0.828915,0.00180117848741,0.001256,-0.000295523911179,-0.000648344418914
0.829065,0.00179944423799,0.000741,-0.000293888456601,-0.000649093380865
0.829216,0.00179819315804,0.000641,-0.000293793429527,-0.000649771861098
0.829368,0.00179698814493,0.000671,-0.000295001262987,-0.000650383729743
0.829518,0.00179517226985,0.000831,-0.000296832056505,-0.000650941161855
0.829665,0.00179295896082,0.000904,-0.00029881802614,-0.000651444340097
0.829802,0.0017905434817,0.000731,-0.00030041964805,-0.000651879140769
0.82994,0.00178832104035,0.000649,-0.000301307543369,-0.000652260021345
0.830078,0.00178637762164,0.000705,-0.000301429919327,-0.000652532408807
0.830219,0.00178513803971,0.000769,-0.000301119565288,-0.00065277255604
0.830361,0.00178443552746,0.000793,-0.000300986199993,-0.000653043473028
0.830502,0.00178288065128,0.000796,-0.000301224489796,-0.000653375974742
0.830643,0.00178013303099,0.000785,-0.000301303172385,-0.000653753330086
0.830783,0.00177690235813,0.000761,-0.000300708452563,-0.000654118543829
0.830916,0.00177388778193,0.000712,-0.000299488938332,-0.000654423076923
0.831054,0.00177115684867,0.000778,-0.000297781837169,-0.000654676513493
0.831193,0.00176870184505,0.00097,-0.00029593160331,-0.000654891950466
0.831333,0.00176668871493,0.001192,-0.000294473792595,-0.000655096646644
0.831477,0.00176601008202,0.001019,-0.000293709440945,-0.000655313082406
0.831608,0.0017656302148,0.000663,-0.000293512689822,-0.000655519967536
0.831751,0.00176476157433,0.000731,-0.000293640916181,-0.000655757482644
0.831879,0.0017622283753,0.000665,-0.000294195545387,-0.000655950010261
0.832018,0.0017587176402,0.000725,-0.00029533430521,-0.00065615308658
0.832159,0.00175567413492,0.000724,-0.00029647554212,-0.000656336019616
0.832298,0.00175307369957,0.000694,-0.000296893657098,-0.000656516525521
0.832438,0.00175085528295,0.000668,-0.000296460132912,-0.000656732337755
0.832579,0.00174911404997,0.000645,-0.000295545954915,-0.000656992837234
0.832718,0.00174876381691,0.000603,-0.000294798268955,-0.00065727439856
0.832858,0.00174911507033,0.00058,-0.000294767373187,-0.000657545204902
0.833,0.00174979041929,0.000569,-0.000295195373872,-0.0006577746847
0.833139,0.00174961883197,0.000544,-0.000295883133956,-0.000657931140206
0.833278,0.00174770891627,0.000532,-0.000296744045854,-0.000658014641162
0.833417,0.00174564370622,0.000513,-0.000297161993754,-0.000658026400719
0.833558,0.00174385990119,0.000502,-0.000296990446616,-0.000657968776197
0.833689,0.00174199857348,0.000437,-0.000296526169887,-0.000657869975567
0.833826,0.00174059210502,0.000529,-0.000296127648207,-0.00065770408695
0.833952,0.00173942749402,0.000648,-0.000296074787799,-0.000657501650477
0.83409,0.00173986514735,0.000697,-0.000296567989947,-0.000657249665326
0.834227,0.00174069693674,0.000694,-0.000298093740335,-0.00065694923382
0.834363,0.00174113499753,0.00098,-0.000300242365424,-0.000656625033129
0.8345,0.00174019367268,0.001077,-0.000302595738573,-0.000656293538008
0.834636,0.00173766163664,0.000945,-0.000304653876656,-0.000655953553008
0.834772,0.00173519359916,0.00058,-0.000305913938434,-0.000655597970211
0.834908,0.00173296240292,0.000575,-0.000306382595317,-0.000655223208067
0.835036,0.00173099013253,0.000586,-0.000306428141619,-0.00065483869185
0.835143,0.0017290755855,0.000512,-0.000306415128707,-0.000654494147057
0.835258,0.00172753820855,0.000545,-0.000306471516157,-0.000654097207611
0.835385,0.00172624267272,0.000623,-0.000306601622843,-0.000653650120046
0.83552,0.00172607570886,0.000709,-0.000306924611335,-0.000653194314074
0.835657,0.00172635264944,0.000733,-0.000307736809782,-0.000652758293131
0.835797,0.001726512487,0.0007,-0.000308822524822,-0.000652412291372
0.835938,0.00172513461403,0.000632,-0.000310020809309,-0.000652158878583
0.836076,0.00172271187638,0.000636,-0.000310807695051,-0.000651955340381
0.836216,0.00172033430299,0.0008,-0.00031069349272,-0.000651738616916
0.836357,0.0017181898627,0.000708,-0.000309800745885,-0.0006514693664
0.8365,0.00171637894424,0.000707,-0.000308636651459,-0.000651112920051
0.836644,0.00171465177902,0.000677,-0.000307676199823,-0.000650694154892
0.836789,0.001713281177,0.000714,-0.000307145627344,-0.000650235612205
0.83693,0.00171252236694,0.000692,-0.00030708929689,-0.000649790993445
0.837067,0.00171213175366,0.000652,-0.000307444532379,-0.000649361533508
0.837203,0.00171160903808,0.000669,-0.000308044103984,-0.000648938887788
0.837344,0.00171087908809,0.00071,-0.000308863582867,-0.000648472721513
0.837481,0.00170886169645,0.00074,-0.000309899999189,-0.000647995315802
0.837619,0.00170692336847,0.00081,-0.000311309521688,-0.000647489820719
0.837765,0.00170530413305,0.000891,-0.000313145599617,-0.000646959758861
0.837911,0.00170390832976,0.000893,-0.000315060107029,-0.000646460430469
0.838055,0.00170317914445,0.000854,-0.000316717161203,-0.000646001568578
0.838202,0.00170302013709,0.00085,-0.000317946044076,-0.000645542282644
0.838347,0.00170328887528,0.000874,-0.000318751258812,-0.00064508015778
0.838487,0.00170242793692,0.000878,-0.000319247106424,-0.000644607936916
0.838636,0.0016995977631,0.000951,-0.000319234342484,-0.00064407237236
0.838769,0.00169662586918,0.000874,-0.000318159159309,-0.000643585875708
0.838908,0.00169407468514,0.000937,-0.000316159571205,-0.000643075875652
0.839052,0.0016917929514,0.001108,-0.000313787243127,-0.000642556860341
0.83919,0.0016897175958,0.000994,-0.000311877657257,-0.000642072524988
0.839334,0.00168913732187,0.001221,-0.00031082062238,-0.000641568268378
0.83946,0.00168970257136,0.000942,-0.000310876637901,-0.000641106092278
0.839566,0.00168981971594,0.000727,-0.000311692636156,-0.000640656885291
0.839672,0.00169009669128,0.000746,-0.000312890057033,-0.000640148758355
0.839794,0.00168968166547,0.00088,-0.000314411123307,-0.000639507074217
0.839931,0.00168739738516,0.00102,-0.000316418129198,-0.000638695862416
0.840061,0.00168485290458,0.000977,-0.000318276343403,-0.000637911500921
0.8402,0.00168267681472,0.00112,-0.000319587387161,-0.000637125909619
0.840341,0.00168070282254,0.001139,-0.000320010366748,-0.000636406646236
0.840474,0.00167888103228,0.000936,-0.000319861610859,-0.000635778596123
0.840611,0.00167882110611,0.000934,-0.000319657548253,-0.000635111585506
0.840753,0.00167947533319,0.000964,-0.000320362996735,-0.000634336396928
0.840891,0.00167961541582,0.000985,-0.000322451539925,-0.000633462415641
0.841021,0.00167871211471,0.001288,-0.000325172595149,-0.000632531216175
0.841141,0.00167615724078,0.001136,-0.00032756322104,-0.000631582170681
0.841266,0.00167352078428,0.000824,-0.000329193358367,-0.000630559267097
0.841387,0.00167080109685,0.00075,-0.000329725369633,-0.00062962642053
0.841527,0.00166857156438,0.000869,-0.000329568324629,-0.000628625739722
0.841658,0.00166645900534,0.000817,-0.000329155640387,-0.000627810523067
0.841796,0.00166577884162,0.00096,-0.000328937671777,-0.000627029030266
0.841937,0.00166629454216,0.00098,-0.000329371441723,-0.000626324027705
0.842074,0.00166670125811,0.000889,-0.000330913502908,-0.000625687054769
0.842208,0.00166612360385,0.001045,-0.000333093797614,-0.000625112089419
0.842346,0.00166335769449,0.001115,-0.000335412146349,-0.000624538986892
0.842483,0.00166075594968,0.000934,-0.000336875839283,-0.000623961459923
0.84262,0.00165819352369,0.000943,-0.000337051841447,-0.000623376973736
0.842759,0.0016561761342,0.00096,-0.000336202451139,-0.000622794338382
0.842899,0.00165457856711,0.000916,-0.000334980289428,-0.000622245142393
0.843033,0.00165476005997,0.00081,-0.000333999245068,-0.000621729495199
0.843172,0.00165615628617,0.000824,-0.000333980524383,-0.000621151299032
0.843313,0.00165746297207,0.000882,-0.000334992750844,-0.00062051667912
0.843455,0.00165652898875,0.000938,-0.000336486394974,-0.000619866038994
0.843597,0.00165324567079,0.001025,-0.000337813279128,-0.000619297158961
0.843737,0.00165041461086,0.001132,-0.000338394104043,-0.000618862452772
0.843878,0.00164812600199,0.001176,-0.000338115124727,-0.000618527909233
0.844019,0.00164617619812,0.001093,-0.000337248493495,-0.000618255533307
0.84416,0.00164526702044,0.001108,-0.000336144403597,-0.00061800339253
0.844301,0.00164635756164,0.001121,-0.000335347801184,-0.000617757499146
0.844442,0.00164803377013,0.001142,-0.000335526291509,-0.000617511487409
0.844583,0.00164909405233,0.001142,-0.000336579634216,-0.00061725897923
0.844723,0.00164764282702,0.001146,-0.00033818539745,-0.000617005070063
0.844864,0.00164434360583,0.001131,-0.000339622256124,-0.000616759972847
0.845005,0.0016420060158,0.001101,-0.000340407469804,-0.000616537752028
0.845146,0.00164003130615,0.001059,-0.000340446602619,-0.000616361439286
0.845287,0.00163865221469,0.00101,-0.000340090201058,-0.000616210630929
0.845428,0.00163941889832,0.000959,-0.000339772777365,-0.000616076399685
0.845568,0.00164150384486,0.000905,-0.000340329197105,-0.000615957479756
0.84571,0.00164320486589,0.000983,-0.000341779828192,-0.000615797597621
0.84586,0.00164175393974,0.001139,-0.000343848305993,-0.000615608232612
0.846002,0.00163879471932,0.000992,-0.000345581312383,-0.000615405995374
0.846146,0.00163674329914,0.000854,-0.000346626645699,-0.000615093522716
0.84629,0.0016351716601,0.00088,-0.000346755154054,-0.000614753940946
0.846433,0.00163402331298,0.000908,-0.000346296078342,-0.000614392327454
0.846577,0.00163509697349,0.000944,-0.000345718200128,-0.000613971406335
0.846727,0.00163787869303,0.000982,-0.000346032727904,-0.000613543715146
0.846871,0.00164005822739,0.001026,-0.000347468624589,-0.000613212105579
0.847014,0.00163842655078,0.000976,-0.000349454036104,-0.000612886714415
0.847158,0.00163596951432,0.000833,-0.000351020148956,-0.000612566266343
0.847302,0.00163411071998,0.000746,-0.000351688442274,-0.00061233449259
0.847428,0.00163294920657,0.00063,-0.000351611522592,-0.000612152863432
0.84757,0.00163223830498,0.000669,-0.000351170068968,-0.000611975036545
0.84771,0.00163311770882,0.000841,-0.00035078101515,-0.000611846138028
0.847854,0.00163626139559,0.000623,-0.000350963413369,-0.000611786833856
0.847994,0.00163919395909,0.000594,-0.000351937356173,-0.000611799726649
0.848134,0.00163928835903,0.000729,-0.000353410654215,-0.000611837113922
0.848275,0.00163757009565,0.00073,-0.000354882599824,-0.000611869342147
0.848416,0.00163647687433,0.000709,-0.000356051702406,-0.000611889967151
0.848556,0.0016359876584,0.000443,-0.000356632443532,-0.000611893834247
0.848695,0.00163599108764,0.000371,-0.000356632443532,-0.00061184484888
0.848834,0.00163772649832,0.000662,-0.000356339124418,-0.000611709470305
0.848973,0.00164193297879,0.000622,-0.000356345152872,-0.000611514720509
0.849111,0.00164582049176,0.000475,-0.00035707819252,-0.000611335382299
0.849249,0.00164677205697,0.000675,-0.000358431610353,-0.000611211486298
0.849387,0.00164568034176,0.000727,-0.000359886101085,-0.000611115962759
0.849525,0.00164517813671,0.000607,-0.00036109798417,-0.000610975226856
0.849662,0.00164508287161,0.000375,-0.00036169409828,-0.000610763404865
0.849799,0.00164537334232,0.000444,-0.000361596445415,-0.000610532109355
0.849935,0.0016470964192,0.000814,-0.000361115935519,-0.000610336913296
0.850071,0.00165069688382,0.000804,-0.000360672988414,-0.000610188204385
0.850206,0.00165425190059,0.000672,-0.000360738851317,-0.000610048508203
0.850335,0.00165513732106,0.000785,-0.000361189730218,-0.000609885481415
0.850468,0.00165401612982,0.001055,-0.000361594452344,-0.000609671915895
0.850603,0.00165337738678,0.00128,-0.000361843538062,-0.000609425882241
0.850737,0.00165323332356,0.001416,-0.000361853499472,-0.000609181026897
0.850871,0.00165370354982,0.00147,-0.000361540637078,-0.000608950315979
0.851007,0.00165599602752,0.001467,-0.000360932409077,-0.000608724689737
0.851144,0.00165877150358,0.001402,-0.000360207763345,-0.000608471715369
0.851284,0.00166329216059,0.001401,-0.000359636251782,-0.000608161490277
0.851425,0.00166665621632,0.001354,-0.000359496293566,-0.000607796509893
0.851565,0.00166777916203,0.001241,-0.00035973420433,-0.000607396163499
0.851704,0.001668657482,0.001087,-0.000360309622647,-0.000606973383187
0.851843,0.00166959298426,0.000921,-0.000361241580857,-0.000606513786328
0.851982,0.00167107978103,0.000766,-0.000362257801629,-0.000605997717629
0.852121,0.00167513066282,0.000642,-0.000363061662107,-0.000605413260626
0.852259,0.00168164847261,0.000557,-0.000363659920742,-0.000604769332933
0.852397,0.00168764214644,0.000524,-0.000363973732532,-0.000604084035524
0.852535,0.00169028639854,0.000542,-0.00036416829776,-0.000603374242125
0.852673,0.00169117644953,0.00067,-0.000364539395401,-0.00060265560166
0.852811,0.00169277048413,0.000649,-0.000365245273691,-0.000601942534658
0.852945,0.00169512839047,0.000521,-0.000365986001383,-0.000601257435877
0.853083,0.00170010566198,0.000523,-0.000366393628241,-0.000600568797036
0.853219,0.00170666367897,0.000661,-0.000366702143022,-0.000599901672656
0.853356,0.00171310374004,0.0009,-0.000367358228483,-0.000599256147369
0.853492,0.0017164371279,0.000697,-0.000368471234763,-0.000598662719744
0.853629,0.00171766378259,0.000696,-0.000369814506448,-0.000598126864572
0.853765,0.00171954585363,0.000728,-0.000371241325636,-0.000597630210419
0.853906,0.00172226500444,0.000782,-0.000372363230495,-0.00059715430301
0.85405,0.0017272232985,0.000862,-0.000372886237908,-0.000596712473775
0.854195,0.00173448689639,0.001094,-0.000373005665937,-0.000596322079006
0.854338,0.00174113843123,0.000908,-0.000373602468549,-0.000595989880741
0.854481,0.00174333964428,0.000736,-0.000374866613284,-0.000595726629608
0.854624,0.00174466521543,0.000761,-0.000376350271376,-0.000595531099698
0.854773,0.00174659066616,0.000761,-0.000377830453688,-0.00059539272138
0.854919,0.0017497545885,0.000722,-0.000378756475409,-0.000595312871055
0.855066,0.00175505287215,0.000815,-0.000379097809106,-0.000595266286061
0.855215,0.00176157971248,0.000899,-0.000379332368871,-0.0005952476509
0.85536,0.00176461764772,0.000915,-0.000380072307558,-0.000595270279223
0.855509,0.00176567824246,0.00093,-0.000381056898087,-0.000595328842097
0.855654,0.00176644311484,0.000889,-0.000382107491517,-0.000595396713576
0.855803,0.00176796587806,0.000934,-0.000383204491358,-0.000595444617546
0.855952,0.00177140810597,0.000921,-0.000384070711882,-0.000595455262276
0.856099,0.00177652304449,0.000861,-0.000384684043097,-0.000595431311329
0.856247,0.00177888352148,0.000774,-0.000385450345078,-0.000595383406138
0.856395,0.00177868955732,0.000663,-0.000386204209696,-0.000595334165669
0.856544,0.00177815033324,0.000737,-0.000386972486878,-0.000595302223423
0.856691,0.00177891459463,0.000734,-0.000387931032377,-0.000595286251567
0.85684,0.00178125732352,0.000771,-0.000388853751684,-0.000595252975299
0.856988,0.00178522622417,0.000827,-0.000389521539491,-0.000595177097482
0.857135,0.00178600251863,0.000877,-0.000390211473364,-0.000595055936365
0.857283,0.00178492801197,0.000947,-0.000390706536395,-0.00059489079246
0.85743,0.00178407955349,0.001011,-0.000391216421809,-0.000594698946923
0.857579,0.00178470736171,0.001076,-0.00039199186664,-0.000594504364944
0.857727,0.00178643111108,0.001095,-0.000392713228997,-0.000594348380515
0.857875,0.00178853892097,0.001083,-0.000393202520964,-0.000594259035138
0.858023,0.0017882087536,0.001033,-0.000393632704678,-0.000594259035138
0.858171,0.00178778327102,0.000959,-0.000393854313412,-0.000594369714466
0.858319,0.00178783907401,0.000877,-0.000394308648896,-0.000594608328712
0.858467,0.00178626635696,0.000884,-0.000395046237886,-0.000594985357051
0.858615,0.00178736838485,0.000999,-0.00039566211674,-0.000595496508556
0.858763,0.00179066685561,0.001096,-0.000396124569574,-0.000596129429767
0.858912,0.00179040339352,0.00114,-0.000396579136914,-0.000596869080709
0.85906,0.00178800624451,0.001135,-0.000396748807161,-0.0005977097069
0.859208,0.00178611247603,0.00109,-0.000396950465992,-0.000598632303226
0.859356,0.00178533866732,0.001047,-0.000397308390593,-0.000599615311418
0.859503,0.00178660684278,0.001023,-0.0003975945819,-0.00060062281509
0.859651,0.00178869888265,0.001034,-0.000397792202874,-0.000601627054427
0.859798,0.00178716538194,0.001068,-0.000397982236117,-0.000602614918863
0.859945,0.00178452426961,0.001215,-0.000397912626727,-0.000603600905459
0.860092,0.00178288535801,0.001413,-0.000397918271022,-0.000604605937859
0.860241,0.00178197810682,0.00173,-0.000398091337839,-0.000605609022917
0.860386,0.00178034511556,0.001695,-0.000398172211226,-0.000606541139225
0.860533,0.00178010746419,0.001906,-0.000397963423538,-0.000607432571458
0.860681,0.00178261852197,0.001811,-0.000397645404727,-0.000608291314271
0.860828,0.00178220268306,0.001719,-0.000397703751735,-0.000609108454819
0.860974,0.00177923950084,0.001789,-0.00039778091194,-0.000609854422842
0.861121,0.00177692022137,0.001725,-0.000397916389596,-0.000610539863961
0.861267,0.0017756028134,0.001508,-0.000397970948638,-0.000611202451047
0.861413,0.00177578565678,0.001514,-0.000397850536094,-0.000611904146361
0.861559,0.00177767792544,0.001372,-0.000397564462707,-0.00061268211402
0.861704,0.00177805486949,0.001369,-0.00039744397133,-0.000613537290639
0.86185,0.00177609625887,0.001233,-0.000397317806878,-0.000614468005278
0.861995,0.00177407914206,0.001262,-0.000397099312312,-0.00061547256328
0.862139,0.00177364497439,0.001142,-0.000396948581633,-0.000616542861636
0.862284,0.00177304686098,0.001362,-0.000396848702423,-0.00061765936358
0.862428,0.00177222180767,0.000905,-0.000396686600114,-0.000618811585756
0.862571,0.0017723708615,0.001181,-0.00039631699963,-0.000619998009752
0.862715,0.00177363988274,0.001272,-0.000395994362531,-0.00062121712251
0.862858,0.001774030806,0.001071,-0.000395841475997,-0.000622458578619
0.863001,0.00177151987647,0.001003,-0.000395888667208,-0.000623723463718
0.863143,0.00176947702181,0.001044,-0.000395856577574,-0.000625036718153
0.863286,0.00176791942538,0.001104,-0.000395639457155,-0.000626421759794
0.863428,0.00176681152689,0.001153,-0.00039523711215,-0.00062786424544
0.86357,0.00176789573625,0.001166,-0.000394730505458,-0.000629318825539
0.863712,0.00176988704208,0.001288,-0.000394249982529,-0.000630745629744
0.863854,0.00176933012035,0.001403,-0.00039382022489,-0.00063212257756
0.863995,0.00176691940526,0.001485,-0.000393200625224,-0.000633443882655
0.864137,0.00176490519592,0.001536,-0.000392662001825,-0.00063468285309
0.864278,0.00176331037704,0.001554,-0.000392295699833,-0.000635815489669
0.86442,0.00176277790878,0.001538,-0.000391959575666,-0.000636863363003
0.864561,0.00176342021289,0.001485,-0.000391556747836,-0.000637882109385
0.864703,0.00176514317254,0.001386,-0.000391039531122,-0.000638920787776
0.864844,0.00176638050251,0.00128,-0.00039065133726,-0.000639998780486
0.864985,0.0017651394927,0.001185,-0.000390304803706,-0.000641095140815
0.865127,0.00176394222779,0.00108,-0.000390028581664,-0.000642184243029
0.865268,0.0017634639203,0.000982,-0.000389927587269,-0.000643238260092
0.865409,0.00176314459561,0.000918,-0.000389853260215,-0.000644241687543
0.865549,0.00176416428495,0.000879,-0.000389693141152,-0.000645177927567
0.86569,0.00176707148265,0.00091,-0.00038940329761,-0.000646019642022
0.865831,0.00176887766826,0.000994,-0.000389153390404,-0.000646749259907
0.865971,0.00176865077068,0.001065,-0.000388786933674,-0.000647379287637
0.866112,0.00176779919884,0.001112,-0.000388399248429,-0.00064797251358
0.866252,0.00176755198007,0.001124,-0.000388280794201,-0.000648617771373
0.866392,0.00176761930861,0.001097,-0.000388305633235,-0.000649375894733
0.866532,0.00176757586593,0.001045,-0.000388265508151,-0.000650235612205
0.866671,0.00176986399282,0.000978,-0.000388030438128,-0.000651146310551
0.86681,0.00177262693916,0.000879,-0.000387831610838,-0.000652049383073
0.866948,0.00177234784457,0.000762,-0.000387722611395,-0.000652899715426
0.867084,0.00177116404794,0.000642,-0.000387508381766,-0.000653661984368
0.867219,0.00176971370198,0.000557,-0.000387489250556,-0.000654322376685
0.867355,0.00176847006918,0.000496,-0.000387636545798,-0.000654889583539
0.867493,0.00176776970196,0.00059,-0.000387714961599,-0.000655382841965
0.867631,0.00176721707495,0.000567,-0.000387617418503,-0.000655810641968
0.867769,0.00176840108829,0.000479,-0.000387351488589,-0.000656190858973
0.867906,0.0017699783187,0.000521,-0.000387274941068,-0.000656540116168
0.868044,0.00176837648717,0.000466,-0.000387408893091,-0.000656871445151
0.86818,0.00176630310739,0.000469,-0.000387445246555,-0.000657182525985
0.868317,0.00176449348972,0.000466,-0.000387527512391,-0.000657466333244
0.868452,0.00176238422065,0.000503,-0.000387554294285,-0.000657740563721
0.868596,0.00176073724223,0.000759,-0.000387374451022,-0.000658069908633
0.868747,0.00175909376362,0.001017,-0.000386966742664,-0.000658495377353
0.868895,0.0017579997018,0.0011,-0.000386430384082,-0.000658962732548
0.869056,0.00175743409434,0.001151,-0.000386073834843,-0.000659441368573
0.869217,0.00175330288719,0.001028,-0.000386033566541,-0.000659845733281
0.869374,0.00174913452588,0.000927,-0.000385860958805,-0.000660199425263
0.869527,0.00174487074024,0.000905,-0.000385542468742,-0.000660607844215
0.869685,0.00174097516885,0.000993,-0.000384981840499,-0.000661195883771
0.869841,0.00173703256033,0.00103,-0.000384305348187,-0.000661953564264
0.869996,0.00173439081178,0.001092,-0.000383695496302,-0.000662784611003
0.870146,0.00173267933499,0.00113,-0.000383219901266,-0.000663590994175
0.870303,0.00172972363052,0.001223,-0.000383002201279,-0.000664440153567
0.870464,0.00172582263709,0.001256,-0.000382661050553,-0.000665395576484
0.870622,0.00172176689858,0.00113,-0.000382074687014,-0.000666426581879
0.870782,0.0017181068705,0.000979,-0.000381232762948,-0.000667488857631
0.870941,0.00171503051945,0.000868,-0.000380252318243,-0.000668488968611
0.8711,0.00171242553039,0.000791,-0.000379415703806,-0.000669395123776
0.871258,0.00171079469976,0.000793,-0.000378686634385,-0.000670231928313
0.871415,0.0017088604545,0.000884,-0.000377987798497,-0.000671029507515
0.871572,0.00170648730983,0.001132,-0.00037715011743,-0.000671809771873
0.871726,0.00170363004012,0.001343,-0.000376373638905,-0.000672595628512
0.871883,0.00170071424215,0.001428,-0.000375781395019,-0.000673462244324
0.872038,0.00169776258984,0.001258,-0.000375274430025,-0.000674425100237
0.872193,0.00169516835914,0.000965,-0.000374626483342,-0.000675501768443
0.872349,0.00169253713647,0.001022,-0.000373768690423,-0.000676659794057
0.872505,0.00168965157767,0.001032,-0.000372719784253,-0.000677826332347
0.872663,0.00168716810618,0.000972,-0.000371920197573,-0.000678922468
0.87282,0.00168400065773,0.000838,-0.000371565155785,-0.000679845251157
0.872977,0.00168102700557,0.000902,-0.000371117637774,-0.00068057771262
0.873134,0.00167824352187,0.000931,-0.000370325857224,-0.000681208171245
0.873292,0.00167571455875,0.000956,-0.000369247606104,-0.000681856834716
0.873449,0.00167387782405,0.001046,-0.000368019557475,-0.000682553812562
0.873606,0.00167160735679,0.001196,-0.00036705793594,-0.000683244195584
0.873763,0.00166905068337,0.001311,-0.000366346151158,-0.000683882304244
0.87392,0.00166607285182,0.001342,-0.000365890982882,-0.000684498408274
0.874078,0.00166288229632,0.001289,-0.000365621686811,-0.000685175984546
0.874235,0.00165986555027,0.001242,-0.0003654652052,-0.000685932531141
0.874392,0.00165742058675,0.001358,-0.000365102574826,-0.000686676796695
0.874549,0.00165534483556,0.001362,-0.000364465986797,-0.0006872671672
0.874707,0.00165276571366,0.001272,-0.00036363210719,-0.000687606879995
0.874864,0.00165032713495,0.00115,-0.000362854824416,-0.000687713059686
0.875021,0.0016482978321,0.001084,-0.000362128373114,-0.000687666608985
0.875179,0.00164688150531,0.001094,-0.00036140707592,-0.000687552674983
0.875336,0.00164460782065,0.001043,-0.000360958345357,-0.000687426541485
0.875493,0.00164203393061,0.000938,-0.000360607118729,-0.000687314763717
0.875648,0.00163940852164,0.000907,-0.000360101892376,-0.000687219565927
0.875805,0.00163718269246,0.000957,-0.000359590268886,-0.000687109954215
0.875962,0.00163507304972,0.000961,-0.000359162269644,-0.00068697484246
0.876119,0.0016324870659,0.000948,-0.000359162269644,-0.000686808668926
0.876275,0.00163112300634,0.001024,-0.000359480296393,-0.0006866324617
0.876432,0.00162874769185,0.000979,-0.000360265685329,-0.000686451753947
0.876589,0.0016257477287,0.000851,-0.000361056095727,-0.000686224386181
0.876745,0.001622637272,0.000816,-0.000361472863262,-0.000685865923218
0.876899,0.00162015500227,0.00077,-0.000361429005786,-0.000685311606799
0.877056,0.00161807442841,0.000973,-0.000361131891851,-0.000684528468973
0.877212,0.0016168835741,0.001168,-0.000361141864357,-0.000683601284373
0.877369,0.0016135034703,0.00111,-0.000361851507202,-0.000682606352424
0.877526,0.00161019830786,0.000918,-0.000362311556536,-0.000681592545928
0.877683,0.001606933402,0.000926,-0.000362110450176,-0.000680554138488
0.877839,0.00160434226567,0.000964,-0.00036148283045,-0.000679470724942
0.877989,0.00160202521222,0.000995,-0.000360868561445,-0.000678349902252
0.878143,0.00160085198283,0.001118,-0.000360766791106,-0.000677087400758
0.878288,0.00159803795188,0.001135,-0.000361472863262,-0.000675802306549
0.878437,0.00159483201467,0.001201,-0.00036227372948,-0.00067443874397
0.878577,0.00159140452729,0.001094,-0.000362791168568,-0.000673193303567
0.878725,0.00158858354556,0.001074,-0.000363073593006,-0.000671967502441
0.878862,0.00158637839437,0.000919,-0.0003631730085,-0.000670916138792
0.878999,0.00158460128224,0.000951,-0.000363324090407,-0.000669912987927
0.879133,0.00158376903629,0.000982,-0.000363888343343,-0.000668948007271
0.879281,0.00158109057455,0.001135,-0.000365019319067,-0.000667928099872
0.879433,0.00157814441888,0.001198,-0.000365984021975,-0.00066698802958
0.879578,0.00157516757639,0.00118,-0.000366555814903,-0.000666122482913
0.879728,0.00157296399769,0.001256,-0.000366747616534,-0.000665225268063
0.879875,0.00157130350717,0.001269,-0.000366714005991,-0.000664256739471
0.880013,0.00157082796043,0.00137,-0.000367802480475,-0.000662013054933
0.880165,0.00156959793027,0.00137,-0.000367802480475,-0.000662013054933
0.880317,0.00156692665088,0.001373,-0.00036894229398,-0.000660818357029
0.880469,0.00156472038101,0.001356,-0.000369832213933,-0.000659694575085
0.88062,0.00156272768504,0.001316,-0.000370376969658,-0.000658611670622
0.880756,0.00156150476088,0.001133,-0.000370601029452,-0.000657648778291
0.880905,0.00156143181804,0.001254,-0.000370919294205,-0.000656528320986
0.881048,0.00156099632572,0.001253,-0.000371606358674,-0.000655431313126
0.8812,0.00155875724805,0.00145,-0.000372723701312,-0.000654187287584
0.881335,0.00155660905824,0.001372,-0.000373629849271,-0.000653012586497
0.881479,0.00155453145831,0.00143,-0.00037441946895,-0.00065171836866
0.881626,0.00155331341337,0.001289,-0.0003750110378,-0.000650407615517
0.881763,0.00155209190465,0.00107,-0.000375436313026,-0.000649286130247
0.881906,0.00155221323152,0.001029,-0.00037600160312,-0.000648297646158
0.882036,0.00155087914403,0.000976,-0.000378028585192,-0.000646939314304
0.882172,0.00154887030724,0.000976,-0.000378028585192,-0.000646939314304
0.882299,0.00154683974011,0.000919,-0.00037902800588,-0.000646164205913
0.882427,0.00154498634658,0.000899,-0.000379965825415,-0.00064542407747
0.882543,0.0015440831738,0.000774,-0.00038069921908,-0.000644888183411
0.882656,0.00154365753857,0.000715,-0.000381371873959,-0.000644367427273
0.882769,0.0015439768438,0.000684,-0.000382065038306,-0.000643852176522
0.882879,0.00154362221866,0.000653,-0.000382863450441,-0.000643348505934
0.882992,0.00154190054452,0.000678,-0.000383705120014,-0.000642826136657
0.883103,0.00154028338777,0.000687,-0.000384537974664,-0.000642332352293
0.883222,0.00153881581709,0.000763,-0.000385509843158,-0.000641830788408
0.88334,0.00153727613229,0.000793,-0.000386407387024,-0.000641413851851
0.883453,0.00153634698287,0.000774,-0.000387198384191,-0.000641061068061
0.883573,0.00153621430233,0.000847,-0.000387898530919,-0.000640755526309
0.883685,0.00153676077111,0.000812,-0.000388643728187,-0.000640494876927
0.883804,0.00153652652757,0.000893,-0.000389540608669,-0.000640243842965
0.883913,0.0015349505098,0.000837,-0.000390312421895,-0.000640018292348
0.884031,0.00153354696551,0.000908,-0.000391102304521,-0.000639770679131
0.884142,0.00153205068234,0.00086,-0.000391866492334,-0.000639546135564
0.884256,0.00153089905823,0.000924,-0.00039262784804,-0.000639322712324
0.884369,0.00152992593015,0.000959,-0.000393297300585,-0.00063912362288
0.884483,0.00152940005746,0.000995,-0.000393884612754,-0.000638937897525
0.8846,0.00152945584554,0.001025,-0.000394359740907,-0.000638769218747
0.884714,0.00153025265578,0.000963,-0.000394840179182,-0.000638605374802
0.884828,0.00153094336806,0.000885,-0.000395341028969,-0.000638450040367
0.884939,0.00153003524311,0.000813,-0.000395826374053,-0.000638292210378
0.885061,0.00152904359253,0.000849,-0.000396235884415,-0.000638125762096
0.885172,0.00152801316905,0.000742,-0.000396633813495,-0.00063798129891
0.885295,0.00152752570977,0.000792,-0.000397063517086,-0.000637830670048
0.885411,0.00152706540902,0.000684,-0.000397332872637,-0.000637722875264
0.885535,0.00152714436964,0.00068,-0.000397470330816,-0.0006376322117
0.885649,0.00152750153359,0.000564,-0.000397479744647,-0.000637581972123
0.885769,0.0015286334814,0.000552,-0.000397434556957,-0.000637546433771
0.885887,0.00152987793594,0.000512,-0.000397395015032,-0.000637542757246
0.886004,0.00153176879794,0.000522,-0.000397491041056,-0.000637542757246
0.88613,0.00153311549176,0.000552,-0.000397683048585,-0.000637556237706
0.886248,0.00153335041606,0.00052,-0.000397914508164,-0.000637559914132
0.886374,0.00153340287321,0.000546,-0.000398059361733,-0.000637551335763
0.886491,0.00153359674898,0.000514,-0.00039809698051,-0.000637512118489
0.886618,0.00153413530633,0.000544,-0.000397925796669,-0.000637447158129
0.886738,0.00153455853042,0.000485,-0.000397611523305,-0.00063738218935
0.886865,0.00153573074197,0.000539,-0.000397257540188,-0.000637330698677
0.886981,0.00153741851657,0.00047,-0.000397044676665,-0.000637302499162
0.887109,0.00154010378527,0.000501,-0.000397029603917,-0.000637246095374
0.887229,0.00154132249826,0.000457,-0.000396984383479,-0.000637138174791
0.887356,0.00154195579694,0.000469,-0.000396707336488,-0.000636917355776
0.887485,0.00154164516844,0.000539,-0.000396318885904,-0.000636588400562
0.887613,0.00154139822256,0.000587,-0.000396017009192,-0.000636124059478
0.88774,0.00154096444488,0.000598,-0.000395784841818,-0.000635520265379
0.887873,0.00154106857587,0.000618,-0.000395533701513,-0.000634759263232
0.888,0.0015420464616,0.000642,-0.000395231443461,-0.00063396748552
0.888132,0.0015443113807,0.000583,-0.000394913914444,-0.000632477988101
0.888256,0.00154615633553,0.000583,-0.000394913914444,-0.000632477988101
0.888385,0.00154656305152,0.000664,-0.000394813707983,-0.000631804105079
0.888506,0.00154611627123,0.00068,-0.00039465485715,-0.000631188896188
0.888634,0.00154538818675,0.000775,-0.000394596223389,-0.000630534413544
0.888745,0.00154460651301,0.000695,-0.000394632160865,-0.000629972396685
0.888874,0.00154405540622,0.000842,-0.000394601897865,-0.000629342493341
0.889003,0.0015438867669,0.000854,-0.0003943729863,-0.000628762936435
0.889133,0.00154498600873,0.000896,-0.000394075843354,-0.000628188956946
0.889258,0.00154624305855,0.000899,-0.000394037980569,-0.000627589326722
0.889387,0.00154609635048,0.000967,-0.00039410045293,-0.000626872586873
0.889507,0.00154515212103,0.000916,-0.000394104238932,-0.000626083376095
0.889635,0.00154371783386,0.00098,-0.000394138311918,-0.000625153538844
0.889756,0.00154235376992,0.00094,-0.000394248089974,-0.000624218219657
0.889878,0.00154119851614,0.000962,-0.000394331356974,-0.000623287477945
0.89,0.00154028199206,0.000968,-0.000394340818428,-0.0006224143832
0.890122,0.00154024665001,0.000995,-0.000394219700952,-0.000621618208666
0.890244,0.00154091217988,0.00101,-0.000394229164103,-0.000620908184799
0.890368,0.00154081239734,0.001039,-0.00039435027974,-0.000620284674674
0.890483,0.0015395667623,0.000962,-0.000394418396936,-0.000619783041721
0.890607,0.0015379294303,0.001028,-0.000394391907801,-0.000619305552962
0.89073,0.00153602970401,0.000982,-0.000394391907801,-0.000618873396237
0.890843,0.00153427070556,0.000875,-0.000394441101013,-0.000618458690406
0.890966,0.00153341946302,0.000906,-0.000394495965782,-0.000617957031732
0.891077,0.00153269880492,0.000774,-0.00039449029034,-0.000617454880106
0.891191,0.00153304318336,0.000771,-0.000394444884946,-0.00061688841199
0.891302,0.0015334784634,0.000727,-0.00039435027974,-0.000616326427684
0.891405,0.001532990852,0.000676,-0.0003943729863,-0.000615821392886
0.891515,0.00153141465942,0.000719,-0.000394338926149,-0.0006153529916
0.891631,0.00152980553851,0.000746,-0.000394125061534,-0.000614989237365
0.891724,0.00152772947941,0.000579,-0.000393954674341,-0.00061478034625
0.891823,0.00152613785571,0.000606,-0.000393873250674,-0.00061459060448
0.891915,0.00152445180379,0.000489,-0.000393884612754,-0.000614434142907
0.892002,0.00152279245889,0.000411,-0.000393969821757,-0.000614267369003
0.892094,0.00152190293885,0.000408,-0.00039410045293,-0.00061406460153
0.892183,0.00152144347667,0.000376,-0.000394229164103,-0.000613838639558
0.892275,0.00152149704812,0.000366,-0.000394359740907,-0.000613588167701
0.892368,0.00152246788504,0.000345,-0.000394452452741,-0.000613338858952
0.892471,0.00152381324265,0.000407,-0.000394560283839,-0.000613102289235
0.892579,0.00152368538594,0.000501,-0.000394565958642,-0.000612917071655
0.892688,0.00152251223225,0.000553,-0.000394335141573,-0.000612798703218
0.892792,0.00152073912433,0.000561,-0.000394020941565,-0.000612724065616
0.892884,0.00151938405292,0.000512,-0.000393863782115,-0.000612648130028
0.892975,0.00151784165601,0.000517,-0.000393894080997,-0.000612558022396
0.893066,0.0015165216663,0.000543,-0.000394058805386,-0.000612453735263
0.893158,0.00151611928211,0.000569,-0.000394278370171,-0.000612345563281
0.893249,0.0015168239403,0.000579,-0.000394478939302,-0.000612248961907
0.893341,0.00151762936882,0.000576,-0.000394613246663,-0.000612183262598
0.893434,0.00151942311382,0.000556,-0.000394662422394,-0.0006121562075
0.893527,0.00152046092471,0.00052,-0.000394643509111,-0.000612172956062
0.89362,0.00152103931373,0.000477,-0.000394435425072,-0.000612229639452
0.893714,0.00152049494771,0.000431,-0.000394043660133,-0.00061231980469
0.893808,0.00151958052958,0.000386,-0.000393553133598,-0.000612442146497
0.893901,0.00151855043191,0.000344,-0.000393160813365,-0.000612592780069
0.893995,0.00151788893914,0.000371,-0.000392990162309,-0.000612766533168
0.894087,0.00151771517911,0.000414,-0.000393031881325,-0.000612950518661
0.894179,0.00151844602034,0.000439,-0.000393181667513,-0.00061313443826
0.894273,0.00151975548454,0.000434,-0.000393329522373,-0.000613314435604
0.894366,0.0015207730418,0.000428,-0.000393403436654,-0.000613490514783
0.89446,0.00152202376975,0.000447,-0.000393365532989,-0.000613665248987
0.894554,0.00152294553086,0.000465,-0.000393333313062,-0.000613845060305
0.894648,0.00152328354765,0.000482,-0.000393196833728,-0.000614031227049
0.894742,0.00152354076756,0.000498,-0.00039287826571,-0.000614222459069
0.894836,0.00152307355212,0.000513,-0.000392419089814,-0.000614412337094
0.89493,0.00152296983358,0.000525,-0.000391961475182,-0.000614594451294
0.895024,0.00152362976399,0.000557,-0.000391646076439,-0.000614922606502
0.895118,0.00152526860923,0.000557,-0.000391646076439,-0.000614922606502
0.895213,0.00152664619989,0.000624,-0.000391731591847,-0.000615069951616
0.895307,0.0015278458658,0.000572,-0.000391822795369,-0.000615214692951
0.895401,0.00152834691368,0.000456,-0.000391830395061,-0.00061537091647
0.895495,0.00152903541845,0.00044,-0.000391708788884,-0.00061555013068
0.895594,0.00153044534812,0.000457,-0.000391547244041,-0.000615775339619
0.895706,0.00153246460373,0.000538,-0.000391189796307,-0.000616101461056
0.895815,0.00153444293045,0.000543,-0.000390609458801,-0.000616477202232
0.895927,0.00153673724885,0.000566,-0.000389878036882,-0.000616882029271
0.896036,0.00153885585219,0.000586,-0.000389231616374,-0.000617258473493
0.896148,0.00154022293389,0.000593,-0.000388838479625,-0.000617612970876
0.896257,0.00154039841529,0.000466,-0.000388681919522,-0.000617925183974
0.896369,0.00154052804966,0.000502,-0.000388578797567,-0.000618237206445
0.896477,0.00154180336356,0.000449,-0.000388391606897,-0.000618537586778
0.89659,0.0015441213849,0.000542,-0.000388126005698,-0.000618849235505
0.896698,0.00154723385644,0.000601,-0.000387841171288,-0.00061914417252
0.89681,0.00155121607209,0.000699,-0.00038735531572,-0.000619436398847
0.896918,0.00155242275955,0.000742,-0.000386689042853,-0.000619709415683
0.89703,0.00155282157304,0.000815,-0.00038593959711,-0.000619992437002
0.897138,0.00155294964568,0.000814,-0.000385411956224,-0.00062027022893
0.897251,0.00155314689518,0.000841,-0.000385108601668,-0.000620544067314
0.897359,0.00155368340477,0.000782,-0.000384933818217,-0.000620775954219
0.897469,0.00155536991879,0.000752,-0.000384747456966,-0.00062098747482
0.897576,0.00155870474236,0.00068,-0.000384532208108,-0.000621219160076
0.897683,0.00156111906344,0.000642,-0.000384366877623,-0.000621560798458
0.89779,0.00156274292597,0.000603,-0.000384099565336,-0.000622064753355
0.897903,0.00156329014141,0.000608,-0.000383655075097,-0.000622783264981
0.898011,0.00156295496857,0.00065,-0.000383096611419,-0.000623602820142
0.898123,0.00156343435359,0.000721,-0.00038264755491,-0.000624510352463
0.89823,0.00156485842052,0.00069,-0.000382429656576,-0.000625377348335
0.898342,0.00156545472356,0.000683,-0.000382360221774,-0.000626234091848
0.898449,0.00156614928826,0.000613,-0.000382310069648,-0.000627001797461
0.898561,0.00156837544435,0.000587,-0.000382211682706,-0.000627735852317
0.898668,0.00156974210053,0.00057,-0.000382194318706,-0.000628374002095
0.898777,0.00157137857741,0.000617,-0.000382086265269,-0.000628962733264
0.898885,0.00157217171913,0.000626,-0.000381796744936,-0.000629505952696
0.898997,0.0015743123727,0.000634,-0.000381315846833,-0.000630049832619
0.899104,0.00157522025656,0.000554,-0.000380942849553,-0.000630589399669
0.899216,0.00157524671536,0.000518,-0.000380755301113,-0.000631194172524
0.899324,0.00157526344087,0.000515,-0.000380697285128,-0.000631815575282
0.899435,0.00157590015591,0.00054,-0.000380633461369,-0.000632457259129
0.899543,0.00157798832753,0.000503,-0.000380298764264,-0.00063353933129
0.899651,0.00158163948054,0.000503,-0.000380298764264,-0.00063353933129
0.899757,0.0015844969315,0.000492,-0.00038008198686,-0.000633946823742
0.899865,0.00158567971415,0.000511,-0.000379700509807,-0.000634287382304
0.899963,0.00158659721451,0.000455,-0.000379204438,-0.000634543882817
0.900068,0.00158673985703,0.00048,-0.000378754535485,-0.000634778071854
0.900176,0.00158735504633,0.000461,-0.000378420779748,-0.000635010920108
0.900289,0.00158836003105,0.000518,-0.000378224712946,-0.000635239967063
0.900397,0.00158991709578,0.000412,-0.000378081021354,-0.000635440605188
0.90051,0.00159344108072,0.000413,-0.000377886791524,-0.000635617789395
0.900618,0.00159750850334,0.000393,-0.000377768281964,-0.000635758015904
0.900731,0.00160061866691,0.000409,-0.000377696388272,-0.00063587361182
0.900839,0.00160232772434,0.000405,-0.000377537027115,-0.000635963364761
0.900951,0.00160345660546,0.00048,-0.000377171510589,-0.000636039580686
0.90106,0.00160465469925,0.000545,-0.000376786322785,-0.000636093662387
0.901172,0.00160624198538,0.000544,-0.000376469047344,-0.000636123159042
0.90128,0.00160844028227,0.00038,-0.000376239263813,-0.000636123159042
0.901393,0.00161111079728,0.000331,-0.000376023035209,-0.000636107181902
0.901501,0.00161479792112,0.000287,-0.000375859353562,-0.000636112097999
0.901613,0.00161833261307,0.00027,-0.000375943148272,-0.00063617723174
0.901722,0.00162095856392,0.000365,-0.000376009396691,-0.000636318530604
0.901834,0.00162230777408,0.000451,-0.000375898329228,-0.000636539614205
0.901943,0.0016237774741,0.000364,-0.000375590355947,-0.000636801104013
0.902055,0.00162557602345,0.000335,-0.000375272479375,-0.00063708453755
0.902164,0.00162753459655,0.000386,-0.000375038357648,-0.000637345743471
0.902276,0.001629974101,0.000443,-0.00037488808388,-0.000637588432613
0.902385,0.00163299224685,0.000448,-0.000374761201607,-0.000637801607924
0.902498,0.00163668811123,0.000459,-0.000374843189985,-0.000638012243851
0.902606,0.00163974090412,0.000421,-0.000375042260387,-0.000638214224193
0.902719,0.00164152651436,0.00044,-0.000375171037268,-0.000638410006168
0.902828,0.00164276406946,0.00047,-0.00037479048439,-0.000638691308728
0.90294,0.00164418434421,0.00047,-0.00037479048439,-0.000638691308728
0.903049,0.00164544269629,0.000465,-0.000374575712496,-0.00063877322367
0.903162,0.00164706682768,0.000482,-0.000374454627112,-0.000638833123128
0.903271,0.00164912282554,0.000467,-0.000374423375509,-0.000638885682055
0.903384,0.00165202303165,0.000476,-0.000374528843483,-0.000638954122616
0.903493,0.00165467845491,0.000465,-0.000374913457281,-0.000639048993184
0.903606,0.00165691534351,0.000493,-0.000375385607146,-0.000639177269959
0.903715,0.00165743484408,0.000473,-0.000375742412142,-0.000639329937543
0.903828,0.00165801887816,0.000482,-0.000375874944116,-0.000639508194321
0.903937,0.00165844206937,0.000468,-0.00037590417537,-0.000639697370042
0.90405,0.00165888222664,0.00049,-0.000375950942564,-0.000639903551095
0.904159,0.00165960163124,0.000474,-0.000376071741801,-0.000640112085669
0.904272,0.00166103341216,0.000484,-0.000376326902984,-0.000640340032721
0.904381,0.00166265353249,0.000459,-0.000376901125544,-0.00064057518462
0.904494,0.00166414509934,0.000459,-0.000377770224923,-0.00064084188106
0.904603,0.00166438367676,0.0005,-0.000378653651213,-0.000641121820016
0.904716,0.00166380381625,0.00053,-0.000379367254603,-0.000641432003809
0.904825,0.00166316826512,0.000457,-0.000379814783509,-0.000641749286612
0.904938,0.00166268794646,0.000486,-0.000380126509736,-0.000642094300221
0.905047,0.00166242882207,0.000474,-0.000380395515808,-0.000642448783953
0.90516,0.00166332186089,0.000494,-0.000380737896879,-0.000642844245769
0.905269,0.00166472879174,0.000476,-0.000381340963058,-0.000643262414623
0.905381,0.00166584357309,0.000541,-0.000382302353582,-0.000643731073814
0.90549,0.00166526222972,0.000568,-0.000383306574959,-0.000644208966788
0.905603,0.00166318592285,0.000634,-0.00038414765148,-0.00064471056324
0.905712,0.0016615787479,0.000652,-0.000384595637317,-0.000645176654996
0.905824,0.00166073071437,0.000717,-0.00038478780791,-0.000645620605605
0.905933,0.00166028019179,0.000736,-0.000384862738495,-0.000646000303051
0.906045,0.00166059101985,0.000827,-0.000384968394631,-0.00064634358906
0.906154,0.00166127626392,0.000854,-0.000385195015058,-0.000646636098334
0.906266,0.00166149639917,0.000942,-0.000386407387024,-0.000647146072694
0.906375,0.00166142435241,0.000942,-0.000386407387024,-0.000647146072694
0.906487,0.00166064928972,0.001007,-0.000386972486878,-0.000647373227485
0.906595,0.0016602063388,0.000993,-0.00038714670301,-0.000647573854497
0.906707,0.00166046350405,0.00104,-0.000387045242363,-0.000647763594628
0.906815,0.00166049492284,0.001,-0.000386832696052,-0.00064793165818
0.906927,0.00166013920123,0.001017,-0.000386656476882,-0.000648087666222
0.907035,0.00166048275004,0.000944,-0.000386579844392,-0.000648216036033
0.907147,0.0016617467819,0.000927,-0.000386767577349,-0.000648317988373
0.907255,0.00166275208268,0.000831,-0.000387286423793,-0.000648376751374
0.907366,0.00166359166924,0.000791,-0.00038794441484,-0.000648389942111
0.907474,0.00166344623012,0.000741,-0.000388395427675,-0.000648346771121
0.907585,0.00166354314175,0.000794,-0.000388565428662,-0.000648238827199
0.907693,0.00166264549304,0.000786,-0.000388515770227,-0.000648072067626
0.907804,0.0016622349953,0.000824,-0.00038835721885,-0.000647840430745
0.907911,0.00166256028102,0.000795,-0.00038816422864,-0.000647572653379
0.908022,0.00166322772161,0.000814,-0.000387957797016,-0.000647257860265
0.908129,0.00166542386019,0.000772,-0.000387934855967,-0.000646932043468
0.90824,0.00166769456232,0.000879,-0.000388183339236,-0.0006465723147
0.908347,0.00166808550925,0.000719,-0.000388532960132,-0.00064620389425
0.908458,0.00166759644286,0.000727,-0.000388737292817,-0.00064579060127
0.908564,0.00166777495547,0.00097,-0.00038859980527,-0.000645349215495
0.908675,0.00166795984991,0.000741,-0.000388183339236,-0.000644833769834
0.908781,0.00166840874407,0.000643,-0.000387659497781,-0.000644273054253
0.908891,0.00166954247441,0.000713,-0.000387133303489,-0.000643627747488
0.908997,0.0016707572984,0.000623,-0.000386710114049,-0.000642955361225
0.909107,0.0016721745067,0.000715,-0.000386503202531,-0.000642226221461
0.909213,0.00167357091324,0.00076,-0.000386631572351,-0.00064151546811
0.909323,0.00167535222074,0.000865,-0.000386985889839,-0.00064079152567
0.909429,0.0016763052292,0.000916,-0.000387274941068,-0.000640121400866
0.909539,0.00167729112856,0.001033,-0.000387183071693,-0.000639466247578
0.909645,0.00167884167884,0.001074,-0.000386708198515,-0.000638883575333
0.909754,0.00167999643797,0.001183,-0.000385981789209,-0.000638330814889
0.90986,0.00168021743091,0.001197,-0.000385266057152,-0.000637842361787
0.90997,0.00168082584943,0.001283,-0.000384676356132,-0.000637364465823
0.910075,0.00168238372049,0.001263,-0.00038436495492,-0.000636916791136
0.910185,0.00168413958893,0.001319,-0.000384389949607,-0.000636456434846
0.91029,0.00168678838356,0.001267,-0.000384689808259,-0.000636020241373
0.9104,0.00168958020134,0.001296,-0.000385091317562,-0.000635578747256
0.910505,0.00169020878034,0.001221,-0.000385310214399,-0.000635177499639
0.910615,0.00169032481967,0.001228,-0.000385120124141,-0.000634804273342
0.91072,0.00169095064084,0.00115,-0.000383849458017,-0.000634242063341
0.910829,0.00169224902037,0.00115,-0.000383849458017,-0.000634242063341
0.910935,0.00169404817938,0.001072,-0.000383227606078,-0.000634042179413
0.911044,0.00169609465718,0.001067,-0.000382867305045,-0.000633857030848
0.911149,0.0016980902015,0.00098,-0.000382878868714,-0.000633674284122
0.911258,0.00169951383145,0.001001,-0.000383291167176,-0.000633463054889
0.911363,0.00170014742204,0.000989,-0.000383870624802,-0.00063324308463
0.911472,0.00170075644307,0.001046,-0.000384220735366,-0.000633015598559
0.911577,0.00170143952774,0.00103,-0.000384066864655,-0.000632809041208
0.911686,0.00170287147314,0.001078,-0.000383472184765,-0.0006326023991
0.911791,0.00170388845159,0.001039,-0.000382738162956,-0.000632395672182
0.9119,0.00170414386741,0.001056,-0.000382132576159,-0.000632154177063
0.912004,0.00170474418338,0.000984,-0.000381870102691,-0.000631882821423
0.912113,0.00170674660487,0.000903,-0.000382558862046,-0.000631216823685
0.912218,0.00170886473999,0.000903,-0.000382558862046,-0.000631216823685
0.912326,0.00171066731683,0.000894,-0.000383164038551,-0.000630829470969
0.912431,0.00171160999469,0.000824,-0.000383375905306,-0.000630440577719
0.912539,0.0017116989088,0.000816,-0.000383088905001,-0.000630035213566
0.91265,0.00171176157829,0.0008,-0.000382423870635,-0.000629638238309
0.912771,0.00171279465591,0.00083,-0.00038165000376,-0.000629242196764
0.912893,0.00171413920543,0.000798,-0.000381186385777,-0.00062889197704
0.913014,0.0017172999734,0.000756,-0.00038119798039,-0.000628577694506
0.913141,0.00171961949646,0.000764,-0.000381798675513,-0.00062825572658
0.913268,0.00171968961094,0.000712,-0.000382585856851,-0.00062795478837
0.913393,0.00171958705195,0.000687,-0.000382873086906,-0.000627689914595
0.913506,0.0017197874206,0.000615,-0.00038259356944,-0.00062742365175
0.913625,0.00172040492493,0.000585,-0.000381723378626,-0.000626719192928
0.913742,0.00172154427009,0.000585,-0.000381723378626,-0.000626719192928
0.913855,0.00172129255594,0.000524,-0.000381715655359,-0.000626342935976
0.913965,0.00172174058036,0.000464,-0.000382128717048,-0.000625970639847
0.914084,0.0017221084932,0.000546,-0.000382932829689,-0.000625614383637
0.914202,0.00172142431155,0.000558,-0.000383687797225,-0.000625313126838
0.914329,0.00172136268249,0.000596,-0.000383868700578,-0.000624970229622
0.914446,0.00172026263385,0.000583,-0.000383485662712,-0.000624659789525
0.914569,0.00171851994011,0.000649,-0.000382878868714,-0.000624415828905
0.914683,0.00171720980722,0.000635,-0.000382543435923,-0.000624190627207
0.914788,0.00171635307591,0.00062,-0.000382612850497,-0.000624390578613
0.914893,0.00171688320135,0.000653,-0.00038305037149,-0.000624978925934
0.915006,0.00171743010569,0.000718,-0.000383855230847,-0.000625620552812
0.915125,0.00171670700598,0.00079,-0.000385208456071,-0.000627011511008
0.915246,0.00171459600008,0.00079,-0.000385208456071,-0.000627011511008
0.915352,0.00171273492423,0.000711,-0.000385056747922,-0.000627628074308
0.915455,0.00171147671384,0.000712,-0.000384641763625,-0.000628208932388
0.915563,0.00171061643409,0.000746,-0.000384132264314,-0.000628805335162
0.915669,0.00170959567592,0.000731,-0.000383787877859,-0.000629357440856
0.915792,0.00170809647135,0.000827,-0.000383643525704,-0.000629954979091
0.915921,0.0017076971693,0.000836,-0.00038382059307,-0.000630528199964
0.916049,0.00170739488086,0.00079,-0.000384451470753,-0.000631047391242
0.916178,0.00170636786723,0.00075,-0.000385365886498,-0.000631533803295
0.916305,0.00170495863963,0.00067,-0.000385726675487,-0.000632390087576
0.916433,0.00170311814608,0.00067,-0.000385726675487,-0.000632390087576
0.916561,0.00170082345689,0.000634,-0.00038507403298,-0.000632761393773
0.916692,0.00169869453064,0.000619,-0.00038436303221,-0.000633080498302
0.916826,0.00169776005176,0.00063,-0.000383926424724,-0.000633338849509
0.91696,0.00169822721703,0.000612,-0.000384005305812,-0.000633520481244
0.917091,0.00169845302379,0.000587,-0.000384758986071,-0.000633621771152
0.917221,0.00169674827657,0.000731,-0.000385918499996,-0.000633618065783
0.917341,0.00169492395659,0.000689,-0.000386712029578,-0.000633493302434
0.917453,0.00169316070734,0.000735,-0.000386955254078,-0.00063326222327
0.917557,0.00169155913818,0.000762,-0.000386901637891,-0.000632958075125
0.917659,0.00169038494577,0.000808,-0.000386828865727,-0.000632595577495
0.917762,0.00168945872818,0.000844,-0.000386892063089,-0.000632195661525
0.917864,0.00168878135122,0.00086,-0.000387163930544,-0.000631779312787
0.917966,0.00168932494702,0.000864,-0.000387667148255,-0.00063136882321
0.918069,0.00168972538869,0.000857,-0.000388542509874,-0.000630984073545
0.918171,0.00169003907722,0.000841,-0.000389845636428,-0.000630643760024
0.918274,0.00168905569486,0.000814,-0.000391349532289,-0.000630351702366
0.918377,0.00168714218476,0.000782,-0.000392680975343,-0.000630110472062
0.91848,0.00168559444107,0.000741,-0.000393511449453,-0.000629911432478
0.918584,0.00168426799036,0.000721,-0.000393494396045,-0.000629635135069
0.918699,0.00168286957928,0.000721,-0.000393494396045,-0.000629635135069
0.918829,0.00168196165602,0.00072,-0.000392948440501,-0.000629610235988
0.918959,0.00168253419985,0.000614,-0.000392506397208,-0.000629701111698
0.919089,0.00168348879503,0.000552,-0.00039256333023,-0.000629896501346
0.919213,0.00168435335748,0.000528,-0.000393392065797,-0.000630171412245
0.919323,0.00168404033581,0.000658,-0.000394637835014,-0.00063044865939
0.91943,0.0016828810796,0.000629,-0.000395826374053,-0.00063070836272
0.919536,0.00168165943883,0.000506,-0.000396584793335,-0.000630925714905
0.919644,0.00168079626829,0.000614,-0.000396760116865,-0.0006311032532
0.919751,0.00168025725966,0.000482,-0.000396011347604,-0.000631337805889
0.919859,0.00167987081626,0.000482,-0.000396011347604,-0.000631337805889
0.919961,0.00167998607845,0.000462,-0.000395628127053,-0.00063137874835
0.920062,0.00168066825623,0.000464,-0.000395448706274,-0.000631358897875
0.920163,0.00168232838979,0.000468,-0.000395567696359,-0.000631277006405
0.920264,0.0016837785986,0.00047,-0.000396173626027,-0.000631138008629
0.920368,0.00168488399906,0.000593,-0.000397291440921,-0.000630951790876
0.920477,0.00168465511133,0.000725,-0.000398655351255,-0.000630748114114
0.920586,0.00168383114605,0.000551,-0.000399689922481,-0.000630564237661
0.920696,0.00168297545344,0.000491,-0.00039992251028,-0.000630416342451
0.920806,0.0016824865849,0.000561,-0.000398253074081,-0.000630248509693
0.920915,0.00168212632422,0.000561,-0.000398253074081,-0.000630248509693
0.921018,0.00168195075531,0.000541,-0.000397234938673,-0.000630190065933
0.921121,0.00168229281382,0.000472,-0.000396458454339,-0.000630115447046
0.921222,0.00168357663989,0.000447,-0.000396015122002,-0.000630020913957
0.92132,0.00168542169097,0.000381,-0.000395969827717,-0.000629908943987
0.921417,0.00168721625829,0.000406,-0.000396396218231,-0.0006297770364
0.921514,0.00168854018658,0.000457,-0.000397257540188,-0.000629618950806
0.921611,0.00168894395562,0.000561,-0.000398313244255,-0.000629415981031
0.921708,0.00168889951624,0.000475,-0.000399205710075,-0.000629146889284
0.921806,0.00168861988688,0.000447,-0.000399566090167,-0.000628802841217
0.921903,0.00168837610612,0.000558,-0.000399216975122,-0.000628382435852
0.922001,0.00168809745468,0.000579,-0.000398288800825,-0.000627892978322
0.922099,0.0016877632431,0.000643,-0.000397078589011,-0.00062734802502
0.922196,0.00168767333124,0.000643,-0.000395866015873,-0.000626773689725
0.922294,0.00168773172699,0.000578,-0.000394849632908,-0.000626196195763
0.922392,0.00168844147722,0.000557,-0.000394115596801,-0.000625648158457
0.92249,0.00168960706269,0.000452,-0.000393717948133,-0.000625154794834
0.922588,0.00169074879082,0.000455,-0.000393734995425,-0.000624738892177
0.922686,0.00169163482172,0.000457,-0.000394963066435,-0.000624122579238
0.922785,0.00169107974897,0.000457,-0.000394963066435,-0.000624122579238
0.922882,0.00168974232463,0.000459,-0.00039564323381,-0.000623888435907
0.92298,0.00168811584341,0.000567,-0.000395915092722,-0.000623664262165
0.923079,0.00168679663712,0.000761,-0.000395563919245,-0.000623433688264
0.923178,0.00168548259402,0.000606,-0.000393528502395,-0.000622978533405
0.923278,0.00168425776778,0.000606,-0.000393528502395,-0.000622978533405
0.923378,0.00168330814667,0.000674,-0.000392402006503,-0.000622781719843
0.923478,0.00168259233579,0.000723,-0.000391492119175,-0.000622612601211
0.923578,0.00168270088615,0.000675,-0.000390893035315,-0.00062246867989
0.923678,0.00168322329576,0.000539,-0.000390664661636,-0.000622346188452
0.923771,0.0016835626448,0.000473,-0.000390854978833,-0.000622245142393
0.923861,0.00168365492128,0.00042,-0.000391414175713,-0.000622150393486
0.923962,0.00168281576118,0.000464,-0.000392288105806,-0.000622063208909
0.924064,0.0016818426162,0.000498,-0.00039323285201,-0.000622000022346
0.924163,0.00168078616786,0.000552,-0.000393973608553,-0.000621943147732
0.924255,0.00167989680304,0.00066,-0.000394289724865,-0.000621872361559
0.924343,0.00167902173711,0.000698,-0.00039414588344,-0.000621769956998
0.924431,0.00167835637699,0.000681,-0.000393628915809,-0.000621625797157
0.92452,0.00167782760113,0.000586,-0.000392904819262,-0.000621432255308
0.924609,0.00167745005932,0.000433,-0.000392136205855,-0.000621182945996
0.924698,0.00167722034526,0.000469,-0.000391448395992,-0.000620877787361
0.924788,0.00167717539522,0.0005,-0.000390931089478,-0.000620531888838
0.924879,0.00167729975416,0.000459,-0.000390664661636,-0.00062017180374
0.924969,0.00167785310674,0.000361,-0.000390719859593,-0.000619825425736
0.92506,0.0016786553145,0.000327,-0.000391185992571,-0.000619516913263
0.925149,0.00167918005394,0.000411,-0.000391967173693,-0.000619255229761
0.925237,0.00167919073917,0.000492,-0.000392901025967,-0.000619039176259
0.925325,0.00167909147508,0.000478,-0.000394427857069,-0.00061872637215
0.925413,0.00167902928211,0.000478,-0.000394427857069,-0.00061872637215
0.925501,0.00167881123793,0.00062,-0.000394545150776,-0.000618615700421
0.92559,0.00167805615975,0.000717,-0.000393977395327,-0.000618524091883
0.925678,0.00167735462114,0.000735,-0.000392792907346,-0.000618449011525
0.925767,0.0016767745393,0.000816,-0.000391243046175,-0.000618393012208
0.925856,0.00167629621217,0.000867,-0.000389592092542,-0.000618366283097
0.925945,0.001675997812,0.000661,-0.000386796307023,-0.000618399376076
0.926035,0.00167614431257,0.000661,-0.000386796307023,-0.000618399376076
0.926125,0.00167649972401,0.000483,-0.00038587054937,-0.000618440102953
0.926214,0.00167743133687,0.000508,-0.000385319813389,-0.00061847064598
0.926304,0.00167859568474,0.000552,-0.000385519439094,-0.000618422285344
0.926395,0.00167937612217,0.000552,-0.000385519439094,-0.000618422285344
0.926485,0.00167996602055,0.000522,-0.000386211877961,-0.000618323004428
0.926576,0.00168060104128,0.00049,-0.000387075873724,-0.000618177866834
0.926666,0.00168148110036,0.00053,-0.000387984560512,-0.000617994476185
0.926757,0.00168258791784,0.000572,-0.00038886902337,-0.000617785534419
0.926849,0.00168350395715,0.000613,-0.000389674076627,-0.000617557384592
0.92694,0.00168464666519,0.000645,-0.000390373364056,-0.000617315102936
0.927032,0.00168647404226,0.000661,-0.00039095582344,-0.000617058669428
0.927123,0.00168868990664,0.000665,-0.000391406570951,-0.00061678806286
0.927216,0.00169068928776,0.000602,-0.000391725891184,-0.000616504538329
0.927308,0.00169222885968,0.000566,-0.000391851293737,-0.000615919112596
0.9274,0.00169362277017,0.000566,-0.000391851293737,-0.000615919112596
0.927493,0.00169508662181,0.000583,-0.000391476911458,-0.000615612071787
0.927586,0.0016967112035,0.000624,-0.000390630398381,-0.000615276675298
0.927679,0.00169854078533,0.000895,-0.00038756959771,-0.000614447483582
0.927772,0.00170101474936,0.000895,-0.00038756959771,-0.000614447483582
0.927865,0.00170342305969,0.000983,-0.000385686384885,-0.000613935458038
0.927959,0.0017057540459,0.000991,-0.00038378210441,-0.000613362513209
0.928053,0.00170874169223,0.00094,-0.000381970473126,-0.000612734880411
0.928147,0.00171225073688,0.000837,-0.00038035294696,-0.000612048494239
0.92824,0.00171653814883,0.000831,-0.000379004736421,-0.000611290215339
0.928334,0.00172115397177,0.000842,-0.000378073253309,-0.000610450678938
0.928428,0.00172533487819,0.000847,-0.000377748852044,-0.000609550208666
0.928522,0.00172950748752,0.000848,-0.000378077137343,-0.000608617028636
0.928616,0.00173403475568,0.000845,-0.000378882557669,-0.000607669160627
0.92871,0.00173869043566,0.000864,-0.000379981314845,-0.000606728662947
0.928804,0.00174328978199,0.000982,-0.000381228898314,-0.000605813841447
0.928898,0.00174716784774,0.00111,-0.00038253765103,-0.000604947048206
0.928992,0.001751192122,0.00123,-0.000383862927872,-0.00060413114605
0.929086,0.00175585721045,0.001341,-0.000385170052412,-0.000603337547408
0.929181,0.0017606472074,0.001442,-0.000386405470564,-0.000602513854236
0.929275,0.00176507160398,0.001528,-0.000387512207937,-0.000601615220188
0.92937,0.00176947867502,0.001559,-0.000388183339236,-0.000601427013554
0.929465,0.00177427565871,0.001618,-0.000387454812905,-0.000601470420609
0.92956,0.00177930730424,0.001655,-0.000386930361419,-0.000601503302326
0.929655,0.00178413274015,0.00169,-0.000385977953681,-0.000604103665431
0.929751,0.00178856692683,0.00169,-0.000385977953681,-0.000604103665431
0.929847,0.001793041094,0.001607,-0.000385448425691,-0.000605995109913
0.929944,0.00179807401997,0.001447,-0.000384797414895,-0.000607686055705
0.930041,0.00180199886238,0.001246,-0.000383928348771,-0.000609166772474
0.930138,0.00180581476067,0.001027,-0.000382794063535,-0.000610417068978
0.930236,0.00180936367941,0.000814,-0.000381404715128,-0.000611421833704
0.930334,0.00181319751493,0.000812,-0.00037983414988,-0.000612172188734
0.930433,0.00181712951523,0.000804,-0.000376636464061,-0.000612926595565
0.930533,0.0018206382421,0.000804,-0.000376636464061,-0.000612926595565
0.930634,0.00182418215772,0.000758,-0.000375297837359,-0.000612961328237
0.930735,0.00182779634814,0.000751,-0.000374263186817,-0.000612814663196
0.930837,0.00183208705954,0.000729,-0.00037349880223,-0.000612541806272
0.93094,0.00183579176238,0.000756,-0.000372856866911,-0.000612194089865
0.931044,0.00183950433909,0.000791,-0.000372369109381,-0.000611831957218
0.931149,0.00184315899251,0.00083,-0.000371975103414,-0.000611514720509
0.931255,0.00184640631957,0.000867,-0.000371537685706,-0.000611306992102
0.931361,0.00184914413132,0.00099,-0.000370958575083,-0.000611250207005
0.931469,0.0018519606934,0.001123,-0.000369129438167,-0.00061173139116
0.931577,0.00185446797832,0.001123,-0.000369129438167,-0.00061173139116
0.931686,0.0018569480638,0.001129,-0.000367938655617,-0.000612295853464
0.931795,0.00185947419554,0.001127,-0.000366678416423,-0.000613070656496
0.931905,0.00186183710607,0.00114,-0.000365417658872,-0.000614035593458
0.932015,0.00186408324163,0.001175,-0.000364213952432,-0.000615163973764
0.932126,0.00186601572128,0.001216,-0.000363091488938,-0.000616422772346
0.932238,0.00186784783474,0.001256,-0.000361056095727,-0.000619154839802
0.932351,0.00186960008808,0.001256,-0.000361056095727,-0.000619154839802
0.932465,0.00187145956533,0.001247,-0.000360093901404,-0.00062055723736
0.93258,0.00187368551432,0.00123,-0.000359132258966,-0.000621968426123
0.932695,0.00187567963442,0.001206,-0.000358167166634,-0.000623388317148
0.932812,0.00187780944691,0.001172,-0.000357212659547,-0.00062481430768
0.932929,0.00188035940107,0.001116,-0.000356302952503,-0.0006262149966
0.933045,0.00188309110154,0.000963,-0.000354924893629,-0.00062873550007
0.933164,0.00188600333154,0.000963,-0.000354924893629,-0.00062873550007
0.933284,0.00188909515017,0.000882,-0.000354272050626,-0.000629767079712
0.933403,0.00189256341011,0.0008,-0.000353412672885,-0.000630599030236
0.933524,0.00189596392471,0.000747,-0.000352269091789,-0.000631244742478
0.933645,0.0018997548521,0.000733,-0.000350904646246,-0.000631702448933
0.933766,0.00190328796199,0.000817,-0.000349523090094,-0.000631976377827
0.933888,0.00190668048836,0.000926,-0.000347107910765,-0.000631991247534
0.934009,0.00190963563165,0.000926,-0.000347107910765,-0.000631991247534
0.934131,0.00191213773737,0.000936,-0.00034604089542,-0.000631717326723
0.934254,0.00191463432649,0.000901,-0.000345019156241,-0.000631207512305
0.934375,0.00191664494671,0.000835,-0.00034403267102,-0.00063041261344
0.934489,0.00191829861766,0.000856,-0.000343134934065,-0.000629347475895
0.934594,0.00191968005037,0.001042,-0.000342383815878,-0.000628047857932
0.934694,0.00192063472305,0.001411,-0.00034121847881,-0.000624746434231
0.93479,0.00192114608923,0.001411,-0.00034121847881,-0.000624746434231
0.934884,0.001921493769,0.001619,-0.000340683408836,-0.00062270726409
0.934982,0.00192235714746,0.001934,-0.000340067533077,-0.000620260580729
0.935078,0.00192288708876,0.00216,-0.00033937268524,-0.000617514037361
0.935171,0.00192280020863,0.00223,-0.000338613070686,-0.000614662920435
0.935269,0.00192285494541,0.002303,-0.000337780191649,-0.00061170173331
0.935366,0.00192312922875,0.002223,-0.000336983516841,-0.000608827141476
0.935464,0.00192376478192,0.002164,-0.000335632117355,-0.000603084545281
0.935559,0.00192507951546,0.002164,-0.000335632117355,-0.000603084545281
0.935655,0.00192642137081,0.002138,-0.000335140192865,-0.000600273574846
0.935754,0.00192776911096,0.002158,-0.000334739321933,-0.000597420811661
0.935853,0.00192902615545,0.002132,-0.000334386019103,-0.000594587004497
0.935949,0.00193023267182,0.002005,-0.000334028365067,-0.000593687713491
0.936043,0.00193152041542,0.001889,-0.000333622648122,-0.000593293711275
0.936138,0.00193275907222,0.001817,-0.000333147951589,-0.000592875343671
0.936235,0.00193377739009,0.001719,-0.000332633307558,-0.000592443258905
0.936333,0.00193490736412,0.001618,-0.000332111999872,-0.000592002781055
0.936427,0.00193608195465,0.001411,-0.00033165916764,-0.000591587402046
0.936525,0.00193756091273,0.001298,-0.000330984555214,-0.000590732830874
0.936626,0.00193925299509,0.001298,-0.000330984555214,-0.000590732830874
0.936726,0.00194083670919,0.001028,-0.000330773465491,-0.000590297632001
0.936824,0.00194259391495,0.000695,-0.00033059994475,-0.000590637743513
0.936923,0.00194471933515,0.000498,-0.000330426378007,-0.000590957251508
0.937022,0.00194714642168,0.000448,-0.000330233936997,-0.000591243032801
0.937129,0.00194995542925,0.000479,-0.000330012141351,-0.00059151391162
0.937237,0.00195298692267,0.00051,-0.000329796550969,-0.000591764550978
0.937346,0.00195647888378,0.000551,-0.000329626959167,-0.000592031142567
0.937456,0.00196037729861,0.000664,-0.000329534816823,-0.000592359172159
0.937563,0.00196422623185,0.000784,-0.000329557853624,-0.000592771260978
0.93767,0.00196814120437,0.000866,-0.000329693963644,-0.000593295269022
0.93777,0.00197156694165,0.000842,-0.000329884470178,-0.000593910842587
0.937872,0.00197530570585,0.000806,-0.000330087476597,-0.000594666965819
0.937972,0.00197909221246,0.000691,-0.000330265317108,-0.000595528438923
0.938073,0.00198284254383,0.000732,-0.000330422195108,-0.000596501378182
0.938173,0.00198666250263,0.000812,-0.000330591581143,-0.000597578531203
0.938274,0.00199049446892,0.000887,-0.000330813180637,-0.000598752636451
0.938375,0.00199419372102,0.000961,-0.00033112036904,-0.000600021712717
0.938475,0.0019977217745,0.001007,-0.000331513025828,-0.000601348220676
0.938576,0.00200105035656,0.001015,-0.00033196387268,-0.000602681846932
0.938677,0.00200367899451,0.00093,-0.00033296672644,-0.000605176942123
0.938778,0.00200608788441,0.00093,-0.00033296672644,-0.000605176942123
0.938878,0.00200837585538,0.00088,-0.000333493598119,-0.000606324881569
0.938979,0.00201071028234,0.000833,-0.000334003405147,-0.000607409166636
0.93908,0.00201299790889,0.000793,-0.000334498265434,-0.000608439273781
0.939181,0.00201536888217,0.00076,-0.000335025980123,-0.000609424587016
0.939282,0.00201786009469,0.000737,-0.000335659089825,-0.000610378285529
0.939383,0.00202044757247,0.000734,-0.00033645945671,-0.000611326349225
0.939484,0.00202350391887,0.000765,-0.000337432671566,-0.000612275244743
0.939585,0.00202664076415,0.000829,-0.00033853045042,-0.000613209534125
0.939685,0.00202971695532,0.000864,-0.000339671746404,-0.000614115174338
0.939786,0.00203268725041,0.000862,-0.000340755463165,-0.000614975655672
0.939887,0.00203544900642,0.00083,-0.00034168116456,-0.000615774570481
0.939989,0.00203825484355,0.00078,-0.000342367388277,-0.000616499428337
0.94009,0.00204059340157,0.000715,-0.000342798474997,-0.000617139057945
0.940192,0.00204261640831,0.000679,-0.000343003653734,-0.000617684855149
0.940294,0.00204451716283,0.000687,-0.000343022116636,-0.0006181345722
0.940397,0.00204631312211,0.000694,-0.000342923641748,-0.000618497369631
0.9405,0.00204819714491,0.000712,-0.000342816943742,-0.000618784878544
0.940604,0.00205023205954,0.000757,-0.000342827203928,-0.000619009938467
0.940714,0.00205242973128,0.000844,-0.000343061092149,-0.000619176444372
0.940835,0.00205502048841,0.000978,-0.000343610602568,-0.000619262853508
0.940954,0.00205742968092,0.001013,-0.000344333687798,-0.00061931748703
0.941076,0.00206005567592,0.001063,-0.000345025291488,-0.000619552471536
0.941196,0.00206255101003,0.001056,-0.000345665082948,-0.00061993075969
0.941321,0.00206480809406,0.001096,-0.000346365470686,-0.000620397520625
0.941445,0.0020669396141,0.001057,-0.000346934615045,-0.000620891719745
0.941568,0.00206908194275,0.000992,-0.000347281160042,-0.000621403154421
0.9417,0.00207193628269,0.000993,-0.000347541965482,-0.000621984856404
0.94183,0.00207530602383,0.000909,-0.000347851535293,-0.000622594928856
0.941959,0.00207906627531,0.000858,-0.000348230149278,-0.0006232357901
0.942094,0.00208314562446,0.000864,-0.000348435647806,-0.000623895990602
0.94223,0.00208619986463,0.000847,-0.000346965200018,-0.000625149770854
0.942362,0.00208865400181,0.000847,-0.000346965200018,-0.000625149770854
0.94249,0.00209132432018,0.000839,-0.000345707985624,-0.000625623062478
0.942622,0.00209451813895,0.000874,-0.000344597730202,-0.000626057047893
0.942759,0.00209821606005,0.000891,-0.000344012188607,-0.000626511957305
0.942894,0.0021022864472,0.000908,-0.000344517914779,-0.000626991488258
0.943029,0.00210649139966,0.000952,-0.000345806038204,-0.00062745181135
0.943168,0.00211085573293,0.001044,-0.000347134410721,-0.000627845505725
0.943309,0.00211470623057,0.001221,-0.000347855607592,-0.000628121534008
0.943451,0.0021178372075,0.001181,-0.000347869860434,-0.000628296315671
0.94359,0.00212037242584,0.001135,-0.000347560299405,-0.000628442336896
0.943732,0.00212275433153,0.001164,-0.000347566410597,-0.000628908823004
0.943871,0.00212519755256,0.001164,-0.000347566410597,-0.000628908823004
0.944013,0.00212806501491,0.00128,-0.000348112110661,-0.000629222897306
0.944156,0.00213141357671,0.001393,-0.000348724455971,-0.000629551718317
0.9443,0.00213459118116,0.001567,-0.000348783422039,-0.00063025970028
0.944443,0.00213731920157,0.001567,-0.000348783422039,-0.00063025970028
0.94459,0.00214033537683,0.001586,-0.000348380718959,-0.0006308102194
0.944736,0.00214379650838,0.001502,-0.000348482435361,-0.000631571009388
0.944882,0.00214797355104,0.001336,-0.000349474346868,-0.000632460656817
0.945028,0.00215285640699,0.001079,-0.000351107268883,-0.000633394458023
0.945174,0.00215805173311,0.000848,-0.000352822951936,-0.000634263623129
0.945319,0.00216285061812,0.000713,-0.000354763759473,-0.00063557194216
0.945464,0.00216730475372,0.000713,-0.000354763759473,-0.00063557194216
0.945609,0.00217108732001,0.00072,-0.000354908782031,-0.000636047856685
0.945753,0.00217387395289,0.000706,-0.000354751672782,-0.000636412787659
0.945896,0.00217627160226,0.000837,-0.000354576390217,-0.000636663293661
0.94604,0.00217893350447,0.001053,-0.000354783903452,-0.000636840046145
0.946182,0.00218192560577,0.00122,-0.000355631392475,-0.000637004468223
0.946325,0.00218474615586,0.001266,-0.000357052098637,-0.000637183553321
0.946467,0.00218740125927,0.001282,-0.000358657903537,-0.00063738831884
0.946608,0.00219025753184,0.001296,-0.00036005194716,-0.000637616282623
0.946749,0.00219260734468,0.001262,-0.000361131891851,-0.000637844142766
0.946889,0.00219370283754,0.001258,-0.000362751380441,-0.000638283644537
0.947029,0.00219450039333,0.001258,-0.000362751380441,-0.000638283644537
0.947168,0.00219530550384,0.001293,-0.000363425454274,-0.00063852343272
0.947307,0.00219574529959,0.001293,-0.000364297313401,-0.000638797335824
0.947445,0.00219662309822,0.001308,-0.000365552364256,-0.000639089415493
0.947583,0.00219752845176,0.00128,-0.000367081648398,-0.000639382545815
0.94772,0.00219887008869,0.001226,-0.000368625007946,-0.000639707231385
0.947857,0.00220049893813,0.001167,-0.000369895169884,-0.000640115840238
0.947993,0.002201562053,0.001095,-0.000370697311555,-0.00064063009054
0.948128,0.00220178787489,0.001037,-0.000371058730316,-0.000641233841608
0.948263,0.0022012099504,0.000999,-0.00037110585672,-0.000641900041506
0.948397,0.00220055943463,0.000908,-0.000370671768747,-0.00064335819671
0.948531,0.00219987908428,0.000908,-0.000370671768747,-0.00064335819671
0.948664,0.00219948868604,0.000847,-0.000370925186492,-0.000644091725581
0.948796,0.00219916931278,0.000915,-0.000371894703959,-0.000644791564516
0.948928,0.0021991573079,0.000936,-0.000373369684594,-0.000645439759365
0.949059,0.00219903904194,0.000838,-0.000374868565187,-0.000646035305141
0.949189,0.00219867028436,0.000927,-0.000376021086868,-0.000646579592964
0.949319,0.00219794540193,0.000939,-0.000376718209591,-0.000647076396995
0.949448,0.0021970318045,0.000947,-0.000377050921491,-0.000647528261238
0.949577,0.00219509216787,0.000982,-0.000377167620978,-0.000647954511085
0.949705,0.00219288840385,0.001181,-0.00037706259241,-0.000648357610432
0.949832,0.00219065506211,0.00115,-0.000376720155784,-0.000648724433855
0.949959,0.00218878947764,0.001322,-0.000376379480652,-0.000649040690965
0.950085,0.00218686769979,0.001037,-0.000376326902984,-0.000649308872122
0.950207,0.00218552143646,0.001062,-0.000376655928242,-0.000649538626182
0.950329,0.00218455237976,0.001007,-0.000377239574912,-0.000649750336323
0.950449,0.00218350748753,0.000824,-0.000377791597078,-0.00064996793262
0.950569,0.00218246585978,0.00063,-0.000378102382986,-0.000650161536809
0.950689,0.00218116257753,0.000532,-0.000378178113853,-0.000650300120454
0.950807,0.00217932480289,0.000547,-0.000378143162275,-0.000650431500138
0.950925,0.00217705851368,0.00055,-0.000378046064397,-0.00065057836521
0.951043,0.0021745153209,0.000546,-0.000377842110205,-0.00065073950841
0.951159,0.00217201450363,0.00054,-0.000377540914451,-0.000650902985264
0.951276,0.00216988008826,0.000528,-0.00037761088241,-0.000651157042732
0.951392,0.00216810798562,0.000528,-0.00037761088241,-0.000651157042732
0.951507,0.00216655207527,0.000518,-0.000378416897829,-0.000651232161483
0.951622,0.00216522568867,0.000636,-0.000379650145324,-0.000651282234309
0.951736,0.00216402491149,0.00052,-0.00038192994084,-0.000651341838205
0.95185,0.00216297277836,0.00052,-0.00038192994084,-0.000651341838205
0.951964,0.00216183275953,0.000606,-0.000382543435923,-0.000651368061642
0.952077,0.00216059733683,0.000588,-0.000382861523131,-0.000651388324255
0.95219,0.0021591791228,0.000479,-0.000382994493703,-0.000651408586037
0.952302,0.00215705555978,0.000459,-0.000382691896649,-0.000651434805934
0.952414,0.00215473983364,0.000459,-0.000382691896649,-0.000651434805934
0.952526,0.00215263959011,0.000481,-0.000382207824081,-0.000651428846988
0.952638,0.00215066710815,0.00049,-0.000381846938008,-0.000651409777881
0.952749,0.00214893502771,0.000481,-0.000381914499282,-0.00065138474856
0.952859,0.00214781653195,0.000449,-0.000382443156897,-0.000651352566143
0.95297,0.00214715742698,0.000465,-0.000383339315243,-0.000651307268821
0.95308,0.00214690483962,0.000519,-0.000384338036451,-0.000651242891801
0.95319,0.00214684362581,0.000428,-0.00038512972604,-0.000651157042732
0.953299,0.00214676067546,0.000431,-0.000385559740423,-0.00065105090314
0.953408,0.00214654981317,0.00043,-0.000385648010475,-0.000650931617983
0.953517,0.00214605819627,0.000421,-0.000385421553658,-0.000650801564381
0.953625,0.00214508386108,0.000403,-0.000384899239899,-0.000650663121141
0.953733,0.00214411150251,0.000475,-0.000383986067436,-0.00065051866922
0.95384,0.00214332714417,0.000635,-0.000382763222451,-0.000650372980769
0.953947,0.00214261492385,0.000551,-0.00038170020854,-0.000650235612205
0.954053,0.00214207069094,0.000338,-0.000381273340169,-0.000650120910109
0.954159,0.0021418004748,0.000337,-0.000381514817128,-0.000650037256403
0.954264,0.00214181160768,0.0004,-0.000382279204814,-0.000649993033731
0.954369,0.00214190639318,0.000558,-0.000383354721845,-0.000649982276268
0.954473,0.00214208334404,0.000562,-0.000384436091031,-0.000650002595725
0.954577,0.00214212976417,0.000681,-0.000385248777383,-0.000650050402922
0.954681,0.00214201501075,0.000764,-0.000385676791502,-0.000650119715156
0.954783,0.00214163735861,0.000752,-0.000385678710191,-0.000650206939174
0.954885,0.00214122704345,0.000677,-0.000385298695417,-0.000650307287518
0.954987,0.002140559454,0.000554,-0.000384557196137,-0.000650421946428
0.95509,0.00213918030909,0.00057,-0.000383460632009,-0.000650550905949
0.955192,0.00213768190949,0.000755,-0.000382005213008,-0.000650690574173
0.955293,0.00213641211649,0.000827,-0.000380407124995,-0.000650839748802
0.955395,0.00213534007981,0.000677,-0.000379095870231,-0.000650991264158
0.955496,0.00213427896729,0.00051,-0.000378434366279,-0.000651137963137
0.955597,0.00213358394628,0.000521,-0.000378451834245,-0.000651276273524
0.955699,0.00213302809249,0.000518,-0.000378911649996,-0.000651403818634
0.955799,0.00213268050765,0.000507,-0.000379619149796,-0.000651522989926
0.9559,0.00213284912012,0.000529,-0.000380389711134,-0.000651632602142
0.956001,0.00213285843866,0.000553,-0.000381037569281,-0.000651735043755
0.956101,0.00213274275515,0.000572,-0.000381439486262,-0.000651821983346
0.956201,0.00213256688208,0.000585,-0.000381543788137,-0.000651895810438
0.956307,0.00213221913475,0.000623,-0.000381344827004,-0.000651963674001
0.956427,0.00213170050246,0.000697,-0.000380780439713,-0.000652020815035
0.956549,0.00213068417429,0.000727,-0.00037989224542,-0.000652086281011
0.956672,0.00212912794106,0.000765,-0.000378777814179,-0.000652175538816
0.956789,0.00212761075317,0.00076,-0.000377694445086,-0.000652285006366
0.956909,0.00212624586312,0.000794,-0.000376864157442,-0.000652427753671
0.957024,0.00212500200744,0.000738,-0.00037670458607,-0.000652576404911
0.957143,0.00212388622111,0.000717,-0.000377231796503,-0.00065274165255
0.957257,0.00212307616286,0.000632,-0.000378187822281,-0.00065291753889
0.957375,0.00212276802006,0.000633,-0.000379415703806,-0.000653124244047
0.957488,0.0021224098494,0.000622,-0.000380619922164,-0.000653334424281
0.957605,0.00212173944283,0.000558,-0.000381698277661,-0.000653555195196
0.957718,0.00212081577779,0.000501,-0.000382458585481,-0.000653782984148
0.957835,0.00211945150268,0.000516,-0.000382875014181,-0.000654027265753
0.957947,0.00211723779791,0.000487,-0.000382888504942,-0.000654247726759
0.958062,0.00211459572378,0.00052,-0.000382456656928,-0.000654453875239
0.95818,0.00211203525238,0.000542,-0.000381644210643,-0.000654623231579
0.958295,0.00210961078711,0.000547,-0.000381062696613,-0.000654755833667
0.958407,0.0021071282042,0.000537,-0.000381215371909,-0.000654874198234
0.958523,0.00210521348028,0.000563,-0.000382047670257,-0.000654979518781
0.958638,0.00210359992677,0.000656,-0.000382367937131,-0.000655057607118
0.958753,0.0021023873186,0.000743,-0.000382018722443,-0.000655093097724
0.95887,0.00210114379857,0.000701,-0.000381692484989,-0.000655088365791
0.95899,0.0020997469934,0.000589,-0.000381408578682,-0.00065504341016
0.959106,0.00209825934263,0.000574,-0.000381203777617,-0.000654958219813
0.959224,0.00209609210938,0.000587,-0.000381070427898,-0.000654819754065
0.95934,0.00209294055058,0.000673,-0.000381012440947,-0.000654635072502
0.959459,0.0020899439603,0.000705,-0.000381014373931,-0.000654406492417
0.959579,0.00208713012365,0.000706,-0.000381070427898,-0.000654156472604
0.959697,0.00208469569695,0.000571,-0.000381174790951,-0.000653912255026
0.959818,0.00208267816053,0.000575,-0.000381333235096,-0.000653659611526
0.959942,0.00208100277431,0.00058,-0.000381553444844,-0.000653396155133
0.960064,0.00208026587227,0.000859,-0.00038181025885,-0.000653118305452
0.960181,0.00207961184883,0.000881,-0.000382074687014,-0.000652836734031
0.9603,0.0020793562884,0.000786,-0.000382337075136,-0.00065254192181
0.960416,0.00207850467627,0.000593,-0.000382589713157,-0.000652226706017
0.960538,0.00207764933052,0.000724,-0.000382824903106,-0.000651900573098
0.960644,0.00207630081144,0.0007,-0.000383011835617,-0.000651587330478
0.960752,0.00207409397862,0.0007,-0.000383185228441,-0.000651239315054
0.960856,0.00207157001499,0.000589,-0.000383356647643,-0.000650865998881
0.960964,0.00206902277388,0.000594,-0.000383547272502,-0.000650456577749
0.961068,0.00206685554356,0.000571,-0.000383759010082,-0.000650050402922
0.961175,0.00206468935735,0.00059,-0.000384003382001,-0.000649630737197
0.961279,0.00206329485609,0.000566,-0.000383383608205,-0.000649250219898
0.961386,0.00206211520511,0.000763,-0.000382782498306,-0.000648880191745
0.961489,0.00206160526437,0.000911,-0.000382246409267,-0.000648543453606
0.961596,0.00206090383322,0.00097,-0.000381727240224,-0.00064821368399
0.961699,0.00206008422055,0.000861,-0.000381263679163,-0.000647906501237
0.961806,0.00205921382748,0.000762,-0.000380811378151,-0.000647596726037
0.961909,0.00205792862826,0.000573,-0.000380401320428,-0.000647296371668
0.962015,0.00205610941506,0.000579,-0.000380000676097,-0.000646982607664
0.962118,0.00205379094772,0.00055,-0.00037963852218,-0.000646674661724
0.962224,0.00205179056794,0.000564,-0.000379283913263,-0.000646361708573
0.962327,0.00204991552454,0.00054,-0.000378964012801,-0.000646060606061
0.962433,0.00204811226574,0.000556,-0.000378653651213,-0.000645758115499
0.962535,0.00204651916012,0.000533,-0.000378378077319,-0.000645481977393
0.962641,0.00204536460088,0.000669,-0.000378112092579,-0.000645235856152
0.962744,0.00204451761992,0.00089,-0.000377453443596,-0.000645042734628
0.962849,0.00204353521988,0.001013,-0.000376400899929,-0.000644893013864
0.962951,0.00204231844292,0.000936,-0.000375395358593,-0.00064478310947
0.963057,0.00204112654343,0.000827,-0.000374362821136,-0.000644692510675
0.963159,0.00203979265592,0.000553,-0.000373383380136,-0.000644606728616
0.963274,0.00203798200885,0.000555,-0.000372296599308,-0.00064449071809
0.963397,0.00203556833489,0.000572,-0.000371174576452,-0.000644367427273
0.963538,0.00203315299542,0.000654,-0.000369944349879,-0.000644225967844
0.96368,0.00203122604919,0.000658,-0.000368774802456,-0.000644120754002
0.963824,0.00203027183082,0.000643,-0.00036764455975,-0.000644020356852
0.963971,0.00203031633586,0.001127,-0.000366547904317,-0.000643893319404
0.964118,0.00203051837712,0.001507,-0.000365504824431,-0.000643732358773
0.964263,0.00203005402049,0.001406,-0.000364507652176,-0.000643541074766
0.964407,0.00202865380513,0.000885,-0.000363548659259,-0.000643321855329
0.964551,0.00202606083009,0.000526,-0.000362610112566,-0.000643060119122
0.964695,0.00202342873109,0.000713,-0.000361686127177,-0.000642775203641
0.964833,0.00202108804754,0.000789,-0.000360820671538,-0.000642516820364
0.964975,0.00201955416767,0.000478,-0.000359964034111,-0.000642293508216
0.965117,0.00201898248107,0.000751,-0.000359160268976,-0.000642087098325
0.965259,0.0020186439918,0.00127,-0.000358431610353,-0.000641836863625
0.965405,0.00201821170774,0.001304,-0.000357738215311,-0.000641608384541
0.965545,0.00201661518136,0.00081,-0.000357114320759,-0.000641460060229
0.965686,0.00201435645404,0.000621,-0.000356612357458,-0.000641336017547
0.965826,0.00201183958545,0.000676,-0.000356260749359,-0.000641294663138
0.965968,0.00200986738902,0.000832,-0.000356045671195,-0.000641265469728
0.966108,0.00200843552143,0.000696,-0.000355945142671,-0.00064123019208
0.966246,0.00200787194587,0.000853,-0.000355921013483,-0.000641159629308
0.966386,0.00200773667358,0.001304,-0.000355959217612,-0.000641110959518
0.966526,0.00200760375313,0.001286,-0.000356071806033,-0.00064112312741
0.966665,0.00200680142296,0.000979,-0.000356246681028,-0.000641225326002
0.966805,0.00200509441892,0.000748,-0.00035646169186,-0.000641402907135
0.966943,0.00200302470773,0.000766,-0.000356694706366,-0.000641639988945
0.96708,0.0020010848339,0.000805,-0.000356955742797,-0.000641949849197
0.967218,0.00199951452186,0.000839,-0.00035726483319,-0.000642291080361
0.967357,0.00199874842902,0.000842,-0.000357649984127,-0.000642655126657
0.967508,0.001999068363,0.001629,-0.000358185200354,-0.000643083147728
0.967652,0.00199903977538,0.001824,-0.000358828071414,-0.000643549550929
0.967798,0.00199844696081,0.00158,-0.00035953628475,-0.00064411107805
0.967942,0.00199683171401,0.000849,-0.000360281662885,-0.000644716671967
0.968084,0.00199477875845,0.000857,-0.000361054100971,-0.000645327562616
0.968233,0.00199293751668,0.000904,-0.000361903304192,-0.000645932883498
0.968383,0.00199169555468,0.000941,-0.000362745412008,-0.000646517006127
0.968533,0.00199102466826,0.000957,-0.000363618199959,-0.000647051147764
0.968676,0.00199074904962,0.001414,-0.000364469955045,-0.000647533066093
0.96882,0.00199052076473,0.001392,-0.000365334444261,-0.000647985714994
0.968963,0.00198971636061,0.001002,-0.00036620369867,-0.000648404377532
0.969106,0.00198822586987,0.000738,-0.000367089552355,-0.000648792733725
0.969254,0.00198647690384,0.000771,-0.000367997853109,-0.000649159235361
0.969393,0.00198511547041,0.000755,-0.000368818157437,-0.000649457267141
0.969536,0.00198393418733,0.000775,-0.000369641340569,-0.000649716851479
0.969684,0.00198323425333,0.000775,-0.000370433974825,-0.000649970323257
0.969827,0.00198282579469,0.001033,-0.000371141199226,-0.000650221275897
0.969965,0.0019826713977,0.001042,-0.000371767220513,-0.00065047448955
0.970096,0.00198269152097,0.000682,-0.000372265241032,-0.000650696542022
0.970223,0.00198230649102,0.000463,-0.000372696281391,-0.000650874350886
0.970357,0.0019813134227,0.00053,-0.000373101583623,-0.000651056866642
0.970487,0.00197974977157,0.000694,-0.000373461634699,-0.000651211892468
0.970614,0.00197844221673,0.001021,-0.000373776511554,-0.000651321573687
0.970737,0.00197741092191,0.000623,-0.000374312029129,-0.000651500349591
0.970858,0.00197660794083,0.000623,-0.000374312029129,-0.000651500349591
0.970985,0.00197613563861,0.000632,-0.000374636246499,-0.000651526564621
0.971111,0.00197621498574,0.000867,-0.000374979813672,-0.000651508690888
0.971236,0.00197643561651,0.000934,-0.000375350500693,-0.000651366869698
0.971359,0.0019763903745,0.000714,-0.000375738513722,-0.000651197584428
0.971483,0.00197608520745,0.000549,-0.000376143820668,-0.000650899406057
0.971611,0.00197507735803,0.000572,-0.000376581961164,-0.00065061059805
0.971744,0.00197401959589,0.000745,-0.000377083988535,-0.00065023800155
0.971884,0.00197370330898,0.001244,-0.000377632259962,-0.000649755119687
0.972019,0.00197372435561,0.001028,-0.000378148987672,-0.000649258599212
0.972152,0.00197416497433,0.000656,-0.000378612904913,-0.000648795130041
0.972285,0.00197497748139,0.00066,-0.000379016371258,-0.000648373199955
0.972426,0.00197650616326,0.001152,-0.000379425393199,-0.000647974913863
0.972561,0.00197817027582,0.000992,-0.000379777985766,-0.000647750437134
0.972696,0.00197947041245,0.000604,-0.000380070371679,-0.000647689198576
0.972838,0.00198082424541,0.000794,-0.000380318115762,-0.000647720419178
0.972977,0.00198159455945,0.00069,-0.000380515467084,-0.000647745634383
0.973118,0.00198218445869,0.001189,-0.00038067601126,-0.000647733627302
0.973256,0.0019830145151,0.001192,-0.000380809444543,-0.000647663980502
0.973398,0.00198448613318,0.000652,-0.000380913850869,-0.000647595524982
0.973543,0.00198629257818,0.00061,-0.000381024038764,-0.000647551083887
0.973684,0.00198839034134,0.001031,-0.000381130342136,-0.000647510242615
0.973825,0.00199087366487,0.001061,-0.000381167060947,-0.000647493424644
0.973963,0.00199281127617,0.000695,-0.000381194115543,-0.000647444168734
0.974098,0.00199394034629,0.000537,-0.000381205710014,-0.000647324011864
0.974238,0.00199462082764,0.000479,-0.000381211507169,-0.00064719541179
0.97438,0.00199565735025,0.001009,-0.000381221168976,-0.000647021087481
0.974521,0.00199678527117,0.000904,-0.000381215371909,-0.000646924882345
0.97466,0.00199777923047,0.000449,-0.000381190250672,-0.000646909247249
0.974801,0.00199939491306,0.000704,-0.000381147735524,-0.000646941719589
0.974942,0.00200126421172,0.001166,-0.000381091688442,-0.000646997037945
0.975082,0.00200304891178,0.001114,-0.000381010507956,-0.000647059564317
0.975222,0.00200453112229,0.0008,-0.000380909984277,-0.00064708481312
0.975363,0.00200520048538,0.000758,-0.00038080751093,-0.00064707038539
0.975505,0.00200565200321,0.000695,-0.000380726293789,-0.000647003050438
0.975647,0.00200606175985,0.000975,-0.00038066827513,-0.000646877975581
0.975789,0.00200673571329,0.000453,-0.000380633461369,-0.000646723994035
0.975929,0.00200767919482,0.000492,-0.000380621856354,-0.000646577185924
0.97607,0.0020091156396,0.001193,-0.00038064506617,-0.000646455615222
0.97621,0.00201100335966,0.001317,-0.000380718558276,-0.00064635448425
0.976351,0.00201243308644,0.001097,-0.000380851982544,-0.000646244902461
0.976491,0.00201286283224,0.00073,-0.000381051099508,-0.000646112408687
0.976632,0.00201295326161,0.00064,-0.000381313914775,-0.000645959394654
0.976772,0.00201315863046,0.000937,-0.000381648072727,-0.000645794279437
0.976912,0.00201355366483,0.000752,-0.000382051529865,-0.000645620668538
0.977051,0.00201409940214,0.000762,-0.000382009072876,-0.000645465090612
0.97719,0.00201499734753,0.00096,-0.000381870102691,-0.000645320323247
0.977329,0.00201607454164,0.001264,-0.000381781300108,-0.000645209306388
0.977468,0.00201709034501,0.001161,-0.000381746547859,-0.000645041527383
0.977606,0.00201736878339,0.001033,-0.000381763924223,-0.000644763783111
0.977744,0.00201706518907,0.00092,-0.000381817980955,-0.000644443581089
0.977889,0.0020171466449,0.000864,-0.0003819087086,-0.000644613978376
0.978036,0.00201727509716,0.001192,-0.000382038021134,-0.000645275678141
0.978186,0.00201743093867,0.000889,-0.000382180813042,-0.000645734004746
0.978336,0.00201751256433,0.00087,-0.000382344790777,-0.000645788252297
0.978492,0.00201808091069,0.001243,-0.000382529937755,-0.000645641167426
0.978647,0.00201886405645,0.001204,-0.000382732379854,-0.000645469915465
0.978802,0.00201926573421,0.001007,-0.000382936683867,-0.000645290158074
0.978954,0.00201891551994,0.000991,-0.000383115877052,-0.00064508015778
0.979109,0.00201868978526,0.001028,-0.00038323916312,-0.000644818136583
0.979262,0.00201880179254,0.001288,-0.000383289241177,-0.000644494343828
0.979415,0.00201905790334,0.000706,-0.000383252646066,-0.000644095354226
0.979566,0.00201940389083,0.000674,-0.000383138995032,-0.000643620987144
0.979719,0.00201982677415,0.001004,-0.00038294824626,-0.000643003149051
0.979871,0.00202036490904,0.000949,-0.000382697680124,-0.000642253447093
0.980024,0.00202085518144,0.001085,-0.000382381438777,-0.000641531796342
0.980177,0.00202089389349,0.001043,-0.00038199363326,-0.000640986830082
0.980331,0.00202110679953,0.000844,-0.000381518680007,-0.000640714123809
0.980472,0.00202132582785,0.001026,-0.000381051099508,-0.00064066175691
0.980616,0.00202204791015,0.000659,-0.000379872880835,-0.000640666628481
0.98077,0.00202289377201,0.000647,-0.000378622606652,-0.000640659321106
0.980924,0.0020238436958,0.000945,-0.000377330964032,-0.000640617910633
0.981077,0.00202474378176,0.00093,-0.000374642104321,-0.000640603294353
0.981231,0.0020254358645,0.00093,-0.000374642104321,-0.000640603294353
0.981384,0.00202536404318,0.00092,-0.000373316856154,-0.000640648359845
0.981536,0.00202482452903,0.000779,-0.000372049610878,-0.00064068611429
0.981688,0.00202418124081,0.000934,-0.000370850546818,-0.000640703163749
0.981824,0.00202360991906,0.000667,-0.000369812538919,-0.000640715341579
0.981976,0.00202338527878,0.00076,-0.00036867822846,-0.000640728736848
0.982128,0.00202340941502,0.000724,-0.000367607047816,-0.000640799360512
0.982279,0.00202383485095,0.000912,-0.000366551859623,-0.000640900408047
0.98243,0.00202436671885,0.001068,-0.000365483034159,-0.00064098926429
0.982581,0.00202417001612,0.001035,-0.000364396538448,-0.000641024558958
0.982732,0.0020236542789,0.000889,-0.000363284335477,-0.000640968573152
0.982883,0.00202326099836,0.001526,-0.000362138330084,-0.000640809100923
0.983034,0.00202301278389,0.001399,-0.000360942384694,-0.000640550915837
0.983186,0.00202287639496,0.000727,-0.00035968822847,-0.000640212150105
0.983338,0.00202296787273,0.000957,-0.000358381534691,-0.000639829239138
0.983488,0.00202332586126,0.001186,-0.000357034033019,-0.000639426500555
0.983639,0.00202377876669,0.001253,-0.000355639439267,-0.000638978225335
0.983792,0.00202364024699,0.001098,-0.000354241810348,-0.00063849285388
0.983942,0.00202303937241,0.00084,-0.000352879523954,-0.000637983747785
0.984093,0.00202237608756,0.001075,-0.000351538642842,-0.000637454512555
0.984244,0.00202198517968,0.001216,-0.000350221338602,-0.000636895268526
0.984394,0.00202156492609,0.000829,-0.000348960287933,-0.000636294859194
0.984544,0.00202142781582,0.000849,-0.000347761938231,-0.000635661748675
0.984694,0.00202167338522,0.001033,-0.000346636845708,-0.00063505370335
0.984844,0.00202153025228,0.00088,-0.000345603788477,-0.000634565750495
0.984994,0.00202064353169,0.000875,-0.000344671397249,-0.000634289526875
0.985144,0.00201936122101,0.000857,-0.000343838061953,-0.000634275958412
0.985294,0.00201806980371,0.000833,-0.000343095962991,-0.000634502873637
0.985443,0.00201686437082,0.000816,-0.00034243925596,-0.000634861536048
0.985593,0.0020158502474,0.000769,-0.000341874366768,-0.000635200243113
0.985743,0.0020149072622,0.000744,-0.000341409762231,-0.000635427972186
0.985892,0.00201431863956,0.000902,-0.000341053888839,-0.000635549795619
0.986042,0.00201353069485,0.000748,-0.000340815159269,-0.000635632225018
0.986191,0.00201207055818,0.000665,-0.000340681350024,-0.000635676509853
0.98634,0.00201052137299,0.000634,-0.000340633995535,-0.000635653137788
0.98649,0.00200915310281,0.000863,-0.000340648408136,-0.000635567020791
0.986639,0.00200795216069,0.000538,-0.000340710172806,-0.000635471044453
0.986788,0.00200693953571,0.000496,-0.000340813100874,-0.000635410742244
0.986938,0.00200628443876,0.001043,-0.000340957172776,-0.000635395973253
0.987087,0.0020053733457,0.001013,-0.000341148533169,-0.000635415665145
0.987236,0.00200382473896,0.00057,-0.000341387140249,-0.000635453815989
0.987385,0.00200205411603,0.000619,-0.00034198327458,-0.000635586705978
0.987533,0.00200047845538,0.000619,-0.00034198327458,-0.000635586705978
0.987682,0.00199925952142,0.000565,-0.000342301673714,-0.000635690040552
0.987832,0.00199811742014,0.00057,-0.000342578861845,-0.000635815489669
0.987981,0.00199734935393,0.000781,-0.000342831307957,-0.000635964266123
0.988131,0.00199610983994,0.000932,-0.000343067245963,-0.000636076126813
0.988282,0.00199420879818,0.000772,-0.000343294896042,-0.000636137578121
0.988431,0.00199228201907,0.000738,-0.000343504017556,-0.000636232198423
0.988581,0.00199058339355,0.000714,-0.000343694628395,-0.000636401733043
0.988731,0.00198900737433,0.000649,-0.000343991705547,-0.000636975023455
0.988882,0.00198767119426,0.000649,-0.000343991705547,-0.000636975023455
0.989031,0.00198642714655,0.000829,-0.000344102306382,-0.000637373607939
0.989181,0.00198436352897,0.00069,-0.000344198554707,-0.000637849041846
0.989331,0.00198223742642,0.00072,-0.000344294788737,-0.000638396212472
0.989479,0.00198047688188,0.000748,-0.000344409431899,-0.000638996555083
0.98963,0.00197897205335,0.00079,-0.000344552707327,-0.000639664521638
0.989778,0.00197745128938,0.000812,-0.000344726642035,-0.000640387654544
0.989926,0.00197600794443,0.00084,-0.000344929165943,-0.000641174229321
0.990075,0.00197453294987,0.000874,-0.00034517047536,-0.000642032446116
0.990223,0.00197303258968,0.000878,-0.000345037561807,-0.000642936473678
0.990371,0.0019716009164,0.000857,-0.000344534287976,-0.000643877588703
0.990516,0.00197034545843,0.00079,-0.000343838061953,-0.000644816928792
0.990659,0.00196923511828,0.00081,-0.000342383815878,-0.0006467372287
0.990803,0.00196822098861,0.00081,-0.000342383815878,-0.0006467372287
0.990947,0.00196728003071,0.00085,-0.000341870256681,-0.000647758841837
0.99109,0.00196635600007,0.000884,-0.000341512579493,-0.000648819092562
0.991234,0.00196549014909,0.000905,-0.000341187621368,-0.000649902185581
0.991378,0.00196471789234,0.000914,-0.000340782224166,-0.000650993649856
0.991521,0.00196401901265,0.000927,-0.000340277696765,-0.000652098182984
0.991665,0.00196333219294,0.000939,-0.00033973978939,-0.000653214501896
0.991808,0.0019628491863,0.000949,-0.00033925714893,-0.000654340148811
0.99195,0.00196251446299,0.000942,-0.000338869126862,-0.000655454955864
0.992092,0.00196224681077,0.000983,-0.000338557303157,-0.00065655073159
0.992234,0.00196196657715,0.001021,-0.000338259795595,-0.000657625240802
0.992375,0.0019616795722,0.001046,-0.000337943544738,-0.000658680963607
0.992515,0.00196144981177,0.000957,-0.000337445086191,-0.000660742348952
0.992655,0.00196120148771,0.000957,-0.000337445086191,-0.000660742348952
0.992795,0.00196095704156,0.000868,-0.000337387149248,-0.000661741205215
0.992933,0.00196076238617,0.000832,-0.000337492673396,-0.000662711237391
0.993071,0.00196053008139,0.000809,-0.000337742966224,-0.000663652610836
0.993208,0.00196016767148,0.000794,-0.000338104789863,-0.000664563164888
0.993346,0.0019598343331,0.000813,-0.000338625462821,-0.000665452332734
0.993484,0.00195969760184,0.000819,-0.000339358244324,-0.000666327163572
0.993624,0.00195963199485,0.000803,-0.0003402282526,-0.000667191192521
0.993763,0.00195975192227,0.00078,-0.000341090925219,-0.000668042168746
0.993902,0.00195964542508,0.000738,-0.000341753108272,-0.000668881306794
0.99404,0.00195974161117,0.000727,-0.000342162008167,-0.000669716700942
0.994178,0.00195976071647,0.000723,-0.000342496744374,-0.00067054607448
0.994316,0.00195974116034,0.000682,-0.000343221072341,-0.00067213889043
0.994453,0.00195981151007,0.000682,-0.000343221072341,-0.00067213889043
0.99459,0.00195986752485,0.000635,-0.000343866744856,-0.000672863761169
0.994726,0.00195997579467,0.000571,-0.000344955755287,-0.000673514647557
0.994862,0.00195999072664,0.000705,-0.000346396082589,-0.000674086157159
0.994998,0.00195974478281,0.000832,-0.000348091756995,-0.000674599028948
0.995133,0.00195956508619,0.000909,-0.000349939288484,-0.000675080700202
0.995268,0.00195950010514,0.000986,-0.000351937356173,-0.000675556219427
0.995401,0.0019589981878,0.001084,-0.000354126884314,-0.000676041469026
0.995535,0.00195846281052,0.001145,-0.000356059743932,-0.000677059131615
0.995667,0.00195817262011,0.001145,-0.000356059743932,-0.000677059131615
0.995799,0.00195760930275,0.001149,-0.000356829253789,-0.000677584666142
0.995931,0.0019568981561,0.001137,-0.000357597841811,-0.000678107370678
0.996062,0.00195661484994,0.001152,-0.000358385540888,-0.000678617109333
0.996193,0.00195619087576,0.001193,-0.000359202281694,-0.00067911279644
0.996331,0.00195543397155,0.001259,-0.000360131857635,-0.000679645090303
0.996476,0.00195501667313,0.001276,-0.000361177764088,-0.000680230719172
0.996625,0.00195455612877,0.001238,-0.000362309565694,-0.00068086387753
0.996773,0.00195337193206,0.001134,-0.000364692137572,-0.000682213840944
0.996927,0.00195210642332,0.001134,-0.000364692137572,-0.000682213840944
0.997083,0.00195113132657,0.001125,-0.000365968186493,-0.000682920353466
0.99724,0.00195057240251,0.001125,-0.000367247610873,-0.000683595706911
0.997398,0.00194878254488,0.001073,-0.000368471234763,-0.000684209952106
0.997554,0.0019465131454,0.000898,-0.000369548834903,-0.000684745517876
0.99771,0.00194480739293,0.000669,-0.000370469354769,-0.000685212673055
0.997866,0.00194335352264,0.000711,-0.000371239362525,-0.000685618282229
0.998021,0.00194229933075,0.000816,-0.000371879015072,-0.000685968051564
0.998176,0.0019397497374,0.001225,-0.000372950849309,-0.000686540453428
0.99833,0.00193721004976,0.001225,-0.000372950849309,-0.000686540453428
0.998485,0.00193510506158,0.001151,-0.000373442071965,-0.000686777643448
0.998639,0.00193371100964,0.001044,-0.000373880132418,-0.000686995886974
0.998794,0.00193219520093,0.001063,-0.000374212386812,-0.000687200745507
0.998945,0.00192982803995,0.000927,-0.000374659677462,-0.000687512846961
0.999095,0.00192746056597,0.000927,-0.000374659677462,-0.000687512846961
0.999246,0.00192544876826,0.000932,-0.000374862709461,-0.000687612410772
0.999397,0.00192332674354,0.000945,-0.000375073481433,-0.000687673245077
0.999548,0.00192148395114,0.000852,-0.000375284183186,-0.000687703106346
0.999692,0.00192003438333,0.000675,-0.000375641045409,-0.000687646700154
0.999832,0.00191743654533,0.000675,-0.000375641045409,-0.000687646700154
0.999972,0.00191465884149,0.000679,-0.000375781395019,-0.000687555993835
1.00012,0.00191245491465,0.000675,-0.000375898329228,-0.000687418795357
1.00027,0.00191130008922,0.000777,-0.000375999654712,-0.000687236171563
1.00041,0.00190969299118,0.000736,-0.000376071741801,-0.000686990349034
1.00056,0.00190646815794,0.000723,-0.000376104860139,-0.000686644654234
1.00071,0.00190352054171,0.00075,-0.000376034725134,-0.000685683814099
1.00085,0.0019022291994,0.00075,-0.000376034725134,-0.000685683814099
1.001,0.001901341265,0.000724,-0.00037588273925,-0.000685132621763
1.00114,0.00189889148998,0.000646,-0.000375633247295,-0.000684665388227
1.00126,0.00189611053544,0.000526,-0.000375323194327,-0.000684333597501
1.00137,0.00189401973152,0.000621,-0.000374960297809,-0.0006840316682
1.00148,0.00189249511256,0.000605,-0.000374560089877,-0.000683748505857
1.00159,0.00189123591218,0.00055,-0.000374108820328,-0.00068344397498
1.00171,0.00188888208174,0.000587,-0.000373604424354,-0.000683124734525
1.00183,0.00188604701812,0.00049,-0.000372713908619,-0.000682638767759
1.00195,0.0018832389018,0.00049,-0.000372713908619,-0.000682638767759
1.00207,0.00188107861105,0.00052,-0.000372402422039,-0.000682512447338
1.00219,0.00187972402136,0.000552,-0.000372204479956,-0.000682461015318
1.00231,0.0018780666655,0.00056,-0.000372129990692,-0.000682445360998
1.00243,0.00187561719175,0.000495,-0.000372325996284,-0.000682343595439
1.00255,0.00187324037015,0.000495,-0.000372325996284,-0.000682343595439
1.00267,0.00187133906606,0.000495,-0.000372565041053,-0.000682226146759
1.00279,0.00187034889533,0.000523,-0.000372890153938,-0.000682076218023
1.00291,0.0018695267212,0.000491,-0.000373281634746,-0.000681924003543
1.00303,0.00186773436767,0.000463,-0.000373739360322,-0.000681781818394
1.00316,0.00186551307976,0.00042,-0.000374237787324,-0.000681677671791
1.00328,0.00186384102935,0.000483,-0.000374702631973,-0.000681610468419
1.00341,0.00186282655531,0.000563,-0.000374171353063,-0.000681572382324
1.00353,0.0018619937725,0.000613,-0.000373083967178,-0.000681443539271
1.00366,0.0018599590143,0.000613,-0.000373083967178,-0.000681443539271
1.00379,0.00185806891919,0.000626,-0.000372527818696,-0.000681288881874
1.00391,0.00185707495723,0.00064,-0.000371957455626,-0.000681048952112
1.00404,0.0018563488371,0.000641,-0.00037137676563,-0.000680702299507
1.00417,0.00185494296809,0.000629,-0.000370783756509,-0.00068023633595
1.00429,0.00185382452965,0.000612,-0.000370180360846,-0.000679605723013
1.00442,0.00185321319775,0.000744,-0.000369582295955,-0.000678768122738
1.00455,0.00185354332866,0.000945,-0.000368965936287,-0.000677702126561
1.00466,0.00185241294103,0.000968,-0.000368384474505,-0.00067660773134
1.00478,0.00185066237924,0.000951,-0.00036778471635,-0.000675530129098
1.0049,0.00184940333433,0.000851,-0.00036721600231,-0.000674639944245
1.00501,0.00184893183068,0.000828,-0.00036660920879,-0.000673865375031
1.00512,0.00184839045713,0.000668,-0.000366035484573,-0.00067325713356
1.00522,0.00184747203206,0.000609,-0.000365421621202,-0.00067267551336
1.00533,0.00184654203795,0.000442,-0.000364275481819,-0.000671631405847
1.00541,0.00184601982464,0.000442,-0.000364275481819,-0.000671631405847
1.00549,0.00184570071278,0.000426,-0.000363763217611,-0.000671143994452
1.00557,0.001845306912,0.000425,-0.000363260481331,-0.000670657238035
1.00565,0.00184466892238,0.000453,-0.000362735464496,-0.00067013787418
1.00572,0.00184394934132,0.000447,-0.000362227935837,-0.000669624843497
1.0058,0.00184332403758,0.000484,-0.000361700076542,-0.000669076782266
1.00588,0.00184272076538,0.000486,-0.000361193718878,-0.000668532705276
1.00596,0.00184280886766,0.000568,-0.000360670992463,-0.00066795921222
1.00604,0.00184295810904,0.00068,-0.000359614260374,-0.00066679979729
1.00612,0.00184282761893,0.00068,-0.000359614260374,-0.00066679979729
1.0062,0.00184244338884,0.000726,-0.000359076235271,-0.000666234663196
1.00628,0.00184201169574,0.000689,-0.000358579811381,-0.000665748747731
1.00637,0.0018417250479,0.000718,-0.000358064965966,-0.00066529015448
1.00645,0.00184158204789,0.000722,-0.000357531655072,-0.000664868238294
1.00653,0.00184130043161,0.00064,-0.000357030018368,-0.000664521390937
1.00662,0.00184117740723,0.000626,-0.000356501872812,-0.000664192876608
1.0067,0.00184144309914,0.000603,-0.000355945142671,-0.000663876922784
1.00678,0.00184173314298,0.000515,-0.000355420128113,-0.000663592156825
1.00687,0.00184214670326,0.000482,-0.000354864473055,-0.000663290937807
1.00695,0.00184221287497,0.000443,-0.00035428414634,-0.000662967414772
1.00703,0.00184179317677,0.000364,-0.000353737596195,-0.000662650666743
1.00712,0.00184130690847,0.000331,-0.00035316029001,-0.000662301074038
1.0072,0.00184091753734,0.000324,-0.000351985913524,-0.000661536926838
1.00728,0.00184035719103,0.000324,-0.000351985913524,-0.000661536926838
1.00737,0.00183983970838,0.000374,-0.000351340206186,-0.000661100068642
1.00747,0.00183935305099,0.000397,-0.00035066141497,-0.000660635917819
1.00755,0.00183866585257,0.000355,-0.000350052935023,-0.000660220498182
1.00764,0.00183799938106,0.000365,-0.000349413412657,-0.000659793008972
1.00773,0.00183745145558,0.000371,-0.000348746823045,-0.000659358110088
1.00782,0.00183711791893,0.000363,-0.000348069367222,-0.000658932215395
1.0079,0.00183683836233,0.000324,-0.000347436025965,-0.00065855176541
1.00799,0.0018365789398,0.000326,-0.00034677962894,-0.000658178073761
1.00808,0.00183583830546,0.000335,-0.000346126648111,-0.000657827626353
1.00817,0.00183489927854,0.000338,-0.00034548526937,-0.0006575098908
1.00825,0.0018339785258,0.000335,-0.000344859619418,-0.000657234353652
1.00834,0.00183310161713,0.000346,-0.000344216983607,-0.000656995194066
1.00843,0.00183225854072,0.000343,-0.00034357370974,-0.000656807790719
1.00852,0.00183145727398,0.000316,-0.000342318102979,-0.000656582576482
1.0086,0.00183061915461,0.000316,-0.000342318102979,-0.000656582576482
1.00869,0.0018299108038,0.000314,-0.000341691442722,-0.000656521243741
1.00878,0.00182954056258,0.000373,-0.000341074464866,-0.000656476418823
1.00887,0.00182924460204,0.000425,-0.00034046719789,-0.000656435129099
1.00896,0.0018287777502,0.000433,-0.000339894406058,-0.000656384396978
1.00905,0.00182815944461,0.000441,-0.000339310793341,-0.000656314779271
1.00914,0.00182726610598,0.000405,-0.000338739046398,-0.000656222727175
1.00923,0.00182642771825,0.000373,-0.000338179197221,-0.000656108228095
1.00933,0.00182566672071,0.000402,-0.000337635414152,-0.000655972447229
1.00942,0.00182494198556,0.000433,-0.000337107738068,-0.000655817729443
1.00952,0.00182429046357,0.000515,-0.000336546484014,-0.000655632240205
1.00961,0.00182360638528,0.000538,-0.000336038660864,-0.000655453773754
1.00971,0.00182328499034,0.000554,-0.00033555741854,-0.000655272877493
1.00981,0.00182298250134,0.000604,-0.000335092433605,-0.000655088365791
1.00992,0.00182259746094,0.000673,-0.000334620882882,-0.0006548872166
1.01002,0.00182150206594,0.000636,-0.000334198898987,-0.000654696640716
1.01012,0.00182049802408,0.000662,-0.000333789126591,-0.0006545036223
1.01022,0.00181967331636,0.000668,-0.000333414490352,-0.000654318822183
1.01032,0.00181874985691,0.000713,-0.000333047971515,-0.000654129211592
1.01043,0.00181823945334,0.000768,-0.000332681246991,-0.000653921741462
1.01053,0.00181759068538,0.000735,-0.000332353938327,-0.000653720115419
1.01063,0.00181723851307,0.000773,-0.000332043156196,-0.000653512473052
1.01073,0.00181681602831,0.000786,-0.000331759360302,-0.000653304743237
1.01085,0.00181660256156,0.000871,-0.000331454559962,-0.00065306841843
1.01094,0.00181578925628,0.00075,-0.000331210199622,-0.000652870008222
1.01104,0.001815118904,0.000746,-0.000330974106829,-0.000652669140613
1.01116,0.0018147247332,0.000834,-0.000330754652212,-0.000652464623352
1.01128,0.00181435681819,0.000854,-0.000330564398682,-0.000652268349826
1.0114,0.00181422639662,0.000846,-0.000330397097153,-0.000652070808018
1.0115,0.00181412558284,0.000711,-0.000330265317108,-0.000651894619766
1.0116,0.00181414192715,0.000686,-0.000330141879998,-0.00065171836866
1.01172,0.0018140222217,0.000719,-0.000330014234114,-0.00065153013929
1.01183,0.00181351247016,0.000712,-0.000329899122232,-0.000651354950098
1.01195,0.00181325821889,0.000707,-0.000329763054833,-0.000651172544362
1.01207,0.00181317446177,0.000699,-0.000329635335102,-0.000651006770985
1.01219,0.00181305963209,0.000769,-0.000329513873573,-0.00065085526038
1.01229,0.00181300241011,0.000817,-0.000329394484269,-0.000650708477504
1.01241,0.00181319028418,0.000868,-0.000329289738897,-0.000650552099862
1.01253,0.00181364827931,0.000826,-0.000329187072187,-0.00065035745406
1.01266,0.00181401639367,0.000764,-0.000329105346372,-0.000650114935313
1.01278,0.00181393916812,0.000712,-0.00032903408991,-0.000649828060265
1.0129,0.00181399685424,0.000717,-0.000328870589928,-0.000648989193148
1.01303,0.00181431989166,0.000717,-0.000328870589928,-0.000648989193148
1.01314,0.00181476344604,0.000635,-0.000328772051016,-0.000648517080107
1.01325,0.00181581380238,0.000656,-0.00032862945786,-0.000647995315802
1.01336,0.00181681948569,0.000715,-0.000328392432984,-0.000647452578626
1.01347,0.00181783063773,0.000763,-0.000328002099197,-0.000646924882345
1.01358,0.00181898179828,0.000799,-0.000327468687325,-0.000646408664116
1.01368,0.00182026641918,0.000736,-0.000326934841543,-0.000645923242727
1.01378,0.00182152704473,0.000638,-0.000326478416598,-0.000645415633168
1.01389,0.00182301151261,0.000653,-0.000326074310509,-0.000644769822679
1.01398,0.00182435980217,0.000652,-0.000325556186061,-0.000643320643903
1.01408,0.00182586488235,0.000652,-0.000325556186061,-0.000643320643903
1.01418,0.00182767555962,0.000705,-0.000325313833224,-0.000642465855744
1.01428,0.00182927114866,0.000656,-0.000325107235919,-0.000641669160465
1.01439,0.00183120860439,0.00072,-0.000324871045191,-0.000640810318461
1.01448,0.00183271663491,0.000725,-0.000324482833303,-0.000639294624748
1.0146,0.00183478352379,0.000725,-0.000324482833303,-0.000639294624748
1.0147,0.00183613852579,0.00062,-0.000324358303785,-0.000638706866551
1.01482,0.00183792703685,0.000714,-0.000324149294495,-0.000638098831441
1.01492,0.00183919219487,0.000623,-0.000323982461659,-0.000637676320348
1.01504,0.00184104350386,0.000689,-0.000323532435674,-0.000637021643539
1.01514,0.00184228851825,0.000689,-0.000323532435674,-0.000637021643539
1.01526,0.00184375815815,0.000714,-0.000323268192577,-0.000636794636522
1.01537,0.00184443469059,0.000673,-0.000323109595795,-0.000636668204293
1.01549,0.00184550122024,0.000678,-0.000322857877152,-0.000636488935067
1.01562,0.00184668450881,0.000832,-0.000322682251714,-0.000636315744379
1.01576,0.00184788912805,0.000837,-0.000322603945762,-0.000636165843196
1.0159,0.00184906261553,0.000819,-0.000322595479696,-0.000636004833869
1.01603,0.00185009171758,0.00077,-0.000322608178754,-0.000635817949142
1.01613,0.00185046281714,0.000508,-0.000322534097464,-0.00063564575691
1.01625,0.00185140467915,0.000648,-0.00032234568179,-0.000635355356287
1.01636,0.00185220739632,0.000577,-0.000322148740407,-0.00063511035404
1.01646,0.00185348585589,0.000574,-0.000321879703841,-0.000634860303969
1.01655,0.00185448112715,0.000469,-0.000321663547676,-0.000634654504438
1.01665,0.00185594298669,0.000653,-0.000321129210736,-0.000634189605072
1.01676,0.00185780036646,0.000653,-0.000321129210736,-0.000634189605072
1.01686,0.00185897190776,0.000626,-0.000320927661751,-0.000634045238522
1.01698,0.00186108141749,0.000883,-0.000320613546881,-0.000633845277944
1.01708,0.00186218623138,0.000785,-0.000320384233488,-0.000633718101171
1.01721,0.00186394662181,0.00083,-0.0003197893459,-0.000633322783683
1.0173,0.00186467878813,0.00083,-0.0003197893459,-0.000633322783683
1.01742,0.00186595201736,0.001078,-0.000319519345042,-0.000633055768747
1.01752,0.00186713514912,0.000927,-0.000319336447093,-0.000632779951899
1.01761,0.00186790480786,0.000789,-0.000319279015193,-0.000632526264963
1.01772,0.00186933214195,0.000913,-0.000319466182256,-0.000631897065314
1.01783,0.00187141656686,0.000913,-0.000319466182256,-0.000631897065314
1.01792,0.00187255721819,0.000691,-0.000319546987998,-0.000631668972302
1.01802,0.00187333608045,0.000736,-0.000319589513364,-0.000631458142438
1.01814,0.00187425071441,0.000824,-0.000319572503547,-0.00063123853764
1.01825,0.00187529356654,0.000837,-0.00032006136105,-0.000630878526387
1.01836,0.0018761197372,0.000837,-0.00032006136105,-0.000630878526387
1.01847,0.00187691886604,0.000901,-0.000321116483149,-0.000630731965488
1.01859,0.00187859995595,0.001035,-0.000322874802431,-0.000630580391655
1.01872,0.00188026514869,0.00101,-0.000324860498983,-0.000630434987091
1.01884,0.00188174145972,0.000725,-0.000327922325002,-0.000630075645797
1.01897,0.00188259090154,0.000725,-0.000327922325002,-0.000630075645797
1.01909,0.00188279427227,0.000648,-0.000329281358544,-0.00062984797212
1.01922,0.00188325498661,0.000976,-0.000331322992657,-0.000629565414549
1.01934,0.00188356454309,0.001333,-0.000334101159383,-0.000629276469863
1.01946,0.00188409766007,0.001529,-0.000340547513212,-0.000628680622874
1.01958,0.00188520016087,0.001529,-0.000340547513212,-0.000628680622874
1.01969,0.00188574816515,0.001125,-0.000342860035434,-0.000628416131062
1.01979,0.00188547657215,0.000752,-0.000344401243775,-0.000628176471895
1.01989,0.00188491610764,0.000674,-0.000345779483764,-0.000627937948254
1.01999,0.00188420902036,0.000744,-0.000347297463465,-0.00062769556302
1.02009,0.00188362511225,0.000815,-0.000348956222595,-0.000627485568582
1.02018,0.00188341765449,0.000959,-0.000350902619697,-0.000627287994299
1.02029,0.00188332623766,0.001045,-0.000353016892438,-0.000627114115182
1.02038,0.00188297781078,0.000956,-0.000354945032557,-0.000626983979522
1.02048,0.00188280620868,0.000867,-0.000356688681194,-0.000626870083386
1.02059,0.00188265175442,0.000684,-0.000358060957765,-0.000626776193689
1.02068,0.00188231709909,0.000465,-0.000358992190539,-0.000626722355747
1.02078,0.00188206096176,0.000475,-0.000359752193986,-0.000626713590889
1.02089,0.00188182890564,0.000491,-0.000360463379506,-0.000626757413661
1.02099,0.00188152917935,0.00052,-0.000361389132743,-0.000626923905631
1.02109,0.00188121245984,0.00052,-0.000361389132743,-0.000626923905631
1.02119,0.00188106938718,0.000561,-0.000361668191831,-0.000626955195005
1.02129,0.00188067479961,0.000532,-0.000361933185161,-0.000626891362631
1.02139,0.00188049989235,0.000558,-0.000362204042198,-0.000626734876709
1.0215,0.00188025726915,0.000553,-0.000362723527277,-0.000626303977768
1.0216,0.00187983992166,0.000553,-0.000362723527277,-0.000626303977768
1.0217,0.00187941391914,0.000589,-0.000362980128325,-0.00062614480325
1.02181,0.00187879672202,0.00064,-0.00036326246921,-0.000626075853891
1.02192,0.00187789691684,0.000715,-0.00036358839773,-0.000626115971023
1.02204,0.00187706346437,0.000822,-0.00036440249146,-0.000626390437459
1.02215,0.00187615985,0.000822,-0.00036440249146,-0.000626390437459
1.02228,0.00187555231264,0.000894,-0.000364894415038,-0.000626471871504
1.02239,0.00187481797792,0.000849,-0.000365385959349,-0.000626428024029
1.02252,0.00187364898782,0.000856,-0.000365916718459,-0.000626238809993
1.02264,0.00187231337296,0.000817,-0.000366476704619,-0.000625929148601
1.02276,0.00187116474467,0.000768,-0.000367071768315,-0.000625533961725
1.02288,0.00187027744194,0.000717,-0.000367703784616,-0.000625076917555
1.02301,0.00186954884198,0.000661,-0.00036836869864,-0.000624579225729
1.02313,0.0018686195023,0.000603,-0.000369070345956,-0.000624062165484
1.02325,0.00186764309255,0.000565,-0.000369294867126,-0.000623552138197
1.02337,0.00186675525655,0.00057,-0.000369155043085,-0.000623069344749
1.02348,0.00186590543037,0.000574,-0.000368995487934,-0.000622610076627
1.0236,0.00186519753328,0.000579,-0.000368877273101,-0.000622169344678
1.02371,0.00186439716566,0.000586,-0.000368835892714,-0.000621737082031
1.02383,0.00186347536159,0.000601,-0.000368940323748,-0.000621299389898
1.02395,0.0018624503558,0.000578,-0.000369326372521,-0.000620429214433
1.02407,0.00186141057031,0.000578,-0.000369326372521,-0.000620429214433
1.02419,0.00186049643909,0.000564,-0.0003695370247,-0.000619989128177
1.02431,0.0018596085096,0.000562,-0.000369788928097,-0.000619542312282
1.02443,0.00185868553583,0.000611,-0.000370085966985,-0.000619091291649
1.02455,0.001857723771,0.00069,-0.000370699276344,-0.000618177866834
1.02467,0.00185680063219,0.00069,-0.000370699276344,-0.000618177866834
1.02478,0.00185605153607,0.000703,-0.000371005708927,-0.000617715443354
1.0249,0.00185534793843,0.000722,-0.00037137676563,-0.000617234742089
1.02501,0.00185469989175,0.000754,-0.000371849597362,-0.000616731881291
1.02513,0.00185402396398,0.00078,-0.000372856866911,-0.000615699085374
1.02525,0.00185335254564,0.00078,-0.000372856866911,-0.000615699085374
1.02537,0.00185266365409,0.000795,-0.000373301202437,-0.000615184466796
1.02548,0.00185199217015,0.000797,-0.000373710028862,-0.000614682151467
1.0256,0.00185141634833,0.00078,-0.000374124454091,-0.000614193459608
1.02572,0.0018507940817,0.000738,-0.000374569854059,-0.000613718430891
1.02583,0.00185018175161,0.000683,-0.000375046163102,-0.000613253247087
1.02595,0.00184956084516,0.000692,-0.000375543562066,-0.000612799222334
1.02607,0.00184896771955,0.000699,-0.000376058104334,-0.000612357674671
1.02618,0.00184836025639,0.0007,-0.000376615052769,-0.000611927347861
1.0263,0.00184766659046,0.000695,-0.000377227907263,-0.000611509560571
1.02642,0.0018470541039,0.00067,-0.000378651710973,-0.000610731107267
1.02653,0.00184624922848,0.00067,-0.000378651710973,-0.000610731107267
1.02665,0.00184546723557,0.000647,-0.000379456398258,-0.00061038474964
1.02677,0.00184465627246,0.000614,-0.000380323921095,-0.000610076967907
1.02688,0.00184365318697,0.000612,-0.000381263679163,-0.000609814302746
1.027,0.00184266311584,0.000624,-0.00038310817087,-0.00060942847268
1.02712,0.00184165345556,0.000624,-0.00038310817087,-0.00060942847268
1.02723,0.00184049984906,0.000642,-0.000382932829689,-0.000609304116876
1.02735,0.00183924819476,0.000672,-0.000382844177069,-0.0006092289707
1.02747,0.00183790755735,0.000712,-0.000382844177069,-0.000609196576727
1.02759,0.00183641245732,0.000778,-0.000383119730108,-0.000609239336341
1.0277,0.00183486744341,0.000778,-0.000383119730108,-0.000609239336341
1.02782,0.00183321673165,0.000791,-0.000383402865041,-0.000609297639189
1.02794,0.00183142700156,0.000779,-0.000383784028899,-0.000609374070708
1.02806,0.00182966542034,0.000756,-0.000384259197153,-0.000609467327716
1.02818,0.00182784844646,0.000722,-0.00038482047106,-0.000609578695914
1.02829,0.00182588659189,0.000678,-0.000385459941924,-0.000609708163555
1.02841,0.00182396378565,0.000639,-0.000386175452868,-0.000609863481786
1.02853,0.00182183405581,0.000593,-0.000386960998397,-0.000610043333543
1.02865,0.00181966300129,0.000549,-0.000387818225964,-0.000610251572564
1.02877,0.00181743854702,0.000526,-0.000388725836675,-0.000610482994137
1.02889,0.00181507377422,0.000536,-0.000389672170142,-0.000610728523372
1.02901,0.00181276667181,0.000592,-0.000391524434342,-0.000611243753756
1.02912,0.00181048692302,0.000592,-0.000391524434342,-0.000611243753756
1.02924,0.00180862765209,0.000633,-0.000392339363693,-0.000611504400581
1.02936,0.00180712366675,0.000664,-0.000393088766394,-0.000611766204714
1.02948,0.00180573226457,0.000695,-0.00039389218736,-0.000612027875595
1.0296,0.00180442396141,0.000699,-0.000394741851911,-0.00061228297311
1.02972,0.00180322419968,0.00067,-0.000396435823748,-0.00061277606017
1.02983,0.00180207165884,0.000634,-0.000397172780265,-0.000613020497008
1.02995,0.00180112954578,0.000634,-0.000397172780265,-0.000613020497008
1.03007,0.00180025329973,0.00071,-0.000397794084676,-0.000613266103132
1.03019,0.0017993250957,0.00081,-0.000398300082528,-0.000613503881908
1.03031,0.00179838879919,0.000894,-0.000398698571141,-0.000613740266177
1.03043,0.00179762249971,0.000946,-0.000398905233333,-0.000613986811977
1.03055,0.00179672561633,0.000983,-0.000399038587846,-0.000614261468257
1.03066,0.00179580055381,0.000972,-0.000399038587846,-0.000614939777712
1.03078,0.0017949240175,0.000972,-0.000399038587846,-0.000614939777712
1.0309,0.00179410146306,0.00094,-0.000398854513532,-0.00061533301677
1.03102,0.0017930549157,0.000888,-0.000398589576089,-0.000615734910202
1.03114,0.00179205276022,0.000817,-0.000398260595671,-0.000616107084215
1.03126,0.00179125064562,0.000737,-0.00039794084769,-0.000616417661539
1.03137,0.00179055847813,0.000662,-0.000397739510095,-0.00061665015163
1.03149,0.00178964973258,0.000533,-0.000398004810459,-0.000616914448838
1.03161,0.0017889732017,0.000533,-0.000398004810459,-0.000616914448838
1.03173,0.00178810943535,0.00055,-0.000398493719795,-0.000616997412552
1.03185,0.00178724226645,0.00056,-0.000399166280798,-0.000617082914915
1.03196,0.00178641053467,0.000536,-0.000400838881854,-0.000617315102936
1.03208,0.00178540060201,0.000536,-0.000400838881854,-0.000617315102936
1.0322,0.00178436956761,0.0005,-0.000401753900098,-0.000617452835012
1.03232,0.00178341722349,0.000474,-0.000402639561431,-0.000617579056829
1.03244,0.00178244744837,0.000453,-0.000403464290507,-0.000617670834944
1.03255,0.00178154632258,0.000464,-0.000404246951684,-0.000617714168882
1.03267,0.00178104708587,0.000474,-0.000405642099432,-0.000617627497332
1.03279,0.00178042453388,0.000486,-0.000406321788412,-0.000617510212428
1.03291,0.00178014843814,0.000486,-0.000406321788412,-0.000617510212428
1.03303,0.00178002616321,0.000496,-0.000407032246618,-0.000617355916308
1.03315,0.00178009589626,0.0005,-0.000407786328139,-0.000617183712773
1.03326,0.0017802008887,0.000497,-0.00040857092656,-0.000616996136289
1.03338,0.00178032561034,0.000486,-0.00040938961725,-0.000616789339642
1.0335,0.00178052331775,0.000436,-0.000411014527508,-0.000616320546495
1.03362,0.00178060120791,0.000436,-0.000411014527508,-0.000616320546495
1.03374,0.00178072981409,0.000444,-0.000411769266372,-0.000616055942309
1.03386,0.00178085157661,0.000458,-0.000412438550819,-0.000615793759836
1.03398,0.0017810874099,0.000468,-0.000413013478896,-0.000615580077781
1.0341,0.00178125852122,0.00048,-0.00041350532179,-0.000615450801647
1.03421,0.00178145932598,0.000547,-0.000414280824221,-0.000615386791486
1.03433,0.00178175592485,0.000547,-0.000414280824221,-0.000615386791486
1.03445,0.00178190569978,0.000648,-0.000414588553163,-0.000615330455928
1.03457,0.00178220918272,0.000745,-0.000414875993546,-0.00061519343224
1.0347,0.00178237001808,0.000831,-0.000415170617239,-0.000614982062186
1.03482,0.00178272023912,0.000895,-0.000415496185372,-0.000614724457198
1.03494,0.00178287396568,0.000952,-0.000416267346783,-0.000614098489047
1.03506,0.00178294537479,0.000937,-0.000416700014023,-0.00061369916369
1.03518,0.00178320948899,0.000937,-0.000416700014023,-0.00061369916369
1.0353,0.001783384226,0.000907,-0.000417145140941,-0.000613239105065
1.03543,0.00178361545936,0.000875,-0.000417589944037,-0.000612742601868
1.03555,0.00178383102878,0.000826,-0.000418032602686,-0.000612255923315
1.03567,0.00178406156519,0.000712,-0.000418929687198,-0.000611416672834
1.0358,0.00178413315331,0.000712,-0.000418929687198,-0.000611416672834
1.03592,0.00178436602816,0.000656,-0.000419404081256,-0.000611075940869
1.03605,0.00178460161881,0.000606,-0.00041991441546,-0.000610775031504
1.03617,0.00178510277179,0.000558,-0.000420469667901,-0.0006105036748
1.0363,0.00178583858416,0.000518,-0.00042108421073,-0.00061024898626
1.03642,0.00178634721905,0.000524,-0.00042248139201,-0.000609779356891
1.03655,0.00178670018673,0.000575,-0.000423252810389,-0.000609554093384
1.03667,0.00178736437973,0.000575,-0.000423252810389,-0.000609554093384
1.0368,0.00178807161224,0.000618,-0.000424048495705,-0.00060933002681
1.03693,0.00178876110271,0.000648,-0.00042483773879,-0.000609100678633
1.03705,0.00178939569929,0.000683,-0.000425598981088,-0.000608869931744
1.03718,0.00179004284052,0.000711,-0.000426314362341,-0.000608642973126
1.03731,0.00179072592331,0.00073,-0.000426975070858,-0.000608430189771
1.03744,0.00179136796118,0.000735,-0.000427577698527,-0.000608245879589
1.03756,0.00179197422767,0.000738,-0.000428176145986,-0.000608099163154
1.03769,0.00179244482889,0.000743,-0.000429467779175,-0.000607951106054
1.03782,0.00179268686709,0.000743,-0.000429467779175,-0.000607951106054
1.03795,0.00179281691801,0.000745,-0.000430158976061,-0.000607948508182
1.03808,0.00179310831334,0.000747,-0.000430870779475,-0.000607978382923
1.03821,0.00179344121032,0.000748,-0.000431592430653,-0.000608044620744
1.03834,0.00179390890781,0.000741,-0.000432309663585,-0.000608153699798
1.03847,0.00179406926425,0.000723,-0.00043301538611,-0.000608310785053
1.0386,0.00179401467448,0.000755,-0.00043439068211,-0.000608803799832
1.03873,0.00179377283119,0.000755,-0.00043439068211,-0.000608803799832
1.03886,0.00179353017588,0.000761,-0.000435062105732,-0.000609157701272
1.03899,0.00179334927196,0.000759,-0.000435722170167,-0.000609578695914
1.03912,0.00179330208923,0.000751,-0.000435727476065,-0.000610036865144
1.03926,0.00179308933383,0.000742,-0.000435262148018,-0.000610484286703
1.03939,0.00179272506815,0.000738,-0.000434351684673,-0.000611276019189
1.03952,0.00179244283554,0.000738,-0.000434351684673,-0.000611276019189
1.03965,0.00179195999358,0.000781,-0.000433915450531,-0.000611664336191
1.03978,0.00179169064557,0.000823,-0.000433489551914,-0.000612111633691
1.03991,0.00179158053107,0.000849,-0.000433075787481,-0.000612629342207
1.04004,0.00179153332064,0.000853,-0.00043229009781,-0.000613792923927
1.04018,0.00179143297379,0.000853,-0.00043229009781,-0.000613792923927
1.04031,0.00179137269661,0.000847,-0.000431925346879,-0.000614401306763
1.04044,0.00179133978454,0.000852,-0.000431583526631,-0.000615032030249
1.04057,0.00179141304498,0.00087,-0.000431262894424,-0.000615691408299
1.04071,0.00179158465144,0.000943,-0.000430674626584,-0.000617031870447
1.04084,0.00179176112702,0.000943,-0.000430674626584,-0.000617031870447
1.04098,0.00179201997619,0.000977,-0.000430405258492,-0.00061765936358
1.04111,0.00179242937255,0.000998,-0.000430150050902,-0.000618226250614
1.04124,0.0017927536528,0.000999,-0.000429910807572,-0.000618731459928
1.04138,0.00179323948983,0.000968,-0.000429689333916,-0.000619185340106
1.04151,0.00179374109869,0.000916,-0.0004294856495,-0.000619618501756
1.04165,0.00179432396461,0.000851,-0.000429301559882,-0.000620052564608
1.04179,0.00179503571987,0.000776,-0.000429142447055,-0.000620495131243
1.04192,0.00179573440298,0.000708,-0.000429008330737,-0.000620927182276
1.04206,0.00179654408147,0.000655,-0.000428899227554,-0.000621322169287
1.04219,0.00179737267126,0.000655,-0.000428736430524,-0.000621964634445
1.04233,0.00179830357803,0.000655,-0.000428736430524,-0.000621964634445
1.04246,0.00179907382245,0.000759,-0.00042866306811,-0.000622222404264
1.0426,0.00179980709278,0.000797,-0.000428587907153,-0.000622434587297
1.04273,0.00180097649102,0.000804,-0.000428514526745,-0.00062260502742
1.04287,0.00180204808027,0.000788,-0.000428441137447,-0.000622759005684
1.043,0.00180309148665,0.000788,-0.000428299703725,-0.000622962135184
1.04314,0.00180459458499,0.000788,-0.000428299703725,-0.000622962135184
1.04327,0.00180620061351,0.000806,-0.00042823882335,-0.000622998715106
1.0434,0.00180760464293,0.000818,-0.000428183309442,-0.000622994931098
1.04354,0.00180885864617,0.000807,-0.000428134954474,-0.000622955828035
1.04367,0.00181019325575,0.000766,-0.000428095551276,-0.000622886444233
1.04381,0.00181152509602,0.000718,-0.000428057936743,-0.000622784243576
1.04394,0.00181271498033,0.000656,-0.000428018528536,-0.00062264920628
1.04406,0.00181372550707,0.000584,-0.000427973743373,-0.000622486356631
1.04417,0.001814854808,0.00052,-0.000427916413533,-0.000622290615602
1.04429,0.0018160254313,0.000472,-0.000427853702811,-0.000622079636131
1.04441,0.00181728161477,0.00044,-0.000427730054094,-0.000621714321195
1.04453,0.00181864677646,0.00044,-0.000427730054094,-0.000621714321195
1.04465,0.00182010476351,0.000451,-0.000427679870607,-0.000621582794214
1.04476,0.00182156532167,0.000456,-0.000427642230265,-0.000621487921937
1.04488,0.00182301675276,0.000456,-0.000427617135405,-0.000621420868202
1.045,0.0018244298404,0.000455,-0.000427606380147,-0.000621372786504
1.04512,0.00182583967402,0.000458,-0.000427622512963,-0.000621293062109
1.04524,0.00182724021879,0.000458,-0.000427622512963,-0.000621293062109
1.04536,0.00182844367141,0.000461,-0.000427649400034,-0.000621248765385
1.04548,0.00182955253961,0.000465,-0.000427685247608,-0.000621195604232
1.0456,0.00183058845722,0.000468,-0.000427728261898,-0.000621129777973
1.04573,0.00183157266223,0.000469,-0.000427782025468,-0.000621048749362
1.04585,0.0018325857661,0.000468,-0.000427939704435,-0.000620848654782
1.04597,0.00183356959463,0.000468,-0.000427939704435,-0.000620848654782
1.04609,0.00183434884755,0.000465,-0.000428052563047,-0.00062075871327
1.04621,0.00183558488853,0.000459,-0.000428190472813,-0.000620716904064
1.04634,0.0018369471296,0.000451,-0.00042834983591,-0.000620739709511
1.04646,0.00183842599008,0.000435,-0.000428723905863,-0.00062092971522
1.04658,0.00183993554095,0.000435,-0.000428723905863,-0.00062092971522
1.04671,0.00184135428676,0.000429,-0.00042893142398,-0.000621055080186
1.04683,0.00184265414317,0.00043,-0.000428646962975,-0.000621177882614
1.04696,0.00184376441566,0.000429,-0.000427932538099,-0.000621295593234
1.04708,0.00184458691419,0.00047,-0.000427222651131,-0.000621409480842
1.0472,0.00184533355039,0.000487,-0.000425811166984,-0.000621611884838
1.04733,0.00184592751809,0.000487,-0.000425811166984,-0.000621611884838
1.04745,0.00184647450705,0.000434,-0.000425131191016,-0.000621696617618
1.04757,0.001846958643,0.000445,-0.000424475679137,-0.000621768692616
1.0477,0.00184736631659,0.000452,-0.000423841104391,-0.000621825586723
1.04782,0.00184779662587,0.000449,-0.000423238366572,-0.000621858455976
1.04795,0.00184826536114,0.000604,-0.00042209622034,-0.00062182179398
1.04808,0.00184850541047,0.000604,-0.00042209622034,-0.00062182179398
1.0482,0.00184867062112,0.000655,-0.000421556932495,-0.000621757313031
1.04833,0.00184880598146,0.000686,-0.000421035287542,-0.000621675119591
1.04845,0.00184892544409,0.000699,-0.000420536772021,-0.000621587853572
1.04858,0.00184907340052,0.000684,-0.000419614804761,-0.000621405684998
1.04871,0.00184933517133,0.000684,-0.000419614804761,-0.000621405684998
1.04884,0.00184964235384,0.000663,-0.000419200555017,-0.000621306983141
1.04897,0.00185005084749,0.000637,-0.000418822397589,-0.000621204464809
1.0491,0.00185049994408,0.000609,-0.000418487678367,-0.000621108256005
1.04923,0.00185109459105,0.000584,-0.000418201930441,-0.00062102722397
1.04936,0.00185175006066,0.00054,-0.000417814045898,-0.000620913250862
1.04948,0.00185252164028,0.00054,-0.000417814045898,-0.000620913250862
1.04962,0.00185337542318,0.000529,-0.000417730245065,-0.000620867654479
1.04975,0.00185418881663,0.000546,-0.000417746641784,-0.000620737175623
1.04988,0.00185498133618,0.000576,-0.000417810402622,-0.000620632008155
1.05001,0.00185579103039,0.000576,-0.000417810402622,-0.000620632008155
1.05014,0.00185661332039,0.000618,-0.000417890549666,-0.000620507806575
1.05027,0.00185738194005,0.000663,-0.000417974328519,-0.00062037596771
1.0504,0.00185819487758,0.000708,-0.000418061737686,-0.000620252971879
1.05054,0.00185899870395,0.000748,-0.000418150954979,-0.000620146436047
1.05067,0.00185980638076,0.000782,-0.000418245620309,-0.000620062713705
1.0508,0.00186071355188,0.00083,-0.000418458563676,-0.000619937104415
1.05094,0.00186160911344,0.000844,-0.000418578652832,-0.000619849540248
1.05107,0.00186249874653,0.000844,-0.000418578652832,-0.000619849540248
1.05121,0.00186339082578,0.000847,-0.00041870235636,-0.000619693410313
1.05134,0.00186414208538,0.000841,-0.000418824216214,-0.000619467381537
1.05148,0.00186486891033,0.000826,-0.000418936960387,-0.000619328921213
1.05161,0.00186569458402,0.0008,-0.000419038775942,-0.000619370844359
1.05175,0.0018667549251,0.000769,-0.000418660518265,-0.00061942419611
1.05188,0.00186792078045,0.000711,-0.000417382166479,-0.000619568979893
1.05201,0.00186936626931,0.000711,-0.000417382166479,-0.000619568979893
1.05215,0.00187090899322,0.000684,-0.000416685414211,-0.000619685792996
1.05228,0.00187263283357,0.000666,-0.00041594767027,-0.000619845732769
1.05241,0.00187451969564,0.000652,-0.000415176105777,-0.000620042415309
1.05254,0.00187648064044,0.000649,-0.00041437059446,-0.000620255508175
1.05268,0.001878646984,0.000645,-0.00041354384506,-0.000620465976782
1.05281,0.00188090985709,0.000637,-0.000411877798846,-0.000621003165104
1.05294,0.00188323905733,0.000637,-0.000411877798846,-0.000621003165104
1.05307,0.00188561296139,0.000628,-0.000411062416541,-0.000621406950283
1.05321,0.00188806187477,0.000628,-0.000410244106545,-0.000621927980095
1.05334,0.00189063098428,0.000614,-0.000409435786308,-0.00062254822039
1.05347,0.00189320506929,0.000603,-0.000408635648298,-0.000623271089685
1.05361,0.00189576329456,0.00087,-0.000407041516118,-0.000625279122489
1.05374,0.00189825325703,0.00087,-0.000407041516118,-0.000625279122489
1.05387,0.00190071305828,0.000943,-0.000406254966952,-0.000626461849559
1.05401,0.0019030889859,0.000949,-0.00040549343378,-0.000627649321725
1.05414,0.00190530278327,0.000927,-0.000404771897054,-0.000628806582129
1.05427,0.00190735166183,0.000932,-0.00040410912615,-0.000629896501346
1.0544,0.00190917089316,0.001241,-0.000402943831616,-0.000631857404377
1.05452,0.00191097505356,0.001241,-0.000402943831616,-0.000631857404377
1.05465,0.0019124881233,0.001281,-0.000402422934416,-0.000632756444823
1.05478,0.00191386411654,0.001252,-0.000401959546273,-0.000633594597812
1.05491,0.00191540276602,0.001235,-0.000401536962836,-0.000634411626564
1.05504,0.00191662780573,0.00117,-0.00040117585562,-0.00063517438626
1.05517,0.00191767691386,0.001107,-0.000400687183843,-0.000636486478879
1.0553,0.00191858122153,0.001107,-0.000400687183843,-0.000636486478879
1.05543,0.00191928811506,0.001069,-0.000400535448686,-0.000636959073484
1.05556,0.00191966640037,0.000938,-0.00040025435952,-0.000637483929178
1.05569,0.00191985563048,0.000938,-0.00040025435952,-0.000637483929178
1.05581,0.00191970809639,0.000853,-0.000400087519676,-0.000637573394131
1.05594,0.00191934722686,0.000722,-0.000399907507248,-0.000637564815992
1.05606,0.0019185970504,0.000599,-0.000399468507898,-0.000637469221082
1.05619,0.00191745609931,0.000589,-0.000398632800555,-0.000637279202715
1.05631,0.00191623680052,0.000612,-0.000396878856329,-0.000636630145635
1.05644,0.00191474883106,0.000612,-0.000396878856329,-0.000636630145635
1.05657,0.00191316732249,0.000623,-0.000395939629695,-0.000636249400198
1.05669,0.0019112788109,0.000637,-0.000394942271836,-0.000635826557204
1.05682,0.00190931378376,0.000672,-0.000393875144368,-0.000635333200195
1.05695,0.00190722480585,0.000708,-0.000392760657812,-0.00063476419252
1.05708,0.00190491424313,0.000758,-0.000390314326427,-0.000633349971703
1.05722,0.00190249896509,0.000758,-0.000390314326427,-0.000633349971703
1.05735,0.00189996969276,0.000762,-0.000389038895737,-0.000632560922421
1.05749,0.00189741077013,0.00075,-0.000387753209646,-0.000631761957457
1.05762,0.0018947033366,0.000742,-0.00038649362164,-0.000630981590336
1.05776,0.00189199431994,0.000778,-0.000385206535944,-0.000630201257815
1.0579,0.0018891840824,0.000812,-0.000382682257407,-0.000628806582129
1.05804,0.00188630377151,0.000812,-0.000382682257407,-0.000628806582129
1.05818,0.00188345950708,0.00082,-0.000381458802728,-0.000628247632561
1.05831,0.00188050460579,0.00088,-0.000380277476929,-0.000627784284487
1.05844,0.00187773733175,0.0009,-0.000379214130642,-0.000627424303792
1.05858,0.00187498592902,0.001046,-0.000378098499107,-0.000627069072007
1.05871,0.00187239813636,0.000888,-0.000375972376372,-0.000626424265498
1.05884,0.00186984356964,0.000888,-0.000375972376372,-0.000626424265498
1.05897,0.00186724825618,0.000635,-0.000374942733017,-0.000626122239038
1.0591,0.00186481377921,0.000719,-0.000373903591391,-0.000625817523836
1.05923,0.00186238425579,0.000785,-0.000372849034416,-0.000625671998486
1.05936,0.00185996218643,0.00081,-0.000371786835019,-0.000626142296165
1.05949,0.0018576418267,0.000781,-0.000370730712137,-0.000626612157935
1.05962,0.00185543625738,0.00068,-0.000368656546566,-0.00062749432009
1.05975,0.00185337847713,0.00068,-0.000368656546566,-0.00062749432009
1.05988,0.00185140619822,0.000653,-0.000367646534001,-0.000627875488936
1.06001,0.00184951281544,0.000635,-0.000366585478726,-0.00062822890704
1.06014,0.00184774303645,0.00057,-0.000365504824431,-0.000628537165708
1.06027,0.00184602027374,0.000573,-0.000364368756991,-0.000628810323013
1.06039,0.0018444144094,0.000662,-0.000361833576497,-0.000629303876882
1.06052,0.00184282724939,0.000662,-0.000361833576497,-0.000629303876882
1.06065,0.00184121902649,0.000715,-0.000360407472196,-0.000629541757187
1.06078,0.00183956484924,0.000732,-0.000358944160026,-0.000629765835113
1.06091,0.00183799501098,0.000745,-0.000357451419562,-0.000629969908494
1.06104,0.00183648043519,0.00075,-0.000355945142671,-0.000630145295924
1.06117,0.00183493259101,0.000751,-0.000354433308092,-0.000630290783941
1.0613,0.00183340898982,0.000758,-0.000352903767582,-0.000630410127418
1.06143,0.0018319027939,0.000739,-0.000349876368396,-0.000630591574886
1.06156,0.00183043940842,0.000739,-0.000349876368396,-0.000630591574886
1.06169,0.00182908496936,0.000715,-0.0003484234418,-0.000630658669073
1.06182,0.00182783941515,0.0007,-0.000346997822395,-0.000630715816345
1.06196,0.0018266012362,0.000699,-0.000345571095718,-0.000630767988638
1.06209,0.0018253840271,0.00067,-0.000342808735476,-0.000630858656218
1.06222,0.00182422897112,0.000653,-0.000341467341904,-0.000630895912144
1.06235,0.00182311413209,0.000653,-0.000341467341904,-0.000630895912144
1.06248,0.00182216762408,0.000639,-0.000340172623416,-0.000630926956648
1.06261,0.0018213458632,0.000612,-0.00033892899643,-0.000630956757575
1.06274,0.00182059381625,0.000571,-0.000337749170609,-0.000630991523098
1.06287,0.00182001337922,0.000545,-0.000336621069597,-0.000631043666892
1.063,0.00181936688656,0.000484,-0.000334583476611,-0.000631249706294
1.06313,0.00181902536901,0.000484,-0.000334583476611,-0.000631249706294
1.06325,0.00181870203697,0.000502,-0.000333653866068,-0.000631412244255
1.06338,0.00181835653235,0.000526,-0.000332781283179,-0.000631610692862
1.06349,0.00181816047267,0.000531,-0.000331980564745,-0.000631833854219
1.06361,0.00181808809099,0.000552,-0.000331197665863,-0.000632089128821
1.06373,0.00181792273899,0.000561,-0.00032970652622,-0.000632679729891
1.06385,0.00181788899289,0.000532,-0.000329042473425,-0.00063298280948
1.06396,0.00181798751381,0.000532,-0.000329042473425,-0.00063298280948
1.06406,0.00181819893806,0.000491,-0.000328451172797,-0.00063327458313
1.06416,0.00181871381727,0.0005,-0.000327848840186,-0.000633581010592
1.06427,0.00181920836792,0.000532,-0.000327185004451,-0.000633921815456
1.06439,0.00181993039882,0.00059,-0.000326438438015,-0.00063429446077
1.06451,0.00182050724197,0.000683,-0.000324687517043,-0.000635084492561
1.06463,0.0018212123841,0.000683,-0.000324687517043,-0.000635084492561
1.06475,0.00182183095761,0.000704,-0.000323750092298,-0.000635478427899
1.06487,0.00182235895584,0.000686,-0.000322895958418,-0.000635848691542
1.06499,0.00182300393378,0.000677,-0.000322159330151,-0.000636206394655
1.06511,0.00182363600101,0.000639,-0.000321578761199,-0.000636539284263
1.06523,0.00182457417949,0.000585,-0.000320730296224,-0.000637193364355
1.06535,0.00182520829883,0.000552,-0.000320422457922,-0.000637507216114
1.06546,0.0018259756654,0.000552,-0.000320422457922,-0.000637507216114
1.06558,0.00182685604692,0.000544,-0.000320127222859,-0.000637834344461
1.0657,0.00182768316132,0.000509,-0.000319846733426,-0.000638163707381
1.06582,0.00182853856262,0.000481,-0.000319576756042,-0.000638491630688
1.06594,0.00182943709507,0.000488,-0.000319304541099,-0.000638818116997
1.06605,0.00183034493539,0.000503,-0.000318708679434,-0.000639436267751
1.06617,0.00183133991823,0.000503,-0.000318708679434,-0.000639436267751
1.06629,0.00183237113766,0.000506,-0.00031837859618,-0.000639730415148
1.06641,0.00183340530771,0.00052,-0.000318007854568,-0.0006400499975
1.06652,0.00183437422978,0.000505,-0.0003176347724,-0.00064035962672
1.06665,0.00183549883102,0.00054,-0.000317220937979,-0.00064066053901
1.06677,0.00183651671574,0.000546,-0.000316262151752,-0.000641127994484
1.06689,0.00183768776151,0.000546,-0.000316262151752,-0.000641127994484
1.06701,0.00183878107115,0.000553,-0.000315680651694,-0.000641304393895
1.06713,0.0018400428469,0.000563,-0.000315032275891,-0.000641460060229
1.06726,0.00184156505989,0.000594,-0.000314205372055,-0.000641636342385
1.06738,0.00184324855424,0.000582,-0.000313267967511,-0.000641829573355
1.06751,0.0018451309539,0.000616,-0.000312475396274,-0.000642082240593
1.06762,0.00184698245856,0.000591,-0.000312548464122,-0.000642667256958
1.06774,0.00184925821333,0.000591,-0.000312548464122,-0.000642667256958
1.06787,0.00185160869597,0.000617,-0.000313407482305,-0.000642998300234
1.06798,0.00185364972349,0.000564,-0.000314201084892,-0.000643275819107
1.06809,0.00185532209734,0.00052,-0.000314854557207,-0.000643459938482
1.06818,0.00185675154334,0.000496,-0.000315419665818,-0.000643556816097
1.06828,0.0018581031743,0.000466,-0.000315834627893,-0.000643577400163
1.06837,0.00185935533283,0.000521,-0.000316396764597,-0.000643484159652
1.06848,0.00186058007769,0.000521,-0.000316396764597,-0.000643484159652
1.06858,0.00186177162338,0.000475,-0.000316546302319,-0.000643403014098
1.06869,0.00186344490422,0.000541,-0.00031650144455,-0.000643295203297
1.0688,0.00186508727164,0.000525,-0.000316418129198,-0.000643183733904
1.06891,0.00186619566224,0.000573,-0.000316396764597,-0.000643051634631
1.06902,0.00186750217754,0.000628,-0.000316046286713,-0.000642696368477
1.06913,0.00186857347259,0.000645,-0.000315905188352,-0.000642463428728
1.06924,0.00186971443278,0.000645,-0.000315905188352,-0.000642463428728
1.06935,0.00187074747435,0.000647,-0.000315909464502,-0.000642166029838
1.06946,0.00187166506088,0.000613,-0.00031608262536,-0.000641817422668
1.06957,0.00187265960211,0.000616,-0.000316428811239,-0.000641407771483
1.06968,0.00187373424138,0.000608,-0.000316943481284,-0.000640977093136
1.06979,0.00187468377337,0.000611,-0.000318453145523,-0.000640214588088
1.06991,0.00187559268082,0.000611,-0.000319410888418,-0.00063993780101
1.07002,0.00187649965505,0.000611,-0.000319410888418,-0.00063993780101
1.07014,0.00187765783109,0.00063,-0.000320462803534,-0.000639725534445
1.07025,0.00187861056131,0.000548,-0.000321390072154,-0.000639571767915
1.07035,0.00187961848716,0.000527,-0.000322229218192,-0.000639415512232
1.07046,0.00188068989727,0.000552,-0.000323016534567,-0.0006392298952
1.07056,0.00188185389721,0.000611,-0.000324546144357,-0.000639499749875
1.07066,0.00188310186928,0.000611,-0.000324546144357,-0.000639499749875
1.07077,0.00188443174076,0.000654,-0.000325320156607,-0.000639868275334
1.07088,0.00188586867022,0.000693,-0.000326169045181,-0.000640310878934
1.07099,0.00188717522976,0.0006,-0.000326985302242,-0.00064071899487
1.0711,0.0018886892374,0.000446,-0.000328614777392,-0.000641550032693
1.07121,0.00188964106702,0.000446,-0.000328614777392,-0.000641550032693
1.07132,0.00188991108359,0.000465,-0.000329342113676,-0.000641980217301
1.07144,0.00188934211045,0.000575,-0.000330039346745,-0.000642422167639
1.07156,0.00188860087763,0.000669,-0.000330656396303,-0.000642895251714
1.07168,0.00188800163883,0.00065,-0.00033115170669,-0.000643337603586
1.07178,0.00188752367095,0.000513,-0.000331978478261,-0.000644069953155
1.07189,0.00188720605776,0.000469,-0.000332318487427,-0.000644380724811
1.07199,0.00188690211584,0.000469,-0.000332318487427,-0.000644380724811
1.0721,0.00188666207267,0.000519,-0.000332589533701,-0.000644662307411
1.0722,0.00188647546513,0.00057,-0.000332789618837,-0.000644930448279
1.07231,0.00188626519163,0.000609,-0.000332920891428,-0.000645192410346
1.07242,0.00188603412025,0.000633,-0.000333004225422,-0.000645450615772
1.07252,0.00188578205728,0.000635,-0.000333114626597,-0.000645973854688
1.07263,0.0018854358108,0.000635,-0.000333114626597,-0.000645973854688
1.07274,0.00188494461796,0.000627,-0.000333145868827,-0.000646255741297
1.07284,0.00188440174856,0.000616,-0.000333160448023,-0.000646560336316
1.07295,0.00188378044314,0.000618,-0.0003331583653,-0.000646890003379
1.07305,0.00188318785696,0.000613,-0.000333175026894,-0.000647238682824
1.07315,0.00188250897095,0.000623,-0.000333239586554,-0.00064759792709
1.07325,0.00188198883352,0.000703,-0.000333383260965,-0.00064798451488
1.07335,0.00188141128364,0.000749,-0.00033386402806,-0.00064877715739
1.07346,0.00188088228267,0.000704,-0.000334124035921,-0.000649175996926
1.07356,0.00188023686855,0.000693,-0.000334369388376,-0.000649590066913
1.07366,0.00187967263424,0.000693,-0.000334369388376,-0.000649590066913
1.07375,0.00187902597572,0.000568,-0.000334562694423,-0.000649951197838
1.07383,0.00187845310914,0.000534,-0.000334747632638,-0.000650290564207
1.07392,0.00187783006329,0.000516,-0.000334920055896,-0.000650618954369
1.07401,0.00187722148098,0.00052,-0.000335075820869,-0.000650941161855
1.07409,0.00187666493342,0.000524,-0.000335212863292,-0.00065125719853
1.07418,0.00187618522156,0.000537,-0.000335434976979,-0.000651881522184
1.07427,0.00187568656068,0.000537,-0.000335434976979,-0.000651881522184
1.07435,0.00187520553763,0.000545,-0.00033552836669,-0.000652016053534
1.07444,0.0018746988466,0.000552,-0.000335623817909,-0.00065230523141
1.07453,0.00187417759957,0.000558,-0.000335723404289,-0.000652559758198
1.07461,0.00187364040453,0.000561,-0.000335833346587,-0.000652932985372
1.0747,0.0018730353,0.000559,-0.000335959861008,-0.00065324656321
1.07479,0.00187234422356,0.000545,-0.000336256347801,-0.000654001183199
1.07488,0.00187161249283,0.000532,-0.000336426300394,-0.000654446768107
1.07496,0.00187081243244,0.000532,-0.000336426300394,-0.000654446768107
1.07505,0.00187004635141,0.00052,-0.000336608639259,-0.000654921536098
1.07514,0.00186922465271,0.000505,-0.000336803353983,-0.000655382841965
1.07523,0.00186840446694,0.00049,-0.000337008362982,-0.000655919305383
1.07532,0.00186768194576,0.000474,-0.000337227796075,-0.000656417432442
1.07541,0.00186691986993,0.000535,-0.000337463707685,-0.00065694334117
1.0755,0.00186623666986,0.000659,-0.000338001432198,-0.000657918202168
1.07559,0.00186555202841,0.000659,-0.000338001432198,-0.000657918202168
1.07568,0.00186486243641,0.000687,-0.000338305256942,-0.000658235673724
1.07576,0.00186409899107,0.000689,-0.0003386316588,-0.00065864220772
1.07585,0.00186352981275,0.000673,-0.000338980603705,-0.000659080088522
1.07594,0.00186280279229,0.000648,-0.000339352055262,-0.000659476543966
1.07603,0.00186197627561,0.000603,-0.000340158200258,-0.000660006214595
1.07612,0.00186115675683,0.000589,-0.000340566046108,-0.000660154935014
1.07621,0.00186032361782,0.000589,-0.000340566046108,-0.000660154935014
1.0763,0.00185932479776,0.000575,-0.000340955114831,-0.0006602626413
1.07639,0.00185837955909,0.000558,-0.000341298701299,-0.000660335212617
1.07648,0.00185750651504,0.000531,-0.000341578373996,-0.000660379686498
1.07657,0.00185662056084,0.000496,-0.000341781883525,-0.000660418305276
1.07666,0.00185575860818,0.000421,-0.000341970946311,-0.00066053765316
1.07675,0.00185483970196,0.00039,-0.000341973001038,-0.000660610183743
1.07684,0.00185381542774,0.00039,-0.000341973001038,-0.000660610183743
1.07693,0.00185268338904,0.000368,-0.000341936014944,-0.000660671007562
1.07702,0.00185152278411,0.000365,-0.000341874366768,-0.000660702586181
1.07711,0.00185033637286,0.00037,-0.000341802436495,-0.000660690890634
1.0772,0.00184921310339,0.000382,-0.000341734609222,-0.000660634748118
1.07729,0.00184816228811,0.000428,-0.000341642106063,-0.00066050255386
1.07739,0.00184713168008,0.000445,-0.000341621548015,-0.00066038670832
1.07748,0.00184611639411,0.000445,-0.000341621548015,-0.00066038670832
1.07757,0.00184504545242,0.000451,-0.000341609212874,-0.000660205278943
1.07766,0.00184391200147,0.00045,-0.000341574262035,-0.000659964049413
1.07775,0.00184273798491,0.000444,-0.000341465285575,-0.000659673479537
1.07784,0.00184150123433,0.000441,-0.000341230821376,-0.000659344036834
1.07793,0.00184027438297,0.000451,-0.000340292117272,-0.000658585830055
1.07802,0.00183901115697,0.000462,-0.000339618131764,-0.000658166317836
1.07811,0.00183774017936,0.000462,-0.000339618131764,-0.000658166317836
1.0782,0.00183645105397,0.000476,-0.000338850545531,-0.000657720560666
1.07829,0.00183515335818,0.000484,-0.000338015903259,-0.000657253198721
1.07839,0.00183384160056,0.000484,-0.00033714913988,-0.000656762991918
1.07848,0.00183251917775,0.000481,-0.000336279148893,-0.000656252232927
1.07857,0.00183118303266,0.000468,-0.000334733088835,-0.00065517708197
1.07866,0.00182981607544,0.000474,-0.000334157309454,-0.000654616126889
1.07875,0.0018284617341,0.000474,-0.000334157309454,-0.000654616126889
1.07884,0.00182715350689,0.000484,-0.000333759995922,-0.000654042677523
1.07893,0.00182581681027,0.000488,-0.000333558126307,-0.00065346381277
1.07902,0.00182452081405,0.00049,-0.000333549800448,-0.000652881891318
1.07912,0.00182322094531,0.000486,-0.000333726702138,-0.000652304041724
1.07921,0.00182193723707,0.000481,-0.000334065803157,-0.000651731470568
1.0793,0.00182061956339,0.000467,-0.000335017672962,-0.00065061059805
1.07939,0.00181927839892,0.000467,-0.000335017672962,-0.00065061059805
1.07948,0.00181795260305,0.000462,-0.000335517990716,-0.000650058768706
1.07957,0.00181662669764,0.000457,-0.000335984746202,-0.000649512305602
1.07967,0.00181527376376,0.000452,-0.0003364159387,-0.000648971227534
1.07976,0.00181385200271,0.000447,-0.000336821993831,-0.000648435553148
1.07985,0.0018123901081,0.00044,-0.000337231935611,-0.00064790770154
1.07994,0.00181091165653,0.000433,-0.000337660235438,-0.000647387698628
1.08003,0.00180941104874,0.000426,-0.000338119258627,-0.000646875569987
1.08013,0.00180791046314,0.000414,-0.000339071422565,-0.000645871420379
1.08022,0.00180641003457,0.000407,-0.000339529451693,-0.000645380648104
1.08031,0.00180489433774,0.000407,-0.000339529451693,-0.000645380648104
1.0804,0.00180338344186,0.0004,-0.000339954181312,-0.000644897844269
1.0805,0.00180185690645,0.000391,-0.000340335376871,-0.000644429076499
1.08059,0.00180028717691,0.000386,-0.000340673114708,-0.000643980434289
1.08068,0.00179872210062,0.000383,-0.000340973636102,-0.000643556816097
1.08077,0.00179717724025,0.000383,-0.000341243163708,-0.000643164345377
1.08087,0.00179562748383,0.000386,-0.000341487904835,-0.000642805521539
1.08096,0.00179412968063,0.000394,-0.000341716109645,-0.000642481631064
1.08105,0.00179264869813,0.000435,-0.000342102435774,-0.000641918264409
1.08114,0.00179126442825,0.000456,-0.000342192819328,-0.000641669160465
1.08124,0.00178988759374,0.000456,-0.000342192819328,-0.000641669160465
1.08133,0.00178847779664,0.000476,-0.000342168170516,-0.000641435740563
1.08142,0.00178704604303,0.000496,-0.000341999711907,-0.000641216810252
1.08152,0.00178555962772,0.000513,-0.000341672941914,-0.00064100995457
1.08161,0.00178405676396,0.000531,-0.000341181449703,-0.000640815188584
1.0817,0.0017825648761,0.000548,-0.000340551631679,-0.000640631308515
1.0818,0.00178104540246,0.000567,-0.000339811948411,-0.000640458326426
1.08189,0.00177953252335,0.000606,-0.000338077918449,-0.000640145100894
1.08198,0.00177822130706,0.000606,-0.000338077918449,-0.000640145100894
1.08208,0.00177702211861,0.000623,-0.000337124299108,-0.000640002439018
1.08217,0.00177583299162,0.000637,-0.000336154769609,-0.000639869495166
1.08226,0.00177468737373,0.000648,-0.000335212863292,-0.000639742616698
1.08236,0.00177354173269,0.000653,-0.000334358993956,-0.000639624249108
1.08245,0.00177236038365,0.000651,-0.000333660109478,-0.000639511957052
1.08254,0.00177116109276,0.000642,-0.000333177109563,-0.000639408186549
1.08264,0.00176995077935,0.000621,-0.00033295839304,-0.000639308058133
1.08273,0.00176874063717,0.000589,-0.000333008391842,-0.000639201802413
1.08283,0.00176763038152,0.000478,-0.000333814094702,-0.000638898788668
1.08292,0.00176654779286,0.000413,-0.00033444630194,-0.000638664071334
1.08302,0.00176546638429,0.000357,-0.000335106969402,-0.000638361955344
1.08311,0.00176442810362,0.000357,-0.000335106969402,-0.000638361955344
1.0832,0.00176349082414,0.000317,-0.000335717180586,-0.000637994767578
1.0833,0.00176256081985,0.000349,-0.000336231472972,-0.000637567266904
1.08339,0.001761696858,0.000389,-0.000336635571358,-0.000637090338922
1.08349,0.00176088622416,0.000415,-0.000336937963123,-0.000636581033424
1.08358,0.00176019602143,0.000421,-0.000337153279917,-0.000636063835648
1.08368,0.00175958567065,0.000403,-0.00033730230371,-0.000635568251137
1.08378,0.00175904969661,0.000328,-0.000337463707685,-0.000634703805414
1.08387,0.00175862265279,0.000328,-0.000337463707685,-0.000634703805414
1.08397,0.00175818803608,0.00028,-0.000337486466567,-0.000634383262613
1.08407,0.00175778929021,0.000312,-0.000337449224347,-0.000634148890497
1.08418,0.00175725739747,0.000371,-0.000337202958303,-0.000633988467673
1.08429,0.00175666198601,0.000411,-0.000336610710999,-0.000633874906749
1.0844,0.00175588653592,0.000613,-0.00033434859937,-0.000633562481973
1.08451,0.00175499354597,0.000613,-0.00033434859937,-0.000633562481973
1.08463,0.0017540464586,0.000715,-0.000332860467637,-0.000633305481452
1.08474,0.0017529496749,0.000725,-0.000331348055136,-0.000632988992878
1.08485,0.00175178688179,0.000681,-0.000329924239277,-0.000632620329659
1.08495,0.00175066057511,0.000503,-0.000328870589928,-0.000632253873371
1.08505,0.00174966216124,0.000401,-0.000328115445841,-0.000631861122722
1.08515,0.00174869983249,0.000433,-0.000327697645538,-0.000631435814114
1.08524,0.00174782995389,0.000482,-0.000327983206185,-0.00063049091688
1.08534,0.00174697640392,0.000494,-0.00032865881781,-0.000629984837455
1.08544,0.00174614529476,0.000496,-0.00032955157094,-0.000629475759742
1.08554,0.00174532767928,0.000487,-0.000330539306177,-0.000628982373771
1.08563,0.00174454190446,0.000487,-0.000330539306177,-0.000628982373771
1.08573,0.00174377614564,0.000471,-0.000331523465612,-0.000628524689249
1.08583,0.00174302598087,0.000439,-0.000332439429648,-0.000628114042015
1.08593,0.00174221692461,0.000401,-0.000333247916368,-0.000628487258023
1.08603,0.00174149517341,0.000363,-0.000333941001174,-0.000628870173396
1.08613,0.00174084411572,0.00034,-0.000334525284816,-0.000629257782407
1.08622,0.00174031332058,0.000323,-0.000335032210424,-0.000629660032922
1.08632,0.00173983022237,0.000353,-0.000335937048747,-0.000630519500824
1.08642,0.00173936700742,0.000353,-0.000335937048747,-0.000630519500824
1.08652,0.00173896614403,0.000365,-0.000336366200273,-0.000630972899009
1.08662,0.00173849015292,0.000381,-0.000336768143928,-0.000631434573623
1.08672,0.00173799619505,0.000409,-0.000337076684982,-0.000631902022712
1.08682,0.00173750120438,0.000436,-0.000337180189513,-0.000632367800499
1.08692,0.00173699908864,0.000456,-0.000336962811001,-0.000632825725687
1.08702,0.00173660076143,0.000474,-0.000335466108369,-0.00063369216798
1.08712,0.00173611508022,0.000565,-0.000334292465749,-0.000634078557558
1.08722,0.00173567173377,0.000565,-0.000334292465749,-0.000634078557558
1.08732,0.00173520293623,0.000658,-0.000332922974907,-0.00063443012393
1.08742,0.00173471857759,0.000719,-0.000331423236812,-0.000634745707442
1.08752,0.00173429923501,0.000742,-0.000329871911014,-0.000635030302288
1.08762,0.0017339019072,0.000717,-0.00032836935519,-0.000635286423011
1.08772,0.00173344653384,0.000638,-0.000327029452171,-0.000635517804447
1.08783,0.00173306649191,0.000439,-0.000325330695444,-0.000635917547688
1.08793,0.00173251584036,0.000447,-0.000325124103439,-0.000636094562995
1.08803,0.00173208930994,0.000447,-0.000325124103439,-0.000636094562995
1.08813,0.00173156461241,0.000437,-0.000325360203288,-0.000636262915465
1.08824,0.00173117452177,0.000444,-0.000325950082128,-0.000636427526769
1.08834,0.00173082131639,0.000457,-0.000326718236999,-0.000636587172713
1.08844,0.00173055742907,0.000459,-0.000327529610612,-0.00063673940306
1.08854,0.00173020612487,0.000467,-0.000328310608048,-0.000636882997411
1.08865,0.00172996422693,0.0005,-0.00032903408991,-0.000637009375516
1.08875,0.0017297404414,0.000539,-0.000329702338722,-0.000637112417583
1.08886,0.00172960563196,0.000557,-0.000330315522157,-0.000637187232481
1.08896,0.00172947141777,0.000553,-0.000331381470281,-0.000637274298061
1.08907,0.00172938910137,0.000553,-0.000331381470281,-0.000637274298061
1.08917,0.00172929780991,0.000554,-0.000331834494729,-0.000637297594737
1.08928,0.0017292987782,0.000569,-0.000332243408588,-0.00063730740354
1.08939,0.00172935624354,0.000577,-0.000332599956314,-0.000637304951357
1.08949,0.00172932556333,0.000578,-0.000332893805592,-0.000637293916387
1.0896,0.00172933912318,0.000585,-0.000333110460854,-0.000637273071891
1.08971,0.00172946781635,0.0006,-0.000332866718633,-0.000637216664792
1.08982,0.00172964308686,0.000599,-0.000332506146816,-0.000637182326928
1.08993,0.00172974315057,0.000599,-0.000332506146816,-0.000637182326928
1.09004,0.00172977230269,0.000613,-0.000332174578745,-0.000637144307265
1.09015,0.00172971096488,0.000624,-0.000331462912548,-0.000637113644147
1.09026,0.00172961498319,0.000631,-0.000330181633471,-0.000637129589202
1.09037,0.00172954182964,0.000737,-0.000328637846551,-0.000637171289259
1.09048,0.00172951307312,0.000912,-0.000324978606847,-0.000637224022599
1.0906,0.0017294836682,0.000977,-0.000322914998225,-0.000637220343709
1.09071,0.00172954184223,0.000977,-0.000322914998225,-0.000637220343709
1.09082,0.00172959217914,0.000995,-0.000320806702789,-0.000637201948852
1.09094,0.00172965273471,0.000947,-0.000318793835445,-0.000637172515678
1.09105,0.00172970762377,0.000801,-0.00031708649273,-0.00063714062779
1.09117,0.00172980947517,0.000599,-0.00031583248958,-0.000637116097265
1.09128,0.00172997672466,0.000583,-0.000315162858029,-0.000637102604965
1.0914,0.00173007303129,0.000536,-0.000315678512884,-0.000637141854285
1.09151,0.00173024922806,0.000536,-0.000315678512884,-0.000637141854285
1.09163,0.00173045779846,0.000506,-0.000316678721801,-0.000637199496154
1.09175,0.00173063481621,0.000574,-0.000317903412783,-0.000637273071891
1.09186,0.00173087368999,0.000571,-0.000319119455926,-0.000637345410838
1.09198,0.0017310501337,0.000509,-0.000320201575067,-0.00063740302931
1.0921,0.00173127620293,0.000518,-0.000321120725705,-0.000637434900514
1.09221,0.00173157428467,0.000546,-0.000321905129318,-0.000637428771593
1.09233,0.001731909822,0.000594,-0.000323120170102,-0.00063728042887
1.09245,0.00173238961562,0.000614,-0.000323405612224,-0.000637134495271
1.09257,0.00173300494712,0.000614,-0.000323405612224,-0.000637134495271
1.09269,0.00173362764394,0.000636,-0.000323266078204,-0.000636994653492
1.09281,0.0017342453609,0.000658,-0.000322642041712,-0.000636868271677
1.09293,0.00173497031216,0.00068,-0.000321627514755,-0.00063673940306
1.09305,0.00173567844736,0.000704,-0.000320365120441,-0.000636593311927
1.09317,0.00173652185135,0.00073,-0.000318964114543,-0.000636417700744
1.09329,0.00173745972603,0.000781,-0.000315937258803,-0.000635970412962
1.09341,0.00173853884955,0.000803,-0.000314383264897,-0.0006357134109
1.09353,0.00173965567071,0.000803,-0.000314383264897,-0.0006357134109
1.09366,0.00174080341307,0.000821,-0.000312917978239,-0.000635443970887
1.09378,0.00174204610882,0.000831,-0.000311705546277,-0.000635163304344
1.0939,0.00174335303835,0.000829,-0.000310904643892,-0.000634870160514
1.09402,0.00174464885152,0.000806,-0.000310637461761,-0.000634565750495
1.09415,0.00174598586007,0.000727,-0.000311679725783,-0.00063390453381
1.09427,0.00174747824721,0.000703,-0.000312795545772,-0.000633530364084
1.09439,0.00174904439138,0.000703,-0.000312795545772,-0.000633530364084
1.09452,0.0017507982748,0.000731,-0.000314151780517,-0.000633117590358
1.09464,0.00175281811559,0.000716,-0.000315622901387,-0.000632688391839
1.09476,0.00175503450508,0.000728,-0.000317060881013,-0.000632278642329
1.09489,0.00175713121453,0.000757,-0.000318284865072,-0.00063192804825
1.09501,0.00175906519568,0.000783,-0.000319100306223,-0.00063165781293
1.09514,0.00176087713366,0.0008,-0.000319417268713,-0.000631453180674
1.09526,0.00176272376859,0.00081,-0.000318876851989,-0.000631095805296
1.09539,0.00176466112794,0.000805,-0.000318131458214,-0.000630885977499
1.09551,0.00176666724584,0.000805,-0.000318131458214,-0.000630885977499
1.09563,0.00176870726704,0.000792,-0.000317050209171,-0.00063064127514
1.09576,0.00177083976439,0.000771,-0.000315687068084,-0.000630362890665
1.09588,0.00177307276731,0.000748,-0.000314175361328,-0.000630056987882
1.09601,0.00177539875042,0.000727,-0.000312685981783,-0.000629726006301
1.09613,0.00177794318583,0.000716,-0.000311432228462,-0.000629377370187
1.09626,0.00178061828664,0.000702,-0.000310536163038,-0.000628690600989
1.09638,0.00178342443742,0.000696,-0.000311076962471,-0.000628392419852
1.09651,0.00178587836936,0.000696,-0.000311076962471,-0.000628392419852
1.09664,0.00178790201274,0.000688,-0.000312118537711,-0.000628116539359
1.09676,0.00178951459731,0.000673,-0.00031340318998,-0.000627857998946
1.09689,0.00179091016748,0.000659,-0.000314631806251,-0.000627599326383
1.09701,0.00179233272811,0.000654,-0.000316202315032,-0.000627000248308
1.09714,0.00179376372691,0.000654,-0.000316202315032,-0.000627000248308
1.09726,0.00179530727812,0.000681,-0.000316535622174,-0.000626647223475
1.09739,0.00179687773339,0.000689,-0.000316629601536,-0.000626261369017
1.09751,0.00179878025459,0.000673,-0.000316559118266,-0.000625860169906
1.09764,0.00180091761159,0.000607,-0.000316452311124,-0.000625044255784
1.09776,0.00180326188805,0.000607,-0.000316452311124,-0.000625044255784
1.09789,0.0018055589157,0.000613,-0.000316811114787,-0.000624648378781
1.09801,0.00180720433149,0.000639,-0.000317775502405,-0.000624278614853
1.09813,0.00180852432707,0.000796,-0.000319470435437,-0.000623941316416
1.09826,0.00180984382428,0.001059,-0.000321718653038,-0.00062364788605
1.09838,0.00181122668812,0.001137,-0.000324123955523,-0.000623399660307
1.09851,0.00181240793972,0.001039,-0.000326314278482,-0.000623197966396
1.09863,0.00181375798819,0.000865,-0.000328132236271,-0.000623026463636
1.09875,0.00181515234834,0.000705,-0.000329610206978,-0.000622867519735
1.09887,0.00181682243348,0.00071,-0.000330809000209,-0.000622706002035
1.09899,0.00181906608862,0.000785,-0.000332412323854,-0.000622399229602
1.09911,0.00182134711723,0.000785,-0.000332412323854,-0.000622399229602
1.09923,0.0018232212087,0.000833,-0.000332785451021,-0.00062227419519
1.09935,0.0018243337338,0.000864,-0.000332835463055,-0.000622175661586
1.09947,0.00182489673449,0.000891,-0.000332441514663,-0.000622101117082
1.09959,0.00182528842147,0.000895,-0.000331506761878,-0.000622037935225
1.09971,0.00182583745015,0.00088,-0.000329991213356,-0.000621976009396
1.09983,0.00182653698014,0.000921,-0.000326156414681,-0.000621812944138
1.09995,0.0018272612034,0.000921,-0.000326156414681,-0.000621812944138
1.10007,0.00182813928512,0.000898,-0.000324503937665,-0.000621710527623
1.10019,0.00182912354466,0.000909,-0.000323367560425,-0.000621596707328
1.10031,0.0018303356287,0.000904,-0.000322857877152,-0.000621471475612
1.10043,0.00183184427415,0.000908,-0.000323745866641,-0.000621170287447
1.10056,0.00183350010508,0.000938,-0.00032511356129,-0.000620975306049
1.10068,0.0018350539569,0.000957,-0.000327046270411,-0.000620744777249
1.1008,0.00183618608263,0.001124,-0.000329404957885,-0.000620490061021
1.10093,0.00183715076495,0.001124,-0.000329404957885,-0.000620490061021
1.10105,0.00183820715201,0.001226,-0.000331968045736,-0.000620222535341
1.10118,0.00183943257966,0.001233,-0.000333739187506,-0.00061995106253
1.1013,0.00184088785795,0.001176,-0.000333687163565,-0.000619683253865
1.10143,0.00184260578037,0.001085,-0.000333789126591,-0.000619425466322
1.10155,0.00184457271368,0.000974,-0.000333943081402,-0.000619177715201
1.10168,0.00184693969149,0.000848,-0.00033404708438,-0.000618936200945
1.1018,0.00184977573393,0.000775,-0.00033406372332,-0.000618700932496
1.10193,0.00185260103425,0.000711,-0.000333993004899,-0.00061847319115
1.10205,0.0018547713858,0.000644,-0.000333836981298,-0.00061825680643
1.10218,0.00185638314399,0.000602,-0.000333545637478,-0.000618054340091
1.1023,0.00185774665569,0.00075,-0.00033261037876,-0.00061768995331
1.10243,0.00185926234365,0.00101,-0.000332268435825,-0.000617526786928
1.10255,0.00186091501648,0.001174,-0.000332201694396,-0.000617382698313
1.10268,0.00186272672518,0.00119,-0.000332385216936,-0.000617264081639
1.1028,0.00186453535037,0.00119,-0.000332385216936,-0.000617264081639
1.10293,0.00186663938901,0.001062,-0.000332685415471,-0.000617179885369
1.10305,0.00186909211698,0.000835,-0.000331613240874,-0.000617137782036
1.10318,0.00187168994486,0.000837,-0.000330428469446,-0.000617137782036
1.1033,0.00187441580475,0.000817,-0.000329886563349,-0.000617177333751
1.10341,0.0018770027993,0.000775,-0.000330058180587,-0.00061725004989
1.10352,0.00187961422316,0.000747,-0.000330949030025,-0.000617344437876
1.10363,0.0018823668473,0.000743,-0.00033249989237,-0.000617450284755
1.10374,0.00188531939246,0.00111,-0.000332249665487,-0.000617660638189
1.10385,0.00188814055988,0.00111,-0.000332249665487,-0.000617660638189
1.10396,0.00189017061979,0.001098,-0.000332180836303,-0.000617757499146
1.10407,0.00189194753018,0.001003,-0.000332093225043,-0.000617846696949
1.10418,0.0018937758728,0.001052,-0.000331895013408,-0.000617928235605
1.10429,0.00189573862176,0.001147,-0.000331642467371,-0.000618007213773
1.1044,0.00189785402128,0.001216,-0.000331500497868,-0.000618091273896
1.10451,0.00190020877085,0.001247,-0.000331609065554,-0.000618185506683
1.10462,0.00190283772789,0.001227,-0.000332001429228,-0.000618294998629
1.10474,0.00190573465451,0.001151,-0.00033256243413,-0.000618417194484
1.10486,0.00190904997752,0.001181,-0.00033312920649,-0.000618546995558
1.10498,0.0019126675326,0.00133,-0.000333587265981,-0.00061868057986
1.1051,0.00191665017534,0.001454,-0.000333878591237,-0.000618809042272
1.10522,0.00192073966881,0.00163,-0.000333628891831,-0.000618999768407
1.10534,0.00192522074974,0.001685,-0.000333220844084,-0.00061903154917
1.10547,0.00192972569062,0.001704,-0.000332939642503,-0.000619002310941
1.10559,0.00193401414022,0.001708,-0.000332904223354,-0.000618908228754
1.10571,0.00193725550607,0.001708,-0.000332904223354,-0.000618908228754
1.10583,0.00194013090601,0.001702,-0.000332956309674,-0.000618747994859
1.10595,0.00194306260028,0.001693,-0.000332920891428,-0.000618530454118
1.10607,0.00194615647026,0.001676,-0.000332827127982,-0.000618261898888
1.10619,0.00194935398814,0.001646,-0.000332845881747,-0.000617947344346
1.10631,0.00195282151611,0.001624,-0.000333089631738,-0.000617584156046
1.10643,0.00195659781666,0.001505,-0.000331865798193,-0.000617283215222
1.10655,0.00196070027143,0.001434,-0.00033110156573,-0.000617391625336
1.10667,0.00196510406202,0.001364,-0.000330662668398,-0.000617503837478
1.10679,0.0019697408101,0.001323,-0.000330710752458,-0.000617624947946
1.10691,0.00197453768937,0.001323,-0.000330710752458,-0.000617624947946
1.10703,0.00197915583409,0.001261,-0.000331289574525,-0.000617730736769
1.10715,0.00198326099369,0.001203,-0.000332408153632,-0.000617803374246
1.10727,0.00198672796943,0.001142,-0.000333039639151,-0.000617846696949
1.10739,0.00199002550306,0.001093,-0.000332702089126,-0.000617881097656
1.1075,0.00199336880721,0.001046,-0.00033254367223,-0.000617944796555
1.10762,0.00199654227765,0.001007,-0.000332587449158,-0.000618097641524
1.10774,0.00199982825779,0.000988,-0.000332793786626,-0.000618349735804
1.10786,0.00200321844925,0.000954,-0.00033334161946,-0.000619090020605
1.10798,0.00200673372577,0.000941,-0.000333587265981,-0.000619527073022
1.10809,0.00201031044733,0.00094,-0.000333789126591,-0.000619975171103
1.10821,0.00201429663758,0.000939,-0.000333870269461,-0.000620419072629
1.10833,0.00201839393056,0.000997,-0.00033372462122,-0.000620852454778
1.10844,0.00202226833626,0.000997,-0.00033372462122,-0.000620852454778
1.10856,0.00202555928636,0.00104,-0.00033335827638,-0.000621287999821
1.10868,0.00202809056228,0.001062,-0.000332912557444,-0.000621745933193
1.10879,0.00203014713358,0.001042,-0.000332524909792,-0.000622227457269
1.10891,0.00203214808163,0.001009,-0.000332260093519,-0.000622731242557
1.10903,0.00203425657386,0.000981,-0.000332168321127,-0.000623258482972
1.10915,0.00203647713244,0.000965,-0.000332266350259,-0.000623790214643
1.10926,0.00203885194513,0.000936,-0.000332497807542,-0.000624267291301
1.10938,0.0020413383127,0.00091,-0.000331291663209,-0.000624645864289
1.10949,0.00204399535352,0.000885,-0.000330238121099,-0.000624893481902
1.10961,0.00204674388319,0.000853,-0.000329503401698,-0.000624992746412
1.10972,0.00204982912533,0.000842,-0.000329195453746,-0.000624996515567
1.10984,0.00205275540802,0.000816,-0.000329486646348,-0.000624972643775
1.10995,0.00205544763764,0.000805,-0.000331943007,-0.000625039230709
1.11006,0.00205820280377,0.000805,-0.000331943007,-0.000625039230709
1.11017,0.00206065180731,0.000909,-0.000332879220446,-0.000625167354566
1.11028,0.00206205769002,0.000913,-0.000332577026346,-0.000625348180247
1.11038,0.00206316831684,0.000869,-0.000332391472479,-0.000625556552129
1.11049,0.00206386947747,0.00087,-0.000332295547585,-0.000625753548007
1.11059,0.00206464728129,0.000877,-0.000332322658221,-0.000625912845393
1.1107,0.00206552587471,0.000878,-0.000332606209802,-0.00062601441838
1.1108,0.00206644513995,0.000885,-0.000333185440173,-0.000626049525298
1.1109,0.00206748930812,0.000885,-0.000333941001174,-0.000626021941496
1.11101,0.00206867572205,0.000881,-0.000334647897189,-0.000625939181084
1.11111,0.00206977513525,0.00085,-0.000332608294284,-0.0006256581965
1.11122,0.00207091087346,0.00085,-0.000332608294284,-0.0006256581965
1.11132,0.00207228433522,0.000813,-0.000331872058706,-0.000625486267567
1.11143,0.0020737303553,0.000765,-0.000331456648118,-0.000625292934793
1.11154,0.00207512828676,0.000707,-0.000331510937852,-0.000625073148996
1.11165,0.00207651768833,0.000665,-0.0003321224301,-0.000624831903019
1.11176,0.00207775593469,0.000656,-0.000333289563846,-0.000624557849244
1.11187,0.00207914863668,0.000841,-0.000334334046673,-0.000624249676384
1.11198,0.0020800896378,0.001014,-0.000333963883323,-0.000623913617788
1.11209,0.00208091836642,0.001105,-0.000333641379069,-0.000623553398155
1.1122,0.00208112760592,0.001194,-0.000333389506962,-0.000623175270823
1.1123,0.00208154476426,0.001223,-0.000333064635923,-0.000622380286969
1.11241,0.00208195004215,0.001177,-0.000333014641424,-0.000621970953893
1.11252,0.0020826021292,0.001135,-0.000333052137657,-0.000621552437008
1.11262,0.00208344080347,0.001135,-0.000333052137657,-0.000621552437008
1.11273,0.00208423393989,0.001112,-0.000333162530739,-0.000621120916097
1.11283,0.00208529747641,0.00109,-0.000333306222093,-0.00062067129011
1.11294,0.00208657647364,0.001065,-0.000333479026355,-0.000620197170172
1.11304,0.00208817371595,0.001023,-0.00033363305427,-0.00061969975799
1.11314,0.00209009407681,0.000991,-0.000333710054609,-0.000619172631867
1.11325,0.00209198782255,0.00106,-0.000333714216531,-0.000618633511284
1.11335,0.00209370185491,0.001111,-0.000333660109478,-0.000618175320193
1.11345,0.0020946990024,0.001159,-0.000333516495948,-0.000617793180135
1.11355,0.00209449795293,0.001209,-0.000333027140407,-0.000617193919044
1.11365,0.0020943581468,0.001209,-0.00033273543516,-0.000616925936924
1.11375,0.00209436093061,0.001196,-0.000332656235551,-0.00061665015163
1.11385,0.00209462726202,0.001161,-0.000333110460854,-0.00061634866064
1.11394,0.00209528650107,0.001196,-0.000334153150356,-0.000615999680312
1.11404,0.00209611568539,0.001196,-0.000334153150356,-0.000615999680312
1.11413,0.00209716518798,0.00118,-0.000335598918938,-0.000615596714914
1.11424,0.00209905245325,0.001242,-0.000337538188339,-0.000615051247438
1.11435,0.00210128346393,0.001062,-0.000339477887952,-0.000614383347988
1.11447,0.00210363638193,0.000831,-0.000341189678576,-0.000613579690897
1.11458,0.00210616517507,0.000725,-0.000342566544887,-0.00061264736246
1.1147,0.00210961185099,0.000875,-0.000343612652108,-0.000611585664406
1.11481,0.00211224562591,0.001248,-0.000344339829542,-0.000610517892273
1.11493,0.00211420974781,0.001322,-0.000344970072174,-0.000609363707777
1.11505,0.00211507510518,0.000985,-0.00034568142716,-0.000608151102946
1.11515,0.00211536749349,0.00087,-0.000346536878684,-0.000607020231287
1.11527,0.0021160217593,0.000893,-0.00034748288597,-0.000605856882159
1.11538,0.00211714417895,0.0009,-0.000348466161813,-0.000604681759586
1.11549,0.0021183411063,0.000821,-0.000349445911619,-0.000603607454949
1.11561,0.00212027333859,0.000885,-0.000350756691487,-0.000602446904486
1.11572,0.00212232007597,0.000833,-0.000352246846575,-0.000601352167481
1.11584,0.00212448223935,0.00085,-0.000353771895288,-0.000600232704993
1.11596,0.00212676215754,0.000868,-0.000354542134017,-0.000597933556827
1.11608,0.00212848336453,0.000871,-0.000355051758342,-0.000596778838386
1.1162,0.00212938939104,0.000828,-0.00035576817423,-0.000595678751501
1.11631,0.00212971238468,0.000842,-0.000356337114921,-0.00059455768228
1.11642,0.00213029813255,0.000789,-0.000356377303672,-0.000593511670259
1.11653,0.00213109015623,0.000832,-0.000356114021601,-0.000592925042202
1.11664,0.00213233097821,0.000884,-0.000355703809974,-0.00059303065705
1.11675,0.00213373656944,0.000874,-0.000355307425366,-0.000593153624706
1.11686,0.00213551470864,0.000874,-0.000355307425366,-0.000593153624706
1.11697,0.00213777089955,0.000895,-0.000355077933657,-0.000593280571866
1.11709,0.00214042499878,0.000943,-0.000355122227915,-0.000593383443292
1.11719,0.00214211810703,0.000849,-0.000355520738858,-0.000593443553595
1.1173,0.00214257172066,0.000741,-0.000356306971706,-0.000593436875014
1.11742,0.00214262046035,0.000781,-0.000357413304178,-0.000593359397237
1.11752,0.00214281349019,0.000767,-0.00035842359851,-0.000593217770277
1.11763,0.00214326973964,0.000791,-0.000359168271611,-0.000593011942048
1.11774,0.00214431359554,0.000836,-0.000359646247627,-0.000592736486789
1.11785,0.00214523501084,0.000771,-0.000359914078135,-0.000592435459804
1.11795,0.00214689949077,0.000776,-0.000360555216624,-0.000591708268081
1.11805,0.00214857654054,0.000805,-0.000361131891851,-0.00059129400089
1.11815,0.00215033225126,0.000813,-0.000361919240882,-0.00059085256024
1.11825,0.00215140621997,0.000823,-0.000362850846111,-0.000590389251986
1.11836,0.00215172175985,0.000833,-0.000363900258799,-0.000589908052925
1.11846,0.00215184294161,0.000833,-0.000363900258799,-0.000589908052925
1.11857,0.0021521581233,0.000865,-0.000365003459594,-0.000589392761829
1.11868,0.00215254208275,0.000842,-0.000365987980784,-0.000588883701673
1.11878,0.00215319631345,0.000778,-0.000366854367666,-0.000588415955351
1.11888,0.00215395185411,0.000801,-0.000367751160539,-0.000587949142322
1.11898,0.00215476196602,0.000774,-0.000368625007946,-0.000587526494737
1.11908,0.00215597790715,0.000804,-0.000369586232433,-0.00058712108236
1.11917,0.00215701413249,0.00077,-0.000370575482768,-0.000586765413831
1.11928,0.00215841488362,0.00082,-0.000371678947727,-0.000586420334601
1.11939,0.00215953689957,0.000783,-0.000373524231388,-0.000585793200623
1.11949,0.00216016267162,0.000896,-0.000373841032197,-0.000585471894897
1.1196,0.00216107611007,0.000821,-0.000374310075509,-0.000585182959302
1.11971,0.00216167688455,0.000842,-0.000375007134868,-0.0005848843619
1.11982,0.00216265254102,0.000955,-0.000376054207861,-0.000584578803281
1.11993,0.00216387719725,0.000955,-0.000376054207861,-0.000584578803281
1.12005,0.00216514083117,0.001052,-0.000377399011168,-0.00058427442685
1.12016,0.00216621063028,0.001009,-0.000378717675795,-0.000584012033112
1.12027,0.00216753025242,0.001063,-0.000379692761687,-0.000583768556505
1.12038,0.00216904022528,0.001115,-0.000380445820738,-0.000583844740025
1.1205,0.00217042601865,0.001146,-0.000381178655917,-0.000584315201732
1.12063,0.00217194777726,0.001262,-0.000381856590063,-0.000584859923721
1.12076,0.0021732876706,0.001227,-0.000382375652393,-0.000585416290489
1.12089,0.00217450741576,0.001215,-0.000382795991052,-0.000585993747943
1.12103,0.00217559126497,0.001213,-0.000383131289133,-0.000586585459539
1.12116,0.00217645148135,0.001208,-0.000383397088053,-0.000587185969327
1.12129,0.00217740483252,0.001223,-0.000383605026193,-0.000587806047292
1.12142,0.00217832268415,0.001208,-0.000383803273465,-0.00058843483502
1.12155,0.00217907551843,0.001168,-0.000384034162271,-0.000589053443196
1.12168,0.00217986204519,0.001144,-0.000384336113659,-0.000589661906415
1.1218,0.00218053448539,0.00114,-0.000385091317562,-0.000590829740138
1.12193,0.00218107080664,0.001117,-0.000385494489355,-0.000591387876509
1.12206,0.00218135857399,0.001095,-0.000385885893969,-0.000591938721646
1.12218,0.00218177658873,0.001102,-0.000386280888122,-0.00059251039825
1.12231,0.00218280723499,0.001039,-0.000386664139616,-0.000593077441628
1.12243,0.00218373675827,0.001039,-0.000386664139616,-0.000593077441628
1.12255,0.00218462506067,0.001019,-0.000387024182433,-0.000593655888046
1.12268,0.00218494763592,0.000998,-0.000387326611671,-0.000594248366013
1.1228,0.002184938943,0.000958,-0.00038756385897,-0.000594825519592
1.12292,0.00218497015878,0.000918,-0.000387764683604,-0.00059537409073
1.12304,0.00218547690534,0.000857,-0.000388049552809,-0.00059649473857
1.12316,0.00218677473736,0.000857,-0.000388049552809,-0.00059649473857
1.12327,0.00218808143563,0.000816,-0.000388263597368,-0.000597094618227
1.12339,0.0021882718879,0.000797,-0.00038849666978,-0.000597696458329
1.1235,0.00218805206593,0.000774,-0.000388494759703,-0.000598280400427
1.12362,0.00218782765517,0.000748,-0.000388361039837,-0.000598849147399
1.12374,0.00218795887347,0.000722,-0.000388185250264,-0.000599415953169
1.12385,0.00218858071862,0.000794,-0.000387862203763,-0.000600599100538
1.12397,0.00219028882883,0.000821,-0.000387797192012,-0.00060121927521
1.12409,0.00219268909078,0.000844,-0.000387829698731,-0.000601850539395
1.12421,0.00219429856928,0.000897,-0.000387581075034,-0.000602460032569
1.12433,0.00219456491286,0.000937,-0.000387106503587,-0.000603025537393
1.12445,0.00219441398333,0.000955,-0.000386608582674,-0.000603551126633
1.12457,0.00219440046726,0.00096,-0.000386173535699,-0.000604029067828
1.12469,0.00219447356012,0.000954,-0.000385832186229,-0.000604676530858
1.12481,0.00219459711434,0.000954,-0.000385832186229,-0.000604676530858
1.12493,0.00219550917038,0.000949,-0.000385603877002,-0.000605336240486
1.12505,0.00219765027293,0.000945,-0.000385523277428,-0.000605970335959
1.12517,0.00219958511139,0.000945,-0.000385573173623,-0.000606584119423
1.12529,0.0021993166283,0.00095,-0.000385511762357,-0.000607186767899
1.12542,0.00219862125203,0.000961,-0.000385047144906,-0.000607782217153
1.12554,0.00219829401052,0.000981,-0.000384509141351,-0.000608371788743
1.12566,0.00219810007386,0.001002,-0.000384074559086,-0.000608950315979
1.12579,0.0021980149918,0.001046,-0.000383572299753,-0.00061026321077
1.12591,0.00219909771026,0.001046,-0.000383572299753,-0.00061026321077
1.12603,0.00220140391258,0.001064,-0.000383474110203,-0.000611154690656
1.12616,0.00220313269401,0.00108,-0.000383464482951,-0.000612053648771
1.12629,0.00220306824898,0.001099,-0.000383293093169,-0.000612926595565
1.12641,0.00220255639838,0.001117,-0.000382846104433,-0.000613737697368
1.12654,0.00220222092564,0.001135,-0.000382425799288,-0.000614466722696
1.12666,0.0022018222436,0.001153,-0.000382082405875,-0.00061512042335
1.12679,0.0022015085966,0.001168,-0.000381771646898,-0.000615715718642
1.12692,0.00220289874994,0.001181,-0.000381454939482,-0.00061626303548
1.12704,0.00220490471146,0.001193,-0.000381211507169,-0.000616765080237
1.12717,0.00220492305039,0.001208,-0.000381025971713,-0.000617219433829
1.1273,0.00220379697026,0.001137,-0.000379911609409,-0.000617984285885
1.12742,0.00220264027824,0.001229,-0.000379314925281,-0.000618300090707
1.12755,0.00220166941362,0.001074,-0.000378752595555,-0.000618583893763
1.12768,0.0022008612896,0.001007,-0.000378218888248,-0.000618837019898
1.12781,0.00220033440347,0.00098,-0.000377741079909,-0.000619060785725
1.12794,0.0022011397672,0.000967,-0.000377356239539,-0.000619259041649
1.12807,0.00220223169249,0.000964,-0.000377023688507,-0.000619430547137
1.1282,0.00220146252168,0.000964,-0.000377023688507,-0.000619430547137
1.12833,0.00220027772019,0.000979,-0.00037636390254,-0.00061956644018
1.12847,0.00219909457488,0.001105,-0.000375543562066,-0.000619656592227
1.12859,0.00219769353858,0.001236,-0.000374733869786,-0.000619698488461
1.12872,0.00219655849136,0.001012,-0.000374032600204,-0.000619713722602
1.12884,0.00219581055883,0.000954,-0.000373438159346,-0.000619714992093
1.12897,0.00219571136888,0.000887,-0.000372890153938,-0.000619714992093
1.12909,0.00219557471313,0.00079,-0.000372427895243,-0.000619725147909
1.12922,0.00219431025809,0.000689,-0.000372028043829,-0.000619740381254
1.12935,0.00219261879606,0.000673,-0.000371549458743,-0.000619764499786
1.12947,0.00219097780203,0.000893,-0.000370960539063,-0.00061979623296
1.12959,0.00218950691376,0.001016,-0.000370296367409,-0.000619866038994
1.12971,0.00218833654169,0.000788,-0.000369661020888,-0.00061993075969
1.12983,0.00218715404088,0.000559,-0.000369009278232,-0.000619980246447
1.12996,0.00218630423575,0.000652,-0.000368325312995,-0.000619999278536
1.13009,0.00218542453359,0.000817,-0.000367674172872,-0.000620574980575
1.13022,0.00218368266262,0.001042,-0.000366549881973,-0.000622747648224
1.13035,0.00218143812504,0.001051,-0.000365732587214,-0.000624030697141
1.13049,0.00217913060203,0.001108,-0.000364704038022,-0.000625423505263
1.13062,0.00217692815269,0.001108,-0.000364704038022,-0.000625423505263
1.13075,0.0021750632898,0.001107,-0.000363707598298,-0.000626811247878
1.13086,0.00217353592052,0.001105,-0.000362858802696,-0.000628192702402
1.13099,0.00217202560942,0.001144,-0.000362050703418,-0.000629618950806
1.13111,0.00217039794961,0.001178,-0.000361283457151,-0.000631083391879
1.13125,0.00216870336368,0.00122,-0.00036051928193,-0.000632595577495
1.13138,0.00216690427659,0.001274,-0.000359800163928,-0.000634169865084
1.13152,0.0021652458856,0.001396,-0.000358539760429,-0.000635889268628
1.13165,0.00216371062472,0.001442,-0.000356943697299,-0.000637659167446
1.13178,0.00216241095414,0.001469,-0.00035549458158,-0.00063945580157
1.13192,0.00216137697016,0.001421,-0.000354092604151,-0.00064118761229
1.13205,0.00216083935314,0.001389,-0.00035251373842,-0.000642874639454
1.13219,0.00216045118003,0.001317,-0.000350706014242,-0.000644468963106
1.13233,0.00215987145218,0.001246,-0.00034872852277,-0.000645972649701
1.13246,0.00215905453806,0.001225,-0.000346702121955,-0.000647367271688
1.1326,0.00215834873955,0.001232,-0.000344661166216,-0.000648654926078
1.13274,0.00215774833471,0.001225,-0.000342601442327,-0.00064984479921
1.13287,0.00215726516772,0.00118,-0.000338736981419,-0.000651962483493
1.13301,0.0021568237502,0.001191,-0.000337051841447,-0.000652902091925
1.13315,0.00215623111375,0.001201,-0.000335422524007,-0.000653758074856
1.13328,0.00215556118082,0.001198,-0.000333680920413,-0.000654527309611
1.13342,0.00215468837623,0.001138,-0.000331761447486,-0.000655192457815
1.13355,0.00215372924121,0.001161,-0.000329547382451,-0.00065580473566
1.13369,0.00215239315052,0.001097,-0.000327245954076,-0.000656337199608
1.13382,0.00215081058514,0.00115,-0.000324824640612,-0.000656852585438
1.13396,0.00214906398904,0.001145,-0.000322404964441,-0.000657348590794
1.13409,0.00214726020236,0.001156,-0.000319952993448,-0.000657798215028
1.13422,0.00214540067096,0.001136,-0.000317534537314,-0.000658149859069
1.13435,0.00214358810531,0.001141,-0.000315096499831,-0.00065838728213
1.13448,0.0021415424921,0.001111,-0.000312713911577,-0.000658484803871
1.13461,0.0021395826185,0.001107,-0.000310365860184,-0.000658442507664
1.13474,0.00213725068599,0.001107,-0.000310365860184,-0.000658442507664
1.13485,0.00213500752622,0.000963,-0.00030832746802,-0.000658302669259
1.13496,0.00213274504355,0.001006,-0.000306206887578,-0.00065806520526
1.13507,0.00213024565432,0.000951,-0.000304201412363,-0.000657762919113
1.1352,0.00212720381763,0.001085,-0.000301906098445,-0.000657326216538
1.13534,0.00212368317098,0.00112,-0.000299653275186,-0.00065679364417
1.13547,0.00211994954588,0.001104,-0.000297511550312,-0.000656181416147
1.13561,0.00211596124964,0.001062,-0.000295501866721,-0.000655506965889
1.13574,0.00211184353131,0.00119,-0.000293592281471,-0.000654798448187
1.13587,0.00210769833111,0.001352,-0.000291726037308,-0.000654084168356
1.13601,0.00210365803936,0.001399,-0.000289927968718,-0.000653370039176
1.13614,0.00209980465708,0.001317,-0.000288220926859,-0.000653851774706
1.13627,0.00209609228662,0.001113,-0.000286665929485,-0.000654297494633
1.13639,0.0020923624903,0.001201,-0.000285225991174,-0.000654665857571
1.13653,0.00208864191879,0.00135,-0.000283852517307,-0.000655003183221
1.13666,0.00208484482712,0.001439,-0.000282608839596,-0.000655309535046
1.13679,0.0020809715035,0.001591,-0.000280599329915,-0.000655859071019
1.13692,0.0020771821228,0.001627,-0.000279816872906,-0.000656092880832
1.13705,0.00207329438082,0.001627,-0.000279816872906,-0.000656092880832
1.13718,0.00206941136718,0.00161,-0.000279173546861,-0.000656268755376
1.13731,0.00206542936282,0.0016,-0.000278640366969,-0.000656380857332
1.13743,0.00206130714733,0.001605,-0.000278224377444,-0.000656431589818
1.13756,0.00205711586804,0.001679,-0.000277928056024,-0.000656413893034
1.13769,0.002052928948,0.001664,-0.000277742506753,-0.000656320679458
1.13781,0.00204885430394,0.00167,-0.000277466352065,-0.000655922848351
1.13794,0.00204485728694,0.001732,-0.000277344083913,-0.000655618059807
1.13807,0.00204106231405,0.001732,-0.000277344083913,-0.000655618059807
1.13819,0.00203759288441,0.001678,-0.00027727841233,-0.000655274060037
1.13831,0.00203451595627,0.00155,-0.000277260294917,-0.000654942836652
1.13844,0.00203172211564,0.001606,-0.000277260294917,-0.000654588891292
1.13856,0.00202891352239,0.001607,-0.000277258030206,-0.000654264316609
1.13868,0.00202608446586,0.001581,-0.000277246706541,-0.000653990512665
1.13881,0.00202299169966,0.001525,-0.000277248971289,-0.000653767564258
1.13893,0.00201971581832,0.001438,-0.000277303322986,-0.000653600286778
1.13906,0.00201622824789,0.001299,-0.000277570489112,-0.000653413960674
1.13918,0.00201291983169,0.001248,-0.000277762874387,-0.000653410399617
1.1393,0.00200956100091,0.001197,-0.000278023073882,-0.00065347924216
1.13942,0.00200643699236,0.001197,-0.000278023073882,-0.00065347924216
1.13955,0.0020033319176,0.001319,-0.000278398490947,-0.000653618084952
1.13967,0.00200027029054,0.001322,-0.00027887763842,-0.00065378179802
1.13979,0.00199734631319,0.001367,-0.000279444495143,-0.000653945456754
1.13991,0.00199466248469,0.001313,-0.0002800176466,-0.000654055717876
1.14003,0.00199200323912,0.001263,-0.000280563271004,-0.000654104319786
1.14015,0.00198944210731,0.00123,-0.000281099449977,-0.000654101949072
1.14027,0.00198696302729,0.001245,-0.000281686958538,-0.000654064016102
1.14039,0.00198446650423,0.001182,-0.000282307679571,-0.000654015410218
1.14051,0.00198194061054,0.001105,-0.000283500298595,-0.000653959685381
1.14063,0.00197941591007,0.001082,-0.000283991559674,-0.000653950199675
1.14074,0.00197682826163,0.001084,-0.000284377140892,-0.000653938342286
1.14086,0.00197402643382,0.001074,-0.000284663942772,-0.000653916998267
1.14097,0.00197059195204,0.001074,-0.000284663942772,-0.000653916998267
1.14108,0.00196635516981,0.00103,-0.000284896879958,-0.000653882608737
1.14118,0.00196187033183,0.001029,-0.000285140930127,-0.000653829240925
1.14129,0.00195793165106,0.001011,-0.000285409507573,-0.000653760447224
1.1414,0.00195409340133,0.000993,-0.000285693636081,-0.000653680966689
1.1415,0.0019504565671,0.001013,-0.000285973173756,-0.000653602659905
1.14161,0.00194713620716,0.001027,-0.000286254830972,-0.000653529087659
1.14171,0.00194396144514,0.001036,-0.00028656094437,-0.000653446009028
1.14182,0.00194113614078,0.001038,-0.000286904877413,-0.000653332049863
1.14193,0.00193862764043,0.001006,-0.000287630136738,-0.000652921103506
1.14203,0.00193631130256,0.000972,-0.00028797129742,-0.000652604940829
1.14214,0.00193427656989,0.000972,-0.00028797129742,-0.000652604940829
1.14224,0.00193219788703,0.000924,-0.000288312286017,-0.000652227895889
1.14235,0.00193006989688,0.000867,-0.000288684279914,-0.000651796974894
1.14246,0.00192784449945,0.000803,-0.000289105032084,-0.000651313229232
1.14256,0.00192564878615,0.00073,-0.000289612257568,-0.000650774117508
1.14267,0.00192353577168,0.00065,-0.000290261306119,-0.000650174680027
1.14278,0.0019215723041,0.00056,-0.000291009604154,-0.000649520680483
1.14289,0.00191952849367,0.000585,-0.000291763723237,-0.000648820290657
1.14299,0.00191745754694,0.000608,-0.000292381914965,-0.000648091313662
1.1431,0.00191521508484,0.000619,-0.000292762740018,-0.000647348045565
1.14321,0.00191261556668,0.000648,-0.000293041579949,-0.00064581236042
1.14332,0.00190997771465,0.000686,-0.000293169896048,-0.000645177927567
1.14343,0.00190740021674,0.000744,-0.000293410975686,-0.000645506100371
1.14354,0.00190494059851,0.000744,-0.000293410975686,-0.000645506100371
1.14365,0.00190264403085,0.000818,-0.000293806689924,-0.000645831646076
1.14376,0.00190041286872,0.000881,-0.000294317016654,-0.000646144933157
1.14387,0.00189851025571,0.000929,-0.000294842403304,-0.000646436353767
1.14398,0.00189656066916,0.000959,-0.000295285792766,-0.000646699930106
1.14409,0.00189452960382,0.000965,-0.000295592244407,-0.000646926085024
1.1442,0.00189206991688,0.000958,-0.000295775166922,-0.000647110060639
1.14431,0.00188953909559,0.000947,-0.000295894150025,-0.000647244692391
1.14442,0.00188708039233,0.000925,-0.000296054964074,-0.000647319204984
1.14453,0.00188465485781,0.000902,-0.000296336846521,-0.000647327616993
1.14464,0.0018824056602,0.000872,-0.000296722041389,-0.000647266326232
1.14476,0.00188026951069,0.000832,-0.00029714000298,-0.00064713771121
1.14487,0.0018782954001,0.000783,-0.00029753572674,-0.000646945327496
1.14498,0.00187647065883,0.000672,-0.000298131071139,-0.000646376156905
1.14509,0.00187476211193,0.00065,-0.000298286959695,-0.000646007593132
1.1452,0.00187310482487,0.00065,-0.000298322084509,-0.000645588109744
1.14532,0.00187159834894,0.000639,-0.00029822109571,-0.000645128441558
1.14543,0.00187014906796,0.000615,-0.000298005894955,-0.000644632102314
1.14554,0.00186881162909,0.000589,-0.000297731303998,-0.000644105030484
1.14565,0.00186751242975,0.000589,-0.000297731303998,-0.000644105030484
1.14577,0.00186635008852,0.000613,-0.000297463194845,-0.000643556816097
1.14588,0.00186520094781,0.000643,-0.000297241154576,-0.00064298981469
1.14599,0.0018641647715,0.000664,-0.0002970630296,-0.000642413672286
1.1461,0.00186310237168,0.000684,-0.00029690465661,-0.000641833218504
1.14621,0.0018621525453,0.000701,-0.000296735244155,-0.000641248439451
1.14632,0.00186130442642,0.000708,-0.000296550381818,-0.000641103658641
1.14644,0.00186060675113,0.000705,-0.000296365468593,-0.000641460060229
1.14655,0.00185992461065,0.000694,-0.000296211335349,-0.000641793120407
1.14666,0.00185931346429,0.000704,-0.000296107826041,-0.000642107743157
1.14677,0.00185882818356,0.000709,-0.000296052761402,-0.000642411245015
1.14688,0.00185831540846,0.000705,-0.000296032937027,-0.000642716988108
1.14699,0.00185789973322,0.000691,-0.000296076990399,-0.000643350928646
1.1471,0.00185760677898,0.000685,-0.00029616068385,-0.000643679097187
1.14721,0.00185740399854,0.00068,-0.000296281800648,-0.000644015517924
1.14732,0.00185722255527,0.00068,-0.000296281800648,-0.000644015517924
1.14743,0.00185694171842,0.00067,-0.000296418306137,-0.000644358965019
1.14754,0.00185665541294,0.000658,-0.00029655918594,-0.000644704591468
1.14765,0.00185649669294,0.000642,-0.000296700036204,-0.000645046356346
1.14776,0.00185653101629,0.000637,-0.000296851857312,-0.000645367377263
1.14787,0.00185668846656,0.000645,-0.000297016841336,-0.000645649607899
1.14798,0.00185694906462,0.000645,-0.000297190580683,-0.000645873830841
1.14809,0.0018571867615,0.000641,-0.000297344489382,-0.000646030485772
1.1482,0.00185750796197,0.000638,-0.000297487373014,-0.000646109999382
1.14831,0.00185798494255,0.000628,-0.000297722515232,-0.00064611481798
1.14842,0.00185884852443,0.000618,-0.000298111308031,-0.000646048558164
1.14853,0.00185976026871,0.000605,-0.000298675425625,-0.000645923242727
1.14864,0.00186064967828,0.000594,-0.000299282912561,-0.00064574485473
1.14875,0.0018613493422,0.000579,-0.000300178882458,-0.000645280504832
1.14886,0.00186185691017,0.000567,-0.000300515930059,-0.00064502704021
1.14897,0.00186240972441,0.000551,-0.000300962147686,-0.000644773446385
1.14908,0.00186322935408,0.000529,-0.000301615625801,-0.000644522140277
1.1492,0.00186465076433,0.000529,-0.000301615625801,-0.000644522140277
1.14931,0.00186606889086,0.000524,-0.00030241248589,-0.000644263452461
1.14943,0.00186733976056,0.000531,-0.000303186604478,-0.00064399011278
1.14954,0.00186827431484,0.000527,-0.000303800899816,-0.000643702097207
1.14966,0.00186918236702,0.000513,-0.000304277569637,-0.000643418759791
1.14978,0.00187018129565,0.000483,-0.000304793034779,-0.000643170404372
1.1499,0.00187144630033,0.000441,-0.000305533997962,-0.000642987390222
1.15002,0.00187254253981,0.000448,-0.000306506213756,-0.000642890401847
1.15014,0.0018735321972,0.00047,-0.000307524650794,-0.000642892826787
1.15026,0.0018741139045,0.000438,-0.000308385856309,-0.000643001936851
1.15038,0.00187466055947,0.000503,-0.000309733849433,-0.000643480526551
1.1505,0.00187515085832,0.000497,-0.000310559872633,-0.000643806189279
1.15063,0.00187621764097,0.00051,-0.000311503258867,-0.000644160665318
1.15075,0.0018769185116,0.00051,-0.000311503258867,-0.000644160665318
1.15087,0.00187721074231,0.000549,-0.000311268614392,-0.000644536642156
1.151,0.00187720633726,0.000574,-0.000310031594859,-0.000644932863306
1.15112,0.00187721612124,0.000587,-0.00030876417482,-0.00064534807359
1.15125,0.00187750463623,0.000595,-0.000307477013978,-0.000645782225084
1.15137,0.00187789930962,0.000601,-0.000306174344026,-0.000646238880783
1.15149,0.00187787148874,0.000604,-0.000304862602964,-0.000646713165411
1.15162,0.00187752281909,0.000622,-0.000302222635519,-0.000647666382278
1.15174,0.00187711407445,0.000622,-0.000302222635519,-0.000647666382278
1.15187,0.00187721148468,0.000637,-0.000300903106541,-0.000648111710814
1.15199,0.00187761167109,0.000649,-0.000299585354172,-0.000648529068235
1.15211,0.00187802669388,0.000658,-0.000298280373587,-0.000648918524642
1.15224,0.00187779865877,0.000672,-0.000296981648146,-0.00064928253933
1.15236,0.00187767768019,0.000679,-0.000295698036991,-0.00064961757953
1.15248,0.00187780688557,0.000684,-0.00029443625802,-0.000649904576535
1.15261,0.00187792921694,0.000688,-0.00029320528929,-0.000650134054406
1.15273,0.00187800692683,0.000696,-0.000292003090529,-0.000650296536883
1.15285,0.00187795774059,0.000707,-0.000290832041752,-0.000650398061346
1.15297,0.00187789070873,0.000741,-0.000288546198295,-0.000650438665299
1.15309,0.00187775718284,0.00076,-0.000287427142508,-0.000650401644181
1.15321,0.0018774758018,0.000773,-0.000286348690673,-0.000650334760302
1.15333,0.00187726390722,0.000782,-0.000285340135268,-0.000650224860013
1.15345,0.00187671555624,0.000784,-0.00028443092549,-0.000650056378496
1.15357,0.00187607841131,0.000784,-0.00028443092549,-0.000650056378496
1.1537,0.00187544324011,0.000865,-0.000283563128076,-0.000649798167885
1.15382,0.0018744844324,0.00089,-0.000282790819307,-0.000649421369197
1.15395,0.00187330232114,0.000924,-0.000282060358761,-0.000648923316046
1.15408,0.00187213012539,0.000914,-0.000281374134083,-0.000648377996633
1.15421,0.00187091281021,0.000929,-0.000280727774241,-0.000647821272312
1.15435,0.00186996093967,0.001013,-0.000280110117912,-0.000647251903776
1.15449,0.00187008102658,0.001063,-0.000279575414805,-0.000646656612093
1.15462,0.00187043704549,0.000981,-0.000279162255008,-0.000646040124463
1.15476,0.00187059909466,0.000844,-0.000278825671748,-0.000645338421472
1.15489,0.0018703280191,0.000716,-0.000278556737318,-0.000644634518789
1.15503,0.00187030331605,0.000752,-0.000278090935665,-0.000643178886843
1.15517,0.00187096615563,0.000768,-0.000277846601593,-0.000642456147607
1.15532,0.00187240012419,0.000723,-0.00027762028816,-0.000641712914548
1.15546,0.00187321887131,0.000703,-0.000277409749167,-0.000640895538755
1.15561,0.00187355838921,0.000703,-0.000277409749167,-0.000640895538755
1.15575,0.00187388958012,0.00068,-0.000277258030206,-0.000640067068672
1.1559,0.0018748772903,0.000689,-0.000277190085392,-0.000639226231013
1.15604,0.00187575063168,0.000903,-0.000277226323469,-0.000638346049452
1.15619,0.0018759330927,0.001112,-0.00027735540596,-0.000637409158545
1.15633,0.0018760240315,0.001216,-0.000277547851978,-0.000636363654166
1.15648,0.00187677406794,0.001224,-0.00027776513742,-0.000635180542774
1.15662,0.00187743636842,0.001137,-0.00027798461587,-0.000633871203244
1.15677,0.00187813044905,0.001152,-0.000278199500452,-0.000632447038962
1.15691,0.00187882462573,0.001228,-0.00027841431724,-0.000630924473158
1.15705,0.00187959512671,0.001326,-0.000278852785289,-0.000629378615744
1.1572,0.00188051735805,0.001349,-0.000279049326163,-0.000629236602454
1.15734,0.00188145734089,0.001374,-0.000279207421298,-0.000629126950862
1.15748,0.00188247760349,0.001393,-0.000279315808163,-0.000629058406534
1.15762,0.00188343501906,0.001393,-0.000279315808163,-0.000629058406534
1.15776,0.00188431577806,0.001424,-0.000279403859779,-0.000628988606395
1.1579,0.00188510074192,0.001469,-0.000279645378776,-0.00062887391381
1.15802,0.00188546114791,0.001305,-0.000280128159629,-0.00062872178133
1.15812,0.00188555693061,0.001172,-0.000280815643217,-0.000628535918076
1.15821,0.00188529022752,0.001129,-0.000281628455565,-0.000628316286874
1.15831,0.00188549232938,0.001156,-0.000282184030428,-0.00062807408285
1.15841,0.00188603453923,0.001149,-0.000282595357676,-0.000627839259
1.15851,0.00188655891902,0.001148,-0.000283118708911,-0.000627626824432
1.15861,0.00188700033459,0.001139,-0.000283782985431,-0.000627448060407
1.15871,0.00188693369184,0.001121,-0.000285554942568,-0.000627199185807
1.15881,0.00188707298213,0.001134,-0.000286605620878,-0.000627114115182
1.15891,0.00188857038605,0.00114,-0.000287623445592,-0.000627037789667
1.15902,0.00189000249712,0.00114,-0.000287623445592,-0.000627037789667
1.15912,0.00189127561098,0.00114,-0.000288494967292,-0.00062695644654
1.15922,0.00189186179495,0.001141,-0.00028919404657,-0.000626858817541
1.15933,0.00189235336943,0.00114,-0.00028981904282,-0.000626734876709
1.15943,0.0018936277688,0.00113,-0.000290510090729,-0.000626578342438
1.15954,0.00189528159906,0.00111,-0.000291366806848,-0.000626389184525
1.15964,0.00189723454336,0.001083,-0.000291914445888,-0.000626167366458
1.15975,0.00189918724445,0.001066,-0.000291794757126,-0.000625911591278
1.15985,0.00190066892153,0.001036,-0.000292268954522,-0.000625623062478
1.15995,0.00190187596966,0.000963,-0.000293063705159,-0.000625301724245
1.16006,0.00190346512502,0.000909,-0.000293740385326,-0.000624950027357
1.16016,0.00190444100378,0.000854,-0.00029412044309,-0.000624566651435
1.16026,0.00190488162583,0.000802,-0.000294217632703,-0.000624152783421
1.16036,0.00190474140095,0.000749,-0.000294241927913,-0.000623705829934
1.16047,0.001904472234,0.000792,-0.000294771786955,-0.000622727456558
1.16057,0.00190485937482,0.000812,-0.000295413681658,-0.000622217351208
1.16067,0.001906584497,0.000809,-0.000296277396783,-0.000621709263093
1.16077,0.00190840400251,0.000809,-0.000296277396783,-0.000621709263093
1.16087,0.00190974122782,0.000792,-0.000297337894018,-0.000621215856754
1.16097,0.00190987649212,0.000862,-0.00029865129023,-0.000620713103057
1.16108,0.00190923283977,0.000869,-0.000299992777034,-0.000620249167411
1.16119,0.0019091432044,0.000902,-0.000301342510211,-0.00061979623296
1.16131,0.00191017508296,0.000897,-0.000302624094621,-0.000619361951858
1.16142,0.00191139009407,0.000844,-0.000303850977018,-0.000618956543394
1.16154,0.00191229011958,0.000815,-0.000305145149186,-0.000618569898206
1.16165,0.00191191161,0.000801,-0.000306551751614,-0.00061819569297
1.16176,0.00191200552439,0.000797,-0.000308046267525,-0.000617832681182
1.16188,0.00191384207397,0.000862,-0.000311470973261,-0.000617108435238
1.162,0.00191671632435,0.000862,-0.000311470973261,-0.000617108435238
1.16212,0.00191802678243,0.000863,-0.000313325923373,-0.000616758695991
1.16224,0.00191719440102,0.000871,-0.000315042980313,-0.00061639977331
1.16236,0.00191556629002,0.000843,-0.000316129648884,-0.000616078956799
1.16248,0.0019145013401,0.000882,-0.000316548438327,-0.000615773291165
1.1626,0.00191528039594,0.000913,-0.000316413856333,-0.000615486643844
1.16273,0.00191626900047,0.000926,-0.000316061249927,-0.000615201116781
1.16285,0.00191788176834,0.000955,-0.00031583035126,-0.000614888519126
1.16297,0.0019185354897,0.000985,-0.000315918016719,-0.000614541107145
1.16309,0.00191986941283,0.000885,-0.000317398022549,-0.000613840439697
1.1632,0.00192239057853,0.000885,-0.000317398022549,-0.000613840439697
1.16329,0.00192305117295,0.000808,-0.000318380726278,-0.000613505166899
1.16339,0.00192313160717,0.000785,-0.00031912371134,-0.000613161959908
1.16349,0.00192295348147,0.000772,-0.000319802099115,-0.000612442666687
1.16358,0.00192230380414,0.000767,-0.000319904115962,-0.000612071689225
1.16368,0.00192096941455,0.000761,-0.000320059236366,-0.00061170173331
1.16378,0.00191991015482,0.000879,-0.000320377862534,-0.000611337963149
1.16388,0.0019199815297,0.000917,-0.000320921296043,-0.000610985557406
1.16398,0.00192063372945,0.000917,-0.000320921296043,-0.000610985557406
1.16407,0.00192107926995,0.00085,-0.000321691100933,-0.000610647124026
1.16417,0.00192154410098,0.000706,-0.000322654739873,-0.000610325276756
1.16427,0.001921801327,0.000661,-0.000323737415246,-0.000610020046927
1.16436,0.00192084315983,0.000632,-0.000324856280453,-0.000609730169819
1.16446,0.00192028764543,0.000603,-0.000325960610868,-0.000609456966659
1.16456,0.0019209006118,0.000576,-0.000327077803449,-0.000609201759899
1.16465,0.00192262580357,0.000588,-0.000328312706251,-0.00060896587277
1.16475,0.00192428149561,0.000603,-0.000329576701313,-0.000608755816469
1.16485,0.00192487559789,0.000566,-0.000330760923365,-0.000608572920008
1.16494,0.0019253535105,0.000457,-0.000331677954933,-0.000608423701094
1.16504,0.00192446782424,0.000423,-0.000332247579861,-0.000608312083079
1.16513,0.00192293181622,0.000393,-0.000332495722707,-0.000608240686799
1.16523,0.00192178409855,0.000405,-0.000332577026346,-0.000608230301063
1.16532,0.00192117199521,0.000411,-0.000332674994221,-0.000608299102672
1.16542,0.00192200983478,0.000417,-0.000332918807942,-0.000608418510094
1.16551,0.00192275698077,0.000426,-0.000333322879916,-0.00060858848819
1.1656,0.00192353897321,0.000456,-0.00033386402806,-0.00060880769018
1.1657,0.00192434848846,0.000456,-0.00033386402806,-0.00060880769018
1.16579,0.0019249931439,0.000486,-0.000334508657636,-0.000609077349372
1.16589,0.00192493597442,0.000492,-0.000335283449671,-0.000609396091246
1.16598,0.00192551571929,0.000493,-0.000336291585516,-0.000609762530263
1.16608,0.00192679219198,0.000591,-0.000337515431265,-0.000610172684458
1.16617,0.00192753261538,0.00058,-0.000338714266218,-0.000610619988049
1.16626,0.00192790054186,0.000553,-0.000339599571819,-0.000611097888743
1.16636,0.00192809750212,0.000564,-0.000340067533077,-0.000611602431533
1.16645,0.00192817810704,0.000574,-0.000340127292413,-0.00061212451834
1.16655,0.00192768196354,0.00058,-0.000339931508587,-0.000612655085232
1.16664,0.00192660007956,0.000582,-0.000339649063827,-0.000613190247812
1.16674,0.00192558823796,0.000583,-0.000339413943234,-0.000613723568689
1.16683,0.00192585199292,0.00058,-0.000339308730176,-0.000614255052732
1.16693,0.00192615568095,0.000575,-0.000339370622272,-0.000614783422998
1.16702,0.00192644404921,0.000672,-0.000339599571819,-0.000615306127294
1.16712,0.00192673238125,0.000557,-0.000340465138393,-0.000616325658273
1.16721,0.00192647303959,0.000636,-0.000341117672403,-0.000616874876788
1.16732,0.00192593225311,0.00083,-0.000341921630893,-0.000617445184203
1.16743,0.00192571592506,0.00071,-0.000343009808093,-0.000618031414317
1.16755,0.00192689771295,0.000781,-0.000344411478914,-0.000618633511284
1.16767,0.00192791714583,0.000781,-0.000344411478914,-0.000618633511284
1.16779,0.00192777349367,0.000731,-0.000345877525512,-0.000619224733634
1.16792,0.00192675905302,0.00082,-0.000347173139472,-0.000619847001932
1.16803,0.0019259112579,0.000669,-0.000347888185056,-0.000620410198385
1.16815,0.00192606816189,0.000723,-0.000348173167811,-0.000620975306049
1.16826,0.00192559036011,0.000731,-0.000348140604716,-0.000621498042489
1.16838,0.00192445729164,0.000783,-0.000347961478344,-0.000622032880338
1.1685,0.00192394254064,0.000753,-0.000347780265914,-0.000622563369552
1.16863,0.0019243690363,0.000707,-0.00034775175596,-0.000623122310545
1.16875,0.00192640413347,0.000679,-0.000348049012209,-0.000623668041194
1.16887,0.00192719967276,0.000693,-0.000348732589542,-0.000624214444718
1.16899,0.00192549901988,0.000702,-0.000349319969024,-0.000624752719191
1.16911,0.00192325803909,0.000739,-0.000349500749906,-0.000625294190438
1.16923,0.00192159107614,0.000727,-0.000349240734474,-0.000625792436238
1.16935,0.00192038284698,0.000749,-0.000348750889702,-0.000626266381997
1.16947,0.00191898664985,0.000763,-0.000348250498584,-0.00062670482588
1.16959,0.00191724458265,0.000791,-0.000347796556751,-0.00062749807069
1.16971,0.00191603429786,0.000801,-0.000347914653036,-0.000627853001695
1.16983,0.00191563349643,0.000879,-0.000348199624118,-0.000628195199356
1.16995,0.00191604405401,0.000879,-0.000348199624118,-0.000628195199356
1.17006,0.00191636526838,0.000937,-0.000348580068036,-0.000628509717091
1.17018,0.00191629566906,0.000983,-0.000349222448196,-0.000628790371311
1.1703,0.00191473621581,0.001021,-0.000350056993457,-0.000629035971826
1.17041,0.00191283837806,0.000965,-0.000350624922362,-0.000629229126965
1.17052,0.00191172437786,0.00105,-0.00035047284759,-0.000629565414549
1.17064,0.00191038496007,0.001026,-0.000349902754987,-0.000629716048607
1.17076,0.00190836853963,0.000972,-0.000349366692532,-0.000629857927213
1.17087,0.00190682450498,0.000958,-0.000349013135004,-0.000630002254019
1.17099,0.00190574639444,0.000942,-0.000348911502181,-0.000630151514219
1.17111,0.00190619146825,0.000942,-0.000348911502181,-0.000630151514219
1.17123,0.00190792772543,0.000959,-0.000349086300729,-0.00063031067648
1.17134,0.00190883636384,0.000931,-0.00034956167587,-0.000630466059961
1.17145,0.00190950729612,0.000984,-0.00035036130329,-0.000630640032693
1.17157,0.00190862595846,0.001046,-0.000351265270328,-0.000630841269177
1.17169,0.00190762610472,0.001015,-0.000351734994462,-0.000631064771181
1.1718,0.00190722092107,0.001016,-0.000351777495695,-0.000631322916897
1.17192,0.0019066641035,0.001037,-0.000351463730061,-0.000631639213429
1.17204,0.00190562424023,0.000962,-0.00035100799175,-0.000631980095295
1.17215,0.0019049555818,0.000964,-0.000350495154135,-0.000632354180133
1.17227,0.00190439822118,0.000955,-0.000349985967164,-0.000632742834962
1.17239,0.00190470655058,0.000887,-0.000349541367855,-0.000633107699411
1.17251,0.0019049258583,0.000848,-0.000349185874086,-0.000633446353759
1.17262,0.00190434072166,0.000815,-0.000348889140813,-0.000633760085408
1.17274,0.0019033113356,0.000795,-0.000348639047291,-0.000634039068088
1.17286,0.00190255584169,0.000763,-0.000348120251948,-0.000634483145943
1.17298,0.0019022989948,0.000769,-0.000347869860434,-0.000634669295239
1.1731,0.00190284238936,0.000747,-0.000347627519338,-0.000634841822425
1.17321,0.00190293054169,0.000764,-0.000347405463261,-0.000635014290407
1.17333,0.00190282915385,0.000746,-0.000347244475835,-0.000635163304344
1.17345,0.00190225313672,0.000738,-0.000347118103185,-0.000635280267795
1.17357,0.00190195336402,0.000738,-0.000347118103185,-0.000635280267795
1.17369,0.0019023214576,0.000737,-0.000347034520602,-0.000635347971032
1.1738,0.00190245282494,0.000752,-0.00034700801655,-0.000635373818952
1.17392,0.00190179952699,0.000766,-0.000347065100849,-0.000635370126473
1.17404,0.00190115684563,0.000781,-0.000347244475835,-0.000635359048875
1.17416,0.00190062109733,0.000796,-0.000347582706826,-0.000635355356287
1.17428,0.00190075319751,0.000816,-0.000348077509047,-0.000635360279731
1.1744,0.00190126710843,0.000835,-0.000348716322298,-0.000635367664806
1.17452,0.0019003632864,0.000852,-0.000349403256396,-0.000635370126473
1.17464,0.00189854995659,0.000866,-0.000349780961717,-0.000635362741435
1.17476,0.00189679694579,0.000876,-0.00034963680997,-0.000635340585667
1.17487,0.00189518545176,0.000882,-0.000348919633396,-0.000635301195224
1.17499,0.00189421057741,0.000885,-0.000347816919719,-0.00063524333491
1.17511,0.00189341868363,0.000882,-0.000346575643242,-0.000635166998343
1.17523,0.00189221839076,0.000863,-0.00034448926069,-0.000634931759544
1.17535,0.00189127704656,0.000843,-0.00034389542649,-0.000634765424834
1.17547,0.00189090766619,0.000761,-0.000343686431233,-0.000634578078369
1.17558,0.00189087457722,0.000718,-0.000343782741341,-0.000634368463395
1.17568,0.00189096024023,0.000693,-0.000343977367019,-0.000634151358141
1.17579,0.00189083199213,0.000672,-0.000344028574589,-0.000633937862167
1.17589,0.001890328361,0.000672,-0.000344028574589,-0.000633937862167
1.17601,0.00188935401351,0.000702,-0.000343772496265,-0.000633723040674
1.17612,0.00188834305413,0.000689,-0.000343202615103,-0.000633536540761
1.17624,0.00188756865042,0.000681,-0.000342465947643,-0.000633377158255
1.17636,0.00188791424524,0.000659,-0.000341812712736,-0.000633243682911
1.17648,0.00188954300552,0.000639,-0.000341592765655,-0.000633122535759
1.1766,0.00189060863594,0.00062,-0.000341808602259,-0.000632991466217
1.17671,0.00189001408918,0.000588,-0.000342139412386,-0.000632830673956
1.17682,0.00188910101674,0.000539,-0.000342174332807,-0.000632632705285
1.17693,0.00188802586008,0.000518,-0.00034176955143,-0.000632398754507
1.17704,0.00188700373614,0.000537,-0.000340922186823,-0.00063212753274
1.17715,0.00188619129886,0.000504,-0.000339927386188,-0.000631866080474
1.17726,0.00188560268293,0.000472,-0.000339114763461,-0.000631602012369
1.17737,0.00188550209403,0.00052,-0.000338503596574,-0.000631312990659
1.17749,0.00188563531553,0.000629,-0.00033863578942,-0.00063080897737
1.17761,0.00188552970979,0.000648,-0.000339494388794,-0.000630590332317
1.17773,0.00188610765032,0.00065,-0.000340819276039,-0.000630400183205
1.17785,0.00188695797011,0.000681,-0.000342219521151,-0.000630233588525
1.17797,0.00188672907697,0.000585,-0.000343223123113,-0.000630083108771
1.17809,0.00188600791881,0.000585,-0.000343223123113,-0.000630083108771
1.17821,0.00188566037221,0.000575,-0.000343635196621,-0.000629937560896
1.17833,0.00188517958486,0.000514,-0.000343594206015,-0.000629791971064
1.17845,0.00188431345145,0.000469,-0.000343376912519,-0.000629652563695
1.17857,0.00188330872842,0.000458,-0.000343204665933,-0.000629526815124
1.17868,0.00188277180956,0.000652,-0.000343186208227,-0.000629413490097
1.1788,0.00188278870602,0.000837,-0.000343340006388,-0.000629301385397
1.17892,0.00188465504422,0.000899,-0.000343729465178,-0.000629184271707
1.17904,0.00188658511264,0.000816,-0.000344607962238,-0.000629075855063
1.17916,0.00188741221206,0.000638,-0.000345730457319,-0.000629001071412
1.17928,0.00188732980564,0.000551,-0.000346669484655,-0.000628972401412
1.1794,0.00188651754719,0.000569,-0.000347148679479,-0.000628963675438
1.17952,0.00188566659297,0.000688,-0.000347073255337,-0.000628933756666
1.17964,0.00188534322546,0.000716,-0.000346608285278,-0.000628843989726
1.17976,0.0018853195232,0.000668,-0.000346032727904,-0.000628685611956
1.17988,0.00188559575588,0.000631,-0.000345638522723,-0.000628481019216
1.18,0.00188617935893,0.000772,-0.000345599701972,-0.000628243887512
1.18012,0.00188757126964,0.000712,-0.000346469545245,-0.000627638073204
1.18024,0.00189008717081,0.000773,-0.000347301539257,-0.00062722170211
1.18036,0.00189260778702,0.000798,-0.000348189448743,-0.000626713590889
1.18048,0.0018940830071,0.000799,-0.000348604473898,-0.000626124746222
1.1806,0.00189509868145,0.000776,-0.000348305438507,-0.000625469950115
1.18071,0.00189649707973,0.000732,-0.000347493072478,-0.000624759004073
1.18083,0.00189858852604,0.000692,-0.000346538918982,-0.000624013074017
1.18095,0.00190105283116,0.000692,-0.000346538918982,-0.000624013074017
1.18107,0.00190315161948,0.000765,-0.000345714114345,-0.000623259743657
1.18119,0.00190480394104,0.000757,-0.000345150028897,-0.000622546957939
1.1813,0.00190647051871,0.000775,-0.000344847345727,-0.000621940619824
1.18139,0.0019079138602,0.000663,-0.000344763469275,-0.000621509427869
1.18148,0.00190973926649,0.000638,-0.000344802340201,-0.000621150033113
1.18159,0.00191254521951,0.000731,-0.000344884166103,-0.000620823320751
1.18168,0.00191511577931,0.00066,-0.000345002795299,-0.000620628206515
1.18179,0.00191801266744,0.000824,-0.000345203188358,-0.000620515411623
1.18189,0.00191987173031,0.000658,-0.000345428045481,-0.000620526818983
1.18198,0.00192147510021,0.000646,-0.000345654867606,-0.000620638344159
1.18207,0.0019228274801,0.000635,-0.000345834634075,-0.000620834721221
1.18216,0.00192407841326,0.000664,-0.000345965341964,-0.000621110788049
1.18224,0.00192544818369,0.000621,-0.000346096023454,-0.00062184960677
1.18233,0.00192698283362,0.000576,-0.000346100106826,-0.000622272932059
1.18242,0.00192864942506,0.000614,-0.000346059271953,-0.00062270726409
1.18251,0.00193026204902,0.000629,-0.000345967384066,-0.000623143747512
1.1826,0.00193188375487,0.00062,-0.000345814208582,-0.000623574816951
1.18269,0.00193352107415,0.000608,-0.000345589485598,-0.000623996709141
1.18277,0.00193515800453,0.000597,-0.00034527678656,-0.000624414477791
1.18286,0.0019368238566,0.000581,-0.000344853482602,-0.00062483567337
1.18295,0.00193855800147,0.000563,-0.000344098210391,-0.00062526154265
1.18304,0.00194030810843,0.000563,-0.000344098210391,-0.00062526154265
1.18313,0.00194207245254,0.00054,-0.000343307199175,-0.000625688309439
1.18322,0.00194374601251,0.000508,-0.000342523433693,-0.000626098420168
1.18331,0.00194521690494,0.000521,-0.000341744886537,-0.00062647437696
1.1834,0.00194655763025,0.000554,-0.000340846034412,-0.00062679497302
1.18348,0.00194776823543,0.000589,-0.000339877915365,-0.00062704154365
1.18357,0.00194883335648,0.000624,-0.000338858803966,-0.000627200436739
1.18366,0.0019498012396,0.000659,-0.000337745034359,-0.000627261728621
1.18375,0.00195067466827,0.000716,-0.000336473962067,-0.000627234210734
1.18385,0.00195134929773,0.000794,-0.000334949134847,-0.000627129128684
1.18397,0.00195203382971,0.000905,-0.000333104212189,-0.000626955195005
1.18409,0.00195230854,0.000997,-0.000331024257555,-0.000626719851517
1.18422,0.00195234180325,0.000947,-0.000329071814884,-0.000626423012647
1.18435,0.00195229185113,0.00089,-0.00032737624119,-0.000626050779072
1.18448,0.00195173418786,0.000835,-0.000325933235793,-0.000625569101919
1.1846,0.00195105838613,0.000882,-0.000324660088898,-0.000625000284695
1.18473,0.00195031411875,0.000887,-0.000323483822906,-0.000624419509054
1.18484,0.00194915590129,0.000819,-0.000322426135524,-0.000623907322435
1.18495,0.00194796986346,0.000841,-0.000321368867762,-0.000623408482588
1.18507,0.00194640206461,0.000856,-0.000320256802713,-0.000622904106463
1.18519,0.00194441078841,0.000834,-0.000318721453535,-0.000622429536348
1.18531,0.00194221150868,0.0008,-0.000315182122067,-0.000621519547993
1.18542,0.00193981543094,0.000768,-0.000313536239152,-0.000621119650102
1.18554,0.00193720739976,0.000677,-0.000312109936342,-0.000620784050513
1.18565,0.00193472069035,0.000679,-0.000310738745048,-0.000620469779632
1.18575,0.00193206978384,0.000676,-0.000309407902743,-0.000620193365287
1.18585,0.00192933808652,0.000661,-0.000308109007156,-0.000619978977616
1.18595,0.00192643916167,0.000654,-0.000306842253297,-0.000619839386908
1.18606,0.00192355725602,0.000651,-0.00030567080146,-0.000619759422295
1.18615,0.00192058141766,0.000651,-0.00030567080146,-0.000619759422295
1.18626,0.00191749874327,0.000722,-0.000304462486869,-0.000619681984295
1.18636,0.00191439287043,0.000709,-0.000303356572455,-0.000619582948084
1.18645,0.00191143027357,0.000678,-0.000302357936703,-0.000619425466322
1.18654,0.001908481214,0.000688,-0.000301416808687,-0.000619191694106
1.18663,0.00190541611309,0.000699,-0.000300537810404,-0.000618895513616
1.18672,0.00190246044637,0.000713,-0.000299723379981,-0.000618553357508
1.18681,0.00189953633723,0.000764,-0.00029897156202,-0.000618181686773
1.1869,0.00189660870264,0.000804,-0.000298284764333,-0.000617800825737
1.187,0.00189374441655,0.000835,-0.000297654398392,-0.000617428607058
1.18709,0.00189093133429,0.000858,-0.000297078424982,-0.0006170739825
1.18718,0.00188816331927,0.000877,-0.000296543778651,-0.000616742096581
1.18727,0.00188538430694,0.000899,-0.000296054964074,-0.000616432993809
1.18736,0.00188265068809,0.000921,-0.000295607673529,-0.000616145437292
1.18745,0.00187990816606,0.000946,-0.000295208606665,-0.000615873068209
1.18755,0.00187711676332,0.000964,-0.000294855643045,-0.000615605673146
1.18764,0.00187435930999,0.000975,-0.000294548855464,-0.000615327895074
1.18773,0.00187164459828,0.000971,-0.000294288307242,-0.000615021780787
1.18782,0.00186898916353,0.000958,-0.000294069633841,-0.000614678305318
1.18791,0.00186633851244,0.000902,-0.000293740385326,-0.000613884098958
1.188,0.00186375654685,0.000868,-0.000293625441882,-0.000613466615757
1.1881,0.00186121701506,0.000826,-0.000293543643248,-0.000613066798248
1.18819,0.00185870261374,0.000783,-0.00029349057936,-0.000612706567412
1.18828,0.00185624477549,0.000736,-0.000293459623494,-0.000612402747945
1.18837,0.00185377321968,0.000689,-0.000293439722543,-0.00061216317035
1.18846,0.00185126833011,0.000673,-0.000293426454915,-0.000611995657308
1.18855,0.00184873483906,0.000675,-0.000293410975686,-0.000611906724357
1.18864,0.00184617225515,0.000638,-0.000293395496101,-0.000611904146361
1.18874,0.00184369548981,0.000638,-0.000293395496101,-0.000611904146361
1.18883,0.00184133499692,0.000576,-0.000293380016159,-0.000611989213409
1.18892,0.00183900183191,0.000574,-0.00029337780471,-0.000612158016917
1.18901,0.00183676413816,0.000571,-0.000293391073297,-0.000612398884677
1.1891,0.00183461413201,0.000567,-0.000293428666205,-0.000612694984371
1.18919,0.00183249572801,0.00056,-0.000293495001511,-0.000613033358882
1.18928,0.00183051814131,0.000549,-0.000293603335123,-0.000613402357419
1.18938,0.00182858589729,0.00053,-0.000293382227601,-0.000613799345234
1.18947,0.00182689823123,0.000544,-0.000293068130114,-0.000614225540283
1.18956,0.00182529015093,0.000584,-0.000292762740018,-0.000614679587371
1.18965,0.00182391036931,0.000604,-0.000292483784614,-0.000615161412078
1.18974,0.00182238519049,0.000606,-0.00029223794246,-0.000615672215109
1.18983,0.00182097136698,0.000597,-0.000292023033967,-0.000616209352702
1.18992,0.0018197405265,0.000581,-0.000291843521779,-0.000616768910746
1.19001,0.00181846909663,0.000564,-0.000291697217235,-0.000617349539433
1.1901,0.00181727230201,0.000569,-0.000291588576653,-0.000617940974845
1.1902,0.00181618469552,0.000578,-0.000291506530326,-0.000618525364336
1.19029,0.00181507359681,0.000582,-0.000291411166644,-0.000619073496748
1.19038,0.00181406481593,0.000586,-0.000291233709946,-0.000619544852115
1.19047,0.0018130967187,0.000586,-0.000290920828795,-0.000619905380004
1.19056,0.00181239510859,0.000584,-0.000290430134249,-0.000620142630784
1.19065,0.00181174258964,0.00058,-0.000289741227846,-0.000620269457578
1.19074,0.00181131951893,0.00056,-0.000287955692519,-0.000620374699863
1.19083,0.00181106722543,0.000544,-0.000287034365327,-0.000620453300409
1.19092,0.00181099231319,0.000522,-0.000286198955922,-0.000620586386601
1.19101,0.00181094682866,0.000496,-0.000285510196665,-0.000620767581448
1.1911,0.00181114404262,0.000465,-0.000285004362425,-0.000620976572403
1.19119,0.00181142760887,0.000431,-0.000284710984617,-0.000621190540975
1.19129,0.00181200227797,0.000391,-0.000284585532438,-0.000621386705357
1.19138,0.00181268985772,0.000351,-0.00028454072246,-0.000621560026479
1.19147,0.00181354953193,0.000327,-0.000284513835051,-0.000621705469483
1.19156,0.00181437029459,0.000354,-0.000284495909518,-0.000621826850964
1.19165,0.00181507851674,0.000378,-0.000284502631649,-0.000621920396107
1.19174,0.00181569958804,0.000378,-0.000284502631649,-0.000621920396107
1.19183,0.00181635346398,0.000399,-0.000284560887317,-0.000621978537128
1.19192,0.00181707863784,0.000418,-0.000284657222242,-0.000621993703259
1.19201,0.00181803017456,0.000434,-0.000284722184576,-0.000621959578829
1.1921,0.00181894934504,0.000445,-0.000284672903375,-0.000621876153925
1.19219,0.00181996177793,0.00045,-0.000284457816188,-0.000621748462068
1.19228,0.00182110487812,0.000462,-0.000284056585834,-0.00062159291288
1.19237,0.00182239670814,0.000479,-0.000283507030604,-0.000621430990086
1.19246,0.00182388589595,0.000491,-0.000282880667835,-0.000621285468658
1.19255,0.001825328065,0.000495,-0.000282267215058,-0.000621174085045
1.19264,0.00182695144789,0.000492,-0.000281776953274,-0.000621101925842
1.19273,0.00182856986225,0.000478,-0.000281488928135,-0.000621069007723
1.19283,0.00183016006793,0.000463,-0.000281387640273,-0.000621070273844
1.19292,0.00183181329232,0.000445,-0.000281410149992,-0.000621100659799
1.19301,0.00183339533954,0.00044,-0.000281502432042,-0.000621155096772
1.1931,0.00183491197406,0.000437,-0.000281653207438,-0.000621231045617
1.19319,0.00183644210091,0.000429,-0.00028187593371,-0.000621322169287
1.19329,0.0018379560421,0.000415,-0.000282148055539,-0.000621415807184
1.19338,0.00183945336234,0.000404,-0.000282395344409,-0.000621492982238
1.19347,0.00184101989844,0.000392,-0.000282536932928,-0.000621537257727
1.19357,0.00184267039534,0.000402,-0.000282530191287,-0.00062154105259
1.19366,0.00184438606557,0.000411,-0.000282393096734,-0.000621503102689
1.19375,0.00184623091932,0.000412,-0.000282105332883,-0.000621338620434
1.19385,0.00184824868121,0.0004,-0.0002822244999,-0.000621223451242
1.19394,0.00185057383363,0.000384,-0.000282543674502,-0.000621081668789
1.19403,0.00185282279294,0.000359,-0.000282986224655,-0.000620908184799
1.19412,0.00185513349756,0.000331,-0.000283464393422,-0.000620692830541
1.19422,0.0018569683222,0.000301,-0.000283738122371,-0.000620436820654
1.19431,0.0018583296831,0.000283,-0.000283601271707,-0.000620143899208
1.1944,0.00185965512465,0.000357,-0.000283024400738,-0.000619829233367
1.19449,0.00186091342777,0.000409,-0.000282159297897,-0.000619502943263
1.19458,0.00186233414096,0.000422,-0.000281209787266,-0.000619173902705
1.19468,0.00186371027495,0.000392,-0.000280353640702,-0.000618837019898
1.19477,0.00186503235013,0.000328,-0.000279731131246,-0.000618491006984
1.19486,0.0018664532851,0.000328,-0.000279731131246,-0.000618491006984
1.19496,0.00186776569662,0.000349,-0.000279408374939,-0.0006181345722
1.19505,0.00186911472953,0.000478,-0.000279394829368,-0.000617771516975
1.19514,0.00187027505896,0.000578,-0.000279656662613,-0.000617401827458
1.19524,0.00187166393313,0.000648,-0.000280161986558,-0.000617015279899
1.19533,0.00187272844048,0.000688,-0.000280889985017,-0.00061661311358
1.19543,0.00187389596445,0.0007,-0.000281862437228,-0.000616209352702
1.19552,0.00187506645276,0.000699,-0.000283120954184,-0.000615823182117
1.19561,0.00187647077578,0.000705,-0.000284702024518,-0.00061546360272
1.19571,0.00187782609973,0.000829,-0.000286556476557,-0.000615138356322
1.1958,0.00187916763955,0.000896,-0.000288555107638,-0.000614843663659
1.1959,0.00188049561778,0.000923,-0.000290607802449,-0.000614575730709
1.19599,0.00188159221343,0.000931,-0.000292671981492,-0.00061432946789
1.19609,0.00188233047458,0.000906,-0.000294674677368,-0.00061410105605
1.19618,0.00188286741642,0.000762,-0.000296354460248,-0.000613885382997
1.19628,0.00188330375238,0.000778,-0.000297386258512,-0.000613674757531
1.19637,0.0018836527017,0.000816,-0.000297689556334,-0.000613458905181
1.19647,0.00188393785239,0.000858,-0.000297443412058,-0.000613233962415
1.19656,0.00188418381508,0.000901,-0.000296902456722,-0.000612997344822
1.19666,0.0018842873498,0.00095,-0.000296314828713,-0.000612752896962
1.19675,0.00188438919765,0.001006,-0.00029588093072,-0.000612500607728
1.19685,0.00188465366983,0.001069,-0.000295717871247,-0.000612234024819
1.19694,0.00188501675642,0.001132,-0.000295876524228,-0.000611951837197
1.19704,0.00188558191211,0.001209,-0.000297148799376,-0.000611321187396
1.19713,0.00188623650458,0.001205,-0.000298201335253,-0.000610980392157
1.19723,0.00188673704931,0.001174,-0.000299519617603,-0.000610634202311
1.19732,0.00188729388861,0.001123,-0.000301108634706,-0.000610287779451
1.19742,0.00188793630704,0.001064,-0.000302938111971,-0.000609939829412
1.19751,0.00188849173832,0.000999,-0.000304875646192,-0.000609582580417
1.19761,0.00188916190814,0.000937,-0.000306785897196,-0.00060919916832
1.1977,0.00188995968676,0.000868,-0.000308563152323,-0.000608780457132
1.1978,0.00189070179601,0.000868,-0.000308563152323,-0.000608780457132
1.19789,0.00189154670849,0.000786,-0.000310173947735,-0.000608322467169
1.19799,0.00189233282359,0.000692,-0.000311625929862,-0.000607836787304
1.19809,0.00189306879109,0.000612,-0.000312941602957,-0.000607341546746
1.19818,0.00189355898099,0.000563,-0.000314149636766,-0.00060685884772
1.19828,0.00189368733825,0.000571,-0.000315081514802,-0.000606400451759
1.19837,0.00189375935537,0.000589,-0.000315466736447,-0.000605962512358
1.19847,0.00189395090584,0.00061,-0.000315167138975,-0.00060552811682
1.19856,0.0018941593159,0.000627,-0.000314278249595,-0.000605082906956
1.19866,0.00189449768222,0.000638,-0.000312984554835,-0.000604624240672
1.19876,0.00189486908513,0.000703,-0.000311473125684,-0.000604167784608
1.19885,0.00189526415394,0.000723,-0.000309915101654,-0.000603746284651
1.19895,0.00189580128214,0.000735,-0.00030832746802,-0.000603374242125
1.19906,0.00189644420443,0.000703,-0.000306857425279,-0.000603093723682
1.19918,0.00189708406997,0.000761,-0.000305536169666,-0.000602931110802
1.19929,0.00189777523774,0.000807,-0.000304499464171,-0.0006028878262
1.19941,0.00189832831928,0.000863,-0.000303692023382,-0.000602944226635
1.19953,0.00189874971892,0.00089,-0.000303151733909,-0.000603079300407
1.19964,0.00189918474566,0.000902,-0.000302881425303,-0.000603260217892
1.19975,0.00189965649645,0.000878,-0.000302757133865,-0.000603450244348
1.19986,0.00190007430214,0.000879,-0.00030261973223,-0.000603623173386
1.19996,0.00190048486844,0.000791,-0.000302414667765,-0.000603738427359
1.20007,0.0019012503086,0.000947,-0.000301676788416,-0.00060383925356
1.20018,0.00190193263376,0.001088,-0.000301176401438,-0.000603847109323
1.2003,0.00190280308467,0.001099,-0.000300653764298,-0.000603847109323
1.20041,0.00190357286069,0.0011,-0.000300065035868,-0.000603875912768
1.20053,0.00190457469406,0.000928,-0.000299431958815,-0.000603953150467
1.20064,0.00190540524903,0.000763,-0.000298776346049,-0.000604076183353
1.20076,0.00190648128895,0.000734,-0.000298238660071,-0.000604224045918
1.20087,0.00190738792143,0.000778,-0.000297876302024,-0.000604394101088
1.20099,0.00190830029986,0.00077,-0.000297735698338,-0.000604564100427
1.2011,0.00190922274108,0.000818,-0.000297792822138,-0.000604734043963
1.20122,0.00191028505209,0.000841,-0.000297990520831,-0.00060489870524
1.20133,0.00191142391567,0.000857,-0.000298275982813,-0.000605060701714
1.20145,0.00191258351001,0.000883,-0.000298629348208,-0.000605235705425
1.20157,0.00191373357797,0.000883,-0.000298629348208,-0.000605235705425
1.20168,0.00191481845011,0.000908,-0.000299039545251,-0.000605431534908
1.2018,0.00191598967509,0.000925,-0.000299497703981,-0.000605639033251
1.20192,0.00191734334945,0.000965,-0.000300010295043,-0.000605837318643
1.20204,0.00191854840248,0.000959,-0.000300555314165,-0.000605995109913
1.20216,0.00191967027352,0.000964,-0.000301161099872,-0.000606115051221
1.20228,0.00192067566401,0.000979,-0.000301847140514,-0.000606229751656
1.20239,0.00192147825866,0.000983,-0.000302624094621,-0.000606375697224
1.2025,0.00192197724114,0.000976,-0.000303478574095,-0.000606567188256
1.20262,0.0019226404523,0.001025,-0.000304445085076,-0.000606797664963
1.20274,0.0019233766719,0.001042,-0.000305423231726,-0.000607024135103
1.20285,0.00192409621941,0.001057,-0.0003063066779,-0.000607208882004
1.20297,0.00192501837442,0.001111,-0.000307022127433,-0.000607342847212
1.20309,0.0019259024932,0.001102,-0.000307496502178,-0.000607429970975
1.20321,0.0019268514225,0.001111,-0.000307738974321,-0.000607476777671
1.20333,0.00192756546854,0.001157,-0.000307669705571,-0.000607472877275
1.20345,0.00192803349976,0.001138,-0.000307022127433,-0.000607409166636
1.20357,0.001928498189,0.001177,-0.000305549199736,-0.000607296028372
1.20369,0.00192910390119,0.001265,-0.000303363108822,-0.000607147740699
1.2038,0.00192974573985,0.001273,-0.000300992759563,-0.000607000711762
1.20392,0.00193048082505,0.001343,-0.000298778539802,-0.000606845830719
1.20405,0.00193133083543,0.001355,-0.000297179585855,-0.000606672673407
1.20417,0.00193231195743,0.001356,-0.000296479944686,-0.000606461681567
1.20429,0.00193331092297,0.001344,-0.000296755047816,-0.000606210202245
1.20441,0.00193444335152,0.001323,-0.000297957575093,-0.000605935128823
1.20453,0.00193538740759,0.001305,-0.000299745286226,-0.000605661213683
1.20465,0.00193589399755,0.001299,-0.000301718288436,-0.000605408039284
1.20477,0.00193656945418,0.001307,-0.000303657179176,-0.000605363655749
1.20489,0.00193726742064,0.001322,-0.000305379788967,-0.000605935128823
1.20501,0.00193846828883,0.001393,-0.000306781561914,-0.000606558071244
1.20513,0.00193977461731,0.001382,-0.000307836371316,-0.000607178962695
1.20525,0.00194111689281,0.001405,-0.000308930566873,-0.000607803006463
1.20537,0.00194249917589,0.001422,-0.000310053165436,-0.000608415914575
1.2055,0.00194374412738,0.001447,-0.00031082708595,-0.000609019021599
1.20562,0.00194468176982,0.001382,-0.000310687027851,-0.000609581285586
1.20574,0.0019456069751,0.001334,-0.000309518008561,-0.000610108013062
1.20586,0.00194662876854,0.001317,-0.000305735936125,-0.000611077231947
1.20598,0.001947802143,0.001258,-0.00030425145955,-0.000611523750276
1.2061,0.00194904565877,0.001218,-0.000303587485312,-0.000611963437002
1.20622,0.00195021549514,0.001187,-0.000303922820361,-0.000612418200729
1.20635,0.00195166804719,0.001104,-0.000305279859887,-0.000612876422002
1.20647,0.00195309840661,0.001123,-0.000307715164001,-0.000613354801069
1.20659,0.00195423115967,0.001463,-0.000310874483546,-0.000613848144542
1.20672,0.0019553356616,0.001559,-0.000314224663948,-0.00061436025721
1.20684,0.00195651316499,0.001384,-0.000317184661795,-0.00061489492673
1.20696,0.00195790367485,0.001009,-0.000319334320075,-0.000615475123412
1.20709,0.00195968275794,0.000995,-0.000320573210487,-0.000616101970255
1.20721,0.00196194636873,0.000983,-0.00032130737117,-0.000616762526548
1.20733,0.00196429074836,0.000982,-0.000321697459213,-0.000617465586106
1.20746,0.00196690562125,0.000982,-0.000321697459213,-0.000617465586106
1.20758,0.0019689519034,0.000983,-0.000321667786713,-0.000618172773538
1.2077,0.0019709846191,0.000967,-0.000321129210736,-0.000618861181159
1.20783,0.00197295690455,0.00097,-0.000320229189468,-0.000619532152826
1.20795,0.00197472806579,0.000978,-0.000319234342484,-0.00062017434044
1.20807,0.00197653945047,0.001001,-0.000318427586696,-0.000620790384627
1.2082,0.0019785574394,0.00104,-0.000318003591961,-0.000621384174685
1.20832,0.00198071295474,0.00109,-0.000318174074802,-0.000621964634445
1.20845,0.00198265960271,0.001132,-0.000319059877249,-0.000622536858223
1.20857,0.00198394100325,0.001111,-0.000320498900148,-0.000623100872673
1.2087,0.00198484781361,0.000989,-0.000322125442372,-0.000623650405486
1.20882,0.00198589065715,0.000822,-0.000323572591339,-0.000624182985808
1.20895,0.00198726353055,0.000783,-0.000324624219597,-0.000624694894625
1.20907,0.00198886492023,0.000734,-0.000325362310941,-0.000625182425835
1.20919,0.00199098149608,0.000678,-0.000326196410432,-0.000625646903687
1.20932,0.00199331186917,0.000616,-0.000327439274058,-0.000626093405527
1.20945,0.0019952241333,0.00074,-0.000328992170725,-0.000626528241256
1.20957,0.00199598579369,0.000558,-0.000330160710891,-0.000626955195005
1.2097,0.00199643707854,0.000556,-0.000330227660795,-0.000627379288202
1.20982,0.00199712895877,0.000554,-0.000329478268513,-0.000627806774782
1.20995,0.0019977104528,0.000691,-0.000328495224203,-0.000628241390798
1.21007,0.0019986184125,0.000897,-0.000327764847461,-0.000628680622874
1.2102,0.00199990342837,0.001079,-0.000327601030713,-0.00062912321232
1.21033,0.00200132386486,0.001248,-0.000328071368918,-0.000629572885065
1.21045,0.00200280249294,0.001349,-0.000329065527539,-0.000630018426005
1.21058,0.00200395443322,0.001469,-0.000330558125646,-0.000630466059961
1.21071,0.00200436821844,0.001542,-0.000332324743608,-0.000630910813744
1.21083,0.00200479821692,0.00157,-0.000333672596119,-0.000631353935134
1.21095,0.00200552257961,0.001557,-0.000334188501852,-0.00063179790712
1.21108,0.00200616568706,0.001503,-0.000334038764752,-0.000632248919433
1.2112,0.00200696137521,0.001439,-0.000333581021875,-0.000632710664737
1.21132,0.00200808749415,0.001371,-0.000333147951589,-0.000633186821552
1.21143,0.0020095808165,0.001297,-0.000332979226339,-0.00063367611343
1.21155,0.00201112745188,0.001216,-0.000333426981689,-0.000634176033913
1.21166,0.00201225716319,0.001126,-0.000334824501646,-0.000634680388053
1.21177,0.00201323577184,0.001035,-0.000336836491121,-0.000635184236646
1.21187,0.00201323141653,0.00096,-0.000338821640183,-0.00063568389028
1.21197,0.00201283566526,0.000866,-0.000340166442102,-0.00063617690301
1.21207,0.00201251132069,0.000804,-0.000340621641622,-0.000636665748983
1.21217,0.00201237682449,0.00075,-0.000340240613994,-0.000637150439664
1.21227,0.00201202371562,0.000707,-0.000339329361529,-0.000637628535804
1.21236,0.00201185186411,0.000666,-0.000337277468778,-0.000638558901834
1.21246,0.00201156362222,0.000672,-0.000336637643012,-0.000639011218399
1.21256,0.00201139444493,0.000687,-0.000336374490274,-0.000639448476477
1.21265,0.00201145530665,0.000709,-0.000336509188021,-0.000639875594281
1.21275,0.00201168687283,0.000726,-0.000337180189513,-0.000640293816086
1.21285,0.0020118161439,0.000723,-0.000338557303157,-0.00064070194595
1.21294,0.00201207528549,0.00094,-0.000340496030174,-0.000641100008162
1.21304,0.00201208592633,0.001049,-0.000342652758682,-0.00064148437871
1.21314,0.0020120555334,0.000975,-0.000344650935021,-0.000641857518813
1.21323,0.002011114006,0.00066,-0.00034600005681,-0.000642218239207
1.21333,0.00200999037102,0.000515,-0.000346404245518,-0.000642558073623
1.21342,0.00200880872035,0.000529,-0.000345844846579,-0.000642874639454
1.21352,0.00200767100062,0.000614,-0.000344589544458,-0.000643167980783
1.21361,0.00200637603806,0.000772,-0.000343007756646,-0.000643438138422
1.21371,0.0020050541684,0.000772,-0.000343007756646,-0.000643438138422
1.2138,0.00200371201051,0.000757,-0.000341452947464,-0.000643686360466
1.2139,0.00200253494553,0.000623,-0.00034017674426,-0.000643916309534
1.21399,0.00200123876485,0.000647,-0.000339292224623,-0.000644129220306
1.21409,0.00200032532889,0.000679,-0.000338790668742,-0.000644326323548
1.21419,0.00199958785625,0.000684,-0.000338726656426,-0.000644504012334
1.21429,0.00199918686398,0.000731,-0.000339312856499,-0.0006446659319
1.21439,0.00199862163246,0.000818,-0.000340722525035,-0.00064481934437
1.21449,0.00199810440206,0.000981,-0.00034273896102,-0.000644964257588
1.21458,0.00199737071362,0.001119,-0.000345031426676,-0.00064510188606
1.21469,0.00199647227354,0.001097,-0.000347270970193,-0.000645232235813
1.21479,0.00199474696883,0.000837,-0.000348974516416,-0.000645352899578
1.21489,0.00199292562114,0.000682,-0.000349640871024,-0.000645465090612
1.215,0.00199111127715,0.000697,-0.000349139137485,-0.000645568814638
1.2151,0.00198942144083,0.00068,-0.000347774156744,-0.000645664076947
1.21521,0.00198773672257,0.00088,-0.000345979636538,-0.000645752087921
1.21532,0.00198623882708,0.000751,-0.000342619916683,-0.000645894319292
1.21543,0.00198479413076,0.00056,-0.00034152080417,-0.000645948549352
1.21554,0.00198376490216,0.000719,-0.000340916012636,-0.000645990724196
1.21565,0.00198334132157,0.000871,-0.000341072407293,-0.000646018437146
1.21588,0.00198369325522,0.000908,-0.000342597336844,-0.000646023256631
1.21599,0.0019838169971,0.001614,-0.000348726489374,-0.000645929268231
1.21611,0.00198379001808,0.001303,-0.000351370583105,-0.000645811155041
1.21623,0.00198312415849,0.00056,-0.000352364130861,-0.000645644784789
1.21635,0.00198180175516,0.000581,-0.000351601400898,-0.00064543614051
1.21658,0.00197916419926,0.00091,-0.000349756600303,-0.000645197237845
1.2167,0.00197762789556,0.000949,-0.000345640565856,-0.000644692510675
1.21681,0.00197652177641,0.000664,-0.000344282504337,-0.000644452041905
1.21693,0.00197550517289,0.000731,-0.000343569610407,-0.000644216293936
1.21704,0.00197531042495,0.000685,-0.000343674135295,-0.000643976804806
1.21715,0.00197554232054,0.000812,-0.000344986433943,-0.000643731148346
1.21727,0.00197544371262,0.001218,-0.000347472699301,-0.000643458727392
1.21738,0.00197525835003,0.001471,-0.000350462707997,-0.000643147379797
1.21749,0.00197423350913,0.001227,-0.000352946191733,-0.000642811584897
1.2176,0.00197162565022,0.00065,-0.000354257938673,-0.000642433090024
1.21771,0.0019687920991,0.000589,-0.000354092604151,-0.000642043377037
1.21782,0.00196613567428,0.000762,-0.000352853258993,-0.000641619324754
1.21793,0.00196427310307,0.000859,-0.000351115372464,-0.000641183962425
1.21805,0.00196239902582,0.000807,-0.000349478408944,-0.000640764049928
1.21815,0.00196113900405,0.000768,-0.00034815078086,-0.000640337690804
1.21826,0.00196118686761,0.000478,-0.000347364710741,-0.000639924384527
1.21838,0.0019609903398,0.000401,-0.000347248551961,-0.000639527825937
1.21849,0.00196083393444,0.000589,-0.000347951299218,-0.000639166378825
1.21859,0.00196064167301,0.000827,-0.00034947231582,-0.000638819339392
1.2187,0.00196050755813,0.000881,-0.000351259194066,-0.000638489184294
1.21882,0.00195931972252,0.000653,-0.000352580444097,-0.000638173499246
1.21893,0.00195687038712,0.000502,-0.000352822951936,-0.000637882109385
1.21903,0.00195433733726,0.000717,-0.000351941402759,-0.000637606479863
1.21914,0.00195214939148,0.000813,-0.000350294367447,-0.000637352766756
1.21925,0.00195018319421,0.000925,-0.000348415304334,-0.00063712713615
1.21937,0.00194855024875,0.00079,-0.000346806142355,-0.000636934534076
1.21947,0.00194727387658,0.000628,-0.000345611961408,-0.000636762724597
1.21958,0.00194719067139,0.000661,-0.0003450641467,-0.000636610501328
1.21969,0.00194693804285,0.000624,-0.000345385124244,-0.000636479110244
1.21981,0.00194676383865,0.000626,-0.000346663364978,-0.000636374709622
1.21991,0.00194658990323,0.000931,-0.000348559729113,-0.000636291173483
1.22003,0.00194573897078,0.000844,-0.000350274082486,-0.000636214996058
1.22014,0.00194316674916,0.000402,-0.000351089035454,-0.00063614126496
1.22025,0.00194045676817,0.000324,-0.000350746556357,-0.000636065064778
1.22036,0.00193799193803,0.00058,-0.000349569798897,-0.000635990082341
1.22047,0.0019357746166,0.000734,-0.000348077509047,-0.000635915088702
1.22058,0.00193380919143,0.000667,-0.000346718439987,-0.000635847461882
1.22069,0.00193221108736,0.000636,-0.000345757013771,-0.000635793353867
1.2208,0.0019315804319,0.000598,-0.0003453278915,-0.00063575399892
1.22092,0.00193088818505,0.000467,-0.000345650781424,-0.000635720790784
1.22103,0.00193019348416,0.000606,-0.000346887715276,-0.00063568512034
1.22114,0.00192934796395,0.000866,-0.000348651249222,-0.000635637145748
1.22125,0.00192785213655,0.000802,-0.000350190907475,-0.00063557194216
1.22137,0.00192477873966,0.000724,-0.000350732366907,-0.000635480889024
1.22149,0.0019214420186,0.000462,-0.000350026554575,-0.000635379973022
1.2216,0.00191829376516,0.000685,-0.000348634979929,-0.000635286423011
1.22172,0.00191565871456,0.000685,-0.000348634979929,-0.000635286423011
1.22184,0.0019133868297,0.000681,-0.000347248551961,-0.000635208861768
1.22195,0.00191193674127,0.000462,-0.000346306283565,-0.000635152222184
1.22207,0.00191138884896,0.000455,-0.000345951047075,-0.000635114048428
1.22219,0.00191077783489,0.000451,-0.000346447099208,-0.00063509434471
1.2223,0.00191024212614,0.000729,-0.000347932976387,-0.000635086955616
1.22242,0.0019094910259,0.001036,-0.000350038730301,-0.000635093113202
1.22253,0.00190719610165,0.000966,-0.000351996029178,-0.000635100502205
1.22265,0.00190456202803,0.00064,-0.000353289522411,-0.000635116511339
1.22275,0.0019022124255,0.000585,-0.000353574145978,-0.00063512882571
1.22286,0.00190014898812,0.000589,-0.000353202697253,-0.000635133751374
1.22297,0.00189870673813,0.000546,-0.000352665332234,-0.000635123899998
1.22308,0.00189719787543,0.000499,-0.000352451069215,-0.000635083261028
1.22319,0.0018968804373,0.000557,-0.000352891645882,-0.000634985960444
1.2233,0.00189656171967,0.000704,-0.000354312368785,-0.000634841822425
1.22341,0.00189636900515,0.00151,-0.000357349104725,-0.000634640945822
1.22352,0.00189580985661,0.002037,-0.000361423024988,-0.00063437216324
1.22364,0.00189532294825,0.002286,-0.000365964227561,-0.000634035365791
1.22376,0.00189375949791,0.001938,-0.000369788928097,-0.000633647707971
1.22388,0.00189178517885,0.00133,-0.000372400462519,-0.000633214016916
1.224,0.00188961517512,0.00109,-0.000373708073383,-0.000632761393773
1.22412,0.00188793591948,0.000805,-0.000374249510293,-0.000632295979875
1.22424,0.0018874357702,0.000629,-0.000374710441571,-0.000631825177568
1.22437,0.00188737071815,0.000604,-0.000375664439175,-0.000631337805889
1.22449,0.00188717041956,0.000854,-0.000377327075403,-0.00063082263954
1.22461,0.00188695819579,0.001147,-0.000379553279237,-0.000630265917165
1.22473,0.00188605783206,0.001248,-0.000381966613021,-0.000629672481389
1.22485,0.00188409806044,0.001174,-0.000383728216324,-0.000629044696553
1.22497,0.00188233517402,0.000966,-0.000384954948474,-0.000628387427876
1.22509,0.0018809700446,0.00074,-0.000386204209696,-0.000627704310898
1.2252,0.00188053757959,0.000801,-0.000387737910708,-0.00062701025961
1.22532,0.00188124554762,0.001021,-0.000389622599504,-0.000626291446154
1.22544,0.0018818127085,0.001243,-0.000390835949723,-0.000625541491972
1.22556,0.00188221335787,0.001293,-0.000392244438358,-0.000624816821338
1.22567,0.00188206846546,0.001222,-0.000393943313538,-0.000624112510778
1.22579,0.00188075488815,0.001017,-0.00039582071073,-0.000623429907492
1.22591,0.00187968425241,0.001056,-0.00039781102064,-0.000622738814469
1.22603,0.00187905381342,0.001034,-0.000399753705236,-0.000622074581657
1.22614,0.00187977862011,0.001011,-0.000401647311113,-0.000621410746117
1.22626,0.00188103915927,0.000948,-0.000403417672269,-0.000620713103057
1.22637,0.0018820359612,0.000905,-0.000404944919556,-0.000619973902259
1.22649,0.00188282596805,0.000949,-0.000406266104365,-0.00061917517354
1.22661,0.00188241058011,0.000839,-0.000407354743279,-0.000618323004428
1.22673,0.00188168317349,0.000835,-0.000408147293529,-0.000617420955887
1.22684,0.00188116710107,0.000863,-0.000408691118659,-0.000616473877616
1.22696,0.00188222758372,0.00089,-0.000409127311264,-0.000615475123412
1.22708,0.00188354833562,0.000906,-0.000409655503541,-0.000614433374439
1.2272,0.00188462247175,0.00093,-0.000410293899758,-0.000613327807667
1.22732,0.00188486906231,0.000939,-0.000410981371375,-0.000612167035391
1.22743,0.0018839564041,0.000944,-0.000411530059311,-0.000610949399574
1.22755,0.00188334520801,0.000981,-0.000411763747259,-0.000609680978049
1.22767,0.0018838571697,0.001022,-0.000411736150951,-0.000608356214018
1.22778,0.00188537426209,0.001058,-0.000411666234753,-0.000606981191499
1.2279,0.00188629701517,0.001093,-0.000411704873635,-0.000605556826883
1.22802,0.00188609243225,0.001106,-0.000411909067355,-0.000604111517185
1.22813,0.00188524543198,0.00112,-0.000412175704651,-0.000602643790854
1.22825,0.00188450061144,0.001128,-0.000412346659361,-0.000601161370912
1.22836,0.00188553601042,0.001122,-0.000412422011372,-0.00059968262708
1.22848,0.00188654018195,0.001103,-0.000412532265935,-0.000598224815085
1.22859,0.00188672239988,0.001083,-0.000412778429635,-0.00059678945594
1.22871,0.00188613360179,0.001049,-0.000413209896306,-0.000595395382848
1.22882,0.00188511591535,0.00101,-0.000413705249588,-0.000594049613764
1.22894,0.00188516621385,0.000983,-0.000414158055874,-0.000592736486789
1.22905,0.00188634600842,0.000945,-0.00041456474632,-0.000591471009452
1.22917,0.00188693102848,0.000904,-0.000414974827227,-0.000590257570947
1.22928,0.0018866560713,0.000864,-0.000415487042562,-0.000589095196596
1.22939,0.00188575562333,0.00083,-0.000416073734095,-0.00058797613702
1.22951,0.00188522886646,0.000801,-0.000416637962416,-0.000586893914973
1.22962,0.00188635016181,0.000782,-0.000417165200508,-0.000585835213475
1.22973,0.00188743248493,0.000771,-0.000417691984343,-0.000584789318179
1.22985,0.00188732128729,0.000767,-0.000418334810754,-0.000583746787767
1.22996,0.00188637745757,0.000762,-0.000419111490943,-0.000582709011601
1.23007,0.00188519292348,0.000779,-0.000419903523103,-0.000581678755621
1.23019,0.001885357529,0.000807,-0.000420627441533,-0.000580669755088
1.2303,0.00188625763827,0.000827,-0.000421274430246,-0.000579694476843
1.23041,0.00188624628229,0.000839,-0.000421926160958,-0.000578775087616
1.23052,0.00188527719193,0.000839,-0.00042266394696,-0.000577931141672
1.23063,0.00188386965522,0.000874,-0.000423462207215,-0.000577128562078
1.23074,0.00188314687979,0.000834,-0.000424198134189,-0.000576428240684
1.23085,0.00188389214816,0.000845,-0.000424897160808,-0.000575791913576
1.23096,0.0018848579052,0.000773,-0.000425539627694,-0.000575255759357
1.23107,0.00188495017751,0.000765,-0.000426253282297,-0.00057478410542
1.23117,0.0018841452442,0.000715,-0.000427018135558,-0.000574402050106
1.23127,0.00188322422242,0.000723,-0.000427828616705,-0.00057408207568
1.23138,0.00188282650424,0.000713,-0.000428627278341,-0.000573820135457
1.23148,0.00188267203244,0.000704,-0.000429389143478,-0.000573605220653
1.23159,0.00188385836599,0.000705,-0.000430164331094,-0.000573451260674
1.23169,0.00188404973198,0.000643,-0.000430933178416,-0.000573359695825
1.2318,0.00188377245323,0.000654,-0.000432713288546,-0.000573386057014
1.2319,0.00188301611466,0.000594,-0.00043350375338,-0.000573552518637
1.232,0.00188237035896,0.000638,-0.000434222266009,-0.000573849246283
1.2321,0.00188194561151,0.000681,-0.000434846056281,-0.000574278792668
1.23221,0.00188197218739,0.000634,-0.000435338252859,-0.000574749510245
1.23231,0.00188248922011,0.000657,-0.000435794680056,-0.000575293086546
1.23241,0.00188324204748,0.000668,-0.000436222487445,-0.000575892727605
1.23251,0.00188356122437,0.000615,-0.000436554623945,-0.000576471003271
1.23261,0.00188287846994,0.000626,-0.000436761233408,-0.000577089985703
1.23271,0.00188211716354,0.000627,-0.000436823025873,-0.000577755035948
1.23281,0.00188192585088,0.000558,-0.000436725920578,-0.000578391767099
1.23291,0.00188149922259,0.000546,-0.000436499869376,-0.000579073034471
1.23301,0.00188145307993,0.000531,-0.000436222487445,-0.000579801406703
1.23312,0.00188247751522,0.000498,-0.000435999782693,-0.00058048360463
1.23321,0.00188281086298,0.000517,-0.000435881326763,-0.000581190901989
1.23331,0.00188384281467,0.000534,-0.000435918457248,-0.000581920465968
1.23341,0.00188397381638,0.000483,-0.000436058118092,-0.000582579487074
1.23351,0.0018833178846,0.000493,-0.000436252528604,-0.000583251306438
1.23361,0.00188318622603,0.000499,-0.000436453942347,-0.000583930433349
1.23372,0.00188359698296,0.00045,-0.000436579350182,-0.000584542124354
1.23381,0.00188368158575,0.000451,-0.000436649990975,-0.000585154464119
1.23391,0.00188459764703,0.000452,-0.00043673474898,-0.000585767449156
1.23402,0.00188571599183,0.000406,-0.000436863628894,-0.000586310673873
1.23412,0.00188643814615,0.000417,-0.000437073661634,-0.000586838460432
1.23422,0.00188667455508,0.000423,-0.000437371817435,-0.000587357610861
1.23432,0.00188656513666,0.000393,-0.000437699794436,-0.000587810097687
1.23442,0.00188655383213,0.000402,-0.000438025830718,-0.000588248705833
1.23452,0.00188667175965,0.000421,-0.00043826539869,-0.000588681556926
1.23463,0.0018868092607,0.00043,-0.000438351690221,-0.000589061524758
1.23473,0.00188716665182,0.000473,-0.000438311187576,-0.000589422374485
1.23483,0.00188755741434,0.000518,-0.000438156195725,-0.000589769525642
1.23494,0.00188816520086,0.000518,-0.000437950065087,-0.000590062676137
1.23504,0.00188823168328,0.000547,-0.000437750914516,-0.000590326102958
1.23515,0.00188780205288,0.000585,-0.000437597541234,-0.000590571938294
1.23526,0.00188773162035,0.000573,-0.000437484689927,-0.000590781411941
1.23536,0.0018875473199,0.00059,-0.000437336540436,-0.000590974698021
1.23547,0.00188769574881,0.000617,-0.000437100131145,-0.000591174620472
1.23558,0.00188802151262,0.000597,-0.000436794778676,-0.00059136776172
1.23569,0.00188827473682,0.000602,-0.00043646277474,-0.000591563512876
1.23579,0.00188844547448,0.000621,-0.000436160633278,-0.000591776610813
1.2359,0.00188889449645,0.000596,-0.000435939673641,-0.000591980246106
1.23601,0.00188896933183,0.000589,-0.00043580705892,-0.000592178446566
1.23612,0.00188905539781,0.000579,-0.000435097516285,-0.000592375233639
1.23623,0.00188965430703,0.000559,-0.000434339275868,-0.000592585325976
1.23633,0.00189027307322,0.00053,-0.000433654623319,-0.000592788647207
1.23644,0.00189075063312,0.000542,-0.000432981629769,-0.000593003921128
1.23654,0.00189092671144,0.000517,-0.000432361243043,-0.000593203070945
1.23665,0.00189132365138,0.000531,-0.000431699268683,-0.00059340615244
1.23686,0.00189217012983,0.000504,-0.000431070433416,-0.000593594466812
1.23697,0.00189261062218,0.000512,-0.000430453432457,-0.00059378805277
1.23708,0.00189275309908,0.000488,-0.000429919736262,-0.000593974895397
1.23719,0.00189317643042,0.000496,-0.000429407016125,-0.000594180345223
1.23729,0.00189332391327,0.000474,-0.00042893142398,-0.000594397713956
1.2374,0.00189357698453,0.000487,-0.000428441137447,-0.000594652307159
1.23751,0.0018936222044,0.000512,-0.000427991657835,-0.000594925423733
1.23762,0.00189397230791,0.000552,-0.000427561564519,-0.000595226352759
1.23772,0.00189441988608,0.000574,-0.00042715628083,-0.000595537751578
1.23783,0.00189460587566,0.000596,-0.000426761496544,-0.00059584630567
1.23794,0.00189506949842,0.000605,-0.000426386213347,-0.00059613740287
1.23805,0.00189557265111,0.000625,-0.000426019684247,-0.000596412400366
1.23815,0.00189601531022,0.000606,-0.000425681706443,-0.000596654065932
1.23827,0.00189658988836,0.000633,-0.000425341741139,-0.000596890311928
1.23837,0.0018969326809,0.000611,-0.000425035789586,-0.000597099923817
1.23848,0.00189753489145,0.000615,-0.00042474589333,-0.000597297518622
1.23859,0.00189783310026,0.000603,-0.000424481084599,-0.000597467204715
1.2387,0.00189849990467,0.00062,-0.000424207147379,-0.000597619609972
1.23881,0.0018986789574,0.000601,-0.00042394931738,-0.000597746801109
1.23892,0.00189903387154,0.000603,-0.000423696790443,-0.000597856743429
1.23903,0.00189954916196,0.000602,-0.000423435134097,-0.000597954744737
1.23914,0.00190012165963,0.000589,-0.000423171559455,-0.000598034191727
1.23925,0.00190063484048,0.000577,-0.000422611535795,-0.000598145397163
1.23937,0.00190095460846,0.00056,-0.000422327714221,-0.000598162605407
1.23948,0.00190164253646,0.00055,-0.000422018433111,-0.000598154663211
1.23959,0.00190244508675,0.000526,-0.000421698134512,-0.00059812554079
1.2397,0.00190305385094,0.000513,-0.000421377667408,-0.000598077882408
1.23981,0.00190363481514,0.000525,-0.000421046159701,-0.000598018303298
1.23993,0.00190425894407,0.00053,-0.000420685462945,-0.000597945475132
1.24004,0.00190515010823,0.000548,-0.000420308225036,-0.000597851445536
1.24026,0.00190686433769,0.000544,-0.000419948906641,-0.000597750775332
1.24037,0.00190765332981,0.000552,-0.000419625702273,-0.000597638160613
1.24048,0.00190864528219,0.000544,-0.000419304143816,-0.000597524196245
1.24059,0.00190956254087,0.000518,-0.000418956961211,-0.000597418160504
1.2407,0.00191064916245,0.000543,-0.000418584110869,-0.000597314754886
1.24081,0.00191155357441,0.000546,-0.000418241979606,-0.00059722989393
1.24092,0.00191273050862,0.000557,-0.000417930619246,-0.000597160934231
1.24103,0.00191389074309,0.000535,-0.000417639144169,-0.000597115840266
1.24114,0.00191522932607,0.000531,-0.000417323830257,-0.000597099923817
1.24125,0.00191621796175,0.000497,-0.000417002881501,-0.000597107882102
1.24136,0.00191712822519,0.000473,-0.000416679939192,-0.000597145019159
1.24147,0.00191839166061,0.000527,-0.000416338566227,-0.000597221937507
1.24158,0.00191985430017,0.000558,-0.000415987867353,-0.000597329338972
1.24169,0.00192091564585,0.000561,-0.000415313303234,-0.000597612984583
1.24179,0.0019218765543,0.000572,-0.000414994958059,-0.000597793165157
1.2419,0.00192291401693,0.000571,-0.000414674616339,-0.000597987849122
1.242,0.00192419615581,0.000571,-0.000414319298791,-0.000598204961739
1.24211,0.00192576952448,0.000525,-0.000413976606876,-0.000598415368708
1.24222,0.00192690509931,0.000521,-0.000413630055037,-0.000598649495389
1.24232,0.00192817012454,0.000491,-0.000413310834059,-0.000598896735253
1.24243,0.00192937260922,0.000468,-0.000412982266601,-0.00059916367532
1.24254,0.0019308840129,0.000406,-0.000412648011914,-0.000599414632661
1.24264,0.00193228940176,0.000375,-0.000412274974472,-0.000599657549714
1.24275,0.00193363620575,0.000382,-0.0004118998709,-0.000599883202494
1.24285,0.00193504145109,0.000366,-0.000411539261306,-0.000600069193445
1.24296,0.00193626754546,0.000359,-0.000411182122798,-0.000600230068118
1.24306,0.00193759511871,0.000389,-0.000410804508449,-0.000600369804068
1.24316,0.0019391802759,0.000407,-0.000410417443278,-0.000600484464947
1.24326,0.00194057397571,0.000434,-0.000410030134262,-0.000600583290236
1.24336,0.00194198436461,0.000459,-0.000409651811463,-0.000600666288958
1.24346,0.0019433952485,0.000469,-0.000409293574512,-0.000600729517183
1.24356,0.00194466023483,0.000483,-0.000408935128886,-0.000600765079679
1.24366,0.00194624052911,0.000494,-0.000408569077268,-0.000600761128411
1.24376,0.00194780930942,0.000494,-0.000408217610883,-0.00060085199998
1.24386,0.00194915471229,0.000503,-0.000407910375998,-0.000601060022857
1.24396,0.00195049303422,0.000506,-0.000407632622267,-0.000601258751712
1.24406,0.00195182432869,0.000513,-0.000407352890332,-0.000601445566449
1.24416,0.00195336168698,0.000505,-0.000407035954434,-0.000601621794799
1.24427,0.0019550524053,0.000502,-0.000406670627359,-0.000601788761996
1.24437,0.00195678745304,0.000472,-0.000406290234736,-0.000601943848758
1.24446,0.00195858541966,0.000463,-0.000405939323343,-0.000602089693171
1.24456,0.00195979434129,0.000463,-0.000405939323343,-0.000602089693171
1.24466,0.00196066211757,0.000454,-0.000405651389846,-0.000602224989622
1.24476,0.00196161268355,0.000444,-0.000405361463017,-0.00060235237248
1.24486,0.00196287010938,0.000484,-0.000404905854196,-0.000602488913182
1.24496,0.00196395903318,0.000499,-0.000404327025373,-0.000602646415501
1.24507,0.00196538333996,0.000505,-0.000403784928729,-0.000602852408839
1.24517,0.00196684375446,0.000511,-0.000403479207601,-0.000603123880142
1.24528,0.00196871376213,0.000503,-0.000403486666013,-0.000603456795742
1.24538,0.00197051578575,0.000469,-0.000403555652059,-0.000603828779024
1.24548,0.00197217231402,0.000457,-0.000403428860967,-0.000604226662574
1.24558,0.00197366752686,0.000449,-0.000403100575007,-0.000604630777234
1.24569,0.00197479456129,0.000445,-0.000402607819111,-0.000605029351515
1.24579,0.00197603422589,0.00044,-0.000401961415471,-0.000605423703152
1.2459,0.00197758442126,0.000442,-0.000401185213386,-0.000605829493029
1.24601,0.00197950170262,0.000452,-0.000400387424282,-0.000606266241911
1.24612,0.00198166934596,0.000431,-0.000399787469921,-0.000606719548784
1.24622,0.00198402265809,0.000426,-0.000399453493878,-0.000607197174655
1.24633,0.00198642452012,0.000423,-0.000399346508468,-0.000607680857278
1.24644,0.00198884951994,0.000418,-0.000399282683823,-0.00060814850608
1.24655,0.0019912386654,0.000429,-0.000399046099924,-0.000608593677479
1.24667,0.00199353066606,0.000458,-0.000398514395934,-0.000608998281245
1.24678,0.00199558880929,0.000429,-0.000397799730049,-0.000609357230839
1.24689,0.00199768262477,0.00039,-0.000397065401097,-0.000609679683465
1.247,0.00199957368759,0.000386,-0.000396441481472,-0.000609964413527
1.2471,0.00200157177437,0.000401,-0.000395945291936,-0.000610203723844
1.24722,0.00200382985387,0.000454,-0.000395492149736,-0.000610404141487
1.24733,0.00200591037379,0.000467,-0.000395061358775,-0.000610556665206
1.24745,0.00200819237506,0.000491,-0.000394660531092,-0.000610691055431
1.24757,0.00201051185355,0.000487,-0.000394278370171,-0.000610809909845
1.24768,0.00201241694126,0.000479,-0.000393844844565,-0.000610920988066
1.24779,0.00201384140092,0.000453,-0.000393344684991,-0.000611021712697
1.2479,0.00201492119772,0.000449,-0.00039276255489,-0.000611112089809
1.24801,0.00201602155166,0.000447,-0.000392065939618,-0.000611188252475
1.24812,0.00201735321051,0.000447,-0.000391258259589,-0.000611250207005
1.24823,0.0020190080088,0.000466,-0.000390426683571,-0.000611305701601
1.24835,0.00202080623015,0.000464,-0.000389740799922,-0.00061136119021
1.24847,0.00202286350426,0.000466,-0.0003892983869,-0.000611439896341
1.24858,0.00202494326906,0.000447,-0.000389021719729,-0.000611540519422
1.24869,0.00202703268117,0.000439,-0.000388678100493,-0.000611639833155
1.24881,0.00202909284118,0.000423,-0.000388093514361,-0.000611706891319
1.24892,0.00203099465426,0.000431,-0.000387269199627,-0.000611726233396
1.24903,0.00203298301183,0.000485,-0.000386340307452,-0.000611693996198
1.24914,0.00203485010918,0.000487,-0.000385467619295,-0.000611616618675
1.24925,0.00203670948966,0.00056,-0.000384703260097,-0.000611503110576
1.24937,0.00203833342123,0.000605,-0.000384064941032,-0.000611396028836
1.24948,0.00203987919586,0.00064,-0.000383464482951,-0.000611337963149
1.24959,0.00204149697429,0.000665,-0.000382855741163,-0.000611344415216
1.24971,0.00204333270383,0.000692,-0.000382269559242,-0.000611402480174
1.24982,0.002045245706,0.000704,-0.000381752340034,-0.000611478599856
1.24993,0.00204705739092,0.000716,-0.000381242424428,-0.000611543099242
1.25004,0.00204863683632,0.000706,-0.000380643132051,-0.000611575345902
1.25016,0.00204995753612,0.00071,-0.000379867071344,-0.000611602431533
1.25027,0.00205117377028,0.000703,-0.000378907771096,-0.000611639833155
1.25039,0.00205251689276,0.000712,-0.000377836281974,-0.000611681100753
1.2505,0.00205382587152,0.000707,-0.000376838862231,-0.000611727522841
1.25061,0.00205528998005,0.000721,-0.000376009396691,-0.000611777808708
1.25072,0.00205660991903,0.000716,-0.000375358302296,-0.000611830668034
1.25084,0.00205802782795,0.000709,-0.000374751440377,-0.000611886100025
1.25095,0.00205937057415,0.000663,-0.000374063871109,-0.000611944103849
1.25107,0.00206073593742,0.000625,-0.000373203357938,-0.00061199952361
1.25118,0.00206189364644,0.000571,-0.000372229961117,-0.000612047205598
1.25129,0.00206321832619,0.000569,-0.000371227583731,-0.000612084574875
1.2514,0.00206449871211,0.000556,-0.000370312095481,-0.00061212322989
1.25152,0.00206585476834,0.00056,-0.000369474033238,-0.000612172188734
1.25163,0.00206712211014,0.000551,-0.00036869793863,-0.000612234024819
1.25174,0.00206841154557,0.000556,-0.000367895240622,-0.000612299717508
1.25186,0.00206950837423,0.00055,-0.000367052007687,-0.000612349947427
1.25197,0.00207047404635,0.000548,-0.000366172038233,-0.000612371840983
1.25208,0.0020713022191,0.000539,-0.000365296795987,-0.000612361538249
1.25219,0.00207199010887,0.000554,-0.000364450113555,-0.000612324189107
1.2523,0.00207251425573,0.000581,-0.00036363210719,-0.000612276532812
1.25241,0.00207280791277,0.000583,-0.000362819018782,-0.000612227583908
1.25252,0.0020729742075,0.000563,-0.000361980991805,-0.000612183783567
1.25263,0.00207303284341,0.000532,-0.000361092000274,-0.000612143844708
1.25275,0.00207296885281,0.000553,-0.000360169811615,-0.000612110345208
1.25286,0.00207281306035,0.000631,-0.000359230288642,-0.000612092306111
1.25297,0.00207256659747,0.000669,-0.000358357496983,-0.000612098748718
1.25309,0.00207224992491,0.000714,-0.000357527643535,-0.000612130960544
1.2532,0.0020716324318,0.000708,-0.000356748930363,-0.000612185071866
1.25332,0.00207092479921,0.000707,-0.000355941121203,-0.00061225334707
1.25343,0.00207001961362,0.000653,-0.000355130281089,-0.000612324189107
1.25354,0.00206900394587,0.000617,-0.000354298257717,-0.000612344795866
1.25365,0.00206778699593,0.000583,-0.000353509561605,-0.000612324189107
1.25376,0.00206646808963,0.000608,-0.000352719897269,-0.000612280397001
1.25387,0.00206491431856,0.00059,-0.000351969728147,-0.000612234024819
1.25398,0.00206320899065,0.000573,-0.000351234888443,-0.000612187648453
1.25408,0.00206145142653,0.000543,-0.000350523543167,-0.000612127095231
1.25418,0.00205959219042,0.000528,-0.000349815472145,-0.000612042051002
1.25427,0.00205770316051,0.000504,-0.000349126944771,-0.000611935081462
1.25437,0.00205564499742,0.000478,-0.000348462093362,-0.000611815197574
1.25448,0.00205331869737,0.000475,-0.000347816919719,-0.00061170173331
1.25458,0.00205090525592,0.000503,-0.000347175177763,-0.000611607590539
1.25469,0.00204829821049,0.000508,-0.000346536878684,-0.00061154567905
1.2548,0.00204569147887,0.000509,-0.000345871398338,-0.000611532779884
1.25491,0.00204292450303,0.00045,-0.000345229766452,-0.000611574056074
1.25502,0.00204007824926,0.000448,-0.000344562940073,-0.000611657888136
1.25513,0.00203715514954,0.000421,-0.000343920009736,-0.000611759757937
1.25525,0.0020341580226,0.000423,-0.000343257985242,-0.000611862896663
1.25535,0.0020312138002,0.000398,-0.000342630179986,-0.000611950548314
1.25546,0.00202829568765,0.000399,-0.000341991493295,-0.000612043339656
1.25557,0.00202536623218,0.000385,-0.000341376857269,-0.00061212451834
1.25567,0.0020224561213,0.00039,-0.000340757521743,-0.000612192801589
1.25578,0.00201950739591,0.000415,-0.000339541826382,-0.00061231517339
1.25589,0.0020164537338,0.000435,-0.000338959961286,-0.000612395021379
1.256,0.00201333570784,0.000479,-0.000338381707501,-0.000612503182734
1.25611,0.00201012452226,0.000488,-0.000337842229294,-0.000612631916568
1.25622,0.00200684665596,0.000519,-0.00033730230371,-0.000612770912881
1.25633,0.00200363128504,0.000507,-0.000336792998282,-0.000612897006621
1.25644,0.00200033125091,0.000518,-0.000336275003299,-0.000612998631082
1.25655,0.00199710993557,0.000499,-0.000335775266173,-0.000613095091395
1.25666,0.00199395554355,0.000501,-0.000335258537703,-0.000613232676745
1.25678,0.00199077052635,0.000482,-0.000334753865598,-0.000613395931142
1.25688,0.00198744485331,0.000498,-0.000334234248006,-0.000613579690897
1.257,0.00198411847249,0.000508,-0.000333726702138,-0.000613776228152
1.25711,0.00198073726102,0.00055,-0.000333214596474,-0.000613995798388
1.25722,0.00197734366732,0.000582,-0.000332725014707,-0.000614242221441
1.25733,0.00197395578459,0.000633,-0.000332245494228,-0.000614521870822
1.25745,0.00197059759589,0.000668,-0.000331801102716,-0.000614825720372
1.25756,0.00196730020279,0.000707,-0.0003313898238,-0.000615149884329
1.25768,0.00196399791412,0.000726,-0.000331015899368,-0.000615494323989
1.2579,0.00195767227143,0.000761,-0.000330660577706,-0.000615892253874
1.25802,0.00195452033862,0.000788,-0.000330307154916,-0.000616365272817
1.25814,0.00195137137355,0.000809,-0.000329943076429,-0.000616905513481
1.25826,0.00194822878614,0.000811,-0.000329562042046,-0.000617466861197
1.25837,0.00194508934876,0.000796,-0.000329170308748,-0.000617991928629
1.25849,0.00194200635376,0.000772,-0.000328778341177,-0.000618433739593
1.25861,0.0019389367165,0.000777,-0.000327983206185,-0.00061907222566
1.25873,0.00193591497755,0.000818,-0.00032756322104,-0.000619322568921
1.25884,0.00193291905978,0.00087,-0.000327124049166,-0.000619568979893
1.25896,0.00193003377359,0.000908,-0.000326667755771,-0.00061982669495
1.25908,0.00192722031627,0.000919,-0.000326196410432,-0.000620103308072
1.25932,0.00192162417158,0.000909,-0.000325716300644,-0.000620405127319
1.25943,0.00191880462932,0.000897,-0.000325229515635,-0.000620737175623
1.25955,0.00191608872865,0.000866,-0.000324740260261,-0.000621103191881
1.25967,0.0019133488632,0.000804,-0.000324252751837,-0.000621496777431
1.25979,0.00191058742838,0.000772,-0.000323771220176,-0.000621897643466
1.25991,0.00190777584047,0.000818,-0.000323299907349,-0.000622276721442
1.26003,0.00190489064556,0.000983,-0.000322836719942,-0.000622603765111
1.26015,0.00190196640795,0.001282,-0.000322375323782,-0.000622861211412
1.26027,0.00189902497649,0.00152,-0.000321911485534,-0.000623051688258
1.26038,0.00189604547568,0.001553,-0.000321438839666,-0.000623186618736
1.2605,0.00189289453559,0.001412,-0.000320963732937,-0.000623286217329
1.26062,0.00188995767241,0.000858,-0.000320018866072,-0.000623436208763
1.26074,0.001887262607,0.000499,-0.000319559745896,-0.00062349921717
1.26086,0.00188435443302,0.000474,-0.000319113072753,-0.000623559697894
1.26098,0.00188098798076,0.000457,-0.000318681001366,-0.000623623950778
1.2611,0.00187781448,0.000469,-0.000318257169246,-0.000623695753212
1.26122,0.00187494645106,0.000468,-0.000317839460687,-0.000623776361399
1.26134,0.00187210362557,0.000451,-0.000317427887562,-0.0006238569568
1.26146,0.00186942317338,0.00043,-0.000317024596049,-0.000623922431151
1.2617,0.00186374281006,0.00045,-0.000316633873008,-0.000623961459923
1.26182,0.00186103813741,0.000471,-0.00031625360398,-0.000623972790296
1.26193,0.00185854442956,0.000493,-0.000315888083477,-0.000623961459923
1.26205,0.0018561127921,0.000511,-0.000315537336118,-0.000623935021406
1.26217,0.00185348375511,0.000525,-0.000315201385545,-0.000623897249707
1.26229,0.00185072197617,0.000526,-0.000314880254423,-0.000623840586894
1.26241,0.00184787712499,0.000506,-0.000314580391548,-0.000623753691639
1.26252,0.00184535943298,0.000501,-0.000314286822896,-0.000623622690995
1.26264,0.00184288860692,0.000472,-0.000313999556922,-0.000623451331493
1.26275,0.00184041730183,0.000441,-0.000313712166426,-0.00062323831158
1.26287,0.00183773466952,0.0004,-0.000313416066873,-0.000622997453773
1.26298,0.00183496686142,0.000407,-0.000313119835079,-0.000622747648224
1.2631,0.00183225100892,0.000435,-0.000312817026786,-0.00062248888183
1.26322,0.00182974451173,0.000477,-0.000312520527366,-0.000622232510224
1.26333,0.00182721801209,0.000493,-0.000312238945175,-0.000621992439432
1.26345,0.00182461641593,0.000523,-0.000311963696022,-0.000621769956998
1.26356,0.00182208055474,0.000533,-0.000311686181001,-0.000621568880719
1.26368,0.00181960912511,0.000535,-0.000311410702597,-0.000621393031983
1.26379,0.00181722987025,0.000513,-0.000311139416922,-0.000621238639879
1.2639,0.00181494786566,0.000498,-0.000310868020436,-0.000621101925842
1.26402,0.00181267038782,0.00048,-0.000310598668329,-0.000620985436791
1.26413,0.00181055920638,0.000453,-0.000310320582464,-0.00062088158714
1.26424,0.00180861258294,0.000415,-0.000310044537289,-0.000620799252255
1.26435,0.0018067534101,0.0004,-0.000309755429669,-0.000620730840847
1.26446,0.00180481634048,0.000369,-0.000309476990876,-0.00062068522814
1.26458,0.00180305190955,0.000362,-0.000309191956077,-0.000620661153121
1.26469,0.0018011501026,0.000344,-0.000308917602753,-0.00062066622164
1.2648,0.0017990996451,0.000349,-0.000308638813075,-0.000620700432829
1.26491,0.00179687129342,0.000368,-0.000308372881576,-0.000620757446375
1.26502,0.00179483995869,0.000416,-0.000308111170487,-0.000620824587483
1.26513,0.00179306887941,0.000436,-0.000307868833817,-0.000620887920042
1.26525,0.00179136396108,0.000466,-0.000307425042659,-0.000621003165104
1.26536,0.0017893956642,0.000486,-0.000307236612636,-0.000621066475472
1.26547,0.00178744688548,0.000486,-0.000307084963581,-0.000621143703468
1.26558,0.00178577008038,0.00051,-0.000306963619486,-0.000621231045617
1.26569,0.00178416781437,0.000514,-0.000306885600901,-0.000621338620434
1.2658,0.00178241978774,0.00054,-0.000306842253297,-0.000621468945361
1.26592,0.00178060929715,0.000542,-0.000306835750913,-0.000621632120813
1.26603,0.00177890764347,0.000564,-0.000306857425279,-0.000621816736946
1.26614,0.0017773333617,0.000551,-0.000306902939154,-0.000621989911768
1.26625,0.00177558376459,0.000552,-0.000306963619486,-0.000622136495496
1.26636,0.00177371210026,0.000506,-0.000307035128501,-0.000622247668789
1.26647,0.00177211852512,0.000469,-0.000307115296152,-0.00062232219183
1.26658,0.0017705358147,0.000454,-0.000307191121542,-0.000622362606542
1.26669,0.0017690326645,0.00046,-0.000307264772232,-0.000622377761231
1.2668,0.00176751556559,0.000428,-0.000307336248942,-0.000622379024101
1.26691,0.00176596625272,0.00042,-0.000307418545959,-0.000622370183943
1.26713,0.00176376676293,0.000373,-0.000307509493995,-0.000622352503165
1.26734,0.0017614510118,0.000298,-0.000307719493213,-0.000622294404853
1.26746,0.00176080727791,0.000293,-0.000307838535532,-0.000622270405789
1.26756,0.00175989234902,0.000309,-0.000307961884217,-0.000622262826902
1.26767,0.00175892673047,0.000256,-0.0003080981904,-0.000622262826902
1.26778,0.00175815091401,0.000222,-0.000308240957437,-0.000622261563743
1.26789,0.00175752809197,0.000276,-0.000308390181164,-0.00062224387919
1.268,0.00175656436847,0.000237,-0.000308539371453,-0.00062220850824
1.26811,0.00175545616713,0.000268,-0.000308695012639,-0.000622149130048
1.26822,0.00175460182908,0.000274,-0.000308848456514,-0.00062207079077
1.26833,0.00175382411906,0.000289,-0.000309021308644,-0.000621960842738
1.26844,0.00175271900968,0.000276,-0.00030922219283,-0.00062181926547
1.26855,0.00175165800284,0.000288,-0.000309464037398,-0.000621625797157
1.26865,0.0017508829386,0.000304,-0.000309712268497,-0.000621390501342
1.26876,0.00175017288221,0.000321,-0.000309945305556,-0.000621100659799
1.26887,0.00174915139617,0.000306,-0.000310111402497,-0.000620789117811
1.26898,0.00174805905218,0.000302,-0.000310208452933,-0.000620448229772
1.26909,0.00174704607957,0.000274,-0.000310242956342,-0.000620114724656
1.2692,0.00174639266192,0.000263,-0.000310240799931,-0.000619781001283
1.2693,0.00174547295641,0.000282,-0.000310223548395,-0.000619473732027
1.26941,0.00174447034042,0.000317,-0.000310191200558,-0.00061917517354
1.26952,0.00174350693752,0.000337,-0.000310145910942,-0.000618898056669
1.26963,0.00174273064976,0.00037,-0.000310068264423,-0.000618620789302
1.26974,0.00174225088012,0.000382,-0.000309958249665,-0.000618352281576
1.26985,0.00174171951201,0.000402,-0.000309815850604,-0.000618069623369
1.26995,0.00174108903061,0.000396,-0.000309660471394,-0.000617784260121
1.27006,0.00174070458881,0.000397,-0.000309489944102,-0.000617485987194
1.27017,0.00174040863914,0.000373,-0.000309321532487,-0.000617195194813
1.27028,0.0017404081848,0.000357,-0.000309142278428,-0.000616904236989
1.27038,0.00174056749339,0.000323,-0.000308956494356,-0.000616625885624
1.27049,0.00174076392505,0.000311,-0.000308759852395,-0.000616347382757
1.2706,0.00174107599989,0.000301,-0.000308560990461,-0.000616072563989
1.27071,0.00174149335715,0.000291,-0.000308362069106,-0.000615792480568
1.27082,0.00174195288799,0.000287,-0.000308165251457,-0.000615513523846
1.27093,0.0017422392375,0.000284,-0.000307957556579,-0.000615230573121
1.27103,0.00174252291727,0.000294,-0.000307743303379,-0.000614962842403
1.27114,0.00174326815136,0.000322,-0.000307513824544,-0.000614698817778
1.27125,0.00174409346403,0.000376,-0.000307301594525,-0.000614465440111
1.27136,0.00174532008649,0.000375,-0.000306944115696,-0.000614024040368
1.27147,0.00174714288418,0.00038,-0.000306807573183,-0.000613816040256
1.27157,0.00174910369755,0.000395,-0.000306671002696,-0.000613615664127
1.27168,0.0017505412809,0.000417,-0.000306514887873,-0.000613416494943
1.27179,0.00175165152979,0.00041,-0.000306347891285,-0.000613236533747
1.2719,0.00175268402059,0.000413,-0.000306187361637,-0.000613069370416
1.272,0.00175395279357,0.000409,-0.000306059344092,-0.000612915017485
1.27211,0.00175532446637,0.00041,-0.000305976879102,-0.00061276705238
1.27222,0.00175698782408,0.000383,-0.000305926961128,-0.000612633203743
1.27233,0.00175863736973,0.000385,-0.000305874868825,-0.000612494170157
1.27244,0.00176041632752,0.000351,-0.000305805406091,-0.000612358962534
1.27254,0.00176124292824,0.000342,-0.0003057229097,-0.000612206972448
1.27265,0.00176211829866,0.000313,-0.000305664287644,-0.000612042051002
1.27276,0.00176318474992,0.000291,-0.000305649088492,-0.000611862896663
1.27287,0.00176472624756,0.000306,-0.00030567080146,-0.000611692706668
1.27298,0.00176593255479,0.000311,-0.000305692513721,-0.000611536649668
1.27309,0.00176751241869,0.000312,-0.000305672972718,-0.000611420543491
1.2733,0.00177041121682,0.000337,-0.000305601317475,-0.00061133409187
1.27341,0.00177160735013,0.000337,-0.000305523139341,-0.000611272147444
1.27352,0.00177318309282,0.000357,-0.000305477531199,-0.000611206323317
1.27363,0.00177446755738,0.000342,-0.000305486218704,-0.000611121126647
1.27374,0.00177587072193,0.000343,-0.000305516624083,-0.000610997179026
1.27385,0.00177754807327,0.000313,-0.000305523139341,-0.00061083961916
1.27396,0.00177951477039,0.000306,-0.000305481874965,-0.000610641955379
1.27406,0.0017806239618,0.000277,-0.000305431919939,-0.000610426118029
1.27417,0.00178210305685,0.000273,-0.000305418887578,-0.000610189497691
1.27428,0.00178349136965,0.000252,-0.000305464499728,-0.000609965707395
1.27439,0.00178511763077,0.000253,-0.000305533997962,-0.000609924301998
1.27449,0.00178692014903,0.000236,-0.000305560057934,-0.000610083435802
1.2746,0.00178900194614,0.000236,-0.000305516624083,-0.000610219242835
1.27471,0.00179041750926,0.000253,-0.000305453639975,-0.000610343377927
1.27482,0.00179179433166,0.000267,-0.000305434091974,-0.000610467483094
1.27492,0.00179298512385,0.00022,-0.000305481874965,-0.000610565711804
1.27503,0.00179470366031,0.000213,-0.000305560057934,-0.000610629033534
1.27514,0.00179584167502,0.000212,-0.000305583945348,-0.000610643247545
1.27525,0.00179657141438,0.000231,-0.000305525311079,-0.00061063678668
1.27535,0.00179715506821,0.000229,-0.000305444952046,-0.00061062257249
1.27546,0.00179836986767,0.00031,-0.000305416715493,-0.000610600604333
1.27557,0.00179909932879,0.000403,-0.000305473187403,-0.000610572173562
1.27568,0.00179980342301,0.000433,-0.000305570915955,-0.000610545033633
1.27578,0.0018003473839,0.000319,-0.000305625203411,-0.000610523062167
1.27589,0.00180152106005,0.000293,-0.000305603488959,-0.000610502382283
1.27599,0.00180330440714,0.000301,-0.000305553543037,-0.000610473946085
1.2761,0.00180499225464,0.000333,-0.000305544856408,-0.000610439044969
1.27621,0.00180659089904,0.00034,-0.000305610003369,-0.00061040543425
1.27632,0.0018084498286,0.000399,-0.000305725080789,-0.000610370528489
1.27642,0.00181053065437,0.000384,-0.000305827113973,-0.000610329155632
1.27653,0.00181295414534,0.000384,-0.000305939983568,-0.000610216656369
1.27663,0.00181486631675,0.000427,-0.000306020282999,-0.000610161044206
1.27674,0.00181699052008,0.000425,-0.000306161326161,-0.000610105426037
1.27684,0.00181910733571,0.000412,-0.000306352229387,-0.000610040746193
1.27695,0.00182198946371,0.000397,-0.000306551751614,-0.000609960531902
1.27706,0.00182476876155,0.00041,-0.000306742543107,-0.000609876422858
1.27716,0.00182718772802,0.000391,-0.000306905106404,-0.000609805242938
1.27727,0.00182904865174,0.000401,-0.000307063296613,-0.000609741819813
1.27738,0.00183136941986,0.000377,-0.000307232280284,-0.000609669326679
1.27748,0.00183340210864,0.000381,-0.000307435870351,-0.000609581285586
1.27759,0.00183518275283,0.000357,-0.000307678364559,-0.000609488049203
1.27769,0.00183668703765,0.000361,-0.000307977030726,-0.000609384433432
1.2779,0.00184230220991,0.000337,-0.000308310166802,-0.000609263953903
1.27801,0.0018446251008,0.000337,-0.000308675559481,-0.000609122710855
1.27811,0.00184637552703,0.000313,-0.000309014827499,-0.000608977540056
1.27822,0.00184781669885,0.000313,-0.000309321532487,-0.000608831031647
1.27832,0.00184972358935,0.000289,-0.000309580609624,-0.000608689669918
1.27843,0.00185192586117,0.000289,-0.000309835270453,-0.000608543079679
1.27853,0.00185340229102,0.000266,-0.000310111402497,-0.000608406830153
1.27864,0.0018550258566,0.000268,-0.000310449939197,-0.000608283525753
1.27874,0.00185703889317,0.000254,-0.00031082062238,-0.000608178369244
1.27885,0.00185939246336,0.000301,-0.000311206172085,-0.000608065399485
1.27895,0.00186041066818,0.000348,-0.000311544151716,-0.000607939415526
1.27906,0.00186106435382,0.000415,-0.000311838936175,-0.000607797809214
1.27916,0.00186161114537,0.000427,-0.000312088432433,-0.000607648365926
1.27927,0.00186306903454,0.000441,-0.000312346433388,-0.000607471577137
1.27937,0.00186421115112,0.00039,-0.000312634416,-0.000607268715421
1.27948,0.00186571785437,0.00036,-0.000312984554835,-0.0006070410513
1.27958,0.00186756851745,0.000335,-0.000313370996654,-0.000606809381371
1.27969,0.00186939251679,0.000364,-0.000313780808314,-0.000606559373685
1.27979,0.0018707785448,0.000368,-0.000314160355454,-0.000606309244977
1.2799,0.00187234547852,0.000405,-0.000314841708226,-0.000605804711138
1.28,0.00187359377248,0.000445,-0.000315186402889,-0.000605552911969
1.28011,0.0018746725853,0.000454,-0.000315552310838,-0.000605311434949
1.28021,0.00187606326895,0.000492,-0.000315965051936,-0.000605062007931
1.28032,0.00187820340771,0.00049,-0.000316366852998,-0.000604811153781
1.28042,0.00188005375386,0.000523,-0.000316742786231,-0.000604551025536
1.28053,0.00188171262662,0.000511,-0.000317035268304,-0.000604299923586
1.28063,0.00188339160896,0.00053,-0.000317267880677,-0.000604034303098
1.28074,0.00188512971328,0.000503,-0.000317457751227,-0.000603763308375
1.28095,0.00188723790453,0.000504,-0.000317660361902,-0.000603481690283
1.28106,0.00188873263395,0.000464,-0.000317894886194,-0.000603205162733
1.28116,0.00189060692263,0.000435,-0.000318174074802,-0.00060291012478
1.28127,0.00189206459668,0.000369,-0.000318444626024,-0.000602613606461
1.28137,0.00189362437458,0.000376,-0.000318685259606,-0.000602306413199
1.28147,0.00189530353076,0.000369,-0.00031885556669,-0.000602010863442
1.28159,0.00189741800026,0.000426,-0.000318985396345,-0.000601673073904
1.28171,0.0018985938382,0.00043,-0.000319081155965,-0.000601395580358
1.28184,0.00190009223311,0.000481,-0.000319200304106,-0.000601225854835
1.28198,0.00190184282557,0.000461,-0.000319410888418,-0.00060115479047
1.28211,0.00190331752229,0.000448,-0.000319746833405,-0.000601106092606
1.28224,0.0019057603405,0.000454,-0.000320182456728,-0.00060105344113
1.28238,0.00190807966636,0.000424,-0.000320600809339,-0.000600994201841
1.28251,0.00190982068694,0.000417,-0.000320955245777,-0.000600929689153
1.28264,0.00191068903278,0.000373,-0.000321199208076,-0.00060087965339
1.28278,0.00191206395796,0.000481,-0.000321400674094,-0.000600850683114
1.28291,0.00191351496403,0.000428,-0.000321606318,-0.000600866485283
1.28304,0.00191622500268,0.000502,-0.000322352033757,-0.000601035011853
1.28318,0.00191974600941,0.000509,-0.000322769012302,-0.000601173215498
1.28331,0.00192217848511,0.000506,-0.000323063066825,-0.000601345589455
1.28345,0.00192319941694,0.000502,-0.000323192070889,-0.000601538948622
1.28359,0.00192425717086,0.00054,-0.000323247048546,-0.000601720403967
1.28372,0.00192503711141,0.00043,-0.000323407726149,-0.00060187551115
1.28384,0.00192694637495,0.00036,-0.000323792347376,-0.000601991154139
1.28397,0.00192952544719,0.000348,-0.000324303418886,-0.00060206604551
1.28409,0.00193177901794,0.000356,-0.000324752918004,-0.000602114653422
1.2842,0.00193429676114,0.000421,-0.00032505241349,-0.000602158002584
1.28446,0.00193753170742,0.000468,-0.000325103018971,-0.000602226303007
1.2846,0.00193835229808,0.000542,-0.00032498915116,-0.000602319544838
1.28474,0.00193944131628,0.000364,-0.000324902682799,-0.000602399640636
1.28487,0.00194153082798,0.000243,-0.000324991260003,-0.000602429837481
1.28501,0.00194414777843,0.000249,-0.000325284323298,-0.000602403579455
1.28514,0.00194663243992,0.000376,-0.000325657315599,-0.000602333989256
1.28527,0.00194877727982,0.000357,-0.000326089047911,-0.000602217109243
1.28541,0.00195073814802,0.000495,-0.0003266088561,-0.000602077869475
1.28554,0.00195288708757,0.000497,-0.000327203920457,-0.000601914937791
1.28568,0.00195445304095,0.000379,-0.000327819443955,-0.000601724347944
1.28581,0.00195648092529,0.000409,-0.000328491028959,-0.000601500808636
1.28594,0.00195796887265,0.000432,-0.000329384010485,-0.00060122190707
1.28607,0.00195960709463,0.000591,-0.0003306208533,-0.000600888870866
1.2862,0.00196136781941,0.000853,-0.00033240189825,-0.00060048841832
1.28633,0.00196264160098,0.001066,-0.000334620882882,-0.000600053367017
1.28646,0.00196400915062,0.001192,-0.000337093246812,-0.00059958891074
1.2866,0.00196559097072,0.00122,-0.000339614007377,-0.000599102899025
1.28673,0.00196656578368,0.00111,-0.000341899026741,-0.000598615110495
1.28686,0.00196687261682,0.001121,-0.000346459342597,-0.000597630210419
1.28699,0.00196763834872,0.001244,-0.00034899280972,-0.000597152976756
1.28713,0.00196868647196,0.0013,-0.000351629741242,-0.000596692562745
1.28726,0.00197015250038,0.001238,-0.000354130917154,-0.000596252999182
1.28739,0.00197310917953,0.001128,-0.000356401415715,-0.000595811735403
1.28752,0.00197565459414,0.001012,-0.000358431610353,-0.000595799768238
1.28765,0.00197756841284,0.000874,-0.000360179799131,-0.0005957878008
1.28778,0.00197804147798,0.00071,-0.000361596445415,-0.0005957638651
1.2879,0.0019780391247,0.000804,-0.000363196865915,-0.000595737268591
1.28804,0.00197863369804,0.001089,-0.000365358220973,-0.00059570668093
1.28818,0.0019803092284,0.001288,-0.000367905107926,-0.000595657470934
1.28845,0.00198740826121,0.001596,-0.00036867822846,-0.000595580321605
1.28858,0.00199055860409,0.001422,-0.000367642585492,-0.000595492517123
1.28872,0.00199286878762,0.001376,-0.000366272950387,-0.000595376752292
1.28887,0.00199360762934,0.001035,-0.000365078788576,-0.000595202391312
1.28901,0.00199410108745,0.000882,-0.000364237770963,-0.000594892124475
1.28915,0.00199564763822,0.0009,-0.000363667867249,-0.000594423045536
1.28929,0.00199844000466,0.000878,-0.000363163067647,-0.00059384544725
1.28943,0.00200273693825,0.001068,-0.000362520560408,-0.000593221779114
1.28957,0.00200710598916,0.001061,-0.000361837561141,-0.000592577298518
1.28971,0.00200970532788,0.000923,-0.000361337294069,-0.000591891835237
1.28985,0.00201007004966,0.000829,-0.000360774773679,-0.000591175961976
1.28999,0.00201055317332,0.000939,-0.000360415459254,-0.000590471200034
1.29013,0.00201170837013,0.001019,-0.000360349563046,-0.000589827361864
1.29027,0.00201475624297,0.001075,-0.000360575179471,-0.000589231208858
1.29041,0.00201786386327,0.001054,-0.000360635064272,-0.000588642466639
1.29055,0.00202108559212,0.000993,-0.000360129859995,-0.000588017976064
1.2907,0.00202482897593,0.000961,-0.000359566276499,-0.000587348151762
1.29085,0.00202638131488,0.001034,-0.00036017780164,-0.000585974780519
1.29099,0.00202828547638,0.000993,-0.000360854593926,-0.000585353898075
1.29114,0.00202910173861,0.000851,-0.000360922433305,-0.000584796107584
1.29128,0.00203105906261,0.000988,-0.000360810694023,-0.000584297533004
1.29142,0.00203353877838,0.001063,-0.000361143858839,-0.000583818893277
1.29157,0.00203652208708,0.001079,-0.000361676163158,-0.000583331649537
1.29171,0.00204056242227,0.001179,-0.00036238322271,-0.00058284804472
1.29185,0.00204395657417,0.001405,-0.000363091488938,-0.00058241310376
1.29212,0.00204364165705,0.001681,-0.000363554620187,-0.000582058341612
1.29226,0.0020439531928,0.001868,-0.000363894301099,-0.000581767532137
1.29239,0.00204495098329,0.001743,-0.000364462018523,-0.000581514821374
1.29253,0.0020479135738,0.000673,-0.000365776149948,-0.000581104763479
1.29266,0.00205285697611,0.000666,-0.000366557792535,-0.00058097484557
1.2928,0.0020557642667,0.000666,-0.000366557792535,-0.00058097484557
1.29293,0.00205691559053,0.000687,-0.00036698284066,-0.000580906454917
1.29306,0.00205618818515,0.000698,-0.000367326625413,-0.000580906454917
1.2932,0.00205591768434,0.000721,-0.000367810375482,-0.000580973477843
1.29333,0.00205717062558,0.000745,-0.000368423912454,-0.000581093824253
1.29346,0.00205883076914,0.000772,-0.000369273206261,-0.000581240117703
1.2936,0.00206289345228,0.000798,-0.000369499624273,-0.000581395937284
1.29373,0.00206642292005,0.000807,-0.00037029243533,-0.000581553077241
1.29387,0.00206815904472,0.000804,-0.00037151217671,-0.000581874044299
1.294,0.00206809601386,0.00072,-0.000372202519825,-0.000582039232282
1.29414,0.0020674448476,0.000868,-0.000372331875515,-0.000582198910465
1.29427,0.00206803084357,0.000946,-0.000370475251234,-0.000582348991298
1.29441,0.00206851118834,0.00078,-0.00036941497307,-0.000582478572294
1.29454,0.00207088554069,0.00078,-0.000369714154702,-0.000582586304945
1.29468,0.00207330733177,0.000778,-0.000371243288741,-0.00058266129573
1.29481,0.00207509572304,0.000868,-0.000372944975818,-0.000582698105496
1.29495,0.00207458675379,0.000782,-0.00037316030157,-0.000582685835858
1.29509,0.00207289349418,0.000762,-0.000372155474846,-0.000582635391025
1.29536,0.00207014024165,0.000785,-0.000370891796144,-0.000582548123732
1.2955,0.00207161847225,0.000769,-0.000370127266026,-0.000582441747241
1.29563,0.00207426001937,0.00073,-0.000370347482217,-0.000582333985131
1.29577,0.00207663642413,0.000732,-0.000371784873596,-0.000582230294524
1.2959,0.00207631125913,0.000898,-0.000373543791585,-0.00058214978385
1.29604,0.00207529812746,0.00063,-0.000374061916723,-0.000582095193371
1.29617,0.00207448738021,0.00058,-0.000373117242274,-0.000582080180001
1.2963,0.00207399172476,0.000737,-0.000371673062437,-0.000582136136759
1.29644,0.00207590686911,0.000562,-0.000370642294999,-0.000582395371303
1.29656,0.00207862351359,0.000519,-0.000370544039285,-0.000582631300692
1.2967,0.00208192321355,0.000597,-0.000371716219958,-0.000582871213352
1.29682,0.00208353438864,0.001132,-0.000373932913884,-0.000583085134492
1.29695,0.00208335115541,0.000945,-0.000374749488114,-0.000583289436889
1.29709,0.00208318620752,0.000591,-0.000374257325486,-0.000583484131647
1.29721,0.00208306875384,0.00067,-0.000373322726198,-0.000583808010057
1.29734,0.00208363415369,0.000459,-0.00037284315998,-0.00058394539425
1.29747,0.00208540686387,0.000421,-0.000372582671932,-0.000584138487826
1.29759,0.00208835670947,0.000603,-0.000372218200708,-0.000584398100946
1.29771,0.00209099251358,0.001202,-0.000371810371626,-0.000584652153489
1.29783,0.00209349298863,0.001303,-0.000371586738585,-0.000584892507707
1.29796,0.00209458061796,0.000689,-0.000371472930096,-0.000585090683607
1.29807,0.00209432938236,0.000404,-0.000371457230771,-0.000585271148921
1.29819,0.00209464824963,0.00049,-0.000371578890379,-0.000585423071828
1.2983,0.00209494275623,0.000639,-0.000371771143463,-0.000585550544777
1.29841,0.00209549625326,0.000541,-0.000372012358241,-0.00058565494115
1.29853,0.00209682546247,0.000594,-0.000372277000567,-0.000585732208267
1.29876,0.00210141053201,0.000584,-0.000372619891067,-0.000585778292032
1.29887,0.0021038732223,0.001094,-0.000372919523392,-0.000585799977116
1.29898,0.00210523381401,0.001369,-0.000373379467154,-0.000585806753522
1.2991,0.00210511713122,0.001109,-0.000373887952172,-0.000585797266529
1.29922,0.00210512785311,0.000607,-0.00037424755648,-0.000585770159896
1.29935,0.00210482985004,0.000582,-0.000374733869786,-0.000585721364442
1.29947,0.00210474334516,0.000996,-0.000375159331362,-0.000585648162792
1.29959,0.00210519937758,0.000922,-0.000375637146364,-0.000585550544777
1.29971,0.0021067310798,0.000559,-0.000376118496598,-0.00058543120932
1.29983,0.00210886501998,0.0006,-0.0003766092132,-0.000585287428469
1.29995,0.00211004056009,0.000877,-0.000377177344962,-0.000585123253343
1.30007,0.00211038059922,0.001188,-0.000377735250744,-0.000584946809879
1.30019,0.0021093509816,0.000892,-0.000378385841612,-0.000584773023251
1.30031,0.00210794007382,0.00056,-0.000379126891502,-0.00058462362962
1.30043,0.00210727255976,0.000559,-0.000379841896261,-0.000584509518722
1.30055,0.00210641362218,0.000774,-0.000380666341083,-0.000584432072273
1.30067,0.00210655447078,0.000647,-0.000381454939482,-0.000584379076048
1.30079,0.00210762120056,0.000496,-0.000381677037601,-0.00058433286987
1.30092,0.00210853571927,0.000542,-0.000382722741232,-0.000584277145274
1.30104,0.00210850516292,0.00116,-0.000383824441806,-0.000584207821102
1.30116,0.00210770089161,0.000566,-0.000385448425691,-0.000584029711398
1.30129,0.00210660278997,0.000552,-0.000386231048212,-0.000583929073246
1.30141,0.00210567820039,0.000993,-0.000385223816876,-0.000583820253663
1.30154,0.00210466359151,0.000944,-0.000383408641977,-0.000583700526217
1.30167,0.00210415560457,0.000469,-0.00038250486896,-0.000583583493621
1.30179,0.00210467732361,0.000417,-0.000382998347503,-0.000583496382764
1.30192,0.0021060008446,0.000959,-0.000384843526377,-0.000583474602804
1.30205,0.00210657432826,0.001086,-0.000386926531691,-0.000583526328741
1.3023,0.00210486489913,0.0006,-0.000387825874499,-0.000583616156489
1.30243,0.00210370977383,0.000518,-0.000386932276274,-0.000583691001278
1.30256,0.00210318074511,0.001017,-0.000384981840499,-0.000583701886909
1.30268,0.00210312977285,0.000927,-0.000383198712545,-0.000583646095677
1.3028,0.00210483491422,0.000527,-0.00038218274244,-0.000583537217767
1.30292,0.00210629700725,0.000349,-0.000382487513054,-0.000583420148978
1.30304,0.0021071513638,0.000851,-0.00038412649403,-0.000583298969072
1.30317,0.00210707154857,0.000993,-0.000386033566541,-0.000583191381597
1.3033,0.00210612643625,0.000314,-0.000386574096578,-0.000583136898571
1.30344,0.00210554927177,0.000772,-0.000385093238042,-0.000583179123406
1.30357,0.00210515162086,0.001331,-0.000382531866083,-0.000583337096084
1.3037,0.00210597339007,0.001229,-0.000380157480315,-0.000583578049613
1.30383,0.00210787883503,0.000639,-0.000378919407723,-0.000583842019374
1.30396,0.00210968533729,0.000876,-0.000381145802949,-0.000584338306101
1.3041,0.00211064535514,0.00059,-0.000382284992086,-0.000584619554655
1.30423,0.00210983214385,0.000379,-0.000381586276538,-0.000584954954723
1.30436,0.00210858238095,0.001067,-0.000379522278944,-0.000585328125141
1.30449,0.00210821714269,0.001092,-0.000377402899354,-0.000585705098287
1.30463,0.00210839998129,0.000605,-0.000376225629961,-0.000586045227513
1.30476,0.00211028580858,0.000409,-0.000376725994328,-0.00058634316832
1.30502,0.00211318300092,0.001027,-0.000378721555864,-0.000586580046428
1.30514,0.00211318255546,0.001099,-0.000380850049061,-0.000586773530621
1.30526,0.00211208487031,0.000478,-0.000381773577552,-0.000586945306651
1.30538,0.00211126340743,0.000402,-0.000380996976857,-0.000587137304851
1.30552,0.002110951895,0.000992,-0.000379076481162,-0.000587373826065
1.30565,0.00211187105239,0.000919,-0.000377292076662,-0.00058763185082
1.30578,0.00211369884152,0.000357,-0.0003765975339,-0.000587865449954
1.30591,0.00211530549377,0.000558,-0.000377682785842,-0.000588049015784
1.30604,0.00211639750458,0.001263,-0.000380132316835,-0.000588136726832
1.30618,0.00211575982398,0.00115,-0.000382354435194,-0.000588112439084
1.30631,0.00211439625785,0.000397,-0.000382821048242,-0.000587973437612
1.30644,0.00211339327133,0.000657,-0.000381553444844,-0.000587768242106
1.30657,0.0021129828504,0.000753,-0.00037833925442,-0.000587240035691
1.30671,0.00211349163729,0.000827,-0.00037837031293,-0.000586969648326
1.30684,0.00211482711716,0.000934,-0.00038018070725,-0.000586673414808
1.30697,0.00211576490973,0.001505,-0.000383086978381,-0.000586297133928
1.3071,0.00211580092724,0.001116,-0.000383787877859,-0.000585866382136
1.30724,0.00211432673197,0.00093,-0.00038328538916,-0.000585394589617
1.30737,0.00211286286382,0.000918,-0.000382882723223,-0.000584946809879
1.30763,0.00211163176182,0.001058,-0.00038160945082,-0.000584546199916
1.30776,0.00211242333928,0.000946,-0.000380277476929,-0.000584241804677
1.30789,0.00211386186709,0.000884,-0.000380395515808,-0.000584028351551
1.30802,0.00211508889929,0.000962,-0.000381501296868,-0.000583835217686
1.30815,0.0021154815899,0.001435,-0.000381217304271,-0.000583648817338
1.30829,0.00211437519455,0.000945,-0.000380902251021,-0.000583456905926
1.30842,0.00211333927363,0.000673,-0.000380590908602,-0.00058325947748
1.30856,0.00211277121427,0.001156,-0.000380285217862,-0.000583060612896
1.3087,0.0021130037622,0.001215,-0.000380039396817,-0.000582880753081
1.30883,0.00211466942734,0.00075,-0.000379774112194,-0.000582736275879
1.30897,0.00211636601763,0.000585,-0.000379543591809,-0.000582647661833
1.3091,0.00211765177768,0.0011,-0.000379332368871,-0.000582617666022
1.30924,0.00211754530266,0.001198,-0.000379103625692,-0.000582631300692
1.30938,0.00211655188308,0.000523,-0.000378847645106,-0.000582655842213
1.30951,0.00211578918771,0.001216,-0.000378348960369,-0.000582594486275
1.30965,0.00211562331821,0.000941,-0.000378049948599,-0.000582475844601
1.30979,0.00211661359695,0.000424,-0.000377774110823,-0.0005823067001
1.30992,0.00211858411536,0.000727,-0.000377470938737,-0.000582121124551
1.31005,0.00212011762523,0.001379,-0.000377214294734,-0.00058192729234
1.31032,0.00212089677674,0.001247,-0.000376916690414,-0.000581737486368
1.31046,0.00212027625619,0.000434,-0.000376513825929,-0.000581587231928
1.3106,0.00212030019088,0.000941,-0.000376100963954,-0.000581479295593
1.31073,0.00212089245987,0.00124,-0.000375666388616,-0.000581406870269
1.31087,0.00212287216772,0.000887,-0.000375169086298,-0.000581356303319
1.31101,0.00212529373963,0.000407,-0.000374671392618,-0.000581304364666
1.31115,0.00212711946769,0.001028,-0.000374118591475,-0.000581241484741
1.31129,0.00212816384621,0.001387,-0.000373479240644,-0.000581181331736
1.31143,0.00212786770263,0.000659,-0.000372849034416,-0.000581153987201
1.31156,0.00212800395066,0.000552,-0.000372129990692,-0.000581181331736
1.3117,0.00212883822495,0.001174,-0.000371416018193,-0.000581261989885
1.31184,0.00213044306355,0.001063,-0.000370608889763,-0.000581372703941
1.31198,0.00213326428731,0.000531,-0.000369804668742,-0.000581486127659
1.31212,0.00213606401477,0.000566,-0.000368908799206,-0.000581580401167
1.31226,0.00213794504255,0.00132,-0.000367249586356,-0.000581695146253
1.3124,0.00213868205956,0.000542,-0.000366454947567,-0.000581741583619
1.31254,0.00213913321264,0.000857,-0.000365722686177,-0.000581812597592
1.31267,0.00213968432375,0.001307,-0.000365035178145,-0.000581919100683
1.31281,0.00214043786073,0.001095,-0.000364440192578,-0.000582044692161
1.31295,0.00214226795755,0.000603,-0.000363876427663,-0.000582155242588
1.31309,0.00214513206116,0.00062,-0.000363238614247,-0.000582228930039
1.31337,0.00214829158784,0.001188,-0.000362387203929,-0.000582267134305
1.31351,0.00214866555019,0.000797,-0.00036150276436,-0.000582286235403
1.31364,0.0021481111431,0.000608,-0.000360798720799,-0.000582299878622
1.31378,0.00214793069549,0.001119,-0.000360157826391,-0.00058230397152
1.31392,0.00214868280714,0.00126,-0.000359650245921,-0.000582293057057
1.31406,0.00214964448549,0.000887,-0.000359262295082,-0.000582267134305
1.3142,0.00215136446526,0.000497,-0.000358741992137,-0.000582233023485
1.31434,0.00215263293337,0.000866,-0.000358078994474,-0.000582186629239
1.31447,0.00215262545569,0.001263,-0.000357351111055,-0.000582125218832
1.31461,0.00215184167233,0.000876,-0.000356724831375,-0.000582041962228
1.31475,0.00215044477812,0.000584,-0.000356242661448,-0.000581930022865
1.31489,0.0021498042335,0.000831,-0.000355878785221,-0.000581786651284
1.31503,0.00214931514159,0.001095,-0.000355693752477,-0.000581615920162
1.31516,0.00214955682071,0.000812,-0.000355466411013,-0.000581421902755
1.3153,0.00214966096441,0.000541,-0.000355186650476,-0.000581212776205
1.31544,0.00214935815988,0.000722,-0.000354870515368,-0.000580996728713
1.31558,0.00214852247682,0.000476,-0.000354429277149,-0.000580563000326
1.31572,0.00214748034446,0.000523,-0.000354388966322,-0.000580357642218
1.31585,0.00214615569225,0.001064,-0.000354435323555,-0.000580154944177
1.31599,0.00214502045605,0.001352,-0.000354453462431,-0.000579952168573
1.31613,0.0021441506946,0.001182,-0.000354390981923,-0.000579746573571
1.31627,0.00214349526226,0.000732,-0.00035425390663,-0.000579540898804
1.31641,0.00214288398317,0.000433,-0.000354054288864,-0.000579331028319
1.31668,0.00214117544014,0.000487,-0.000353903022014,-0.00057909499628
1.31682,0.00213994719154,0.000874,-0.000353892936292,-0.000578819034998
1.31696,0.00213864784616,0.000872,-0.000353991769547,-0.000578533311931
1.31709,0.00213736727216,0.000621,-0.000354090587614,-0.000578313420236
1.31723,0.00213615109025,0.000375,-0.000354149064622,-0.000578219938676
1.31737,0.00213518144063,0.000351,-0.000354209552482,-0.000578250184511
1.31751,0.00213437860419,0.000386,-0.000354344621492,-0.000578332664397
1.31764,0.00213324525225,0.000482,-0.000354614674398,-0.000578382146177
1.31778,0.00213179940379,0.000381,-0.000355218859334,-0.000578303797894
1.31792,0.00213039781293,0.000422,-0.000355492569438,-0.000578247434961
1.31806,0.00212896993985,0.000401,-0.00035576012905,-0.000578233686996
1.31821,0.00212723896495,0.000471,-0.000355931067421,-0.000578270805684
1.31835,0.00212613444885,0.000579,-0.000356144173878,-0.000578361529329
1.31849,0.0021249392465,0.000667,-0.000356401415715,-0.000578505830451
1.31864,0.00212391195183,0.00073,-0.000356746922149,-0.000578698170937
1.31893,0.00212091763983,0.000802,-0.000357038047645,-0.000578919276343
1.31907,0.00211908869185,0.000854,-0.000357226706714,-0.000579143034568
1.31921,0.00211734949053,0.000866,-0.000357415310307,-0.000579343375941
1.31935,0.00211597498178,0.000868,-0.00035764597333,-0.000579531298699
1.31948,0.00211477310634,0.000845,-0.000357870539323,-0.000579726009685
1.31963,0.00211365055435,0.000845,-0.000357998827438,-0.000580817533862
1.31977,0.00211238707346,0.000792,-0.00035807699042,-0.000581899986322
1.31992,0.00211082404413,0.000779,-0.00035819922623,-0.000582876664647
1.32006,0.00210908035866,0.000815,-0.000358782030449,-0.000584437507482
1.32021,0.00210738014363,0.000794,-0.000359136260471,-0.000585020108946
1.32035,0.00210589285094,0.00078,-0.000359396304677,-0.000585526137449
1.3205,0.00210479865406,0.000734,-0.000359624256562,-0.00058596529655
1.3208,0.00210163887519,0.000748,-0.00035975019516,-0.000586391906234
1.32095,0.00209979529878,0.000764,-0.000359906084817,-0.000586846576095
1.3211,0.00209808662324,0.00075,-0.000360215752896,-0.000587342746485
1.32125,0.00209634170459,0.000749,-0.000360545234967,-0.000587882999457
1.3214,0.00209460588816,0.000771,-0.00036074284279,-0.000588441577594
1.32155,0.00209280450319,0.000759,-0.000360670992463,-0.000589015727595
1.3217,0.0020910252327,0.000718,-0.000360611111024,-0.000589594633197
1.32185,0.0020891863695,0.000704,-0.000360798720799,-0.000590320728221
1.322,0.00208660444313,0.000733,-0.000361000240202,-0.000591053871059
1.32216,0.00208418602504,0.000752,-0.00036117178094,-0.00059173373014
1.32231,0.00208213746977,0.00076,-0.000361157820042,-0.000592340433143
1.32246,0.00208096306908,0.000812,-0.000361131891851,-0.000593579778057
1.32261,0.00207954371049,0.000841,-0.000361343275669,-0.000594263036004
1.32277,0.00207784969801,0.001074,-0.000361606410676,-0.000594881468264
1.32292,0.00207520820377,0.001148,-0.000361598438479,-0.000595712000652
1.32307,0.00207243846847,0.001007,-0.000361434986528,-0.000596636807818
1.32337,0.00207010182327,0.001004,-0.000361578507552,-0.000597476482831
1.32352,0.00206849430531,0.001016,-0.000361909280497,-0.000598243344191
1.32368,0.00206708912721,0.000982,-0.000362046720102,-0.000598973395423
1.32382,0.00206506597351,0.00091,-0.000362307574846,-0.00059965622982
1.32397,0.0020626283058,0.00085,-0.00036256633308,-0.000600292031146
1.32412,0.00206122143686,0.000806,-0.000362608122655,-0.000600880970182
1.32427,0.00206087958457,0.000795,-0.00036277923239,-0.000601458719884
1.32442,0.00205967678757,0.000785,-0.000363254517655,-0.000602060790327
1.32457,0.00205871973769,0.00075,-0.000363528789096,-0.000602694969071
1.32472,0.00205725775103,0.00069,-0.000364023372157,-0.000604029067828
1.32487,0.00205487963712,0.000721,-0.00036423578612,-0.00060471705212
1.32502,0.00205356910902,0.000764,-0.000364529475813,-0.000605388458782
1.32516,0.00205290252275,0.000834,-0.000364961826601,-0.00060601205983
1.32531,0.00205162480651,0.000895,-0.000365255182149,-0.000606564583412
1.32546,0.00205064377756,0.00098,-0.000365461243142,-0.000607035846376
1.32561,0.00204859020891,0.001076,-0.00036565337461,-0.000607435171928
1.32575,0.00204680543522,0.001181,-0.000365972145401,-0.000607780917794
1.3259,0.00204485377635,0.00124,-0.000366298670535,-0.000608091371734
1.32618,0.00204156335258,0.001254,-0.000366207656113,-0.00060838995866
1.32632,0.00204032155956,0.001213,-0.000366001836422,-0.000608697452305
1.32647,0.00203846065502,0.001126,-0.000365599900535,-0.000609017725351
1.32662,0.00203613007183,0.001068,-0.000365102574826,-0.000609365003155
1.32676,0.00203432028125,0.001025,-0.000364632631985,-0.000609745703086
1.32691,0.00203195718715,0.000957,-0.000364229831552,-0.000610168804404
1.32705,0.00203022667309,0.000847,-0.000363850609595,-0.000610644539709
1.3272,0.00202868096783,0.0007,-0.000363449302256,-0.000611159854156
1.32734,0.00202646947697,0.000582,-0.000363013936278,-0.000611693996198
1.32748,0.00202405175321,0.000558,-0.000362136338702,-0.000613007634812
1.32762,0.0020221827875,0.000619,-0.000361735944941,-0.00061380319798
1.32776,0.00202049330471,0.00067,-0.000361361220133,-0.000614662920435
1.3279,0.002019240787,0.00068,-0.000361004230045,-0.000615534002901
1.32804,0.00201816774144,0.000654,-0.000360661012612,-0.000616370384148
1.32832,0.00201432917265,0.00061,-0.00036033558419,-0.000617149265107
1.32845,0.00201277185363,0.000564,-0.000360087908109,-0.000617868356923
1.32859,0.002011120114,0.000654,-0.000359924069642,-0.000618539361114
1.32873,0.00201001489622,0.000758,-0.000359844133217,-0.000619171361026
1.32886,0.00200908500305,0.000836,-0.000359856124318,-0.000619772115928
1.329,0.00200756312795,0.000867,-0.000359946050409,-0.000620363289099
1.32913,0.00200602184634,0.000843,-0.000360099894642,-0.000620977838753
1.32927,0.00200489793429,0.000781,-0.000360299637158,-0.000621638444391
1.3294,0.00200333471896,0.000703,-0.00036053724953,-0.00062232219183
1.32953,0.00200240086984,0.000608,-0.000361133886365,-0.000623675599167
1.32967,0.00200116786609,0.000663,-0.000361484823869,-0.000624354098751
1.3298,0.00199965865572,0.000715,-0.000361827599483,-0.00062499149002
1.32993,0.00199878232813,0.000721,-0.000362202051022,-0.00062559043585
1.33006,0.00199766472843,0.000754,-0.000362715569007,-0.000626176140768
1.3302,0.00199595434285,0.000793,-0.000363334028753,-0.000626698565066
1.33046,0.00199318853878,0.000831,-0.000363812873615,-0.00062719168015
1.33059,0.00199177233709,0.000838,-0.000363995574443,-0.000627648071902
1.33073,0.00199083289684,0.000802,-0.000364065066458,-0.000628016636019
1.33086,0.00198873183669,0.000765,-0.000364392569742,-0.000628407395482
1.33099,0.00198618010354,0.000761,-0.000365074824115,-0.00062859704843
1.33112,0.00198397660351,0.000777,-0.000365728626817,-0.000628918796616
1.33125,0.00198135453317,0.000811,-0.000365984021975,-0.00062908333282
1.33138,0.00197955061898,0.000828,-0.000365984021975,-0.000629173057271
1.33151,0.00197813642382,0.000811,-0.000366199741201,-0.00062946828779
1.33164,0.00197593742504,0.000833,-0.000367753134459,-0.000629551718317
1.33177,0.00197333404123,0.000901,-0.000368307563468,-0.000629642604554
1.3319,0.00197059532574,0.000984,-0.000368398278065,-0.000629691153514
1.33203,0.00196794901005,0.00104,-0.000368433771558,-0.000629759612068
1.33216,0.00196595535216,0.001013,-0.000368902888181,-0.000629884058399
1.33229,0.00196397911942,0.000938,-0.000369869594782,-0.000630066938856
1.33255,0.00195957847656,0.000893,-0.000371017491841,-0.000630287054002
1.33268,0.0019564245946,0.000907,-0.000371931963511,-0.000630520743568
1.3328,0.00195385987852,0.000965,-0.00037240634106,-0.000630751840647
1.33293,0.00195087472215,0.001035,-0.000372664942885,-0.000630950549194
1.33306,0.0019487047131,0.001064,-0.000373134857794,-0.00063110697711
1.33319,0.00194631639879,0.001033,-0.000374018918698,-0.000631245983437
1.33331,0.00194387841212,0.000993,-0.000375169086298,-0.000631419687488
1.33344,0.00194134442772,0.001,-0.000376245106803,-0.000631608212736
1.33357,0.00193819854478,0.001067,-0.000376986727579,-0.000631786750602
1.3337,0.00193545627787,0.001162,-0.000377400955264,-0.000631935483871
1.33382,0.00193288988973,0.00123,-0.000378473183324,-0.000632120099952
1.33395,0.00193050404783,0.001191,-0.000379483526433,-0.000632160978931
1.33408,0.0019284897397,0.00111,-0.000380563828072,-0.000632180797849
1.33421,0.00192583857678,0.001081,-0.000381420169202,-0.000632203093199
1.33434,0.00192276772822,0.001143,-0.000381960822819,-0.000632257588792
1.33448,0.00191957235062,0.001249,-0.000382352506323,-0.000632369038695
1.33474,0.00191383003608,0.001331,-0.000382846104433,-0.00063253245397
1.33487,0.00191133360526,0.001306,-0.000383703195284,-0.000632719326154
1.33501,0.00190924211657,0.001207,-0.000384805100377,-0.000632890049385
1.33515,0.00190652155448,0.001141,-0.000385780392265,-0.000633006305991
1.33529,0.00190342315506,0.00109,-0.00038637097329,-0.000633029801406
1.33543,0.00190027570965,0.001214,-0.000386771408048,-0.000632963022093
1.33557,0.00189740321237,0.001328,-0.000387152445574,-0.0006327972722
1.33571,0.00189506195043,0.001266,-0.000387778069624,-0.000632541118451
1.33585,0.00189261227747,0.001157,-0.000388718199131,-0.000632205570399
1.33598,0.00189017916111,0.001002,-0.000389540608669,-0.000631792948698
1.33612,0.00188767074271,0.000914,-0.000389992378002,-0.000631291896753
1.33625,0.00188451380039,0.000896,-0.000390388598667,-0.000630071914269
1.33639,0.00188175505738,0.000865,-0.000390695116284,-0.000629382352397
1.33653,0.00187912556004,0.000839,-0.000391262062885,-0.000628650687348
1.33667,0.00187655299413,0.000756,-0.000391218323587,-0.000627901722789
1.3368,0.00187423441299,0.00065,-0.000390988166374,-0.000627142890669
1.33694,0.00187200894466,0.000825,-0.000390944407887,-0.000626357860177
1.3372,0.00186654570659,0.000987,-0.000390729375989,-0.000625552787132
1.33734,0.00186441239329,0.00105,-0.000390445725153,-0.000624715008265
1.33747,0.00186243265551,0.001025,-0.000390251473789,-0.000623841846136
1.3376,0.00186068228095,0.000883,-0.000390144800298,-0.000622974749247
1.33772,0.00185950541228,0.000771,-0.000389899000986,-0.000622066999854
1.33785,0.0018581854313,0.000757,-0.000389613066238,-0.000621109522029
1.33797,0.00185640183152,0.000792,-0.000389477678177,-0.000620105845113
1.33809,0.00185487452187,0.000821,-0.000389183918776,-0.000619063327955
1.33822,0.00185335396378,0.000837,-0.000388846115701,-0.000617998297495
1.33834,0.00185193671816,0.000837,-0.000388559699044,-0.000616931042657
1.33847,0.0018507307637,0.0008,-0.000388145117461,-0.000614868014257
1.33859,0.00184953383617,0.000882,-0.000387783806401,-0.000613885382997
1.33872,0.00184847303995,0.000933,-0.000387642283873,-0.000613473041149
1.33884,0.00184682146437,0.00095,-0.000387437593369,-0.000614151110044
1.3391,0.00184369744776,0.000922,-0.000387219438265,-0.000614796240753
1.33922,0.00184239222977,0.000858,-0.000387116075112,-0.000615431599439
1.33935,0.00184128254438,0.000788,-0.0003872366638,-0.000616068728265
1.33947,0.00184033227715,0.000732,-0.000387240491632,-0.000616697403182
1.3396,0.00183948485761,0.000697,-0.000387033755216,-0.000617297246061
1.33972,0.00183813320275,0.000687,-0.00038692270194,-0.000617847971091
1.33985,0.00183656744567,0.000692,-0.000386769492701,-0.000618331915042
1.33998,0.00183513260921,0.000707,-0.00038659517164,-0.000618739091501
1.3401,0.0018337886929,0.000722,-0.000386537692529,-0.000619068412377
1.34023,0.00183283887213,0.00076,-0.000386886318138,-0.000619505483291
1.34036,0.00183177118675,0.000779,-0.000386899722943,-0.000619612153068
1.34048,0.00183102469079,0.000806,-0.000386792476476,-0.000619646435046
1.34061,0.00183026508313,0.000837,-0.000386838441495,-0.000619631198896
1.34074,0.00182883277343,0.000868,-0.000386853762419,-0.000619556281204
1.34099,0.00182689251698,0.000892,-0.000386899722943,-0.000619435627902
1.34112,0.00182638218302,0.000905,-0.000387008865676,-0.0006192755595
1.34125,0.00182605135631,0.000907,-0.000387309388611,-0.00061903282036
1.34137,0.00182582393576,0.000891,-0.000387613592974,-0.000618754354305
1.3415,0.00182558017133,0.000806,-0.000387714961599,-0.000618399376076
1.34163,0.00182533369878,0.000734,-0.000387713049135,-0.000617956261514
1.34176,0.00182450516998,0.000727,-0.000387904266593,-0.000617483437102
1.34189,0.00182386208638,0.000658,-0.000388078223737,-0.000616974439332
1.34202,0.00182370984485,0.000592,-0.000388317097073,-0.000616431716137
1.34215,0.00182411421627,0.000644,-0.000389248786619,-0.000615400874408
1.34228,0.00182440775046,0.000593,-0.000389820858477,-0.000614910304652
1.34241,0.00182464436596,0.000599,-0.000390089551511,-0.000614441070383
1.34254,0.00182467471636,0.000602,-0.000390192424642,-0.000614012487019
1.34267,0.00182436434446,0.000604,-0.000390426683571,-0.000613623372348
1.34293,0.00182425668258,0.000598,-0.000390896840835,-0.00061327124546
1.34306,0.00182491836276,0.000582,-0.00039137615098,-0.00061297033262
1.34319,0.0018254283204,0.000552,-0.000391931082243,-0.00061273101964
1.34332,0.00182574797346,0.000517,-0.000392513988578,-0.000612541806272
1.34345,0.0018259990323,0.000537,-0.000392815670719,-0.000612400172436
1.34359,0.00182612529783,0.00054,-0.000392992058688,-0.000612299717508
1.34372,0.00182639075068,0.000562,-0.000393191146441,-0.00061224304196
1.34385,0.00182664730081,0.000452,-0.000393653543044,-0.000612215990063
1.34398,0.00182735975375,0.000467,-0.000394119382712,-0.000612214701842
1.34411,0.00182795816992,0.000403,-0.000395208768188,-0.00061230486952
1.34425,0.00182795743101,0.00032,-0.000395443039512,-0.000612370553153
1.34438,0.00182845186763,0.000393,-0.00039556203068,-0.000612467131479
1.34451,0.00182906236337,0.000328,-0.000395784841818,-0.00061256884102
1.34463,0.00182957169079,0.000336,-0.000396092492108,-0.000612697558403
1.34489,0.00183079833574,0.000372,-0.000396232111357,-0.000612867415972
1.34502,0.0018313993338,0.000426,-0.000396443367369,-0.000612944605392
1.34515,0.00183189919516,0.000443,-0.000396579136914,-0.000612929168436
1.34529,0.00183291706753,0.0005,-0.000396486741419,-0.000612723298009
1.34543,0.00183366552878,0.000509,-0.000396341520752,-0.000612729732709
1.34556,0.00183425345466,0.000518,-0.000396190606205,-0.000612510907674
1.34569,0.0018349742257,0.000499,-0.000395867903516,-0.000612562404304
1.34583,0.00183602247266,0.000493,-0.000395582804582,-0.00061230486952
1.34595,0.0018365025137,0.000474,-0.000395008434059,-0.000612248194541
1.34609,0.00183762832468,0.000404,-0.000394651074493,-0.0006121644587
1.3462,0.00183886637901,0.00038,-0.00039451110004,-0.000611967303545
1.34641,0.00184000156063,0.00039,-0.000394255660161,-0.000611837113922
1.34652,0.00184059157702,0.000452,-0.000393416702392,-0.000611501820567
1.34676,0.00184242531235,0.00047,-0.000392992058688,-0.000611221812105
1.34689,0.00184276265942,0.000499,-0.000392457051052,-0.000610984266098
1.34702,0.0018437307218,0.000505,-0.000391659379605,-0.00061060318887
1.34715,0.00184411371773,0.000472,-0.00039083785266,-0.00061019337759
1.34729,0.0018445816199,0.000447,-0.000390184804991,-0.00060984795207
1.34742,0.00184496784082,0.000509,-0.000389475771093,-0.000609188801871
1.34755,0.00184510278886,0.000505,-0.000388786933674,-0.000608829734926
1.34769,0.00184573624479,0.000577,-0.000387726436259,-0.00060759507568
1.34783,0.00184573526075,0.000614,-0.000387215610305,-0.000606796363123
1.34796,0.00184561696151,0.000579,-0.000386512783277,-0.000606352244465
1.34823,0.00184575449629,0.000598,-0.000385899320186,-0.000605572486247
1.34837,0.001845798608,0.000549,-0.000385406197693,-0.000605081600792
1.3485,0.00184590814157,0.000547,-0.000384876186628,-0.000604477800046
1.34864,0.00184613994675,0.000617,-0.000384263043202,-0.000603943987274
1.34878,0.00184649387472,0.000674,-0.000383693571541,-0.000603490861655
1.34891,0.00184571911529,0.000689,-0.000383204491358,-0.0006028878262
1.34903,0.00184552536934,0.000712,-0.000382558862046,-0.000602424585982
1.34916,0.00184543968935,0.000692,-0.000381545719491,-0.000601308750974
1.34929,0.00184509545299,0.000582,-0.000381240492144,-0.000600857267409
1.3494,0.0018446308473,0.000596,-0.00038095058231,-0.000600397483148
1.34952,0.00184555949337,0.00049,-0.000380677945278,-0.000599955760069
1.34963,0.00184575396227,0.000527,-0.000380356816974,-0.000599621911378
1.34975,0.0018456955056,0.000511,-0.000379882563202,-0.000599184813237
1.34986,0.00184549520971,0.000541,-0.000379289728132,-0.000598806843432
1.3501,0.00184582791029,0.000527,-0.000378682754102,-0.00059842330693
1.35021,0.00184524126418,0.000709,-0.000377626429792,-0.000597717655882
1.35047,0.00184579718516,0.000771,-0.000377157896844,-0.000597320058237
1.35059,0.00184614703343,0.000795,-0.000376657874627,-0.000596932771773
1.35071,0.00184602488007,0.000871,-0.000375871046514,-0.000596656720976
1.35084,0.00184552505021,0.000845,-0.000374813909641,-0.00059651332927
1.35096,0.00184497813384,0.000857,-0.000373778466822,-0.000596470835269
1.35109,0.00184505308138,0.000907,-0.000372751120047,-0.000596543869695
1.35121,0.00184471712065,0.000881,-0.000372504308712,-0.000596590340826
1.35134,0.00184435655129,0.000876,-0.000372022161779,-0.000596688580448
1.35158,0.00184396541636,0.00081,-0.00037121973108,-0.000596813344647
1.35171,0.00184318085218,0.000788,-0.000370229518757,-0.000596995128404
1.35183,0.00184188851095,0.000645,-0.000368567840209,-0.000597548051314
1.35206,0.00184046213869,0.000609,-0.00036805112614,-0.000597925611139
1.3523,0.00183905278674,0.000577,-0.000367133022361,-0.000598859722854
1.35242,0.00183810551292,0.000478,-0.000366247229199,-0.000599385580637
1.35255,0.00183645817156,0.000577,-0.000365104556974,-0.000599924099827
1.35267,0.00183544106269,0.000541,-0.000364031314139,-0.000600431750443
1.3528,0.00183450373375,0.000433,-0.000363270420667,-0.000601002100803
1.35293,0.00183288128368,0.000435,-0.000362817029522,-0.000601574455745
1.35306,0.00183147581724,0.000372,-0.000362397156866,-0.000602063417925
1.35319,0.00183052429737,0.000377,-0.000361743915423,-0.000602488913182
1.35332,0.00182980949619,0.00041,-0.000360926423632,-0.000602834043328
1.35346,0.00182818520939,0.000435,-0.000360057940792,-0.000603156656914
1.35359,0.001826385522,0.000399,-0.000358798045073,-0.000603844490749
1.35372,0.00182505814504,0.000472,-0.000358573803898,-0.000604327393793
1.35385,0.00182432603053,0.000528,-0.000358507717865,-0.000604838596877
1.35398,0.00182355678573,0.000512,-0.000358299402134,-0.000605394985698
1.35424,0.00182133504258,0.000469,-0.000357756261102,-0.00060598337503
1.35437,0.00182083542785,0.000426,-0.000357110306611,-0.000606538534249
1.3545,0.00182011100182,0.000469,-0.000356722823085,-0.000607149041653
1.35463,0.00181886284647,0.000459,-0.000356722823085,-0.000607631469614
1.35476,0.00181773861529,0.000503,-0.000356758971341,-0.000608284823847
1.35489,0.00181696010118,0.000458,-0.000356640477785,-0.000608672807675
1.35503,0.00181704620921,0.000524,-0.000356347162345,-0.000609314481006
1.35516,0.00181673977753,0.000596,-0.000356260749359,-0.000609582580417
1.3553,0.00181616182532,0.000799,-0.000356417489907,-0.000610247693104
1.35543,0.00181446637647,0.00095,-0.000356381322409,-0.000610653584762
1.35556,0.00181283012163,0.001094,-0.000356317019601,-0.000610596727502
1.35569,0.00181167675429,0.001218,-0.000356166284648,-0.000610918405124
1.35582,0.00181053295112,0.001312,-0.000356132113137,-0.000610734983086
1.35609,0.00180907011885,0.001367,-0.000356230602558,-0.000610821535434
1.35622,0.00180745985658,0.001379,-0.000356112011398,-0.000610719479636
1.35635,0.00180573218399,0.001328,-0.000355589145162,-0.000610532109355
1.35648,0.00180430548797,0.0012,-0.000355007459225,-0.000610570881216
1.35661,0.00180313788658,0.001046,-0.000354654971072,-0.000610287779451
1.35674,0.00180192625704,0.00088,-0.000354652956298,-0.000610344670843
1.35687,0.00180038935483,0.000709,-0.000354749658311,-0.000610122241466
1.35701,0.0017996570374,0.000682,-0.000354578405231,-0.000610287779451
1.35714,0.00179906478352,0.00071,-0.000354376872581,-0.000610431288844
1.35727,0.00179803488136,0.000724,-0.000354588480205,-0.00061043258154
1.3574,0.0017961722166,0.000724,-0.000354934963172,-0.000610685887225
1.35753,0.00179471580361,0.000635,-0.000355226911296,-0.00061073239921
1.35764,0.00179357627104,0.000567,-0.000355476472072,-0.000610977809513
1.35774,0.00179308785357,0.000655,-0.000355675648584,-0.000611047536349
1.35796,0.00179251486419,0.000564,-0.000355906937704,-0.000611223102816
1.35806,0.00179186464148,0.000606,-0.000356049692009,-0.000611336672726
1.35817,0.00179125850909,0.000639,-0.00035582850986,-0.000611516010486
1.35828,0.00179085027079,0.000684,-0.000355303399903,-0.00061168496942
1.35841,0.00179053059553,0.000828,-0.000354652956298,-0.000611855161977
1.35854,0.00178944930688,0.0011,-0.000354405090956,-0.00061211292217
1.35867,0.00178832135474,0.001208,-0.000354652956298,-0.000612410474395
1.3588,0.00178733159462,0.00122,-0.000355003431881,-0.00061273101964
1.35894,0.0017874847157,0.001229,-0.000355065852875,-0.000613082231067
1.35904,0.00178727329925,0.000941,-0.000355108134619,-0.000613377937141
1.35915,0.00178716228604,0.0009,-0.000355267169593,-0.000614314072536
1.35926,0.00178617148838,0.000805,-0.000355265156738,-0.000614692407722
1.35935,0.00178530586169,0.000684,-0.00035543823921,-0.000614984624769
1.35944,0.00178464479203,0.000659,-0.000355721913073,-0.00061531509061
1.35952,0.00178409763722,0.000818,-0.000356075826683,-0.000615688849249
1.35963,0.00178384362858,0.000965,-0.000356075826683,-0.000616199126773
1.3599,0.00178391786756,0.000923,-0.000355701798487,-0.000616606727438
1.36003,0.00178390527956,0.000902,-0.000355156453205,-0.000617234742089
1.36016,0.00178282765444,0.00089,-0.000354326479544,-0.000617633870741
1.36029,0.00178235136526,0.000873,-0.000353144134134,-0.000618231343377
1.36042,0.00178170507424,0.000849,-0.000352137631653,-0.000618625878133
1.36056,0.00178149446301,0.000817,-0.000351569010406,-0.000619187881715
1.36069,0.00178106871452,0.00078,-0.000351427282856,-0.000619675636396
1.36082,0.00178080098896,0.000688,-0.000351364507836,-0.000620794185058
1.36095,0.00178108332131,0.000642,-0.000351287549466,-0.000621281671891
1.36108,0.00178055797041,0.00062,-0.000351344256524,-0.000622065736209
1.36121,0.00177902426483,0.000556,-0.000351423233039,-0.000622646681877
1.36148,0.00177577202609,0.00071,-0.000351451581222,-0.000623542058426
1.36161,0.00177469943554,0.000582,-0.000351265270328,-0.000624274840364
1.36174,0.00177423429629,0.000781,-0.0003509168054,-0.000625256519727
1.36187,0.00177358499191,0.000772,-0.000350669524158,-0.000626225023428
1.362,0.00177173978587,0.000881,-0.000350184821077,-0.00062732801557
1.36213,0.00176999602065,0.000939,-0.000349261051952,-0.000628500983128
1.36227,0.00176838170277,0.000897,-0.000348181308329,-0.000629618950806
1.3624,0.00176676412466,0.000869,-0.000346440977426,-0.000632006116802
1.36253,0.0017658426719,0.000914,-0.000345787654477,-0.000633137371671
1.36266,0.00176483818807,0.001203,-0.000345376948447,-0.000634204409555
1.36279,0.0017633124992,0.001448,-0.000345090730503,-0.000635080797955
1.36292,0.0017612588734,0.001621,-0.000344783927948,-0.000636109311453
1.36318,0.00175654827773,0.001733,-0.000344591590904,-0.000636803227847
1.36331,0.00175409158402,0.001747,-0.000344526101429,-0.000637616282623
1.36345,0.00175209887071,0.001684,-0.000344386914308,-0.000638469612713
1.36358,0.00175048623257,0.001604,-0.000344315262218,-0.00063896600513
1.36371,0.00174781309634,0.001513,-0.000344143264864,-0.000639946338584
1.36384,0.0017451982311,0.001415,-0.000343688480533,-0.000640613038587
1.36397,0.00174248405323,0.001302,-0.000343073399719,-0.00064118517905
1.3641,0.00173964851445,0.001044,-0.000341942179439,-0.000642824924026
1.36423,0.00173692683703,0.000912,-0.00034138097048,-0.000643143744241
1.36436,0.00173478257831,0.000793,-0.000340903664085,-0.00064380376878
1.3645,0.00173337775348,0.000699,-0.000340592814912,-0.000644632102314
1.36476,0.00172839953779,0.00063,-0.000340368334633,-0.000645200858439
1.36489,0.00172591277267,0.000586,-0.000340244734406,-0.000645567608669
1.36502,0.00172315946067,0.000561,-0.000340230312848,-0.000645936498739
1.36515,0.00172072328164,0.000561,-0.00034017674426,-0.000646362912617
1.36528,0.0017187387662,0.000564,-0.000339962425743,-0.00064677933665
1.36541,0.00171724126047,0.000572,-0.000339838748294,-0.000647100442688
1.36555,0.00171503444008,0.000584,-0.000339799578862,-0.000647405721701
1.36568,0.00171269188483,0.000618,-0.00033974803654,-0.000647809267061
1.36581,0.00171032502892,0.000629,-0.000339745974762,-0.000647932907228
1.36594,0.00170837789305,0.000628,-0.000339677932424,-0.000648009716666
1.36607,0.0017061268394,0.000615,-0.000339451073191,-0.000648000116137
1.3662,0.00170445482953,0.000588,-0.000339354118289,-0.000647946109697
1.36646,0.001702207532,0.000557,-0.000339535639067,-0.000647881294207
1.36659,0.00170023479877,0.000583,-0.000339853178542,-0.000647811668135
1.36672,0.00169812305666,0.000613,-0.00034022001154,-0.000647739630879
1.36685,0.00169609075099,0.000643,-0.000340598992172,-0.000647666382278
1.36699,0.00169464274202,0.000663,-0.000340870733469,-0.00064759792709
1.36712,0.00169324465987,0.00067,-0.000340936593032,-0.00064754027329
1.36725,0.00169258074096,0.000666,-0.000341055946471,-0.000647488619405
1.36738,0.00169161024269,0.000648,-0.000342287297767,-0.000647375682883
1.36751,0.00168995714607,0.000621,-0.000342847723814,-0.000647308389334
1.36764,0.00168863191353,0.000581,-0.00034311237215,-0.000647231471247
1.36777,0.00168748887206,0.000539,-0.000343095962991,-0.000647138913374
1.36803,0.00168575938989,0.000493,-0.000342892865278,-0.000647027099684
1.36816,0.00168550149068,0.000456,-0.000342814891685,-0.000646893611661
1.36829,0.00168479887635,0.000423,-0.000343206716757,-0.000646738431834
1.36842,0.00168374257803,0.000454,-0.000343876988442,-0.00064655431846
1.36855,0.00168275142445,0.000539,-0.000344358254423,-0.000646343647567
1.36868,0.0016818768849,0.000526,-0.000344476979978,-0.000646118431897
1.36881,0.00168123103845,0.0006,-0.000344253839833,-0.000645873830841
1.36893,0.00168083232277,0.000789,-0.00034364954272,-0.000645303430975
1.36906,0.00168077953962,0.000846,-0.000344106402347,-0.0006449980646
1.36919,0.00168037302304,0.000868,-0.000344947574067,-0.000644702175333
1.36932,0.00167973226202,0.000867,-0.000345589485598,-0.000644424241541
1.36958,0.00167916015349,0.000853,-0.000345777441069,-0.000644148571318
1.36971,0.00167921942058,0.00083,-0.000345595615442,-0.000643853386656
1.36984,0.00167952622344,0.000789,-0.000345299273231,-0.000643521700138
1.36997,0.00168022093325,0.000716,-0.000345358552528,-0.000643146167948
1.3701,0.00168043745485,0.000617,-0.000346136856007,-0.000642730329768
1.37023,0.00168044409598,0.000504,-0.000347164986244,-0.000642263159176
1.37036,0.00168064202771,0.000486,-0.000347859679864,-0.000641732359576
1.37049,0.00168079131392,0.000526,-0.000347743610029,-0.000640670282128
1.37062,0.00168111666392,0.000542,-0.000347391200172,-0.000640291378488
1.37075,0.00168152006628,0.000544,-0.000347572521731,-0.000640034145176
1.37088,0.00168221215923,0.000522,-0.000348482435361,-0.000639838998473
1.37113,0.00168242291129,0.000528,-0.000349555583533,-0.000639630351215
1.37126,0.00168268538186,0.000459,-0.000350176705791,-0.000639359345923
1.37139,0.00168302145571,0.000476,-0.000350150330406,-0.000639000220952
1.37152,0.00168360717466,0.000444,-0.000349730207733,-0.000638543002197
1.37165,0.00168457493579,0.00044,-0.000349303716576,-0.000638004562745
1.37178,0.0016853398108,0.000475,-0.000349653054031,-0.000637422642598
1.37191,0.00168550544323,0.000487,-0.000351674273549,-0.000636303459081
1.37204,0.00168556082059,0.00046,-0.000352058742687,-0.000635817949142
1.37217,0.00168586117512,0.000468,-0.00035179166215,-0.000635381203827
1.3723,0.00168602929325,0.000472,-0.000351240964935,-0.000634985960444
1.37243,0.00168674203722,0.000463,-0.000351032305932,-0.00063462861949
1.37269,0.00168803988429,0.000446,-0.000351690466352,-0.0006342969277
1.37282,0.00168809135698,0.000524,-0.000352750209178,-0.000633979828069
1.37295,0.00168839548006,0.000401,-0.000353440933603,-0.000633661293391
1.37307,0.00168882623075,0.000375,-0.000353467174586,-0.000633326491227
1.3732,0.00168935885277,0.000343,-0.000353055269568,-0.000632965495559
1.37333,0.00169063108077,0.000315,-0.000352651184989,-0.000632589389263
1.37346,0.00169157257011,0.000494,-0.000354024038341,-0.000631949115558
1.37359,0.00169196348318,0.000422,-0.000354866487166,-0.00063175575898
1.37372,0.00169246146052,0.000431,-0.000355083973963,-0.000631635493447
1.37385,0.00169308599379,0.000411,-0.000354759730601,-0.000631535043542
1.37411,0.00169521193042,0.000449,-0.000354304305356,-0.000631411003706
1.37424,0.00169655343302,0.000473,-0.000354499815013,-0.000631241019585
1.37437,0.00169729484369,0.000484,-0.000355375854393,-0.000631034976634
1.3745,0.00169779879828,0.000515,-0.000356238641843,-0.000630811461428
1.37463,0.0016985428883,0.000578,-0.000356451646229,-0.000630586604592
1.37476,0.00169924317456,0.000476,-0.000356051702406,-0.000630379051104
1.37489,0.00170070440775,0.000465,-0.000355466411013,-0.000630110472062
1.37503,0.00170217489176,0.000474,-0.000356194424526,-0.000630084352589
1.37516,0.00170297219436,0.000493,-0.000356997900258,-0.000630125396868
1.37529,0.0017034740735,0.000564,-0.000357192591631,-0.000630195040134
1.37555,0.00170497664777,0.000491,-0.000356809173875,-0.000630260943663
1.37568,0.00170655585785,0.00052,-0.000356294914023,-0.000630304460145
1.37581,0.00170805795939,0.000551,-0.000356445618775,-0.00063031813598
1.37594,0.00170888831599,0.000574,-0.000357359136313,-0.000630299487023
1.37607,0.00170932782031,0.00058,-0.000358301405492,-0.000630234831973
1.3762,0.00171010146933,0.000569,-0.000358591826179,-0.000630116690785
1.37634,0.00171097253264,0.000576,-0.000358321438731,-0.000629943781749
1.37647,0.00171279432108,0.00062,-0.00035862987155,-0.000629474514424
1.3766,0.00171414589059,0.000635,-0.000359794167882,-0.000629204207869
1.37673,0.00171481586018,0.000648,-0.00036064704056,-0.00062892253667
1.37686,0.00171544217446,0.000652,-0.000360762799782,-0.000628636966306
1.37713,0.00171810633988,0.000653,-0.00036047735557,-0.000628352482669
1.37726,0.00171990140592,0.000652,-0.000360696939345,-0.000628060346157
1.37739,0.00172121191389,0.000649,-0.000361716018301,-0.000627754295872
1.37752,0.00172197190775,0.000641,-0.000362783211141,-0.000627430555641
1.37766,0.00172310113461,0.000645,-0.000362864770069,-0.00062709534768
1.37779,0.0017248458593,0.000641,-0.000362327483047,-0.000626756161635
1.37792,0.00172723537258,0.000621,-0.000361263516401,-0.000626093405527
1.37805,0.00172904935352,0.000602,-0.000360712906135,-0.000625798708254
1.37819,0.00173002844485,0.00058,-0.000360155828832,-0.000625545257053
1.37845,0.00173293596883,0.000555,-0.000359612261118,-0.000625324324993
1.37859,0.00173510595229,0.000533,-0.000359098245165,-0.00062512590627
1.37872,0.00173734280302,0.000516,-0.000358617857467,-0.000624934949185
1.37885,0.00173860918913,0.000504,-0.000358161155281,-0.000624741406207
1.37898,0.0017397227383,0.000492,-0.000357730194796,-0.000624562879086
1.37912,0.00174138098355,0.000497,-0.000357325028274,-0.000624430829212
1.37925,0.0017434701824,0.000497,-0.000356941689694,-0.000624302519301
1.37938,0.00174559367117,0.000501,-0.000356224573027,-0.000623778880199
1.37952,0.00174671009479,0.000501,-0.000355886828914,-0.000623342941982
1.37965,0.00174759136007,0.000503,-0.000355567014508,-0.000622849856235
1.37978,0.00174894180449,0.0005,-0.000355265156738,-0.000622358817799
1.37992,0.00175087749765,0.000497,-0.00035497725353,-0.000621915340053
1.38019,0.00175404036522,0.000492,-0.000354699294495,-0.000621544847424
1.38032,0.00175541942174,0.000489,-0.000354433308092,-0.000621236108471
1.38045,0.00175698276915,0.000487,-0.000354181325522,-0.000620961375951
1.38059,0.00175931757729,0.000489,-0.000353947397312,-0.000620683961062
1.38072,0.00176147153699,0.000491,-0.000353731543224,-0.00062037596771
1.38086,0.00176310103523,0.000495,-0.000353533781505,-0.000620005622408
1.38099,0.00176487117564,0.000502,-0.000353210774506,-0.000619036633909
1.38112,0.00176677289379,0.000512,-0.000353109801552,-0.000618438830288
1.38126,0.00176937675909,0.000531,-0.000353029011779,-0.000617762596583
1.38152,0.00177319073162,0.000597,-0.000352978513019,-0.000617001241322
1.38165,0.00177500499345,0.000653,-0.000352978513019,-0.000616167169427
1.38179,0.0017767497128,0.00067,-0.000353043150721,-0.000615309968734
1.38192,0.00177917108043,0.000654,-0.000353194619898,-0.000614471853004
1.38205,0.00178126466578,0.000666,-0.000353463137581,-0.000613616948839
1.38218,0.00178284530408,0.000727,-0.000353860660919,-0.00061268211402
1.38232,0.00178468337433,0.000811,-0.000354397028689,-0.00061163725382
1.38245,0.0017867130222,0.000855,-0.000355842587358,-0.000610629033534
1.38259,0.00178911162184,0.000821,-0.000356740897468,-0.000610471360899
1.38272,0.00179142780289,0.00077,-0.000357740220424,-0.000610309760961
1.38286,0.00179305576516,0.000702,-0.000358800046873,-0.000610163630952
1.38313,0.00179724341641,0.000602,-0.000359882104264,-0.000610061444627
1.38326,0.00179982135451,0.00054,-0.000360960340412,-0.000609988996468
1.3834,0.00180233735058,0.000539,-0.000362034770005,-0.000609932065764
1.38354,0.00180423496429,0.000553,-0.000363135232436,-0.000609882893272
1.38367,0.00180652685616,0.000598,-0.000364323113398,-0.000609838892853
1.38381,0.00180923125757,0.000672,-0.000365655355045,-0.00060979747726
1.38395,0.00181190730428,0.000817,-0.000367834059916,-0.000609709458067
1.38408,0.00181463804093,0.000805,-0.000368626979156,-0.000609655085757
1.38422,0.00181678444573,0.00076,-0.000369005338178,-0.000609590349334
1.38434,0.00181875994035,0.00077,-0.000369271237054,-0.000609511359881
1.3846,0.0018240767212,0.000742,-0.000369769251741,-0.000609427177462
1.38473,0.00182673492898,0.000773,-0.000370748394087,-0.000609332617732
1.38485,0.00182873769469,0.000755,-0.000371718181593,-0.000609241927719
1.38498,0.00183087143102,0.000787,-0.00037234559351,-0.000609155109471
1.3851,0.00183276029966,0.000674,-0.0003727099915,-0.000609089014135
1.38521,0.00183502419213,0.000618,-0.000373168130218,-0.000609038464923
1.38532,0.00183715039971,0.000541,-0.000374903698401,-0.000608981429092
1.38543,0.00183901233278,0.000536,-0.000375681983931,-0.000608976243704
1.38554,0.0018405459072,0.000566,-0.000376145768631,-0.000608984021767
1.38578,0.00184445366892,0.000667,-0.000376449577404,-0.000609007355252
1.38605,0.00184969649984,0.000601,-0.000377443723864,-0.000609076053271
1.38619,0.00185231263739,0.000642,-0.000378434366279,-0.000609113638878
1.38633,0.00185438535093,0.000716,-0.000379142401565,-0.000609174547662
1.38647,0.00185679441241,0.000763,-0.000379510653441,-0.000609867364142
1.38661,0.00185964104284,0.000666,-0.000379808973482,-0.00061030717495
1.38675,0.00186236037766,0.000576,-0.000380492252491,-0.000611051409785
1.38689,0.00186470549325,0.000522,-0.000381501296868,-0.000611396028836
1.38703,0.00186668077483,0.000489,-0.000382795991052,-0.000612154151808
1.38717,0.00186896400482,0.000482,-0.000383104317743,-0.000612563691654
1.38731,0.00187161387147,0.000509,-0.000383680098054,-0.000612438803718
1.38759,0.00187692271023,0.000838,-0.00038458410521,-0.000612573990335
1.38774,0.00187870620707,0.001049,-0.000385206535944,-0.000612008544866
1.38788,0.00188068120933,0.001048,-0.000383191007378,-0.000612322901158
1.38802,0.0018830988387,0.000802,-0.000381644210643,-0.000612687262199
1.38816,0.00188624322249,0.000439,-0.00038080751093,-0.000613053937211
1.38831,0.00188880090811,0.000464,-0.000380525139579,-0.000613426776535
1.38845,0.00189006930469,0.000538,-0.000379247084509,-0.000614193459608
1.38859,0.00189139902401,0.001093,-0.00037712483367,-0.000614596247272
1.38873,0.00189331512082,0.001317,-0.000374558137023,-0.000614982062186
1.38887,0.00189557757564,0.001129,-0.000372349512882,-0.000615306127294
1.38915,0.00189837600944,0.000721,-0.000370935006848,-0.000615558320715
1.3893,0.00189926140237,0.000612,-0.000370528316959,-0.000615748983556
1.38944,0.00190069835388,0.000547,-0.000371164759803,-0.00061589736993
1.38958,0.00190184466754,0.000692,-0.000372394583924,-0.000616003516554
1.38972,0.0019028996151,0.000709,-0.000373504670588,-0.00061604187739
1.38986,0.00190301878166,0.00061,-0.000373887952172,-0.000615988171415
1.38999,0.00190271384647,0.000414,-0.000372637520421,-0.000615617190643
1.39013,0.00190307924962,0.000396,-0.000371941768292,-0.000615400874408
1.39027,0.00190378630718,0.00037,-0.000371667177093,-0.000615240818408
1.39041,0.00190476091998,0.000406,-0.000371935885441,-0.000615099927757
1.39069,0.00190460468671,0.000461,-0.000372565041053,-0.000614941059111
1.39082,0.001904115988,0.00058,-0.000373148558416,-0.000614751377209
1.39096,0.00190495468316,0.000596,-0.000373369684594,-0.00061454623671
1.3911,0.00190541277365,0.000494,-0.000373262066451,-0.000614346145668
1.39123,0.00190565911816,0.000411,-0.000373062435301,-0.00061416651029
1.39137,0.00190591650798,0.000361,-0.00037324641138,-0.000613876394652
1.3915,0.00190631912288,0.000334,-0.000373833211864,-0.000613756963122
1.39163,0.00190694392136,0.000469,-0.000374749488114,-0.000613650350211
1.39177,0.00190797992769,0.000631,-0.000375980170304,-0.000613561703337
1.39203,0.00190952430852,0.000753,-0.000377445667822,-0.000613491031817
1.39217,0.00191004903594,0.0008,-0.000378998918922,-0.000613434487594
1.3923,0.00191052367666,0.000753,-0.000380457428997,-0.00061338693422
1.39243,0.00191162590501,0.000643,-0.00038170020854,-0.000613336805625
1.39257,0.00191246784402,0.00052,-0.000382703463545,-0.000613257103934
1.3927,0.00191336816953,0.00066,-0.000383528020091,-0.000613159388203
1.39283,0.00191450188504,0.000783,-0.000385075953513,-0.000613390790063
1.39296,0.0019151572275,0.000768,-0.000385979871448,-0.000613762100534
1.39309,0.0019157117543,0.000736,-0.000386936105966,-0.000614256335843
1.39336,0.00191771380514,0.000736,-0.000387934855967,-0.000614897489749
1.3935,0.00191899972751,0.000735,-0.000388735383474,-0.000615612071787
1.39364,0.00191969009255,0.0008,-0.000389306017363,-0.000616380606657
1.39377,0.00192026749462,0.000799,-0.000389723643183,-0.000617062497739
1.39389,0.00192033277424,0.000781,-0.000390716052994,-0.000618265718198
1.39402,0.00192071804558,0.000795,-0.000391475010468,-0.000618800139979
1.39414,0.00192146546633,0.000844,-0.000392502601488,-0.000619311134595
1.39438,0.00192306789612,0.000779,-0.000393653543044,-0.0006197429201
1.3945,0.00192310925508,0.000778,-0.000394898789974,-0.00062012994637
1.39463,0.00192268871602,0.00077,-0.000396039655029,-0.000620510341604
1.39476,0.00192202452591,0.000717,-0.000396765771639,-0.000620920849862
1.3949,0.00192152842641,0.000629,-0.000397003225728,-0.000621338620434
1.39503,0.00192139127493,0.000493,-0.000396995688897,-0.000622065736209
1.39516,0.0019213706156,0.000484,-0.000397214219894,-0.000622317139765
1.39529,0.00192122588091,0.000454,-0.000397662344746,-0.00062248004358
1.39556,0.00191991196953,0.000501,-0.00039830384305,-0.000622545695486
1.39569,0.00191939049676,0.000536,-0.000399010416745,-0.000622520445755
1.39583,0.00191894996268,0.000494,-0.000399708682795,-0.000622424485349
1.39595,0.00191837858098,0.00039,-0.000400168133297,-0.000622286826324
1.39608,0.00191766342558,0.000412,-0.000400175631706,-0.000621890059026
1.3962,0.00191678120729,0.000474,-0.000399901881017,-0.000621647297267
1.39641,0.00191450730209,0.000528,-0.000399609246659,-0.00062137784795
1.39652,0.00191348134568,0.000538,-0.000399367156212,-0.000621080402697
1.39663,0.00191284612351,0.000484,-0.000399183179366,-0.000620781516846
1.39674,0.001912951126,0.000312,-0.000399213220129,-0.000620256776318
1.39686,0.00191282700791,0.000359,-0.000399408449639,-0.000620052564608
1.39698,0.00191217851895,0.000502,-0.00039968617035,-0.00061988634441
1.39711,0.00191092354342,0.000657,-0.000400038771471,-0.00061975307536
1.39736,0.00191004609092,0.000662,-0.00040041928062,-0.000619632468593
1.39749,0.00190928567826,0.00058,-0.00040076771951,-0.000619499133197
1.39762,0.00190911356343,0.000458,-0.000400998031196,-0.000619353059203
1.39774,0.00190932691562,0.000386,-0.000401072910859,-0.000619194235684
1.39787,0.00190892457813,0.000473,-0.000400818283068,-0.000618848464848
1.398,0.00190827877767,0.000504,-0.000400657214411,-0.000618678035724
1.39812,0.00190789026472,0.000594,-0.000400630989969,-0.000618520274504
1.39825,0.0019080969576,0.000704,-0.000400829518854,-0.00061838410266
1.3985,0.00190834088696,0.000812,-0.00040129001071,-0.000618275902886
1.39863,0.00190839702493,0.001023,-0.000402996083827,-0.000618152399846
1.39888,0.00190868581382,0.001121,-0.000403794247121,-0.000618128205032
1.39901,0.00190919236328,0.001206,-0.000403768155271,-0.000618116743931
1.39914,0.00190949791898,0.001279,-0.000403930279638,-0.000618102735569
1.39926,0.00190981868084,0.00133,-0.000404327025373,-0.000618019951045
1.39939,0.00191002751933,0.001291,-0.000404455494029,-0.000617934605265
1.3995,0.00191023146951,0.001237,-0.000404647216389,-0.000617804648496
1.39972,0.00191105644101,0.001196,-0.000404905854196,-0.000617651715862
1.39982,0.00191167720307,0.00109,-0.000405262931236,-0.000617478336881
1.39992,0.00191221782271,0.000979,-0.000405708987294,-0.000617280664119
1.40002,0.00191302207602,0.000937,-0.000406204846107,-0.000617057393318
1.40015,0.00191456386351,0.001063,-0.00040662239543,-0.00061683274834
1.40028,0.00191589544558,0.000954,-0.000406933981345,-0.000616648874501
1.4004,0.00191718143439,0.000877,-0.000407297299329,-0.000616482820514
1.40052,0.00191867499641,0.000861,-0.000407784476489,-0.000616321824444
1.40064,0.00191978993801,0.000774,-0.00040900350834,-0.000615979219871
1.40076,0.00192100050777,0.000731,-0.000409635196836,-0.000615782246309
1.40098,0.0019234670116,0.000715,-0.000410233040839,-0.000615560880418
1.40109,0.00192466974183,0.000698,-0.000410738171728,-0.000615330455928
1.4012,0.00192590082849,0.000693,-0.00041114713415,-0.000615089679653
1.40131,0.00192689573764,0.000664,-0.00041146932269,-0.000614852635066
1.40142,0.00192802529777,0.000565,-0.000412083773836,-0.000614412851357
1.40153,0.00192895064147,0.000541,-0.000412431200008,-0.000614229389829
1.40175,0.0019313190295,0.000481,-0.00041274536861,-0.000614106190018
1.40187,0.00193243533924,0.000466,-0.000413041017837,-0.000614016338164
1.40199,0.00193372279137,0.000437,-0.000413275966531,-0.000613953432501
1.4021,0.00193515612363,0.000465,-0.000413420929029,-0.000613913631057
1.40223,0.0019367220471,0.000513,-0.000413477803688,-0.000613889235097
1.40235,0.00193816215713,0.000787,-0.0004134594576,-0.000613899507221
1.40247,0.00193957895973,0.000808,-0.000413507156287,-0.000613948297004
1.40272,0.00194219082223,0.000641,-0.00041360070832,-0.000614036877118
1.40284,0.00194329181564,0.000578,-0.000413738258918,-0.00061415624351
1.40296,0.00194442100659,0.00058,-0.000413883112184,-0.000614311506599
1.40308,0.00194555908569,0.000539,-0.000414060923192,-0.000614471853004
1.4032,0.00194683233937,0.000506,-0.000414550095495,-0.000614834692094
1.40332,0.00194785532502,0.000483,-0.000414894297282,-0.000615014093556
1.40356,0.0019502049772,0.000447,-0.000415298670303,-0.000615183186006
1.40367,0.00195118418781,0.000401,-0.000415735678347,-0.000615362465528
1.40379,0.00195250305624,0.000378,-0.000416219862549,-0.000615562160265
1.40391,0.00195376250515,0.000341,-0.000416668989006,-0.000615801435377
1.40403,0.00195517221464,0.000391,-0.000417558964145,-0.000616417661539
1.40415,0.00195650558602,0.000416,-0.000417981613094,-0.000616766357076
1.40427,0.00195776889689,0.000416,-0.000418458563676,-0.000617107159252
1.40451,0.0019601168296,0.000412,-0.000418973325034,-0.000617454110136
1.40463,0.00196107370896,0.000412,-0.000419509452104,-0.000617789357291
1.40474,0.00196216905463,0.000367,-0.00042008140725,-0.000618110376541
1.40486,0.00196286328633,0.000394,-0.000420674584351,-0.000618413376306
1.40497,0.00196366783771,0.00044,-0.00042125993942,-0.000618698388461
1.40509,0.001964241034,0.000454,-0.000421866447997,-0.000618970528358
1.4052,0.00196469001445,0.000391,-0.000422999994063,-0.000619480082438
1.40531,0.00196530540528,0.000371,-0.000423532591684,-0.000619765769151
1.40542,0.00196576286126,0.000401,-0.000424007023101,-0.000620062713705
1.40565,0.0019665054646,0.000402,-0.000424412611867,-0.000620315107502
1.40576,0.00196693840789,0.000453,-0.000424814328521,-0.000620514144123
1.40588,0.00196741236594,0.000497,-0.000425194183747,-0.000620647214432
1.406,0.0019678267758,0.000528,-0.000425546822354,-0.000620710569037
1.40611,0.00196815291131,0.000539,-0.000425884875235,-0.000620710569037
1.40624,0.00196867843767,0.000597,-0.000426666351003,-0.000620544563257
1.40636,0.00196915769298,0.000572,-0.00042708452098,-0.000620391181627
1.40647,0.0019696096776,0.000574,-0.000427547222818,-0.000620176877127
1.40671,0.00197084239556,0.000526,-0.000427991657835,-0.000619925683854
1.40683,0.00197154380566,0.00048,-0.000428417865813,-0.000619624850366
1.40696,0.0019723228772,0.00052,-0.000428845563039,-0.000619222192207
1.40707,0.00197294007102,0.00052,-0.00042922647814,-0.000618732731865
1.40719,0.00197350259062,0.00053,-0.000429557125523,-0.000618167680191
1.40731,0.00197409678106,0.000499,-0.000430155406014,-0.00061692210759
1.40741,0.00197451633386,0.000592,-0.000430435590695,-0.000616165891092
1.40753,0.00197501061957,0.000598,-0.000430674626584,-0.000615400874408
1.40775,0.00197579051914,0.000646,-0.000430915350804,-0.00061457316608
1.40786,0.00197600538079,0.000602,-0.000431175581747,-0.000613800629486
1.40795,0.00197613008915,0.000575,-0.000431517632789,-0.000613061653872
1.40804,0.0019764997857,0.000577,-0.000431909328375,-0.000612319037289
1.40814,0.00197677801061,0.000574,-0.000432339900353,-0.000611579215365
1.40823,0.00197705385933,0.000569,-0.000432768388199,-0.000610844785823
1.40833,0.00197742406466,0.000597,-0.00043357653065,-0.000609323549449
1.40844,0.00197775319673,0.000539,-0.000433934963678,-0.00060862481212
1.40855,0.00197777476764,0.000533,-0.000434326866808,-0.000607960198504
1.40866,0.00197804432426,0.000499,-0.000434739774028,-0.000608105655914
1.40888,0.00197813711602,0.000665,-0.000435205505617,-0.000608260159492
1.40899,0.00197826329644,0.000743,-0.000435610735515,-0.00060838995866
1.4091,0.00197836637153,0.000804,-0.000436006853951,-0.000608483393841
1.40921,0.00197844484699,0.000871,-0.000432928326439,-0.000608493774483
1.40933,0.0019785345432,0.000897,-0.000431332379174,-0.000608401638983
1.40944,0.00197877903621,0.000894,-0.000429737564922,-0.000608257563175
1.40968,0.00197917613143,0.000926,-0.000428081222205,-0.000608077087158
1.40979,0.00197971059347,0.000882,-0.000426499361432,-0.000607893949845
1.40991,0.00198018923464,0.000867,-0.000424940373171,-0.000607718544685
1.41003,0.00198062232404,0.00076,-0.00042357048764,-0.000607578177624
1.41015,0.00198122948709,0.000529,-0.000421428373994,-0.000607396163499
1.41027,0.00198181631098,0.000459,-0.00042067095811,-0.000607328541906
1.4105,0.00198317765284,0.000481,-0.000420095926115,-0.000607253107372
1.41062,0.00198387205221,0.000499,-0.00041966202591,-0.000607154245437
1.41075,0.00198470112071,0.000534,-0.000419331401104,-0.000607031942648
1.41087,0.00198551652606,0.000531,-0.000418833309257,-0.000606763816069
1.41099,0.00198629282385,0.000507,-0.000418633231007,-0.000606620584666
1.41124,0.00198787576025,0.000496,-0.000418467662166,-0.000606472102939
1.41137,0.00198885883386,0.000502,-0.000418342091031,-0.000606320972465
1.41149,0.00198968670974,0.000483,-0.000418269284349,-0.000606173708032
1.41161,0.00199088404882,0.000485,-0.000418296587872,-0.000606036831786
1.41173,0.00199196807727,0.000439,-0.000418833309257,-0.000605820362997
1.41184,0.00199269510994,0.000453,-0.000419425883614,-0.000605730358337
1.41196,0.00199417342029,0.000432,-0.000420210250102,-0.000605652080679
1.4122,0.00199659159316,0.000522,-0.000421156682308,-0.000605573791172
1.41232,0.00199798208356,0.000614,-0.000422268040625,-0.000605487659025
1.41243,0.00199958385538,0.000647,-0.000423436939009,-0.000605391069559
1.41255,0.00200097857624,0.000643,-0.000423781579037,-0.000605139068903
1.41267,0.00200273711853,0.000511,-0.000423258226732,-0.000605000612164
1.41278,0.00200429825288,0.000577,-0.000422685633018,-0.000604839903654
1.41302,0.00200823552609,0.000536,-0.000422155910777,-0.000604693524032
1.41314,0.00201036921067,0.000552,-0.00042158589968,-0.000604553640541
1.41325,0.00201267655241,0.000512,-0.000421037099582,-0.000604432028854
1.41337,0.00201486898889,0.000494,-0.000419977950333,-0.000604227970897
1.41349,0.00201749490965,0.000482,-0.00041946585258,-0.000604133763176
1.41372,0.00202269586865,0.000472,-0.000418980597704,-0.000604040847111
1.41384,0.00202573001055,0.00048,-0.000418496776423,-0.000603945296312
1.41395,0.00202857707646,0.000486,-0.000418016213639,-0.00060383925356
1.41407,0.00203152827482,0.000472,-0.000417555319349,-0.000603725331608
1.41418,0.00203473063696,0.000469,-0.000417084958294,-0.00060359828564
1.41429,0.00203738810906,0.000435,-0.000416119402985,-0.00060334278967
1.41439,0.00204065788201,0.00043,-0.000415572979583,-0.00060322220424
1.41461,0.00204699672972,0.000429,-0.000414956525896,-0.000603114702275
1.41472,0.00205004725958,0.000424,-0.000414273495458,-0.000603025537393
1.41483,0.00205352262255,0.000419,-0.000413545679441,-0.000602954719062
1.41493,0.00205681405682,0.000496,-0.000412050675372,-0.000602860279572
1.41504,0.00206002757142,0.00053,-0.000411305487919,-0.000602830107777
1.41515,0.00206357876435,0.00053,-0.000411305487919,-0.000602830107777
1.41526,0.00206689932158,0.000565,-0.000409788403605,-0.000602794686473
1.41537,0.00207012099002,0.000572,-0.000408999812348,-0.000602786814744
1.41548,0.00207375342098,0.000576,-0.000408184303664,-0.000602786814744
1.41571,0.00208084553378,0.000567,-0.000407354743279,-0.000602792062577
1.41582,0.0020843671923,0.000556,-0.00040651107658,-0.000602797310356
1.41593,0.00208781299422,0.000525,-0.000405669970256,-0.000602799934226
1.41604,0.00209121951123,0.000447,-0.000403991763965,-0.000602781566858
1.41615,0.00209447653533,0.000447,-0.000403991763965,-0.000602781566858
1.41626,0.00209757716254,0.000448,-0.000403156545164,-0.000602754014585
1.41638,0.00210060822728,0.000513,-0.000401527610383,-0.000602656913955
1.41649,0.00210356712343,0.000524,-0.000400737753973,-0.000602587357735
1.41671,0.00210939631091,0.000528,-0.000399950639986,-0.000602505978243
1.41682,0.00211151893966,0.000482,-0.000399220730093,-0.000602423273099
1.41692,0.00211372391558,0.000471,-0.000398489960423,-0.000602339241672
1.41702,0.00211590772223,0.000459,-0.000396952350345,-0.000602159316139
1.41712,0.00211775287431,0.00044,-0.00039612268271,-0.000602063417925
1.41731,0.0021217821959,0.000456,-0.000395261675873,-0.000601960931754
1.41741,0.00212352776048,0.00046,-0.000394391907801,-0.000601851853727
1.41751,0.00212513981171,0.000451,-0.00039353797605,-0.000601730921173
1.41761,0.00212695661792,0.000418,-0.00039191968451,-0.000601445566449
1.41771,0.00212864576427,0.000408,-0.000391144149948,-0.000601279804619
1.41781,0.00212991957196,0.000406,-0.000390371459703,-0.000601098195225
1.41801,0.00213280265472,0.000414,-0.000389582558812,-0.000600903355142
1.41811,0.00213413852787,0.000429,-0.000388764022998,-0.000600695269516
1.41821,0.00213528643251,0.000448,-0.000387908090346,-0.000600473922474
1.41831,0.00213664594995,0.000472,-0.000387005036429,-0.00060024193395
1.41841,0.00213793762179,0.000494,-0.000386058494842,-0.000599995332662
1.41851,0.00213897971148,0.000516,-0.000384091871211,-0.000599460848445
1.41861,0.002140091286,0.00052,-0.000383100464593,-0.000599167638745
1.41881,0.00214233953532,0.000551,-0.000382111350758,-0.000598858400933
1.41892,0.00214327003358,0.000568,-0.000381130342136,-0.000598548979314
1.41902,0.00214446572907,0.000573,-0.000380153609076,-0.000598252608497
1.41912,0.00214547542869,0.000553,-0.00037820723869,-0.000597687184128
1.41922,0.00214606875935,0.000535,-0.000377225962634,-0.000597403578903
1.41932,0.00214682372372,0.000516,-0.00037623342077,-0.000597110534837
1.41952,0.00214856726448,0.000515,-0.000375229563546,-0.000596801400431
1.41962,0.00214919319733,0.000523,-0.000374208478951,-0.000596474819228
1.41972,0.00215011115731,0.000529,-0.000373174001641,-0.000596125443169
1.41982,0.00215096680784,0.000535,-0.000372126069962,-0.000595750567015
1.41992,0.00215161645685,0.00054,-0.00037106658496,-0.000595350136059
1.42002,0.00215228725274,0.000548,-0.000368916680488,-0.000594468372668
1.42012,0.00215320888752,0.000548,-0.000367836033579,-0.00059436704777
1.42022,0.0021539865848,0.000544,-0.000366761455653,-0.000594548352139
1.42042,0.0021554050514,0.000535,-0.000365702883641,-0.000594740252953
1.42052,0.00215607888011,0.00052,-0.000364672302993,-0.000594933415239
1.42062,0.00215685178142,0.000501,-0.000363677800243,-0.000595121180458
1.42072,0.00215758384036,0.0005,-0.000362735464496,-0.000595300892453
1.42082,0.00215818829823,0.000495,-0.000361034153067,-0.00059564284004
1.42092,0.0021588235207,0.000493,-0.000360285657211,-0.000595809076057
1.42102,0.0021593921305,0.000497,-0.000359606263311,-0.00059596728358
1.42112,0.00215998901413,0.00051,-0.000358996192919,-0.000596116140991
1.42122,0.0021606194869,0.000528,-0.00035844362793,-0.000596258313339
1.42132,0.0021613286887,0.000557,-0.000357942704547,-0.000596407087778
1.42152,0.00216246549174,0.000589,-0.000357503573786,-0.000596578391502
1.42162,0.00216320370027,0.000626,-0.000357146433041,-0.000596781492795
1.42172,0.00216381696089,0.000659,-0.00035686539605,-0.000597016354492
1.42182,0.00216439146579,0.000688,-0.000356652528977,-0.000597280281789
1.42192,0.00216520839051,0.000722,-0.000356411462133,-0.000597823630714
1.42202,0.00216565309006,0.000724,-0.00035635118127,-0.00059806993892
1.42222,0.00216711489059,0.000719,-0.000356284865781,-0.000598301574235
1.42231,0.00216781212178,0.000706,-0.000356192414576,-0.000598529138323
1.42241,0.0021685807912,0.000686,-0.000356083867907,-0.000598769824642
1.42251,0.00216931707687,0.000662,-0.000355969270952,-0.000599027579422
1.42261,0.00217014730247,0.000605,-0.000355798342753,-0.000599541386145
1.42271,0.00217098741231,0.000574,-0.0003557540951,-0.000599759171562
1.42281,0.00217179816869,0.000542,-0.000355740015662,-0.000599942568536
1.423,0.00217314890179,0.00051,-0.000355740015662,-0.000600102163622
1.4231,0.00217400090731,0.000498,-0.00035573197013,-0.000600249844354
1.4232,0.00217485068887,0.000498,-0.000355709844397,-0.000600385620865
1.42329,0.00217560750708,0.000495,-0.000355651509266,-0.000600504231508
1.42339,0.00217644889616,0.000487,-0.000355387929346,-0.000600646528559
1.42349,0.00217735657191,0.000481,-0.000355170545441,-0.000600661019592
1.42358,0.00217811649002,0.000477,-0.000354898712078,-0.000600633354543
1.42377,0.00217965042153,0.000487,-0.000354588480205,-0.00060055957388
1.42387,0.00218039945664,0.000502,-0.00035425390663,-0.000600434386295
1.42396,0.00218103605414,0.000513,-0.000353907056259,-0.000600252481129
1.42406,0.00218155320636,0.000528,-0.000353192600544,-0.000599731458482
1.42415,0.00218214530463,0.000535,-0.000352818910888,-0.000599404068476
1.42434,0.00218322082123,0.000539,-0.000352418721432,-0.000599043437086
1.42444,0.00218373044197,0.000545,-0.000351979844055,-0.000598654785172
1.42453,0.00218423620034,0.000552,-0.000351496125846,-0.000598245991153
1.42462,0.002184653859,0.000566,-0.000350385641874,-0.000597381042899
1.42472,0.00218507265924,0.000575,-0.000349768781125,-0.000596928791309
1.4249,0.0021858407653,0.000585,-0.00034912491263,-0.000596460211228
1.42499,0.0021861113625,0.000594,-0.000348462093362,-0.000595965954304
1.42509,0.00218643053115,0.000606,-0.000347788411383,-0.0005954392951
1.42518,0.00218658300404,0.000617,-0.000347105872262,-0.000594874808022
1.42527,0.00218665985114,0.00064,-0.000345791739795,-0.000593629184048
1.42536,0.00218670215664,0.000648,-0.000345164341489,-0.000592953119114
1.42555,0.00218658719508,0.000654,-0.000344575219156,-0.000592250744285
1.42564,0.00218636672291,0.000656,-0.000344022429895,-0.000591524636614
1.42573,0.0021861035223,0.000658,-0.000343497867886,-0.000590782754451
1.42582,0.00218583092669,0.000648,-0.0003425131687,-0.000589271601759
1.42592,0.00218545405404,0.000641,-0.000342049021392,-0.000588511695243
1.42601,0.00218509965011,0.000639,-0.000341605101109,-0.000587753389325
1.42619,0.00218426727629,0.000641,-0.000341183506931,-0.000587004806538
1.42629,0.00218377902312,0.000638,-0.000340782224166,-0.000586268698912
1.42638,0.00218328561787,0.000627,-0.000340405410117,-0.000585547832908
1.42647,0.00218283934357,0.000593,-0.000339737727586,-0.000584160240422
1.42656,0.00218232274529,0.000574,-0.000339446947745,-0.000583493660318
1.42666,0.00218192352361,0.000568,-0.000339178737601,-0.00058284259313
1.42684,0.0021811701444,0.000576,-0.000338933125163,-0.00058220709779
1.42694,0.00218087622601,0.000599,-0.000338728721437,-0.000581587231928
1.42703,0.00218066139532,0.000631,-0.000338567630838,-0.000580981684149
1.42713,0.00218048540748,0.000668,-0.000338439556009,-0.000580389135629
1.42722,0.00218034600374,0.000708,-0.000338338317745,-0.000579806889704
1.42731,0.0021801350384,0.000782,-0.000338201931106,-0.00057866795062
1.42741,0.00217998180575,0.000815,-0.000338160596179,-0.000578383520605
1.4276,0.00217976714519,0.000845,-0.000338125459427,-0.00057845498596
1.42769,0.0021796538963,0.000863,-0.000338113057767,-0.000578526441695
1.42778,0.00217970011176,0.000867,-0.000338131660168,-0.00057859376618
1.42788,0.00217968049658,0.00086,-0.000338152328878,-0.000578658334703
1.42797,0.00217973241546,0.000822,-0.000338100655871,-0.000578781954634
1.42807,0.00217966636317,0.000798,-0.000338038642848,-0.000578842380565
1.42816,0.00217975592372,0.000775,-0.000337976623917,-0.000578901426531
1.42835,0.00217989793459,0.000754,-0.000337933207149,-0.000578963211784
1.42844,0.0021800602332,0.000737,-0.000337916666667,-0.000579024989843
1.42854,0.00218014095676,0.000724,-0.000337927004518,-0.00057909087851
1.42863,0.00218033203723,0.000697,-0.000337995230217,-0.000579233609219
1.42873,0.00218051550946,0.000679,-0.000338053113082,-0.000579310448309
1.42882,0.00218068691419,0.000659,-0.0003381233925,-0.000579392763554
1.42901,0.00218118754985,0.000636,-0.000338206064455,-0.000579480552401
1.4291,0.002181457516,0.000609,-0.000338303190586,-0.000579573812129
1.4292,0.00218170628522,0.00058,-0.000338416830423,-0.000579671168754
1.42929,0.00218204706752,0.000522,-0.000338695680463,-0.000579878163559
1.42939,0.00218237295311,0.000502,-0.000338873255974,-0.000579985056375
1.42948,0.00218274607326,0.000536,-0.000339087933723,-0.000580093297641
1.42967,0.00218348506708,0.000565,-0.00033933967696,-0.00058020014708
1.42976,0.00218391314029,0.000592,-0.000339632566909,-0.000580305605525
1.42985,0.00218434924091,0.000614,-0.000339960364645,-0.000580406935424
1.42995,0.00218476576276,0.000642,-0.000340693702801,-0.000580595850236
1.43004,0.0021851680888,0.000649,-0.000341082695095,-0.00058068344004
1.43023,0.00218605050942,0.000647,-0.000341477623451,-0.000580769647108
1.43032,0.00218649985505,0.000641,-0.000341870256681,-0.000580857208177
1.43041,0.00218687303529,0.000627,-0.000342250329581,-0.000580948858162
1.43051,0.0021873112999,0.000582,-0.000342942106928,-0.000581153987201
1.4306,0.00218772097506,0.000551,-0.000343249782557,-0.000581268824757
1.43079,0.00218856241015,0.000514,-0.000343536814811,-0.000581390470707
1.43088,0.00218904602513,0.000471,-0.000343809377781,-0.000581513455042
1.43097,0.00218950861087,0.000423,-0.000344071585821,-0.000581633678765
1.43107,0.00218995694609,0.000393,-0.000344558846994,-0.000581842639096
1.43116,0.0021904077846,0.000383,-0.000344769606945,-0.00058192729234
1.43135,0.00219127945324,0.000383,-0.000344943483418,-0.000581996916308
1.43144,0.0021916573536,0.000381,-0.000345072326448,-0.000582050151984
1.43153,0.00219203922287,0.000376,-0.000345154118242,-0.000582088369165
1.43162,0.00219230157522,0.00036,-0.000345188876625,-0.000582110206314
1.43172,0.00219261269953,0.000348,-0.000345186832066,-0.000582082909736
1.4319,0.00219299453437,0.000336,-0.000345192965724,-0.000582021487286
1.432,0.00219315358621,0.000322,-0.000345244077281,-0.000581919100683
1.43209,0.00219326301908,0.00036,-0.000345329935614,-0.000581775726142
1.43218,0.00219331542881,0.000487,-0.0003455424882,-0.000581367237123
1.43227,0.0021933674521,0.00054,-0.000345656910687,-0.000581121171895
1.43246,0.00219349638324,0.000587,-0.000345777441069,-0.000580865416285
1.43255,0.00219354744853,0.000627,-0.000345906118223,-0.000580612274428
1.43264,0.00219360091829,0.000722,-0.000346202182732,-0.000580148094916
1.43274,0.00219366046299,0.000742,-0.000346359348131,-0.000579952168573
1.43284,0.00219358705438,0.000753,-0.000346508313839,-0.000579780844943
1.43305,0.00219348566001,0.000793,-0.000346655205318,-0.00057961632215
1.43316,0.00219336451352,0.000827,-0.000346789826536,-0.000579436659795
1.43327,0.00219308415295,0.000776,-0.000346908106898,-0.000579240470305
1.43339,0.00219286759155,0.000708,-0.000347024326864,-0.00057899204244
1.4335,0.00219260660979,0.000475,-0.000347228171075,-0.000578320293231
1.43362,0.00219235069463,0.000388,-0.000347303577143,-0.000577902253331
1.43373,0.00219205434996,0.000398,-0.000347352484484,-0.00057741366486
1.43395,0.00219137631089,0.000373,-0.000347381012058,-0.000576906709674
1.43406,0.00219079590431,0.000404,-0.000347397312963,-0.000576357881848
1.43416,0.00219030418545,0.000399,-0.000347401388125,-0.000575849918502
1.43425,0.00218959395397,0.000421,-0.000347405463261,-0.000575353910432
1.43435,0.00218900502002,0.000466,-0.000347372861451,-0.000574429744484
1.43444,0.0021884084664,0.000497,-0.00034732191783,-0.000574003091391
1.43453,0.00218770532748,0.000551,-0.000347246513901,-0.000573599673317
1.43474,0.00218634914224,0.000623,-0.000347148679479,-0.000573223706892
1.43485,0.00218583006755,0.000742,-0.000347044714178,-0.000572876639238
1.43496,0.0021850769358,0.000775,-0.000346981511412,-0.000572612716748
1.43508,0.00218440819457,0.000864,-0.000346985589197,-0.000572405654605
1.4352,0.00218366093798,0.000936,-0.000347142564335,-0.000572128983191
1.43531,0.00218283985783,0.000934,-0.000347183330863,-0.000572003808318
1.43543,0.00218203563203,0.000992,-0.000347134410721,-0.000571850776948
1.43554,0.00218121994233,0.000968,-0.000347050830247,-0.000571671257006
1.43577,0.00217970308029,0.001006,-0.000346940732155,-0.000571456867344
1.43589,0.00217887895347,0.000965,-0.000346875479994,-0.000571234033679
1.436,0.00217796577874,0.000987,-0.000346848969422,-0.000571005532698
1.43612,0.00217683338857,0.000934,-0.000346889754467,-0.000570799240607
1.43623,0.00217569669815,0.000949,-0.000346977433603,-0.00057061657779
1.43635,0.00217423092979,0.000895,-0.000347169062871,-0.000570475703538
1.43646,0.00217285991539,0.000909,-0.000347458437696,-0.000570371069929
1.43658,0.00217142116334,0.00086,-0.000347820992236,-0.000570311070759
1.4367,0.00216995253616,0.000828,-0.000348630912541,-0.000570302698246
1.43681,0.0021684426196,0.000846,-0.000349035492078,-0.000570343164175
1.43693,0.00216688403548,0.000805,-0.000349429662343,-0.000570397579046
1.43716,0.00216371331016,0.000824,-0.000349825621919,-0.000570454778454
1.43727,0.00216188489311,0.000785,-0.000350227424654,-0.000570496627804
1.43739,0.00216022123976,0.000801,-0.000350639114178,-0.000570514761505
1.43751,0.00215848417179,0.000773,-0.000351473853919,-0.000570436642719
1.43763,0.00215677939043,0.000729,-0.000351892842051,-0.000570341768849
1.43786,0.00215318882933,0.000736,-0.000352319646233,-0.000570214778952
1.43797,0.00215117539873,0.00069,-0.000352738084586,-0.000570073798812
1.43809,0.00214931828424,0.000693,-0.000353146153641,-0.000569928592308
1.43821,0.00214725141428,0.000654,-0.000353864695429,-0.000569699532722
1.43833,0.00214515351438,0.000615,-0.000354187374261,-0.000569638061026
1.43856,0.00214076157909,0.000623,-0.000354493769214,-0.000569618500369
1.43868,0.00213851049763,0.000591,-0.000354789946523,-0.000569642252503
1.4388,0.0021362436812,0.000605,-0.000355073906755,-0.000569706517696
1.43891,0.00213393395203,0.000591,-0.000355589145162,-0.0005699271959
1.43903,0.00213156324877,0.000565,-0.000355812420913,-0.000570071006751
1.43926,0.00212676270959,0.000575,-0.000355999430029,-0.000570239900225
1.43938,0.00212431578922,0.000547,-0.000356160254513,-0.00057042408685
1.4395,0.00212187860084,0.000552,-0.000356278836761,-0.000570633312859
1.43961,0.0021193849513,0.00052,-0.000356407443585,-0.000571094715437
1.43973,0.00211692365842,0.00052,-0.000356407443585,-0.000571094715437
1.43984,0.00211444803044,0.000465,-0.000356383331768,-0.000571594699146
1.43996,0.00211192300888,0.000395,-0.000356282856114,-0.000571835471399
1.44015,0.00210758429575,0.000379,-0.000356138143536,-0.000572078916763
1.44035,0.0021033372316,0.000383,-0.000355643462625,-0.000572583538355
1.44045,0.00210120477044,0.000376,-0.000355301387161,-0.000572853030437
1.44055,0.00209912843841,0.000366,-0.000354934963172,-0.000573139043208
1.44065,0.00209699253682,0.000356,-0.000354572360171,-0.000573444324493
1.44075,0.00209487117807,0.000347,-0.000354231729938,-0.000573768841085
1.44084,0.00209268982175,0.000323,-0.000353604417671,-0.000574462975837
1.44094,0.00209048928068,0.000328,-0.000353287503354,-0.000574825616665
1.44104,0.00208830554717,0.000329,-0.000352946191733,-0.000575192158859
1.44124,0.00208395352139,0.000328,-0.000352580444097,-0.000575559830624
1.44134,0.00208198939356,0.000325,-0.000352190218928,-0.00057592310617
1.44144,0.00208011810904,0.000322,-0.000351779519494,-0.000576280614363
1.44154,0.00207822501696,0.00032,-0.000351358432509,-0.000576622713739
1.44164,0.00207633220179,0.000342,-0.000350476903383,-0.000577226368191
1.44174,0.00207448120549,0.000337,-0.000350016407962,-0.000577460478713
1.44184,0.00207251038066,0.000331,-0.000349547460326,-0.000577633929381
1.44204,0.0020686468464,0.00035,-0.000349086300729,-0.000577738523042
1.44213,0.00206671064154,0.000362,-0.000348651249222,-0.000577777052357
1.44223,0.00206486371687,0.000365,-0.000348260672996,-0.000577756412
1.44233,0.00206297339155,0.000352,-0.000347651961217,-0.000577613283462
1.44243,0.00206110436028,0.000341,-0.000347425838557,-0.00057752793848
1.44263,0.00205729522628,0.00033,-0.000347238361598,-0.000577457725071
1.44273,0.00205536055712,0.000321,-0.000347075293943,-0.00057741366486
1.44283,0.00205341984829,0.000319,-0.000346928497877,-0.000577398518319
1.44293,0.00205143318992,0.000328,-0.000346691922976,-0.000577435695422
1.44303,0.00204944323308,0.00034,-0.00034661644553,-0.000577465985954
1.44322,0.00204550394261,0.000355,-0.000346577683418,-0.000577481130572
1.44332,0.00204353419552,0.00037,-0.000346577683418,-0.000577463232341
1.44343,0.00204163875856,0.000399,-0.000346612365417,-0.000577393010379
1.44354,0.00203950317133,0.000442,-0.000346948888213,-0.000576992154484
1.44365,0.00203725673815,0.000428,-0.000347270970193,-0.000576670976175
1.44377,0.00203496120953,0.000402,-0.000347719171616,-0.000576290273412
1.444,0.00203029664935,0.000359,-0.000348252533479,-0.000575883061335
1.44411,0.00202797472021,0.00033,-0.000348854580811,-0.000575453425438
1.44422,0.00202566137907,0.000312,-0.000349488564023,-0.000575034507479
1.44433,0.00202339879864,0.000332,-0.000350162503795,-0.000574626333179
1.44445,0.00202111243791,0.000394,-0.000351674273549,-0.000573907463168
1.44456,0.00201889059014,0.000437,-0.000352558209639,-0.000573602446992
1.44467,0.00201663863103,0.000499,-0.000353566073286,-0.000573326395619
1.44489,0.00201216342922,0.000549,-0.000354673103751,-0.000573079354175
1.44501,0.00200977213769,0.000612,-0.000355904926854,-0.000572846086473
1.44512,0.00200731727671,0.000655,-0.000357220686537,-0.000572623831906
1.44523,0.00200497517692,0.000709,-0.000358641885409,-0.000572398704817
1.44534,0.00200261361604,0.000796,-0.000361700076542,-0.000571909212283
1.44546,0.00200042070176,0.000761,-0.000363214758392,-0.000571640635179
1.44568,0.00199635927016,0.00075,-0.000364704038022,-0.0005713426767
1.4458,0.00199439368148,0.000704,-0.000366098817447,-0.000571032010377
1.44591,0.00199260077902,0.00071,-0.000367502397572,-0.000570696064701
1.44602,0.00199088215221,0.000703,-0.000368889095574,-0.00057035014075
1.44614,0.00198924443711,0.000736,-0.000370337652766,-0.0005699816531
1.44625,0.00198787899998,0.000769,-0.000373275764321,-0.00056924111923
1.44636,0.00198654929565,0.000766,-0.000374772914883,-0.000568876064429
1.44659,0.00198370605372,0.000799,-0.000376330797776,-0.000568505160162
1.4467,0.00198216269482,0.000788,-0.000377863479926,-0.000568150811795
1.44681,0.00198093541813,0.000812,-0.0003794389581,-0.000567792023034
1.44693,0.00197962479936,0.000776,-0.000380940916349,-0.000567452634608
1.44704,0.00197840107533,0.000744,-0.000383880245832,-0.00056676618947
1.44715,0.00197715323035,0.000747,-0.000385315973811,-0.000566410689807
1.44726,0.00197592880527,0.000702,-0.000386662223941,-0.000566057767615
1.44749,0.00197327202424,0.0007,-0.000388001765012,-0.00056568209361
1.4476,0.00197186247601,0.000659,-0.000389260233187,-0.000565310382157
1.44771,0.00197055529644,0.000661,-0.000390519981776,-0.000564920090097
1.44782,0.00196906594622,0.000624,-0.000391706888599,-0.000564550672025
1.44794,0.00196773716118,0.000593,-0.000394022834811,-0.000563881689978
1.44805,0.00196635022873,0.000592,-0.000395142627256,-0.000563607647111
1.44816,0.00196501767418,0.000555,-0.000396190606205,-0.000563385767948
1.44838,0.00196209908855,0.000545,-0.000397217986996,-0.000563183594571
1.44849,0.00196073336039,0.000524,-0.000398160927199,-0.000562989832761
1.4486,0.00195947196781,0.000554,-0.000399066757668,-0.000562767698795
1.44871,0.0019581052489,0.000532,-0.000399877500095,-0.000562522820835
1.44883,0.0019568333226,0.000489,-0.000401271298203,-0.000561963288906
1.44893,0.00195540442711,0.000475,-0.000401832427609,-0.000561698193844
1.44915,0.00195267682979,0.000453,-0.000402284701688,-0.000561495386105
1.44927,0.00195129622719,0.000502,-0.000402650764214,-0.000561370543419
1.44937,0.00194983584282,0.000524,-0.000402917703855,-0.000561352098299
1.44949,0.00194848799158,0.000564,-0.000403098709248,-0.000561447154857
1.44959,0.00194709192687,0.00068,-0.000403216241082,-0.000561899507887
1.4497,0.00194593209092,0.000729,-0.000403180797326,-0.000562119166299
1.44981,0.00194457086617,0.000788,-0.000403081917163,-0.000562323155858
1.45003,0.00194206502959,0.000773,-0.000402956895082,-0.000562494504065
1.45014,0.00194095240035,0.000815,-0.000402788915192,-0.000562643150507
1.45024,0.00193967695851,0.000789,-0.000402611553586,-0.00056276062296
1.45035,0.00193866262568,0.000818,-0.000402402388262,-0.000562858261283
1.45045,0.00193746637252,0.00079,-0.000401937115464,-0.00056299832014
1.45056,0.0019363459702,0.000724,-0.000401682842814,-0.000563052070432
1.45067,0.00193513891173,0.000744,-0.000401385435705,-0.000563108643892
1.45088,0.00193292658673,0.000618,-0.000401117834313,-0.000563162383173
1.45099,0.0019317835201,0.000612,-0.000400831391465,-0.000563224600904
1.45111,0.00193094232614,0.000668,-0.000400524207567,-0.000563295294144
1.45123,0.00192981057339,0.000757,-0.000400100643538,-0.000563463506726
1.45136,0.001928772426,0.000715,-0.00040001439593,-0.000563556778442
1.45149,0.001927730878,0.000657,-0.000399993769725,-0.000563654272502
1.45174,0.00192596030458,0.000605,-0.000400005020467,-0.00056387180426
1.45186,0.00192516507464,0.000601,-0.000400031271406,-0.000564580291229
1.45199,0.0019243186631,0.000591,-0.000400087519676,-0.000565299114158
1.45211,0.00192355644323,0.000573,-0.000400201875421,-0.00056601697679
1.45224,0.00192271164354,0.000558,-0.000400664706905,-0.000567427382256
1.45236,0.00192187398626,0.000527,-0.000401005519569,-0.00056811158097
1.45249,0.00192090427063,0.00053,-0.00040141162823,-0.000568769718149
1.45273,0.00191932801481,0.00052,-0.00040188851259,-0.000569392103614
1.45286,0.00191873743597,0.000491,-0.000402439744399,-0.000570024935638
1.45298,0.00191822939677,0.000458,-0.000403066990482,-0.000570661203476
1.4531,0.00191782481872,0.000479,-0.000403777473915,-0.000571298107876
1.45322,0.00191734915468,0.000473,-0.000405378193266,-0.000572598822474
1.45335,0.0019168795763,0.000488,-0.000406240116756,-0.00057327644141
1.45347,0.00191643318322,0.0005,-0.000407128642609,-0.000573969831346
1.45371,0.00191553524553,0.000503,-0.000408036249782,-0.000574666472655
1.45383,0.00191509803849,0.000503,-0.000408953610569,-0.00057536220406
1.45395,0.00191469415852,0.000494,-0.000409865915385,-0.000576036320087
1.45408,0.00191426861223,0.000485,-0.000410760284764,-0.000576675112751
1.4542,0.00191381380404,0.000517,-0.000412458765094,-0.000577818330665
1.45432,0.00191334843575,0.000546,-0.00041324476759,-0.000578303797894
1.45444,0.00191293294132,0.000559,-0.000413978439962,-0.000578727015998
1.45468,0.00191222363698,0.000542,-0.000414648981763,-0.000579099114018
1.4548,0.00191210707802,0.000484,-0.000415251110862,-0.000579431172963
1.45492,0.00191211561195,0.000436,-0.000415786855534,-0.000579734235335
1.45504,0.00191225955844,0.000425,-0.000416261868021,-0.000580020682523
1.45516,0.00191248313569,0.000451,-0.000417077663025,-0.000580594481531
1.45528,0.00191299640106,0.000467,-0.000417438674386,-0.000580910558605
1.4554,0.00191342798673,0.000476,-0.000417777612165,-0.000581256521924
1.45564,0.00191497161263,0.000482,-0.0004180926921,-0.000581628214643
1.45576,0.00191570617564,0.000485,-0.000418383950945,-0.00058200101155
1.45588,0.0019163959403,0.000481,-0.000418655060911,-0.000582344898749
1.45599,0.00191710194565,0.000494,-0.000418907867109,-0.000582649025238
1.45611,0.00191783752365,0.000573,-0.000419351389009,-0.000583116465988
1.45623,0.00191860133432,0.000612,-0.000419531250698,-0.000583269010204
1.45635,0.00191926208301,0.000633,-0.000419674738672,-0.0005833520738
1.45659,0.00192024976816,0.000635,-0.00041978187857,-0.000583379304924
1.45671,0.00192078338709,0.000631,-0.000419847242827,-0.00058338475098
1.45683,0.00192113695522,0.000622,-0.000419869029356,-0.000583424233209
1.45695,0.00192167924465,0.000613,-0.000419847242827,-0.00058354674548
1.45707,0.00192217604499,0.000606,-0.000419689267218,-0.000583952194519
1.45719,0.00192281219232,0.000608,-0.000419576661934,-0.00058407458439
1.45731,0.00192346202394,0.000606,-0.00041945858569,-0.000584025631846
1.45755,0.00192504611952,0.000602,-0.000419345937827,-0.000583757672248
1.45767,0.001925998666,0.000594,-0.000419244173496,-0.000583249944585
1.45779,0.00192690225789,0.000586,-0.000419156933421,-0.000582549487394
1.45791,0.00192782415188,0.000576,-0.000419082405982,-0.000581772994821
1.45803,0.0019285526357,0.000571,-0.000419015141701,-0.000581084252244
1.45815,0.00192928806192,0.000536,-0.000418902411966,-0.000580249454939
1.45827,0.00192998017339,0.000522,-0.000418864224594,-0.000580233019496
1.45851,0.00193158922343,0.000537,-0.000418847857846,-0.000580409673801
1.45863,0.00193268743698,0.000583,-0.000418856950538,-0.000580699861516
1.45875,0.00193404693986,0.000518,-0.000418900593573,-0.00058098852264
1.45887,0.00193549053152,0.000504,-0.000418982415858,-0.00058116219071
1.45899,0.00193692470892,0.000504,-0.000419109673174,-0.000581159456221
1.45911,0.00193808423321,0.000497,-0.000419507635519,-0.000580439795014
1.45923,0.00193915198454,0.00049,-0.00041978187857,-0.000579895980525
1.45947,0.00194164262573,0.000481,-0.000420105000231,-0.000579436659795
1.45959,0.00194321151904,0.000563,-0.000420456971696,-0.000579207536284
1.45971,0.00194483903318,0.000828,-0.000420857681489,-0.000579136172222
1.45983,0.00194680448222,0.001116,-0.00042128167553,-0.000579145779482
1.45995,0.0019490288689,0.001531,-0.000422157719486,-0.000579173227837
1.46007,0.00195102900619,0.00157,-0.000422586232238,-0.000579136172222
1.46019,0.00195258440103,0.001508,-0.000422998187855,-0.000579049699052
1.46043,0.00195608252316,0.001384,-0.000423388204504,-0.00057893575256
1.46055,0.00195848303623,0.001253,-0.000423750912187,-0.000578879456706
1.46067,0.00196059022949,0.001112,-0.00042408996548,-0.000578926141495
1.46079,0.00196254592455,0.001107,-0.000424403601723,-0.000579053817142
1.46092,0.00196467677375,0.001148,-0.00042468465531,-0.000579206163988
1.46104,0.0019667337634,0.001065,-0.000425107792052,-0.00057965957832
1.46116,0.00196883777558,0.001065,-0.000425107792052,-0.00057965957832
1.46128,0.00197118672699,0.000897,-0.000425271565874,-0.000580348806856
1.4614,0.00197350019637,0.000785,-0.00042523197625,-0.000580648608565
1.46152,0.00197565119977,0.000701,-0.000425105992094,-0.000580911308894
1.46165,0.00197776398384,0.00063,-0.000424884556624,-0.000581130126329
1.46189,0.00198183818995,0.000544,-0.000424587382238,-0.000581287345518
1.46199,0.00198307884258,0.000445,-0.000424196331535,-0.00058141035406
1.46211,0.00198511595035,0.000475,-0.00042307765597,-0.00058143966787
1.46222,0.00198710731998,0.000519,-0.000422450659555,-0.000581517554028
1.46246,0.00199087229624,0.000545,-0.000421817587583,-0.000581569471766
1.46259,0.00199293493831,0.000564,-0.000421250882478,-0.000581576302668
1.46271,0.00199494783622,0.000578,-0.000420741665923,-0.00058153804848
1.46284,0.00199673404861,0.0006,-0.000419796404566,-0.000581408236877
1.46296,0.00199882831024,0.000601,-0.000419309595371,-0.000581701975533
1.46309,0.00200082991771,0.000589,-0.000418804211041,-0.000582209826871
1.46322,0.00200236956397,0.00056,-0.000418287486833,-0.000582702195311
1.46347,0.00200582335802,0.000498,-0.000417775790421,-0.00058315460617
1.46359,0.00200713833974,0.000453,-0.000417261841921,-0.000583556273021
1.46373,0.00200891729386,0.000532,-0.000416077387731,-0.000584298892158
1.46386,0.00201023694578,0.00059,-0.000415465099262,-0.000584633137747
1.46412,0.00201277567914,0.000683,-0.000414885145482,-0.000584967171753
1.46425,0.00201394048034,0.000758,-0.000414355938993,-0.000585280645385
1.46438,0.00201515115106,0.000833,-0.000413850110653,-0.000585560036211
1.46451,0.00201615706534,0.000832,-0.000412901474464,-0.000585949037921
1.46463,0.00201718979736,0.00083,-0.000412449576869,-0.00058606283779
1.46488,0.00201925624635,0.000823,-0.000412006541311,-0.000586123791898
1.46499,0.0020199830703,0.000719,-0.000411588949694,-0.00058614275396
1.46509,0.00202062273679,0.000639,-0.000411148975708,-0.000586146817171
1.46521,0.00202171407353,0.000675,-0.000410183242697,-0.000586019488357
1.46532,0.00202249210296,0.00068,-0.000409721957162,-0.000585890773716
1.46555,0.00202442667642,0.000768,-0.000409317586602,-0.000585676631308
1.46568,0.00202517039744,0.000774,-0.000408992420296,-0.000585404083858
1.4658,0.00202604559172,0.000773,-0.000408729944938,-0.00058507711229
1.46593,0.00202687627895,0.000845,-0.000408236114115,-0.000584275786064
1.46605,0.00202749678689,0.000911,-0.000407951102684,-0.000583791684807
1.46629,0.00202907238072,0.000864,-0.000407641882743,-0.000583324841273
1.46641,0.00202980832882,0.000965,-0.000407301005552,-0.000582807156422
1.46653,0.00203079049769,0.000947,-0.000406974772605,-0.000582348991298
1.46663,0.00203122033629,0.000906,-0.000406139868579,-0.000583200915549
1.46674,0.00203198852352,0.000885,-0.000405593787023,-0.000583680115422
1.46698,0.00203420113762,0.001032,-0.00040506210081,-0.000584264912258
1.46711,0.00203521278196,0.000999,-0.000404665827041,-0.000584839557708
1.46724,0.00203634970316,0.000978,-0.000404399641375,-0.000585512577334
1.46737,0.00203723775636,0.000971,-0.000403928416381,-0.000587014271809
1.4675,0.00203814458823,0.000974,-0.000403572431284,-0.000587720981802
1.46776,0.00204026073089,0.000991,-0.000403102440761,-0.000588345824933
1.46789,0.002041521847,0.000994,-0.000402531257404,-0.000588909301127
1.46802,0.00204255501891,0.001039,-0.000401836166766,-0.000589407568365
1.46816,0.00204332474993,0.001048,-0.00040102611213,-0.000589831396711
1.46829,0.00204401705265,0.001079,-0.00040009501906,-0.000590201126101
1.46842,0.00204488187856,0.001094,-0.000398313244255,-0.000590908935057
1.46856,0.00204579063421,0.001061,-0.000397662344746,-0.000591353010384
1.46882,0.00204754548438,0.001063,-0.000396997573114,-0.000591874419217
1.46896,0.00204849366765,0.001039,-0.000396173626027,-0.00059238861783
1.4691,0.00204997558519,0.001006,-0.000395229553886,-0.000592808707523
1.46923,0.00205139503363,0.000981,-0.00039425944522,-0.00059310150064
1.46937,0.00205255777869,0.001017,-0.000392107720496,-0.000593371420403
1.4695,0.00205333382705,0.00107,-0.000390894938078,-0.000593383443292
1.46976,0.00205559090898,0.00108,-0.000389698860396,-0.000593316645967
1.46989,0.00205694690375,0.001021,-0.000388653276239,-0.000593197725631
1.47003,0.00205837426929,0.000995,-0.000386809713753,-0.000592830104347
1.47014,0.00205938006237,0.001335,-0.000385901238193,-0.000593284001425
1.47026,0.00206068664145,0.001922,-0.00038479549351,-0.000594037029714
1.47049,0.0020637206365,0.002022,-0.00038378210441,-0.000594611752227
1.47061,0.00206535195268,0.002316,-0.000382742018328,-0.00059508199437
1.47072,0.00206699838565,0.002502,-0.000381684761342,-0.000595454690209
1.47086,0.00206887051191,0.002921,-0.000380449690181,-0.00059582712028
1.471,0.00207059716047,0.002501,-0.000377935354586,-0.000597005174282
1.47114,0.00207202717972,0.002041,-0.000376776592778,-0.000597721065262
1.47141,0.00207470114941,0.002067,-0.000375467514623,-0.000598429359141
1.47154,0.00207583100095,0.001874,-0.000374163536809,-0.000598916000858
1.47168,0.00207694802765,0.001838,-0.000372805953958,-0.000599178968265
1.47181,0.00207735828895,0.00171,-0.00037151217671,-0.00059923709388
1.47195,0.00207784027683,0.001868,-0.00036862303673,-0.000598823468166
1.47208,0.00207772281104,0.001868,-0.00036862303673,-0.000598823468166
1.47222,0.00207757984369,0.001906,-0.000367133022361,-0.000598401575103
1.47236,0.00207708649982,0.001928,-0.000365582074846,-0.00059791445223
1.47249,0.00207643333087,0.001908,-0.000363979689491,-0.000597413617731
1.47263,0.0020757797707,0.001845,-0.000362349381352,-0.000596932204274
1.47276,0.00207473057014,0.001673,-0.000358952165361,-0.000596049121806
1.4729,0.00207367579651,0.00152,-0.000357206639238,-0.000595688820117
1.47318,0.00207028648988,0.001354,-0.000355512690578,-0.000595368195229
1.47329,0.00206833582767,0.001136,-0.000354130917154,-0.00059507799976
1.47341,0.00206664286122,0.001243,-0.000352671395244,-0.000594687712329
1.47353,0.0020643993446,0.001187,-0.000351311853102,-0.000594383047744
1.47362,0.00206236880303,0.001006,-0.000350194965042,-0.000594444376441
1.47371,0.00206058188758,0.000903,-0.000349218384508,-0.000594483036487
1.4738,0.00205894376529,0.000919,-0.000347277084122,-0.000594501698935
1.47388,0.00205725236892,0.000885,-0.000346326693529,-0.00059448170343
1.47397,0.00205553417168,0.000912,-0.000345336067916,-0.000594443043285
1.47406,0.00205373500573,0.00091,-0.000344343924005,-0.000594397713956
1.47425,0.00205025083637,0.000932,-0.000343325653437,-0.000594337713213
1.47434,0.00204819385174,0.000914,-0.000342332478244,-0.000594269704046
1.47442,0.00204666328916,0.000744,-0.000341529028744,-0.000594204353571
1.47451,0.00204474036938,0.000752,-0.00034071634895,-0.00059411098158
1.4746,0.00204277617273,0.000752,-0.000339061102879,-0.000593838773797
1.47469,0.00204096416277,0.000801,-0.000338131660168,-0.00059363719539
1.4748,0.00203925757869,0.000582,-0.000337424395017,-0.000593448896399
1.47502,0.0020357048608,0.000823,-0.000336388997523,-0.000593069421711
1.47515,0.00203354006934,0.000745,-0.000335443278828,-0.000592698454461
1.47529,0.00203135595835,0.000779,-0.000334579320226,-0.000592921788209
1.47541,0.00202942769942,0.000801,-0.000333193770678,-0.000593421603463
1.47554,0.00202743533797,0.000696,-0.000332506146816,-0.000593648634509
1.4758,0.00202364688441,0.00078,-0.000331811537903,-0.000593803493283
1.47592,0.00202184930329,0.000777,-0.00033118722088,-0.000593863555468
1.47605,0.0020201328407,0.000813,-0.00033059994475,-0.000593856882232
1.47615,0.00201853608703,0.000826,-0.000329587172017,-0.000593759443297
1.47628,0.00201728750319,0.000712,-0.000329153544881,-0.000593752768733
1.4764,0.00201606488063,0.000705,-0.00032874059931,-0.000593778131623
1.47662,0.00201365886572,0.000723,-0.000328337884161,-0.000593810167199
1.47676,0.00201280241897,0.000853,-0.000327947517901,-0.000593900924014
1.47689,0.00201195534911,0.000873,-0.000327634637483,-0.000594015682143
1.47701,0.00201083957228,0.000791,-0.00032726276677,-0.000594210446438
1.47713,0.00201030745302,0.000777,-0.000327229140952,-0.000594287798427
1.47726,0.00200962657977,0.000747,-0.000327285883521,-0.000594322469742
1.47753,0.0020087043259,0.000719,-0.000327432971043,-0.000594307801389
1.47766,0.0020082934994,0.00072,-0.000327636737849,-0.000594273129102
1.47779,0.00200810034636,0.000746,-0.000327876135507,-0.000594255792095
1.47793,0.00200803350416,0.000852,-0.00032702104289,-0.000594337137683
1.47806,0.00200779644407,0.000902,-0.000325121995023,-0.000594415804164
1.47819,0.00200784034833,0.000939,-0.000323139203428,-0.000594498457882
1.47846,0.00200813041037,0.000964,-0.000321097391307,-0.000594562438883
1.47859,0.00200834938092,0.000985,-0.000319004549379,-0.000594591760892
1.47872,0.00200863006087,0.001001,-0.000316870896485,-0.000594590428109
1.47885,0.00200882813802,0.00099,-0.000312694575691,-0.000594539779841
1.47898,0.00200937268329,0.000938,-0.000310676252928,-0.00059449445881
1.47911,0.00200977498911,0.000951,-0.000308623681613,-0.000594415804164
1.47936,0.002011235556,0.000862,-0.000306757717359,-0.000594310468393
1.47949,0.00201216028695,0.000877,-0.000304853907338,-0.000594177101534
1.47962,0.00201320042392,0.000877,-0.000302944652431,-0.000594038363909
1.47975,0.00201419800683,0.000909,-0.00029902858068,-0.000594956057177
1.47988,0.00201510854422,0.000935,-0.000296975049217,-0.000595904803984
1.48001,0.00201609048774,0.000993,-0.000294787234915,-0.000596907561657
1.48027,0.0020180938305,0.001054,-0.000292457211408,-0.000597953420518
1.4804,0.00201911392463,0.001091,-0.000290036877041,-0.00059901039974
1.48053,0.00202012131154,0.001085,-0.000287621215195,-0.000600030945421
1.48065,0.00202108177859,0.000965,-0.00028322647363,-0.000601790076486
1.48077,0.00202194825723,0.000959,-0.00028107017381,-0.000602592607587
1.48089,0.00202278045931,0.00101,-0.000278791778302,-0.000603393898941
1.48114,0.00202499719583,0.000993,-0.000276544271574,-0.000604127220336
1.48127,0.00202589717536,0.00099,-0.000274296154544,-0.00060480723322
1.4814,0.00202672506298,0.000977,-0.000272070278224,-0.000605422397848
1.48152,0.00202754642184,0.000955,-0.000267697745408,-0.000606443443659
1.48165,0.00202854286341,0.000957,-0.000265496371813,-0.000606875769331
1.48178,0.0020296902493,0.00095,-0.000263304103729,-0.000607280421148
1.48204,0.00203191047188,0.000943,-0.000261121062208,-0.00060768215689
1.48217,0.0020329576456,0.00094,-0.000258938064425,-0.000608106954456
1.4823,0.00203379540524,0.00093,-0.000256771477153,-0.000608549566854
1.48243,0.00203478724409,0.000899,-0.00025254227939,-0.000609431063107
1.48256,0.00203570464001,0.000907,-0.000250499203579,-0.000609818185473
1.48282,0.00203726073329,0.000906,-0.000248490245856,-0.00061016492432
1.48295,0.00203805906804,0.000894,-0.000246510992419,-0.000610476531259
1.48309,0.00203884664006,0.000869,-0.000244578344417,-0.000610763404865
1.48322,0.00203910668951,0.000802,-0.000242723666453,-0.000611032042313
1.48336,0.00203958266785,0.000733,-0.000239190947357,-0.000611459248463
1.4835,0.00203972081731,0.000739,-0.000237420279592,-0.000611579215365
1.48377,0.0020398953675,0.000752,-0.000235613862319,-0.000611608880283
1.48391,0.00203977540515,0.000753,-0.000233800374529,-0.000611558577891
1.48405,0.00203960810938,0.000738,-0.000232018461729,-0.000611447637277
1.48419,0.00203914675419,0.000707,-0.000228569825344,-0.000611017839037
1.48433,0.00203866745889,0.000692,-0.0002268866528,-0.000610703975719
1.48447,0.00203791857794,0.000676,-0.000225238516709,-0.000610375699862
1.48475,0.00203609251363,0.000682,-0.000223642801624,-0.000610054976456
1.48488,0.00203483292942,0.00069,-0.000222153812104,-0.000609746997504
1.48502,0.00203360139652,0.000701,-0.000220777145666,-0.000609455671513
1.48516,0.00203237175511,0.00059,-0.000218109475166,-0.00060890234625
1.48529,0.00203104315461,0.000556,-0.00021675211361,-0.000608662430636
1.48543,0.00202977472873,0.000566,-0.000215352556808,-0.000608437976075
1.48571,0.00202737709326,0.000557,-0.000213972564623,-0.000608226406358
1.48585,0.00202602980181,0.000589,-0.000212589896374,-0.000608030334874
1.48599,0.00202481659754,0.000689,-0.000211187116987,-0.000607853676895
1.48613,0.0020235539113,0.000842,-0.000208338277222,-0.000607557379258
1.48626,0.00202225024753,0.000823,-0.000206912097534,-0.000607432571458
1.48653,0.00202004736994,0.000695,-0.000205543300475,-0.0006073311429
1.48667,0.00201909603839,0.000621,-0.000204161829468,-0.000607804305767
1.4868,0.00201838094351,0.00064,-0.000202810441708,-0.000608635189916
1.48694,0.00201747696516,0.00072,-0.000200168284721,-0.00061045843477
1.48707,0.00201674799776,0.000743,-0.000198887883235,-0.000611417963056
1.4872,0.00201590962488,0.000711,-0.000197663555676,-0.00061233449259
1.48746,0.00201485062966,0.000649,-0.000196508299197,-0.000613169674946
1.48759,0.00201431298792,0.000601,-0.000195290104794,-0.000613941877561
1.48772,0.00201374350626,0.000547,-0.000193955109123,-0.000614643688682
1.48785,0.00201333846693,0.000455,-0.000191597570217,-0.00061580655234
1.48797,0.00201279445946,0.000465,-0.000190875748199,-0.000616310322787
1.48819,0.00201170803803,0.00043,-0.000190578619621,-0.000616689741065
1.48831,0.00201136471104,0.00052,-0.000190435134624,-0.000617126298707
1.48842,0.00201094749959,0.000462,-0.000190501756191,-0.000617802099993
1.48852,0.00201061922772,0.000419,-0.000190642666252,-0.000618035235351
1.48861,0.00201029337126,0.000414,-0.000190865504414,-0.000618222431008
1.48878,0.00200961309367,0.000412,-0.000191162515394,-0.000618377738602
1.48887,0.00200936994736,0.00041,-0.000191536166552,-0.000618506277203
1.48895,0.00200924215711,0.000405,-0.000191978668174,-0.000618601705735
1.48904,0.00200898868749,0.000389,-0.000193039059122,-0.000618694572384
1.48912,0.00200880074783,0.000396,-0.000193633730672,-0.000618693300353
1.48929,0.00200865296788,0.000407,-0.000194255953116,-0.000618662770639
1.48936,0.00200854818459,0.000407,-0.000194900561298,-0.000618602977995
1.48944,0.00200831573481,0.000397,-0.000195559861475,-0.000618515184621
1.48952,0.00200821926064,0.000372,-0.000196935070877,-0.000618247894505
1.48959,0.0020081627816,0.000362,-0.000197645796505,-0.000618072170537
1.48967,0.00200797169589,0.000351,-0.000198376098579,-0.000617870905095
1.48981,0.00200770113173,0.000358,-0.000199118320986,-0.00061764789196
1.48988,0.00200765326739,0.000369,-0.000199869896539,-0.000617406928442
1.48996,0.00200773824259,0.000409,-0.000200658586461,-0.000617142885655
1.49004,0.0020077241115,0.000551,-0.000202324125779,-0.000616565854243
1.49012,0.00200767399668,0.000593,-0.000203120202004,-0.000616282206536
1.49029,0.00200755373097,0.000658,-0.000203880185575,-0.000616007352767
1.49038,0.00200732432036,0.000757,-0.000204621777838,-0.000615736189614
1.49046,0.00200679384948,0.000769,-0.000205274749885,-0.000615499444021
1.49055,0.00200629085699,0.000955,-0.000206611487036,-0.000615034592583
1.49064,0.00200584099321,0.000929,-0.000207232609786,-0.000614821875301
1.49072,0.00200527587977,0.000984,-0.000207880707956,-0.000614591118208
1.49089,0.00200408590458,0.001018,-0.000208553208797,-0.000614332033737
1.49097,0.00200341889668,0.000928,-0.000209162663521,-0.000614074101877
1.49106,0.00200293310582,0.000986,-0.00020979155584,-0.000613780081071
1.49115,0.00200247341533,0.000793,-0.000210930637853,-0.000613212105579
1.49124,0.00200175932543,0.00077,-0.000211528116508,-0.000612947178172
1.49132,0.00200104157607,0.000721,-0.000212239459819,-0.000612685975159
1.49151,0.00200012933055,0.000679,-0.000213081708474,-0.000612429790012
1.49159,0.00199948406104,0.000603,-0.000213908083159,-0.000612206972448
1.49168,0.00199875719427,0.000603,-0.000214822678395,-0.000611967303545
1.49176,0.00199807733722,0.000514,-0.000215696519141,-0.000611736548872
1.49185,0.00199762911344,0.000483,-0.000217618656092,-0.000611208904814
1.49194,0.00199741250452,0.000455,-0.000218590100053,-0.000611345705619
1.49211,0.00199653853323,0.000478,-0.000219688154946,-0.000611610170023
1.4922,0.00199611064676,0.000509,-0.000220939245164,-0.000611893834247
1.49229,0.0019956142842,0.000521,-0.000222217550072,-0.000612169612069
1.49238,0.00199524432492,0.000482,-0.000224598707842,-0.000612687262199
1.49247,0.00199429532902,0.000492,-0.000225519166215,-0.000612927882002
1.49256,0.00199339088616,0.000455,-0.000226160581122,-0.000613123382982
1.49274,0.00199230168883,0.000476,-0.000226652831951,-0.000613276387736
1.49283,0.00199173497078,0.000499,-0.000227057098401,-0.000613375366518
1.49291,0.00199106786754,0.000473,-0.000227424633936,-0.000613422920962
1.49301,0.00199068766509,0.000487,-0.000228404604555,-0.000613404927907
1.4931,0.0019905945058,0.000548,-0.000229019127394,-0.000613330378528
1.49329,0.001989940479,0.000512,-0.00022965252134,-0.000613244247664
1.49338,0.00198949469752,0.000528,-0.000230377435037,-0.0006131645316
1.49347,0.00198912411025,0.000516,-0.000231104024632,-0.000613074514715
1.49356,0.001988532582,0.000561,-0.000232496979018,-0.000612818523339
1.49366,0.00198781303534,0.000501,-0.000232955856564,-0.000612671817506
1.49384,0.00198635403356,0.000564,-0.000233332395555,-0.000612483869876
1.49394,0.00198554826531,0.000528,-0.000233573660722,-0.00061228683725
1.49403,0.00198492483294,0.000538,-0.000233785905619,-0.000612063957679
1.49412,0.00198446708989,0.000535,-0.000234301779408,-0.00061152504023
1.49421,0.00198413240954,0.000552,-0.000234754664729,-0.000611205032564
1.4944,0.00198347748743,0.000486,-0.000235279453735,-0.000610919696597
1.49449,0.00198333228032,0.00054,-0.000235993788129,-0.000610605773395
1.49459,0.00198286859961,0.000498,-0.000236733812383,-0.000610322690823
1.49468,0.00198219303508,0.000483,-0.000238120455645,-0.000609805242938
1.49477,0.00198135623639,0.000493,-0.000238621179961,-0.000609574811382
1.49497,0.001979712773,0.000504,-0.000238951605738,-0.000609362412396
1.49505,0.00197888338916,0.000443,-0.000239104793795,-0.000609190097688
1.49515,0.00197817835193,0.000562,-0.000239207698208,-0.000609011244064
1.49525,0.00197747373245,0.000551,-0.000239588073955,-0.00060871042269
1.49534,0.00197689345858,0.0005,-0.000240035169848,-0.000608575514737
1.49553,0.00197599136082,0.00051,-0.000240742289151,-0.000608447059948
1.49562,0.00197577730353,0.000497,-0.000241634723115,-0.000608325063159
1.49572,0.00197568719341,0.00052,-0.000242749856441,-0.000608199142599
1.49581,0.00197565131378,0.000526,-0.000245152769792,-0.000607962796317
1.49591,0.00197552850872,0.00049,-0.000246222028831,-0.000607853676895
1.49609,0.00197474451453,0.000511,-0.000247247070973,-0.000607739336559
1.49618,0.00197419796093,0.000523,-0.000248195015641,-0.000607622371371
1.49627,0.00197357008368,0.000481,-0.000248948195195,-0.000607510579869
1.49637,0.00197310046876,0.000548,-0.000250131800184,-0.000607277819898
1.49647,0.00197269741485,0.000558,-0.000250543938159,-0.00060717375916
1.49665,0.00197202738227,0.000604,-0.000250915829969,-0.000607070978599
1.49675,0.00197184622497,0.000643,-0.000251282819028,-0.000606977287358
1.49685,0.00197168112293,0.000615,-0.000251637860974,-0.000606893991985
1.49694,0.0019717633992,0.000654,-0.000252612704069,-0.000606711736517
1.49705,0.00197231290053,0.000603,-0.000253229787824,-0.000606606259342
1.49724,0.00197390197559,0.000621,-0.000253928329953,-0.00060648512936
1.49735,0.00197466284855,0.000634,-0.000254616806388,-0.00060635485038
1.49744,0.00197475745939,0.000581,-0.000255164288802,-0.000606231054923
1.49754,0.00197412358278,0.000552,-0.00025604776998,-0.00060600814836
1.49763,0.00197290587001,0.000514,-0.000256292981399,-0.000605906439755
1.49782,0.00196992952316,0.000516,-0.00025634434802,-0.000605807319814
1.49791,0.00196812440113,0.00048,-0.000256148200402,-0.000605717312883
1.49801,0.00196620176588,0.00048,-0.000255741717662,-0.000605635118958
1.4981,0.00196434581385,0.000527,-0.000254874223823,-0.00060552811682
1.4982,0.00196275531022,0.000518,-0.000254665957105,-0.000605511151033
1.49829,0.00196132594957,0.000517,-0.000254701062626,-0.000605522896637
1.49848,0.00195884599572,0.000501,-0.000254972485246,-0.000605556826883
1.49858,0.00195782033287,0.000549,-0.000255421502842,-0.000605612937407
1.49867,0.00195673621336,0.000582,-0.000256222929861,-0.000605746012446
1.49877,0.00195586543563,0.000533,-0.000256426059784,-0.000605807319814
1.49886,0.00195488668985,0.000505,-0.000256507761898,-0.000605856882159
1.49905,0.00195308977598,0.000517,-0.000256489087979,-0.000605881661551
1.49915,0.0019523661738,0.000566,-0.0002564213908,-0.00060587905325
1.49924,0.00195182028189,0.000573,-0.000256332674123,-0.000605842535653
1.49934,0.00195147136731,0.000598,-0.000256257956517,-0.000605710790033
1.49943,0.00195133924591,0.000618,-0.000256339678485,-0.000605639033251
1.49962,0.00195083030404,0.000591,-0.000256512430298,-0.000605584230458
1.49972,0.00195053888843,0.000596,-0.00025678781019,-0.000605560741769
1.4998,0.00195009345302,0.000529,-0.000257112057771,-0.00060556857145
1.49989,0.00194969834422,0.00044,-0.00025785561985,-0.00060563772849
1.49997,0.00194932634688,0.00044,-0.00025785561985,-0.00060563772849
1.50005,0.00194890866759,0.000458,-0.00025820032388,-0.00060567556522
1.50014,0.00194853035793,0.000467,-0.000258547183352,-0.000605692525615
1.50022,0.00194827316375,0.000492,-0.000258488997613,-0.000605661213683
1.5004,0.00194759960651,0.000463,-0.000258323723382,-0.000605612937407
1.50049,0.00194725881003,0.000434,-0.000258123479093,-0.00060554508205
1.50058,0.00194701208246,0.000458,-0.000257983739399,-0.000605473302272
1.50067,0.0019468549632,0.000473,-0.000258177038484,-0.000605367572096
1.50076,0.00194681319649,0.000473,-0.000258516927379,-0.000605347990062
1.50093,0.00194691687669,0.000475,-0.000258924108196,-0.000605347990062
1.50101,0.00194715231561,0.000483,-0.000259328724361,-0.000605357128437
1.5011,0.00194732682628,0.000488,-0.000259681988197,-0.00060536626665
1.50119,0.00194740528274,0.000497,-0.000260230118694,-0.000605338851526
1.50128,0.0019473378242,0.000498,-0.000260459925202,-0.000605298378925
1.50136,0.0019470988583,0.000505,-0.00026068733505,-0.000605248763031
1.50154,0.00194633162065,0.000512,-0.000260933224578,-0.000605205671682
1.50163,0.00194605905915,0.000524,-0.000261213802659,-0.00060518738942
1.50172,0.00194586209933,0.000538,-0.000261531344192,-0.00060521350674
1.50182,0.00194584256583,0.000577,-0.000262142836739,-0.000605430229624
1.50191,0.00194610680151,0.000574,-0.00026233265962,-0.00060561163258
1.5021,0.00194693441923,0.000604,-0.000262420608588,-0.000605832101581
1.50219,0.00194743406321,0.0006,-0.000262415979975,-0.00060606812098
1.50229,0.00194820249218,0.000638,-0.000262372006599,-0.000606332699687
1.50238,0.00194921434228,0.000632,-0.000262499290251,-0.00060685884772
1.50248,0.00195058109493,0.00063,-0.000262793109935,-0.000607124322963
1.50268,0.00195312636627,0.000618,-0.000263133043967,-0.000607375357798
1.50278,0.0019537699039,0.000608,-0.000263354951137,-0.000607608073808
1.50287,0.0019544546927,0.000585,-0.000263227825573,-0.000607817298627
1.50297,0.00195512509771,0.000592,-0.000261681951429,-0.000608180965959
1.50307,0.00195510143367,0.000612,-0.00026060148504,-0.00060834842648
1.50327,0.00195465574317,0.000632,-0.000259675017633,-0.000608522320171
1.50337,0.00195485008384,0.000647,-0.000259119469742,-0.000608707828639
1.50347,0.00195514487702,0.000662,-0.000259075285658,-0.000608910125428
1.50357,0.00195569999999,0.000685,-0.000260724456069,-0.000609315776507
1.50367,0.0019567315913,0.000691,-0.000262284051426,-0.000609498409634
1.50377,0.00195804860585,0.000784,-0.000264096434061,-0.000609669326679
1.50397,0.00196116380952,0.000799,-0.000265938592861,-0.000609832421886
1.50407,0.00196257347192,0.000744,-0.000267649515075,-0.000609994171674
1.50417,0.00196366796194,0.000701,-0.000269140788913,-0.000610155870677
1.50428,0.00196455574174,0.000695,-0.000271531516497,-0.000610504967314
1.50438,0.00196510340218,0.000689,-0.000272585813578,-0.000610702683704
1.50459,0.00196611637706,0.00072,-0.000273629380301,-0.000610920988066
1.50469,0.00196694704211,0.000755,-0.000274628160961,-0.000611162435886
1.5048,0.00196791792821,0.000764,-0.000275518777425,-0.000611430865102
1.5049,0.00196919537423,0.000769,-0.000276736946756,-0.000612051071511
1.50501,0.00197077487516,0.000766,-0.000277049644636,-0.000612397596914
1.50523,0.00197438851898,0.000758,-0.000277224058646,-0.000612761905001
1.50534,0.00197575326856,0.000749,-0.000277348612754,-0.000613134956364
1.50544,0.00197631318619,0.000737,-0.000277509367123,-0.000613506451887
1.50556,0.0019763198087,0.000708,-0.000277294264671,-0.000614198592651
1.50567,0.00197655469323,0.000687,-0.000276621348182,-0.000614506481244
1.50589,0.00197783694322,0.000668,-0.000275782104456,-0.00061479239546
1.506,0.00197905961498,0.000681,-0.00027516675932,-0.000615067901752
1.50611,0.00198102248634,0.000738,-0.000275114508899,-0.000615338138414
1.50623,0.00198395826038,0.000858,-0.000277167435614,-0.000615879463511
1.50634,0.00198750002022,0.000885,-0.000278739805074,-0.000616150550819
1.50657,0.00199358605741,0.000874,-0.000280164241626,-0.000616420216949
1.50669,0.00199582465445,0.000831,-0.000281286337306,-0.000616687187
1.50681,0.00199739652392,0.000769,-0.000282175036885,-0.000616956570559
1.50692,0.00199846707967,0.000685,-0.000284083491386,-0.000617535711436
1.50704,0.00199959838367,0.000676,-0.000285270755856,-0.000617856889992
1.50728,0.0020035676278,0.000666,-0.000286476050879,-0.000618191873136
1.5074,0.00200622709478,0.000647,-0.000287534223982,-0.000618531726555
1.50751,0.00200890755301,0.000632,-0.000288303373472,-0.000618866267594
1.50763,0.00201068242333,0.000584,-0.000288392493633,-0.000619477542283
1.50775,0.00201235950136,0.000586,-0.000287681433326,-0.000619737842394
1.50798,0.00201481438023,0.000611,-0.000286741866011,-0.000619957407002
1.50809,0.00201541111407,0.000665,-0.000285877025818,-0.000620126140984
1.5082,0.00201616845095,0.000737,-0.000285366989906,-0.000620345538514
1.50832,0.00201711837299,0.000785,-0.000286219071471,-0.000621158894483
1.50843,0.00201856259474,0.00073,-0.000287618984791,-0.000621718114738
1.50866,0.00202310563306,0.000761,-0.00028931419752,-0.000622349977289
1.50877,0.00202525737324,0.000744,-0.000290967437315,-0.000623036553635
1.50888,0.00202733826023,0.000644,-0.000292395203184,-0.000623756210551
1.50899,0.00202828329642,0.00059,-0.000294564308545,-0.000625237683322
1.5091,0.0020280773413,0.000581,-0.000295347535268,-0.000625966769389
1.50932,0.00202753898429,0.000571,-0.00029591177536,-0.000626682286588
1.50943,0.00202760132937,0.000552,-0.000296235558629,-0.00062737303572
1.50954,0.00202820143755,0.000548,-0.000296341249996,-0.000628035369398
1.50964,0.00202944042844,0.000722,-0.000296209133189,-0.000629235356547
1.50975,0.0020311320122,0.000722,-0.000296209133189,-0.000629235356547
1.50986,0.00203399456338,0.000698,-0.000296237760702,-0.000629759612068
1.50996,0.002037314074,0.000447,-0.000296933254496,-0.000630658669073
1.51007,0.00204010066715,0.00035,-0.000297236756998,-0.000631034976634
1.51028,0.00204287110738,0.000352,-0.000297359878311,-0.000631352694441
1.51038,0.00204251854357,0.000355,-0.000297223564089,-0.000631602012369
1.51048,0.00204210054739,0.00036,-0.000296871657535,-0.000631775593838
1.51059,0.00204193016397,0.000376,-0.000296035139764,-0.000631877235236
1.51069,0.00204218703067,0.000452,-0.000295803812927,-0.000631802865493
1.5109,0.00204384488352,0.00064,-0.000295799405929,-0.000631645413339
1.511,0.00204611953475,0.000742,-0.000296143065043,-0.000631404800913
1.51111,0.00204889612505,0.000767,-0.000296977248867,-0.000631080909159
1.51121,0.00205163925994,0.000598,-0.000299333328973,-0.000630175143038
1.51131,0.00205409479436,0.000459,-0.000300165747301,-0.000629604011026
1.51151,0.00205579733617,0.000522,-0.000300623136919,-0.00062895370271
1.51161,0.0020555846431,0.000584,-0.000300848434173,-0.000628225161853
1.51171,0.00205554133869,0.000632,-0.000301113006961,-0.000627435557065
1.51181,0.00205535478401,0.000699,-0.000302445213267,-0.000625725948099
1.51191,0.00205538153881,0.000742,-0.000303496001082,-0.000624794197975
1.51212,0.00205637299128,0.000797,-0.000304625606618,-0.00062379147401
1.51224,0.00205828106902,0.000756,-0.000305494906096,-0.000622842285975
1.51235,0.00206053841532,0.000583,-0.000305533997962,-0.000621639709097
1.51246,0.00206255750617,0.000509,-0.0003050538781,-0.000621343682219
1.51257,0.00206383184099,0.000502,-0.000304606034352,-0.000621206996375
1.51277,0.00206352478756,0.000491,-0.000304316732854,-0.000621205730594
1.51287,0.00206265735138,0.000481,-0.000304090424787,-0.000621323434779
1.51297,0.0020615270244,0.000484,-0.000303798722461,-0.00062154105259
1.51306,0.00206091028553,0.000488,-0.000302665535912,-0.00062224387919
1.51316,0.00206035901274,0.000489,-0.000301906098445,-0.00062270726409
1.51335,0.00206067197047,0.00054,-0.000301187330914,-0.000623218139388
1.51345,0.00206160181625,0.000522,-0.000300699702741,-0.000623757470002
1.51354,0.00206266332355,0.000479,-0.000300754387254,-0.000624850754491
1.51364,0.00206423908175,0.000488,-0.000301010251436,-0.00062536952347
1.51383,0.00206681681817,0.000495,-0.000301141425917,-0.00062584637304
1.51392,0.00206749027759,0.000499,-0.000301069283133,-0.000626265128757
1.51402,0.00206744833446,0.000495,-0.000300570629581,-0.000626953943467
1.5142,0.00206656070633,0.000479,-0.000300502801509,-0.000627277988487
1.51429,0.00206613501401,0.000478,-0.000300756574542,-0.00062760432614
1.51438,0.0020654822116,0.000478,-0.000301353436975,-0.000627935450029
1.51447,0.00206499088135,0.000465,-0.000303236727734,-0.000628575840777
1.51465,0.00206434998187,0.000473,-0.000304266690558,-0.000628877654196
1.51474,0.00206452435696,0.000422,-0.000305184261546,-0.000629171811207
1.51482,0.00206515094341,0.000505,-0.000306334876807,-0.000629763345904
1.51491,0.00206585798985,0.000571,-0.000306486696579,-0.000630073158115
1.51509,0.00206771437317,0.000594,-0.000306332707702,-0.000630397697122
1.51518,0.00206824787958,0.000554,-0.000305903085994,-0.000630729481038
1.51527,0.00206842083657,0.000459,-0.000305316791942,-0.000631033735156
1.51536,0.00206748582759,0.000367,-0.000304364595889,-0.000631475508229
1.51545,0.00206591436512,0.000372,-0.000304151361425,-0.000631587131176
1.51563,0.00206246616043,0.000379,-0.00030411654117,-0.000631614413027
1.51572,0.00206074641035,0.000387,-0.000304192708121,-0.000631554887085
1.51581,0.00205933323351,0.000393,-0.00030431020581,-0.000631429611627
1.5159,0.00205796005777,0.00044,-0.000304516864546,-0.000631051115565
1.516,0.00205730912368,0.000479,-0.000304660400341,-0.000630848720839
1.51619,0.0020577149507,0.000552,-0.000304906079399,-0.000630649972181
1.51628,0.00205818324602,0.000535,-0.000305258134194,-0.000630422557407
1.51637,0.00205861581088,0.000447,-0.000305618689149,-0.000630155245158
1.51645,0.00205861296993,0.00048,-0.000305896574445,-0.000630766746503
1.51654,0.00205836766178,0.000494,-0.00030576198821,-0.000631070978157
1.5167,0.00205613859831,0.000501,-0.000305560057934,-0.000631337805889
1.51677,0.0020549407371,0.000506,-0.000305438436024,-0.000631600772286
1.51685,0.00205362409065,0.000517,-0.000305512280542,-0.000631862362165
1.51692,0.00205214301017,0.000582,-0.000306434647979,-0.000632340559398
1.517,0.00205077878816,0.000644,-0.000307318921959,-0.000632625279946
1.51717,0.00204844061037,0.000724,-0.000308437752713,-0.000632986519528
1.51726,0.0020474068113,0.000812,-0.000309643204797,-0.000633404343338
1.51735,0.00204708978213,0.000863,-0.000310674097923,-0.000633853919859
1.51745,0.00204728176697,0.000909,-0.00031154845608,-0.00063493915092
1.51754,0.00204771314659,0.000924,-0.000311309521688,-0.000635498116559
1.51773,0.0020488778787,0.000933,-0.000310717196705,-0.000636018355723
1.51783,0.00204894677591,0.000962,-0.00030992373148,-0.000636524548436
1.51794,0.00204811637136,0.001054,-0.00030906667489,-0.000637019189958
1.51804,0.00204574412844,0.001123,-0.000308061412115,-0.000638033947099
1.51815,0.00204337158816,0.001159,-0.000307964048025,-0.000638567462968
1.51838,0.00203888669247,0.001158,-0.000308024631798,-0.000639135839237
1.51849,0.00203699537531,0.00115,-0.000308100353766,-0.000639698689727
1.51861,0.00203573437618,0.001175,-0.000308195534882,-0.00064030844142
1.51873,0.00203475054491,0.001071,-0.000308932727535,-0.000641490458145
1.51885,0.00203434324332,0.001002,-0.000309494261788,-0.000642059165721
1.51909,0.00203333942899,0.00095,-0.000309867635609,-0.000642627225844
1.51921,0.00203198148443,0.000865,-0.000309874108451,-0.000643117082683
1.51933,0.00202966619316,0.000777,-0.000309707952226,-0.000643574978553
1.51946,0.00202651876135,0.000943,-0.000310691337771,-0.000644313024557
1.51958,0.002023574494,0.000747,-0.000312107785983,-0.000644694926857
1.51982,0.00201870226486,0.000715,-0.000313643517433,-0.000645056014133
1.51994,0.00201715046735,0.000667,-0.000314809584682,-0.000645366170805
1.52005,0.00201633653466,0.000785,-0.000315334074285,-0.000645670105593
1.52017,0.00201618717575,0.00066,-0.000314516117561,-0.000646356892369
1.52028,0.00201595336324,0.000536,-0.000313637081225,-0.000646774524493
1.5205,0.00201393451252,0.000509,-0.000312825618997,-0.000647217047778
1.52061,0.00201125206482,0.000498,-0.000312339984586,-0.000647665181392
1.52072,0.00200833047947,0.000819,-0.000312195945016,-0.000648109311192
1.52083,0.0020055839328,0.000568,-0.000312432411429,-0.000648966436594
1.52094,0.00200307677065,0.000499,-0.000312505484009,-0.000649371107704
1.52116,0.00199863633855,0.000508,-0.000312524825405,-0.000649763490463
1.52126,0.00199677939373,0.000637,-0.000312636564654,-0.000650143613676
1.52137,0.00199533192757,0.000716,-0.000312890057033,-0.000650512699225
1.52148,0.00199427986433,0.000484,-0.000313413920741,-0.000651170159527
1.52159,0.00199354523879,0.000465,-0.000313450404031,-0.00065143361415
1.52181,0.00199292004989,0.000447,-0.000313272260712,-0.000651665957557
1.52192,0.00199273768714,0.000561,-0.000312952341187,-0.000651898191774
1.52203,0.00199214529923,0.000702,-0.000312662347963,-0.000652161258651
1.52214,0.00199115711462,0.00059,-0.000312917978239,-0.000652786818537
1.52235,0.00198898953539,0.000457,-0.000313585589316,-0.000653101677005
1.52246,0.00198801339643,0.000434,-0.000314421837769,-0.000653390219809
1.52256,0.00198706723101,0.000611,-0.000315785444944,-0.000653888538138
1.52267,0.00198626317846,0.000714,-0.000316054837163,-0.000654099578347
1.52288,0.00198542466723,0.000701,-0.000315980016986,-0.000654277351099
1.52298,0.00198492503274,0.000573,-0.000315592954801,-0.000654410046287
1.52309,0.00198429323551,0.000513,-0.000314400408673,-0.000654520203538
1.52319,0.0019834721261,0.000735,-0.000313812981754,-0.000654516650462
1.52341,0.00198152324056,0.000819,-0.000313332362601,-0.000654497302481
1.52352,0.00198041235269,0.000786,-0.000312986702356,-0.000654475982611
1.52363,0.00197900848851,0.000675,-0.000312771915854,-0.000654462953348
1.52375,0.00197747505716,0.000506,-0.000312640861942,-0.000654468875783
1.52386,0.00197598158066,0.00055,-0.000312658050815,-0.00065448190489
1.52409,0.00197331240894,0.000564,-0.000312658050815,-0.000654494933653
1.5242,0.00197234443384,0.000572,-0.000312565655388,-0.0006545044089
1.5243,0.00197162910613,0.000552,-0.000312318488127,-0.000654493749234
1.52441,0.0019710823367,0.000517,-0.000311178178801,-0.00065442860182
1.52452,0.00197043082669,0.000531,-0.000310400355425,-0.00065438003178
1.52473,0.00196890600234,0.000621,-0.000309662629688,-0.000654326717689
1.52484,0.00196793991614,0.000795,-0.000308997544138,-0.000654274582779
1.52495,0.00196676648151,0.000774,-0.000308465861576,-0.000654235477977
1.52506,0.00196548954651,0.000587,-0.000307563623837,-0.000654216516956
1.52516,0.00196411169125,0.000501,-0.000307058963134,-0.000654242588171
1.52538,0.00196153580273,0.000453,-0.000306486696579,-0.000654287617024
1.52549,0.0019606018467,0.000437,-0.000305794551886,-0.000654350413553
1.5256,0.00195987987848,0.000447,-0.0003049691152,-0.000654442816536
1.52572,0.00195904300368,0.000412,-0.000303158272279,-0.000654738863223
1.52585,0.00195792549456,0.000403,-0.000302449576796,-0.000654950723412
1.5261,0.00195438287707,0.000472,-0.000302039280569,-0.000655195610166
1.52622,0.00195209161797,0.000723,-0.000301912649005,-0.000655462835449
1.52635,0.00194975754293,0.000666,-0.000301941034026,-0.000655741730113
1.52648,0.00194755732388,0.000322,-0.000301807832341,-0.000656329726935
1.5266,0.00194570003755,0.000313,-0.000301451769822,-0.000656652943751
1.52686,0.00194270978138,0.000308,-0.000300957774447,-0.000656998338484
1.52698,0.0019412868978,0.000314,-0.000300452473017,-0.000657368219228
1.5271,0.00193972643778,0.000335,-0.000300001536096,-0.00065776253044
1.52722,0.0019381367334,0.000435,-0.000299265375528,-0.000658596015013
1.52734,0.00193671402854,0.000412,-0.000298927698213,-0.000659010466701
1.52758,0.00193404609314,0.000331,-0.000298603016835,-0.000659398770658
1.52769,0.00193254270874,0.000286,-0.000298341841409,-0.000659734825255
1.5278,0.00193104459256,0.000262,-0.000298170595609,-0.000660032386864
1.52791,0.00192973016546,0.000243,-0.000298142050392,-0.000660569648526
1.52802,0.00192866157151,0.000294,-0.000298214508956,-0.000660824612269
1.52824,0.00192714021042,0.00034,-0.000298251833041,-0.000661081780588
1.52836,0.00192658314855,0.000355,-0.000298227682399,-0.000661346989974
1.52847,0.00192619780757,0.000361,-0.000298177182794,-0.000661626063986
1.52858,0.00192572222941,0.000261,-0.000298170595609,-0.000662222211623
1.5287,0.00192514706525,0.000408,-0.000298249637564,-0.000662534577978
1.52895,0.00192347300087,0.000404,-0.000298368183038,-0.000662850238092
1.52907,0.00192230951403,0.000422,-0.000298515238122,-0.000663159876012
1.5292,0.00192099461607,0.000373,-0.00029869736614,-0.000663456525182
1.52932,0.00191946880556,0.000469,-0.000299120677504,-0.000663993525004
1.52945,0.00191805225861,0.000529,-0.000299291680905,-0.000664226970474
1.52971,0.00191593350016,0.000506,-0.00029936182353,-0.00066444289518
1.52984,0.00191543682419,0.000433,-0.000299287296747,-0.000664635521489
1.52996,0.00191467144517,0.00038,-0.000298934277967,-0.000664941710307
1.53009,0.00191331592541,0.000349,-0.000298907958564,-0.000665065754822
1.53034,0.00190908884438,0.000378,-0.000299015422958,-0.000665181655747
1.53047,0.00190681230226,0.000365,-0.000299177683484,-0.000665278991231
1.53059,0.00190453297502,0.000352,-0.000299265375528,-0.000665384416072
1.5307,0.00190285405827,0.00043,-0.000299532765433,-0.000665500241249
1.53083,0.00190153842447,0.000515,-0.000299552486694,-0.000665558143514
1.53108,0.00189975391379,0.000453,-0.000299280720457,-0.000665620670233
1.5312,0.00189837419609,0.000375,-0.000298886024938,-0.000665660034791
1.53131,0.00189694700267,0.000391,-0.00029852401651,-0.000665670454289
1.53142,0.00189477083705,0.00037,-0.000298379158411,-0.000665619512404
1.53154,0.00189266068138,0.000362,-0.000298495486328,-0.000665553511586
1.53176,0.00188864202152,0.000311,-0.000298627153967,-0.000665474762072
1.53188,0.00188724453236,0.000327,-0.000298802670618,-0.000665373990456
1.53199,0.00188687559515,0.000455,-0.000298901378551,-0.000665143411489
1.5321,0.00188663724408,0.000374,-0.000298491096962,-0.000665187027379
1.53233,0.00188522265631,0.000424,-0.000297911448343,-0.000665528769481
1.53244,0.00188307374862,0.000297,-0.000297502758668,-0.000665825137988
1.53255,0.00188061767701,0.000334,-0.00029729172466,-0.000666098193056
1.53267,0.0018786040813,0.000408,-0.000297408241221,-0.000666525979885
1.53279,0.0018766783041,0.000479,-0.00029753572674,-0.000666683126009
1.53305,0.00187497868868,0.000501,-0.000297698345531,-0.000666813657365
1.53318,0.00187490409647,0.000534,-0.000297990520831,-0.000666998420652
1.53331,0.00187480286589,0.000612,-0.000298278178204,-0.000667235046111
1.53344,0.00187441288887,0.000445,-0.000298278178204,-0.000667682588167
1.5337,0.00187240683731,0.000462,-0.00029808715233,-0.000667832445736
