{
  "max_aspect_ratio": 3.0224878384987823,
  "max_edge": 0.00024432156912111675,
  "mean_edge": 0.000135220993535298,
  "min_edge": 4.6408979866541334e-05,
  "min_volume": 3.523963729964319e-14,
  "msh_path": "/oscar/data/dharri15/eaguerov/examples/openfoam/openfoam-test/case_H0.0083_D0.0083_flat_tilt_T15.0_m0.0001/cylinder.msh",
  "n_elements": 1793837,
  "n_nodes": 307392,
  "n_tets": 1718513
}