timestamp,normU,maxDeltaAlpha,interfaceHeightMaxRel,interfaceHeightMinRel
0,0,nan,0.00082,-0.00082
0.000719175,0.00757108753653,0.005448,0.000817983593755,-0.00082
0.00133704,0.0103132214083,0.011223,0.000811861050403,-0.00082
0.00189105,0.012167106999,0.018241,0.000803576831078,-0.00082
0.00243406,0.0138534563715,0.035172,0.000788792167227,-0.00082
0.00298109,0.0146989151584,0.053146,0.000759429046385,-0.00082
0.00352403,0.0142506878702,0.064073,0.000711175167302,-0.00082
0.00403211,0.0120888541962,0.066176,0.000646513395107,-0.00082
0.00456614,0.00907242257121,0.065032,0.000561581907827,-0.00082
0.00513224,0.00758225513583,0.065496,0.000480197619011,-0.00082
0.00590849,0.00633120069311,0.073621,0.000449203981906,-0.00082
0.00766301,0.00564875710116,0.106085,0.000449715623644,-0.00082
0.010058,0.00462887635595,0.064704,0.000413281472062,-0.00081945260709
0.0110987,0.00399859095997,0.040842,0.000366974935378,-0.00082
0.0128681,0.00301851430909,0.071716,0.000285503484525,-0.00082
0.014077,0.00247665796995,0.016003,0.000267010717688,-0.00082
0.0153578,0.00207967363979,0.023977,0.000283125444707,-0.00082
0.0169505,0.00178904546092,0.044791,0.000325016565584,-0.00082
0.0178654,0.00168753708854,0.056437,0.000366045380749,-0.000819094270081
0.0199602,0.0014138642319,0.149621,0.000485395663193,-0.000803129186523
0.0221754,0.00168959115228,0.102491,0.000585181602424,-0.000780570221177
0.0243614,0.00201828559254,0.067271,0.000637839243638,-0.000768941975744
0.0251221,0.00210538806235,0.015679,0.000645878651729,-0.000770459494895
0.0267881,0.00246515937613,0.016982,0.000646509784061,-0.000781063281953
0.028276,0.00265135161734,0.0196015,0.000632591864565,-0.000792795063399
0.0298007,0.00270004499652,0.031077,0.000618580076831,-0.000800856536247
0.0317095,0.00269778262994,0.057015,0.000597403578903,-0.000806720524974
0.0337086,0.00254907620704,0.100092,0.000566530152721,-0.00082
0.0356664,0.00228536821688,0.086169,0.000498978033936,-0.00082
0.0372828,0.00229031461837,0.070536,0.000428570010312,-0.00082
0.0383057,0.00226355760427,0.038765,0.000378719615832,-0.00082
0.0402021,0.00201669880967,0.04011,0.000315301974608,-0.00082
0.0419541,0.00159317947259,0.023987,0.00035227313629,-0.000819979178687
0.0431651,0.00146423185209,0.04373,0.000401905337094,-0.000819402350526
0.0446132,0.00155588857673,0.068955,0.000460652955559,-0.000816517021097
0.0464926,0.00173050840695,0.086149,0.000520703464223,-0.000810857543619
0.0486675,0.00182668114446,0.072246,0.000576621334748,-0.000803619487666
0.050737,0.00190341711699,0.057054,0.000613798060979,-0.00079938621662
0.0522274,0.00206442149449,0.034533,0.000635809340933,-0.000794710981253
0.0536173,0.00229327936937,0.016579,0.000650608210504,-0.000792349645434
0.0553688,0.00252003496359,0.0099027,0.000651536097014,-0.00079540288261
0.05667,0.002583918634,0.021202,0.000636890360116,-0.000801234380675
0.0583878,0.00257054654273,0.050989,0.000609686156351,-0.000811821271274
0.0605311,0.002303081948,0.091387,0.000560009588208,-0.00082
0.0626046,0.00213198765147,0.08586,0.000504586737265,-0.00082
0.0639661,0.00207568323732,0.049275,0.000463179911394,-0.00082
0.0658137,0.00190681386032,0.039825,0.000412398120272,-0.00082
0.0676439,0.00157759066695,0.00937,0.000405123472593,-0.00082
0.0691179,0.00144190009552,0.022183,0.000427601002447,-0.00082
0.07056,0.00143916609507,0.03734,0.00045913292675,-0.000819578153854
0.0722113,0.00156917489373,0.054075,0.00049599965401,-0.000817376084724
0.0743532,0.0016812956159,0.06948,0.00054529025161,-0.000811263040606
0.0763219,0.00173989982244,0.058371,0.000583778080046,-0.000803074008753
0.0782572,0.00186846499583,0.047213,0.000618922215041,-0.000797552047616
0.0800811,0.00209370240903,0.023331,0.000639981706982,-0.000794473382307
0.081478,0.00225897333734,0.005458,0.000645485595914,-0.000796072373175
0.0831419,0.00236021080132,0.015157,0.000633895892805,-0.00080241413085
0.0848675,0.00234569287382,0.033908,0.000610672966483,-0.000809761330682
0.0870122,0.00210524203825,0.06339,0.000578452237471,-0.00082
0.0893819,0.00188570067034,0.080548,0.000528492782658,-0.00082
0.0910145,0.00182987311504,0.047107,0.000494927720803,-0.00082
0.0926701,0.00178444142495,0.03365,0.000458692321212,-0.00082
0.0945025,0.00158150790544,0.014807,0.000438362255679,-0.00082
0.0965267,0.0013858745408,0.02242,0.000455319935854,-0.00082
0.0979315,0.00137861056428,0.030379,0.0004809042078,-0.000819738717252
0.0993967,0.00146157620819,0.038639,0.000508195890447,-0.000818167840256
0.101314,0.0015883353113,0.050551,0.000541031154427,-0.000813656899463
0.103614,0.00167521336424,0.057771,0.000579455863257,-0.000806006252105
0.105565,0.00176637887293,0.036155,0.00060563772849,-0.000802712781996
0.107656,0.00191367594821,0.020482,0.000625781146414,-0.000799535272203
0.109029,0.00204100340755,0.005433,0.000632551020534,-0.000800211475137
0.110922,0.00212193764985,0.012919,0.000623018896005,-0.00080503670631
0.112857,0.00208072631522,0.032016,0.000603154034848,-0.000816204974026
0.115157,0.00184662435936,0.064823,0.00056809476688,-0.00082
0.117439,0.00173812567521,0.057592,0.000524939337981,-0.00082
0.11934,0.00165508798576,0.040243,0.000491176983191,-0.00082
0.12077,0.00158913061607,0.019253,0.000471286183808,-0.00082
0.122736,0.00143408101276,0.005842,0.000463984969955,-0.00082
0.12496,0.00133529047228,0.029412,0.000482950251095,-0.000819999999999
0.126559,0.00139067111351,0.031228,0.000507077834518,-0.000819539233336
0.12893,0.00150725050224,0.0507,0.000539928361193,-0.000816490854595
0.131227,0.00157909438336,0.048664,0.000569876922819,-0.000809598557613
0.133299,0.00165961322002,0.033683,0.000595346143532,-0.000804633091573
0.135196,0.00178014681853,0.016272,0.000612134825832,-0.000801329946606
0.13706,0.0018937640442,0.006181,0.000620037340588,-0.000802207892799
0.138751,0.00193698631542,0.013034,0.000612115499123,-0.000807924335504
0.140709,0.00187775256274,0.02523,0.00059639380607,-0.000817181501057
0.142975,0.00172052885139,0.04501,0.000570265020319,-0.00082
0.145112,0.00165485363168,0.04462,0.000544258958352,-0.00082
0.146973,0.00159689733425,0.03573,0.00052073554784,-0.00082
0.148949,0.00148058418917,0.02194,0.000501304056814,-0.00082
0.150675,0.00139469888676,0.003582,0.000499103450102,-0.00082
0.153006,0.00132932050798,0.022169,0.000512267828144,-0.000819999999996
0.154603,0.00138262263551,0.023741,0.000527508072356,-0.0008197649797
0.156932,0.00145917107959,0.039367,0.000550863472761,-0.000817644197332
0.159273,0.00151105085022,0.038203,0.000572708577393,-0.000812835731753
0.161422,0.00157733706018,0.026038,0.000591899873228,-0.000809137216887
0.163357,0.00167248615367,0.01457,0.00060450003034,-0.000807652372653
0.165128,0.00175474108409,0.005476,0.000608171877445,-0.000809470715841
0.16713,0.00177121279832,0.011148,0.000603589116237,-0.000814660640334
0.168995,0.00172409552355,0.018879,0.000591610428757,-0.000819999999995
0.171339,0.0016178574039,0.037233,0.000568838286431,-0.00082
0.173489,0.00157338103103,0.034069,0.000542474118342,-0.00082
0.175758,0.00150276114143,0.029038,0.000517066130086,-0.00082
0.177941,0.00141073988372,0.013067,0.000508648739189,-0.00082
0.17983,0.00136496148223,0.006475,0.000509466071251,-0.00082
0.181951,0.00136640386965,0.016543,0.000519217967952,-0.000819999999979
0.184437,0.00140044008674,0.027548,0.000536088248876,-0.000819614788945
0.186673,0.0014504979422,0.029232,0.000553193303801,-0.000817337716772
0.18876,0.00150431009106,0.02477,0.000569464785353,-0.00081471553023
0.190829,0.00157122850154,0.017421,0.000586268698923,-0.000812648760855
0.192996,0.00163532194144,0.007727,0.000595282258538,-0.000813218373314
0.195076,0.00166499640079,0.005486,0.000593929525476,-0.000816290258437
0.197209,0.00163310383029,0.01552,0.000584521746078,-0.000819999999972
0.199362,0.00158197802414,0.025955,0.000572451520938,-0.00082
0.201386,0.00155254151817,0.023127,0.000558202950413,-0.00082
0.203395,0.00151493478039,0.018086,0.000543636317455,-0.00082
0.2058,0.00144172426875,0.014662,0.000531616293789,-0.00082
0.207956,0.00139943337322,0.00458,0.000530000392571,-0.00082
0.210323,0.00138944785764,0.011326,0.000537674631206,-0.00082
0.212517,0.00142738808471,0.017545,0.000547722534952,-0.000819999999873
0.214786,0.00144452311666,0.021591,0.000558131586951,-0.000819580538399
0.216978,0.00147270225123,0.0199,0.000573734180033,-0.000818654274309
0.219207,0.00151202186595,0.014095,0.000584179273316,-0.000817944705573
0.221387,0.00155500291236,0.005354,0.000590366411829,-0.000818998871224
0.223507,0.00156959276873,0.00276465,0.000589788356833,-0.000819999999833
0.225732,0.00156377330774,0.014742,0.000584239086153,-0.000819999999903
0.227963,0.00155521014407,0.019551,0.000575762908816,-0.000819999999999
0.230286,0.00153140462989,0.021168,0.000562487424713,-0.000819999999999
0.23261,0.0014829490389,0.016259,0.000550824413537,-0.000819999999999
0.235094,0.0014252349794,0.007704,0.000544478545707,-0.000819999999999
0.237229,0.00141681618193,0.004816,0.000542992423152,-0.000819999999999
0.239228,0.00142237083959,0.010063,0.000547745814312,-0.000819999999817
0.241604,0.00142924787485,0.015294,0.000553638212863,-0.000819716846458
0.243853,0.00144674442381,0.015676,0.000561607436634,-0.00081897059333
0.246192,0.00146538877119,0.013995,0.000570248274149,-0.000818825268488
0.248433,0.00149494760193,0.008638,0.000575573648314,-0.000819314754082
0.250694,0.00152404483193,0.002668,0.000577621542056,-0.000819999999528
0.25287,0.00153200263629,0.006689,0.000573753590582,-0.000819999999506
0.255127,0.00153250310559,0.012859,0.000567522773926,-0.000819999999752
0.257414,0.00152956615758,0.013349,0.00056140601307,-0.000819999999979
0.259704,0.00151557374193,0.011395,0.000555392694023,-0.00082
0.262043,0.00148844863439,0.006618,0.000550744838047,-0.00082
0.264139,0.00146772358696,0.003105,0.000548751678527,-0.00082
0.266208,0.00146104379956,0.00432,0.000549723801215,-0.00082
0.268425,0.00145435619412,0.008785,0.000553262439289,-0.000819999999205
0.270843,0.00145845364149,0.011644,0.000558881860314,-0.000819999999107
0.27305,0.00147937379845,0.00979,0.000565254039982,-0.00081999999903
0.275376,0.00150329539588,0.007636,0.000571087748948,-0.000819999998948
0.277565,0.00152759004008,0.003867,0.000575436841272,-0.000819999998854
0.279798,0.00154831534501,0.001297,0.00057577533995,-0.000819999998773
0.282029,0.00155736695336,0.006855,0.000573745272155,-0.000819999999445
0.284307,0.00155310822532,0.008901,0.000570144991947,-0.000819999999478
0.28669,0.0015431520974,0.009458,0.000565372352548,-0.000819999999963
0.289168,0.00152109490741,0.007935,0.000559766301414,-0.00082
0.291231,0.00151172753542,0.003499,0.000556312927392,-0.00082
0.293544,0.00149797513806,0.002043,0.000553415084353,-0.00082
0.295802,0.00149362225501,0.00402,0.000553285483617,-0.00082
0.298134,0.00149758009016,0.006292,0.000555738322769,-0.000819999998967
0.3,0.00152084030566,0.006425,0.00055980187592,-0.000819999999
0.301998,0.0015277982464,0.005567,0.000563006807444,-0.000819999999041
0.304196,0.00154363568065,0.004269,0.000565173741787,-0.000819999999089
0.306504,0.00155258813986,0.001144,0.000566783045317,-0.000819999999182
0.308918,0.00155209398894,0.003883,0.000565808754706,-0.000819999999276
0.311067,0.00155520922639,0.00548,0.000563614711868,-0.000819999999335
0.313357,0.00155550382065,0.006602,0.000559692296789,-0.000819999999381
0.315842,0.00153653606988,0.006912,0.000555789933018,-0.000819999999412
0.31803,0.0015299308411,0.003298,0.00055144180864,-0.000819999999428
0.320147,0.00152053535875,0.001858,0.000551860718213,-0.000819999999436
0.322416,0.00151040644342,0.002689,0.000552171081039,-0.000819999999437
0.324674,0.00150525983199,0.005604,0.000554542744557,-0.00081999999938
0.327158,0.00150334272446,0.006022,0.000557408857754,-0.000819999999272
0.329373,0.00151708042405,0.005008,0.000558904665896,-0.0008199999992
0.331697,0.00152764624689,0.00369,0.000561771923251,-0.000819999999145
0.333946,0.00154168129534,0.002949,0.000562957296618,-0.000819999999109
0.336305,0.00155588581346,0.001382,0.000563739035639,-0.000819999999085
0.338687,0.00156509139354,0.002872,0.000562664382892,-0.000819999999152
0.340982,0.00156973248212,0.004056,0.0005614840385,-0.00081999999927
0.343234,0.00157209035948,0.003517,0.00055917256126,-0.000819999999357
0.345528,0.00157412380649,0.003307,0.000558953125373,-0.00081999999942
0.347935,0.0015695789316,0.00212,0.000559129821093,-0.000819999999463
0.350241,0.00156702366904,0.001253,0.000559189656567,-0.000819999999489
0.352577,0.00156293930509,0.003257,0.000560305369909,-0.000819999999512
0.354874,0.00156307767129,0.003032,0.000562027062962,-0.000819999999511
0.35723,0.00156503548238,0.003347,0.000564247334391,-0.000819999999545
0.359518,0.00157088440127,0.002755,0.000565273760689,-0.000819999999575
0.361799,0.00157556793662,0.00083185,0.000564835513252,-0.000819999999598
0.364047,0.00157890505581,0.001522,0.000563748923985,-0.000819999999614
0.366395,0.00157706895816,0.002424,0.000561813037303,-0.000819999999628
0.368868,0.00157407929286,0.003184,0.00055906570381,-0.000819999999639
0.371264,0.00157596492364,0.003399,0.000556255636861,-0.000819999999646
0.373515,0.0015771137298,0.003003,0.000555183201862,-0.00081999999965
0.375727,0.00157347646309,0.002316,0.000553147207659,-0.000819999999651
0.378049,0.00156717243475,0.001677,0.000552068608748,-0.000819999999651
0.380412,0.00156232481405,0.002589,0.000550786797225,-0.000819999999619
0.382686,0.00156587075059,0.002588,0.00055023528345,-0.000819999999496
0.384867,0.00157036836778,0.001688,0.000551086205323,-0.000819999999413
0.387175,0.00157541394427,0.002314,0.000552761004128,-0.000819999999355
0.389459,0.00158369608341,0.00187,0.000553943247329,-0.00081999999932
0.391759,0.00159440454874,0.00085,0.000554189164504,-0.000819999999305
0.39403,0.00159835866275,0.001183,0.00055377204612,-0.000819999999359
0.396317,0.00159980774552,0.001517,0.00055309246432,-0.000819999999456
0.398597,0.00160023739159,0.001645,0.000552084486208,-0.000819999999535
0.400895,0.00160087786138,0.001248,0.000550779563303,-0.000819999999597
0.403226,0.00160020558221,0.001051,0.000549329357518,-0.000819999999635
0.405523,0.00159911483609,0.000853,0.000548629678334,-0.000819999999665
0.407833,0.00159610902118,0.00114,0.000547438743533,-0.000819999999679
0.410127,0.00159808356997,0.000834,0.000546990197802,-0.000819999999658
0.412426,0.00160113649986,0.000833,0.000547192671279,-0.000819999999607
0.414732,0.00160537078227,0.000489,0.000547659967883,-0.000819999999576
0.41704,0.00160746774969,0.000645,0.000547526079496,-0.000819999999555
0.419353,0.00161134037518,0.000725,0.000547588661847,-0.000819999999541
0.421673,0.00161504163582,0.00071,0.000547365952467,-0.000819999999532
0.424031,0.00161916858375,0.0008635,0.00054708488897,-0.000819999999526
0.426358,0.00162396914109,0.0009065,0.000546608352548,-0.000819999999524
0.428658,0.00162949359559,0.00106,0.000545690542717,-0.000819999999528
0.431014,0.0016304906786,0.000932,0.000544955477163,-0.000819999999535
0.433307,0.00163390541323,0.000775,0.000544740470299,-0.000819999999547
0.435621,0.00163510498566,0.000703,0.000544194529572,-0.000819999999562
0.437923,0.00163708898157,0.001165,0.000544037818751,-0.000819999999581
0.440232,0.00163649512847,0.000961,0.000544163776759,-0.000819999999603
0.442543,0.00163708033011,0.000521,0.000544365834946,-0.000819999999628
0.44486,0.0016362342862,0.000655,0.000544891130174,-0.000819999999656
0.447153,0.00163766742872,0.001031,0.000545727050965,-0.000819999999683
0.449475,0.00163411384708,0.001071,0.000546727889908,-0.000819999999709
0.451797,0.00163265697873,0.00124,0.000547809825719,-0.000819999999734
0.454094,0.0016318405436,0.000812,0.000548062890254,-0.000819999999753
0.456378,0.00163341257298,0.000849,0.000547995999539,-0.000819999999766
0.458679,0.00163508139155,0.001185,0.000547703620032,-0.000819999999776
0.460966,0.00164050510969,0.001222,0.0005473382894,-0.000819981115867
0.463275,0.0016433689461,0.001843,0.000547665788363,-0.000819991001221
0.46556,0.00165089655109,0.001786,0.000550258454804,-0.000819912260453
0.467863,0.00165707054072,0.001748,0.000552784068313,-0.00081988054386
0.470142,0.00166432475408,0.00158,0.000555056893361,-0.000819987260446
0.47245,0.00166692134362,0.001157,0.000556547751178,-0.000819999999868
0.474718,0.00166983333173,0.000865,0.000557501752461,-0.000819999999881
0.477019,0.00166949529442,0.000648,0.000557867459879,-0.000819999999892
0.479293,0.0016699177023,0.000718,0.000557671780008,-0.000819999999901
0.481597,0.00166834936474,0.000978,0.000557115777491,-0.00081999999989
0.483869,0.00166773680498,0.000956,0.000555947600609,-0.000819999999899
0.486152,0.0016668681143,0.001001,0.00055451113288,-0.000819999999909
0.488404,0.00166717037904,0.001047,0.000553004574661,-0.000819999999909
0.490691,0.00166594517904,0.000924,0.000551671526545,-0.000819999999909
0.492913,0.00166656944191,0.000638,0.000551355097389,-0.000819999999909
0.495189,0.00166756217833,0.000629,0.000552057061288,-0.000819999999909
0.49743,0.00166763129785,0.00060808,0.000552671618879,-0.000819999999909
0.499572,0.00167528866293,0.00054799,0.000552843167025,-0.000819999999909
0.502068,0.00166829448903,0.00065551,0.000552374525162,-0.000819999999909
0.50436,0.00167396746307,0.000807,0.000551740856303,-0.000819999999909
0.506662,0.00167853514168,0.000758,0.000550650779883,-0.000819999999909
0.509001,0.00167814218646,0.001026,0.00054930759654,-0.000819999999909
0.511288,0.00168002909642,0.000901,0.000548581741924,-0.000819999999909
0.513587,0.00167938298083,0.001093,0.000547886921033,-0.000819999999909
0.515895,0.00167762233343,0.001358,0.000547086345528,-0.000819999999909
0.518203,0.00167369013172,0.001185,0.000546199978674,-0.000819999999909
0.520551,0.00166740915046,0.00112,0.000545225944023,-0.000819999999909
0.522875,0.00166476698362,0.000585,0.000544370226674,-0.000819999999854
0.525188,0.00166442046885,0.0006673,0.000543738918749,-0.000819999999808
0.527472,0.00166681021671,0.00073718,0.000543252124949,-0.000819999999775
0.529803,0.00166737944858,0.00070702,0.000543670031419,-0.000819999999748
0.532123,0.0016677354375,0.000875,0.000544472690642,-0.000819999999726
0.534458,0.00166640226757,0.001257,0.000545119235186,-0.000819999999705
0.536803,0.00166442308912,0.00123,0.000544623424227,-0.000819999999687
0.53914,0.00166717564047,0.001117,0.000543831243483,-0.000819999999683
0.541534,0.00166875467622,0.00107,0.000542657709499,-0.000819945303828
0.543809,0.0016712843023,0.001331,0.000541174001777,-0.000819998949972
0.546177,0.00166470104404,0.001045,0.000541511092059,-0.000819802740098
0.548524,0.00167010344655,0.001914,0.000542496152044,-0.000819479921553
0.5508,0.00167907538395,0.001435,0.000542855919561,-0.000819196840826
0.553246,0.00167604943741,0.001422,0.000544939391066,-0.000819292463108
0.555448,0.00168408970672,0.000874,0.000546092000331,-0.000819297245362
0.557617,0.00168695302059,0.001203,0.000547844738142,-0.000819226204013
0.55981,0.00169131984115,0.001843,0.000550519071231,-0.000819484093239
0.562013,0.00169867477522,0.000949,0.000551259699083,-0.000819358359176
0.563959,0.00170657812216,0.001777,0.000553822404665,-0.000819309286178
0.566301,0.00169641619256,0.001291,0.000552524534507,-0.000819567667439
0.568622,0.00169570900022,0.001828,0.000553152969743,-0.000819276338402
0.570915,0.00170061416124,0.001185,0.000554294112429,-0.0008190827892
0.573274,0.0016995321125,0.001242,0.000554649061039,-0.000819126738607
0.575558,0.00170385894983,0.001302,0.000555161673985,-0.000819234185277
0.57785,0.00170534229919,0.001175,0.000555526095484,-0.000819337192504
0.580148,0.00170703221628,0.00061555,0.000555805701805,-0.000819398999212
0.582447,0.00170644297313,0.00084336,0.000555891705514,-0.000819412758229
0.584745,0.00170673567331,0.00079603,0.00055629574025,-0.000819512228225
0.587056,0.00170478074618,0.000987,0.000555825770558,-0.000819620352911
0.589335,0.00170258848636,0.000724,0.000554786954152,-0.000819642795144
0.591654,0.00169741744808,0.001051,0.000553275401195,-0.000819662664983
0.593972,0.00169401125174,0.001575,0.000552055617842,-0.000819752276165
0.596323,0.00168729032509,0.001251,0.00055037429972,-0.000819874954714
0.598592,0.00168740308473,0.001294,0.000548497480232,-0.000819995278749
0.600991,0.00168204046309,0.001522,0.000546281677824,-0.000819999999966
0.603363,0.0016804780683,0.001393,0.000544245780353,-0.000819987669967
0.605731,0.00168000452993,0.001049,0.000542717914211,-0.00081988455727
0.608066,0.00167994102913,0.001114,0.000541895034568,-0.0008198674592
0.61045,0.00167719451419,0.000974,0.000540879430495,-0.000819653763847
0.612829,0.00167719816814,0.001155,0.00054075418987,-0.000819578123483
0.614917,0.00168478197056,0.001029,0.00054073208562,-0.000819464140852
0.617282,0.00168139868808,0.001137,0.000539441130838,-0.000819294867385
0.619645,0.00167529149849,0.001102,0.000538747930126,-0.000819169730182
0.621964,0.00167895907833,0.000891,0.000538713912747,-0.000819030402066
0.624406,0.001675117269,0.00087086,0.000538428379715,-0.000818842693739
0.626585,0.00168334946374,0.001092,0.000539367270408,-0.000818478575182
0.628915,0.00168418568338,0.000978,0.000539768951483,-0.000818214819617
0.63125,0.00168983148084,0.001503,0.000541983259264,-0.000818220337527
0.633637,0.0016928712157,0.001655,0.000542403602259,-0.000818702999564
0.635948,0.00170056181676,0.001368,0.000544409750754,-0.000819107854416
0.638262,0.00170738305601,0.001213,0.000545195249082,-0.000819487394596
0.640548,0.00171635575326,0.001281,0.000547064495191,-0.000819675387707
0.642842,0.00172283376052,0.001055,0.000547665788359,-0.000819829041105
0.645186,0.00172538575371,0.000583,0.000548513461889,-0.000819865611959
0.647502,0.00172674099294,0.000539,0.000548571573081,-0.000819861190686
0.649819,0.00172583683138,0.000647,0.000548343451126,-0.000819790449583
0.652113,0.00172498496536,0.000661338957647,0.000547980002717,-0.000819999999965
0.654435,0.0017220472029,0.000553,0.000547524623995,-0.00081999999996
0.656755,0.00171883783154,0.000608,0.000546694363743,-0.000819999999954
0.659073,0.00171643003371,0.000695,0.000545789839591,-0.000819999999949
0.661383,0.00171348490103,0.000769,0.000544997883441,-0.000819999999944
0.66371,0.00171197574446,0.001075,0.000543803401151,-0.000819999999985
0.666043,0.00170788352161,0.000981,0.000542363933285,-0.000819999999985
0.668371,0.00170214256475,0.001301,0.00054044907269,-0.000819999999986
0.670682,0.0016964956088,0.001195,0.000540596493457,-0.000819999999986
0.673016,0.00169245563354,0.001518,0.000542055298936,-0.000819999999986
0.675342,0.00169399292585,0.001428,0.000543211050293,-0.000819999999986
0.677642,0.00168745413073,0.001072,0.000543697880535,-0.000819999999932
0.679733,0.00169009173809,0.00137,0.000544501962551,-0.000819965835409
0.68205,0.00168869889976,0.000963,0.000545272713927,-0.000819999999927
0.684398,0.0016878047322,0.001223,0.000545858460786,-0.000819850917401
0.686671,0.00169179257318,0.000914,0.000546570444869,-0.000819841241049
0.689074,0.00169050033825,0.000781,0.000546790563739,-0.000819887791428
0.691341,0.00169615748506,0.000996,0.000546663751106,-0.000819595410093
0.6937,0.00169567847429,0.001623,0.000545236175272,-0.000819406040963
0.696002,0.00170270851475,0.001384,0.00054357621349,-0.000819044670702
0.698308,0.00170679517559,0.000849,0.000542410948053,-0.000819000523447
0.700508,0.00171072614346,0.001397,0.000540618603146,-0.000818926808074
0.70299,0.00171060762744,0.001168,0.000539891464902,-0.000819039903586
0.705309,0.00171819550754,0.001227,0.000541409545143,-0.000819351581886
0.707669,0.00171942985403,0.001181,0.000543106882871,-0.000819693544993
0.709976,0.00172142094652,0.0013,0.000544276528534,-0.000819942544725
0.712288,0.00172443989601,0.001114,0.000545186478786,-0.000819999999675
0.714575,0.00172723635702,0.001083,0.00054604384096,-0.000819999999692
0.716902,0.00172590165547,0.000827,0.000546977085174,-0.000819998133602
0.719211,0.00172499319965,0.000794,0.000547731264594,-0.000819976443593
0.721493,0.00172388539638,0.000801,0.000548606436826,-0.00081999999966
0.7238,0.00172533021735,0.000736,0.000549638265846,-0.00081992151406
0.726102,0.0017262886524,0.000779,0.000550238179407,-0.00081969681102
0.728421,0.00172567685346,0.000716,0.000550281625754,-0.000819557371202
0.730735,0.00172469183646,0.000802,0.000549967285725,-0.000819786061958
0.733026,0.00172198839587,0.0008559,0.000549015919054,-0.00082
0.735348,0.00171912571876,0.00087991,0.00054776909173,-0.00082
0.737654,0.0017153193396,0.001221,0.000546735177929,-0.00082
0.739981,0.00170856343808,0.001079,0.000545326786654,-0.00082
0.742307,0.00170192760621,0.001032,0.000543820985946,-0.00082
0.744615,0.00169549163901,0.000979,0.000542405071424,-0.00082
0.74695,0.00169335057209,0.001115,0.000540876483985,-0.00082
0.749264,0.00169165262864,0.001272,0.000538999297777,-0.00082
0.75157,0.00169260775965,0.000995,0.0005381086438,-0.00082
0.753876,0.00169277741621,0.001008,0.000538315901198,-0.00082
0.756199,0.00169273628716,0.00077,0.000538064221355,-0.000819999999971
0.758613,0.00169116823791,0.000766,0.00053799758097,-0.000819971670563
0.760732,0.00169893803208,0.000619,0.000538835182485,-0.000819992511446
0.763057,0.00170104219107,0.00062797,0.000538934248919,-0.000819891962248
0.765311,0.00170273586962,0.001219,0.000539510550607,-0.000819800394584
0.767644,0.00170575759472,0.001037,0.000540642185845,-0.000819670821589
0.770085,0.00170597351302,0.00194,0.000541369804283,-0.000819471710245
0.772307,0.00171532189836,0.001226,0.000541987670125,-0.000819309516986
0.774601,0.00171748948629,0.002477,0.000545617518661,-0.000819277957472
0.776876,0.00172054936586,0.001517,0.000545293174503,-0.000819651738373
0.779157,0.00172333870502,0.001436,0.000547387790725,-0.000819745350303
0.781442,0.00172376766611,0.000829,0.000547282959078,-0.000819798674203
0.783786,0.00172188210875,0.001588,0.000549590418225,-0.000819860183384
0.786091,0.00172436204751,0.001503,0.00055063775517,-0.000819986585565
0.788363,0.00172731674155,0.000969,0.000551719191699,-0.000819830575141
0.790655,0.00172935107015,0.000939,0.00055257356705,-0.000819699851355
0.792924,0.00173056742137,0.000539,0.000552635572464,-0.000819347397355
0.795186,0.00173198938492,0.000587066,0.000552342787108,-0.000818864953236
0.797499,0.00173167933419,0.0008252,0.0005518361703,-0.000818512878293
0.7996,0.00174043894621,0.00072086,0.000551414351541,-0.000818598220365
0.802047,0.00172959672659,0.001028,0.000550750625654,-0.000818628054225
0.804366,0.00173344223538,0.000915,0.000549910772209,-0.000818626597962
0.8067,0.00173353552488,0.00081,0.000548760391728,-0.000818551679823
0.80905,0.00173051132621,0.001928,0.000548519273287,-0.000818509652211
0.81139,0.00172701041569,0.001335,0.000547301888502,-0.000818491439185
0.8137,0.00172211269077,0.001726,0.000545875979708,-0.000818585771122
0.81603,0.00171484343243,0.00169,0.000543926482874,-0.000818753536755
0.81834,0.00170463306982,0.001527,0.000542139088267,-0.000818920765243
0.820733,0.00169521733923,0.001182,0.000540625972846,-0.000818923799002
0.822953,0.00169745960128,0.001086,0.000539501688997,-0.000818874006347
0.825177,0.00169671765597,0.000957,0.000538610368643,-0.000818717633287
0.82754,0.00169240707577,0.001258,0.00053881300099,-0.000818462105708
0.829937,0.00169328916809,0.001219,0.000539608018905,-0.000818269880102
0.832262,0.00169621087616,0.000725,0.000540677558003,-0.00081807056174
0.83456,0.00170185816031,0.001132,0.000541253508954,-0.000817953671855
0.836993,0.00170099031606,0.000993,0.000541194615854,-0.000817602489209
0.839186,0.00171126176362,0.001345,0.000540316360208,-0.000817490160576
0.841517,0.00171106361963,0.00108821,0.000539621308699,-0.000817254547791
0.843823,0.00171334504704,0.001267,0.00053929487756,-0.00081802532091
0.8462,0.0017093249648,0.001317,0.000538793776305,-0.000818720405328
0.848434,0.00171887175597,0.00095218,0.000538787860882,-0.000819502885413
0.850797,0.00171238775013,0.001411,0.000539003732646,-0.000819999999918
0.852854,0.00171853680268,0.001378,0.000541037045773,-0.000819999999927
0.855187,0.00171184605534,0.00182,0.000542208168107,-0.000819945677962
0.857575,0.0017118946704,0.001162,0.00054314062941,-0.000819999999937
0.859929,0.00171472903317,0.001162,0.00054314062941,-0.000819999999937
0.862353,0.00171545997661,0.001409,0.000544288241677,-0.00081997676702
0.864644,0.00171951767285,0.000755,0.000544523915445,-0.000819723587356
0.866962,0.00172432733699,0.000789,0.000545519651261,-0.000819689631471
0.869258,0.00172896342525,0.001394,0.000545389621225,-0.000819631730941
0.871529,0.0017310423804,0.001269,0.000545243483195,-0.000819819581633
0.873819,0.00173199514095,0.000697,0.000545278559881,-0.000819648584423
0.876116,0.00173363353584,0.000617,0.00054560145208,-0.000819236144627
0.878402,0.00173575210418,0.00096,0.000545190863951,-0.000818899092536
0.880749,0.00173408057001,0.001385,0.000544053931239,-0.000818423032305
0.883086,0.00172838531229,0.001278,0.000543145030979,-0.000818365242621
0.88539,0.00172439600744,0.001375,0.000542590154895,-0.000818505603113
0.88769,0.00171958785228,0.001073,0.000542857387516,-0.000818641078091
0.889967,0.00171844307167,0.000819,0.000542541686686,-0.000818829700937
0.892263,0.00171555324315,0.000792,0.000540976656476,-0.000819165531471
0.894687,0.00170975190865,0.000791,0.000540469713975,-0.000819255694895
0.899174,0.00171700832265,0.000479,0.000539988865741,-0.000819264498701
0.901607,0.00170719437696,0.000805,0.000540003621939,-0.000819284740907
0.903945,0.00171127614657,0.000842,0.000539305219978,-0.000819123755653
0.90634,0.0017077739646,0.000723,0.000538517162312,-0.00081888787753
0.908566,0.00170971916108,0.000793,0.000538829267507,-0.000818922130026
0.910937,0.00170835911571,0.00133,0.000538413581217,-0.000818868604106
0.91323,0.00170992140308,0.001159,0.00053807310613,-0.000818552815423
0.915517,0.00171136876466,0.000963,0.00053770278572,-0.000818395052247
0.91788,0.00170787937643,0.000729,0.000537051900433,-0.000818094691991
0.920265,0.0017068014897,0.001524,0.000537155737749,-0.000818551021503
0.922641,0.00170750843888,0.001354,0.000539160408438,-0.00081910649025
0.924801,0.00171499094162,0.001198,0.000540928045636,-0.000819625618049
0.927184,0.00171809617496,0.000949,0.000542017074973,-0.000819999999963
0.92963,0.00171666014806,0.001309,0.000543438389285,-0.000819999999966
0.931856,0.00172056930107,0.000884,0.000544592695503,-0.000819999999967
0.934054,0.00172084540515,0.000677,0.00054489990518,-0.000819999999967
0.936363,0.0017184063684,0.000637,0.00054482677565,-0.000819981126036
0.938685,0.00171703060631,0.001071,0.000546391077218,-0.000819939672672
0.941017,0.00171433420858,0.00075,0.000546099296835,-0.000819940942873
0.943396,0.00171294337192,0.000761,0.000545867220316,-0.000819814832536
0.945791,0.00171131283375,0.0009,0.00054455172119,-0.000819546911345
0.947935,0.00171901279822,0.001217,0.000542767835041,-0.000819465507935
0.950242,0.00171691965526,0.001673,0.000540306036783,-0.000819891114963
0.952548,0.00171559872361,0.001131,0.000540267690938,-0.00082
0.954867,0.00171366446442,0.000979,0.000539166319859,-0.00082
0.957171,0.00171329046108,0.001033,0.000537824278243,-0.00082
0.959487,0.00170991280707,0.000993,0.000536351229492,-0.00082
0.961792,0.00171116453566,0.001138,0.000536881268102,-0.00082
0.964121,0.00170907467606,0.001585,0.000539068773294,-0.00082
0.966206,0.00171359134258,0.001501,0.000540627446774,-0.00082
0.968509,0.00170641160374,0.000993,0.000541599378466,-0.00082
0.970809,0.00170394762898,0.000866,0.00054258721755,-0.00082
0.973098,0.00170294499256,0.000717,0.000543260926263,-0.00082
0.975381,0.00170491265353,0.000725,0.000544244316101,-0.00082
0.977698,0.00170707592817,0.000761,0.000545024202971,-0.00082
0.979975,0.00171250457383,0.000652,0.000545598530833,-0.00082
0.982272,0.00171628104095,0.001053,0.000545864300487,-0.00082
0.984567,0.00172099759509,0.001028,0.000545446604482,-0.00082
0.986916,0.00172142558447,0.001448,0.000544459517775,-0.00082
0.989262,0.00172308167072,0.001349,0.00054285151567,-0.00082
0.991671,0.00172188778674,0.001148,0.000541163694448,-0.00082
0.993995,0.00172308704509,0.001465,0.000542720850846,-0.00082
0.996274,0.00172840592182,0.001608,0.000543549824301,-0.00082
0.998631,0.00172925830024,0.001262,0.000544784356047,-0.00082
1.00096,0.00172963647764,0.001451,0.000546888203991,-0.00082
1.00324,0.00173214541804,0.00059,0.000548636940776,-0.000819970613509
1.00556,0.00173268912335,0.00059,0.000548636940776,-0.000819970613509
1.00788,0.0017335360908,0.00105,0.000548586099912,-0.000819794803525
1.01021,0.00173459614639,0.000851,0.000547741449081,-0.00081959454578
1.01258,0.00172993680841,0.000868,0.000546997482095,-0.00081937732218
1.01486,0.00172731959421,0.000693,0.000546643341725,-0.000819260883389
1.01693,0.00172787868056,0.000804,0.000545611676323,-0.000819051582922
1.01931,0.00171978456354,0.00106,0.000544061254957,-0.000818678394979
1.02165,0.00171560605445,0.00144,0.000542738470391,-0.000818495982229
1.02393,0.00171126495968,0.00154,0.000541506677366,-0.000818529584385
1.02626,0.00170580973334,0.001107,0.000541455169993,-0.000818382917908
1.02857,0.00170118006175,0.000705,0.000541422791458,-0.000818407515503
1.03086,0.00170132752408,0.000865,0.000541153386927,-0.00081846275594
1.03317,0.00170101451451,0.001115,0.000540462342176,-0.000818536826224
1.03548,0.00169933982849,0.00072,0.000539520888972,-0.000818694140109
1.03773,0.00170354889973,0.001489,0.000538801170494,-0.000818684811562
1.03999,0.00170869470949,0.000821,0.000539181098134,-0.00081869447738
1.04232,0.00170230839804,0.000976,0.000540226392421,-0.000818858555913
1.04461,0.00170099745248,0.001086,0.000541287369628,-0.000818913669942
1.04693,0.00169866362489,0.00161,0.000540914787387,-0.000819113130244
1.04922,0.00169752183842,0.001413,0.000542992422621,-0.000819396228466
1.05155,0.00169717617781,0.00088982,0.000543473581737,-0.00081938918162
1.05388,0.00169846941804,0.000834,0.000544029029865,-0.000819535755896
1.05621,0.00170113328071,0.000823,0.000543952853933,-0.000819329297841
1.05852,0.00170367597641,0.000707,0.000543885458704,-0.00081913214567
1.0609,0.00170565001784,0.001143,0.000543417859311,-0.000818784592985
1.06311,0.00171305711522,0.001761,0.000543359198008,-0.000818705385086
1.06512,0.00172321233092,0.000983,0.00054345891849,-0.000818529172914
1.06726,0.00172487463181,0.00127,0.000544247244583,-0.000818768061757
1.06958,0.00171392384794,0.001119,0.000545426149636,-0.000819000794707
1.07191,0.00170806838206,0.001541,0.000544699506981,-0.000819071990141
1.07419,0.00170139122389,0.001248,0.000546348778712,-0.000819213463244
1.07647,0.00169733974968,0.001205,0.000544588305545,-0.000819267672855
1.07865,0.00169776335166,0.001145,0.000545030051584,-0.000819046750134
1.08098,0.00169275472049,0.001145,0.000545030051584,-0.000819046750134
1.0833,0.00169566920962,0.000673,0.000544940853452,-0.000819032300744
1.08574,0.00169294529725,0.000906,0.000543941133619,-0.000818943086277
1.08807,0.00169520250294,0.00066769,0.000543782884842,-0.00081881887877
1.09038,0.00169902440064,0.000759,0.000543517569125,-0.000818509248949
1.09271,0.00170084748287,0.001082,0.000542644492948,-0.000818318132252
1.09498,0.00170424394572,0.000718,0.00054177737956,-0.000818213213644
1.09726,0.00170672883998,0.000877,0.000541761200027,-0.000818085934744
1.09954,0.00170891782929,0.0006233,0.000541310923649,-0.000818244047227
1.10182,0.00171156953122,0.000997,0.000540832284432,-0.000818312533317
1.10414,0.00171195336534,0.001018,0.000539894416696,-0.000818423386262
1.10644,0.00171158047364,0.000723,0.00053926384914,-0.000818615770441
1.10875,0.00171030824253,0.00073332,0.000538620723929,-0.000818891256864
1.11103,0.00170978053421,0.00076744,0.00053829961951,-0.000819218275174
1.11333,0.00171066889902,0.00073672,0.000537636101611,-0.000819495293607
1.11562,0.00171077684737,0.00079182,0.000537885014462,-0.000819763648075
1.11794,0.0017115871152,0.000887,0.000538265574427,-0.00082
1.12027,0.00171078895492,0.000816,0.000538631079019,-0.00082
1.12259,0.00171110798615,0.000712,0.000538790818601,-0.00082
1.12488,0.00171223658991,0.000847,0.000538583739872,-0.00082
1.12717,0.0017151822469,0.000679,0.00053824188965,-0.00082
1.12957,0.00171283039674,0.000584,0.000537879089272,-0.00082
1.13192,0.00171094165356,0.001032,0.000538781945396,-0.00082
1.13426,0.00171308613446,0.000368,0.000538528998911,-0.000819999999976
1.13651,0.00171830352718,0.000537,0.000537913158245,-0.000819999999939
1.13884,0.00171685931586,0.000562,0.000538219684246,-0.000819999999934
1.14109,0.00171684224723,0.000825,0.000539108680797,-0.000819999999966
1.14345,0.00171109646965,0.001367,0.000541125408393,-0.000819999999926
1.14578,0.00171257477527,0.001402,0.000543186110591,-0.000819999999922
1.14808,0.0017115447186,0.00073378,0.000544225280592,-0.000819999999919
1.15036,0.00171200451873,0.000868,0.000545237636862,-0.000819999999917
1.15267,0.00171305188152,0.00111,0.000546262713029,-0.000819999999917
1.155,0.001715714471,0.000767,0.00054711256474,-0.000819982628588
1.15732,0.00171965025739,0.00062951,0.000547694889877,-0.000819908322771
1.1596,0.00172337258409,0.000914,0.000547593027779,-0.000819742992973
1.1619,0.00172437777167,0.00106,0.000547269853707,-0.000819462024123
1.1642,0.0017245928379,0.000593,0.000547259660424,-0.000819165777972
1.16648,0.00172469494767,0.000877,0.000547061581748,-0.000819020374271
1.16878,0.00172358401615,0.000793,0.000546396911238,-0.000819070116302
1.17105,0.00172313609758,0.000616,0.000546218945622,-0.000819094311172
1.17341,0.00171837464987,0.00049,0.000545867220316,-0.000819092527835
1.1757,0.00171534168377,0.000621,0.000545664255124,-0.000819032785686
1.178,0.00171343728823,0.000506,0.000545297558814,-0.000818967305076
1.18031,0.00171113836232,0.000659,0.000544668782526,-0.000818932217771
1.18261,0.00170940288176,0.000936,0.000543988013371,-0.000818912346239
1.18491,0.00170705364747,0.001325,0.000543271194284,-0.000818874614815
1.18719,0.0017065500325,0.001156,0.000542437392084,-0.000818883708824
1.18948,0.00170616062683,0.001095,0.000541263814598,-0.000818937216333
1.19173,0.001707099336,0.00092,0.000539972633466,-0.000819050966498
1.19403,0.00170540053318,0.000993,0.000540195416497,-0.000819204995195
1.19623,0.00170758838491,0.000905,0.00054074976909,-0.000819393688462
1.1984,0.0017115915585,0.000514,0.000541126880983,-0.000819590344026
1.20048,0.00171455293496,0.000591,0.000541603792414,-0.000819764203535
1.20298,0.00170690820588,0.000495,0.000541524335925,-0.00081983100828
1.20526,0.0017116059983,0.000453,0.00054138893913,-0.000819828728554
1.20755,0.00171403874827,0.000465,0.000541537579471,-0.000819724020608
1.20986,0.00171589345479,0.000486,0.000541811207954,-0.00081958895848
1.21212,0.00171884031375,0.000548,0.000541656757021,-0.000819473341682
1.21444,0.00171731580526,0.000696,0.000541213756804,-0.000819307632733
1.21674,0.00171723982758,0.000675,0.000540742401047,-0.000819195007816
1.21906,0.00171436237574,0.000704,0.000540372398274,-0.000819447117211
1.22134,0.00171509114273,0.000526,0.000539858994122,-0.000819667224627
1.22363,0.00171481739293,0.000441,0.000539207698029,-0.000819835799026
1.22594,0.0017169337461,0.00064,0.000538526039785,-0.000819999999985
1.22827,0.0017165402684,0.0007,0.000537984251926,-0.000819999999996
1.23057,0.00171958818165,0.000817,0.000537493815209,-0.000819999999996
1.23287,0.00172074770937,0.000992,0.000538423940203,-0.000819999999997
1.23516,0.00172433841114,0.000797,0.00053929487756,-0.000819999999997
1.23746,0.00172466787976,0.000646,0.000539960827873,-0.000819999999996
1.23979,0.00172432497055,0.000405,0.000540367974424,-0.000819999999996
1.24211,0.00172308079466,0.000301,0.000540618603142,-0.000819999999996
1.24436,0.00172520758545,0.000414,0.000540653976817,-0.000819999999995
1.24672,0.00172318680813,0.000454,0.000540730611971,-0.000819999999995
1.24909,0.00172323456431,0.000534,0.000540452021492,-0.000819999999994
1.25142,0.00172028017644,0.000367,0.000540533107362,-0.00082
1.25366,0.00172264249608,0.000608,0.000540252941823,-0.00082
1.25622,0.00171264605634,0.000547,0.00054042400723,-0.00082
1.25842,0.00171589639619,0.000854,0.00054168176631,-0.00082
1.26087,0.00170534250842,0.000657,0.00054163910272,-0.00082
1.26315,0.00170358726915,0.001106,0.000541162221957,-0.000819999999997
1.26547,0.00170024120245,0.001486,0.000541830327429,-0.00082
1.26782,0.00169789600866,0.001313,0.00054043432844,-0.00082
1.27011,0.00169735308238,0.001767,0.000540050839114,-0.00082
1.27242,0.00169398319422,0.001218,0.000540118706701,-0.000819953727905
1.27469,0.00169281279921,0.001579,0.000540705559346,-0.000819936117926
1.27699,0.00169268170258,0.00076,0.000541113627531,-0.00081996002994
1.27925,0.00169400052096,0.000771,0.000541252036704,-0.000819981192377
1.28154,0.00169374918486,0.0008,0.000541612620203,-0.000819849723045
1.2838,0.00169669329554,0.000392,0.000542080290065,-0.000819774867887
1.28611,0.0016966911282,0.000431,0.000542713509202,-0.000819712076478
1.28837,0.00169975731583,0.000433,0.00054321691828,-0.000819607067062
1.29067,0.00169992023755,0.000392,0.000543667099852,-0.000819542366782
1.29292,0.00170198831383,0.0003,0.000543741849922,-0.0008195363248
1.29519,0.0017039099015,0.000438,0.000543574747454,-0.000819511284922
1.29957,0.00171141462424,0.00042194,0.000543304930714,-0.000819480444556
1.302,0.00170696287276,0.00050038,0.000543045253397,-0.000819710732372
1.30425,0.00171304773678,0.000645,0.000542775175957,-0.000819871762288
1.30658,0.00171328655127,0.000527,0.000542819219396,-0.00081995528247
1.30885,0.0017164015967,0.000409,0.000542958666961,-0.000819974212813
1.31115,0.00171653508513,0.000433,0.000543373863922,-0.000819973855106
1.31342,0.00171896502413,0.00033,0.000543447187609,-0.000819999999999
1.31573,0.00171641688813,0.000427,0.000543315197911,-0.000819999999999
1.31802,0.00171502386479,0.000563,0.000543269727436,-0.000819999999999
1.32033,0.00171118899353,0.000418,0.000543005630792,-0.000819999999999
1.32261,0.00171028130575,0.000296,0.000542785453076,-0.00082
1.32492,0.00170878695384,0.0003513,0.000542434453921,-0.00082
1.32721,0.00170941330397,0.000376,0.000542117039679,-0.00082
1.32952,0.00170754563932,0.000569,0.000541733252437,-0.00082
1.33183,0.00170772522662,0.000671,0.00054133447666,-0.00082
1.33414,0.00170629758742,0.000833,0.00054106944705,-0.00082
1.3364,0.00170859839442,0.000735,0.000540627446774,-0.00082
1.33873,0.0017069550479,0.000593,0.000540190991223,-0.00082
1.34107,0.00170804549915,0.000511,0.00053976009403,-0.00082
1.34339,0.00170667030315,0.00045,0.000539155974831,-0.00082
1.34567,0.00170721586647,0.000385,0.000539361361141,-0.00082
1.34796,0.00170615827271,0.000503,0.000539590298681,-0.000819999999999
1.35028,0.00170658739449,0.000535,0.000539872277855,-0.000819999999999
1.35262,0.00170227638966,0.0007,0.000539946070527,-0.000819999999999
1.3549,0.00170141594142,0.00063,0.00053976895148,-0.000819999999999
1.35721,0.001696341468,0.000861,0.000539436699491,-0.000819999999999
1.35954,0.00169465401227,0.000583,0.000539427836691,-0.000819999999999
1.36186,0.00169025793792,0.000577,0.000539990341379,-0.000819999999999
1.36412,0.00169082452252,0.000547,0.000540134934665,-0.000819999999999
1.36644,0.00168947624982,0.000417,0.000540519839583,-0.00082
1.36881,0.00168952088953,0.0003849,0.000540911841067,-0.00082
1.37116,0.00168786481993,0.0004077,0.000541160749462,-0.00082
1.37341,0.00169033674473,0.000479,0.000541293258228,-0.00082
1.37575,0.001688237568,0.000589,0.000540618603142,-0.00082
1.37809,0.00168877893737,0.000954,0.000540736506541,-0.00082
1.38039,0.00168548152543,0.000658,0.000540539004049,-0.00082
1.38273,0.00168396567407,0.0002738,0.000541132771303,-0.00082
1.38502,0.00168294694432,0.000755,0.000540932464981,-0.00082
1.38974,0.00168461937691,0.000554,0.000540496251631,-0.00082
1.39203,0.00168870349527,0.000682,0.000540454970279,-0.00082
1.39432,0.00169128597868,0.000801,0.000539918030478,-0.00082
1.39654,0.00169618955941,0.000619,0.000539266804303,-0.00082
1.39878,0.00169915986389,0.000764,0.000539181098134,-0.00082
1.401,0.00169826308369,0.00059,0.000539628691779,-0.00082
1.40333,0.00170175413792,0.000791,0.000539187009333,-0.00082
1.40564,0.00170322344316,0.000812,0.000539076163791,-0.00082
1.40794,0.00170555207068,0.000874,0.000539246117829,-0.00082
1.41022,0.00170630155499,0.000863,0.000539538611432,-0.00082
1.41253,0.00170890677253,0.001191,0.000539709899122,-0.00082
1.41494,0.00170440649812,0.001066,0.000539099812713,-0.00082
1.41724,0.0017052442232,0.001076,0.000538740535212,-0.00082
1.41955,0.0017027433989,0.000638,0.00053829961951,-0.00082
1.42183,0.00170323197757,0.000912,0.000538025719005,-0.00082
1.42413,0.0017041235616,0.000646,0.000537849462366,-0.00082
1.42642,0.00170612169741,0.0005714,0.000537797611447,-0.00082
1.42874,0.00170565914993,0.000507,0.000538548232842,-0.00082
1.43103,0.00170687557189,0.000477,0.000538883978628,-0.00082
1.43334,0.00170692658556,0.000515,0.000538784903147,-0.00082
1.43784,0.00171806723661,0.000731,0.000538528998911,-0.00082
1.44016,0.00170985617574,0.000571,0.000537683522251,-0.00082
1.44244,0.00170644269313,0.000962,0.000537646475225,-0.00082
1.44456,0.00170758758719,0.001093,0.000537953149569,-0.00082
1.44692,0.00170201636105,0.000639,0.000537797611447,-0.00082
1.44929,0.00169747137279,0.001176,0.000538221164634,-0.00082
1.45161,0.0016941151229,0.000807,0.000538849969651,-0.00082
1.4539,0.00169269159075,0.000618,0.000539509073682,-0.00082
1.45623,0.00169357058407,0.00054,0.000539489873294,-0.00082
1.45852,0.00169723850082,0.000964,0.000539327381648,-0.00082
1.46089,0.00169700856614,0.001078,0.000538524560216,-0.00082
1.46319,0.00169766152625,0.001223,0.000538114566522,-0.00082
1.46548,0.00169875459927,0.001108,0.000539752712713,-0.00082
1.46778,0.00170037436809,0.001256,0.000541110682276,-0.00082
1.47003,0.0017031433642,0.001273,0.000541768554419,-0.00082
1.47232,0.00170230402256,0.000997,0.000541428678606,-0.00082
1.4746,0.00170168948083,0.001138,0.000541263814598,-0.00082
1.4769,0.00169840675071,0.000841,0.000541412488796,-0.00082
1.47924,0.00169493507263,0.000687,0.000541689121767,-0.00082
1.48155,0.00169296007403,0.000636,0.000542190531527,-0.00082
1.48383,0.0016929834649,0.000871,0.000541709716521,-0.00082
1.48849,0.00169074796558,0.000862,0.000540979602449,-0.00082
1.49081,0.00169017298491,0.00082,0.000541859740705,-0.00082
1.49315,0.00168927234808,0.000871,0.000542319853286,-0.00082
1.49544,0.00169088310358,0.000856,0.000542265483077,-0.00082
1.49772,0.00169334392976,0.000956,0.000541818561677,-0.00082
1.5,0.00169297077431,0.00047467,0.000541421319661,-0.00082
1.5023,0.00169571129897,0.000632,0.000540567012452,-0.00082
1.50463,0.00169291684848,0.000856,0.000539303742502,-0.00082
1.50694,0.00169221481556,0.000915,0.000538385462987,-0.00082
1.50925,0.00168972813242,0.000599,0.000537498262215,-0.00082
1.51151,0.00169467471215,0.00114,0.000536351229492,-0.00082
1.51382,0.00169608152472,0.00074,0.000536279924947,-0.00082
1.51613,0.00170065708999,0.00067,0.000536765504817,-0.00082
1.51845,0.00170053594266,0.000679,0.000536897591739,-0.00082
1.52073,0.00170309178415,0.000652,0.000537526425754,-0.00082
1.52305,0.0017032798814,0.000508,0.000538247810939,-0.00082
1.52538,0.00170775698564,0.000612,0.00053976895148,-0.00082
1.52776,0.00170663540071,0.000446,0.000540384195034,-0.00082
1.53248,0.00170787356288,0.000737,0.000540872064189,-0.00082
1.53493,0.00170720138975,0.000866,0.000541436037453,-0.00082
1.53701,0.00171773143739,0.000681,0.000540723243671,-0.00082
1.53921,0.00171360320438,0.0008372,0.000541135716439,-0.00082
1.54134,0.00171384784056,0.00097,0.00054102820873,-0.00082
1.54381,0.00169936300308,0.000991,0.000540696716971,-0.00082
1.54604,0.00169913398875,0.001553,0.000540817550459,-0.00082
1.54818,0.00170027582261,0.000656,0.000541353612738,-0.00082
1.55026,0.00169389438683,0.001127,0.000540092150816,-0.00082
1.55238,0.00170073321632,0.000751,0.000538983036283,-0.00082
1.55474,0.00169295129019,0.00131,0.000537241759572,-0.00082
1.55705,0.00169303293284,0.000946,0.000537882051875,-0.00082
1.56175,0.00169428359326,0.001381,0.000539923933765,-0.00082
1.56397,0.00170172384247,0.001066,0.000540606811411,-0.00082
1.56628,0.00169761738555,0.001062,0.000542169954802,-0.00082
1.5686,0.00169508313885,0.001144,0.000543848827386,-0.00082
1.57085,0.0016909300638,0.001263,0.000543012968527,-0.00082
1.57304,0.00169177301162,0.001044,0.000544542940581,-0.00082
1.57531,0.00168812062225,0.001049,0.00054434533966,-0.00082
1.57771,0.00168897195692,0.00101,0.000545821961221,-0.00082
1.57995,0.00169565878034,0.001095,0.000546233535147,-0.00082
1.58225,0.00169557609282,0.001346,0.000548058528063,-0.00082
1.58449,0.00169871974139,0.001252,0.000549459903368,-0.00082
1.5868,0.00170074443056,0.000713,0.000551097772797,-0.00082
1.58904,0.00170612717523,0.000713,0.000551097772797,-0.00082
1.59131,0.00171029837645,0.000685,0.0005515501782,-0.00082
1.59354,0.00171215715372,0.000463,0.00055151116763,-0.00082
1.59578,0.00171178232112,0.000608,0.00055147070927,-0.00082
1.59798,0.00171437422916,0.000646,0.000551268372346,-0.00082
1.60251,0.00171568527515,0.000765,0.000550161415727,-0.00082
1.60477,0.00172101472231,0.000504,0.000549462804037,-0.00082
1.60712,0.00172034740918,0.000911,0.000548665990572,-0.00082
1.60942,0.00172212141663,0.000935,0.000548221359451,-0.00082
1.61176,0.00172072663788,0.001041,0.000547731264594,-0.00082
1.6141,0.00172107494126,0.000897,0.000547226166869,-0.00082
1.61642,0.00171927755105,0.000869,0.000546563154645,-0.00082
1.6187,0.00171768297708,0.001081,0.000545640887392,-0.00082
1.62101,0.00171525359049,0.001059,0.000544494644716,-0.00082
1.62329,0.00171521151738,0.001424,0.000543675894507,-0.00082
1.6256,0.00171506469422,0.00102,0.000542855919561,-0.00082
1.6279,0.00171499685252,0.000965,0.000540365025171,-0.00082
1.63021,0.00171201983265,0.001014,0.000539513504446,-0.00082
1.63483,0.00170762394533,0.001043,0.000538827788752,-0.00082
1.63711,0.00170999797784,0.000993,0.00053839286266,-0.00082
1.63944,0.00170717771157,0.000903,0.000538780466514,-0.00082
1.64176,0.00170738270639,0.000807,0.000539559286914,-0.00082
1.64407,0.00170420297982,0.000612,0.000540196891581,-0.00082
1.64645,0.00170026453225,0.000517,0.000540568486539,-0.00082
1.64874,0.00170235075082,0.000617,0.000541477245173,-0.00082
1.65087,0.00171048494257,0.0005782,0.000541518449801,-0.00082
1.65318,0.00170306104675,0.00065314,0.000541402185942,-0.00082
1.65558,0.00169913514589,0.000803,0.000541765612674,-0.00082
1.66012,0.00169670218595,0.000695,0.000540742401047,-0.00082
1.66246,0.00169629477443,0.001108,0.000540167389158,-0.00082
1.66479,0.00169815448011,0.000803,0.000539429313834,-0.00082
1.66701,0.00169977002667,0.000818,0.000539121982654,-0.00082
1.66938,0.00169890772356,0.00096,0.000540539004049,-0.00082
1.67165,0.00170102258699,0.001313,0.000540502148714,-0.00082
1.67394,0.00170150100522,0.000653,0.0005409103679,-0.00082
1.67851,0.00170128153432,0.0005615,0.000540311935907,-0.00082
1.68077,0.00170566697127,0.000635,0.000540028706568,-0.00082
1.6831,0.00170661910377,0.000627,0.000539804379852,-0.00082
1.68543,0.00170897384829,0.000541,0.000539882609425,-0.00082
1.68772,0.00170958016466,0.000928,0.000539822093182,-0.00082
1.69007,0.001709441097,0.001101,0.000539957876436,-0.00082
1.69237,0.00171173021468,0.000833,0.000539949022028,-0.00082
1.69463,0.00171619058692,0.000911,0.000539901796112,-0.00082
1.697,0.0017144234119,0.000707,0.000540078872393,-0.00082
1.70147,0.00171703977206,0.001002,0.000540381245868,-0.00082
1.70388,0.00171875047897,0.000794,0.000540432853994,-0.00082
1.70617,0.00172192505062,0.000596,0.00054079102831,-0.00082
1.70844,0.00172226760382,0.000588,0.000541622919111,-0.00082
1.71071,0.00172198399367,0.000987,0.000543422258656,-0.00082
1.71299,0.001723952266,0.001081,0.000544256029933,-0.00082
1.71754,0.00172215996262,0.00094,0.000544809223109,-0.00082
1.7198,0.00172158118939,0.000596,0.000545189402233,-0.00082
1.72209,0.00171894394331,0.000679,0.000545883279094,-0.00082
1.72438,0.00171847856575,0.00065,0.000546211650713,-0.00082
1.72668,0.00171545674102,0.000878,0.000546258336446,-0.00082
1.72896,0.00171444380384,0.000852,0.000545966485217,-0.00082
1.73127,0.00170966690008,0.000587,0.000545401310582,-0.00082
1.73358,0.00170728608334,0.000507,0.000544902830158,-0.00082
1.73587,0.00170536638866,0.000849,0.000544380473922,-0.00082
1.73816,0.00170575317169,0.000711,0.000544191600762,-0.00082
1.74271,0.00170653007804,0.000611,0.000543999732683,-0.00082
1.74501,0.00170699942244,0.000507,0.000544046607423,-0.00082
1.74726,0.00171140962387,0.000614,0.000543881063075,-0.00082
1.74955,0.00171398514209,0.000483,0.000543530764654,-0.00082
1.75179,0.00171731949066,0.000368,0.000543260926263,-0.00082
1.75409,0.00171837551668,0.000265,0.000543108350155,-0.00082
1.75634,0.00172135338509,0.0003096,0.000542932248039,-0.00082
1.75864,0.0017216002928,0.0003074,0.000542688546879,-0.00082
1.76321,0.00172041749212,0.00033,0.000542531405001,-0.00082
1.76549,0.00171933927091,0.000301,0.000542315445091,-0.00082
1.7678,0.00171584001437,0.0001257,0.00054222580412,-0.00082
1.77008,0.00171480737223,0.0001896,0.000542246378752,-0.00082
1.77238,0.00171167693068,0.000312,0.000542409478899,-0.00082
1.77466,0.00171101786115,0.00025693,0.00054254903063,-0.00082
1.77696,0.00170783159215,0.00020517,0.000542688546879,-0.000819999999999
1.77922,0.00170841597186,0.000332,0.000543065797324,-0.000819999999999
1.78152,0.00170762102644,0.000345,0.000543253591844,-0.000819999999999
1.78605,0.00170975510014,0.000303,0.000543579145541,-0.000819999999999
1.78828,0.00171179719024,0.00027,0.000543967503973,-0.000819999999999
1.79054,0.00171315735101,0.000289,0.000544390720991,-0.000819999999999
1.79278,0.00171541769656,0.000328,0.000544820924865,-0.000819999999999
1.79505,0.00171698987693,0.000422,0.000545315095705,-0.000819999999999
1.79725,0.0017192589178,0.000389,0.000545782538958,-0.000819999999999
1.79954,0.00171904603516,0.000432,0.000546175174712,-0.000819999999999
1.801,0.00173711515378,0.000466,0.00054685468766,-0.000819999999999
1.80335,0.00172274458413,0.000789,0.000547585751188,-0.000819999999999
1.80784,0.0017214995992,0.000985,0.000547942190189,-0.000819999999999
1.81011,0.00172160208123,0.000818,0.000548548329347,-0.000819999999999
1.81234,0.00172247479658,0.000604,0.000549085587557,-0.000819999999999
1.81461,0.00172166031638,0.000478,0.000549461353704,-0.000819999999999
1.81682,0.00172206141945,0.000408,0.000549851354244,-0.000819999999999
1.81909,0.00172048621795,0.000368,0.000550384434975,-0.000819999999999
1.82129,0.00172144542167,0.000609,0.000551974779045,-0.00082
1.82574,0.00172394815454,0.000552,0.000552771094561,-0.00082
1.82799,0.00172529778415,0.00047,0.000553448198643,-0.00082
1.83018,0.00172764604378,0.000402,0.000554026669916,-0.00082
1.83243,0.00172840358498,0.000343,0.000554519754417,-0.00082
1.83462,0.00173037080671,0.000249,0.000554877427466,-0.00082
1.83686,0.00173104284071,0.000242,0.000555167414804,-0.00082
1.83905,0.00173242713099,0.000417,0.00055552322698,-0.00082
1.8435,0.00173144675474,0.000347,0.000555666633608,-0.00082
1.84576,0.00172949833012,0.000243,0.000555775597282,-0.00082
1.84796,0.00172913374831,0.000126,0.00055577989803,-0.00082
1.85022,0.00172718697952,0.00011,0.000555777030869,-0.00082
1.85242,0.00172691837897,0.000204,0.000555799967738,-0.00082
1.85469,0.00172467754145,0.000267,0.000556030715988,-0.00082
1.85916,0.00172326004057,0.000298,0.000556113818624,-0.00082
1.86138,0.0017238796245,0.000243,0.000556076567294,-0.00082
1.86365,0.00172205926014,0.000268,0.000555924669985,-0.00082
1.86588,0.00172208359264,0.000378,0.000555584896478,-0.00082
1.86815,0.00171966434766,0.000334,0.000555187507193,-0.00082
1.87038,0.00171979444451,0.000368,0.00055467779166,-0.00082
1.87265,0.00171789467688,0.000433,0.000554055433497,-0.00082
1.87488,0.00171814599755,0.000516,0.000552786951322,-0.00082
1.87937,0.00171762446298,0.00058,0.000552117682333,-0.00082
1.88165,0.00171701509951,0.000654,0.000551472154263,-0.00082
1.88388,0.00171914287675,0.000603,0.000550890957606,-0.00082
1.88616,0.00171861492607,0.000585,0.000550339548827,-0.00082
1.8884,0.00172019594897,0.000489,0.000549751343532,-0.00082
1.89069,0.0017191883018,0.000549,0.000549204584001,-0.00082
1.89292,0.00172073961351,0.000549,0.000547988728313,-0.00082
1.89744,0.00172087797194,0.000503,0.000547374687869,-0.00082
1.89957,0.00172421349031,0.000451,0.000547016421412,-0.000819999999943
1.90201,0.00171793453359,0.000606,0.000546462539674,-0.000819999999945
1.90425,0.00172255531812,0.000673,0.000546084703729,-0.000819999999947
1.90659,0.00172073157446,0.000534,0.000545776698381,-0.000819999999949
1.90887,0.00172048831419,0.0004,0.000545617518661,-0.000819999999951
1.91118,0.00171590441829,0.000488,0.000545913935454,-0.000819999999954
1.91347,0.00171529046827,0.000688,0.000545636505831,-0.000819999999956
1.91806,0.00170664030256,0.000596,0.000545116311364,-0.000819999999958
1.92036,0.00170025427719,0.000755,0.000544484399591,-0.00081999999996
1.92265,0.00169710633752,0.000346,0.000544235530564,-0.000819999999962
1.92495,0.00169316734661,0.000356,0.000543983618565,-0.00082
1.92723,0.00169400317541,0.00046,0.000543568883285,-0.00082
1.92954,0.00169171278125,0.000752,0.000543051123169,-0.00081999999997
1.93186,0.00169269256757,0.000935,0.000541921503457,-0.00081999999997
1.93646,0.00169495398015,0.000771,0.000541384523455,-0.000819999999971
1.93877,0.0016972688405,0.000654,0.000540995805021,-0.000819999999972
1.94105,0.00170103887898,0.000431,0.000540360601261,-0.000819999999974
1.94337,0.00170098100959,0.00039,0.000539786665951,-0.000819999999975
1.94571,0.00170089003829,0.000887,0.000539317039646,-0.000819999999978
1.94802,0.00169995714484,0.000964,0.000538903200163,-0.000819999999986
1.95031,0.00170481759878,0.00079,0.000538339582793,-0.000819999999992
1.95499,0.00170014118489,0.000658,0.000537858350605,-0.000819999999997
1.95744,0.00169608701308,0.000911,0.000537705749271,-0.000819999999998
1.95975,0.00169875020482,0.000524,0.000537920564265,-0.000819999999999
1.96212,0.00169753311575,0.000988,0.00053829961951,-0.000819999999999
1.9641,0.00170807452899,0.000977,0.000537941300591,-0.00082
1.96635,0.00169971319536,0.001509,0.000538561548246,-0.00082
1.97086,0.00168514600109,0.001285,0.000540459393429,-0.00082
1.97322,0.00167941282903,0.00147,0.000539872277855,-0.00082
1.97558,0.00167305467741,0.001468,0.000541181364036,-0.00082
1.97786,0.00167528943486,0.000841,0.000542017074973,-0.00082
1.98012,0.0016759732184,0.001414,0.000544092013504,-0.00082
1.9824,0.00167951124168,0.001679,0.000546370657658,-0.00082
1.98465,0.00168234076802,0.001291,0.000550448137996,-0.000819999999998
1.98911,0.00168975617191,0.001263,0.000552273534023,-0.000819999999997
1.99137,0.00169243353622,0.001245,0.000554066938503,-0.000819999999997
1.99357,0.00169611378949,0.000916,0.000555382651678,-0.000819999999996
1.99578,0.00170062796657,0.000842,0.000556232719199,-0.000819999999996
1.99793,0.00170701380035,0.000874,0.000557032828433,-0.000819999999996
2,0.00171160022434,0.000851,0.000557983120537,-0.000819999999996
2.00248,0.00170409236888,0.000655,0.000559014404792,-0.000819999999997
2.00698,0.00171056621771,0.000903,0.000559042904769,-0.000819999999997
2.00921,0.00171191198936,0.000827,0.000558914643037,-0.000819999999997
2.01148,0.00170989246341,0.000821,0.000558968801703,-0.000819999999997
2.01373,0.0017109790012,0.000579,0.000558492589696,-0.000819999999997
2.01604,0.0017067628766,0.000606,0.00055785317907,-0.000819999999997
2.01828,0.00170475204524,0.000693,0.000556457556189,-0.000819999999997
2.02284,0.00169983427426,0.000635,0.000555559082193,-0.000819999999997
2.02515,0.00169793257061,0.000747,0.000554702211493,-0.000819999999997
2.02742,0.00169874992766,0.000664,0.000553747584082,-0.000819999999998
2.02971,0.00169922072022,0.000769,0.000552674502482,-0.00082
2.03199,0.00170098121938,0.000805,0.000551512612516,-0.00082
2.03431,0.00169991854778,0.000862,0.000549280031711,-0.000819999999998
2.0389,0.00170103605456,0.001019,0.000548038170724,-0.00082
2.0412,0.00170103690346,0.001098,0.000546656462127,-0.00082
2.04352,0.00169871946395,0.00102,0.000545424688547,-0.000819999999998
2.0458,0.00169854892735,0.000991,0.000544301418662,-0.000819999999998
2.04811,0.0016969298558,0.000985,0.000543209583273,-0.000819999999998
2.05041,0.00169694860997,0.000942,0.00054212585922,-0.000820000819984
2.0527,0.00169559255129,0.001217,0.000540384195034,-0.000820000819986
2.0574,0.00169288594608,0.0011,0.000539892940801,-0.000820000819987
2.05972,0.00169211140197,0.00105,0.000539457378803,-0.000820000819987
2.06206,0.00169419447583,0.00115,0.000538957903938,-0.000820000819988
2.06435,0.00169801073397,0.000981,0.000538605930604,-0.000819999999999
2.0667,0.00169715202643,0.000924,0.000538552671346,-0.00082
2.06904,0.00169896465166,0.000769,0.000538947554992,-0.00082
2.07359,0.00169983343076,0.00101,0.000539266804303,-0.000819999999999
2.0759,0.00169885240974,0.000695,0.0005395282734,-0.00082
2.07816,0.00169936233155,0.000991,0.000539204742548,-0.00082
2.08047,0.00169750144589,0.000696,0.000538675455774,-0.00082
2.08276,0.00169700942604,0.000852,0.000537413762965,-0.00082
2.08505,0.00169462010981,0.000889,0.000536628932273,-0.00082
2.08966,0.0016915196182,0.000832,0.000536358656519,-0.00082
2.09189,0.00169265993602,0.000568,0.000536055552639,-0.00082
2.09416,0.00169368907945,0.000752,0.000535802838864,-0.00082
2.09644,0.00169514959004,0.000671,0.000535610996482,-0.00082
2.09866,0.00169943178758,0.000527,0.000536202667959,-0.00082
2.10328,0.00170319529443,0.000754,0.000536617054802,-0.00082
2.10555,0.0017077985499,0.001199,0.000537338147394,-0.00082
2.10787,0.0017055763615,0.001111,0.000538351423209,-0.00082
2.11014,0.00170720370129,0.001438,0.000539207698029,-0.00082
2.11244,0.00170650595279,0.000755,0.000540233767383,-0.00082
2.11699,0.00170301513992,0.000851,0.000540537529883,-0.00082
2.11923,0.0017023911368,0.000806,0.000540816077039,-0.00082
2.12151,0.00170133320707,0.000641,0.000541509620498,-0.00082
2.12374,0.00170313022733,0.000647,0.000542112629855,-0.00082
2.12602,0.00170360945826,0.00049148,0.000542288995179,-0.00082
2.13054,0.00170720920717,0.00045391,0.000542258135338,-0.00082
2.13279,0.00171079975205,0.00032089,0.000542377156595,-0.00082
2.13507,0.00171236864699,0.000474,0.000542551968179,-0.00082
2.13732,0.00171486834782,0.000762,0.000542679736375,-0.00082
2.13961,0.00171360003565,0.000727,0.000542469710841,-0.00082
2.14415,0.00171218446877,0.000403,0.000542359525445,-0.00082
2.14639,0.0017139989155,0.000340948,0.00054243886116,-0.00082
2.14868,0.00171347984019,0.000314122,0.000542654772515,-0.00082
2.15093,0.00171517270948,0.000252,0.000542908763485,-0.00082
2.15322,0.00171500495202,0.000494,0.000543927947966,-0.00082
2.15775,0.00171958943448,0.000539,0.000544490253971,-0.00082
2.15998,0.00172291329713,0.000453,0.000544889667634,-0.00082
2.16226,0.00172305865402,0.000396,0.000545198172482,-0.00082
2.16449,0.00172431395394,0.00022111,0.00054535162909,-0.00082
2.16676,0.00172335100434,0.000356,0.000545461214618,-0.00082001148016
2.17127,0.00172200802854,0.000363,0.000545456831618,-0.00082001148016
2.1735,0.00172214435922,0.000297,0.000545345783913,-0.00082001148016
2.17577,0.00172013494052,0.000187,0.000545244944768,-0.00082001148016
2.17801,0.00172025627697,0.000386,0.000545187940512,-0.00082001148016
2.18029,0.00171874088231,0.00044,0.000545300481668,-0.000820010660138
2.1848,0.0017183092626,0.000383,0.000545493355544,-0.000820008206043
2.18702,0.00171959306909,0.000228,0.000545694923759,-0.000820010660138
2.18928,0.00171908843571,0.000228,0.00054595334825,-0.000820010660138
2.19149,0.0017206629179,0.000133,0.000546039462625,-0.000820010660138
2.19379,0.00171900008439,0.000104,0.000545874519819,-0.000820009840117
2.19819,0.00171941622677,0.0001047,0.000545855540908,-0.000820009840117
2.2005,0.00171673879608,0.000132,0.000545667176021,-0.000820009840117
2.20293,0.00171375925464,0.000354,0.000545202557554,-0.000820009840118
2.20746,0.00171615819069,0.000446,0.000545421766356,-0.000820009840118
2.2097,0.00171739884445,0.000545,0.000545772317908,-0.000820009840118
2.21197,0.00171728368629,0.000624,0.000546097837542,-0.000820009840118
2.21422,0.00171845272823,0.000431,0.000545899337402,-0.000820009840118
2.21875,0.00171151733903,0.000461,0.000545693463387,-0.000820009840118
2.22104,0.00170738550706,0.000277,0.000545426149636,-0.000820009840118
2.22328,0.00170773988313,0.000573,0.000545297558814,-0.000820009020099
2.22557,0.00170581972472,0.000358,0.000545057831641,-0.000820009020099
2.23012,0.00170418803816,0.000371,0.00054437901004,-0.000820009020099
2.23237,0.00170560200117,0.000449,0.000544020240875,-0.000820008200082
2.23467,0.00170482689537,0.000604,0.000543602601403,-0.000820008200082
2.23693,0.00170683078327,0.000484,0.00054291757031,-0.000820008200082
2.23922,0.00170602084696,0.000542,0.000541374220076,-0.000820008200082
2.24378,0.0017055499726,0.000551,0.000540562590167,-0.000820008200082
2.24604,0.00170650015015,0.000667,0.000539578484881,-0.000820008200082
2.24835,0.00170456953647,0.000713,0.000538712433671,-0.000820008200082
2.25061,0.00170490863778,0.000622,0.000537802056002,-0.000820007380066
2.25292,0.00170204790544,0.000387,0.000536931721419,-0.000820007380066
2.25749,0.00170047470332,0.000374,0.000536774410548,-0.000820007380066
2.25976,0.00170206300117,0.000347,0.000536663078579,-0.00082
2.26206,0.00170073931063,0.000433,0.000536657140243,-0.00082
2.26434,0.00170252492517,0.000399,0.000536599238115,-0.00082
2.2689,0.00170342671198,0.000239,0.00053660814653,-0.00082
2.2712,0.00170156881728,0.000139741,0.000536643778753,-0.00082
2.27345,0.00170293389901,0.000235,0.000536624478251,-0.00082
2.27574,0.00170149254449,0.00022,0.000536658624833,-0.00082
2.28028,0.00170172744004,0.000207,0.000536671985964,-0.00082
2.28252,0.00170392549711,0.000215,0.000536881268102,-0.00082
2.28479,0.00170478233754,0.000276,0.000537166120405,-0.00082
2.28702,0.00170771719047,0.000338,0.000537667221866,-0.00082
2.28931,0.00170838187897,0.000424,0.000538946076555,-0.00082
2.29381,0.00171194415305,0.000389,0.000539520888972,-0.00082
2.29596,0.00171755540112,0.000377,0.000540077396993,-0.00082
2.2982,0.00171770493224,0.000523,0.000540653976817,-0.00082
2.30047,0.00171831398597,0.000662,0.000541353612738,-0.00082
2.30503,0.00172216100003,0.000805,0.000541745020016,-0.00082
2.30729,0.0017218269744,0.001164,0.000542244909161,-0.00082
2.30952,0.00172278567857,0.001023,0.000543018838645,-0.00082
2.3118,0.00172196389166,0.000504,0.000544077366792,-0.00082
2.31629,0.00172209296091,0.000494,0.000544449271993,-0.00082
2.31849,0.00172179356945,0.000373,0.000544619034515,-0.00082
2.32074,0.00172086871072,0.000301,0.00054493207908,-0.00082
2.32293,0.00172299189552,0.000421,0.000545411538564,-0.00082
2.32736,0.00172735183387,0.000365,0.000546587940998,-0.00082
2.32962,0.00172840104042,0.000308395,0.000546879460798,-0.00082
2.33182,0.00173036571473,0.0003231056,0.00054700768027,-0.00082
2.33408,0.00173187019618,0.000196,0.000547000395879,-0.00082001312021
2.33855,0.00173282952913,0.000525,0.000546794936061,-0.00082001312021
2.34077,0.00173238169205,0.000596,0.000546672497747,-0.000820013940237
2.34304,0.00172962414615,0.000524,0.000546592314944,-0.000820013940237
2.34525,0.00172902376161,0.0003268,0.00054646108135,-0.000820013940237
2.34972,0.00172505858653,0.000469,0.000545982541082,-0.000820014760266
2.35197,0.00172277479567,0.000524,0.000545889118534,-0.000820014760266
2.35417,0.00172307134407,0.000516,0.000545960646604,-0.000820014760266
2.35643,0.00172277554816,0.000383,0.000546140155461,-0.000820014760266
2.36091,0.00172478877055,0.000265,0.000546234994078,-0.000820015580296
2.36312,0.0017254103514,0.00017569,0.00054604821926,-0.000820015580296
2.36539,0.00172340985431,0.00025715,0.000545795680028,-0.000820015580296
2.3676,0.00172300666588,0.000301,0.000545442221365,-0.000820015580296
2.36987,0.0017203857932,0.000375,0.000544684876503,-0.000820015580296
2.37433,0.00171674940578,0.000308,0.000544390720991,-0.000820016400328
2.37653,0.00171597063779,0.000465,0.000544115447428,-0.000820016400328
2.3788,0.00171446627317,0.000647,0.000543938203501,-0.000820016400328
2.38101,0.00171567021846,0.000648,0.000543507305717,-0.000820017220362
2.38547,0.00171802736426,0.000456,0.000543294663325,-0.000820017220362
2.38775,0.00171775822936,0.000352,0.000543186110591,-0.000820017220362
2.38996,0.00171917939051,0.0001745,0.000542979214132,-0.000820016400328
2.39224,0.00171803093973,0.000337,0.000542319853286,-0.000820015580296
2.39667,0.00171590792253,0.000352,0.000541953852602,-0.000820015580296
2.39878,0.00171820875637,0.000291,0.000541525807446,-0.000820014760266
2.40098,0.00171402020761,0.000318,0.000541344780785,-0.000820014760266
2.40333,0.00170972794117,0.0002853,0.000540648081363,-0.00082001312021
2.40787,0.001708878531,0.000294,0.000540880903744,-0.00082001312021
2.41012,0.00170867863111,0.000507,0.000540636290264,-0.00082001312021
2.41244,0.00170508325747,0.000471,0.000540768925542,-0.00082001312021
2.41469,0.00170363396394,0.000642,0.000540426956167,-0.00082001312021
2.41923,0.00169696921953,0.00062,0.000539956400711,-0.000820012300184
2.42152,0.00169231081237,0.000334,0.000539721710101,-0.000820012300185
2.42376,0.00169270536059,0.000209,0.000539569624364,-0.000820011480161
2.42605,0.0016917637244,0.000435,0.000539411587854,-0.000820010660139
2.4306,0.00169443761136,0.000629,0.000539460332927,-0.000820010660139
2.43285,0.00169707129653,0.000656,0.000539444085049,-0.000820010660139
2.43514,0.00169673950349,0.00062,0.000539504642883,-0.000820009840118
2.43739,0.00169885161922,0.000322,0.000539565194052,-0.000820009020099
2.44194,0.00169791782621,0.000453,0.000539544518792,-0.000820008200082
2.44423,0.00169448028591,0.00047,0.000539562240491,-0.000820008200082
2.44648,0.00169379404945,0.000426,0.000539362838463,-0.000820007380066
2.44878,0.0016900950484,0.000247,0.000539012602278,-0.000820006560052
2.45332,0.0016868619729,0.000345,0.000539074685699,-0.00082000574004
2.45557,0.00168774262018,0.000345,0.000539284534948,-0.00082000574004
2.45785,0.00168707806122,0.000437,0.000539736473468,-0.00082000492003
2.46008,0.00169012376373,0.000381,0.000540651029098,-0.00082000410002
2.46459,0.0016919365895,0.000214,0.000540939830477,-0.00082000410002
2.46687,0.00169055534193,0.00024,0.000541176946692,-0.000820003280013
2.46909,0.00169159647904,0.000405,0.000541310923649,-0.000820003280013
2.47136,0.00168935770626,0.000613,0.000541733252437,-0.000820002460007
2.47584,0.0016866921867,0.00055,0.000541955322972,-0.000820002460007
2.47805,0.00168682920091,0.00043,0.000542055298922,-0.000820002460007
2.48032,0.0016853186884,0.000257,0.000542147907454,-0.000820001640003
2.48251,0.00168701324567,0.000452,0.000542500558788,-0.000820001640003
2.48697,0.0016890409604,0.000314,0.00054280894291,-0.000820001640003
2.48921,0.00168993661709,0.000295,0.000543241856571,-0.000820001640003
2.49139,0.00169212095598,0.00038,0.000543650975951,-0.000820001640003
2.49362,0.001694021816,0.000562,0.000544223816294,-0.000820000820001
2.49805,0.00169585966759,0.000557,0.000544460981443,-0.000820000820001
2.5,0.00170219920126,0.000447,0.000544752173466,-0.000820000820001
2.50241,0.0016937777066,0.000506,0.00054486772939,-0.000820000820001
2.50475,0.00169375665518,0.000731,0.000544908680068,-0.000820000820001
2.50924,0.0016929606204,0.000935,0.000545791299706,-0.000820000820001
2.51149,0.00169117843772,0.00077,0.000546762871534,-0.000820000820001
2.5137,0.00169371150933,0.000644,0.000548102148376,-0.000820000820001
2.51817,0.0016903228083,0.000241,0.000548452438477,-0.000820000820001
2.52043,0.00168831576537,0.00039,0.000548950596751,-0.000820000820001
2.52263,0.00168910743731,0.000358,0.000549470055644,-0.000820000820001
2.52488,0.00168871920526,0.000261,0.000550271488582,-0.000820000820001
2.52933,0.00168834373116,0.0001645,0.000550190384424,-0.000820001640003
2.53153,0.00168944366844,0.000432,0.000550051320632,-0.000820001640003
2.53378,0.00168937704438,0.000384,0.000549649864637,-0.000820002460007
2.53823,0.0016906680273,0.000321,0.000549335159975,-0.000820002460007
2.54043,0.00169087095088,0.000327,0.000548860584318,-0.000820003280013
2.54269,0.00168932837375,0.000331,0.000548379782661,-0.000820003280013
2.54491,0.00169017745763,0.000495,0.00054708925882,-0.000820004100021
2.54941,0.00168814858193,0.000554,0.000546322522821,-0.000820004100021
2.55168,0.00168497018713,0.000588,0.000545673017767,-0.000820004100021
2.55392,0.00168433605818,0.000542,0.000545149934376,-0.00082000492003
2.5562,0.00168261346252,0.000625,0.00054437901004,-0.00082000492003
2.56071,0.00168212711294,0.000687,0.000544051001724,-0.00082000492003
2.56294,0.00168279855715,0.000653,0.000543642180896,-0.00082000574004
2.56522,0.00168114192113,0.000647,0.000543322531506,-0.00082000574004
2.56746,0.00168190626329,0.000444,0.00054280013434,-0.00082000574004
2.57197,0.00168080221806,0.000345,0.000542616590296,-0.00082000574004
2.57426,0.0016786515812,0.000269,0.000542640087361,-0.00082000574004
2.57648,0.00167869347244,0.00038,0.000542775175957,-0.00082000574004
2.58098,0.001676765171,0.000422,0.000542855919561,-0.00082000574004
2.58326,0.00167478552332,0.000503,0.000543005630792,-0.00082000574004
2.58548,0.00167531847564,0.000388,0.000543080471087,-0.00082000574004
2.58776,0.00167363915804,0.000322,0.000543519035311,-0.00082000574004
2.58998,0.00167444244219,0.000322,0.000543519035311,-0.00082000574004
2.59225,0.0016737739844,0.00024,0.00054398654844,-0.00082000574004
2.5967,0.00167603514523,0.000218,0.000544276528534,-0.00082000492003
2.5988,0.00168022644293,0.000293,0.000544538550224,-0.00082000492003
2.60097,0.00167829483046,0.000338,0.000544954014746,-0.00082000492003
2.60563,0.00167634754184,0.000768,0.000545249329465,-0.00082000492003
2.60792,0.00167611115264,0.00089,0.000546124104222,-0.00082000492003
2.61015,0.0016760828141,0.000975,0.000546640426037,-0.00082000492003
2.61243,0.00167557356548,0.000411,0.000547665788359,-0.00082000410002
2.61694,0.00167285490958,0.00027,0.000547795278213,-0.00082000410002
2.61916,0.00167231027657,0.0003017,0.000547917465197,-0.00082000410002
2.62144,0.00167035365568,0.000592,0.000548722633226,-0.00082000410002
2.62592,0.00167315575776,0.000436,0.000549181367221,-0.00082000410002
2.62814,0.00167616638047,0.000341,0.000549387381612,-0.00082000410002
2.63041,0.00167739067746,0.000249,0.000549398985741,-0.00082000410002
2.63489,0.00168273351093,0.000198,0.000549237956391,-0.00082000410002
2.6371,0.00168577186327,0.00028,0.000549153796012,-0.00082000410002
2.63937,0.00168564658088,0.000495,0.000549149442535,-0.00082000410002
2.64158,0.00168664506958,0.0004,0.000549229250747,-0.00082000410002
2.64607,0.00168538408088,0.00023,0.0005492481128,-0.00082000410002
2.64834,0.00168365814131,0.000187,0.000549220544964,-0.00082000410002
2.65056,0.00168390551249,0.000357,0.000549155247163,-0.000820003280013
2.65505,0.00168293036881,0.000262,0.000549287285748,-0.000820003280013
2.65731,0.00168260681256,0.000241,0.000549535315763,-0.000820003280013
2.65952,0.00168471406182,0.000131,0.000549952795639,-0.000820003280013
2.664,0.00168590183946,0.000152,0.000549948448538,-0.000820003280013
2.66627,0.00168443020917,0.000253,0.000549902077301,-0.000820003280013
2.66848,0.00168477123325,0.000227,0.000549768738017,-0.000820003280013
2.67295,0.00168314096427,0.00019,0.000549723801128,-0.000820003280013
2.67521,0.00168154752224,0.000127,0.000549729599645,-0.000820003280013
2.67742,0.00168246731991,0.00025,0.000549787581417,-0.000820003280013
2.67968,0.00168198136154,0.00025,0.000549787581417,-0.000820003280013
2.68188,0.00168366553431,0.000286,0.000549849904944,-0.000820003280013
2.68633,0.00168526100982,0.000174,0.000549929610699,-0.000820002460007
2.68859,0.00168484191798,0.000133,0.000550122305543,-0.000820002460007
2.69077,0.00168673338929,0.000233,0.000550451033411,-0.000820002460007
2.6952,0.00168782177834,0.000257,0.000550498805535,-0.000820002460007
2.69741,0.00168907735332,0.000172,0.000550462614916,-0.000820002460007
2.69957,0.0016896462789,9.1e-05,0.000550548020917,-0.000820002460007
2.70422,0.00168501577392,0.000302,0.000550375747622,-0.000820001640003
2.70644,0.00168766111333,0.000655,0.000550689852146,-0.000820001640003
2.70871,0.00168584197908,0.000626,0.00055106885232,-0.000820001640003
2.71093,0.00168570274736,0.00047,0.000551720636033,-0.000820001640003
2.71542,0.00168406955264,0.0003583,0.00055133052669,-0.000820001640003
2.71768,0.00168107718168,0.0003885,0.000551342089506,-0.000820001640003
2.71988,0.00167949805227,0.000277,0.000551093434823,-0.000820000820001
2.72433,0.00167980426455,0.000216,0.000551201873795,-0.000820000820001
2.72658,0.00168165185091,0.00039,0.00055137244073,-0.000820000820001
2.72878,0.00168454297135,0.00033,0.00055121488502,-0.000820000820001
2.73324,0.00168766638606,0.000328,0.00055075930703,-0.000820000820001
2.7355,0.001688747682,0.000285,0.000550461167242,-0.000820000820001
2.7377,0.00169147757859,0.000385,0.000550086089907,-0.000820000820001
2.74217,0.00169205553041,0.000384,0.000549973081652,-0.000820000820001
2.74443,0.00169028437215,0.000241,0.000549896280619,-0.000820000820001
2.74664,0.00169088289878,0.000353,0.000549368524376,-0.00082
2.75112,0.00169043389171,0.00041,0.000549120418472,-0.00082
2.75339,0.00168937551456,0.000344,0.000549018822086,-0.00082
2.7556,0.00169113731869,0.000258,0.000549027531089,-0.00082
2.76006,0.0016947640937,0.000305,0.000549178465054,-0.00082
2.76231,0.00169522928463,0.000171,0.00054917991614,-0.00082
2.76452,0.00169706127702,0.000142,0.000549034788486,-0.00082
2.76678,0.00169640188191,0.000281,0.000548654370839,-0.00082
2.77122,0.00169731449099,0.00026,0.00054850765043,-0.00082
2.77342,0.00169860808657,0.000228,0.000548366703587,-0.00082
2.77568,0.00169759619057,0.0002867,0.000548254792029,-0.00082
2.78013,0.00169827951451,0.0002893,0.000548232988406,-0.00082
2.78232,0.00169996351072,0.0002713,0.000548151580517,-0.00082
2.78456,0.00170050864097,0.0002208,0.000548177748663,-0.00082
2.78901,0.00170179307972,0.0001836,0.000548291129466,-0.00082
2.79119,0.00170324228179,0.0001422,0.000548384142283,-0.00082
2.79345,0.00170234066861,0.000156,0.000548413205538,-0.00082
2.79781,0.00170410449924,0.00012,0.000548436455028,-0.00082
2.8,0.00170381468692,0.000206,0.000548362343826,-0.00082
2.80232,0.00170100901213,0.000281,0.000548167572311,-0.00082
2.80693,0.00169722019598,0.000625,0.000548607889434,-0.00082
2.80915,0.0016977667513,0.00059,0.00054888962221,-0.00082
2.81143,0.00169589466755,0.000372,0.000549221995938,-0.00082
2.81367,0.00169549613486,0.000308,0.000548805408067,-0.00082
2.81819,0.00168737447548,0.000505,0.000548321651044,-0.00082
2.82048,0.00168319632499,0.000367,0.000548042533075,-0.00082
2.825,0.00168093346204,0.000398,0.000547770546568,-0.00082
2.82724,0.0016815347775,0.000405,0.00054744165472,-0.00082
2.82953,0.00168040743286,0.000515,0.000547130043528,-0.00082
2.83177,0.00168221999018,0.00061,0.00054616787922,-0.00082
2.83632,0.00168369309408,0.000465,0.000545560553199,-0.00082
2.8386,0.00168253164113,0.000396,0.000544981798661,-0.00082
2.84086,0.00168295177024,0.000368,0.000543850292685,-0.00082
2.84542,0.00168120733497,0.000454,0.000543184643515,-0.00082
2.84772,0.00167866483493,0.000511,0.000542434453921,-0.00082
2.84999,0.00167839884237,0.000704,0.000541143079212,-0.00082
2.85456,0.0016775439662,0.000657,0.000540721769999,-0.00082
2.85685,0.00167742598863,0.000657,0.000540539004049,-0.00082
2.86142,0.0016780205189,0.000453,0.000539949022028,-0.00082
2.86369,0.0016793092628,0.000405,0.000539582915085,-0.00082
2.86598,0.00167805968766,0.000345,0.000539249073087,-0.000820000820001
2.87056,0.0016769366775,0.000328,0.000538619244614,-0.000820000820001
2.87282,0.00167732779059,0.000323,0.000538397302417,-0.000820000820001
2.87512,0.00167563316192,0.000374,0.000538317381327,-0.000820000820001
2.87967,0.00167495197399,0.00031,0.000538403222036,-0.000820001640003
2.88193,0.00167639707719,0.000309,0.000538564507181,-0.000820001640003
2.88421,0.00167600622773,0.000297,0.000539274192141,-0.000820001640003
2.88871,0.00167921626543,0.000409,0.000539878181633,-0.000820001640003
2.89094,0.00168157850439,0.000311,0.000540337006476,-0.000820001640003
2.8932,0.00168245719694,0.000528,0.000541196088258,-0.000820002460007
2.89763,0.00168788930194,0.000656,0.000541628804115,-0.000820002460007
2.8996,0.00169429867472,0.000474,0.000542153786833,-0.000820002460007
2.9043,0.00168717490746,0.000887,0.000542891149409,-0.000820002460007
2.90652,0.0016908882345,0.001016,0.000543340131733,-0.000820002460007
2.9088,0.00168939335293,0.001197,0.000544383401676,-0.000820002460007
2.91331,0.00168917671312,0.000659,0.00054607740703,-0.000820002460007
2.91554,0.00168938563661,0.000491,0.000546261254172,-0.000820002460007
2.91781,0.0016858261371,0.000442,0.000546427538822,-0.000820002460007
2.92231,0.0016828045647,0.000323,0.000546920261166,-0.000820002460007
2.92454,0.00168477881134,0.00049,0.00054740526071,-0.000820002460007
2.92683,0.00168517677943,0.00034786,0.000547556643854,-0.000820002460007
2.93134,0.00168799345483,0.00054,0.000547371776081,-0.000820002460007
2.93359,0.00169136703654,0.000459,0.000546985826805,-0.000820002460007
2.93588,0.00169260733374,0.000357,0.000546134318702,-0.000820002460007
2.94041,0.0016970597622,0.000371,0.00054572267009,-0.00082000574004
2.94266,0.00169964460871,0.000338,0.000545312172929,-0.00082000574004
2.94495,0.00169915621437,0.000459,0.000544201851364,-0.000820006560052
2.94949,0.00170036233663,0.000585,0.000543491177116,-0.000820006560052
2.95176,0.001701767264,0.000612,0.000542750216439,-0.000820006560052
2.95405,0.00170049002797,0.000449,0.000541764141796,-0.00082000574004
2.95861,0.00170024720017,0.00038,0.000541368332344,-0.00082000574004
2.96087,0.00170137322868,0.000331,0.000540880903744,-0.00082000574004
2.96545,0.00169812585102,0.000357,0.000540005097537,-0.00082000574004
2.96774,0.00169575434844,0.000355,0.000539864898043,-0.00082000574004
2.97,0.00169575082207,0.000261,0.000539695135042,-0.00082000574004
2.97457,0.00169243444313,0.000304,0.000539606542242,-0.00082000492003
2.97687,0.00168988701676,0.000375,0.000539624261943,-0.000820000820001
2.97912,0.00169091910741,0.0006,0.000539906223713,-0.000820000820001
2.98365,0.00169232373496,0.00045,0.000540013951043,-0.000820000820001
2.98594,0.00169183351188,0.000373,0.000540454970279,-0.000820000820001
2.99042,0.00169612613587,0.000438,0.000541394826641,-0.000820000820001
2.99262,0.00169993959215,0.000334,0.000541727368552,-0.000820000820001
2.9949,0.00170155806751,0.000241,0.000541877387914,-0.000820000820001
2.99919,0.00171066569441,0.000274,0.000542033246969,-0.000820000820001
3.00146,0.00170677108965,0.000249,0.000542355117568,-0.000820000820001
3.00379,0.00170781591219,0.000853,0.000542792793757,-0.000820000820001
3.00832,0.00170991582917,0.000825,0.000543432523656,-0.000820000820001
3.01059,0.00170806378879,0.001003,0.000543917692239,-0.000820000820001
3.01284,0.00170850097164,0.000512,0.000544646835431,-0.000820000820001
3.01736,0.00170400331461,0.000508,0.000544712674077,-0.00082
3.01965,0.00170042043671,0.000366,0.000544681950361,-0.00082
3.02416,0.00169840736801,0.000387,0.000545354551656,-0.00082
3.02639,0.00170040674544,0.000222,0.000545639426875,-0.00082
3.02867,0.00170023113048,0.000295,0.000545804440566,-0.00082000574004
3.03319,0.00170257798444,0.000336,0.000545724130384,-0.00082000574004
3.03542,0.00170428809718,0.000175,0.000545557631733,-0.00082000574004
3.0377,0.00170372517778,0.000467,0.000545133854062,-0.00082000574004
3.0422,0.00170296069093,0.000434,0.000544877967347,-0.00082000574004
3.04442,0.00170298989694,0.000355,0.000544506353195,-0.00082000574004
3.04893,0.00170116205539,0.00027,0.00054372572822,-0.00082000574004
3.0512,0.0016994702503,0.000349,0.000543494109624,-0.00082000574004
3.05343,0.00169969642377,0.000484,0.000543587941607,-0.000820000820001
3.05791,0.00169977829537,0.000347,0.000543831243483,-0.000820000820001
3.06018,0.00169897718056,0.000312,0.000544146202933,-0.000820000820001
3.06466,0.00169766474176,0.000188,0.000544512207341,-0.000820000820001
3.06687,0.00169734292325,0.00028,0.000544560501658,-0.00082
3.06913,0.00169554036553,0.000262,0.000544684876503,-0.00082
3.07134,0.00169470244982,0.000488,0.000545098768103,-0.00082
3.0758,0.00169058346372,0.000337,0.000545392543587,-0.00082
3.07806,0.00168803813738,0.000211,0.000545700765209,-0.00082
3.08025,0.00168752649252,0.000242,0.000546287513005,-0.00082
3.08468,0.00168628894459,0.000279,0.000546694363743,-0.00082
3.08692,0.0016859082292,0.000341,0.000547191214884,-0.00082
3.09134,0.00168609079355,0.000325,0.000547995999537,-0.00082
3.09349,0.00168786194342,0.000347,0.000548295489796,-0.00082
3.09575,0.00168646854202,0.000219,0.0005489259174,-0.00082
3.1,0.00169096931524,0.000202,0.000549219093987,-0.00082
3.10243,0.00168503942222,0.000343,0.000549567217867,-0.00082
3.10698,0.0016877331508,0.000934,0.000550062910637,-0.00082
3.1092,0.00168966671046,0.000884,0.000551769741094,-0.00082
3.11371,0.00169019299156,0.00095,0.000552029635251,-0.00082
3.11599,0.00168669909041,0.000647,0.000552342787108,-0.00082
3.12041,0.00168356519598,0.000798,0.000553099667435,-0.00082000574004
3.12259,0.00168343738289,0.001048,0.000553440999846,-0.00082000574004
3.12486,0.00168180429566,0.000431,0.000553543213819,-0.00082000492003
3.12932,0.00167924255098,0.000675,0.000553973453273,-0.00082000492003
3.13152,0.00167955179446,0.000518,0.000554261048718,-0.00082000492003
3.13599,0.00168172095194,0.0004059,0.000554281174695,-0.00082000492003
3.13826,0.00167985186006,0.00055795,0.000554092823875,-0.00082000492003
3.14047,0.0016784874004,0.00045165,0.000553145767034,-0.00082000410002
3.14496,0.00167504680496,0.00037696,0.000552670177062,-0.000820004100021
3.14723,0.00167320782886,0.000379,0.000552123455414,-0.000820004100021
3.15173,0.00167048472604,0.000557,0.000550495910374,-0.000820004100021
3.15395,0.00167045375081,0.000591,0.000549809322992,-0.000820004100021
3.15846,0.00167146065015,0.000675,0.000548517820443,-0.000820003280013
3.16073,0.00167123477171,0.000495,0.000547897102598,-0.000820003280013
3.16295,0.0016727643352,0.000357,0.000546861973994,-0.000820003280013
3.16745,0.00167333372053,0.000409,0.000546468372932,-0.000820003280013
3.16972,0.00167243486356,0.000398,0.000545509425299,-0.000820003280013
3.1742,0.00167064483945,0.000306,0.000545087072283,-0.000820003280013
3.17643,0.00167099655274,0.000402,0.000544788744434,-0.00082000574004
3.18093,0.00167143652721,0.00030235,0.000544816536736,-0.000820006560052
3.18321,0.00167040682458,0.00026348,0.000544956939435,-0.000820006560052
3.1877,0.001670435768,0.000251,0.000545171861315,-0.000820007380066
3.1899,0.00167220171389,0.000207,0.00054528002136,-0.000820007380066
3.19434,0.00167339813311,0.00011,0.000545361858001,-0.000820008200082
3.19663,0.00167162809112,0.0001095,0.000545375009177,-0.000820008200082
3.19874,0.00167563062806,0.00015626,0.000545331170695,-0.000820009020099
3.20098,0.00167269147858,0.00025434,0.000545509425299,-0.000820009020099
3.20561,0.00167455761042,0.00076,0.000545307788735,-0.000820009020099
3.20788,0.00167332827228,0.000426,0.000545646729418,-0.000820009840118
3.21012,0.00167406192955,0.000564,0.000545886198822,-0.000820009840118
3.21466,0.00167073106194,0.000391,0.000545702225561,-0.000820010660139
3.21694,0.0016675463825,0.000627,0.000545680319862,-0.000820010660139
3.22146,0.00166349563034,0.000283,0.000545204019236,-0.000820010660139
3.2237,0.0016642318107,0.000394,0.000545009581166,-0.000820010660139
3.22598,0.00166413756845,0.000343,0.000544456590428,-0.000820011480161
3.23051,0.00166737446057,0.000429,0.000543963109002,-0.000820011480161
3.23276,0.00167041554238,0.000497,0.000543301997194,-0.000820011480161
3.2373,0.00167361407092,0.000391,0.000542269891673,-0.000820012300185
3.23958,0.00167310749988,0.000426,0.00054178620456,-0.000820012300185
3.24183,0.00167411778103,0.000391,0.000540821970692,-0.000820012300185
3.24638,0.00167327925509,0.000389,0.000540248517012,-0.000820012300185
3.24868,0.00167147702034,0.000595,0.000539827997499,-0.000820012300185
3.25324,0.0016711447224,0.000849,0.000539218042085,-0.000820012300185
3.2555,0.00167260666,0.00076,0.000539108680797,-0.000820012300185
3.2578,0.00167216363385,0.000491,0.000539476580325,-0.000820012300185
3.26234,0.00167542072983,0.00038,0.000539729091834,-0.000820012300185
3.26459,0.00167792721984,0.000419,0.000539903271983,-0.000820012300185
3.26911,0.00168039848294,0.000451,0.000540081823181,-0.000820012300185
3.27138,0.001679906251,0.000472,0.000540375347488,-0.000820012300185
3.27588,0.00168113918148,0.0006,0.000541603792414,-0.000820012300185
3.27809,0.0016827354706,0.000623,0.000542219925512,-0.000820012300185
3.28035,0.00168295963853,0.000613,0.00054353369695,-0.000820011480161
3.2848,0.00168506234997,0.000561,0.000544285313414,-0.000820011480161
3.28698,0.00168701034977,0.000584,0.000545858460783,-0.000820010660139
3.2914,0.00168879685993,0.000617,0.000546595230888,-0.000820010660139
3.29366,0.00168758752131,0.000615,0.000547363040622,-0.000820010660139
3.29581,0.00168898160096,0.000626,0.000548607889434,-0.000820009840118
3.3,0.00169391875832,0.000531,0.000549320653078,-0.000820009840118
3.3024,0.00168430017781,0.000721,0.000549803525323,-0.000820009020099
3.30694,0.0016869497092,0.000657,0.000550669592803,-0.000820009020099
3.30921,0.00168600190484,0.000881,0.00055194301766,-0.000820009020099
3.31141,0.00168583436401,0.000967,0.000553930300815,-0.000820008200082
3.31588,0.00168749001458,0.000814,0.000553950439055,-0.000820008200082
3.31815,0.00168557642985,0.000997,0.000554848707413,-0.000820008200082
3.32264,0.00168472080902,0.001049,0.000554933427196,-0.000820008200082
3.32487,0.00168684268436,0.00086,0.000555013826958,-0.000820008200082
3.32937,0.00168806678759,0.000686,0.000554799879834,-0.000820007380066
3.33165,0.00168742031869,0.000922,0.000554683537602,-0.000820007380066
3.33385,0.00169106217847,0.000777,0.000554124459876,-0.000820007380066
3.33834,0.00169847466375,0.000713,0.000553484191195,-0.000820006560052
3.3406,0.00170065415211,0.000681,0.000551941573916,-0.000820006560052
3.3451,0.00170580875364,0.0007,0.00055113970476,-0.000820006560052
3.34735,0.00170936613384,0.000661,0.000550207764903,-0.000820006560052
3.3519,0.00171001216079,0.000754,0.000548362343826,-0.00082000574004
3.35418,0.00170894685664,0.000698,0.00054757265308,-0.00082000574004
3.35644,0.00171042734576,0.001037,0.000546213109703,-0.00082000492003
3.36102,0.0017104780743,0.001151,0.000545487511879,-0.00082000492003
3.36331,0.00171056179439,0.001146,0.000544204780073,-0.00082000492003
3.36789,0.00171159517213,0.000966,0.000543662702471,-0.000820004100021
3.37018,0.00171255384797,0.000725,0.000542993890211,-0.000820004100021
3.37477,0.00170895863677,0.000706,0.000541151914408,-0.000820003280013
3.37708,0.00170443778005,0.0008,0.000539972633466,-0.000820003280013
3.37936,0.00170205113757,0.0006,0.000538117527859,-0.000820003280013
3.38395,0.00169554402952,0.000552,0.000537496779884,-0.000820002460007
3.38626,0.00169162188842,0.000619,0.000537163153952,-0.000820002460007
3.39083,0.00169049722789,0.000694,0.000537602015506,-0.000820001640003
3.39312,0.00169255971226,0.000673,0.000538110124487,-0.000820001640003
3.39764,0.00169742780607,0.000316,0.000539019993528,-0.000820000820001
3.4,0.00169829978566,0.000423,0.000539476580325,-0.00081997274388
3.40239,0.00170007305723,0.00068,0.000539031819323,-0.000819968597389
3.40699,0.00170465331352,0.000635,0.000539325904231,-0.00082
3.40928,0.00170578591315,0.000669,0.000539325904231,-0.00082
3.41385,0.00170470414327,0.000788,0.000538829267507,-0.00082
3.41616,0.00170035188639,0.000633,0.000538570425004,-0.000819939371688
3.42073,0.00169582265379,0.000528,0.000539209175763,-0.000819896318392
3.42299,0.0016972463979,0.000543,0.000540729138319,-0.000819745177176
3.42756,0.00169668485386,0.000643,0.000541628804115,-0.000819686468786
3.42985,0.00169527866405,0.00041,0.000542681204803,-0.000819525155927
3.43442,0.00169641292803,0.000461,0.000543246257328,-0.000819389051867
3.43668,0.00169873543261,0.000632,0.000544398040209,-0.00081948510557
3.44123,0.00170018587181,0.000707,0.000545180631844,-0.000819510389235
3.44353,0.00169898055681,0.000628,0.00054588473896,-0.000819540857937
3.44807,0.00170028715589,0.00037772,0.00054675121124,-0.000819702612666
3.45032,0.00170165909019,0.000339605,0.000546934831988,-0.000819801461922
3.45486,0.00170334546498,0.000433,0.000547511524421,-0.00081989296455
3.45715,0.00170340909338,0.000505,0.000547929100626,-0.000819894910914
3.46169,0.00170374387738,0.000423,0.000548607889434,-0.000819891146952
3.46394,0.0017043817817,0.000402,0.000548726990109,-0.000819926559553
3.46623,0.00170300941739,0.000391,0.00054898833948,-0.00082
3.47076,0.00170300586331,0.000349,0.000549252465488,-0.00081996714645
3.473,0.0017038634798,0.000321,0.000550029588709,-0.000819766705966
3.47751,0.00170395932595,0.000268,0.00055041773521,-0.000819653813089
3.47977,0.00170441497063,0.00021182,0.000551039930307,-0.000819427432362
3.48423,0.00170707199565,0.000227,0.000551277045471,-0.000819315614878
3.48641,0.00170891219408,0.00022507,0.000551683082114,-0.000819101321171
3.49085,0.00171155070953,0.000324,0.000551826062031,-0.000819015779487
3.49308,0.0017129025915,0.000462,0.000552110465895,-0.000818925188439
3.49744,0.00171728783388,0.000438,0.000552199942957,-0.000818939008566
3.49957,0.00171832757939,0.000503,0.000552448092606,-0.000819106687479
3.50419,0.00171525937065,0.00052,0.000552742262902,-0.000819180206231
3.5064,0.00171752267235,0.000864,0.000553710169925,-0.000819293436485
3.51088,0.00171635756356,0.000736,0.000554368857744,-0.000819379508331
3.51314,0.00171547903789,0.000398,0.00055465911693,-0.0008195482486
3.51762,0.00171320439418,0.0003051,0.000554420598472,-0.00082
3.51984,0.00171272266866,0.000427,0.000554072690915,-0.00082
3.52433,0.00171162288691,0.00023296,0.000553949000634,-0.00082
3.5266,0.00171128053051,0.00024053,0.000553756217752,-0.00082
3.53111,0.00171213203433,0.000427,0.000552883523424,-0.00082
3.53335,0.00171362656847,0.000484,0.00055219128453,-0.00082
3.53788,0.00171433857715,0.000534,0.00055075207256,-0.00082
3.54016,0.00171393675621,0.000536,0.000550093333227,-0.00082
3.54469,0.00171393369345,0.000466,0.00054876329612,-0.00082
3.54694,0.00171508860026,0.000546,0.000547969822678,-0.00082
3.54923,0.00171399128579,0.000621,0.000546334192261,-0.00082
3.55378,0.00171322754892,0.000591,0.000545801520402,-0.00082
3.55603,0.00171409090535,0.000437,0.000545385237652,-0.00082
3.56058,0.00171350565054,0.000372,0.000545277098397,-0.00082
3.56287,0.00171199282104,0.000468,0.00054493207908,-0.00082
3.56741,0.00171037942565,0.000452,0.000544837014372,-0.00082
3.56965,0.00171074985334,0.000221,0.000544940853452,-0.00082
3.57416,0.00171028475633,0.00019781,0.000545081224279,-0.00082
3.57644,0.00170882213411,0.000278,0.000545532798646,-0.00082
3.58094,0.00170865832929,0.000358,0.00054581758111,-0.000820000820001
3.58315,0.00171052259023,0.000482,0.000546646257397,-0.000820000820001
3.58763,0.00171170159276,0.000462,0.000547154804187,-0.000819983947826
3.58989,0.00171153377751,0.000434,0.000548264966755,-0.000819807230528
3.59433,0.00171353157921,0.000474,0.000548843160842,-0.000819711677922
3.59651,0.00171455398673,0.000421,0.000549870194788,-0.000819563265064
3.60098,0.00171165840333,0.000445,0.000550430765183,-0.000819453322812
3.60326,0.00171351740731,0.000912,0.000551784182916,-0.000819123901814
3.60783,0.00171320242192,0.000952,0.000552740821278,-0.000819024327882
3.61006,0.00171507045579,0.000934,0.000554100014037,-0.000818862395963
3.6146,0.00171147646773,0.000605,0.000554202104064,-0.000818859466363
3.61688,0.00170839240578,0.000446,0.000554042490074,-0.000819249431996
3.62139,0.00170484503722,0.000371612,0.000554097137984,-0.000819553786336
3.62363,0.00170600204966,0.0002301663,0.000554078443265,-0.000819969163886
3.62815,0.00170763292913,0.000246,0.000553867004339,-0.000820009840118
3.63043,0.0017076606829,0.000474,0.000552833077451,-0.000820009020099
3.63497,0.00170859251051,0.000493,0.000552168194717,-0.000820009020099
3.63721,0.00170926693543,0.000427,0.000550840326535,-0.000820008200082
3.64175,0.00170675100458,0.00046,0.000550187487623,-0.000820008200082
3.6463,0.00170345465006,0.00062,0.000548668895466,-0.000820008200082
3.6486,0.00170044105273,0.000578,0.000547857829727,-0.000820007380066
3.65086,0.00170018922961,0.000656,0.000546417329818,-0.000819977632339
3.65542,0.0016988709922,0.000562,0.000545929992862,-0.000819898801791
3.65997,0.0016985879301,0.000481,0.000545087072283,-0.00081968971369
3.66227,0.00169790457452,0.0005,0.00054454001368,-0.00081962871132
3.66683,0.00169885411422,0.000505,0.000543253591844,-0.00081955598172
3.66907,0.00170050802946,0.000334,0.00054233748571,-0.000819364882267
3.67362,0.00170150494195,0.000311,0.000542034717127,-0.000819211567565
3.67591,0.00170084437091,0.000518,0.000541664112812,-0.000818927843979
3.68046,0.00170132347793,0.00059,0.000541612620203,-0.000818941590025
3.68271,0.00170224666034,0.000348,0.000541558179909,-0.000818977589002
3.68726,0.00170309905796,0.000259,0.000541634689055,-0.000819038407687
3.68955,0.0017020474344,0.000141,0.000541822973863,-0.00081912269559
3.69409,0.00170247678307,0.00012089,0.000541881799628,-0.000819150280996
3.69632,0.00170438166649,0.00019807,0.000541986199841,-0.000819085534122
3.70097,0.00170353930129,0.000445,0.000542086170169,-0.000818943028729
3.70326,0.00170644125758,0.000341,0.000541971496787,-0.000818840531041
3.70781,0.00170944853655,0.000648,0.00054287647058,-0.000818588157325
3.71009,0.00171098718851,0.000369,0.000543781419362,-0.000818612229505
3.71465,0.00170876519539,0.000383,0.00054364071504,-0.000818850777362
3.71695,0.00170463817413,0.000393,0.000543599669475,-0.000819249085296
3.7215,0.00170058134563,0.000229,0.000543831243483,-0.000819390474293
3.72376,0.00170170794085,0.000224,0.000544219423379,-0.000819635339431
3.72832,0.00170103868701,0.00024,0.000544336555742,-0.000819754579625
3.73062,0.00169978632525,0.000553,0.000544342411703,-0.000819981050775
3.73518,0.00170147959918,0.000341,0.000544459517775,-0.000820004100021
3.73744,0.00170331064045,0.00049,0.000544700970008,-0.00081998501465
3.74198,0.00170400745123,0.000451,0.00054474339607,-0.000820004100021
3.74427,0.00170352042586,0.00025,0.000544481472377,-0.000820003280013
3.74881,0.00170430285859,0.000193,0.000544266279329,-0.000820003280013
3.75334,0.00170471629388,0.0001732,0.000544201851364,-0.000819998482173
3.75557,0.00170654597808,0.000218,0.000544380473922,-0.000819933213391
3.76007,0.00170904168426,0.000297,0.000545095844171,-0.000819786434825
3.76234,0.00170940005106,0.000226,0.00054541738304,-0.000819754801152
3.76682,0.00171103879923,0.000286,0.000545918314794,-0.000819763559811
3.76903,0.00171227986261,0.000395,0.000546252500947,-0.000819762343866
3.77349,0.00171285258981,0.00045,0.000546914432729,-0.000819760079343
3.77575,0.00171282712019,0.000286,0.000547265485181,-0.000819793152442
3.7802,0.00171374612996,0.000186,0.000547804006761,-0.000819921534653
3.78241,0.00171476835317,0.000239,0.000548392861422,-0.000820000820001
3.78686,0.00171534392789,0.000312,0.000548840256875,-0.000820001640003
3.78911,0.00171523324695,0.000283,0.000549699156745,-0.000820001640003
3.79353,0.0017189205021,0.00026,0.000550075949098,-0.000820002460007
3.7957,0.00172005712695,0.000345,0.000550629071856,-0.000820003280013
3.8,0.00172479129762,0.000324,0.00055108331275,-0.000820003280013
3.80238,0.00171991631562,0.000508,0.000551408570932,-0.00082000410002
3.80685,0.00172277778114,0.000789,0.000552660084282,-0.000819982245126
3.8091,0.00172243407648,0.000588,0.000553275401194,-0.000819914938116
3.81359,0.00171896173379,0.00067,0.000554284049773,-0.000819923955896
3.81581,0.00171674183779,0.00045687,0.000554238046688,-0.00082000574004
3.82031,0.00170942299799,0.00031411,0.000554102890075,-0.00082000574004
3.82258,0.00170502433014,0.000277,0.000554498200317,-0.00082000574004
3.82707,0.00170176972056,0.00029,0.000554374606957,-0.00082000574004
3.8293,0.00170241734644,0.000583,0.000553648287009,-0.00082000492003
3.83379,0.00170190473715,0.000509,0.00055313856423,-0.00082000492003
3.83606,0.00170103382938,0.000414,0.000552002207839,-0.00082000492003
3.84056,0.00170045632204,0.000453,0.000551405680604,-0.00082000492003
3.84505,0.00169858133459,0.000529,0.0005500614619,-0.00082000410002
3.84728,0.00169848740576,0.000552,0.000549326455883,-0.00082000410002
3.85178,0.00169609905853,0.000389,0.00054811087202,-0.00082000410002
3.85405,0.00169409990197,0.000269,0.000547454755969,-0.000820000820001
3.85855,0.00169297896789,0.000325,0.000547428553156,-0.000819999366023
3.86077,0.00169352759035,0.000234,0.000547400893266,-0.00082
3.86524,0.00169281358487,0.000259,0.000547297520232,-0.00082
3.8675,0.00169167418707,0.000343,0.000547148978251,-0.00082
3.87197,0.00169118245493,0.000474,0.000547236360777,-0.00082
3.87417,0.00169176917654,0.00036,0.00054755227762,-0.00082
3.87863,0.00169208564361,0.00023909,0.000547734174467,-0.00082
3.88308,0.00169356542863,0.000315,0.000548360890565,-0.00082
3.88533,0.00169372565583,0.000324,0.000548814120478,-0.00082
3.88976,0.00169539308528,0.000339,0.000549752793094,-0.00082
3.89194,0.00169692679929,0.000288,0.000550167209589,-0.00082
3.89633,0.00169977808559,0.000236,0.000550834539828,-0.000820000820001
3.89859,0.00169789692944,0.000314,0.000551167175674,-0.000820000820001
3.90283,0.00169770659396,0.000401,0.000551607966499,-0.000820000820001
3.90505,0.00169906514236,0.000486,0.000551918473501,-0.000820000820001
3.90956,0.0016982393509,0.00056,0.000552897935699,-0.000820000820001
3.91182,0.00169763844995,0.00034386,0.000553648287009,-0.000820000820001
3.91634,0.00169440929999,0.00039166,0.000553538895308,-0.000820000820001
3.91857,0.00169289942151,0.000535,0.000553255237911,-0.000820000820001
3.92309,0.00168842558967,0.000418,0.00055319330315,-0.000820001640003
3.92761,0.00169025122813,0.000591,0.000552833077451,-0.000820001640003
3.92988,0.00169117032999,0.00071,0.000552361541635,-0.000820001640003
3.93442,0.00169310093002,0.000651,0.000550973403846,-0.000820001640003
3.93667,0.00169458296824,0.000552,0.000549317751652,-0.000820001640003
3.94121,0.00169480331863,0.000519,0.000548564309521,-0.000820002460007
3.94351,0.00169249707951,0.000562,0.000547049927825,-0.000820002460007
3.94807,0.00169051352572,0.000729,0.000546315229294,-0.000820002460007
3.95265,0.00168878333336,0.000828,0.000544848715534,-0.000820002460007
3.95492,0.00168890143746,0.000608,0.000544197458273,-0.000820002460007
3.95949,0.00168965659563,0.000357,0.000543312264446,-0.000820003280013
3.96179,0.00168907919467,0.00037,0.000542315445091,-0.000820003280013
3.96636,0.00168817208928,0.000451,0.000541711187545,-0.000820003280013
3.96863,0.00168773011772,0.000264,0.000540798395702,-0.00082000410002
3.97319,0.0016851802366,0.000421,0.00054051394269,-0.00082000410002
3.97775,0.00168331316241,0.00022387,0.000540444649456,-0.00082000410002
3.98005,0.00168181262539,0.000308,0.000540539004049,-0.000820004920029
3.98459,0.00168244466597,0.000286,0.000540920679982,-0.000820004920029
3.98685,0.0016831055545,0.000214,0.000541235841687,-0.000820004920029
3.99136,0.00168432370337,0.000345,0.000542025896121,-0.00082000574004
3.99363,0.00168443731681,0.000315,0.000542488807393,-0.00082000574004
3.99812,0.00168654084942,0.000348,0.000543359198008,-0.00082000574004
4,0.00169718950387,0.000367,0.000544152060929,-0.000820002460007
4.00465,0.0016890607383,0.000803,0.000544298490471,-0.000820006560052
4.00919,0.00168751180653,0.00105,0.000545988379462,-0.000820007380066
4.01148,0.00168638425572,0.000613,0.000547119847637,-0.000820007380066
4.01603,0.00168354893687,0.0002863,0.000546765786569,-0.000820007380066
4.02056,0.001679634259,0.0003493,0.000546535450921,-0.000820008200082
4.02281,0.00168124240993,0.000311,0.000546622931584,-0.000820008200082
4.02736,0.00168491691674,0.000387,0.000546490247093,-0.000820009020099
4.03192,0.00168738821228,0.000778,0.000545946049798,-0.000820009020099
4.03421,0.00168854756512,0.000437,0.000544755099233,-0.000820009840118
4.03877,0.00169051122225,0.000539,0.000543709606044,-0.000820009840118
4.04334,0.00168956766601,0.000367,0.000543272661129,-0.000820009840118
4.04792,0.00168891941217,0.000531,0.000542078820029,-0.000820010660138
4.05021,0.00168923799789,0.000771,0.000540786607827,-0.000820010660138
4.05479,0.00168831514142,0.000589,0.000540275065346,-0.000820010660138
4.05938,0.00168840695475,0.000417,0.000540233767383,-0.00082001148016
4.06168,0.00168732276857,0.000399,0.000540285389353,-0.00082001148016
4.06626,0.00168637791441,0.000402,0.000540126083108,-0.00082001148016
4.07085,0.00168540242042,0.000337,0.000539734997149,-0.00082001148016
4.07314,0.00168553247237,0.000217,0.000539920982129,-0.000820010660138
4.07771,0.00168424743159,0.000265,0.000539957876436,-0.000820010660138
4.0823,0.00168424376261,0.000552,0.000539950497772,-0.000820010660138
4.08459,0.00168429632241,0.00027637,0.000539919506305,-0.000820010660138
4.08915,0.00168753844019,0.00025603,0.000539946070527,-0.000820010660138
4.09366,0.00169265278719,0.000261,0.000539999195121,-0.000820010660138
4.09816,0.00169753659708,0.000171,0.00054008329857,-0.000820009840118
4.1005,0.00169821517117,0.000465,0.000539724662806,-0.000820009840118
4.10514,0.00170331385495,0.001024,0.000539615402164,-0.000820009840118
4.10741,0.00170383516516,0.001278,0.000540976656476,-0.000820009020099
4.11199,0.00170411210822,0.000756,0.000541908269166,-0.000820009020099
4.11654,0.00170109212476,0.000395,0.000542512309931,-0.000820008200082
4.11881,0.00170010144877,0.000591,0.000542872066855,-0.000820008200082
4.12339,0.0016986063032,0.000671,0.00054337826362,-0.000820008200082
4.12569,0.00169856063052,0.000301952,0.000544235530564,-0.000820007380066
4.13028,0.00169825066694,0.000787,0.00054426335095,-0.000820007380066
4.13485,0.00169995203814,0.000569,0.00054401438147,-0.00082000492003
4.13712,0.00170229487207,0.000392,0.000543951388907,-0.000820006560052
4.1417,0.00170177604,0.000333,0.000543851757981,-0.000820006560052
4.144,0.00170061237203,0.000453,0.000543086340482,-0.00082000574004
4.1486,0.00170021777006,0.000577,0.000542569593148,-0.00082000574004
4.15319,0.00169991664907,0.000395,0.000542071469792,-0.00082000410002
4.15549,0.00170009651335,0.000339,0.000542352178965,-0.00082000410002
4.1601,0.00169841968725,0.000311,0.00054238891038,-0.00082000410002
4.16468,0.0016980074388,0.000303,0.000541789146195,-0.00082000410002
4.16698,0.00169704817582,0.000386,0.000540923626255,-0.000820003280013
4.17158,0.00169765985852,0.000474,0.000540649555232,-0.000820003280013
4.17387,0.00169854205565,0.00024388,0.000540276540216,-0.000820003280013
4.17846,0.00169727279468,0.000284,0.000540179190317,-0.000820003280013
4.18305,0.00169694384411,0.000267,0.000540123132557,-0.000819995950148
4.18535,0.00169544689164,0.000615,0.000540165913996,-0.000819885231631
4.18994,0.00169453382624,0.00043,0.000540288339033,-0.000819798569623
4.1945,0.00169673481823,0.000164,0.000540211642199,-0.000819746788775
4.19671,0.00170021002449,0.000322,0.000540342905267,-0.000819774757045
4.20138,0.00170290772407,0.00036,0.000540481508647,-0.000819694542455
4.20368,0.00170494401564,0.000519,0.00054075271628,-0.000819451401167
4.20824,0.00170550873385,0.001163,0.000541421319661,-0.000819333072506
4.21281,0.00170562959773,0.000431,0.000541156331953,-0.000819480563991
4.21507,0.00170526353317,0.000651,0.000540500674449,-0.000819983349201
4.21963,0.0017021873383,0.00036,0.000540146736521,-0.000820000820001
4.2242,0.00170395025552,0.000283,0.000540050839114,-0.000820000820001
4.2265,0.00170332496559,0.000312,0.000539816188802,-0.000820000820001
4.23109,0.00170325972818,0.000464,0.000539529750274,-0.000820000820001
4.23566,0.00170444126682,0.000282,0.000539203264802,-0.000820000820001
4.23795,0.00170553617506,0.000524,0.000538954947116,-0.000820000820001
4.24255,0.00170363572152,0.000455,0.000538784903147,-0.000820000820001
4.24714,0.00170454327974,0.00051,0.00053806866376,-0.000820000820001
4.24944,0.00170455606666,0.000535,0.000537421175699,-0.000820000820001
4.25404,0.00170686307161,0.000439,0.00053748492109,-0.000820000820001
4.25864,0.00171005437482,0.000431,0.000537886495749,-0.000820000820001
4.26093,0.00171212727426,0.000475,0.000537880570575,-0.000820000820001
4.26551,0.00171440487376,0.000348,0.000537778351291,-0.000820000820001
4.27011,0.00171693857293,0.0001036,0.000537726493681,-0.000820000820001
4.27242,0.00171654514716,0.000277,0.000537953149569,-0.000820000820001
4.277,0.0017181797796,0.000414,0.000538224125398,-0.000820000820001
4.28161,0.00172050739776,0.000522,0.00053900816748,-0.000820000820001
4.28389,0.00172316889824,0.00028132,0.000539560763705,-0.000819906501773
4.28846,0.00172611505048,0.00030092,0.000539898844357,-0.00081978404573
4.293,0.00173004328921,0.000283,0.000540530158994,-0.000819556568309
4.2953,0.0017296769604,0.000281,0.000540602389447,-0.000819377902377
4.2996,0.00173872430705,0.0002936,0.000540733559264,-0.000819282356491
4.30196,0.00173102964836,0.0002671,0.000540898582427,-0.000819135143266
4.3044,0.00172813297018,0.000864,0.000540847018011,-0.000818727314783
4.30896,0.00172914533547,0.000823,0.000541464000171,-0.000818528720294
4.31354,0.00172520196501,0.00116,0.000542850047699,-0.000818376200236
4.31583,0.0017231487341,0.000924,0.000543851757981,-0.000818224381203
4.3204,0.00171755151338,0.001019,0.000544585378887,-0.00081814415087
4.32266,0.00171654330061,0.000717,0.000546589398984,-0.000818289832147
4.3272,0.00171624477243,0.000591,0.000547314993104,-0.000818472575135
4.33174,0.00171394812647,0.000478192,0.000547707985054,-0.000819181678608
4.33402,0.00171557846443,0.000658,0.00054760175956,-0.000819881676609
4.3385,0.00172376433068,0.000416,0.000547345569286,-0.00082
4.343,0.00172839860524,0.000414,0.000546259795311,-0.00082
4.34524,0.00173090107552,0.000497,0.000544904292642,-0.00082
4.34979,0.00173410831749,0.000439,0.00054431166721,-0.00082
4.35434,0.00173482449857,0.000419,0.000543831243483,-0.00082
4.35664,0.00173363503145,0.000332,0.000543624590363,-0.00082
4.36121,0.00173246361751,0.000459,0.000543403194574,-0.00082
4.36579,0.00173175171298,0.00053,0.000542594560884,-0.00082
4.36808,0.00173312614829,0.000397,0.000542158196326,-0.00082
4.37267,0.0017336663903,0.000321,0.000541943559899,-0.00082
4.37725,0.00173146560505,0.000445,0.000541196088258,-0.00082
4.37956,0.00172962013739,0.000519,0.000540108379565,-0.00082
4.38414,0.00172800290369,0.000618,0.000539625738559,-0.00082
4.38873,0.00172817182944,0.000564,0.000538996341177,-0.00082
4.39099,0.00173021635742,0.000702,0.000538499406936,-0.00082
4.39557,0.00173243316182,0.000634,0.000538124931133,-0.00082
4.4,0.00173660469175,0.00044,0.000538079029235,-0.00081999550772
4.40247,0.0017297878255,0.000599,0.000537969441499,-0.000819799303451
4.40706,0.00173088731086,0.000739,0.000538120489181,-0.000819672771469
4.40934,0.00173007334017,0.000851,0.000538225605774,-0.000819429649449
4.41397,0.00172643088488,0.000441,0.000538323301806,-0.000819438498791
4.41852,0.00172133404423,0.000376,0.000538268534952,-0.000819455588476
4.42325,0.00171599605735,0.000527,0.000539565194052,-0.000819434610753
4.42552,0.00171575906053,0.000847,0.000540238192313,-0.000819443783507
4.4301,0.00171983582719,0.000562,0.00054030751157,-0.000819497722146
4.43468,0.00172338738396,0.000469,0.000540373872883,-0.000819603418652
4.43699,0.00172318892921,0.000786,0.000540360601261,-0.000819658878372
4.44158,0.00172123107559,0.000723,0.00054051099422,-0.000819765193843
4.44616,0.00171489768159,0.000478,0.000539977060497,-0.00082
4.44845,0.001713088184,0.000449,0.000539534180871,-0.00082
4.45303,0.00170943102853,0.000368,0.000539726139152,-0.00082
4.45762,0.00170893441438,0.000373,0.000540341430575,-0.00082
4.45993,0.00170842297073,0.000395,0.000540737980173,-0.00082
4.46452,0.00170934955907,0.000254,0.0005409103679,-0.00082
4.46908,0.00170862954555,0.000455,0.000541131298729,-0.00082
4.47136,0.00170867890679,0.000411,0.000541209339721,-0.00082
4.47596,0.00170590920956,0.000387,0.000541306507347,-0.00082
4.48052,0.0017067853461,0.000461,0.000541590550464,-0.00082
4.48282,0.00170654445236,0.000612,0.000542629807519,-0.00082
4.48738,0.00170855581787,0.000565,0.000543263860003,-0.000819997527832
4.49192,0.00171160913338,0.000453,0.000544541477132,-0.00082
4.49418,0.00171314261558,0.000322,0.000545002270117,-0.00082
4.49864,0.00171627450898,0.000399,0.000545089996261,-0.000819995224038
4.50099,0.00171523062808,0.00064,0.000545091458245,-0.000819931133159
4.50556,0.00171922611086,0.000726,0.000545299020243,-0.000819876162941
4.51013,0.00171760383656,0.000787,0.000546083244397,-0.000819623622803
4.51242,0.00171722313604,0.000406,0.000546482955803,-0.000819727620354
4.51696,0.00171356397104,0.000405,0.000546786191376,-0.000819851101968
4.52151,0.00170992161935,0.000623,0.000547322273303,-0.00082
4.52376,0.00171083263045,0.00023893,0.000547707985054,-0.00082
4.52833,0.00171082098169,0.000283,0.000547809825716,-0.00082
4.53289,0.00171213288085,0.000377,0.000547559554657,-0.00082
4.53519,0.00171257098999,0.000303,0.000547051384579,-0.00082
4.53975,0.00171426429441,0.000383,0.000545913935454,-0.00082
4.54433,0.0017148881835,0.000479,0.000545214250906,-0.00082
4.54892,0.00171619790201,0.000643,0.000543428124394,-0.00082
4.5512,0.0017173793491,0.000616,0.000541565537021,-0.00082
4.55581,0.00171577006441,0.000477,0.000540879430495,-0.00082
4.5604,0.00171601267195,0.00047,0.000539935740149,-0.00082
4.565,0.00171412878629,0.000311,0.000539333291275,-0.00082
4.56731,0.00171251954846,0.000317,0.000538635516856,-0.00082
4.57191,0.00171320419057,0.000287,0.000538425420042,-0.00082
4.57652,0.00171335618067,0.000377,0.000538528998911,-0.000819933127237
4.57881,0.0017142089657,0.000473,0.000538792297455,-0.000819709292254
4.58341,0.00171412389549,0.00030518,0.000538981557941,-0.000819361321536
4.58798,0.00171454451116,0.0003309,0.000539111636793,-0.000819138620903
4.59254,0.00171369625345,0.00030825,0.000539274192141,-0.000818691713391
4.59484,0.00171223070084,0.00024273,0.000539662652672,-0.000818421830494
4.59919,0.00171938495507,0.000428,0.000540294238346,-0.000818369309569
4.60149,0.00171322982899,0.000483,0.000540347329319,-0.000817995814054
4.60617,0.00171291206986,0.000858,0.000541188726196,-0.000817776295993
4.61073,0.00171230195886,0.001279,0.000541468415207,-0.00081766561471
4.6153,0.00170930966436,0.000686,0.000541940619091,-0.000817756690022
4.61985,0.00170270621262,0.000673,0.000542255196215,-0.000818240646094
4.6221,0.00170189604473,0.000543,0.000543169972539,-0.000818657030324
4.62664,0.00170288759153,0.000437,0.00054441267835,-0.000819213183909
4.63117,0.00170460448992,0.000455164,0.000544958401773,-0.000819586964698
4.6357,0.00170982892538,0.000317,0.000545937291528,-0.000820000820001
4.63799,0.00171128556036,0.000845,0.000546738093111,-0.000820000820001
4.64252,0.00171144380752,0.000707,0.000547395069953,-0.000820001640003
4.64705,0.00171032473596,0.000502,0.000547600304273,-0.000820001640003
4.65158,0.0017098013992,0.0002178,0.000547844738142,-0.000820002460007
4.65609,0.00171076189181,0.000337,0.000548638393303,-0.000820003280013
4.65831,0.00171238070969,0.000321,0.000549641165567,-0.000820004100021
4.66283,0.00171421356766,0.000149,0.00055010057645,-0.00082000492003
4.66733,0.00171470886969,0.000297,0.000550197626357,-0.00082000574004
4.67182,0.00171429224387,0.000394,0.000550142585248,-0.000820006560052
4.67628,0.00171357963365,0.000344,0.000550086089907,-0.000820007380066
4.68074,0.00171341246413,0.000232,0.000550091884571,-0.000820008200082
4.68299,0.00171392221812,0.000311,0.000550349684732,-0.000820009020099
4.68744,0.00171501616548,0.000375,0.000550692746276,-0.000820009020099
4.69186,0.00171674896286,0.000382,0.000551475044238,-0.000820009840118
4.69401,0.0017178650524,0.000284,0.000552078712432,-0.000820010660139
4.69843,0.00171729025288,0.000399,0.000552205715165,-0.000820011480161
4.70294,0.00171138703649,0.000512,0.000552547609196,-0.000820011480161
4.70515,0.00171430527481,0.000558,0.000553288362909,-0.000820012300185
4.70968,0.00171509832381,0.000674,0.000554702211493,-0.000820012300185
4.7142,0.00171057063811,0.000344,0.00055519611799,-0.00082001312021
4.71871,0.00170605820243,0.00036,0.000555817169754,-0.00082001312021
4.72098,0.0017039810796,0.000559,0.000556229854431,-0.00082001312021
4.72548,0.00170266312997,0.000381,0.000556132443328,-0.00082001312021
4.72999,0.00170212071273,0.000605,0.000555629351533,-0.000820013940237
4.73449,0.00170249072081,0.00064,0.000554420598472,-0.000820013940237
4.73672,0.00170385693977,0.000469,0.000553082379077,-0.000820013940237
4.74125,0.00170322719851,0.000679,0.000551336308129,-0.000820013940237
4.74579,0.00170078531902,0.000711,0.000550307691899,-0.000820013940237
4.75033,0.00169632475353,0.000526,0.000548679062475,-0.000820013940237
4.75262,0.00169293040819,0.000579,0.00054748532433,-0.000820013940237
4.75718,0.00169006922663,0.000589,0.000546978542123,-0.000820013940237
4.76173,0.00168946431739,0.000541,0.000546007353765,-0.000820013940237
4.76628,0.00168907538922,0.000332,0.000545081224279,-0.00082001312021
4.76852,0.00168978399071,0.000297,0.000544253101498,-0.00082001312021
4.77303,0.00169016933205,0.000255,0.000543923552678,-0.000819997819052
4.77752,0.00169206546959,0.000241,0.000543693483394,-0.000819890023013
4.782,0.00169537190901,0.000319,0.000543746246668,-0.000819654052196
4.78425,0.00169693154169,0.00019848,0.000544150596436,-0.000819621921379
4.78873,0.00169977386141,0.000282,0.000544563428449,-0.00081972517184
4.79317,0.00170251475211,0.000304,0.000545407155167,-0.000819832523442
4.79762,0.00170393899487,0.000293,0.000546163501878,-0.000819932609732
4.7996,0.00170942755531,0.000236,0.000546926089541,-0.000819949494811
4.8043,0.0017006654204,0.000647,0.000547609035938,-0.000819798797263
4.80879,0.00170369131813,0.000634,0.000548530895896,-0.000819817898249
4.81332,0.00170350804079,0.000603,0.000549844107707,-0.000819665611195
4.81557,0.00170372731917,0.000468,0.000549689008734,-0.000820009020099
4.82009,0.00170061395576,0.000325802,0.000549397535238,-0.000820009020099
4.82463,0.00169776225129,0.000353,0.000549409139151,-0.000820009020099
4.82917,0.00169806102854,0.000471,0.000549134930697,-0.000820008200082
4.83146,0.0016965188742,0.000718,0.000548571573081,-0.000820007380066
4.83602,0.00169619313409,0.000561,0.000547577019151,-0.000820007380066
4.84057,0.00169587590357,0.000568,0.000546931917855,-0.000820007380066
4.84515,0.00169220298745,0.000545,0.000545388160038,-0.000820006560052
4.84743,0.00169154785076,0.000659,0.000543542493746,-0.000820006560052
4.85201,0.00168795864834,0.00067,0.000541693534993,-0.00082000574004
4.85662,0.00168355842415,0.000632,0.000540972237486,-0.00082000574004
4.86121,0.00168181077676,0.000658,0.000539794046812,-0.00082000574004
4.86351,0.00167993369076,0.000542,0.000540254416753,-0.00082000492003
4.86813,0.00167868133757,0.000545,0.000540303087198,-0.00082000492003
4.87274,0.00167716756706,0.000563,0.0005398708019,-0.000820004100021
4.87731,0.00167615027758,0.000552,0.000539083554188,-0.000820004100021
4.88196,0.00167330003236,0.0005,0.00053857190445,-0.000819988388355
4.88424,0.00167474259496,0.000521,0.000537590158976,-0.000819794959403
4.88883,0.00167594808876,0.000684,0.000536909463172,-0.000819945165229
4.89344,0.00167681215961,0.00039823,0.000536617054802,-0.000819974168038
4.89798,0.00167765487741,0.0003093,0.000536256154718,-0.00082
4.9,0.0016853001756,0.00039414,0.000536434406484,-0.00082
4.90483,0.00167991463187,0.0008,0.000536058525053,-0.00081995913638
4.90944,0.00168323691178,0.001055,0.000537624245814,-0.00081992074262
4.914,0.0016848560092,0.00076,0.000539454424663,-0.000819805595882
4.91862,0.00168108398874,0.000577,0.000540123132557,-0.000819815512623
4.92089,0.00167987136463,0.000454,0.000541054719434,-0.000819600847919
4.92547,0.00168232970997,0.000477,0.000541890622949,-0.000820003280013
4.93005,0.0016847016179,0.000348,0.000542290464652,-0.000820003280013
4.93464,0.00168731111466,0.000544,0.000542596029539,-0.000820004100021
4.93694,0.00168918933158,0.000401,0.000542719382525,-0.00082000492003
4.94153,0.00169342904366,0.000528,0.000542866195167,-0.00082000574004
4.94612,0.0016958795882,0.000333,0.000542722319163,-0.00082000574004
4.95072,0.00169729176418,0.000277,0.000542022955754,-0.000820006560052
4.95302,0.0016984739039,0.000295,0.000541146024293,-0.000820007380066
4.95763,0.00169891997293,0.000239,0.00054074976909,-0.000820007380066
4.96222,0.00169831693343,0.000165,0.000540726191003,-0.000820007380066
4.96683,0.00169605810875,0.000184,0.000540618603142,-0.000820007380066
4.97143,0.00169510672701,0.000295,0.000540155587746,-0.000820007380066
4.97373,0.00169472620785,0.00021,0.000540211642199,-0.000820007380066
4.97832,0.00169450382652,0.000237,0.000540481508647,-0.000820007380066
4.98291,0.0016943338477,0.000301,0.000540605337427,-0.000820007380066
4.98746,0.00169585714752,0.00025925,0.000540861751195,-0.000820007380066
4.98972,0.00169797550691,0.0002582,0.000541187253772,-0.000820006560052
4.99428,0.0017009276386,0.000346,0.00054162733287,-0.00082000574004
4.99874,0.0017083728646,0.00035,0.000541549351244,-0.00082000574004
5.00339,0.00170551746786,0.000381,0.000541546408325,-0.00082000492003
5.00566,0.00170855668069,0.001115,0.00054183621021,-0.00082000492003
5.01021,0.00170887683007,0.000858,0.000542568124422,-0.000820004100021
5.01477,0.00170751273779,0.000649,0.000542457958786,-0.000820004100021
5.01933,0.00170206907201,0.000586,0.000542156726499,-0.000820003280013
5.02389,0.00170137334434,0.000292,0.000542328669569,-0.000820002460007
5.02618,0.00170260254166,0.000481,0.000542813347142,-0.000820002460007
5.03072,0.00170691297252,0.000416,0.000543133293382,-0.000820001640003
5.03524,0.00171296656575,0.000365,0.000543159702623,-0.000820001640003
5.03976,0.00171731061568,0.000595,0.00054303204618,-0.000820001640003
5.04427,0.00171787307751,0.000557,0.000542920505887,-0.000820000820001
5.04878,0.00171830172772,0.000237,0.000542660646467,-0.000820000820001
5.05101,0.00171891382052,0.000195,0.000542825091587,-0.000820000820001
5.0555,0.00171895154145,0.00037,0.00054372572822,-0.000820000820001
5.05998,0.00172032224571,0.000343,0.000544228209175,-0.000820000820001
5.06447,0.00172062175712,0.000273,0.000545152858018,-0.000820000820001
5.06674,0.00172021562414,0.000367,0.000545782538958,-0.00082
5.07122,0.00171989422522,0.000407,0.000546078866378,-0.00082
5.0757,0.00171910731563,0.000275,0.000546477122701,-0.00082
5.08018,0.00171856147856,0.000421,0.000546688532896,-0.00082
5.08465,0.00171948581176,0.000475,0.000547073235423,-0.00082
5.0891,0.00172119526382,0.000308,0.000547520257505,-0.00082
5.09129,0.00172287080916,0.000243,0.000547751633378,-0.00082
5.09574,0.00172440285216,0.000238,0.000547779275511,-0.00082
5.1,0.00172845570204,0.000144,0.000547926191792,-0.00082
5.10475,0.00172344567989,0.000378,0.000547440199006,-0.00082
5.10709,0.00172209971033,0.000379,0.000547902920561,-0.00082
5.1116,0.00172172612999,0.000802,0.000549185720443,-0.000820000820001
5.11615,0.00171542552272,0.000658,0.000549282933337,-0.000820001640003
5.12069,0.00170914921956,0.000519,0.000548772009204,-0.000820001640003
5.12522,0.00170675481513,0.000435,0.000548376876227,-0.000820002460007
5.12973,0.00170743841709,0.000834,0.00054765269217,-0.000820002460007
5.13425,0.00171057987727,0.000652,0.000546462539674,-0.000820002460007
5.13653,0.00171190658003,0.000687,0.000544610254985,-0.000820002460007
5.14106,0.00171359359756,0.000682,0.000542665051889,-0.000820002460007
5.14561,0.00171237046272,0.00068,0.000540593545412,-0.000820002460007
5.15017,0.00170989262307,0.000526,0.000539021471767,-0.000820001640003
5.15474,0.00170489444917,0.000642,0.000538651788616,-0.000820001640003
5.1593,0.00170182557981,0.000838,0.000538585219282,-0.000820001640003
5.16387,0.00170023330392,0.000573,0.000538957903938,-0.000820001640003
5.16613,0.00170091116083,0.000266,0.000538922421028,-0.000820001640003
5.17071,0.00169996009966,0.00025,0.000538770114232,-0.000820000820001
5.17525,0.00169973737743,0.000231,0.000538796733992,-0.000820000820001
5.17981,0.00169757648352,0.000279,0.000539254983556,-0.000820000820001
5.18435,0.00169715453047,0.000261,0.000539460332927,-0.000820000820001
5.18886,0.00169839621024,0.000222,0.000539947546279,-0.000820000820001
5.19335,0.00170147604578,0.000444,0.000540976656476,-0.000820000820001
5.1978,0.00170508003718,0.000439,0.00054141984786,-0.00082
5.2024,0.00170320451047,0.000442,0.000541984729553,-0.00082
5.2069,0.00170581475372,0.001115,0.000542713509202,-0.00082
5.20917,0.00170381018713,0.001173,0.000543807797402,-0.00082
5.21371,0.00170174018773,0.00044,0.000544610254985,-0.00082
5.21822,0.00169836637524,0.000195,0.000544975949533,-0.000820000820001
5.22271,0.00169648042187,0.000435,0.000545562013926,-0.000820001640003
5.22722,0.00169955506812,0.000329,0.000546542741511,-0.000820002460007
5.23174,0.00170157114546,0.000369,0.000546754126337,-0.00082000492003
5.23626,0.00170241819705,0.0004053,0.000546605436571,-0.000820007380066
5.24078,0.00170115833835,0.000447,0.000546293348129,-0.000820009020099
5.24302,0.00170136361363,0.000325,0.000546045300397,-0.000820011480161
5.24756,0.0017003872443,0.000652,0.000545673017767,-0.00082001312021
5.25209,0.00170176522418,0.000586,0.000545559092468,-0.000820013940237
5.25662,0.00170422492608,0.000329,0.000545989839047,-0.000820015580296
5.26115,0.00170696468605,0.00023,0.000546011732357,-0.000820016400328
5.26568,0.001707285775,0.000231,0.000545854080964,-0.000820016400328
5.27023,0.00170519266588,0.0001818,0.000545668636463,-0.000820017220362
5.27477,0.00170408940748,0.000287,0.000545839481315,-0.000820018040397
5.27931,0.00170329250894,0.000513,0.000546348778712,-0.000820018040397
5.28159,0.00170269025341,0.000441,0.000546787648834,-0.000820018860434
5.28608,0.00170454450978,0.00028591,0.000547186845728,-0.000820018860434
5.29057,0.00170534996469,0.000348,0.000547431464641,-0.000820018860434
5.29499,0.00170651102473,0.00042,0.000547744358899,-0.000820018860434
5.29923,0.00171124364595,0.000381,0.000547943644565,-0.000820018860434
5.30381,0.00170104911743,0.000509,0.000548480045152,-0.000820018040397
5.30828,0.00170122115024,0.000669,0.000549684659529,-0.000820018040397
5.31277,0.00169855132737,0.000818,0.000551123799912,-0.000820017220362
5.31728,0.00169401767559,0.00067,0.000551937242663,-0.000820017220362
5.31952,0.0016922922833,0.000532,0.000552419243813,-0.000820016400328
5.32405,0.00168779867263,0.0002097,0.000552925317969,-0.000820016400328
5.32856,0.00168821294969,0.000593,0.00055278983432,-0.000820015580296
5.33305,0.0016922962526,0.000532,0.000552289405301,-0.000820015580296
5.33751,0.00170022056322,0.000516,0.000551525616315,-0.000820014760266
5.34193,0.00170870838586,0.000554,0.000551060175877,-0.000820014760266
5.34636,0.00171389263004,0.000301,0.000550390226466,-0.000820013940237
5.35079,0.00171691653749,0.000259,0.000549868745538,-0.000820013940237
5.35303,0.00171742905512,0.000159,0.00054981656999,-0.00082001312021
5.35745,0.00171771197786,0.000267,0.000550498805535,-0.00082001312021
5.36188,0.00171680290756,0.000273,0.000551373885984,-0.00082001312021
5.3663,0.00171553858641,0.000256,0.000552147990326,-0.000820012300185
5.37072,0.00171456575349,0.000303,0.000552585103477,-0.000820012300185
5.37513,0.00171371520887,0.000262,0.000553262439169,-0.000820012300185
5.37954,0.00171339134994,0.00027,0.000553797945224,-0.000820012300185
5.38394,0.00171353264042,0.000188,0.000554203541815,-0.000820012300185
5.38832,0.00171441623371,0.000172,0.00055453699708,-0.000820011480161
5.39272,0.00171440098451,0.000191,0.000554952092488,-0.000820011480161
5.39488,0.00171553264978,0.000134,0.000555358262457,-0.000820011480161
5.40147,0.00171332330966,0.000141,0.000555698177976,-0.000820010660139
5.40608,0.00171603828572,0.000321,0.000555559082193,-0.000820010660139
5.41057,0.0017161333249,0.000464,0.000556267095226,-0.000820009840118
5.41286,0.0017141857859,0.000652,0.000556090895031,-0.000820009840118
5.41739,0.00170766941904,0.000577,0.000555742623744,-0.000820009020099
5.42196,0.00170213394679,0.000906,0.000555231994835,-0.000820008200082
5.42651,0.00169999759755,0.000793,0.00055465193417,-0.000820007380066
5.4311,0.00169867702352,0.000861,0.000553367566672,-0.000820006560052
5.43565,0.00170267287365,0.00081,0.000551314627417,-0.00082000574004
5.44024,0.00170419179996,0.000912,0.000548668895466,-0.00082000492003
5.44482,0.00170546718022,0.000839,0.00054744893323,-0.000820004100021
5.44943,0.00170387619423,0.000865,0.000544845790267,-0.000820003280013
5.45408,0.00170049291198,0.000666,0.000542766366845,-0.000820002460007
5.45865,0.0017029672021,0.000958,0.000541112154906,-0.000820002460007
5.46335,0.00170292086845,0.000865,0.000540801342631,-0.000820001640003
5.46812,0.00169933031064,0.000794,0.000540944249727,-0.000820000820001
5.47255,0.00170008919951,0.000589,0.00053928896752,-0.000820000820001
5.47716,0.001695877883,0.001689,0.000538676934937,-0.000820000820001
5.48157,0.00168879681189,0.000857,0.000538632558302,-0.000819987419531
5.48621,0.00167987038614,0.001069,0.000540438751757,-0.00082
5.49065,0.00168344407063,0.001184,0.000541799441793,-0.000819932199911
5.49505,0.00168997713722,0.001265,0.000544168170094,-0.000819777389943
5.49953,0.00168564890079,0.001568,0.00054770362003,-0.000819732070144
5.50404,0.00168960027637,0.00156,0.000551392673938,-0.000819563573766
5.50632,0.00168957877347,0.001766,0.000554841527162,-0.000819463115332
5.51079,0.00169442681652,0.001361,0.000558860478945,-0.000819512285693
5.51527,0.00169416795642,0.000847,0.000561681177945,-0.00082
5.51974,0.00169404966085,0.00079305,0.00056248742464,-0.00082
5.52419,0.00169526139131,0.00079284,0.000562449194137,-0.00082
5.52866,0.00169485734805,0.0007493,0.000562123416869,-0.000820000820001
5.53317,0.0016960151786,0.000762,0.000560072170787,-0.000820000820001
5.53771,0.00169517644056,0.000829,0.000557944569731,-0.000820000820001
5.54226,0.00169056701387,0.000901,0.000555444337165,-0.000820001640003
5.54683,0.00168776641033,0.001012,0.000552619711287,-0.000820001640003
5.55141,0.00168689023874,0.001163,0.000549881788645,-0.000820001640003
5.55369,0.00168765626077,0.001115,0.000547355760967,-0.000820001640003
5.55827,0.00168720516031,0.001008,0.000545296097381,-0.000820001640003
5.56285,0.00168694067866,0.001048,0.000543561552985,-0.000820002460007
5.56744,0.00168381403843,0.000873,0.000541846504926,-0.000820002460007
5.57203,0.00168161917872,0.000847,0.000540870590916,-0.000820002460007
5.57662,0.00168040213428,0.000907,0.000540671662801,-0.000820002460007
5.58121,0.00167819347242,0.000881,0.000540502148714,-0.000820002460007
5.5858,0.00167798129786,0.000595,0.000540404838755,-0.000820002460007
5.59035,0.00168016053867,0.00046562,0.000540137885153,-0.000820002460007
5.59492,0.00168138003591,0.00028948,0.000539987390099,-0.000820001640003
5.59938,0.00168644858586,0.000183,0.00054019836666,-0.000820001640003
5.60133,0.00168947997404,0.000424,0.000540957507264,-0.000820001640003
5.60591,0.00168491190901,0.000842,0.000542172894381,-0.000820001640003
5.61047,0.00168347594458,0.00078,0.000543779953879,-0.000820001640003
5.61504,0.00168124408047,0.000718,0.000544875042236,-0.000820001640003
5.61962,0.00167628769337,0.000731,0.000545928533117,-0.000820001640003
5.62418,0.00167364317029,0.000571,0.000546570444866,-0.000820001640003
5.62874,0.00167290442195,0.000401,0.000547651237018,-0.000820001640003
5.6333,0.00167466394084,0.000434,0.000548497480227,-0.000820001640003
5.63785,0.00167857981441,0.000439,0.000548982533076,-0.000820001640003
5.6424,0.00168146398328,0.000703,0.000549280031711,-0.000820000820001
5.64695,0.00168217404336,0.000418,0.000549340962626,-0.000820000820001
5.65151,0.00168261607556,0.000347,0.000549338061309,-0.000820002460007
5.65606,0.00168346392808,0.000229,0.000549615067524,-0.000820000820001
5.66061,0.00168556772341,0.000294,0.000550129548382,-0.000820000820001
5.66515,0.00168886833709,0.000404,0.000550555258099,-0.000820000820001
5.66739,0.00169166034446,0.000202,0.000550970511206,-0.000820000820001
5.67194,0.00169403723237,0.000256,0.000551248134517,-0.000820001640003
5.67647,0.00169565280419,0.00014029,0.000551506832949,-0.000820001640003
5.68101,0.00169617736744,0.000214,0.000551690304222,-0.000820002460007
5.68553,0.00169804972439,0.00029599,0.000551804400822,-0.000820003280013
5.69005,0.00169849604204,0.00027153,0.000551866493981,-0.000820003280013
5.69458,0.00169892941428,0.00028711,0.000551895372105,-0.000820003280013
5.69909,0.0017010521496,0.00030187,0.000551720636033,-0.00082000410002
5.70138,0.00170151447918,0.000814,0.00055151694715,-0.00082000410002
5.70593,0.00170171646837,0.000627,0.000551645525602,-0.00082000410002
5.71048,0.00170010194213,0.00033,0.000551399899902,-0.00082000410002
5.71501,0.00169694376624,0.000408,0.00055054078364,-0.00082000410002
5.71955,0.00169289865739,0.000168,0.000550107819578,-0.00082000410002
5.72409,0.00169371742936,0.000533,0.000549648414802,-0.00082000410002
5.72865,0.00169463531412,0.000517,0.000548548329347,-0.00082000410002
5.7332,0.0016966193282,0.000549,0.000547950916389,-0.00082000410002
5.73776,0.00169844656807,0.000384,0.000546885289609,-0.00082000410002
5.74232,0.00169863330288,0.000448,0.000546213109703,-0.00082000410002
5.74689,0.00169947947173,0.000552,0.000545429071804,-0.000820003280013
5.75146,0.00169989257569,0.000442,0.00054468780263,-0.000820003280013
5.75604,0.00169921149229,0.00038,0.000544573672096,-0.000820003280013
5.76062,0.00169862822501,0.000359,0.000544212101775,-0.000820003280013
5.7652,0.00169758248322,0.00027029,0.000543574747454,-0.000820003280013
5.76977,0.00169606934262,0.00031731,0.000543007098347,-0.000820002460007
5.77433,0.00169481993014,0.00030681,0.000542748748197,-0.000820002460007
5.77889,0.00169365574129,0.00030752,0.000543162636904,-0.000820002460007
5.78343,0.00169256853633,0.0002822,0.000543612863028,-0.000820002460007
5.78568,0.00169284912763,0.00036,0.000544465372422,-0.000820002460007
5.79019,0.00169399289478,0.000494,0.000545836561338,-0.000820001640003
5.79469,0.00169488918159,0.00046,0.000547213060137,-0.000820001640003
5.80147,0.00169612912123,0.000465,0.00054846696848,-0.000820001640003
5.80596,0.00169973951348,0.000885,0.000549916568736,-0.000820001640003
5.81046,0.0016999190455,0.001114,0.000551581962524,-0.000820001640003
5.81495,0.00170043906451,0.000547,0.000552723521503,-0.000820001640003
5.81941,0.001697724884,0.000452,0.000553478432547,-0.000820001640003
5.82389,0.00169859489358,0.000583,0.000555046844837,-0.000820002460007
5.82837,0.00170039820085,0.00061,0.000556272824352,-0.000820002460007
5.83285,0.00170170434644,0.00036075,0.000556267095226,-0.000820002460007
5.83507,0.0017036942104,0.000556,0.000555646558963,-0.000820002460007
5.83957,0.00170287429418,0.000426,0.00055500952013,-0.000820002460007
5.84408,0.00170092600811,0.000399,0.000553986398342,-0.000820002460007
5.8486,0.00170004394394,0.000747,0.000552680269655,-0.000820002460007
5.85314,0.00169928391931,0.000707,0.000551560291596,-0.000820003280013
5.85768,0.00170021563644,0.000643,0.000550452481112,-0.000820003280013
5.86224,0.00170030091229,0.000838,0.000548628225536,-0.000820003280013
5.86683,0.00169816590456,0.000743,0.000546805138016,-0.000820003280013
5.8714,0.00169928811069,0.000765,0.000545572238906,-0.000820003280013
5.87598,0.00170023075575,0.001016,0.000544744858979,-0.000820003280013
5.88053,0.00170430341516,0.000928,0.000544133022214,-0.000820003280013
5.88506,0.00170912025232,0.000577,0.000543850292685,-0.000820002460007
5.88958,0.00171420900958,0.000406,0.000543970433934,-0.000820002460007
5.89408,0.00171742437198,0.000302,0.000544342411703,-0.000820002460007
5.89852,0.00172069095496,0.000365,0.000545044672842,-0.000820002460007
5.90278,0.00171951607031,0.000722,0.000545610215728,-0.000820002460007
5.90731,0.0017163101732,0.000607,0.000546620015787,-0.000819973805418
5.91186,0.00171400316725,0.000633,0.000547332465418,-0.000820002460007
5.91643,0.0017098935474,0.000526,0.000547645416374,-0.000820002460007
5.92098,0.00170570344921,0.000376,0.000548232988406,-0.000820001640003
5.92557,0.00170245262015,0.00034376,0.000548642750859,-0.000820001640003
5.93013,0.00170230618985,0.000332,0.000548519273287,-0.000820001640003
5.93471,0.0017037776371,0.00019154,0.000548157395769,-0.000820001640003
5.93927,0.00170724725476,0.000355,0.0005479145563,-0.000820001640003
5.94384,0.00170947111078,0.000338,0.000547561010053,-0.000820001640003
5.94841,0.00171147581061,0.000312,0.000547310624938,-0.000820001640003
5.95298,0.00171183188734,0.000361,0.000547619222704,-0.000819930240487
5.95754,0.00171290131433,0.000279,0.000548349264334,-0.000819798877678
5.9621,0.00171283490119,0.000217,0.000549014467533,-0.000819738223891
5.96666,0.00171238149013,0.000236,0.000549610717729,-0.00081971668506
5.97122,0.00171083574845,0.000333,0.000550568284783,-0.000819739053144
5.97578,0.00170957369556,0.000235,0.000551278490979,-0.000819792369765
5.98032,0.00170836775895,0.000204,0.000551784182916,-0.000819873780682
5.98486,0.00170776537989,0.000191,0.000552210044281,-0.000819961290487
5.98938,0.00170838330383,0.00016626,0.000552586545513,-0.000819994099316
5.99386,0.00171038379997,0.000204,0.000552909465244,-0.000820000820001
5.99826,0.00171465701519,0.000256,0.00055303339241,-0.000820000820001
6.00285,0.00171236369936,0.000617,0.000553214909101,-0.000819946767696
6.0074,0.00171463366435,0.000755,0.000553999343102,-0.000819850783393
6.01192,0.00171723698272,0.000833,0.000554587285052,-0.000819782899582
6.01649,0.00171274669275,0.000612,0.000554870247595,-0.000819926189519
6.02104,0.00171009884708,0.00057,0.000554860195616,-0.000820000820001
6.02561,0.00170818385207,0.000521,0.000554733811997,-0.000820000820001
6.03018,0.00170879472365,0.000405,0.000554133087557,-0.000820000820001
6.03476,0.00171037400526,0.000559,0.000552691803818,-0.000820001640003
6.03933,0.00171344012314,0.000713,0.000550753519462,-0.000820001640003
6.04392,0.00171513543994,0.000825,0.000548494574419,-0.000820001640003
6.04852,0.00171593378468,0.00089,0.00054594896919,-0.000820001640003
6.05312,0.0017149890658,0.000739,0.000542375687354,-0.000820001640003
6.05772,0.00171295177763,0.000631,0.000540490354485,-0.000820001640003
6.06234,0.0017095998768,0.000635,0.000538929813489,-0.00082
6.06691,0.00171116432479,0.000652,0.000537695376773,-0.000819983191426
6.07389,0.00171098831652,0.000448,0.000537388558927,-0.00081991490418
6.07856,0.00170917226616,0.00058094,0.000537465650005,-0.000819785327207
6.08315,0.00170700315991,0.00046628,0.000537739828961,-0.000819745956268
6.08774,0.00170247846249,0.000425,0.0005392313413,-0.000819621419329
6.09233,0.00169917005617,0.000392,0.000540362075902,-0.00081949925834
6.09686,0.00169781974366,0.000618,0.000542062649376,-0.000819260892257
6.10151,0.00169491273448,0.000592,0.000543911831737,-0.000818876472323
6.10853,0.00169557031598,0.000766,0.000545724130384,-0.000818596818576
6.11274,0.00170122468126,0.001068,0.000546743923429,-0.000818945930786
6.11732,0.0016894341642,0.001692,0.000547181020133,-0.000819734528463
6.12187,0.00168512612152,0.000506,0.000548427736585,-0.00082
6.12641,0.00168641506075,0.000522,0.000549694807621,-0.00082
6.13097,0.00168718160485,0.001061,0.000552038296252,-0.000820000820001
6.13552,0.00169211656758,0.00076,0.000554340110764,-0.000820000820001
6.14011,0.00169076982488,0.000864,0.000556310062193,-0.000820000820001
6.14466,0.00168914326804,0.0005393,0.000555777030869,-0.000820000820001
6.14922,0.00168644984602,0.000721,0.000554529812703,-0.000820000820001
6.15379,0.00168624661429,0.000874,0.000552936846934,-0.000820002460007
6.15835,0.00168881395692,0.000593,0.000551230787207,-0.000820000820001
6.16293,0.00168970974291,0.000865,0.000549313399484,-0.000820000820001
6.1675,0.00168855364138,0.000919,0.000547181020133,-0.000820001640003
6.17208,0.00168697510389,0.000483,0.000545762096667,-0.000820001640003
6.17667,0.00168648543282,0.000608,0.000545079762269,-0.000820001640003
6.18126,0.0016870430972,0.000817,0.000544727303813,-0.000820001640003
6.18583,0.00168916713358,0.000475,0.000544608791717,-0.000820001640003
6.19041,0.00168949683037,0.00018686,0.00054436583492,-0.000820001640003
6.19727,0.00169050868331,0.000219,0.000544141809396,-0.000820001640003
6.19954,0.0016932113099,0.000448,0.000544052466483,-0.000820001640003
6.20413,0.00169528878209,0.000393,0.000544977411821,-0.000820001640003
6.21102,0.0016956601331,0.000498,0.000545981081478,-0.000820001640003
6.2156,0.00169337007694,0.000188,0.000546218945622,-0.000820001640003
6.22019,0.00168898662932,0.000395,0.000545928533117,-0.000820001640003
6.22477,0.00168732341241,0.00022649,0.000545430532882,-0.000820001640003
6.22935,0.00168795632634,0.000411,0.000544768264993,-0.000820001640003
6.23392,0.00169097886895,0.000389,0.000543878132636,-0.000820001640003
6.23851,0.00169442349221,0.000226,0.000543169972539,-0.000820001640003
6.24309,0.00169619895455,0.000376,0.000542219925512,-0.000820001640003
6.24766,0.00169679621372,0.000457,0.000540839651271,-0.000820001640003
6.25224,0.00169613802001,0.000238,0.000539907699573,-0.000820001640003
6.25682,0.00169511768794,0.00022752,0.000539734997149,-0.000820000820001
6.2614,0.00169448398837,0.00024981,0.000540052314585,-0.000820000820001
6.26597,0.00169474060091,0.00017,0.000540509519979,-0.000820000820001
6.27054,0.00169475532398,0.000418,0.000541023790155,-0.000820000820001
6.27508,0.00169586485034,0.000405,0.000541592021807,-0.000820000820001
6.27961,0.00169707548791,0.000355,0.000541961204415,-0.000820000820001
6.28411,0.00169826619753,0.00038,0.000542977746502,-0.000820000820001
6.28861,0.00169982883857,0.000456,0.000544261886754,-0.000820000820001
6.29304,0.00170297140083,0.000487,0.000545632124235,-0.000820000820001
6.29749,0.00170382932428,0.000523,0.000547022248762,-0.00082
6.30194,0.00170074896917,0.000754,0.000548400127265,-0.00082
6.30646,0.00170226974449,0.001059,0.000549746994824,-0.00082
6.31097,0.00169956008157,0.000763,0.000550970511206,-0.00082
6.31548,0.00169788589132,0.00044626,0.000551233678463,-0.00082
6.31995,0.00169503750263,0.00042,0.00055186216213,-0.00082
6.32441,0.00169671789196,0.000312,0.000552254776462,-0.00082
6.32886,0.00170162124858,0.000267,0.000552448092606,-0.00082
6.33556,0.00170756373118,0.000272,0.000552168194717,-0.00082
6.34002,0.00171061354843,0.00056,0.000552257662283,-0.00082
6.34448,0.00171093087815,0.000215,0.000552350000464,-0.00082
6.34894,0.00171127310925,0.000422,0.000552335573657,-0.00082
6.35341,0.00171109558508,0.000453,0.000552449535006,-0.00082
6.35787,0.00171119999259,0.000375,0.000553010338332,-0.00082
6.36233,0.00171072148087,0.00023491,0.000553078056902,-0.00082
6.3668,0.00170867011009,0.000205,0.000552969991344,-0.00082
6.37126,0.00170636220389,0.000174,0.000552883523424,-0.00082
6.37574,0.0017042419551,0.000289,0.000552817222036,-0.00082
6.38021,0.0017031468668,0.000403,0.000552632688648,-0.00082
6.38469,0.00170287641898,0.000328,0.000552459631695,-0.00082
6.39138,0.00170335578232,0.000288,0.000552276419745,-0.00082
6.39584,0.00170473157414,0.000357,0.000551807289033,-0.00082
6.4,0.00171270888981,0.000507,0.000551499608405,-0.000820006560052
6.40476,0.00170344554292,0.0003,0.000550872152329,-0.000820007380066
6.40935,0.00170191106926,0.000735,0.000551733634863,-0.00082
6.41389,0.00169992695541,0.000479,0.000551635413791,-0.00082
6.41848,0.00169233350966,0.00035,0.000550763647667,-0.000820008200082
6.42302,0.00169121597597,0.000456,0.000550519071231,-0.000820008200082
6.42757,0.00169234373465,0.000717,0.000549478757444,-0.000820008200082
6.43212,0.0016936086887,0.000611,0.000548148672868,-0.000820008200082
6.43668,0.0016956690484,0.000628,0.000546697279143,-0.000820008200082
6.44355,0.00169153028901,0.000669,0.000544860416447,-0.000820008200082
6.44813,0.00168817498712,0.000648,0.000543112751983,-0.000820008200082
6.45273,0.00168445259275,0.000415,0.0005418156202,-0.000820008200082
6.45733,0.0016847457358,0.000501,0.000541505205794,-0.000820000820001
6.46192,0.00168706386716,0.000351,0.000541141606665,-0.000820000820001
6.46651,0.00169007096576,0.000314,0.000540916260542,-0.000820007380066
6.47109,0.00169242183016,0.000486,0.000540898582427,-0.000820007380066
6.47567,0.00169422379046,0.000318,0.000540933938088,-0.000820007380066
6.48251,0.00169979596742,0.000554,0.000541450754851,-0.000820001640003
6.48709,0.00170222923497,0.000491,0.000542641555894,-0.000820002460007
6.49163,0.00170565567181,0.000457,0.000544052466483,-0.00081988593129
6.49615,0.00170838203118,0.000424,0.000545729971522,-0.000819758846351
6.50049,0.00171296455444,0.000574,0.00054685468766,-0.000819628452394
6.50512,0.0017120908045,0.000751,0.000548494574419,-0.000819334319093
6.50963,0.00171246415006,0.00077,0.000549942652349,-0.000819037074746
6.51643,0.00171135974718,0.000757,0.000550772328835,-0.000819329509307
6.52097,0.0017063767513,0.00086,0.000551349316142,-0.000819701948881
6.52551,0.00170427639722,0.000612,0.000552201386015,-0.000820002460007
6.53002,0.00170550157469,0.000472,0.000553302764452,-0.000820002460007
6.53449,0.00171002466924,0.000737,0.000553695779178,-0.000820001640003
6.53893,0.00171699363091,0.000519,0.000553940370028,-0.000820001640003
6.54558,0.00172497672742,0.000572,0.000554029546342,-0.000820001640003
6.55,0.00172777697329,0.000457,0.000554041051897,-0.000820000820001
6.5544,0.00172794391583,0.000393,0.000554407663752,-0.000820000820001
6.55881,0.00172712521969,0.000361,0.000555366870542,-0.000820000820001
6.56322,0.00172626708076,0.000331,0.000556705198494,-0.000820000820001
6.56763,0.00172464153899,0.000426,0.000557384559527,-0.00082
6.57206,0.00172243056816,0.000578,0.000557637493037,-0.00082
6.57647,0.00172016877273,0.000396,0.000557175836119,-0.00082
6.58308,0.00171722875169,0.000421,0.000556120982047,-0.00082
6.5875,0.00171682385049,0.000451,0.0005548400911,-0.00082
6.59192,0.00171661440662,0.000415,0.000553606548038,-0.00082
6.59632,0.00171848962126,0.000483,0.000551576183694,-0.00082
6.60042,0.00172696961084,0.000573,0.000550372851807,-0.00082
6.60509,0.00171475862054,0.000758,0.000549422193258,-0.00082
6.60962,0.00171099157404,0.00047,0.000548517820443,-0.00082
6.61647,0.00170099039437,0.000655,0.000546761414011,-0.00082
6.62101,0.00169375850228,0.000649,0.000545357474206,-0.00082
6.62557,0.00169451688135,0.000626,0.00054423992335,-0.00082
6.63011,0.00169715969719,0.000758,0.000542723787476,-0.00082
6.63465,0.00169905505724,0.000424,0.000541899446129,-0.00082
6.63919,0.00169980199954,0.00033709,0.000541884740751,-0.00082
6.64373,0.00169804308661,0.000319,0.000542427108444,-0.00082
6.6505,0.00169731296954,0.000567,0.000543106882871,-0.00082
6.65503,0.00169628907996,0.000473,0.000544386329414,-0.00082
6.65956,0.00169534817585,0.00055,0.000546020489436,-0.00082
6.66409,0.00169367774064,0.000508,0.000547982911264,-0.00082
6.6686,0.00169163093523,0.000512,0.000549271326738,-0.00082
6.67309,0.00169038068046,0.000712,0.000550870705743,-0.00082
6.67984,0.0016894954448,0.000782,0.000552544724914,-0.00082
6.68431,0.00169109744729,0.000664,0.000554131649619,-0.00082
6.68877,0.00169217003191,0.000483,0.000555495975432,-0.00082
6.6932,0.00169250656687,0.000463,0.00055719013481,-0.00082
6.69761,0.00169371208926,0.000433,0.000558298562788,-0.00082
6.70194,0.00169126890698,0.000677,0.000559252333492,-0.000820000820001
6.70879,0.00169446824003,0.00085,0.000560875143938,-0.000820000820001
6.71329,0.00169284071963,0.000451,0.000562433617969,-0.000820001640003
6.71777,0.00168930832544,0.00061,0.000562745055794,-0.000820001640003
6.72444,0.00168565683094,0.000601,0.000563039340585,-0.000820002460007
6.7289,0.00168959305616,0.000694,0.000563146827617,-0.000820002460007
6.73339,0.00169381547155,0.00052,0.000562144669217,-0.000820002460007
6.73789,0.00169785307069,0.000312,0.000561134966016,-0.000820003280013
6.74466,0.00169672202001,0.00035379,0.000560421930707,-0.000820003280013
6.74918,0.00169504372952,0.000775,0.000558834820375,-0.000820003280013
6.75372,0.00169481405345,0.000731,0.000557844610404,-0.000820003280013
6.7605,0.00169671209115,0.000508,0.000556994209881,-0.000820002460007
6.76505,0.00169671303281,0.000579,0.000554914761261,-0.000820002460007
6.7696,0.00169526629431,0.00054,0.000553381966116,-0.000820002460007
6.77414,0.00169204885625,0.000548,0.000552322589203,-0.000820002460007
6.78098,0.00168767361018,0.000651,0.000551593519999,-0.000820001640003
6.78551,0.00168754504357,0.000496,0.000551141150632,-0.000820001640003
6.79002,0.00168889334409,0.000268,0.00055123801532,-0.000820000820001
6.79453,0.00168942668533,0.000276,0.000551672971,-0.000820000820001
6.79889,0.00169473775165,0.000258,0.000551918473501,-0.000820001640003
6.80326,0.00168940434662,0.000478,0.000552629804817,-0.000820001640003
6.80784,0.00168523579347,0.000798,0.000553987836664,-0.000819951679265
6.81241,0.00168189913068,0.000593,0.000555194682866,-0.000820001160906
6.81695,0.0016767283802,0.000577,0.000555462984884,-0.000820004100021
6.82148,0.00167305136642,0.000431,0.000555672369084,-0.00082000492003
6.826,0.00167688940348,0.000472,0.000555481631962,-0.00082000574004
6.83277,0.00168414336714,0.000496,0.000554768283177,-0.00082000574004
6.8373,0.00168806982623,0.000424,0.000553782117939,-0.000820006560052
6.84185,0.00168824143785,0.000414,0.000552518765682,-0.000820007380066
6.8464,0.00168714654349,0.000526,0.000551271263403,-0.000820008200082
6.85097,0.00168490478331,0.000515,0.000550394570044,-0.000820009020099
6.85553,0.00168499597608,0.000483,0.00054996293874,-0.000820009840118
6.8624,0.00168797307379,0.000365,0.000549191524684,-0.000820009840118
6.86696,0.00169131655178,0.000341,0.000548218452173,-0.000820010660139
6.87153,0.00169245659468,0.000436,0.000547233448252,-0.000820010660139
6.8761,0.00169256472654,0.000266,0.000546443581157,-0.000820011480161
6.88066,0.00169480556088,0.000536,0.000545938751249,-0.00081997907658
6.88522,0.0016968559785,0.000392,0.000545502120923,-0.00081963537381
6.88975,0.00170109310845,0.000234,0.000545496277353,-0.000819386545488
6.8943,0.00170395675003,0.000201,0.000545496277353,-0.000819441607552
6.8987,0.00170979007191,0.000361,0.000545857000847,-0.000819459119144
6.90331,0.00170820556396,0.000749,0.000546545657719,-0.000819440257633
6.9101,0.00171202095103,0.000837,0.000548083246668,-0.000819413979314
6.91458,0.00171294876131,0.000665,0.000549577368145,-0.000819629913006
6.91905,0.00171048306838,0.000769,0.000551320409025,-0.000819793083941
6.9235,0.00170760692291,0.000684,0.000552900818108,-0.00082
6.93015,0.00170693686623,0.000484,0.000554548491884,-0.00082
6.93459,0.00170527625221,0.000549,0.000555589198739,-0.00082
6.93902,0.00170508625619,0.000478,0.000556626480555,-0.00082
6.94346,0.00170394052893,0.000531,0.000557447446694,-0.00082
6.94791,0.00170307500523,0.00040032,0.000556822538545,-0.00082
6.95465,0.00170264287754,0.000354,0.000555960498658,-0.00082
6.95914,0.00170264389673,0.000448,0.000554296987439,-0.00082000574004
6.96365,0.00170264195668,0.000607,0.000552714871409,-0.00082000574004
6.9704,0.00170262007415,0.000623,0.000550951708677,-0.00082000574004
6.97492,0.00170285730086,0.000614,0.000548419018003,-0.00082
6.97946,0.00170216720319,0.00076,0.000546824083999,-0.00082
6.98398,0.00170248243086,0.00074,0.000545617518661,-0.00082
6.98851,0.00170285961119,0.000668,0.000544863341636,-0.00082
6.99529,0.00170411611407,0.000626,0.000544295562263,-0.00082
6.99959,0.0017102186055,0.000588,0.000543882528289,-0.00082
7.00428,0.00170357896209,0.000446,0.000543397328569,-0.00082
7.00881,0.00170516821987,0.000905,0.000543970433934,-0.00082
7.0133,0.00170244643033,0.000493,0.00054423992335,-0.00082
7.01779,0.00169660594921,0.000311,0.000544923304568,-0.00082
7.02448,0.00169057163262,0.000425,0.000545858460783,-0.00082
7.02891,0.001690803692,0.000475,0.000547004766526,-0.00082
7.03332,0.00169165690422,0.000377,0.000548690681682,-0.00082
7.03771,0.00169294994253,0.000686,0.000549690458462,-0.00082
7.04211,0.00169275146124,0.000693,0.00055086636596,-0.00082
7.04652,0.00169133181522,0.000576,0.000551901147546,-0.00082
7.05094,0.00168980538845,0.000385,0.000553001692801,-0.00082
7.05752,0.00168989959046,0.000468,0.000554332923781,-0.000820000820001
7.06194,0.0016915376023,0.000363,0.000555431426829,-0.000820000820001
7.06636,0.00169272000657,0.000332,0.000555858739038,-0.000820001640003
7.07078,0.00169352025594,0.000541,0.000555981994725,-0.000820002460007
7.0752,0.00169376528179,0.000475,0.00055597769558,-0.000820002460007
7.07961,0.00169436459207,0.000386,0.000555930402732,-0.000820002460007
7.08403,0.00169532244594,0.000433,0.000555584896478,-0.000820003280013
7.08844,0.00169570454788,0.000392,0.000555250649857,-0.000820003280013
7.09286,0.00169602790642,0.000346,0.000554725193861,-0.000820003280013
7.0993,0.00170233006765,0.000459,0.000553805139291,-0.000820003280013
7.10366,0.00169498696675,0.000543,0.000552850373741,-0.000820003280013
7.10821,0.00169273572676,0.000621,0.000552041183222,-0.000820003280013
7.11272,0.0016904274761,0.00071,0.000550883724884,-0.000820002460007
7.11727,0.00168603073027,0.000763,0.000548086154666,-0.000820002460007
7.12183,0.00168046740911,0.000665,0.000546189765404,-0.000820002460007
7.1264,0.00167717218612,0.000676,0.00054420331572,-0.000820002460007
7.13097,0.00167470772635,0.00093,0.000542253726648,-0.000820002460007
7.13786,0.00167586983492,0.000639,0.000540627446774,-0.000820001640003
7.14244,0.00167904358141,0.000512,0.000539411587854,-0.000820001640003
7.14705,0.00168009039033,0.000485,0.000538123450486,-0.000820001640003
7.15166,0.00167941912569,0.000378,0.000537083053681,-0.000820001640003
7.15624,0.00167801690942,0.00025165,0.000537498262215,-0.00082
7.16083,0.0016770708884,0.00026962,0.000537653884829,-0.00082
7.16776,0.00167437350962,0.000315,0.000537366319113,-0.00082
7.17234,0.0016756206586,0.0004,0.000537898345907,-0.00082
7.17691,0.00167649298505,0.00058,0.000539232818971,-0.00082
7.18149,0.00167573226999,0.000581,0.000540783660819,-0.00082
7.18605,0.00167590789777,0.000592,0.000542030306642,-0.00082
7.1906,0.00167812071485,0.000481,0.0005435850096,-0.00082
7.19513,0.00168060556349,0.000646,0.000544477081527,-0.00082
7.19955,0.00168778844739,0.000527,0.000545233252071,-0.00082
7.20646,0.00169246099523,0.000858,0.000546049678685,-0.00082
7.21101,0.00169402555206,0.000721,0.000547051384579,-0.000819984468906
7.21559,0.0016889040306,0.00046738,0.000546698736837,-0.000819861066004
7.22012,0.00168523087096,0.00035387,0.000546937746106,-0.000819680339475
7.22698,0.00168699114244,0.000324251,0.000547087802167,-0.000819635330129
7.23153,0.00169147359426,0.000472,0.000546660835524,-0.000820002460007
7.23609,0.00169515273932,0.000421,0.000545132392192,-0.000820002460007
7.24065,0.00169674441365,0.000503,0.000544077366792,-0.000820002460007
7.24522,0.00169670388405,0.000621,0.000542421231992,-0.000820002460007
7.25208,0.00169909596679,0.000547,0.000540712927884,-0.000820002460007
7.25667,0.00170019807396,0.000422,0.000539512027528,-0.000820002460007
7.26124,0.00170182095283,0.000375,0.000539102768757,-0.000820002460007
7.26583,0.00170050188657,0.000319,0.000538601492529,-0.000820002460007
7.27271,0.0016983233779,0.00026,0.000538296659152,-0.000820002460007
7.27729,0.00169774214534,0.000471,0.000538600013163,-0.00081999741391
7.28186,0.00169888105088,0.000444,0.000539147107509,-0.000819892909168
7.2864,0.00170165612985,0.000373,0.000540072970769,-0.000819752054135
7.29095,0.00170346423912,0.000282,0.000540488880188,-0.000819798718102
7.29547,0.00170515470641,0.000308,0.000540854384653,-0.000819939806313
7.3,0.00170553840681,0.000283,0.000541413960617,-0.000820000820001
7.30458,0.00170581716324,0.000654,0.000542042067856,-0.000819913967883
7.30913,0.0017039149938,0.000956,0.000543571815378,-0.000819833586261
7.3137,0.00170083843781,0.00042,0.000544829701019,-0.000819748742593
7.31824,0.00169541868346,0.00032,0.000545208404261,-0.00081966535858
7.32507,0.00169517886828,0.000231898,0.000545468519539,-0.000819871317452
7.32963,0.00169799922455,0.00053,0.000545437838213,-0.000820000820001
7.3342,0.00170032142808,0.00027,0.000544409750753,-0.000820000820001
7.33878,0.00170140484146,0.000306,0.00054401438147,-0.000820000820001
7.34336,0.00169958530463,0.000322,0.000542631276079,-0.000820000820001
7.34794,0.00169822679356,0.00047,0.000541814149455,-0.000820000820001
7.35484,0.00169428300386,0.000373,0.000541890622949,-0.000820000820001
7.35943,0.00169388383221,0.0003,0.000542413886338,-0.000820000820001
7.36402,0.00169373528233,0.000232,0.000542817751338,-0.000820000820001
7.36631,0.00169406180094,0.000155452,0.00054287647058,-0.000820000820001
7.37089,0.00169266093237,0.000317,0.00054297334359,-0.000820000820001
7.37547,0.00169201650152,0.000206,0.00054304818829,-0.000819932175035
7.38234,0.00169291907108,0.000356,0.000543467716485,-0.000819901678216
7.38689,0.00169557747686,0.000354,0.000544695117879,-0.000819957663262
7.39142,0.00169922209354,0.00037,0.00054598546028,-0.000820000820001
7.39814,0.00170476791909,0.000267,0.000546700194527,-0.000820000820001
7.40233,0.00170763461794,0.000601,0.000548099240463,-0.000819996677086
7.40684,0.00170806021874,0.000945,0.000549794828705,-0.00082
7.41138,0.00170614367101,0.000737,0.000551294391307,-0.00082
7.41821,0.00169754251273,0.00037534,0.000551717747362,-0.00082
7.42275,0.00169434385859,0.000345,0.000552632688648,-0.00082
7.42727,0.00169694410951,0.000714,0.000553698657358,-0.00082
7.43181,0.00169978060879,0.000378,0.000553140004798,-0.000820000820001
7.43634,0.00170359313015,0.000361,0.000552414916362,-0.000820000820001
7.44313,0.00170322879633,0.000464,0.00055140712577,-0.000820000820001
7.44768,0.00170120078541,0.000573,0.00054910735714,-0.00082
7.45224,0.00169946339107,0.000546,0.000547788004316,-0.00082
7.4568,0.0016996740862,0.000479,0.000547025162413,-0.000819976452286
7.46367,0.00169779303502,0.000394,0.000546166420109,-0.00082
7.46825,0.00169570432708,0.000434,0.000545120697091,-0.00082
7.47282,0.00169421553952,0.000243,0.000544374618368,-0.00082
7.4774,0.0016927307543,0.000474,0.000544623424227,-0.00082
7.48197,0.00169190452501,0.000541,0.000545205480915,-0.00082
7.48653,0.00169273354487,0.000329,0.000546125563445,-0.00082
7.49104,0.00169548754702,0.000482,0.000547483868733,-0.00082
7.49556,0.00169916493323,0.000376,0.00054823008119,-0.00082
7.50228,0.00170424144758,0.000416,0.000548957855171,-0.00082
7.5068,0.00170636646104,0.000809,0.000550314932273,-0.00082
7.51133,0.00170396512376,0.000848,0.00055205561784,-0.00082
7.51586,0.00169851659907,0.000777,0.000553223551241,-0.00082
7.52039,0.00169306314134,0.000444,0.000554639004962,-0.000819954760892
7.52493,0.0016903721795,0.00032962,0.000555563384659,-0.00082
7.52945,0.00169220548098,0.0003689,0.000555183201744,-0.00082
7.534,0.00169274225399,0.000424,0.000554158969775,-0.00082
7.54081,0.001695805981,0.000599,0.000552547609196,-0.00082
7.54535,0.00169729069926,0.0007,0.000550581311155,-0.000820000820001
7.54992,0.00169848066874,0.000824,0.000548235895606,-0.00082
7.55449,0.00169924922397,0.000723,0.000545967944861,-0.00082
7.55907,0.00169987300263,0.000371,0.000543914761996,-0.00082
7.56364,0.00170047109,0.000368,0.000543189044731,-0.00082
7.56822,0.0017001038184,0.00033008,0.000542751684678,-0.00082
7.57279,0.00169996356739,0.0003759,0.000542610715873,-0.00082
7.57737,0.0017009387664,0.000361,0.000542626870386,-0.00082
7.58419,0.00170444968895,0.000414,0.000542744343446,-0.00082
7.58874,0.00170628892442,0.000219222,0.000542882342159,-0.00082
7.59324,0.00170961798394,0.000261,0.000543677360269,-0.00082
7.59775,0.00171206844647,0.000355,0.000543911831737,-0.00082
7.6,0.00171287186131,0.000296,0.000544400967868,-0.00082
7.6068,0.00171558055815,0.000674,0.000545166014217,-0.00082
7.61134,0.00171391335233,0.000585,0.000546430455645,-0.00082
7.61589,0.00171020372499,0.000429338,0.000546703109896,-0.00082
7.62042,0.00170508387135,0.000233,0.00054708634551,-0.00082
7.62497,0.00170459961196,0.000298,0.00054711256474,-0.00082
7.62951,0.00170587645978,0.000536,0.000546439206022,-0.00082
7.63634,0.0017090815459,0.000372,0.00054538231525,-0.00082
7.6409,0.00171068409826,0.00045,0.000544215030428,-0.00082
7.64546,0.00171064905574,0.000536,0.000542863259299,-0.00082
7.65004,0.00170971540456,0.000411,0.000541199033055,-0.00082
7.65461,0.00170769267052,0.000459,0.000541035572942,-0.00082
7.65919,0.00170823379003,0.000433,0.000541101846417,-0.00082
7.66602,0.00170974411389,0.00043,0.000541007588409,-0.00082
7.67059,0.00170891213479,0.000334,0.000540746821885,-0.00082
7.67515,0.00170688025281,0.000367,0.000540819023874,-0.00082
7.67971,0.00170366905737,0.000492,0.00054090889473,-0.00082
7.68426,0.00170070805501,0.000625,0.000541527278963,-0.00082
7.68881,0.0016984489084,0.000433,0.000542114099801,-0.00082
7.69333,0.0016988754698,0.000314,0.000542504965496,-0.00082
7.69784,0.00170080016025,0.000275,0.000543007098347,-0.00082
7.70251,0.00169701702307,0.000356,0.000542807474825,-0.00082
7.70707,0.0017008173358,0.000543,0.00054304818829,-0.00082
7.7116,0.00170416424081,0.000626,0.000544398040209,-0.00082
7.71617,0.00170047626735,0.000443,0.000544633666752,-0.00082
7.72071,0.0016958345588,0.000456,0.000545554710252,-0.00082
7.72529,0.00169559267985,0.00041,0.000546296265669,-0.00082
7.73212,0.00169747184397,0.000366,0.00054681679716,-0.00082
7.73668,0.00170029065136,0.000268,0.00054711693449,-0.00082
7.74123,0.00170195619235,0.000346,0.000547255291816,-0.00082
7.74579,0.00170269098599,0.00022,0.000546809510224,-0.00082
7.75034,0.00170266347621,0.000293,0.000546318146716,-0.00082
7.75489,0.00170136906704,0.000293,0.000546178092881,-0.00082
7.75944,0.001701637402,0.000205,0.000546129941091,-0.00082
7.76397,0.00170262768396,0.000198,0.00054603070585,-0.00082
7.77081,0.00170045727526,0.000362,0.000545889118534,-0.00082
7.77537,0.00169845198087,0.000288,0.00054594167068,-0.00082
7.77991,0.00169713614947,0.00014488,0.00054590517667,-0.000820001640003
7.78447,0.00169623680644,0.00016188,0.00054588473896,-0.000820003280013
7.78899,0.00169877234459,0.000168,0.000546007353765,-0.00082000574004
7.79575,0.00170490072939,0.000116,0.000545963565918,-0.000820008200082
7.8,0.00171529453219,0.000337,0.000546402745196,-0.000820010660139
7.80477,0.00171114537175,0.000254,0.000546143073818,-0.00082001312021
7.80936,0.0017121163299,0.000566,0.000546787648834,-0.000820016400328
7.81391,0.00170918345738,0.000849,0.000547096542027,-0.000820017220362
7.82072,0.00170292471024,0.000517,0.000546404203676,-0.000820018860434
7.82526,0.00170231473786,0.0005,0.000546895489877,-0.000820018860434
7.82976,0.00170255677011,0.000528,0.000549073976758,-0.000820018860434
7.83431,0.00170473682825,0.000319,0.000549361271419,-0.000820018860434
7.83887,0.00170400487461,0.000574,0.000548587552574,-0.000820018040397
7.84572,0.00169800641085,0.00084,0.000547790913886,-0.000820018040397
7.85028,0.00169405104448,0.000626,0.000546947945395,-0.000820016400328
7.85481,0.00169524367426,0.000744,0.000546608352445,-0.000820015580296
7.86154,0.001703926006,0.000431,0.000547087802167,-0.000820014760266
7.86606,0.00170830685348,0.000319,0.000546523785775,-0.00082001312021
7.8706,0.00170783578618,0.000649,0.000545012505558,-0.000820012300185
7.87515,0.00170308648757,0.000787,0.000545117773277,-0.000820011480161
7.88201,0.00169243157398,0.000588,0.000544984723202,-0.000820010660139
7.88655,0.00169334755855,0.000892,0.000545193787375,-0.000820009840118
7.89107,0.00169781439629,0.000286,0.000545237636862,-0.000820008200082
7.89556,0.00170368638792,0.000432,0.000544866266809,-0.000820007380066
7.9,0.00170976561224,0.0004,0.000544418533497,-0.000820006560052
7.90707,0.00170871518884,0.000526,0.000543357731395,-0.000820006560052
7.91165,0.00170746404207,0.000395,0.000543911831737,-0.00082000492003
7.91621,0.00170373853939,0.000637,0.000544964251089,-0.00082000492003
7.92079,0.00169925292183,0.00063,0.000545654031864,-0.000820004100021
7.92767,0.00169245379785,0.0006,0.000545434916092,-0.000820004100021
7.93226,0.00168783845591,0.000432,0.000544676098029,-0.000820003280013
7.93684,0.00168879507817,0.000656,0.000544002662472,-0.000820002460007
7.94147,0.00168991565199,0.000627,0.000542757557592,-0.000820002460007
7.94833,0.00169902531964,0.000626,0.000540926572513,-0.000820002460007
7.95297,0.00169900900321,0.000475,0.000539074685699,-0.000820001640003
7.95527,0.00169818148995,0.000475,0.000539074685699,-0.000820001640003
7.95987,0.0016957822035,0.000546,0.000538663622322,-0.000820001640003
7.96449,0.00169259656697,0.000355,0.000538713912735,-0.000820001640003
7.97143,0.00169157602272,0.000516,0.000538327742123,-0.000820001640003
7.97604,0.00169124877254,0.000723,0.000538351423209,-0.000820000820001
7.9806,0.0016902287395,0.000591,0.00053958882197,-0.000820000820001
7.98519,0.00168798027905,0.00062,0.000539779284991,-0.000820000820001
7.99209,0.00168434928873,0.00047,0.000539810284359,-0.000820000820001
7.99663,0.00168601308788,0.000956,0.000541996491745,-0.000820000820001
8.00099,0.00169147075658,0.00068,0.000544460981443,-0.000820000820001
8.00566,0.00169587606815,0.00066,0.000545147010718,-0.000820000820001
8.01254,0.00169648100636,0.001166,0.000545821961221,-0.00082
8.01712,0.00169030390987,0.000725,0.000545728511244,-0.00082
8.02172,0.00168314035116,0.00036036,0.000546580651011,-0.00082
8.0263,0.00168360615266,0.000613,0.000547900011587,-0.00082
8.03316,0.00168783900762,0.000667,0.000549021725103,-0.00082
8.03774,0.00169217536039,0.0002488,0.000549725250763,-0.00082
8.04232,0.0016941603135,0.000486,0.000550112165408,-0.00082
8.0469,0.00169345938205,0.000399,0.000550039730381,-0.00082
8.05377,0.00169034595122,0.000381,0.000550048423093,-0.00082
8.05831,0.00169150465787,0.000362,0.00055063341353,-0.00082
8.06286,0.00169338708367,0.00028,0.000551908366761,-0.00082
8.06739,0.00169442186202,0.00026,0.000552010869277,-0.00082
8.07193,0.0016936838768,0.000739,0.000551986328179,-0.00082
8.07875,0.00169030607538,0.000314,0.000552109022596,-0.00082
8.08331,0.00168717815664,0.000349,0.000551872269728,-0.00082
8.08786,0.00168575204203,0.000427,0.0005512900549,-0.00082
8.0924,0.00168626213004,0.000298,0.000550423526348,-0.00082
8.09912,0.00169183597543,0.000485,0.000548835900896,-0.00082
8.10385,0.00169336968827,0.000782,0.000547492602259,-0.00082
8.10845,0.00169858822003,0.000608,0.000546899861363,-0.00082
8.11543,0.00169388052448,0.001236,0.000545415921927,-0.00082
8.11999,0.00168563491809,0.000832,0.000545649650408,-0.00082
8.12455,0.00168185389211,0.000536,0.000546061353949,-0.00082
8.1314,0.00167693448853,0.00092,0.000547003309647,-0.00082
8.13591,0.00168505191727,0.000704,0.000548232988406,-0.00082
8.14042,0.00169114303552,0.000351,0.000549078330837,-0.00082
8.14496,0.00169428652838,0.000621,0.000548334731197,-0.00082
8.1518,0.00168981467368,0.000485,0.000547536267797,-0.00082
8.15637,0.00168337935593,0.000778,0.000546640426037,-0.00082
8.16094,0.00168206749339,0.000867,0.0005465412834,-0.00082
8.16551,0.00168373906776,0.000524,0.000546695821445,-0.00082
8.17237,0.00168667184677,0.00034354,0.000546813882397,-0.00082
8.17695,0.00168484465278,0.00046,0.000546659377729,-0.00082
8.18151,0.00168340160618,0.000191,0.000546934831988,-0.00082
8.18833,0.00168260579258,0.00069,0.000547623588403,-0.00082
8.19287,0.00168574362765,0.000628,0.000548589005232,-0.00082
8.19743,0.00168992285279,0.000556,0.000550464062587,-0.00082
8.20197,0.00169187452686,0.000828,0.000551891040484,-0.00082
8.20876,0.0016938005714,0.001092,0.000553713048028,-0.00082
8.21328,0.00169129370532,0.00075,0.000555914637532,-0.00082
8.21781,0.00168553184609,0.000474,0.000557886024366,-0.00082
8.22231,0.00168232043886,0.000807,0.000559448866212,-0.00082
8.22681,0.00168562058007,0.000313,0.000559901473939,-0.00082
8.23359,0.00168794048751,0.00024427,0.000559475919467,-0.00082
8.2381,0.00168969008212,0.000375,0.000558863329822,-0.00082
8.24262,0.00168920899671,0.000254,0.000558398438273,-0.00082
8.24716,0.00168814157041,0.000439,0.000558003108762,-0.00082
8.25397,0.00168814905424,0.000462,0.000557620348737,-0.00082
8.25852,0.00168868165094,0.000389,0.000557132937779,-0.00082
8.26307,0.00168863797438,0.000517,0.00055549884408,-0.00082
8.2676,0.00168936901482,0.000435,0.000554367420431,-0.00082
8.27214,0.00169076004163,0.000394,0.000553396365178,-0.00082
8.27898,0.0016907522808,0.000447,0.000552714871409,-0.00082
8.28353,0.00169109211935,0.000292,0.000552098919396,-0.00082
8.28809,0.00169062708915,0.000231,0.000551969004385,-0.00082
8.29263,0.0016901403018,0.000285,0.000551878045414,-0.00082
8.29921,0.00170049654538,0.00048,0.000551885264936,-0.00082
8.30396,0.00169314942842,0.0003324,0.000551619523422,-0.00082
8.3085,0.00169726183215,0.000754,0.000552022417645,-0.000819958468505
8.31307,0.00169476048826,0.000767,0.00055191558588,-0.00082
8.31766,0.00168937258562,0.000411,0.000551128137644,-0.00082
8.32449,0.0016912621272,0.000443,0.000551729301954,-0.00082
8.32904,0.00169665930372,0.000589,0.000552188398357,-0.00082
8.33359,0.00170008217574,0.000431,0.000551537174988,-0.00082
8.33813,0.00170395491034,0.000676,0.000550575521695,-0.00082
8.34498,0.0017016846028,0.000728,0.000550013651414,-0.00082
8.34955,0.00169896544361,0.000346,0.000549007209866,-0.00082
8.35412,0.00169640972451,0.000349,0.000548873651561,-0.00082
8.35869,0.00169599844037,0.00021791,0.000549005758321,-0.00082
8.36325,0.00169553798896,0.000325,0.000548689229295,-0.00082
8.37003,0.00169567588558,0.000437,0.000548369610075,-0.00082
8.37455,0.00169677056237,0.000299,0.000548805408067,-0.00082
8.37907,0.00169901894637,0.000364,0.000549438147854,-0.00082
8.38356,0.00170236106811,0.000311,0.000549904975619,-0.00082
8.39034,0.00170500877515,0.000307,0.000550313484206,-0.00082
8.39485,0.00170726518285,0.000335,0.000550488672404,-0.00082
8.39919,0.0017133698989,0.000161,0.000550387330728,-0.00082
8.40381,0.00170752202246,0.000617,0.000550513281109,-0.00082
8.41069,0.00170488378094,0.000411,0.000551119462146,-0.00082
8.41526,0.00170370476898,0.00048229,0.00055003683278,-0.00082
8.41984,0.00169775934765,0.00037674,0.000548940434801,-0.00082
8.4267,0.00169708448091,0.000484,0.000547760362624,-0.00082
8.4313,0.00169711180106,0.000968,0.000545345783913,-0.00082
8.4359,0.0016992659446,0.000612,0.000543499974593,-0.00082
8.44282,0.00169804187556,0.000449,0.000542065589531,-0.00082
8.44742,0.00169906777082,0.00086,0.000539723186455,-0.00082
8.45205,0.0017003350534,0.000843,0.000539317039646,-0.00082
8.45902,0.00170074787941,0.000706,0.000540596493439,-0.00082
8.46361,0.00170430248278,0.000662,0.000541918562531,-0.000819964938909
8.47058,0.00169971335193,0.000901,0.000543586475605,-0.000819779753639
8.47534,0.00169607409419,0.000618,0.00054381512441,-0.000819650885668
8.48236,0.00169249507378,0.000706,0.000545538641827,-0.000819271471293
8.487,0.0016871034352,0.001168,0.000549052205843,-0.000819100450064
8.49159,0.00168114236486,0.00143,0.000551739412021,-0.000818875025941
8.49828,0.00168270787252,0.000769,0.000554002219674,-0.000818685486121
8.50295,0.00167917343393,0.00079,0.000555926103177,-0.000818784938407
8.50747,0.00168685083006,0.001091,0.000557327383035,-0.000818897374128
8.51428,0.00169078304328,0.000926,0.000557813190801,-0.000819330300699
8.51885,0.00168524334165,0.000582,0.000556172555903,-0.00082
8.5234,0.00168276809134,0.000263,0.000555534700906,-0.00082
8.53026,0.00168480126145,0.000812,0.00055523916992,-0.00082
8.53483,0.00168860780217,0.000662,0.000553836792057,-0.00082
8.5394,0.00169294771616,0.000375,0.000552768211464,-0.00082
8.54397,0.00169363342485,0.000422,0.000551778406233,-0.00082
8.55085,0.0016928288099,0.000714,0.000550201971471,-0.00082
8.55546,0.00169178838594,0.00081,0.000549452651626,-0.00082
8.56006,0.00169097358419,0.000786,0.000549407688676,-0.00082
8.56694,0.00168746080155,0.00056,0.000548673252779,-0.00082
8.57153,0.00168663045168,0.00035603,0.000547227623153,-0.000819807132467
8.57612,0.00168502169218,0.00043221,0.000546660835524,-0.000819373073854
8.58301,0.00168237857955,0.000639,0.000546835742738,-0.000818875568626
8.58761,0.0016824657141,0.0004105,0.000547114021327,-0.000818083611529
8.59221,0.00168283862666,0.00028009,0.000546939203159,-0.000818152198495
8.59908,0.00168387223337,0.000258,0.000546595230888,-0.000818370355113
8.6037,0.00168319952608,0.000331,0.000546242288675,-0.000818593374009
8.60826,0.00168464906523,0.00037,0.000547368864277,-0.000818875897526
8.61288,0.0016841342311,0.000472,0.000548192285979,-0.000819053119868
8.61977,0.00168363950369,0.000844,0.000548867843936,-0.000819278107797
8.62437,0.00168262520562,0.000565,0.000549749893967,-0.000819725386004
8.62899,0.00167782391967,0.00031541,0.000549422193258,-0.000819982896575
8.63586,0.00167823608545,0.000428,0.000548895429602,-0.00082
8.64045,0.00168257888455,0.000208,0.000548593363183,-0.00082
8.64506,0.00168523394915,0.000307,0.000547895648097,-0.00082
8.65196,0.00168399673451,0.00037,0.00054645816469,-0.00082
8.65653,0.00168412340421,0.000267,0.000545728511244,-0.00082
8.66351,0.00168791301196,0.000932,0.000545106077863,-0.00082
8.6682,0.00169147648204,0.000544,0.000545255175673,-0.000819817793242
8.67278,0.0016952736296,0.000793,0.000545782538958,-0.000819650828219
8.67972,0.00168883252464,0.001249,0.000545889118534,-0.000819577484866
8.68438,0.00168070474904,0.000693,0.000545899337402,-0.000819715366974
8.6914,0.00168042613308,0.000871,0.000546331274924,-0.000819727631021
8.69597,0.0016832491983,0.000612,0.000547242185782,-0.000819618728625
8.7005,0.00168748861694,0.000513,0.000548373969778,-0.000819505307171
8.7074,0.00168758143472,0.001165,0.000550663804281,-0.00081964556915
8.71199,0.00168264805903,0.000811,0.000551444698736,-0.00082
8.71888,0.00167786040857,0.000431,0.000551872269728,-0.00082
8.72344,0.00167988222052,0.000896,0.000552380295514,-0.00082
8.7303,0.00168774449613,0.000265,0.000551866493981,-0.00082
8.73486,0.00169320715217,0.000595,0.000550905422761,-0.00082
8.74173,0.00169335833232,0.000424,0.000549499061105,-0.00082
8.74631,0.00169207067034,0.000432,0.000548975274985,-0.00082
8.75322,0.0016902661032,0.000606,0.000549693357905,-0.00082
8.7578,0.00169099654265,0.000413,0.00054993250887,-0.00082
8.76471,0.00168739919608,0.000467,0.000549687559003,-0.00082
8.76929,0.001687095437,0.000468,0.000549474406561,-0.00082
8.77612,0.00169096137509,0.000672,0.000549343863929,-0.00082
8.78065,0.00169695666947,0.00034358,0.000549525164702,-0.00082
8.78747,0.00170030571843,0.000657,0.000550510386025,-0.00082
8.79197,0.00170213091743,0.000823,0.000551658526226,-0.00082
8.7965,0.00170039370922,0.000851,0.000552182625965,-0.000819991246325
8.80326,0.0016991538288,0.000679,0.000552844608372,-0.000819741512763
8.80784,0.00169784621874,0.000834,0.000554140277186,-0.000819663817209
8.81241,0.00169433099749,0.000814,0.000554161845501,-0.000819896807235
8.81926,0.00168797775889,0.000415,0.000552494247492,-0.00082
8.82379,0.00168620868714,0.00042,0.000551486603984,-0.00082
8.83063,0.00169031774633,0.000599,0.000550850453126,-0.00082
8.83519,0.00169561537742,0.000587,0.000549517913828,-0.00082
8.83978,0.00169700764932,0.000543,0.00054825188493,-0.00082
8.84665,0.0016965254011,0.000521,0.00054684740123,-0.00082
8.85124,0.00169640408244,0.000662,0.000544664393177,-0.00082
8.85812,0.00169696427509,0.000686,0.000543580611561,-0.00082
8.86272,0.00169608066056,0.000424,0.00054244914458,-0.00082
8.86962,0.00169181926424,0.000477,0.000541228480158,-0.00082
8.87423,0.00168772271218,0.00046,0.000539249073087,-0.00082
8.87883,0.00168207862738,0.000538,0.0005384801713,-0.00082
8.88577,0.00167865766538,0.000609,0.000538610368643,-0.00082
8.89034,0.00167996087543,0.000493,0.000539153019073,-0.00082
8.895,0.00168128044362,0.000633,0.000540124607834,-0.00082
8.90196,0.00167925185904,0.000612,0.000541377163919,-0.00082
8.90654,0.00168179443883,0.000755,0.000544395112533,-0.000820000820001
8.91111,0.00168014594402,0.001115,0.000547584295858,-0.000820000820001
8.91796,0.00167682066178,0.000802,0.000550009304799,-0.000820000820001
8.92252,0.00167228752213,0.000572,0.000552687478536,-0.000820000820001
8.92936,0.00167190716735,0.00063588,0.000553707291806,-0.000820000820001
8.9339,0.00167324924394,0.000610503,0.000554269674228,-0.000820000820001
8.93846,0.00167506295895,0.000702,0.000554611708957,-0.00082000492003
8.94526,0.00167596707685,0.000711,0.000554794135124,-0.00082000492003
8.94983,0.00167351055833,0.000239,0.000554963578503,-0.00082000492003
8.95439,0.0016729553689,0.000309,0.00055501526256,-0.00082000492003
8.96128,0.00167461582003,0.000393,0.00055509708558,-0.00082000492003
8.96585,0.00167696335776,0.000485,0.000554674918667,-0.00082000492003
8.97043,0.0016781358185,0.000445,0.000554163283358,-0.00082000492003
8.97727,0.00168122125933,0.000444,0.000553671314034,-0.00082000492003
8.98182,0.00168465327723,0.000761,0.000553452517875,-0.00082000492003
8.98633,0.00168974282341,0.000627,0.000553862688402,-0.00082000574004
8.99082,0.00169602983541,0.000314,0.000554544181361,-0.00082000574004
8.99757,0.0016992208708,0.000298,0.000555487369396,-0.00082000574004
9.00196,0.00169547447041,0.000563,0.000555891705514,-0.000820006560052
9.00886,0.00168854399117,0.000769,0.000556584970127,-0.000820006560052
9.01342,0.00167973639029,0.001047,0.000557620348737,-0.000820006560052
9.01799,0.00166845111617,0.000663,0.000557821759965,-0.000820007380066
9.02484,0.00166072115309,0.000463,0.000557620348737,-0.000820006560052
9.02942,0.00166017993749,0.000601,0.000556675143904,-0.000820006560052
9.034,0.00166681536105,0.000675,0.000554972192854,-0.00082000574004
9.04091,0.00167337907375,0.000646,0.000552293733751,-0.00082000574004
9.04552,0.00167628713072,0.000635,0.000551038484166,-0.00082000492003
9.05241,0.00167985966133,0.000721,0.000550339548827,-0.000820004100021
9.05702,0.00168337026917,0.000752,0.000550649332706,-0.000820004100021
9.06158,0.0016869244479,0.000613,0.000551437473367,-0.000820004100021
9.06842,0.00168945665518,0.000438,0.000552071495477,-0.00082000492003
9.07294,0.001687573851,0.000815,0.000553828159667,-0.00082000492003
9.07966,0.00168433038837,0.00085,0.000555411343475,-0.00082000492003
9.08413,0.00167884847857,0.000712,0.000557750346122,-0.00082000574004
9.08861,0.00167156743087,0.000755,0.000559421811603,-0.00082000574004
9.09535,0.00166204090952,0.000862,0.000560836798939,-0.00082000574004
9.09961,0.00166551323586,0.000842,0.00056181870776,-0.00082000574004
9.10428,0.00165810852622,0.000952,0.000561594672152,-0.00082000574004
9.11082,0.00166903731985,0.000909,0.000561804531051,-0.00082000574004
9.11524,0.00166848194725,0.001053,0.000563003978318,-0.00082000574004
9.1219,0.00165696499158,0.001057,0.000564760792058,-0.00082000574004
9.12639,0.00166045342512,0.001163,0.000567169178879,-0.00082000492003
9.13318,0.00165989655339,0.000725,0.000567856510591,-0.00082000492003
9.13768,0.00167014411861,0.00044384,0.000569675783131,-0.00082000492003
9.14437,0.00168061007948,0.000708,0.000571296715041,-0.00082000492003
9.14883,0.00169015572856,0.00063,0.000570382231823,-0.000820004100021
9.15555,0.00169277583042,0.000572,0.000568576561698,-0.000820000820001
9.16005,0.00169192259406,0.000706,0.000566106993794,-0.000820004100021
9.16684,0.0016836211186,0.000953,0.00056420499405,-0.000820001640003
9.17138,0.00167967636088,0.000872,0.000561163354287,-0.000820001640003
9.17821,0.00167284757129,0.000792,0.00055942465952,-0.000820003280013
9.18276,0.00167050641849,0.000884,0.000556705198494,-0.000820002460007
9.18964,0.00166540559182,0.000767,0.000555174590743,-0.000820002460007
9.19421,0.00166626203244,0.00065,0.000553805139291,-0.000820002460007
9.19873,0.00166999866255,0.000841,0.00055309390471,-0.000820002460007
9.2033,0.00167031251164,0.000814,0.000552220145418,-0.000820001640003
9.21023,0.00167368147449,0.00054,0.000552321146467,-0.000820001640003
9.21481,0.00167573437231,0.000489,0.000551759631591,-0.000820001640003
9.22172,0.00167220995274,0.000177,0.000551438918448,-0.000820001640003
9.22632,0.00167333436514,0.000162,0.000551944461399,-0.000820001640003
9.2309,0.0016733986104,0.000331,0.000551904035244,-0.000820001640003
9.23548,0.00167527073772,0.000183,0.00055182317392,-0.000820001640003
9.24008,0.00167601557231,0.000753,0.000552334130955,-0.000820001640003
9.24695,0.00167654641436,0.000402,0.00055253751414,-0.000820001640003
9.25156,0.00167425642261,0.00026849,0.000552261990985,-0.000820001640003
9.25845,0.00167384052316,0.00035,0.000552817222036,-0.000820000820001
9.26304,0.0016758064112,0.00019983,0.000553476992875,-0.000820000820001
9.2699,0.00167893118219,0.000251,0.000553692900983,-0.000820000820001
9.27449,0.00167973825628,0.000342,0.000554249547825,-0.000820000820001
9.27907,0.00168134900699,0.000199,0.000554399040435,-0.000820000820001
9.28595,0.00168012489546,0.000291,0.000554969321419,-0.00082
9.2905,0.00168218803289,0.000267,0.000555682406021,-0.00082
9.29731,0.00168602209851,0.000193,0.000556082298434,-0.00082
9.30193,0.00168338214802,0.000671,0.000557387418193,-0.00082
9.30649,0.00168265314752,0.000532,0.000558401291587,-0.00082
9.31335,0.00167455036814,0.000358,0.00055960547154,-0.00082
9.31793,0.00166714593454,0.000362,0.000560708962591,-0.00082
9.32476,0.00166356998523,0.000464,0.000561546449784,-0.00082
9.32929,0.00166461896251,0.000382,0.000561238575982,-0.00082
9.33378,0.00166747801342,0.000331,0.000560939046215,-0.00082
9.3405,0.00167655013599,0.000413,0.000561221545574,-0.00082
9.34495,0.00168022323158,0.000458,0.000561753491809,-0.00082
9.35158,0.00168379891933,0.000626,0.000563030853853,-0.00082
9.35601,0.00168457892637,0.000656,0.000564444875832,-0.00082
9.36265,0.00168503578848,0.000474,0.000565672240943,-0.00082
9.36704,0.00168511910832,0.000451,0.00056740353172,-0.00082
9.37357,0.00168594713314,0.000427,0.000568573761817,-0.00082
9.37794,0.00168611734142,0.000332,0.000569456398848,-0.00082
9.3823,0.00168572402583,0.000355,0.00056970931166,-0.00082
9.38889,0.00168150960815,0.000334,0.000570248273721,-0.00082
9.39325,0.00167950135524,0.000215,0.000570481283422,-0.00082
9.3996,0.00168084795809,0.000326,0.000570781116551,-0.00082
9.40418,0.00167215954497,0.000515,0.000570790875734,-0.00082
9.40873,0.00166862728992,0.000738,0.000570845245065,-0.00082
9.4155,0.00165943543584,0.000819,0.000569839214867,-0.00082
9.42009,0.00164818594345,0.000864,0.000567246372261,-0.00082
9.42695,0.00164590977373,0.00111,0.000565189238785,-0.00082
9.43151,0.00164890779786,0.001129,0.000561820125411,-0.00082
9.4361,0.00165081877561,0.000907,0.000559085651917,-0.00082
9.44298,0.00165080058349,0.000704,0.000556125280056,-0.00082
9.44757,0.0016529569868,0.001171,0.000554509695944,-0.000820000820001
9.45454,0.001656123034,0.000899,0.000554045366417,-0.000820000820001
9.45915,0.00165837934143,0.0005,0.000554479519406,-0.000820000820001
9.46372,0.00165808327572,0.000617,0.000556013520748,-0.000820000820001
9.4683,0.00165555672923,0.000709,0.000556889782968,-0.000820000820001
9.47515,0.00165065536108,0.000844,0.00055833566155,-0.000820000820001
9.47972,0.00164864557687,0.000495,0.000560545572065,-0.000820000820001
9.48657,0.0016513504562,0.000432,0.00056160885438,-0.000820000820001
9.49111,0.00165634083381,0.000672,0.000563227428812,-0.000820000820001
9.4978,0.00166740504853,0.000494,0.000563474813249,-0.000820000820001
9.50241,0.00167045973654,0.000519,0.000564096306501,-0.00082
9.50919,0.001678980299,0.000878,0.000565970555876,-0.00082
9.51371,0.00168056844577,0.000605,0.000567935006713,-0.00082
9.52045,0.00167379102761,0.000606,0.000568098970452,-0.00082
9.52497,0.00167208947999,0.000492,0.000568313308911,-0.00082
9.52949,0.00167195776319,0.000646,0.000567406337721,-0.00082
9.5363,0.00167028256553,0.000497,0.000565514573691,-0.00082
9.54083,0.00167041102764,0.000448,0.000564588753559,-0.000820000820001
9.54538,0.00166791547883,0.000681,0.000562900707208,-0.000820000820001
9.55218,0.00166730331026,0.000644,0.00056009492629,-0.000820001640003
9.55673,0.00166667523254,0.000709,0.000559478767099,-0.000820001640003
9.56356,0.00167005210038,0.000781,0.000558559626929,-0.000820001640003
9.56811,0.00167212077586,0.000387,0.00055825289928,-0.000820001640003
9.57491,0.00167200598774,0.000367,0.000558730748133,-0.000820001640003
9.57946,0.00167018943673,0.000517,0.000559297912663,-0.000820001640003
9.58628,0.00166852859068,0.000518,0.000560205845637,-0.000820001640003
9.59081,0.00166725832568,0.000449,0.000562157420223,-0.000820001640003
9.59747,0.0016694568807,0.000472,0.000563118543636,-0.000820001640003
9.60199,0.00166246368315,0.000708,0.000563173696022,-0.000820001640003
9.60879,0.00166360898425,0.001112,0.000565562441856,-0.000820002460007
9.61333,0.00165923169853,0.00097,0.000566106993794,-0.000820002460007
9.62016,0.00164546791397,0.000585,0.000566220899932,-0.000820002460007
9.62468,0.0016417647819,0.000516,0.000566440206647,-0.000820002460007
9.63146,0.00164542658947,0.0004446,0.0005663460282,-0.000820002460007
9.63598,0.00165037389171,0.000593,0.000564502713663,-0.000820002460007
9.6428,0.00165436662799,0.000632,0.000563729147252,-0.000820002460007
9.64735,0.00165743688715,0.000419,0.000562585112491,-0.000820002460007
9.65415,0.00166126162243,0.000718,0.000561669833714,-0.000820002460007
9.6587,0.00166319237761,0.000467,0.000561214449412,-0.000820001640003
9.66552,0.00166746850922,0.000382,0.000561176128522,-0.000820001640003
9.67007,0.00166812120983,0.000292,0.000561075345782,-0.000820001640003
9.6769,0.00166547265353,0.000299,0.000561545031413,-0.000820001640003
9.67919,0.00166347903344,0.000238,0.000562160253739,-0.000820001640003
9.68601,0.00166121815431,0.000415,0.00056241096092,-0.000820001640003
9.69054,0.00166183846091,0.000331,0.00056243078589,-0.000820001640003
9.6973,0.00166658888457,0.000303,0.000562168754198,-0.000820001640003
9.70184,0.00166914339044,0.000234,0.000561464178143,-0.000820001640003
9.70641,0.00167108224533,0.000454,0.000561383312748,-0.000820001640003
9.71321,0.00167094755664,0.000364,0.000561257024985,-0.000820001640003
9.71781,0.00166531673188,0.000416,0.000560009588208,-0.000820000820001
9.72468,0.00166603938123,0.000397,0.000559544258498,-0.000820000820001
9.72924,0.00166925894929,0.000708,0.000558068779159,-0.000820000820001
9.73605,0.00167559769544,0.000527,0.00055715867719,-0.000820000820001
9.7406,0.00168080768907,0.000287,0.000556716647423,-0.000820000820001
9.74746,0.00168288126071,0.00037,0.00055635588987,-0.000820000820001
9.75201,0.00168263953419,0.000299,0.000556443238143,-0.000820000820001
9.75878,0.00168363604444,0.000377,0.000557377412796,-0.000820000820001
9.7633,0.00168354040577,0.000316,0.000558773519972,-0.000820000820001
9.77007,0.00168385825229,0.000488,0.000560009588208,-0.000820000820001
9.77454,0.00168503536742,0.00051,0.000562241002684,-0.000820000820001
9.78121,0.00168664733905,0.000395,0.000563469160017,-0.00082
9.78564,0.00168804002372,0.000441,0.000565100476888,-0.00082
9.79232,0.00168883971741,0.000431,0.000566101368173,-0.00082
9.7967,0.00168965041443,0.000367,0.000566770403469,-0.00082
9.80335,0.00168474579307,0.000445,0.000566965615791,-0.00082
9.80784,0.00168654735035,0.000772,0.000567576073437,-0.00082
9.81451,0.00168358861826,0.000401,0.000567395113631,-0.000820000820001
9.819,0.0016803950131,0.000339,0.000566032449537,-0.000820000820001
9.82347,0.00167888760907,0.000288,0.000565828454804,-0.000820000820001
9.82793,0.00168235775414,0.000442,0.000565249813885,-0.000820000820001
9.83237,0.00168561321456,0.000535,0.000563603408239,-0.000820000820001
9.83905,0.00168869395237,0.000347,0.000563067628726,-0.000820000820001
9.84349,0.00168934879723,0.00033,0.000562902122014,-0.000820000820001
9.85011,0.00168862870356,0.000534,0.000563180766433,-0.00082
9.85453,0.00168858182888,0.000351,0.000564323537244,-0.00082
9.86119,0.00169020938463,0.000237,0.000565055385866,-0.00082
9.86561,0.00169095390303,0.000275,0.000565276577452,-0.00082
9.87223,0.00169078565839,0.000404,0.000565655350236,-0.00082
9.87667,0.00168967071448,0.000476,0.000566057767615,-0.00082
9.88337,0.00168853547385,0.000312,0.000565693353579,-0.00082
9.88783,0.00168791195348,0.00034,0.000565569480932,-0.00082
9.89453,0.00168640525727,0.00022,0.00056497505811,-0.00082
9.89881,0.00169277467588,0.000339,0.000564976467473,-0.00082
9.90564,0.00168893450626,0.000448,0.000565149790863,-0.00082
9.91014,0.00169101667198,0.000633,0.000565632828468,-0.00082
9.91692,0.00169042955429,0.0002024,0.000565442763447,-0.00082
9.92363,0.00168971595101,0.000416,0.000565820011973,-0.00082
9.9281,0.00169312397437,0.000541,0.000566077458628,-0.00082
9.93482,0.00169714477745,0.00022565,0.000566092929632,-0.00082
9.9415,0.00169988422829,0.000324,0.000566490803168,-0.00082
9.94599,0.00169839666698,0.00021314,0.000566240584963,-0.000820000820001
9.95276,0.00169488594009,0.0002386,0.000566022603295,-0.000820000820001
9.9595,0.00169299790155,0.00016,0.000565915689621,-0.000820001640003
9.96401,0.0016913365783,0.000241,0.000565439947163,-0.000820002460007
9.97082,0.00168791427913,0.000349,0.000564946870088,-0.000820003280013
9.97758,0.00168769242692,0.000444,0.000564300959602,-0.00082000492003
9.98208,0.00168926276392,0.000377,0.000563905697394,-0.00082000574004
9.98883,0.00169455259207,0.00022646,0.000564100541492,-0.00082000574004
9.99542,0.00170390651495,0.00016647,0.000564392675376,-0.00082000574004
9.99961,0.00171342096573,0.000206,0.000564683240533,-0.00082000574004
