timestamp,normU,maxDeltaAlpha,interfaceHeightMaxRel,interfaceHeightMinRel
0,0,nan,0.00082,-0.00082
0.000552434,0.000115709557394,1.6e-05,0.000819992619934,-0.00082
0.00108703,4.04297760454e-05,6.403239e-05,0.00082,-0.000819996104817
0.00158433,5.21002367522e-05,0.0001759856,0.00082,-0.000819921471904
0.00209118,5.98666783406e-05,0.000428072,0.00082,-0.000819676765575
0.00278261,5.77482707579e-05,0.000911847,0.00082,-0.000819116540594
0.00343402,5.27527958121e-05,0.00099641,0.00082,-0.000818772683988
0.0040702,5.43905557098e-05,0.0004675,0.00082,-0.000818651090472
0.00494809,5.70314406793e-05,0.000707,0.000819895846773,-0.00081869469126
0.00581715,6.18685752468e-05,0.001106,0.000819140560166,-0.000818956996231
0.00674706,6.05956136867e-05,0.001072,0.000818380588139,-0.000819268813048
0.00769046,5.80700875131e-05,0.001509,0.000817822874973,-0.000819585259838
0.00858326,6.02258282007e-05,0.001437518,0.000817355196958,-0.000819669519202
0.0095279,6.29542281275e-05,0.00332644,0.000817920137949,-0.0008189673544
0.0104845,6.26449729504e-05,0.00378439,0.000818176373373,-0.000818597924155
0.0113805,6.62951586618e-05,0.00266852,0.000818192846069,-0.000817483403546
0.012343,6.9811298936e-05,0.00193342,0.0008184135165,-0.000816653871935
0.0132996,7.36249053238e-05,0.002382,0.000817845956406,-0.000816427275636
0.0141272,7.67133401885e-05,0.001686,0.000817307326881,-0.000816472088781
0.0151223,7.97047830699e-05,0.001806,0.000816000305483,-0.000816965603867
0.016006,8.24951793387e-05,0.001669,0.000815618411859,-0.000817055678034
0.0168105,8.6098126389e-05,0.00125472,0.000815619240645,-0.000817127987416
0.0176546,8.88912668076e-05,0.00108006,0.000815735254205,-0.000816934302505
0.0185519,9.22030123623e-05,0.00103874,0.000815905072304,-0.000816840161021
0.0194328,9.57569398627e-05,0.00125954,0.000816218844496,-0.000815798045353
0.020392,9.93356274549e-05,0.00173782,0.000816368609198,-0.000814989712524
0.0212649,0.000103399867422,0.00110726,0.00081639839016,-0.000814565163696
0.022292,0.000108609738235,0.00080109,0.000816418242939,-0.000814316564955
0.0231524,0.000114288985046,0.000873,0.000816102967034,-0.000814474917472
0.0240872,0.00012034847318,0.001511,0.000815735254205,-0.00081478101808
0.0250674,0.000127375841366,0.001864,0.000815300034899,-0.000814900721439
0.0257927,0.000131622950726,0.001174,0.000814533762576,-0.000815010247479
0.0266799,0.000136527247616,0.001004,0.00081369862572,-0.000815236802841
0.0275467,0.000141193945638,0.00104447,0.0008136286771,-0.000815178788045
0.0285348,0.000145544079199,0.0018278,0.000813785212367,-0.000814663431522
0.0292406,0.000149514384902,0.00177927,0.000813965820317,-0.000813941663377
0.0301859,0.000154635439907,0.00136308,0.00081429021685,-0.000812955040817
0.0311508,0.000159956536235,0.001384,0.000814646758878,-0.000812670814848
0.0320925,0.000164637274323,0.001713,0.000814833633379,-0.000812515101196
0.0328813,0.000168531992029,0.001055,0.000814775503714,-0.000812395498102
0.0337738,0.000172806389959,0.001448,0.000813571210446,-0.000812811258337
0.034653,0.000176335938954,0.002213,0.00081231995688,-0.000813201392139
0.0355261,0.000179372733014,0.000949,0.000811774896497,-0.000813281723529
0.03637,0.000181790016566,0.0006103,0.000811619272177,-0.000812969096013
0.0373456,0.000183383093441,0.00138221,0.000811784098255,-0.000812148958751
0.0382667,0.00018623648906,0.00119811,0.000812006551246,-0.00081184137878
0.0392064,0.000188078218646,0.0010202,0.000812200472855,-0.000811469030876
0.0401142,0.000190420367902,0.0012323,0.00081228653825,-0.000811199129314
0.0410208,0.000190143643518,0.0011634,0.00081235086671,-0.000810980684355
0.041929,0.000188426213396,0.0006676,0.000812441911982,-0.000810518529099
0.0429524,0.000184902399686,0.00186,0.000812092656967,-0.000810631704545
0.0438448,0.000185471831116,0.001262,0.000811706295133,-0.000810740488292
0.0448229,0.000182515433985,0.001224,0.000811380702063,-0.000810893760349
0.0457144,0.000179774861427,0.001083,0.000810887221451,-0.000811064489666
0.0466969,0.000177417475032,0.001211,0.000810832726626,-0.000810785016813
0.0476276,0.000174571432191,0.0023095,0.000810743842773,-0.000810968866443
0.048578,0.0001737389491,0.002402,0.000810449383755,-0.000811050327759
0.0494454,0.000173920022357,0.0010724,0.000810388956056,-0.000810824761397
0.0503785,0.000174227619845,0.0013317,0.000810231131107,-0.000810374015629
0.0512427,0.000171741529786,0.000911,0.000810326840635,-0.000809608648708
0.0521938,0.000169597249877,0.001052,0.000810064006283,-0.000809707948821
0.0531015,0.000165714588096,0.001066,0.000810168152268,-0.000809943701938
0.0540998,0.00016472167111,0.0017865,0.000809715262962,-0.000809743677598
0.0549511,0.000163553277499,0.000991,0.00080888129395,-0.000809572067321
0.0560042,0.000161865932979,0.001065,0.000808513007194,-0.000809342918846
0.0568406,0.000161546777334,0.0009524,0.000808574551487,-0.000808877334707
0.0578366,0.000162468643042,0.0018305,0.000808739748635,-0.000807957009759
0.0588267,0.000166951626019,0.0013184,0.000808940256939,-0.000807508041923
0.0598221,0.000172581256203,0.0017127,0.000808664743781,-0.000807476515731
0.0608346,0.000177744593102,0.0016409,0.000808815582478,-0.000807623476713
0.0617881,0.000182865980015,0.0016886,0.00080837808372,-0.000807792092543
0.0626968,0.000185991713715,0.002494,0.000808491928287,-0.000807674930369
0.063582,0.000189173127405,0.002325,0.000808227086178,-0.000807400944573
0.0645037,0.000197507773216,0.00218,0.000807864130479,-0.000807488771505
0.065447,0.00020375190533,0.001955,0.000807946878482,-0.000807398831089
0.066478,0.000210684291075,0.0013918,0.000807610717926,-0.000807352754458
0.0673703,0.000216947946123,0.0011882,0.000807059435388,-0.000807194110397
0.0683213,0.000224243769389,0.0010657,0.000806732718341,-0.000806700455947
0.0691456,0.000227727649288,0.000805,0.000806663279119,-0.000806565197673
0.0700976,0.000232449554912,0.001772,0.000807024744444,-0.000806599842203
0.0710035,0.000239243987285,0.001612,0.000807225235107,-0.000806512674801
0.0718333,0.000245997737294,0.001687,0.000806906265779,-0.000806481412078
0.0727523,0.000253228062893,0.001978,0.000806853785888,-0.000806574769677
0.0736918,0.000258267719738,0.001458,0.000805949586738,-0.000806698000177
0.0745631,0.000264574450056,0.0013073,0.000805179430428,-0.000806687160743
0.0755448,0.000271296440837,0.001322,0.000804749154818,-0.000806343031543
0.07637,0.000276250545953,0.0009552,0.000804732138764,-0.000805637025447
0.0773267,0.000279386995596,0.001379,0.000804782334128,-0.000804865526036
0.0783999,0.000285216923638,0.0014108,0.000804818062745,-0.000803922480116
0.0791866,0.000289144634534,0.0010861,0.000804896314749,-0.000803428949664
0.0802027,0.000296548912011,0.0015569,0.000804801049499,-0.000803285711706
0.081109,0.000302184605669,0.001115,0.000804468301252,-0.000803203229464
0.0819901,0.000306848447139,0.001327,0.000804503205455,-0.00080297431158
0.0829392,0.000311651727189,0.000907,0.000804544916409,-0.00080278373591
0.0838832,0.00031399763806,0.001328,0.000804455530693,-0.000802809464419
0.0848224,0.000317663132169,0.000932,0.000804025360616,-0.000802709020248
0.0857377,0.000320893418152,0.001088,0.000803097071554,-0.000802361767985
0.0866875,0.000323146181195,0.000802,0.00080241147864,-0.00080192755436
0.0875002,0.00032563254229,0.0009094,0.000801970636269,-0.000801576567333
0.0883675,0.000328080032857,0.000955,0.000801609913452,-0.000801244247107
0.0892102,0.00033122795742,0.0007325,0.000801631342719,-0.000800929350558
0.0900684,0.000334991926113,0.0006941,0.000801630485569,-0.000800844170297
0.090988,0.000338470676826,0.0012474,0.000801622771143,-0.000800571941237
0.0918283,0.000342927279333,0.000824,0.000801283195797,-0.000800402449823
0.0927647,0.000348340415136,0.001223,0.000800232717948,-0.00080032292342
0.0936669,0.00035306038914,0.001199,0.000799213228652,-0.000800135267385
0.0946086,0.000356096504054,0.001053,0.000798371839532,-0.000799759875767
0.0952731,0.000358213500271,0.000631,0.000798300999774,-0.000799553103637
0.0963278,0.000362474357476,0.000977,0.000798231012207,-0.000799061816545
0.0972634,0.000365543494729,0.0008451,0.000798016656895,-0.000798704454106
0.0981015,0.00036852360675,0.0009355,0.000797887818334,-0.000798213729534
0.099114,0.00037314077144,0.0015289,0.000797898196054,-0.000797537679898
0.0997785,0.00037612183105,0.0007232,0.000797886953512,-0.000797265726038
0.100483,0.000378161209463,0.0007654,0.000797917221209,-0.000796840256806
0.101429,0.000380988982279,0.0012438,0.000797933651333,-0.000796298917943
0.102384,0.000386310622051,0.000954,0.000797176335156,-0.000796113887988
0.103185,0.000390001862658,0.0007645,0.000796755978549,-0.0007959474567
0.104185,0.000393283489484,0.00091,0.000796468855184,-0.000795733240533
0.105131,0.000395408087552,0.001181,0.000796288327146,-0.00079543506887
0.105996,0.000395778478525,0.0008918,0.000796286590925,-0.000795120060015
0.106906,0.000398346632781,0.000842,0.000795874035818,-0.000794793665034
0.107833,0.000403831123754,0.000668,0.000795679343489,-0.000794584005327
0.108675,0.000407541583444,0.0005231,0.000795453248673,-0.000794346858249
0.109489,0.000410798033117,0.0008566,0.000795136512424,-0.000794070571147
0.110333,0.000412992092842,0.000743,0.000794689719584,-0.000793918697778
0.111046,0.000413695424982,0.000691,0.000794112457654,-0.000793912324887
0.111945,0.000415532209357,0.0010748,0.000794071443825,-0.000794019254522
0.112905,0.000418820973846,0.000741,0.000793802573885,-0.000794084621042
0.113766,0.000422218935325,0.001412,0.000793338633571,-0.000793978493514
0.114502,0.000422890030531,0.0010929,0.000793043054333,-0.000793613826399
0.115319,0.000423452525496,0.00087,0.000792938065311,-0.000793115306656
0.116252,0.000424102491341,0.000987,0.000792860181639,-0.000792717328522
0.117035,0.000424637075308,0.0007266,0.000792551131138,-0.000792615323629
0.117879,0.000426711345788,0.00076,0.000791959542265,-0.000792429637964
0.118766,0.000428038724937,0.000902,0.000791915688008,-0.000792054339667
0.119634,0.000428390178866,0.0006132,0.000791902530847,-0.000791663876813
0.120506,0.000429172631668,0.000786,0.000791951648834,-0.000791012071262
0.121134,0.000428715495574,0.0006442,0.000791817438013,-0.000790863933815
0.122101,0.000430256421091,0.000705,0.000791198466361,-0.000790753918209
0.122961,0.000432243297693,0.000559,0.000791032375691,-0.00079071345766
0.123883,0.000434307221029,0.000875,0.000790809940909,-0.000790689795248
0.124876,0.000434013424076,0.000809,0.000790409616534,-0.000790242424437
0.125786,0.000433949041888,0.0011515,0.00078998424361,-0.000789973669916
0.126664,0.000436752071715,0.0008958,0.000789777127553,-0.000789753324776
0.127589,0.000437835677605,0.0006808,0.000789724230682,-0.000789619475456
0.128455,0.000438116511148,0.000863,0.00078944112058,-0.000789574673255
0.129372,0.000437974770421,0.0013541,0.000789272576179,-0.000789282990806
0.130248,0.000438537900144,0.0010273,0.000788854898444,-0.000789051249219
0.131212,0.000439302993214,0.001191,0.000788664025449,-0.000788999940015
0.13217,0.000440751894858,0.000882,0.000788668444773,-0.000789026169417
0.133126,0.000441434847485,0.001146,0.000788162576289,-0.000789039945829
0.134082,0.000443728568922,0.0007736,0.00078805106291,-0.000788356239262
0.134965,0.000443558042021,0.0008,0.000787969622,-0.000788190715528
0.135689,0.000443310557173,0.00067,0.000787470013297,-0.000788135320159
0.136641,0.000442980598508,0.000944,0.000786675990792,-0.000787844243386
0.137543,0.000441344009229,0.0004275,0.00078659695127,-0.000787466113338
0.138428,0.00044271419949,0.0006198,0.000786706181802,-0.000787265660544
0.139421,0.000444332705346,0.0008467,0.000786886395439,-0.00078666267055
0.14025,0.000444656008082,0.0005827,0.000786894383444,-0.000786345614887
0.141082,0.000445209547309,0.0004485,0.000786957394683,-0.000786282957642
0.141929,0.000446904342718,0.0008651,0.000787007087123,-0.000786341260283
0.142806,0.000448401642377,0.000894,0.000786833138249,-0.000786273624925
0.143739,0.00044869644774,0.0008374,0.000786463705451,-0.000785601577761
0.144444,0.000449436159999,0.000663,0.000786015694565,-0.000785155245541
0.145434,0.000449875969544,0.00136,0.000785433645528,-0.000784882282096
0.146497,0.000450141444243,0.000729,0.000784849018923,-0.000784617174981
0.147281,0.000450777977921,0.000508,0.000784811561313,-0.00078451954705
0.148361,0.000452012089364,0.000641,0.000785000599542,-0.0007840928104
0.149183,0.000453669208628,0.000483,0.000785043389048,-0.000784024728917
0.150045,0.000455978497045,0.0003685,0.00078511736913,-0.000784013917081
0.151137,0.000459037779565,0.000622,0.000785167276169,-0.000783996671191
0.15197,0.000461032020559,0.0003945,0.000785099543775,-0.000783999262587
0.152879,0.000463736884731,0.000487,0.000784996142056,-0.000784008823808
0.153633,0.000465385569729,0.001013,0.000784692031763,-0.000784027498847
0.154579,0.000466844239695,0.001418,0.000784329670995,-0.000783993007467
0.1555,0.00046759612906,0.0013719,0.000784168920181,-0.000783563419547
0.156272,0.00046690401786,0.0010149,0.000784011683197,-0.000783522718217
0.157162,0.000468278328876,0.001028,0.000783566460809,-0.000783509299348
0.158075,0.000470516544529,0.000916,0.000782760666096,-0.000783926786948
0.159117,0.000473023458979,0.001077,0.00078218134914,-0.000783364527749
0.159858,0.000474759264123,0.0013121,0.000782084420985,-0.000782962704768
0.160873,0.000476153865101,0.0018829,0.000782052106733,-0.000782794002318
0.161572,0.000477821272901,0.000505,0.000781890498949,-0.000782653560419
0.16242,0.000478800684313,0.000712,0.000781786319446,-0.00078249155145
0.163343,0.000480723455207,0.0011202,0.000782112245197,-0.00078158570267
0.164296,0.000481136318744,0.0012079,0.000782311449724,-0.000780659566838
0.165168,0.000481427957774,0.000436,0.000782034153318,-0.000780885370011
0.166037,0.000482503049852,0.000568,0.000781523962474,-0.000781114293178
0.167055,0.000484106828544,0.000782,0.00078101766361,-0.0007814762358
0.168081,0.000484195467589,0.0007396,0.000780926772389,-0.000781153694526
0.169081,0.00048538937342,0.0008761,0.000780776444701,-0.000780364889944
0.170148,0.000489224044872,0.000833,0.000780467522775,-0.00078026710014
0.170932,0.000489626802805,0.00059,0.000780474730481,-0.00077973495024
0.17186,0.000489837682043,0.001203,0.000780380119718,-0.000779619233245
0.172811,0.000491126496597,0.001108,0.000780239516689,-0.000779524795223
0.173597,0.000489219741778,0.0005938,0.000780098867657,-0.000779427627018
0.174506,0.000487007264223,0.000695,0.000779474407759,-0.00077937813143
0.175356,0.000484464094403,0.001033,0.000778775780274,-0.000779019479684
0.176096,0.000484468991219,0.0008085,0.000778181099681,-0.000778718610757
0.177039,0.000484759096018,0.0008542,0.000777636387538,-0.000778771167193
0.177842,0.000486065031641,0.0005704,0.000777535708125,-0.000778599543542
0.178826,0.000488204912414,0.0005641,0.000777527543899,-0.000778232091543
0.179794,0.000488240164238,0.000428,0.000777589225334,-0.000778214340176
0.180599,0.000488965557255,0.0005361,0.000777640922093,-0.000778521715871
0.181576,0.000491424687058,0.000714,0.000777969097243,-0.000778367738555
0.182591,0.000491998647869,0.001352,0.000778288872892,-0.000778223125383
0.183447,0.000492601968866,0.000555,0.00077818200545,-0.000778148853044
0.184362,0.000493635139718,0.000439,0.000777845834218,-0.000778208815367
0.185173,0.000493138617587,0.0006039,0.000777493978235,-0.000778332517902
0.185981,0.000495196062556,0.0006964,0.000777337908949,-0.00077840159837
0.186842,0.000497195970912,0.0007681,0.00077710642319,-0.000778165520147
0.187796,0.000499429716761,0.0007864,0.000776811212191,-0.00077780839516
0.188675,0.000499765766901,0.000974,0.000776818481348,-0.000777222090818
0.189549,0.00050196143723,0.0008686,0.000776753963299,-0.0007765599876
0.190523,0.000504328134328,0.000963,0.000776838470899,-0.000776209537869
0.191505,0.000502680950593,0.000783,0.000776789403985,-0.000776566079072
0.192157,0.000502791775732,0.0004674,0.000776662167483,-0.000776902522087
0.193117,0.000504961770665,0.0005146,0.000776292969425,-0.000777183235765
0.194036,0.000503371543597,0.0006825,0.000776338454214,-0.000776563169723
0.194918,0.000504745941327,0.000616,0.000776275683949,-0.00077607785245
0.195738,0.000503095455267,0.000799,0.000775781390633,-0.000776130185602
0.196612,0.000503151538743,0.000809,0.000775543600756,-0.000776037801928
0.197556,0.00050132714527,0.001238,0.000775463396891,-0.000775970344816
0.19844,0.000501779715139,0.000999,0.000775531753395,-0.000775854705561
0.199124,0.000499974558837,0.0004954,0.000775593720615,-0.000775876834207
0.2,0.000500697347665,0.000855,0.000775148817685,-0.00077610834297
0.201038,0.000497985238838,0.000716,0.000774495220725,-0.000776012040199
0.201916,0.000498454396323,0.0011694,0.000774530847115,-0.000775530750911
0.20294,0.00049958137389,0.0012402,0.000774665104843,-0.000774772207153
0.203769,0.000499057587664,0.0006091,0.000774551856175,-0.000774318141461
0.204626,0.000496278215836,0.000414,0.000774173536964,-0.000774220890659
0.205553,0.000496589672168,0.0008997,0.000773726255384,-0.000774141538293
0.206301,0.00049546967414,0.0005444,0.000773572481417,-0.000774260927
0.207134,0.000495152516845,0.0005505,0.000773600860482,-0.000774259281743
0.208025,0.00049563467157,0.000544,0.000773658528339,-0.000773799370399
0.208891,0.000496813844112,0.0005477,0.000773625576218,-0.000773543825829
0.209869,0.000498002451739,0.0006194,0.000773634729837,-0.000773639764244
0.210579,0.000497717460058,0.000553,0.00077367225765,-0.000773735589903
0.211559,0.000497603661766,0.000942,0.000773858933083,-0.000773499419656
0.212325,0.000499186111268,0.0006234,0.000773858018204,-0.000773409952575
0.213168,0.000502350441955,0.000653,0.000773973277795,-0.000773513703375
0.21411,0.000503942502853,0.000713,0.000773965960638,-0.000773469202544
0.214972,0.000506413361856,0.000835,0.000773496489604,-0.000773497405247
0.215898,0.000509149425452,0.000917,0.000773455283651,-0.000773773658015
0.216895,0.000512342600039,0.0006126,0.000773295001015,-0.000773860945811
0.217818,0.000514681776932,0.0006365,0.00077278628364,-0.000773656514671
0.218736,0.000516160058807,0.0005777,0.000772837640768,-0.000773213646346
0.219728,0.000518055077121,0.0006468,0.000772759685594,-0.000773042458506
0.220206,0.000518487177389,0.000506,0.00077283213851,-0.000772846627641
0.220987,0.000519238771141,0.0006111,0.000772863317052,-0.000772630891287
0.221876,0.000521725995561,0.000638,0.000772519312024,-0.000772889908742
0.222684,0.000523388919302,0.000823,0.000772159420198,-0.000773345748332
0.223535,0.000524972105227,0.000678,0.000772045514686,-0.000773825081257
0.224529,0.000528060816547,0.000569,0.0007719233086,-0.000774098930676
0.22556,0.000532241002919,0.0006752,0.000772026221276,-0.000773645073193
0.226319,0.000534100589547,0.0006766,0.000772165849456,-0.00077302531767
0.227203,0.000536439186987,0.0007213,0.000772094203765,-0.000772473424064
0.22804,0.000538129696031,0.0005997,0.000772068481914,-0.000772055069201
0.229028,0.000540094662631,0.0005285,0.000772110738436,-0.000771580580532
0.229898,0.000541625700399,0.000361,0.000772085936193,-0.000771843810232
0.230794,0.000541882510014,0.00069,0.000771905847779,-0.000772299280983
0.231656,0.000542466257269,0.000458,0.000771696263117,-0.000772311768
0.232614,0.000546036623035,0.0005658,0.000771686149017,-0.000772437260931
0.233483,0.000547889612476,0.0005122,0.000771719248831,-0.000772682175085
0.234354,0.000548019117271,0.0005612,0.000771696263117,-0.000772384387574
0.235251,0.000547491204606,0.0004086,0.000771543607102,-0.000772172645997
0.236123,0.000546283290766,0.000356,0.000771323724926,-0.000772298454624
0.236978,0.000545506328001,0.000461,0.000771194871931,-0.000772049832618
0.237796,0.000544972248024,0.0007261,0.000771166335026,-0.000771382248377
0.238814,0.000545272412048,0.0005734,0.000771097286374,-0.00077127283256
0.239459,0.000544549223607,0.000258,0.000771037435331,-0.000771224051278
0.240434,0.000544595542708,0.000591,0.000771188428277,-0.000771263352853
0.241329,0.000544240806192,0.000522,0.000771238133984,-0.000771348110656
0.242135,0.000543412704311,0.000387,0.000771086237572,-0.000771551793033
0.24312,0.000540741981358,0.0004705,0.000771020859738,-0.000771823404834
0.243812,0.000539438478343,0.000364,0.000770973892124,-0.000771779189848
0.244603,0.000537085115413,0.00056,0.000770704881728,-0.000771655253581
0.245431,0.000535086822072,0.000697,0.000770336103885,-0.000771638977422
0.246261,0.000532674093488,0.0006671,0.000770110072901,-0.000771385744811
0.246895,0.000531806610961,0.000509,0.000769918084971,-0.000771088263207
0.247832,0.000532396379095,0.000673,0.000770098076138,-0.000770700181779
0.248621,0.000532784963239,0.000572,0.000770063929692,-0.000770416247473
0.249553,0.000533594861953,0.0004521,0.000770121146543,-0.00077055077064
0.250314,0.000534198273134,0.000316,0.000770412651011,-0.000770553351897
0.25118,0.000534686532586,0.0005185,0.000770690136619,-0.000770414403137
0.252021,0.00053545595356,0.000456,0.000770636681407,-0.000770443819354
0.253054,0.000537159225503,0.000811,0.000770399740393,-0.000770506149336
0.254037,0.000537261674492,0.000588,0.000770048239886,-0.000770668386671
0.254912,0.000537874848267,0.000579,0.000769565270928,-0.000770724233924
0.255774,0.000539652407251,0.0005416,0.000769566194899,-0.000770679353942
0.256617,0.000539815095662,0.0003146,0.000769480257249,-0.000770589119174
0.257454,0.000541147007205,0.000319,0.000769521842102,-0.00077053187168
0.258346,0.00054310075691,0.0004007,0.000769462698007,-0.000770455161125
0.259323,0.000544287675795,0.0004702,0.00076953108264,-0.000770344220363
0.260328,0.000543265193728,0.0004052,0.000769766650111,-0.00077043063302
0.261228,0.000542798701817,0.0004558,0.000769869151421,-0.000770742571639
0.261892,0.000542288503518,0.0003341,0.000770048239886,-0.000770888508576
0.262854,0.000541795727582,0.000449,0.000770122992122,-0.000770928485271
0.263916,0.000542727682022,0.0006788,0.000770087001909,-0.000770969931878
0.264406,0.000542388875905,0.0003002,0.000770121146543,-0.000771003638869
0.265229,0.000540780380512,0.0004322,0.000770297364059,-0.000770963392787
0.266116,0.000539889743643,0.0003405,0.000770279837765,-0.000770873309098
0.267098,0.000539024202754,0.0005944,0.000770036241417,-0.000770853779292
0.268175,0.000537160078115,0.0004871,0.00077025954328,-0.000770693362155
0.268837,0.000537109806137,0.000378,0.00077040158479,-0.000770674930202
0.269722,0.000537397578768,0.00065,0.000770190350417,-0.000770612532242
0.270602,0.000537372680484,0.0004089,0.000769958704869,-0.000770520163131
0.271238,0.000536249963035,0.000358,0.000769853454588,-0.000770439116581
0.272119,0.00053848794612,0.000531,0.000769676133385,-0.000770208802923
0.272973,0.000540530848066,0.000658,0.000769505208637,-0.000769921870167
0.273879,0.00054081914542,0.0003948,0.000769387832239,-0.000770173465687
0.274634,0.000540234318435,0.0006216,0.000769523690225,-0.000770232236478
0.275504,0.000539893256725,0.0006111,0.000769749102421,-0.000770174480635
0.276447,0.000540423181609,0.000751,0.000769647496622,-0.000770229376545
0.277542,0.000541801380708,0.00083,0.000769294463056,-0.000770292106245
0.277937,0.000540066434856,0.000135,0.000769301859365,-0.000770218490176
0.278776,0.000539039572293,0.000338,0.000769379513026,-0.00077006632926
0.279624,0.000538519029071,0.0003974,0.000769339763478,-0.000770138402406
0.280606,0.000539254122773,0.000434,0.000769302783895,-0.000770242568983
0.281511,0.00053937014687,0.000408,0.000769110439417,-0.000770185737168
0.282428,0.000541314066877,0.00044,0.000768945769438,-0.000770108504112
0.283356,0.00054307825425,0.0004501,0.000768651428693,-0.000770173927027
0.284257,0.000542556801293,0.000344,0.000768491216361,-0.000770344865986
0.285327,0.000541370374202,0.0003499,0.000768595870395,-0.000770450366266
0.286054,0.000542709705995,0.000461,0.000768861560166,-0.000770189427771
0.287015,0.000541323690711,0.0007836,0.000768879143667,-0.000770032364918
0.287924,0.000539873181603,0.000813,0.000768366154245,-0.000770517397287
0.288837,0.000540716393381,0.0005493,0.000768505109936,-0.000770619168787
0.289576,0.000541099731438,0.0008213,0.000768682908584,-0.000769861487744
0.29038,0.000541638294016,0.000671,0.000768707905701,-0.000769530897832
0.29119,0.000541869743556,0.0007485,0.000768717163528,-0.000769642138567
0.292043,0.000542326889845,0.000776,0.000768793070293,-0.000770036887497
0.292967,0.000543935108094,0.0008996,0.000769013310164,-0.000770324113355
0.29375,0.000545072174545,0.0005291,0.000769203848069,-0.000770361006236
0.294588,0.000545983748856,0.000376,0.000769159458337,-0.000770253639252
0.295594,0.00054751226392,0.0006391,0.000768685686112,-0.000770238140797
0.296384,0.000547532507325,0.0004244,0.000768854156375,-0.000770251148466
0.297087,0.000548330048361,0.00029,0.00076885970923,-0.000770042425285
0.298,0.000548128044413,0.0005477,0.000769108589538,-0.000769695623781
0.298877,0.000548038175963,0.0006113,0.000769046614062,-0.000769550671934
0.299641,0.000549221656033,0.000572,0.000768621798482,-0.000769401327514
0.300316,0.000550083939186,0.000348,0.000768798623927,-0.000769196172669
0.301339,0.000548900992235,0.000741,0.000768879143667,-0.000769024041698
0.302201,0.000549335640387,0.000632,0.000768373566334,-0.000769054384606
0.303123,0.00055031396999,0.000745,0.000768234568689,-0.000769066872688
0.303971,0.000550719436843,0.000627,0.000768089036996,-0.000769031442602
0.304828,0.000551743770048,0.000432,0.00076789615583,-0.000769073625354
0.305699,0.00055254475167,0.00067,0.000767820092685,-0.000769132267391
0.306584,0.000553576244859,0.0002889,0.000767799683242,-0.000769196635046
0.307594,0.000555372167786,0.0004817,0.000767759789301,-0.00076927837565
0.308496,0.000556313453527,0.00032,0.00076779226139,-0.000769351318953
0.309381,0.00055730948876,0.0005393,0.000767780200611,-0.000769366849029
0.310236,0.000557457148855,0.000376,0.000767828441727,-0.000769254243425
0.311158,0.000557437298799,0.00044,0.000767958295137,-0.00076922973999
0.312025,0.000557130246214,0.000489,0.000767962932044,-0.000769414822371
0.313002,0.00055761156624,0.000686,0.000767915633282,-0.000769595114184
0.313985,0.000557702709645,0.000671,0.000767648438065,-0.000769557879093
0.314855,0.000557847002493,0.000687,0.000767599248884,-0.000769563977366
0.31583,0.000559195665655,0.0003854,0.00076771618012,-0.00076959797829
0.316689,0.000559622218158,0.0002727,0.000767811743483,-0.000769380344954
0.317582,0.000560189590904,0.0003248,0.000767895228311,-0.000769080007915
0.318588,0.000560734542199,0.000616,0.000767704117237,-0.000769066687682
0.319456,0.000561365600394,0.0003848,0.000767660502489,-0.000768962516814
0.320336,0.000562581012831,0.000306,0.000767938819591,-0.00076896316449
0.32137,0.00056385196655,0.000427,0.000767695765814,-0.000769204310439
0.322175,0.000564966545922,0.000388,0.000767560264839,-0.000769253781109
0.323092,0.000565535133361,0.000402,0.000767795972332,-0.000769146233021
0.323978,0.000566165927409,0.0003024,0.000767909140895,-0.000769183133424
0.32488,0.000566599683003,0.0003464,0.000767817309635,-0.000769313323396
0.325769,0.000566983634293,0.000229,0.00076779133365,-0.000769368512933
0.326635,0.000567478388517,0.0004037,0.000767641013639,-0.000769345957251
0.32755,0.000567312774367,0.0005013,0.00076783679061,-0.000769170371233
0.328494,0.000567824841031,0.000437,0.000768241983016,-0.00076903791829
0.329276,0.000569185299072,0.000313,0.000767951803385,-0.000768867483109
0.330079,0.000570449770119,0.000617,0.000767640085576,-0.000768681519813
0.330892,0.000571773572272,0.00062,0.000767316999971,-0.000768626243142
0.331774,0.000573510810693,0.00059,0.00076721668336,-0.000768576701138
0.332793,0.000575376424379,0.000515,0.000767101476582,-0.000768388112192
0.333534,0.000576270428721,0.000366,0.000767072670136,-0.000768429616174
0.334336,0.000576520647803,0.000438,0.000767145147246,-0.000768466855223
0.335148,0.00057577330521,0.000389,0.000767225972904,-0.000768310930216
0.336063,0.000576509530606,0.000466,0.000767213896458,-0.000767948093769
0.33679,0.000576706943354,0.000363,0.000767199961682,-0.000767663193738
0.33775,0.000577671592395,0.000428,0.000767344861604,-0.000767620224572
0.338608,0.000578821415078,0.000333,0.00076753334525,-0.000767710519886
0.339487,0.000580012219815,0.0003475,0.000767586254589,-0.000767772314536
0.340406,0.000580728187927,0.0004937,0.00076755098241,-0.00076780172423
0.341259,0.000581240694055,0.0004037,0.000767663286539,-0.000767704024444
0.342147,0.000581805180614,0.0003833,0.000767776489534,-0.000767747542056
0.343067,0.000581841640856,0.000502,0.000767698549639,-0.000768036837679
0.343916,0.000581539754324,0.00063,0.000767538914956,-0.000768239295337
0.344803,0.000581338474441,0.000662,0.000767421936187,-0.000768357630187
0.345699,0.000581279759053,0.000624,0.000767390365113,-0.000768366061593
0.346509,0.000579440380531,0.000459,0.000767395008061,-0.000768303795057
0.347393,0.000577279949972,0.000443,0.000767419150596,-0.00076817219067
0.348234,0.000576223179861,0.00045,0.000767467431658,-0.000768062984477
0.34914,0.000574925679143,0.000443,0.000767517564029,-0.00076805621613
0.350114,0.000573976527425,0.000327,0.000767535201827,-0.000768143640249
0.350804,0.000572773463563,0.000216,0.000767637301378,-0.000768150592634
0.351687,0.000573444699346,0.000256,0.000767853487895,-0.000768260518281
0.35258,0.000573562022797,0.0004924,0.000767767211706,-0.000768716608064
0.35347,0.000573283473359,0.0002778,0.000767905430916,-0.000768794921512
0.354355,0.000573373207141,0.0004978,0.000767992607079,-0.000768333910192
0.355192,0.000574439357856,0.000321,0.000767892445741,-0.000768146977408
0.355868,0.000574384576153,0.0002765,0.000767802466404,-0.000768254401731
0.356716,0.000574724800995,0.0005068,0.000767684630335,-0.000768544287432
0.357613,0.000575664406944,0.0005016,0.000767704117237,-0.00076875428544
0.358422,0.000576225014577,0.0005886,0.00076780617726,-0.00076874086267
0.35925,0.000577240037114,0.000606,0.000767837718253,-0.000768785850462
0.360237,0.000578088257785,0.0004791,0.000767800610965,-0.000768861652713
0.361071,0.000578661431888,0.000579,0.000767713396407,-0.000768795754558
0.362038,0.000580040194856,0.0006355,0.000767668854587,-0.00076875548884
0.362925,0.000580728971867,0.0003074,0.000767886880547,-0.000768634669352
0.363788,0.000580471327299,0.0004978,0.000768112214085,-0.000768225393285
0.364816,0.000579769302976,0.000641,0.000768012080223,-0.000768049076801
0.365441,0.000580827147692,0.00039,0.000767884097924,-0.000768109896431
0.366166,0.000582022013392,0.000334,0.000767904503416,-0.000768165516713
0.367085,0.000583319282867,0.0003124,0.00076799538901,-0.00076825986956
0.367958,0.00058364270428,0.0003512,0.000767939747017,-0.000768534562851
0.368903,0.000584317890593,0.0005675,0.000768043606327,-0.000768782981009
0.369993,0.000586021695431,0.0004731,0.000768312412831,-0.000768819819647
0.370558,0.000586674151916,0.0001962,0.000768363374679,-0.000768886732116
0.371471,0.000587345902307,0.000367,0.000768405066305,-0.000769047909163
0.372312,0.000587959639269,0.000387,0.000768255884539,-0.000769035790575
0.373123,0.000588481443931,0.000499,0.000767793189128,-0.000768889415805
0.374188,0.000589581091285,0.000502,0.00076732721611,-0.000768665502337
0.375044,0.000589112486049,0.000282,0.000767184168398,-0.000768538452709
0.375934,0.000590706625309,0.000315,0.00076694255282,-0.000768537989633
0.376918,0.000592071425784,0.000389,0.000766811466882,-0.000768626798722
0.377735,0.000593307139928,0.0003772,0.000766779851616,-0.000768642169468
0.37863,0.00059339497471,0.000312,0.000767069882314,-0.000768494272985
0.379552,0.000594066946319,0.000417,0.000767425650281,-0.0007682776627
0.38039,0.000594017501677,0.0004042,0.000767534273539,-0.000768299810437
0.38133,0.000592884482567,0.000445,0.000767268702259,-0.00076828776369
0.382295,0.000591490933115,0.0005076,0.000767391293706,-0.000767817124098
0.383189,0.000589904753221,0.000372,0.000767703189309,-0.000767593679948
0.384006,0.000588415030765,0.000249,0.000767602961469,-0.000767664771359
0.384935,0.000587164743483,0.000503,0.000767209251582,-0.000767730283992
0.385808,0.000584071256251,0.000543,0.000766985309931,-0.000767752459552
0.386565,0.000583699828123,0.000379,0.000766948130072,-0.000767809795313
0.387444,0.000582774772415,0.0004613,0.000767090325925,-0.000767865824922
0.388275,0.00058208283143,0.000296,0.000767261271367,-0.000768058163199
0.38923,0.00058253043014,0.0005952,0.000767244551398,-0.000768380329755
0.390072,0.000580983573101,0.0005141,0.000767160941942,-0.00076845444256
0.390971,0.000578893677924,0.000442,0.00076733093101,-0.000768390057779
0.391899,0.000577863888634,0.000428,0.000767441434827,-0.000768451385656
0.392831,0.000576653677958,0.000555,0.000767606674022,-0.000768582998378
0.393916,0.000574638041064,0.0003205,0.000767675350552,-0.00076877650153
0.394713,0.000573092086943,0.0003669,0.000767879460179,-0.000768923099313
0.395506,0.00057123321271,0.000437,0.000768038043062,-0.000768976210322
0.396306,0.000570099434971,0.0003136,0.000767917488232,-0.000769003966112
0.397219,0.000570072269916,0.0004531,0.000767617811491,-0.000769030239964
0.397884,0.000570209488285,0.0004972,0.000767453504977,-0.00076895039585
0.398731,0.000570970788296,0.0006212,0.00076736157773,-0.000768829075096
0.39963,0.00057218155429,0.0004428,0.00076744979112,-0.000768789182707
0.400718,0.000574130857546,0.0004887,0.000767341146823,-0.00076873734491
0.40132,0.000573726958745,0.0003989,0.000767455361893,-0.000768695222158
0.402056,0.000573806533452,0.000381,0.000767559336605,-0.000768595962998
0.402893,0.000574616452866,0.0003848,0.000767405222373,-0.000768438694644
0.403782,0.000573987328572,0.000604,0.000767246409204,-0.000768315563373
0.404487,0.00057329499752,0.000552,0.000767107981001,-0.000768290821742
0.405376,0.000574608451249,0.000607,0.000766805887884,-0.000768282852229
0.406271,0.000576768155583,0.0005927,0.000766654297819,-0.000768226690828
0.406928,0.000576390906009,0.0002924,0.000766720334317,-0.00076810683711
0.40778,0.000577229933098,0.0004939,0.000766781711401,-0.000767807104968
0.408612,0.000577910437466,0.0006344,0.000766644065919,-0.000767552560436
0.409507,0.00057734420745,0.0006183,0.000766687782362,-0.000767538172333
0.410274,0.000575407165552,0.000421,0.000766663599339,-0.000767485628518
0.411249,0.000575245884285,0.0005896,0.000766464503566,-0.000767457033111
0.412153,0.000576359689298,0.0006306,0.000766243903687,-0.000767907007661
0.412716,0.000576242265947,0.0003005,0.000766119127014,-0.00076806437522
0.413573,0.000577387879553,0.000279,0.000766137752661,-0.000767958387876
0.414386,0.000578424990287,0.0004069,0.000766076285014,-0.000767645746725
0.415283,0.000580013408163,0.0004925,0.00076622993792,-0.000767663936148
0.416267,0.000578079801339,0.0006129,0.000766519403519,-0.000767713953151
0.417277,0.000575386033401,0.0004143,0.000766826343862,-0.000767721747492
0.418112,0.000572218720903,0.000409,0.000767028992219,-0.000767732696451
0.418981,0.000570969201492,0.000597,0.000767117272859,-0.000767731211862
0.419837,0.000571050714572,0.000641,0.000767292851783,-0.000767596835687
0.420701,0.000570638307555,0.00033,0.000767474859039,-0.000767573445549
0.42165,0.000571979659727,0.000304,0.000767757005866,-0.000767787344343
0.42264,0.000572308643067,0.0005442,0.000767848849824,-0.000768063818923
0.423547,0.000573357509414,0.0004392,0.000767833080015,-0.000768276179966
0.424344,0.000573686506992,0.000331,0.00076794716636,-0.000768431746852
0.425156,0.000572880796062,0.000337,0.000768102943397,-0.000768476673944
0.426055,0.000573215920086,0.0001579,0.000768232715087,-0.000768589665945
0.426801,0.000574082787832,0.0002606,0.00076826422524,-0.000768773817146
0.427831,0.000574071867952,0.000466,0.00076815392974,-0.000768846474808
0.428736,0.000574945954551,0.0004642,0.000767886880547,-0.000768839348414
0.429579,0.000575742360669,0.000483,0.000767676278539,-0.000768800845361
0.430424,0.000575926917029,0.000404,0.000767499925518,-0.00076867439072
0.431119,0.000575419007759,0.0002507,0.000767458147253,-0.000768563180285
0.431876,0.000575632220254,0.000196,0.000767490641805,-0.000768476766572
0.432854,0.000574625920831,0.0003456,0.00076733928942,-0.000768398951783
0.433709,0.000573648543052,0.0004564,0.000767119131207,-0.000768405807453
0.434627,0.000573257068397,0.000587,0.000767042003119,-0.000768367266067
0.435579,0.000573168850335,0.000451,0.000766985309931,-0.000768280628152
0.436413,0.000572701329489,0.000343,0.000766818905436,-0.000768336133996
0.437249,0.000572117211784,0.000241,0.000767007616326,-0.000768307872305
0.438006,0.000570433672471,0.00027,0.00076725848475,-0.000768113141143
0.438895,0.000568320912904,0.000353,0.000767425650281,-0.000767910995872
0.439722,0.000565983847381,0.0004655,0.000767506424,-0.00076797517324
0.440733,0.000563926519669,0.0004195,0.000767789478163,-0.000768201758779
0.441704,0.000562726185499,0.0003578,0.000768017643819,-0.000768373566334
0.442614,0.000562343009774,0.0002828,0.000767887808084,-0.000768528450145
0.443495,0.000563019822567,0.000276,0.000767819165004,-0.000768729939007
0.444405,0.000562601139492,0.0002593,0.00076789615583,-0.000768879976552
0.445416,0.00056216269759,0.000268,0.000767844211704,-0.000768985092367
0.446296,0.000561732488779,0.000272,0.00076798982513,-0.00076887923621
0.44725,0.000561497144293,0.000326,0.000768394875387,-0.000768531599125
0.448016,0.000561796563538,0.0004444,0.000768316119348,-0.000768717163528
0.449759,0.000565061434631,0.000407,0.000768406919174,-0.000768720403721
0.45061,0.000566179144211,0.0003,0.000768425447426,-0.000768674946238
0.451678,0.000565681721627,0.000368,0.000768022280094,-0.000768719663108
0.452332,0.000564365744472,0.000368,0.000768022280094,-0.000768719663108
0.453382,0.000563899704234,0.000588,0.000767779272844,-0.000768699388326
0.454202,0.000564159848223,0.00039,0.000767450719587,-0.000768670131726
0.455052,0.000564112610242,0.000349,0.000767162800104,-0.000768502886994
0.455966,0.000563999631653,0.0003972,0.000767330002288,-0.000768134833735
0.456922,0.000565049621921,0.0004332,0.000767575116314,-0.000767967197954
0.457787,0.000565826442039,0.000343,0.000767546341121,-0.000767884283433
0.458578,0.0005661497203,0.000347,0.000767381079068,-0.000767753016246
0.459447,0.000566902783369,0.0003939,0.000767310498668,-0.000767701055067
0.460185,0.000567108893622,0.0003515,0.000767184168398,-0.000767707828929
0.461026,0.000568692947129,0.0002386,0.000767113556139,-0.00076774874824
0.462026,0.000567331826022,0.000449,0.000766855166568,-0.000767801074826
0.462904,0.000568803744521,0.00051,0.000766380744579,-0.000767856177953
0.463865,0.000572742533593,0.000318,0.000766427279332,-0.000767791240875
0.46472,0.000574657935792,0.0002863,0.000766586390725,-0.000767678320104
0.465654,0.000575933965392,0.000334,0.000766604996458,-0.000767772221758
0.466516,0.000576116585334,0.0003525,0.00076677520212,-0.000767940952669
0.467414,0.000576926931311,0.000545,0.000766921172694,-0.000767925278936
0.468367,0.000578303680272,0.0005728,0.000767215754394,-0.000767425557429
0.469192,0.000578592954451,0.000243,0.000767287278935,-0.0007673883222
0.470101,0.000577875041484,0.000426,0.000767067094475,-0.000767708849638
0.471099,0.000578047844668,0.0004957,0.000766996463271,-0.000767852467523
0.472119,0.000580728068744,0.0004989,0.000766887706047,-0.000767854508264
0.472872,0.000580884800454,0.00047,0.00076661708976,-0.000767905152666
0.473621,0.000581107401052,0.000542,0.000766327688913,-0.000768039990213
0.474528,0.000582632571918,0.000565,0.000766442169406,-0.000768251065394
0.475425,0.000583568998474,0.000401,0.000766815186175,-0.000768300551764
0.476297,0.000584563931167,0.0005479,0.000767055942939,-0.000768303702392
0.477109,0.000585232419277,0.0008732,0.000767050367065,-0.000768366617504
0.478028,0.0005862271408,0.0004272,0.000767085679734,-0.000768352719513
0.478793,0.000585964404925,0.0004293,0.000767190671584,-0.000768321493742
0.47963,0.000585644027696,0.000539,0.000767093113616,-0.000768388575428
0.480526,0.000585393251354,0.0003014,0.000766938834612,-0.000768472413016
0.481409,0.00058611607073,0.0003885,0.000766983451013,-0.00076850798122
0.482246,0.000585717966672,0.0003847,0.000767082891996,-0.000768561235471
0.48307,0.00058678565321,0.0002765,0.000767151651014,-0.000768550307303
0.483899,0.000586119514015,0.000272,0.000767233404396,-0.000768486121939
0.484507,0.000586504839541,0.000255,0.000767294709384,-0.000768512797524
0.485359,0.00058684688026,0.000409,0.000767477644275,-0.000768544194818
0.486304,0.000585123572049,0.000432,0.000767709684763,-0.000768417573015
0.487338,0.000583753139595,0.000317,0.00076779133365,-0.000768461297358
0.488191,0.000581754136387,0.000349,0.000767872039684,-0.000768553641349
0.489133,0.000580960310381,0.00037,0.000768158564566,-0.000768523634014
0.490039,0.00058041178433,0.0003342,0.000768306852996,-0.000768656891543
0.490834,0.00057978465715,0.0002883,0.000768235495486,-0.000768850269334
0.491628,0.00057986404654,0.000327,0.00076808440143,-0.000769039583451
0.492429,0.000580152529337,0.000263,0.00076815114882,-0.000769115619035
0.493259,0.000580862004688,0.000374,0.000768467133114,-0.000769160660619
0.494115,0.00058131592431,0.000366,0.000768787516588,-0.000769212078168
0.494959,0.000580802273289,0.000395,0.000769017935857,-0.000769183965728
0.495852,0.000580940735095,0.000425,0.000769122463436,-0.000769160475653
0.496842,0.00058016954827,0.0005351,0.000769195525339,-0.000768998415096
0.497596,0.000580318563554,0.0003552,0.000769243610029,-0.000768669668789
0.498369,0.000579931816659,0.000383,0.000769283368357,-0.000768454905725
0.499287,0.000579484405226,0.000485,0.00076911321422,-0.000768465558394
0.500214,0.000579403392874,0.000531,0.000768811582131,-0.000768508722193
0.500998,0.000580032570108,0.000389,0.000768681056889,-0.000768421093357
0.501818,0.000580622798635,0.0003418,0.000768589388132,-0.000768309540259
0.502634,0.000580995214743,0.0004878,0.000768292953099,-0.000768270341652
0.503581,0.000580322199004,0.000364,0.000768081620067,-0.000768201944152
0.504581,0.000580499588231,0.000494,0.00076795551297,-0.00076808097108
0.505248,0.000580852701873,0.000167,0.000767968496267,-0.000768004105612
0.50607,0.000580374124515,0.0002742,0.000768076984422,-0.000767895228311
0.506933,0.00057957484167,0.0002814,0.000768070494437,-0.000767804229065
0.507699,0.000579331041068,0.000247,0.000767841428808,-0.00076779884829
0.508479,0.000579578588739,0.000311,0.000767552838911,-0.000767817402404
0.509359,0.000580556144068,0.000221,0.00076737086419,-0.000767912387101
0.510239,0.000582628986543,0.0002457,0.000767307712365,-0.000768030996159
0.511062,0.000582243217604,0.000247,0.000767386650718,-0.000768085792105
0.511743,0.000582082057018,0.0003359,0.000767435863876,-0.000768067063977
0.51252,0.000582743293144,0.000436,0.000767543556324,-0.000768104704843
0.513335,0.000584754735868,0.000335,0.00076756769064,-0.000768115551484
0.514184,0.000586570057599,0.0003475,0.000767631732928,-0.000768034797792
0.515047,0.000588373458776,0.000367,0.000767701333447,-0.000767970814672
0.515807,0.000588507193883,0.0004692,0.000767637301378,-0.000768015232936
0.516605,0.000589263568257,0.0005101,0.000767613170913,-0.000768171449125
0.517579,0.000589218963322,0.000443,0.000767743088428,-0.000768319455187
0.518517,0.000588775029856,0.00037,0.000767711540589,-0.000768350495793
0.519339,0.000587735160917,0.00023,0.000767705973087,-0.000768281091503
0.520141,0.000586589418451,0.0004246,0.000767962932044,-0.000768121206463
0.521058,0.000587029277064,0.000651,0.000768212324951,-0.000767934089684
0.521993,0.000585970318314,0.000444,0.000768299439773,-0.000767676000143
0.522964,0.000585023488004,0.000772,0.000768313339463,-0.000767606581208
0.523765,0.000583919895232,0.000385,0.000767956440361,-0.000767828256195
0.524717,0.000582858403808,0.000509,0.000767484143088,-0.000768029327139
0.52567,0.000583831469583,0.000459,0.00076749342694,-0.000768124914607
0.526389,0.000582557117914,0.000271,0.000767612242792,-0.000768166443658
0.527313,0.000581871610948,0.0003623,0.000767686486268,-0.000768025340009
0.528272,0.000582646235323,0.0004022,0.000767911923358,-0.000767962932044
0.528875,0.000581493788664,0.0002923,0.000768055659823,-0.000767892445741
0.529591,0.000580957298049,0.000269,0.000768152075795,-0.000767975358711
0.530429,0.000580000782795,0.000278,0.000768144659939,-0.000768204261316
0.531296,0.000580294847848,0.000367,0.000767961077287,-0.000768393763636
0.532187,0.000579558275386,0.0005454,0.000767418222061,-0.000768759747
0.533116,0.000580595435048,0.0006693,0.000767610386543,-0.000768915604032
0.535043,0.000582420426025,0.0004516,0.000767683702366,-0.000768953449254
0.536101,0.000582623024016,0.0005713,0.000767672566579,-0.000768782333066
0.536675,0.000582303399118,0.0002935,0.000767862763888,-0.000768712627217
0.537518,0.000582201372896,0.0002194,0.00076800837112,-0.000768627724685
0.538487,0.000581567285482,0.000344,0.000768064004355,-0.000768524652815
0.539331,0.000580786752776,0.0003405,0.000767994461701,-0.000768414886419
0.540088,0.000579702821552,0.000276,0.000768003734696,-0.000768173766451
0.540915,0.000579138933065,0.000276,0.000768003734696,-0.000768173766451
0.541749,0.000578695605929,0.0002469,0.000768114995252,-0.000768080507517
0.542579,0.000578820559371,0.0003841,0.000768116849355,-0.000768179049909
0.543443,0.000578728240912,0.000387,0.000767923980495,-0.000768297957113
0.544358,0.000579583013024,0.0004673,0.000768065858674,-0.000768347067536
0.54532,0.00058079974373,0.0004122,0.000768289246385,-0.000768329740528
0.546211,0.000580342156127,0.000355,0.000768380978297,-0.000768372454529
0.547056,0.000579217718681,0.0003095,0.000768362448154,-0.000768465002609
0.547879,0.000579346529376,0.000475,0.000768443974891,-0.000768443419078
0.54884,0.000578394626354,0.000504,0.000768666243043,-0.000768361428973
0.549682,0.000577669980838,0.0003498,0.000768566236405,-0.000768326126787
0.550609,0.000578069292281,0.000348,0.000768252177509,-0.000768327702011
0.551513,0.000579373845307,0.000562,0.000768080692942,-0.000768345955663
0.552365,0.000579151442888,0.000491,0.000768108505833,-0.000768300088435
0.553191,0.000580013091868,0.00043,0.000768114068198,-0.000768266078707
0.554081,0.000580560238518,0.000471,0.000768116849355,-0.000768157174123
0.554992,0.000580731451346,0.000326,0.000768086255662,-0.000768091076629
0.555879,0.000581575927478,0.000421,0.000767949021176,-0.000768087275486
0.556688,0.000581726528807,0.000417,0.000767768139498,-0.00076800429107
0.557438,0.000580696140816,0.0002687,0.000767816381948,-0.000767832152361
0.558298,0.000579402762365,0.00037,0.000767855343109,-0.000767871019356
0.559181,0.000579697172495,0.000728,0.000767698549639,-0.000768061501012
0.56016,0.000580898981407,0.000633,0.000767430292854,-0.000767930658151
0.561071,0.000580240146432,0.000711,0.00076737365009,-0.000767745315248
0.562003,0.000580100692983,0.0004789,0.000767294709384,-0.000767910624878
0.562987,0.000581015063608,0.000428,0.000767363435038,-0.00076814994375
0.563894,0.000581835063606,0.000416,0.000767749583288,-0.00076830194175
0.564729,0.000583764747769,0.0004634,0.000768090891208,-0.000768426744374
0.565634,0.000587309892607,0.0004657,0.000768336504629,-0.000768527060882
0.566687,0.000590075584983,0.0004041,0.000768317045973,-0.000768626335739
0.567199,0.000591657732848,0.000234,0.000768277199346,-0.000768655965641
0.568181,0.000594105765867,0.000384,0.000768371713324,-0.000768465743655
0.569168,0.000595219845218,0.0006103,0.000768590314175,-0.00076815596907
0.570114,0.000595963337438,0.00052,0.000768454164661,-0.000768140303065
0.570838,0.000595510631319,0.000436,0.000768286466328,-0.000768197958601
0.571828,0.000594432754958,0.0004337,0.000768040824703,-0.000768394412158
0.572901,0.000596550058672,0.0006775,0.000767900793398,-0.000768636243462
0.573601,0.000596506178979,0.0003696,0.00076802691632,-0.000768628372859
0.574507,0.000596555543301,0.0004839,0.000768233641889,-0.000768451200388
0.575398,0.000596822756436,0.0004599,0.000768269785618,-0.000768234197969
0.576176,0.000596102630516,0.0006328,0.000768377272331,-0.00076810683711
0.57701,0.000595117549714,0.0005521,0.000768557901482,-0.000768029605309
0.577875,0.000593438392729,0.0003616,0.000768701425104,-0.00076798129371
0.578604,0.000593207936748,0.000248,0.00076880232631,-0.000767932234804
0.57969,0.000592128226766,0.0003412,0.000768730124156,-0.000767827050231
0.580587,0.000592014892349,0.000496,0.000768378198825,-0.000767833265545
0.581516,0.000592846095266,0.000365,0.000768071421584,-0.000767808032675
0.582465,0.000592800150673,0.000403,0.000767994461701,-0.000767627556543
0.583464,0.000591988783729,0.000314,0.000767993534391,-0.000767686857454
0.584503,0.000589684642388,0.0002395,0.000768019498335,-0.0007676825888
0.585048,0.000588964303384,0.000237,0.00076798982513,-0.000767720262867
0.585966,0.000588353973346,0.000342,0.000768076057288,-0.00076765001574
0.586919,0.000588287426402,0.0003895,0.000768273492498,-0.000767577622451
0.58784,0.000587221623709,0.000369,0.000768346696912,-0.000767824823829
0.588547,0.000586632081252,0.000332,0.000768380051808,-0.000767980830041
0.589412,0.000586048971072,0.000386,0.000768672724162,-0.000768084030583
0.59028,0.000585507833114,0.000437,0.000769030887539,-0.000768214549376
0.591136,0.000584741787021,0.000384,0.000768947620009,-0.000768366988111
0.592046,0.000584695328766,0.000531,0.00076845601732,-0.000768437860914
0.592951,0.000584709315421,0.000273,0.000768272565781,-0.000768346418944
0.593828,0.000584652046079,0.000303,0.000768252177509,-0.000768284798286
0.594762,0.000584323684763,0.000533,0.0007679796245,-0.000768661706202
0.59677,0.000585851086441,0.000374,0.000768028770797,-0.000768713645577
0.597443,0.000585384596871,0.000281,0.000768289246385,-0.000768585961754
0.598301,0.000584998095718,0.0003724,0.000768591240217,-0.000768345214413
0.599046,0.000584516624696,0.0003013,0.00076866068772,-0.000768260054909
0.6,0.00058464672176,0.0002782,0.000768465280501,-0.000768259962235
0.600822,0.000583379666628,0.000283,0.000768203056393,-0.00076816523863
0.601669,0.000582608226838,0.00027,0.000767953658181,-0.0007679148913
0.602487,0.000581072809361,0.0003735,0.000767809888083,-0.000767721097969
0.603391,0.000580699446158,0.000462,0.000767592751785,-0.000767658182433
0.604004,0.000578943422763,0.0002305,0.000767421936187,-0.000767596000347
0.604729,0.000578165420038,0.0002832,0.000767369935553,-0.000767476065977
0.605583,0.000577308726952,0.000248,0.000767369006914,-0.000767482286294
0.606429,0.000576357770361,0.000234,0.00076728635012,-0.000767596185978
0.607227,0.000576547412106,0.000364,0.000767257555874,-0.000767647602823
0.608107,0.00057620817545,0.0003978,0.000767208322601,-0.000767711262216
0.609018,0.000576734468072,0.0006475,0.000767260342497,-0.000767773706207
0.609987,0.000577007359397,0.000488,0.000767616883379,-0.000767626999689
0.61083,0.000576416659095,0.000597,0.000767930472662,-0.000767573538369
0.611589,0.000575271178364,0.000376,0.000768030625266,-0.000767676928129
0.612507,0.000574728059985,0.000326,0.000767753294593,-0.000767797549473
0.61353,0.000574598303882,0.000474,0.000767421936187,-0.000767881037018
0.614325,0.000574082902558,0.0004758,0.000767374578719,-0.000767947630065
0.615326,0.000573899918207,0.000415,0.000767464646357,-0.000767934089684
0.616092,0.000573144533088,0.0002891,0.000767724531152,-0.000767901999157
0.61689,0.000572736069308,0.0003571,0.00076802784356,-0.000767904967166
0.617765,0.000572681965214,0.0003012,0.000768211398104,-0.000768030996159
0.61959,0.000571197248498,0.000361,0.000768322605678,-0.000768230120032
0.62051,0.000569152607048,0.0003537,0.00076844212218,-0.000768487233454
0.621358,0.000569460990049,0.00029,0.000768339284367,-0.000768626983914
0.622212,0.000571438154698,0.0002198,0.000768138170961,-0.000768590036362
0.623103,0.000571264655245,0.0002885,0.000767950875984,-0.000768445827594
0.624007,0.000571966300663,0.0003964,0.000767872039684,-0.000768221778678
0.624747,0.000572545322405,0.000345,0.000767915633282,-0.000768101552777
0.625684,0.000572475068449,0.000307,0.000767869256966,-0.00076802784356
0.626561,0.000573644488465,0.0002391,0.000767769995075,-0.000767956162144
0.627329,0.000573743091068,0.0002012,0.000767673494572,-0.000767889106633
0.628044,0.00057281167639,0.000291,0.000767665142563,-0.000767869906268
0.629036,0.000572346126097,0.000368,0.000767769067287,-0.000767850612297
0.629932,0.000571219377159,0.00033,0.000767810815784,-0.000767811279634
0.630744,0.00057149789836,0.000335,0.000767800610965,-0.000767781870585
0.631707,0.000571767216113,0.000423,0.000767740304887,-0.000767991865228
0.632579,0.000571128934903,0.0002289,0.000767619667708,-0.000768058626786
0.633321,0.00057081757384,0.000295,0.000767629876762,-0.000768007165654
0.634232,0.000571465578382,0.000752,0.000767754222414,-0.00076810136736
0.636054,0.000572400082776,0.0006049,0.000767765356116,-0.000767840315645
0.636873,0.000572695517781,0.0005571,0.000767730098418,-0.000767837903782
0.63787,0.000572599086916,0.000424,0.000767795972332,-0.000767803394121
0.638847,0.000572614607307,0.0006988,0.000767953658181,-0.000767951803385
0.639799,0.000572489542512,0.00034,0.00076804916952,-0.000768208895608
0.640584,0.000572599542314,0.0003434,0.000767942529286,-0.000768394412158
0.641405,0.000573908146017,0.00043,0.000767737521328,-0.000768501312403
0.64228,0.0005748598876,0.000457,0.000767841428808,-0.000768529839404
0.643111,0.000575952722316,0.0005482,0.000767894300789,-0.000768560957639
0.644034,0.000577148482692,0.000575,0.000767816381948,-0.000768644206515
0.64501,0.000578234897076,0.000649,0.000767794116865,-0.000768688556206
0.645984,0.000579382592907,0.000542,0.000767779272844,-0.000768407845605
0.646849,0.000581698297206,0.000548,0.00076780896038,-0.000767899865888
0.647874,0.000583764286211,0.0004758,0.000767863691476,-0.000767942158318
0.64832,0.000584450748763,0.0001887,0.000767871112113,-0.000767960520859
0.64928,0.000587299626065,0.0005153,0.000767828441727,-0.000767910532129
0.65005,0.000588495144078,0.0006506,0.000767910995872,-0.000767950319542
0.651714,0.000590421194433,0.0004858,0.000767771850645,-0.000767651964624
0.652675,0.000590878988191,0.000465,0.000767662358524,-0.00076755098241
0.653538,0.00059141160004,0.000319,0.00076771989171,-0.000767503360442
0.654479,0.000591237363696,0.000276,0.000767761644914,-0.000767418872036
0.655416,0.000590985560871,0.000412,0.000767736593471,-0.000767768603393
0.656407,0.000589976310812,0.000341,0.000767527775472,-0.000767893744275
0.657223,0.000587643008135,0.000338,0.000767213896458,-0.000767894022532
0.657955,0.000585663625145,0.000221,0.000767008545735,-0.000767929359726
0.658865,0.000584487849281,0.000373,0.000766907228569,-0.000767844582756
0.659693,0.000582157933125,0.0004076,0.000767173019854,-0.000767546433947
0.660549,0.000580594710584,0.000458,0.00076795551297,-0.000767823339554
0.662333,0.000578281165805,0.000389,0.000768283686254,-0.000767961633715
0.663301,0.000576702769516,0.00039,0.000768591240217,-0.000767923516765
0.664006,0.000575685340393,0.0002856,0.0007687180893,-0.000767894022532
0.664892,0.000575883658935,0.0004814,0.000768657910033,-0.000767957553228
0.665843,0.000576872702376,0.0004291,0.000768278126053,-0.000768035075959
0.666776,0.000578040701887,0.000556,0.00076821603232,-0.000767963302994
0.667555,0.000578678871497,0.000429,0.00076818637249,-0.0007681862798
0.668509,0.000580424755346,0.0005327,0.000767803394121,-0.000768312042178
0.66952,0.000581267890441,0.000485,0.000767710612677,-0.000768264966627
0.670157,0.000580874040225,0.0003165,0.000767946238949,-0.000768156339856
0.671069,0.000582605532168,0.0005198,0.000768205836981,-0.000767925000699
0.671941,0.00058435699099,0.0005562,0.000768132608904,-0.00076777593287
0.672824,0.000585512808111,0.0004827,0.000767817309635,-0.000767883355888
0.673695,0.000587717018192,0.0005109,0.000767745871951,-0.000767868514905
0.674608,0.000589106109855,0.0003627,0.00076789615583,-0.000767772407314
0.675652,0.000587657200345,0.0005874,0.000767729170545,-0.000767755243015
0.676668,0.000587078012588,0.00046,0.000767880387732,-0.000767738263612
0.677191,0.000587032249929,0.0005852,0.000767802466404,-0.000767617161813
0.678983,0.000586080358609,0.0002954,0.00076756954707,-0.000767738820324
0.679686,0.00058524579047,0.0003969,0.000767518492352,-0.000767831595768
0.680397,0.000584210222361,0.0004851,0.000767538914956,-0.000767856456234
0.681339,0.000582738543278,0.000517,0.000767576044515,-0.000767916004273
0.682205,0.0005817461031,0.0003972,0.000767536130112,-0.000767970536464
0.682856,0.000580196117669,0.0003664,0.000767525918864,-0.000767828256195
0.68391,0.000578740994565,0.0006214,0.000767548197642,-0.000767646489165
0.684777,0.000577620468212,0.0006822,0.000767465574793,-0.000767730840714
0.685568,0.000577565424082,0.000276,0.000767209251582,-0.000767725830187
0.686617,0.000575724562545,0.0004922,0.000767024345375,-0.000767593215867
0.687194,0.00057459083263,0.0002521,0.000767067094475,-0.0007675857905
0.68797,0.000573342331523,0.000327,0.000767130281128,-0.000767550703934
0.689768,0.000573944993453,0.0004298,0.000767199961682,-0.000767563142352
0.690676,0.00057449382813,0.0003864,0.000767117272859,-0.00076760277584
0.691607,0.000575797143537,0.0003705,0.00076691187666,-0.000767620503003
0.692475,0.000576713235864,0.0005012,0.000766858885489,-0.000767575209135
0.693318,0.000575207798962,0.000307,0.000766971367855,-0.000767467524501
0.69427,0.000573320667708,0.000384,0.000767060589447,-0.000767342168391
0.694822,0.000572407401505,0.000335,0.000767210180561,-0.00076730817675
0.695737,0.000571544007079,0.000398,0.000767579757297,-0.000767261550028
0.696615,0.000571071752573,0.000442,0.00076798982513,-0.000767107888081
0.697428,0.000571743457537,0.0003409,0.000768015789295,-0.00076716298592
0.698335,0.000572437445391,0.000481,0.00076756954707,-0.00076738795076
0.698944,0.000573060376995,0.0003132,0.000767423793238,-0.000767483214692
0.699692,0.000574755647296,0.0003132,0.000767423793238,-0.000767483214692
0.700649,0.0005770628636,0.000338,0.00076725848475,-0.000767461211129
0.701435,0.000578446856985,0.000324,0.000767231546535,-0.000767509394702
0.703277,0.000580854535133,0.0003417,0.000767473002206,-0.000767513015218
0.703939,0.000580939765005,0.0001795,0.000767638229446,-0.000767455547584
0.704731,0.000578756795699,0.000166,0.000767730098418,-0.000767386372138
0.705593,0.00057967170869,0.000246,0.000767651222193,-0.000767391943721
0.70649,0.00058103834903,0.0004851,0.000767494355314,-0.00076746102544
0.707361,0.000582002647578,0.0005024,0.000767511065713,-0.000767465296262
0.708276,0.000583658833244,0.000478,0.000767490641805,-0.000767412557959
0.70917,0.000585861032527,0.00051,0.000767432149869,-0.000767496304894
0.710224,0.000587539655096,0.000692,0.000767445148755,-0.000767480615173
0.710713,0.000586252226905,0.000483,0.000767328144838,-0.000767430757108
0.711541,0.000584894537042,0.0002397,0.000766865393523,-0.00076756342082
0.712408,0.000584449672073,0.0004547,0.000766948130072,-0.000767456197503
0.714157,0.000583151018251,0.000494,0.000766797519253,-0.000767430757108
0.715082,0.000584101010492,0.000386,0.000766856096301,-0.000767581428039
0.715986,0.000585226612488,0.0004632,0.00076694998914,-0.00076760342554
0.716956,0.000583387110626,0.0003494,0.000766905369319,-0.000767603703982
0.717793,0.000581123811867,0.0002846,0.00076687190146,-0.00076766486416
0.718703,0.000582012940317,0.0003522,0.000766978803684,-0.000767742253367
0.719328,0.000579928502364,0.0002994,0.000766988098293,-0.000767819999917
0.720093,0.000576857170856,0.0003109,0.000766992745523,-0.000767932513037
0.720988,0.000575809013727,0.0002652,0.000767141430764,-0.000767996501777
0.721908,0.000575742357003,0.0004514,0.000767362506385,-0.000768026174527
0.72269,0.000576562549632,0.0003432,0.000767474859039,-0.000768130291359
0.72354,0.000576470439183,0.000405,0.000767589967285,-0.00076826617138
0.724561,0.0005784731372,0.000866,0.00076802691632,-0.000768342527371
0.725283,0.000578776087292,0.000383,0.000768381904783,-0.000768250694689
0.726157,0.000578637802265,0.0006518,0.00076880232631,-0.000767749119372
0.727035,0.000579006963677,0.000673,0.000768589388132,-0.000767975358711
0.728763,0.000579428201316,0.0006527,0.000768732901383,-0.000767973040329
0.729603,0.000580209698197,0.0006661,0.000768760672682,-0.000767941694607
0.730609,0.000581547075071,0.0006758,0.00076830777964,-0.000768348457373
0.731482,0.000581246283785,0.000385,0.000768029698032,-0.000768606056613
0.73241,0.000582607364823,0.0003478,0.000767999098223,-0.000768633280428
0.733278,0.000583580147418,0.0003396,0.000768038043062,-0.000768648650946
0.734134,0.00058412593307,0.0003215,0.000768143732948,-0.000768727902361
0.735034,0.000584868829334,0.0003578,0.000768292953099,-0.000768768726027
0.735894,0.000584243874266,0.00031,0.000768448606634,-0.000768653187923
0.736879,0.000585754899779,0.000519,0.000768552344779,-0.000768470930945
0.737753,0.000587274113287,0.000444,0.000768481027457,-0.000768332242331
0.73862,0.000589103592529,0.000486,0.000767759789301,-0.000768292119091
0.740191,0.000589352247039,0.000535,0.00076756954707,-0.000768278682076
0.741041,0.000590525433939,0.0005376,0.000767419150596,-0.000768208154124
0.741928,0.000591938508639,0.0005826,0.000767183239364,-0.000768159120742
0.74279,0.000593628468345,0.0005737,0.000767109839388,-0.00076847185724
0.743584,0.000593949773599,0.0004447,0.000767076387203,-0.000768498255827
0.744334,0.00059426974875,0.0003063,0.000767189742564,-0.000768287671022
0.745215,0.000593114116592,0.0004607,0.000767199032681,-0.000768011802041
0.74619,0.000594775640726,0.000549,0.000767307712365,-0.000767814155491
0.747094,0.000595231679657,0.0004016,0.00076760110518,-0.000768367266067
0.748825,0.000593040532101,0.000342,0.000767829369389,-0.000768189245874
0.749631,0.000592295541029,0.000657,0.000767578829104,-0.000767642962563
0.750379,0.000591501202024,0.0004876,0.000767617811491,-0.000767352569675
0.751304,0.000590934960326,0.00043,0.000767893373266,-0.000767294523624
0.752136,0.000588857598712,0.000597,0.000767956440361,-0.000767227552106
0.752936,0.000586998674013,0.000425,0.000767913778324,-0.000767451462359
0.753734,0.000586166789195,0.0003245,0.000767670710587,-0.000767619110844
0.754541,0.000584517383443,0.000608,0.000767507352347,-0.000767503917454
0.755407,0.000582713294871,0.000749,0.000767918415704,-0.000767429828598
0.756409,0.000581406460451,0.0004757,0.000767871112113,-0.000767407358063
0.758196,0.000581667777046,0.0008292,0.000767665142563,-0.000767417293525
0.759221,0.000582623410947,0.000583,0.000767617811491,-0.000767579200382
0.760077,0.000583452187768,0.001077,0.000767471145364,-0.000767792910807
0.761061,0.000584919634597,0.001147,0.000767295638181,-0.000767991030643
0.761991,0.000586475338245,0.000613,0.000766988098293,-0.000768228451774
0.762961,0.000587989056091,0.0006834,0.000767189742564,-0.000768172746829
0.763887,0.00058935729403,0.0003537,0.000767508280691,-0.000768127324883
0.765818,0.000590354727236,0.0005471,0.00076760110518,-0.000767969145421
0.766586,0.000589301100403,0.0004066,0.000767673494572,-0.000767741882229
0.767525,0.000589182818592,0.000505,0.000767624308217,-0.00076763164012
0.768474,0.000589682031309,0.000684,0.000767744944112,-0.000767622544829
0.769317,0.000588854645458,0.0006105,0.000767978697158,-0.000767530746029
0.770251,0.000587519415844,0.0004676,0.000768160418483,-0.000767889570399
0.771183,0.000587144123834,0.0007345,0.000767839573535,-0.000767676835331
0.771962,0.000586349864432,0.0008436,0.000767709684763,-0.000767495933546
0.77382,0.00058288839916,0.0006518,0.000767635445236,-0.000767420914806
0.774568,0.000582484621305,0.00053,0.000767641941699,-0.000767310870173
0.775249,0.000581882780918,0.000512,0.000767776489534,-0.00076728189178
0.776039,0.000582316193609,0.000561,0.000767898938376,-0.00076727984836
0.776866,0.000581765977601,0.000461,0.000767953658181,-0.000767167445475
0.77768,0.00058075739999,0.0002607,0.00076795736775,-0.000767054270184
0.778413,0.000581678299515,0.000274,0.000767862763888,-0.000767085400961
0.779416,0.000581910872635,0.000466,0.000767842356442,-0.000767143660657
0.780282,0.000582580671724,0.0004033,0.000767738449183,-0.000767082055671
0.781093,0.000582862249677,0.0006505,0.000767554695405,-0.00076726089982
0.782764,0.000582090042563,0.0003698,0.000767365292338,-0.000767604260866
0.783669,0.000582573143395,0.000351,0.000767307712365,-0.000767548290468
0.784285,0.000581253413487,0.0003215,0.000767332788448,-0.00076729192298
0.785294,0.000580242232478,0.0005692,0.000767247338104,-0.000767377364595
0.785946,0.0005788529334,0.000281,0.000767047579101,-0.000767580871125
0.786987,0.000577326496254,0.000479,0.000767566762422,-0.000767685836692
0.788506,0.000574103520907,0.000281,0.000767680918446,-0.000767649458914
0.789507,0.000573263453962,0.000381,0.000767846994582,-0.000767661616111
0.790315,0.000572197051781,0.0002153,0.000767849777442,-0.00076771627291
0.791156,0.000572311120568,0.000374,0.000767673494572,-0.000767834100432
0.79203,0.000571641247227,0.000408,0.00076771989171,-0.000768011245677
0.793011,0.000570280735754,0.000483,0.00076802042559,-0.000768144196444
0.793623,0.000569973868908,0.000347,0.000768102943397,-0.000768185538278
0.795411,0.000565906488106,0.0003303,0.000768364301203,-0.000768056772436
0.796321,0.000565425863618,0.0002335,0.000768496773844,-0.000767935851812
0.79698,0.000563529714535,0.0001977,0.000768410624887,-0.000767873245523
0.797837,0.000561815403305,0.000319,0.00076832909191,-0.000767845510383
0.798705,0.000561766531981,0.000367,0.000768184518683,-0.000767912572597
0.799645,0.000561936333376,0.0003609,0.00076795736775,-0.000767933254989
0.800106,0.000562411905113,0.0003776,0.000768054732642,-0.000767941230896
0.80182,0.000565763729171,0.000548,0.000768052878276,-0.000767999561873
0.802714,0.000567134510207,0.000634,0.00076795551297,-0.000768056030694
0.803749,0.000568940980617,0.000608,0.000767705045163,-0.000768135668044
0.8043,0.000568983987578,0.0003526,0.000767799683242,-0.00076818637249
0.805241,0.000569837452232,0.0006119,0.000767907285909,-0.000768249675246
0.806225,0.000570446508301,0.0003674,0.000767876677508,-0.000768278682076
0.806995,0.000570887122585,0.0003028,0.000767771850645,-0.000768131589185
0.808734,0.000573027224744,0.0002397,0.000767757005866,-0.000767909326393
0.809613,0.000572694608117,0.0002941,0.000767595536268,-0.000767843840652
0.810555,0.000573089783192,0.000251,0.000767490641805,-0.000767819628845
0.811531,0.000574630907776,0.000231,0.000767640085576,-0.000767917117243
0.812316,0.000574257940813,0.000287,0.000767906358413,-0.000767946795396
0.813233,0.000575556158668,0.000619,0.000768228081049,-0.000768093579802
0.814199,0.000575134917982,0.0003428,0.000768240129446,-0.000768062706327
0.815854,0.000574651451343,0.00053,0.000768224373783,-0.000768197124411
0.816761,0.000574325389531,0.000548,0.000768146513915,-0.000768370323561
0.817761,0.000572677241923,0.000862,0.000767832152361,-0.000768388204839
0.818691,0.000573185724532,0.000637,0.000768179884133,-0.0007683031464
0.819663,0.000572178407699,0.000451,0.000768557901482,-0.000768274697227
0.820687,0.000572692346546,0.0007882,0.000768644947256,-0.000768288783043
0.821616,0.000573961055407,0.0002969,0.000768396728299,-0.000768317045973
0.823303,0.000574534129876,0.000344,0.000768077911555,-0.000768351514999
0.82415,0.000575044916045,0.000315,0.000767923980495,-0.000768418499424
0.825054,0.000575861881747,0.000374,0.000767842356442,-0.000768269507601
0.825982,0.000576332117224,0.000642,0.00076772824267,-0.000767679433681
0.826587,0.000575718586268,0.000374,0.000767572331701,-0.000767611129044
0.827466,0.000577790198713,0.000455,0.000767498068791,-0.000767641848893
0.828265,0.000578779242269,0.0007493,0.000767827514064,-0.000767480893694
0.830046,0.000580461157469,0.0004448,0.000767737521328,-0.000767481265054
0.830912,0.000582473571131,0.000417,0.000767583470047,-0.000767597485396
0.831864,0.000583210028134,0.0004857,0.000767498997156,-0.000767788086543
0.832466,0.000584322008037,0.0002363,0.000767506424,-0.000767872132441
0.833307,0.000584648809935,0.0002056,0.000767247338104,-0.000768043699047
0.834896,0.000583904332073,0.000173,0.000767175807016,-0.00076805120934
0.835904,0.000583015109925,0.0005364,0.000767109839388,-0.000767921383602
0.836877,0.000582124977043,0.0005871,0.000767149792805,-0.000767490456129
0.837894,0.000581720225473,0.0006515,0.000767243622492,-0.000767125170783
0.838847,0.000580922716997,0.0005426,0.000767359720415,-0.000766992745523
0.83977,0.00058125454279,0.000312,0.000767692981971,-0.000766735772396
0.841409,0.0005813705529,0.000287,0.000767843284074,-0.00076677529511
0.842387,0.000581122538264,0.000334,0.000767867401811,-0.000767019977296
0.843309,0.000580916094803,0.000529,0.000767802466404,-0.000767160384492
0.844095,0.000580628278561,0.000691,0.000767796900063,-0.000767171997889
0.84496,0.000580927258186,0.000443,0.000767794116865,-0.000767264057967
0.846813,0.000579500699736,0.000326,0.000767904503416,-0.000767412093685
0.84767,0.000579696441249,0.000286,0.000768131681887,-0.000767534273539
0.848667,0.000579104865891,0.000437,0.000768402286987,-0.000767557572955
0.849707,0.000579418267323,0.0003756,0.000768408772034,-0.000767679062489
0.850558,0.000578907509505,0.0002737,0.000768332798286,-0.000767932976757
0.851468,0.000577965217801,0.000325,0.000768425447426,-0.000768057050589
0.852325,0.000578068066305,0.0005213,0.000768441195821,-0.000768100718402
0.854085,0.00057885783881,0.0004277,0.000768694018591,-0.000768025432733
0.854952,0.000580243960986,0.00039,0.000768946694724,-0.000767924629716
0.855787,0.000581139431261,0.00042,0.000769043838835,-0.000767884376187
0.856674,0.000582312424295,0.000397,0.000768896726458,-0.000768039062999
0.857664,0.000583760789915,0.000377,0.000768642169468,-0.000768183406396
0.858435,0.000584400610266,0.0004202,0.000768803251901,-0.000768123245946
0.860065,0.000584551404455,0.0003775,0.000768771780705,-0.000768036095903
0.860784,0.000583769002201,0.000332,0.000768594018329,-0.000767761181011
0.861631,0.00058301312859,0.000379,0.000768330018507,-0.000767653727892
0.862591,0.000582368313976,0.0003758,0.000768130754869,-0.000767879089157
0.863451,0.000581196907232,0.0006256,0.000768468985719,-0.000767873709306
0.864346,0.000579778910885,0.0004368,0.000768527338735,-0.000767908120654
0.865944,0.000577765868572,0.0002651,0.000768342064086,-0.000767993905315
0.86674,0.000576957364689,0.000385,0.000768227154236,-0.000767981664645
0.86763,0.000575833087542,0.000429,0.000768378198825,-0.000767813042258
0.868223,0.000574479677149,0.0004356,0.000768557901482,-0.000767671916982
0.87009,0.000573457023303,0.000583,0.000768481953731,-0.000767507445181
0.870938,0.000573309711633,0.000958,0.000767970350992,-0.000767520627487
0.871744,0.000573681165164,0.000635,0.000767666070572,-0.000767683423974
0.872623,0.000574468536899,0.0004154,0.000767760717108,-0.000767674979357
0.873581,0.000575129007921,0.0006972,0.000767683702366,-0.000767706808216
0.874298,0.000575109518927,0.0004103,0.000767609458416,-0.000767636002079
0.875976,0.000575733823002,0.000646,0.00076744050634,-0.00076723489068
0.876974,0.000575387068235,0.000601,0.000767165587332,-0.000767342911348
0.877782,0.000574821565021,0.0003782,0.00076725848475,-0.000767323036809
0.879482,0.000575054472527,0.000515,0.000767085679734,-0.000767540307372
0.880288,0.000575736876169,0.000417,0.000766915595098,-0.000767571403493
0.881203,0.000576502145359,0.000333,0.000766847728633,-0.000767527961133
0.882142,0.000578203282125,0.0003879,0.000766826343862,-0.000767422957566
0.883122,0.000579182551921,0.0006603,0.000766877479615,-0.000767181752904
0.88489,0.000579546002378,0.000616,0.000767153509215,-0.000767150257358
0.885833,0.00057954773493,0.000684,0.00076729749577,-0.000766619787451
0.886794,0.000578690970498,0.000434,0.00076725848475,-0.000766345933343
0.887822,0.000579320239013,0.000397,0.000767442363312,-0.000766367248574
0.88882,0.00058023686544,0.0003772,0.000767500853879,-0.000766562202086
0.890405,0.000581223488581,0.00025,0.000767622452019,-0.000766711778038
0.891323,0.00058200445162,0.000395,0.000767617811491,-0.000766925448803
0.89216,0.000583040430826,0.0004143,0.000767724531152,-0.000767083263695
0.893165,0.000584279376836,0.0003525,0.000767987970488,-0.000767129073234
0.894763,0.000585811139724,0.0003634,0.000767853487895,-0.000767179523206
0.895518,0.000586649994631,0.0004606,0.000767936037299,-0.000767099432317
0.89643,0.000587459307745,0.0003136,0.000768064004355,-0.000767084564641
0.897329,0.000588610549431,0.000572,0.000767864619063,-0.000767276968978
0.898146,0.000588817472987,0.0004329,0.000767758861491,-0.00076735479849
0.899827,0.000590248065977,0.0003803,0.000767684630335,-0.000767262757556
0.90078,0.000591176033797,0.000334,0.000767374578719,-0.000767255698116
0.901319,0.000589971970876,0.0004705,0.000767224115011,-0.000767307247979
0.902161,0.00059004106033,0.0005556,0.000767180452248,-0.000767300282137
0.903016,0.000590407833723,0.0006383,0.000767085679734,-0.000767179151588
0.904944,0.000595131952371,0.0004272,0.000766717544245,-0.00076721473253
0.905878,0.000597398761256,0.000324,0.000766616159518,-0.000767124613287
0.906723,0.000598183227294,0.000534,0.000766748234061,-0.000766958075994
0.907566,0.000598084519758,0.0004128,0.000766920243099,-0.000766843172835
0.90914,0.000598240585151,0.0002507,0.000767060589447,-0.000766558294565
0.910065,0.000595681476933,0.0003022,0.000767069882314,-0.000766277047319
0.910939,0.000595370154106,0.000412,0.000766785430947,-0.000766371995492
0.911999,0.000594841735836,0.0003083,0.000766463572998,-0.000766572342871
0.913691,0.000591440828333,0.00043,0.000766433793802,-0.000766471203591
0.91458,0.000590173335022,0.0003903,0.00076628486736,-0.000766559597076
0.915488,0.000588382404767,0.000323,0.000766160102388,-0.000766649646985
0.916298,0.000586925358739,0.000466,0.000766584530108,-0.000766925355844
0.918105,0.000580860806077,0.000674,0.000767053155011,-0.00076688761308
0.919038,0.000581540974564,0.0013811,0.000766840290571,-0.000767307526611
0.91988,0.000581714682841,0.000612,0.000766525916615,-0.000767411350846
0.92078,0.000581055574798,0.0008236,0.000766657088296,-0.0007676924252
0.922581,0.000580301531555,0.0007171,0.000766144271449,-0.000768017643819
0.923489,0.000578471330731,0.000581,0.000766254144965,-0.00076803553957
0.924495,0.000577235243982,0.000915,0.000766492419659,-0.000767886509532
0.925313,0.000576330426949,0.00045,0.000766463572998,-0.000767769995075
0.926204,0.000576366629539,0.000322,0.000766585460417,-0.000767379314697
0.928001,0.000575307678971,0.0003946,0.000766566853851,-0.000767130002383
0.929031,0.000573121651405,0.000316,0.000766658018451,-0.000767080568867
0.92977,0.000571790309399,0.0002921,0.000766644996102,-0.000767140501639
0.93052,0.000569806172938,0.0003624,0.000766475670217,-0.000767101104898
0.932007,0.000567167936324,0.0002677,0.000766540803327,-0.000767148956608
0.932964,0.000567867259938,0.0003818,0.000766418903443,-0.000767277990696
0.933847,0.000567800893631,0.000341,0.000766101431915,-0.000767482379134
0.934845,0.000567424572144,0.000326,0.000766306278661,-0.000767739005895
0.935833,0.000564472535125,0.000399,0.000766661739051,-0.000767546526773
0.937597,0.00056254410303,0.0004923,0.000766921172694,-0.000767362320654
0.938597,0.000562754565538,0.000393,0.000767025274748,-0.000767064213689
0.939264,0.000563354947134,0.0003546,0.000767177665115,-0.00076692563472
0.940044,0.000564106296425,0.000493,0.00076732628738,-0.000766968300538
0.941841,0.000564654810084,0.0005,0.000767171161735,-0.000767091719773
0.942743,0.000564480934497,0.000368,0.000767104264202,-0.000767111233174
0.943435,0.000564863687526,0.0004149,0.000767114485322,-0.000767045348717
0.945137,0.000565985019548,0.000449,0.00076723526225,-0.000766940321899
0.946008,0.00056594791978,0.0004144,0.00076744979112,-0.000766826064923
0.946814,0.000565440988272,0.0002999,0.000767495283686,-0.000766891610621
0.947718,0.000564639907152,0.000423,0.000767537058395,-0.000766898582988
0.948643,0.000564846188885,0.000787,0.00076732721611,-0.000766852935201
0.949557,0.000564331294201,0.000539,0.00076731607122,-0.000766636345327
0.951362,0.000566210558056,0.000694,0.00076707081159,-0.000766515309524
0.952331,0.000568321764166,0.0007,0.000766657088296,-0.000766562016014
0.953155,0.000570571522526,0.000602,0.000766431001898,-0.000766472971636
0.953971,0.000571937447085,0.0005967,0.000766515681707,-0.000766132258178
0.955855,0.000574896735472,0.0005643,0.0007665231253,-0.000766102735789
0.956618,0.00057475019239,0.000492,0.000766627322293,-0.000766004375521
0.957557,0.000572995115614,0.0004557,0.000766671970537,-0.000765760614919
0.958467,0.000574037707928,0.0003691,0.000766215971706,-0.000765619384037
0.959948,0.00057483305275,0.0004768,0.000766025986871,-0.000765676254764
0.960946,0.000574235168555,0.0005576,0.000765845238362,-0.000765715687006
0.961534,0.000575647923718,0.0002276,0.000765704500916,-0.000765726127099
0.962338,0.000577389352432,0.0006362,0.000765429419488,-0.000765980061473
0.964195,0.000576630467876,0.000638,0.000765806097396,-0.000765974937651
0.964978,0.000575887665839,0.000605,0.00076620666065,-0.000766001674027
0.965774,0.000575502968774,0.0008184,0.000766402151181,-0.000766086064536
0.966712,0.000576579160311,0.0005918,0.000766262524014,-0.00076661374088
0.968565,0.000577597525485,0.0007374,0.000766287660198,-0.000766782827268
0.96953,0.000578929064384,0.0006646,0.000766439377556,-0.000767029085155
0.970427,0.000580417543369,0.000483,0.000766498002663,-0.000767113091547
0.97226,0.000582229410545,0.000782,0.000766322103731,-0.000767001668066
0.973179,0.000583455269405,0.000396,0.000766224351488,-0.000767030107454
0.973965,0.000584432857629,0.0003393,0.000766020397831,-0.000767018490281
0.974891,0.000585851040905,0.000451,0.000765909533769,-0.000767098131415
0.975969,0.000586874802071,0.0005366,0.000765955187083,-0.000766777712854
0.977762,0.000587578471933,0.0003491,0.000765925373214,-0.000766801796573
0.978676,0.000586651143353,0.000434,0.000765929100059,-0.00076687952492
0.979423,0.000587168284857,0.000547,0.000766167552044,-0.000767372628595
0.980301,0.000587766044562,0.0006896,0.000766128439937,-0.000767640549608
0.982182,0.000591134565721,0.0007658,0.000766312794936,-0.000767789756486
0.983106,0.00058879373663,0.0006809,0.000766551037647,-0.000767771479531
0.983988,0.000589913974156,0.000346,0.000766445891845,-0.000767696044197
0.984828,0.000587961470349,0.0005191,0.000766128439937,-0.000767385907836
0.986267,0.000583754554351,0.0005916,0.000766152652606,-0.000767493334102
0.987102,0.000582766149867,0.000379,0.000766310002259,-0.000767577065533
0.987852,0.000581111618378,0.0004825,0.000766306278661,-0.000767597949472
0.988691,0.000580432532379,0.000501,0.00076605858818,-0.000767450162507
0.990659,0.000581045899579,0.0003489,0.000766184313303,-0.000767400300962
0.991261,0.000582808229891,0.0003442,0.000766212247308,-0.000767409308031
0.992107,0.000584018265182,0.0003065,0.000766252282932,-0.00076747987245
0.993022,0.000585707532913,0.000345,0.000766250420892,-0.00076766588497
0.994623,0.000584485505669,0.000602,0.000766434724433,-0.000767592751785
0.995624,0.000582694480759,0.001064,0.000766466364694,-0.00076768695025
0.996481,0.000583341436589,0.000888,0.000766477531298,-0.000767862114575
0.997407,0.000583471287091,0.000522,0.00076691187666,-0.000767639899964
0.999004,0.000585134706859,0.0005046,0.000767044791119,-0.000767978511689
0.999834,0.000586126067074,0.0003756,0.000767135855982,-0.000768145679627
1.00077,0.000588399123706,0.000554,0.000767283563663,-0.000768068454708
1.00153,0.000589543022603,0.0005623,0.000767281706015,-0.000768014212943
1.00227,0.000590091914191,0.0005176,0.000767102405791,-0.000767682959989
1.00401,0.000593119959801,0.000541,0.000767073599406,-0.000767708664055
1.00489,0.000594778815188,0.000607,0.000766991816081,-0.000767740212102
1.00578,0.000596223257257,0.0004747,0.000767014122143,-0.000767690012519
1.00753,0.000599981501939,0.0003822,0.000767190671584,-0.000767500018354
1.00843,0.00060114461396,0.00055,0.000767173019854,-0.000767579850116
1.00927,0.000602970379371,0.000495,0.000767170232673,-0.000767709777554
1.01021,0.000605675594258,0.0005325,0.00076732721611,-0.000767731490223
1.01204,0.000605508166173,0.0003632,0.000767298424561,-0.000767794302412
1.01293,0.000605293491439,0.0002652,0.000767303997267,-0.000767834007667
1.01363,0.000604140267582,0.000313,0.000767443291795,-0.000767778437853
1.01449,0.000603653900357,0.0004389,0.000767876677508,-0.00076738748646
1.01635,0.000603120207061,0.0005387,0.000767826586398,-0.000767329445054
1.01709,0.000603214882105,0.0002919,0.000767682774394,-0.000767319228967
1.0178,0.000603526765116,0.0005694,0.000767636373308,-0.000766986797059
1.01961,0.000604985716955,0.000532,0.000767641013639,-0.000767099896923
1.02053,0.000605565915723,0.00061,0.000767425650281,-0.000767341146823
1.02134,0.000605430239594,0.0003336,0.000766934186808,-0.000767253468795
1.02301,0.000605464476945,0.000294,0.000766939764167,-0.000767052876217
1.02387,0.000605778545649,0.0003601,0.000767037356414,-0.000766879710857
1.02484,0.000606740562741,0.0004965,0.000767002039834,-0.000766867252943
1.02567,0.000606139279734,0.00061,0.000766520333967,-0.000767023880688
1.02738,0.000603196057608,0.000817,0.000766218764985,-0.000767138550469
1.02816,0.000601677412511,0.000482,0.000765907670267,-0.000767003155138
1.02903,0.000601501173582,0.000288,0.000765932826872,-0.000766907507456
1.03091,0.00060380222113,0.0003415,0.000766017603284,-0.000766743398233
1.03186,0.000603264661231,0.000354,0.000766147996428,-0.000766736795382
1.03277,0.0006028718895,0.000351,0.000765894625531,-0.000766592158587
1.03375,0.000601688138016,0.000358,0.000765833123675,-0.000766716521213
1.03561,0.000595196031248,0.000497,0.000766021329343,-0.000766726751416
1.03657,0.000594418496557,0.000358,0.000766314656711,-0.000766922660041
1.03745,0.000594024261555,0.0003829,0.000766402151181,-0.000767190392878
1.03933,0.000592078027233,0.000488,0.000766385398278,-0.000767250124793
1.04011,0.000590999204371,0.000393,0.000766578017886,-0.000767254490568
1.04099,0.000591110362263,0.0005385,0.000766924891052,-0.000767284492484
1.04175,0.000588789724175,0.0003647,0.000767254769233,-0.000767797085608
1.04335,0.000588386763233,0.0005166,0.000767380150452,-0.000768031552497
1.04431,0.000588187421253,0.0005509,0.000767484143088,-0.000768133257814
1.04519,0.000588405901776,0.0005038,0.000767472073786,-0.00076828637366
1.04701,0.000585828857891,0.0003475,0.000767563049529,-0.000768196382908
1.04794,0.000584702006783,0.000656,0.000767652150231,-0.000768208432181
1.04888,0.000585469263356,0.000518,0.000767898938376,-0.000768467781526
1.05074,0.000584822186651,0.0006009,0.000768398581203,-0.000768178401066
1.0516,0.000585006095037,0.000599,0.000768362448154,-0.000768263669198
1.05345,0.000583262698896,0.000439,0.000768439343098,-0.000768691796612
1.05432,0.000582939919121,0.0004462,0.000768365227725,-0.000768662539502
1.0552,0.000582701801891,0.00049,0.000768445827594,-0.000768273492498
1.05718,0.00058183989893,0.000483,0.000768215105481,-0.000768332705627
1.05795,0.000580884335426,0.000468,0.000768301293091,-0.000768291285081
1.05879,0.000581087759287,0.000586,0.000768175249533,-0.000768214827429
1.05976,0.000581969623779,0.000712,0.000768145586928,-0.000768326682749
1.06164,0.000581730062586,0.000773,0.000768037115845,-0.000768490290106
1.06255,0.000582323208815,0.000675,0.000767962004666,-0.000768523448777
1.06341,0.000583449793278,0.0007613,0.000767415436447,-0.000768538915786
1.06519,0.000585034214915,0.000679,0.000767380150452,-0.000768551326042
1.06608,0.000584381374725,0.000706,0.000767161871024,-0.0007685366004
1.06699,0.000585014063459,0.000585,0.000767401508106,-0.000768011245677
1.06869,0.000584210696707,0.000464,0.00076737086419,-0.00076799084518
1.06958,0.000584414975589,0.000578,0.000767171161735,-0.00076815077803
1.07056,0.000585116877406,0.000557,0.000766516612163,-0.000768512149178
1.07235,0.000583440727332,0.000355,0.000766426348686,-0.000768537804402
1.07328,0.000583666253873,0.0006683,0.000766401220481,-0.000768411366026
1.07501,0.00058226757053,0.000609,0.00076648962813,-0.000767987877755
1.0759,0.000581644037305,0.0006157,0.00076645985071,-0.00076770532354
1.07677,0.000580883031628,0.0006201,0.000766382606065,-0.000767057243966
1.07837,0.000577719555878,0.0006488,0.000766403081879,-0.00076649530422
1.07914,0.000576119358021,0.000631,0.000766462642429,-0.000766332436261
1.07991,0.000574637926415,0.000501,0.000766475670217,-0.000766360453875
1.08159,0.000573515610693,0.000465,0.00076644403063,-0.000766275837062
1.08237,0.000572114184585,0.0004721,0.000766503585596,-0.000766424115126
1.08337,0.000572455696971,0.00039,0.000766863534094,-0.000766996649158
1.08523,0.000574071727378,0.000554,0.000767102405791,-0.000767098967709
1.08594,0.000573216313328,0.000365,0.000767335574591,-0.000766973598617
1.08683,0.000573081125888,0.000473,0.000767260342497,-0.000766946085088
1.08884,0.000570128715423,0.000629,0.000767343932912,-0.00076700027393
1.08985,0.000567198339032,0.0003608,0.000767356005759,-0.000767169582328
1.09148,0.000566464576251,0.0003675,0.000767377364595,-0.000767500482535
1.09236,0.000567350015449,0.0003279,0.000767620595814,-0.000767459354237
1.09328,0.000568836876213,0.000468,0.000767852560285,-0.000767517656861
1.09413,0.000569435839974,0.00046,0.000768397654752,-0.000767567319353
1.09592,0.000571193948679,0.000239,0.000768482880003,-0.000767574373753
1.09662,0.000571444778282,0.000212,0.000768717163528,-0.000767666627376
1.09835,0.000571634948852,0.0002984,0.000768493995111,-0.000767693724331
1.0992,0.000572094176151,0.0004575,0.000768122411613,-0.000767697528905
1.10024,0.000577132150405,0.0005694,0.000767758861491,-0.000767762108816
1.10101,0.000580417771286,0.0003681,0.000767542628054,-0.000767691311657
1.1027,0.000583929392984,0.0007181,0.000767761644914,-0.000767428900087
1.10364,0.000583763597179,0.0006426,0.000767852560285,-0.000767455454739
1.10463,0.000583558979272,0.0003698,0.000767993534391,-0.000767527775472
1.10631,0.000586743537274,0.000291,0.000767782056137,-0.000767574930674
1.10711,0.00058732330618,0.000305,0.000767548197642,-0.000767628299015
1.10807,0.000590563315532,0.0004,0.000767176736067,-0.000767816938561
1.10969,0.000586852796642,0.0005061,0.000767036427067,-0.000767420357687
1.11066,0.000588388947825,0.000485,0.000767085679734,-0.000767296009699
1.11164,0.000587388452468,0.0008413,0.000767476715865,-0.000766938834612
1.11349,0.000581777875963,0.0007067,0.000767627092498,-0.000766973133876
1.11416,0.000582784701518,0.0004155,0.000767772778427,-0.000766947758257
1.11512,0.000583354434195,0.000547,0.000767631732928,-0.000767032523787
1.11675,0.000584965429694,0.000661,0.000767290065368,-0.000767244737179
1.11762,0.000586112873157,0.0005193,0.000767086608976,-0.000767337989233
1.11841,0.000586557127221,0.0004182,0.000767647510019,-0.000767594515293
1.12028,0.000589923321625,0.0004027,0.000767843284074,-0.000767669504188
1.12099,0.000588596821959,0.000342,0.00076803433418,-0.000767423421828
1.1218,0.000588105631827,0.000422,0.00076815114882,-0.000767495933546
1.12348,0.000589182640203,0.000496,0.000768175249533,-0.000767733438743
1.1244,0.000589112034286,0.0004963,0.000767849777442,-0.000768102201733
1.1261,0.000593167914031,0.0004453,0.000767846066958,-0.000768118054517
1.12692,0.000592086016921,0.000412,0.000767887808084,-0.000768000952818
1.12763,0.000592638164084,0.000489,0.000767419150596,-0.000767888086345
1.12944,0.000593187695214,0.000797,0.000767492498564,-0.000767520163328
1.13034,0.000594237989629,0.000338,0.000767256626996,-0.000767535851627
1.1321,0.000595986633953,0.000723,0.000767061518743,-0.000767300003501
1.13295,0.000596628227133,0.000368,0.00076733093101,-0.000767379964729
1.13399,0.000598329023571,0.0003059,0.00076727984836,-0.000767147934587
1.13543,0.000598141679297,0.0004317,0.000767355077091,-0.000767049344813
1.13635,0.000598162639901,0.0004929,0.000767500853879,-0.000767125263699
1.1371,0.000597232956136,0.0003371,0.000767010404546,-0.000767406986639
1.13863,0.000596962534433,0.0003875,0.000767011333948,-0.000767361113402
1.13948,0.000598133049828,0.0005584,0.000767179523206,-0.0007673883222
1.14041,0.000599968875028,0.0010182,0.000767681846421,-0.000767703282102
1.14194,0.000602264887484,0.0003516,0.000767686486268,-0.000767822133577
1.14294,0.000602038305842,0.0003121,0.000767586254589,-0.000767854415503
1.14467,0.000603244569892,0.000539,0.000767014122143,-0.000767907471408
1.14554,0.000603191180965,0.000582,0.000766971367855,-0.000767941138154
1.14644,0.000602612830833,0.000345,0.000766771482486,-0.00076810479755
1.14829,0.000597365944296,0.0003963,0.000766484975542,-0.000768077262562
1.1492,0.00059576923833,0.000465,0.000766530568767,-0.000767662729731
1.15003,0.000593195555606,0.000575,0.000766521264414,-0.000767595814715
1.15166,0.000588715401644,0.000818,0.00076658080885,-0.000767680268862
1.15247,0.000585981422673,0.000631,0.000766689642539,-0.000767563513642
1.15401,0.000582539954449,0.000415,0.000766969508878,-0.00076709394992
1.15497,0.000580878226163,0.0008735,0.000767098688945,-0.000767164100813
1.15588,0.000580137851219,0.0005139,0.000767103334998,-0.000767047114438
1.1577,0.000578506988963,0.000496,0.000767474859039,-0.000766933443155
1.15857,0.000577864545848,0.000431,0.000767578829104,-0.000766851447616
1.15945,0.000578261091825,0.0006538,0.000767259413625,-0.000766659320664
1.16124,0.000579045097928,0.0006219,0.000767097759728,-0.000766735865395
1.1621,0.000578037036057,0.00079,0.000766761253332,-0.000766982521551
1.16301,0.000577236713104,0.000395,0.000766781711401,-0.000767314863839
1.16444,0.000576161672832,0.000633,0.000767004828089,-0.00076718630517
1.16541,0.000576613321178,0.000567,0.000766922102286,-0.00076709432161
1.16635,0.000577542854106,0.0005302,0.000766341651555,-0.000767878347113
1.16786,0.000577376260635,0.0003095,0.000766426348686,-0.000768000396441
1.16865,0.000576930566225,0.000487,0.000766551968028,-0.000767670432187
1.17047,0.000577390626138,0.000576,0.000766267178972,-0.000767433449775
1.17133,0.000575837925774,0.0004288,0.000766266247985,-0.000767346904721
1.17222,0.000576950467864,0.000711,0.000766813326532,-0.000767219377348
1.17398,0.000575217804423,0.000654,0.000766838431035,-0.000767340775343
1.17499,0.000573257034617,0.000438,0.00076688863571,-0.000767482750494
1.1765,0.000570026090725,0.0003073,0.000767328144838,-0.000767532788275
1.17748,0.000567888879412,0.0004237,0.00076757790091,-0.000767435306777
1.17823,0.000566785649563,0.0005224,0.000767757005866,-0.000767481636415
1.17982,0.000565036249164,0.000387,0.000767934182428,-0.000767451926591
1.18077,0.000564811643956,0.000448,0.000768178957217,-0.000767448955498
1.18269,0.000564415156284,0.000535,0.000768494921357,-0.000767581984951
1.1835,0.000563683266474,0.0005052,0.00076871901507,-0.000767563699287
1.18451,0.000564083833858,0.000389,0.000768708831492,-0.000767863969753
1.186,0.000563066423353,0.0003455,0.000768395801844,-0.000768073275871
1.18695,0.000563051022406,0.00073,0.000768093672512,-0.000768065116948
1.18893,0.000564859664257,0.0003369,0.000767759789301,-0.00076794967036
1.18982,0.000564519934704,0.0005455,0.000767461861039,-0.000768000767359
1.19068,0.0005650437542,0.000506,0.000767366220985,-0.000768060295694
1.19245,0.000564825521836,0.000365,0.000767345790295,-0.000768154393225
1.1932,0.000564492261592,0.00037,0.000767629876762,-0.000768130105955
1.19412,0.000563842736092,0.0006863,0.00076789615583,-0.000767955605709
1.19597,0.000562357969716,0.00044,0.000768254957784,-0.000768090242235
1.19684,0.000562337102633,0.0003937,0.0007685366004,-0.000768064560652
1.19857,0.000563013489593,0.000306,0.000768181737959,-0.000768180718356
1.19939,0.000563551468877,0.000318,0.00076804916952,-0.000768224188419
1.2,0.000564456888837,0.000458,0.000768134462931,-0.000768148182487
1.20185,0.000567368545929,0.0004298,0.000767902648411,-0.000768097659017
1.20273,0.000567487307829,0.00038,0.000767668854587,-0.000767971000144
1.20362,0.000569401983442,0.000547,0.000767578829104,-0.000767659203259
1.20551,0.000574035605732,0.000414,0.000767512922385,-0.000767490084776
1.20632,0.000575333894061,0.0003839,0.000767320714958,-0.000767240092632
1.20806,0.000579421601715,0.0003609,0.000767088467455,-0.00076733641043
1.20896,0.000581254871578,0.00045,0.000766846798882,-0.000767357213026
1.20961,0.000580558930396,0.000626,0.000766984380473,-0.000767175621206
1.21134,0.000584761115325,0.000404,0.000767018769096,-0.000767327308983
1.21234,0.000585667499097,0.000278,0.000766919313503,-0.000767574188112
1.21408,0.000586233548941,0.000573,0.000766646856461,-0.000767529353583
1.21472,0.000586044068825,0.000224,0.0007666236014,-0.000767522576949
1.21552,0.000587063535291,0.0004722,0.000766750093981,-0.000767456476039
1.21745,0.000587849403724,0.0004538,0.000766707313826,-0.000767353405482
1.21833,0.000588258317452,0.0003706,0.000766791940077,-0.000767413950778
1.22018,0.000588824281672,0.000445,0.000767100547372,-0.000767482750494
1.22106,0.000588021084122,0.0003824,0.00076709683051,-0.000767583748502
1.22195,0.00058695117817,0.000581,0.000767490641805,-0.000767748284323
1.22371,0.000585391618338,0.000249,0.000767343004217,-0.000767758861491
1.22547,0.000583033469181,0.000322,0.000767205535646,-0.000767776211202
1.2264,0.000581105219284,0.000395,0.000767165587332,-0.000767848571538
1.22795,0.00057786738669,0.0002543,0.000767410793716,-0.00076793084364
1.22875,0.000577091164428,0.0002453,0.000767498068791,-0.000768064189788
1.22971,0.000577380366216,0.0004763,0.000767408008053,-0.000768417480374
1.23153,0.000574276085011,0.0004075,0.000767470216941,-0.000768396820944
1.23238,0.000572972087085,0.000439,0.000767894300789,-0.000768121299167
1.23413,0.000572382845918,0.000401,0.000768102943397,-0.000768090520366
1.23493,0.000571784004742,0.000385,0.000768296659782,-0.000767991494301
1.23651,0.000572691034602,0.000394,0.000768377272331,-0.000767973596742
1.23747,0.000573669490053,0.0005083,0.000768546788004,-0.0007679405817
1.23909,0.000574504045723,0.000555,0.00076780617726,-0.000768009112943
1.2399,0.000576057222191,0.0003551,0.000767846994582,-0.000767985188509
1.2409,0.000578041109298,0.000556,0.000768039897492,-0.000767836883374
1.24261,0.000579412154292,0.000316,0.000768247543678,-0.00076769697214
1.24351,0.000579783499203,0.000358,0.000768577349387,-0.000767453690669
1.24538,0.000584630074774,0.000444,0.00076832909191,-0.000767448769804
1.24624,0.000586369712303,0.000484,0.000768013934763,-0.000767528703774
1.24809,0.000590475682049,0.000495,0.000768248470448,-0.000767576322975
1.249,0.000591170907563,0.0004452,0.000768541231159,-0.000767454247744
1.25077,0.000591703744806,0.000394,0.000768152075795,-0.00076772276817
1.25171,0.000589279487978,0.0007261,0.000768465280501,-0.000767337246268
1.25265,0.000587260911387,0.000791,0.000768229007861,-0.000767507073843
1.25462,0.000585834445248,0.0003928,0.000767932327549,-0.000767629134293
1.25521,0.000584381691688,0.0004612,0.000767839573535,-0.00076728152025
1.25687,0.000582543561108,0.000788,0.000767576972713,-0.000767635816465
1.25788,0.000581231785584,0.000526,0.000767411722266,-0.000767153973765
1.25975,0.00057964132011,0.000565,0.000767807104968,-0.000767133068564
1.26078,0.00057906783259,0.0005623,0.000768212324951,-0.000767506331165
1.2623,0.000578466422836,0.0007955,0.000767897083348,-0.000767079639612
1.26316,0.000580120043581,0.0003543,0.000767655862365,-0.000767201819678
1.26388,0.000581812637845,0.0004009,0.000767509209034,-0.000767257184323
1.26534,0.000583356835113,0.0005691,0.000767415436447,-0.000767226437376
1.2662,0.00058348165655,0.000632,0.000766872831157,-0.000767509673204
1.2679,0.000587722914411,0.000508,0.000766634763984,-0.000767683423974
1.269,0.000591499985569,0.0007592,0.000766656158139,-0.000767614748715
1.26956,0.000593054651671,0.0006969,0.000766535220869,-0.000767116808271
1.27108,0.000593290311662,0.0004255,0.000766750093981,-0.000767061425813
1.27191,0.000594099324544,0.0003535,0.000767086608976,-0.000767110211065
1.27364,0.00059193761418,0.0003254,0.000767108910195,-0.000767235540927
1.27444,0.000593488324403,0.000305,0.000766590111935,-0.000767603239911
1.27605,0.000596935955054,0.00035,0.000766472878581,-0.000767547640687
1.27697,0.000599116039846,0.000682,0.000766509168458,-0.000767460096995
1.27888,0.000594893794892,0.0007468,0.000766875620238,-0.000767393336605
1.2798,0.000593523134824,0.000527,0.000767187884516,-0.000767347369064
1.28143,0.000589844076306,0.0007568,0.000767173019854,-0.000767312449069
1.28244,0.000587663341358,0.000577,0.000767124706203,-0.000767612892477
1.28399,0.000584438423913,0.000843,0.000767386650718,-0.000767749768854
1.28499,0.00058320077574,0.000859,0.000767627092498,-0.00076800688747
1.28678,0.000581093987335,0.000527,0.000767994461701,-0.000768256625941
1.28776,0.000581092219158,0.000551,0.000768339284367,-0.000768067805701
1.28959,0.000581106825387,0.000488,0.000768840273927,-0.000768555123139
1.29034,0.000581807461509,0.000441,0.000768626428335,-0.000768579664556
1.2911,0.000582639857934,0.001126,0.00076840599274,-0.000768301663753
1.29266,0.000585294846954,0.000504,0.000768365227725,-0.000768595777791
1.29357,0.00058848364724,0.0003811,0.000767915633282,-0.000769122370945
1.29502,0.000591679327521,0.0004842,0.000767671638584,-0.000769086852876
1.29598,0.000593291044863,0.000738,0.00076726591569,-0.000769019971147
1.29772,0.000597879424371,0.0003678,0.000766667319891,-0.000768468244678
1.29841,0.000597839616997,0.0003998,0.000766835641717,-0.000768097751726
1.29937,0.000598202386683,0.0002573,0.000766789150462,-0.00076739445091
1.30067,0.000597254587959,0.0004792,0.000766598484542,-0.00076710965355
1.30141,0.000595556699417,0.0004467,0.000766554759158,-0.000767234519109
1.30318,0.000591482456137,0.000308,0.000766449614253,-0.000767317928721
1.30398,0.000589820237059,0.0005341,0.00076639098265,-0.00076682160188
1.30492,0.000587938335923,0.0004206,0.000766355613751,-0.000766750000985
1.30651,0.000583506500145,0.0003433,0.000766230868985,-0.000766794636687
1.30748,0.000583185967188,0.000652,0.000766484045018,-0.000767165773147
1.30945,0.000581356616406,0.000633,0.000766484045018,-0.000767354427021
1.31045,0.000581981560442,0.000538,0.000766803098358,-0.000767522298455
1.31214,0.000582225960355,0.0006068,0.000767015051538,-0.000767523133937
1.31298,0.000581529174469,0.0005039,0.000767264057967,-0.000767374485856
1.31482,0.000580569932681,0.0003919,0.000767382007681,-0.000767262478896
1.31562,0.000579940444399,0.0003756,0.000767325358648,-0.000767314399461
1.31655,0.000579795956714,0.000305,0.000767166516404,-0.000767273160734
1.31826,0.000579357227889,0.0005312,0.000767285421303,-0.000767356098626
1.31904,0.000578914588442,0.000427,0.000767441434827,-0.000767862207334
1.32088,0.000581231494008,0.000548,0.000767502710594,-0.000768041010145
1.32187,0.000582707320885,0.000388,0.000767155367409,-0.000767999654603
1.3238,0.000587115774891,0.0003562,0.000766852377357,-0.000767976378794
1.3247,0.0005889564194,0.0005,0.00076643007126,-0.000768063633491
1.32663,0.000589661500183,0.00067,0.000766400289779,-0.000767778994514
1.32732,0.000589743417472,0.000476,0.000765971024874,-0.000767921847334
1.32819,0.000590047735812,0.000747,0.000766381675323,-0.000767060589447
1.33002,0.000591704189976,0.0007201,0.000766161033602,-0.000766917733185
1.33095,0.00059313858189,0.0003456,0.000766641275359,-0.000767249474567
1.33251,0.000593606607645,0.000434,0.000766595693691,-0.000767232196787
1.33351,0.000595616532622,0.000533,0.000766516612163,-0.000767530189051
1.33524,0.000600201350329,0.0005107,0.000766297900451,-0.000767798662745
1.33584,0.000601233159206,0.0003621,0.000766153583836,-0.000767682217611
1.33659,0.000600067030429,0.000553,0.000766207591764,-0.0007676924252
1.33821,0.000598827583193,0.0004722,0.000766440308175,-0.000767716922441
1.33908,0.00059782962388,0.0006136,0.000766701733497,-0.000767604910563
1.34082,0.00059540525551,0.000395,0.000766897932239,-0.000767614841527
1.34168,0.000593760223948,0.0005438,0.000766912806273,-0.000767647788433
1.34342,0.000593960254174,0.0004086,0.000766989957191,-0.000767698920815
1.34434,0.000594554465787,0.00047,0.000767275204186,-0.000767887251562
1.3452,0.000595813140814,0.0004967,0.000767535201827,-0.00076853882317
1.34707,0.000597355341539,0.0006978,0.000767615955266,-0.000768691241116
1.34807,0.000597501582361,0.000272,0.00076820491012,-0.000768586424779
1.34945,0.000595444740483,0.0004673,0.000768271639062,-0.000768567532934
1.35037,0.000596870989449,0.000376,0.000768105724624,-0.000768930779528
1.35211,0.000598369352211,0.0005581,0.00076802691632,-0.000768974915009
1.35301,0.000598626070575,0.0004727,0.000767717108021,-0.000769135227032
1.35477,0.000598913997134,0.0004666,0.000767632661008,-0.000768968715955
1.3557,0.000599401062114,0.0005763,0.000767692054019,-0.000768689759788
1.35741,0.000596792739528,0.000482,0.000767772778427,-0.000768396635654
1.35817,0.000596785873085,0.000381,0.000767769995075,-0.000768351885619
1.35982,0.000595834838806,0.0003542,0.000767539843234,-0.000768311208206
1.36068,0.000594665922625,0.000355,0.000767318857469,-0.000768238368547
1.3617,0.000594056027817,0.000237,0.00076721668336,-0.00076803553957
1.36338,0.000593354493121,0.0003583,0.000767345790295,-0.000768068269277
1.36427,0.000593013254395,0.000403,0.000767481357894,-0.000768277292017
1.3658,0.000591673606793,0.0002605,0.000767275204186,-0.000767957645966
1.36678,0.000591932300957,0.0003934,0.000766814256355,-0.00076770949918
1.36856,0.000591866655652,0.0005121,0.000766635694186,-0.000767712375708
1.36955,0.000591703787045,0.0004406,0.000766735214402,-0.000767663286539
1.37111,0.000590451285123,0.000561,0.000766536151284,-0.000767668668986
1.37194,0.000590632313297,0.000472,0.000766588251334,-0.000767481079374
1.37377,0.000587935685273,0.000518,0.000766738934345,-0.000767099711081
1.37465,0.000587246756501,0.000544,0.000766758463521,-0.000767107795162
1.37562,0.000585064640527,0.0004348,0.000767194387647,-0.000767098503102
1.37723,0.000583911453109,0.0003226,0.00076727984836,-0.000767290715533
1.37819,0.000583398454531,0.000417,0.000767263129102,-0.000767314956715
1.38019,0.000583868191245,0.0006494,0.000767026204118,-0.000767263686421
1.38075,0.000584095397251,0.000467,0.000767008545735,-0.00076692498401
1.38252,0.000585484423653,0.0003335,0.000767180452248,-0.000766948408933
1.38338,0.000585796561701,0.000295,0.000767175807016,-0.00076690100005
1.38511,0.000587953751914,0.000606,0.000767165587332,-0.00076693929939
1.38598,0.000589308581371,0.0003235,0.000766973226824,-0.000767146912564
1.38777,0.000591424042948,0.0004504,0.000766669180155,-0.000767278176463
1.38877,0.000592672510044,0.0004066,0.000766641275359,-0.000767211666924
1.38975,0.00059204460506,0.0004198,0.000766706383776,-0.000767084007093
1.39154,0.000594786182131,0.000508,0.000766946270996,-0.000767009753963
1.39236,0.000594109592011,0.000336,0.000767163729182,-0.000766800122844
1.39406,0.000592713064476,0.0002345,0.000767267773405,-0.000766714103131
1.39505,0.000591056111457,0.000295,0.000767082891996,-0.000766487953204
1.39662,0.000589559932623,0.0003278,0.000766904439691,-0.000766778828731
1.39762,0.000590844257959,0.0005151,0.000766960213873,-0.000766955845153
1.39915,0.000586927315956,0.000267,0.000766938834612,-0.00076718314646
1.4,0.000586091144633,0.000273,0.000766865393523,-0.000767374021542
1.40187,0.000585430273677,0.000504,0.000767257555874,-0.000767437628018
1.40274,0.000582991199828,0.0008402,0.000767306783593,-0.000767544670245
1.40453,0.000582403048101,0.0003914,0.000767201819678,-0.000767928339532
1.40529,0.00058193853777,0.000322,0.000767236191174,-0.000767951432425
1.40613,0.000581372208111,0.0003332,0.000767074528673,-0.000768337245894
1.40766,0.000579011646871,0.0002983,0.000767010404546,-0.000768550955592
1.40941,0.000579545519515,0.0004542,0.000767011333948,-0.000768866372563
1.41032,0.000581621467768,0.0003824,0.000767229688666,-0.000768764930791
1.41127,0.000583433978894,0.0003807,0.000767706901009,-0.00076846333525
1.41309,0.000584314149467,0.0006741,0.000767715252218,-0.000768216866473
1.41499,0.000586300614485,0.000458,0.000767394079475,-0.00076815263198
1.41593,0.000586418108651,0.0003551,0.000767910068385,-0.000768202222213
1.41783,0.000586433561879,0.000432,0.000767738449183,-0.000768158286478
1.4187,0.000586303119541,0.000383,0.000767767211706,-0.00076811277032
1.42033,0.000589049432769,0.000458,0.000767854415503,-0.000768108227713
1.4211,0.000591434424801,0.000526,0.000768237349076,-0.000768129271635
1.42275,0.000596134710459,0.0003802,0.000767968496267,-0.000768087831753
1.42354,0.00059924037494,0.000633,0.00076742472176,-0.000768166814435
1.4252,0.000602737853365,0.001,0.000767746799788,-0.000768059183089
1.42605,0.000603909102906,0.000574,0.000767215754394,-0.000768227339599
1.42795,0.000606761721834,0.001,0.000767144218129,-0.000768183684468
1.42989,0.000607226542371,0.0005921,0.000767168374543,-0.000768244485322
1.43089,0.00060746734901,0.000363,0.000767240835763,-0.000768370972117
1.43275,0.000605050206526,0.0003705,0.000767528703774,-0.000767859610072
1.43372,0.000605023416585,0.000299,0.000767517564029,-0.000767759882082
1.43537,0.000604026015559,0.000364,0.000767437720867,-0.000767757469773
1.43621,0.000603890379299,0.000388,0.000767391293706,-0.000767757840899
1.43794,0.000602447973498,0.0003756,0.000767641013639,-0.000767392129439
1.4386,0.00060174280993,0.0003223,0.000767665142563,-0.000767101104898
1.44029,0.000602133047991,0.0003712,0.000767560264839,-0.00076690611302
1.44089,0.000601335003262,0.000384,0.00076723526225,-0.00076696197994
1.44269,0.000602124520596,0.00028,0.000767021557244,-0.000767118387869
1.44356,0.000602655472986,0.000385,0.000766524986179,-0.000767295545301
1.44515,0.000603189260108,0.000245,0.000766476600758,-0.000767240928654
1.44611,0.000603539576581,0.000259,0.000766153583836,-0.000767141895326
1.44797,0.000601166002257,0.000387,0.000765913260749,-0.000767211481129
1.44872,0.000600259257055,0.000504,0.000766107951245,-0.000767458332943
1.45029,0.000599899143349,0.000362,0.00076621317841,-0.000767664214552
1.45091,0.000598832566382,0.0002896,0.000766298831371,-0.000767597856657
1.45279,0.000596744314928,0.000385,0.00076618803794,-0.000767612057167
1.45425,0.000592761451862,0.0003134,0.00076603157584,-0.000767665977771
1.45497,0.000591139301589,0.0005636,0.000766061382464,-0.000767510787212
1.45667,0.000586770375817,0.000487,0.00076624204161,-0.000767424071795
1.45741,0.000584948949732,0.000573,0.000766764043125,-0.000766820858035
1.45923,0.000581744328879,0.000503,0.000767098688945,-0.000766548804725
1.46016,0.000578572922867,0.0006006,0.000767238977933,-0.000766531406149
1.46204,0.000572183135823,0.0004268,0.000767251053685,-0.000766651972409
1.46293,0.00056996002247,0.000379,0.000767102405791,-0.000766527591396
1.46463,0.000567372254503,0.000326,0.000766928609378,-0.000766571133432
1.46541,0.000566122885278,0.000338,0.000766816115993,-0.000766566109572
1.46692,0.000564587909956,0.000279,0.000766697083168,-0.000766670668361
1.46783,0.000563707387462,0.000581,0.00076643286317,-0.000766979268419
1.46974,0.000563999022465,0.000335,0.000766154515064,-0.000767029271028
1.47059,0.000564224992718,0.0002874,0.000766242972649,-0.000766914944373
1.47198,0.000565585861122,0.0003339,0.000766270902903,-0.000766923031877
1.4737,0.000568055575782,0.0002882,0.00076622062716,-0.000767143660657
1.47478,0.000570318186637,0.000159,0.000766282074505,-0.000767517564029
1.47612,0.000570540624935,0.000298,0.000766370506268,-0.000767594329661
1.47703,0.000568726435374,0.0002922,0.000766228075784,-0.000767782983897
1.47892,0.000570766851121,0.000394,0.000766462642429,-0.000767547362209
1.47994,0.000573567679132,0.000785,0.000766445891845,-0.000767158247593
1.48178,0.000576302376046,0.000375,0.000766642205548,-0.000766949338467
1.48265,0.000576376380341,0.00053,0.000766890495032,-0.000766883150666
1.48449,0.000574908569731,0.00042,0.000766859815214,-0.000767013564506
1.48635,0.000573042376235,0.00063,0.000766765902977,-0.000767334367265
1.48711,0.000571932175453,0.0004402,0.000766895143301,-0.000767439113606
1.48878,0.000571938623792,0.000413,0.000766994604401,-0.000767670432187
1.48969,0.00057070420791,0.00035,0.000767319786215,-0.000767644540257
1.49125,0.000570507285244,0.000369,0.000767758861491,-0.000767519235009
1.49222,0.000571011786121,0.000382,0.000767729170545,-0.000767681196838
1.49397,0.000574666310987,0.000528,0.00076746371792,-0.000767735851184
1.49465,0.00057551674482,0.000625,0.000767054084322,-0.000767697900082
1.4964,0.000579191626035,0.000681,0.000766420764765,-0.000767900978899
1.49705,0.000578400821053,0.000457,0.000766747304099,-0.000767741139951
1.49885,0.000579187664615,0.0004996,0.000766807747558,-0.00076761994614
1.49949,0.000578960863744,0.0004704,0.000766974156306,-0.000767520813151
1.50015,0.000581208180147,0.000361,0.000767466503226,-0.000767262850443
1.50184,0.000582763062404,0.0005483,0.000767421007658,-0.000766958354849
1.50263,0.000582778752672,0.000524,0.000766826343862,-0.000767018118526
1.50454,0.000584596155102,0.000737,0.000766410527392,-0.000767140129988
1.50554,0.000585706564674,0.000711,0.000766320241988,-0.000766763671154
1.50755,0.00059066655736,0.000578,0.000766391913372,-0.000766650205088
1.50859,0.0005920396843,0.0002049,0.000766271833881,-0.000766536244325
1.5103,0.000594308505835,0.000284,0.000766311864046,-0.000766607229093
1.51116,0.000595109072118,0.0005393,0.000766006424919,-0.00076692005718
1.51295,0.000594750652964,0.000505,0.000765936553653,-0.000767074714527
1.51387,0.000593781911805,0.0003473,0.000765999904073,-0.000767497975955
1.51541,0.00059025064568,0.0003763,0.000766174070388,-0.000767536965567
1.51623,0.000588862895726,0.0004865,0.000766588251334,-0.000767631547311
1.51792,0.000586846667923,0.0004341,0.000766961143383,-0.000767557201659
1.51963,0.000584797030615,0.000455,0.00076746278948,-0.000767624122597
1.5206,0.000584759700098,0.000597,0.00076751199405,-0.000767476994388
1.52225,0.000585146285656,0.000295,0.000767582541863,-0.000767349969377
1.52331,0.000586469548353,0.0003665,0.000767362506385,-0.00076749222005
1.52514,0.000587704381959,0.000587,0.000767422864713,-0.000767866752504
1.52608,0.000586357926806,0.00041,0.000767497140425,-0.000767721283547
1.52694,0.000585518329304,0.000588,0.000767624308217,-0.000767272510542
1.52867,0.000584574122456,0.0006391,0.000767744016271,-0.000767108259759
1.52961,0.000584794597963,0.0004012,0.000767432149869,-0.000766877479615
1.53128,0.000584941805375,0.000554,0.000767324429914,-0.000766868275621
1.53215,0.000584893758682,0.000803,0.00076677520212,-0.000767485999874
1.53397,0.000585440749748,0.0005184,0.000766718474271,-0.000767637208571
1.53481,0.000585778374244,0.000345,0.000766596623976,-0.000767615955266
1.53657,0.000587890833828,0.0004928,0.000766243903687,-0.000767418872036
1.53753,0.000589379921888,0.0004481,0.000766052999557,-0.000767231639428
1.53911,0.000591030464089,0.0004893,0.000766316518478,-0.000767462696636
1.54017,0.000591619256961,0.0004513,0.000766360267717,-0.000767453690669
1.54206,0.000592789451103,0.0003718,0.000766145202697,-0.00076727371804
1.54276,0.00059347963911,0.0003133,0.000766170345632,-0.000767363527903
1.54451,0.000596228662469,0.0004154,0.000766252282932,-0.000767204235061
1.54522,0.000596320264946,0.000399,0.000766300693206,-0.000766950268
1.54686,0.000597731446012,0.000454,0.000766392844092,-0.00076693242063
1.5477,0.000596822592191,0.0007039,0.000766298831371,-0.000766436027312
1.5495,0.000592730842092,0.000637,0.000766466364694,-0.000766303392852
1.5502,0.000590923684059,0.000346,0.000766683131885,-0.000766145947694
1.55176,0.000590844151906,0.000486,0.000766402151181,-0.000766332436261
1.55258,0.000589173154003,0.0005061,0.000766094912487,-0.000766484696385
1.55425,0.000588378920246,0.000621,0.000766107951245,-0.000766426069492
1.55507,0.000587209365154,0.0003146,0.000766012014137,-0.000766674760901
1.55686,0.000588246249338,0.0004206,0.000766177795112,-0.000767041910186
1.55773,0.000584617877836,0.00044,0.000766464503566,-0.000767195781162
1.55953,0.000585688828956,0.000439,0.000766873760853,-0.000767308455381
1.56051,0.000586013388509,0.0004466,0.00076701783971,-0.000767671638584
1.56218,0.000585429559623,0.0003436,0.000766937905056,-0.0007679732258
1.56312,0.000584617080613,0.000676,0.000767199032681,-0.000768240685518
1.56486,0.000581657496692,0.000552,0.000767398722384,-0.000768246060842
1.56558,0.000579769267671,0.0008267,0.000767795044599,-0.000768196939036
1.56746,0.000576395943295,0.000541,0.000768109432899,-0.000768051116621
1.56824,0.000576528428801,0.000444,0.000768531969592,-0.000767798569973
1.56992,0.000577174990139,0.000738,0.000768248470448,-0.000767687228639
1.57071,0.000577817424813,0.000556,0.000767906358413,-0.000767859702832
1.57247,0.000580576503543,0.0009233,0.000767926762864,-0.000767909975636
1.57337,0.000581806500505,0.000337,0.00076769019811,-0.000767831039174
1.57501,0.000585278577252,0.000499,0.000767667926584,-0.000767733531529
1.57695,0.000591700447981,0.000688,0.000767602961469,-0.00076735312688
1.57764,0.000591488348354,0.000387,0.000767464646357,-0.000767356005759
1.57948,0.00059233336554,0.000526,0.000766797519253,-0.000767209716072
1.58048,0.00059233712451,0.000715,0.000766435655061,-0.000767723603267
1.58219,0.000592709563383,0.000396,0.000766386329011,-0.000768096453798
1.58313,0.000594244557076,0.000639,0.000766488697616,-0.000767503638948
1.58492,0.000594659045558,0.000398,0.000765835919402,-0.000767454526282
1.58575,0.000593311487919,0.000439,0.000766258800012,-0.000767446820012
1.58751,0.000590519006879,0.0009354,0.000766530568767,-0.000767315606843
1.58838,0.000589882174678,0.0005463,0.000767168374543,-0.000767007523385
1.59003,0.000588592275027,0.000422,0.000767240835763,-0.000767023973625
1.59109,0.000588953263817,0.0005234,0.000767066165191,-0.000767097016354
1.59289,0.000591021636583,0.0004192,0.000767174877964,-0.000767275389954
1.59372,0.000591883143808,0.0005632,0.000767155367409,-0.000767666441775
1.59568,0.000594101993193,0.0006793,0.00076726591569,-0.000767651500604
1.59752,0.000596166275842,0.000442,0.000767655862365,-0.000767702168586
1.59824,0.000596803911539,0.0003035,0.00076721668336,-0.000768002807406
1.59983,0.00059685282862,0.0003282,0.000767028062854,-0.000768073368585
1.60082,0.000595484681169,0.000483,0.000766931398102,-0.000768005403814
1.60176,0.000594158170219,0.0005279,0.000766443100019,-0.000767959593476
1.60361,0.000591173539159,0.000505,0.000766373298559,-0.000768002992864
1.60454,0.000591384640082,0.0004622,0.000766873760853,-0.000767872410712
1.60641,0.000590446237932,0.0004271,0.000767006686916,-0.000767786880468
1.60737,0.000588490725879,0.000837,0.000767092184388,-0.000767219377348
1.60941,0.000586519658789,0.0004636,0.00076742843583,-0.000767127493674
1.61079,0.00058584681042,0.0003455,0.000767504567301,-0.000767080475941
1.61161,0.000586213734748,0.00041,0.000767507352347,-0.000767000924527
1.61333,0.000586711946275,0.0004049,0.000767439577851,-0.000766891982483
1.61491,0.000587252942062,0.000423,0.000767063377328,-0.000766867903739
1.61573,0.000585409714122,0.00049,0.000767021557244,-0.000766787290708
1.61654,0.000584103395892,0.000215,0.000767275204186,-0.000766736144391
1.61831,0.000581866866168,0.0002636,0.000767379221835,-0.000766841220335
1.61916,0.000581738535001,0.0004528,0.000767659574468,-0.000766983543959
1.62113,0.000577769011002,0.0003276,0.000767547269383,-0.00076704451232
1.62283,0.000572949746512,0.000292,0.000767215754394,-0.000767232661253
1.62368,0.000571687818757,0.000563,0.000767175807016,-0.000767470773995
1.62529,0.000569338156771,0.0001324,0.000767095901289,-0.000767529724903
1.62617,0.000568230502301,0.000359,0.000767281706015,-0.000767639807157
1.6281,0.000566132426336,0.000197,0.000767408008053,-0.000767620781435
1.62876,0.000564341110365,0.0003247,0.000767180452248,-0.000767576415795
1.63063,0.000564076047502,0.0003811,0.000767185097431,-0.000767512736718
1.63228,0.000562717951017,0.0004895,0.000767169303609,-0.000767401229534
1.63312,0.000563406468657,0.0004097,0.00076739965096,-0.000767212317206
1.6348,0.000565216846934,0.0003611,0.000767672566579,-0.00076705873085
1.63565,0.000565907465849,0.00089,0.000767407079495,-0.000766914293648
1.63756,0.000565547451138,0.000341,0.000767164658258,-0.000766925448803
1.63853,0.00056591866164,0.0005202,0.000767559336605,-0.000766738469354
1.64025,0.0005648444644,0.000638,0.00076733185973,-0.000766878037426
1.6419,0.000565784371295,0.0004348,0.000766674760901,-0.000767174134721
1.64294,0.000566221385279,0.000213,0.000766265316995,-0.000767330466649
1.64425,0.000564408311663,0.000337,0.000766224351488,-0.000767409958019
1.64588,0.000562401286973,0.000403,0.000766371437034,-0.000767238327691
1.64668,0.000562238214023,0.000319,0.000766604996458,-0.000767260992707
1.64821,0.00056345514317,0.000192,0.00076660871751,-0.000767369564098
1.64903,0.000564660937951,0.000252,0.000766330481477,-0.00076751839952
1.65075,0.00056569432838,0.0003114,0.000766258800012,-0.000767494540989
1.65235,0.000566052969005,0.0003923,0.000766637554585,-0.000767180730961
1.65341,0.000569066371098,0.0005034,0.000766524055741,-0.000767177943829
1.65502,0.000572269949891,0.000498,0.000766388190473,-0.000766868554533
1.65589,0.000572953234822,0.0007377,0.000766895143301,-0.000766680062542
1.65786,0.000573657999933,0.0007567,0.000767251982575,-0.000766869670178
1.65871,0.000573253430072,0.0005557,0.000767044791119,-0.000767187048392
1.66048,0.000573162955907,0.0005632,0.000766770552573,-0.000767325730141
1.66227,0.00057437481571,0.0007101,0.000766988098293,-0.000767731026288
1.66323,0.00057693879628,0.0005537,0.00076696207289,-0.000768035261403
1.66493,0.000579788522608,0.0004664,0.000767554695405,-0.000768317416622
1.66559,0.000580997612008,0.0003823,0.000767861836298,-0.000768309540259
1.66734,0.00058250627169,0.000578,0.000767785767166,-0.000768303887722
1.66903,0.000583792606052,0.0005317,0.000767255698116,-0.00076858133147
1.66986,0.000585406830625,0.0003639,0.000767028062854,-0.00076855956848
1.67152,0.000585447947499,0.000484,0.000767112626955,-0.000768642262062
1.67346,0.000585662420094,0.000481,0.000767532416959,-0.000768159769613
1.67446,0.000581833848054,0.0006926,0.000768354109332,-0.000767068023757
1.67645,0.00057600907594,0.0006179,0.000768538452709,-0.000766934093852
1.67704,0.000573913888943,0.000515,0.000767819165004,-0.000766779293679
1.6788,0.000570391715665,0.000619,0.000767353219747,-0.000766810630037
1.68051,0.000567237504629,0.0005484,0.000767241764675,-0.000766908808926
1.68133,0.000566060630014,0.0003103,0.000767214825427,-0.000766958819606
1.68302,0.00056627389094,0.0003726,0.000767348576354,-0.000766794078769
1.68403,0.000566152803657,0.00029,0.000767352291073,-0.000766763950132
1.68553,0.000567939701317,0.000286,0.000767203677666,-0.000766816952828
1.68635,0.000569090736199,0.000537,0.000766656158139,-0.000766936789585
1.68814,0.000571592132907,0.000731,0.00076649614167,-0.000767025739433
1.68897,0.000571793279027,0.0004586,0.000766302555032,-0.000767437535169
1.69047,0.000571163180256,0.0003233,0.000766161964814,-0.000767737614113
1.69216,0.0005702870785,0.00018,0.00076593375857,-0.000767903575914
1.6932,0.000570368496818,0.0003538,0.000766417972778,-0.000767510880046
1.69495,0.000570658025136,0.0004899,0.000766635694186,-0.000767080754717
1.69583,0.000571348331144,0.000515,0.000766508237986,-0.000766808398442
1.69732,0.000567761338382,0.0003933,0.000766458920133,-0.000766764322103
1.69901,0.00056769935971,0.000511,0.000766364921634,-0.000766663134268
1.69983,0.000568796212205,0.000466,0.000766457989554,-0.000766606391857
1.70159,0.000573014078757,0.000682,0.000766675691018,-0.000766594763403
1.70253,0.000575167016389,0.000242,0.000767359720415,-0.000766389772709
1.70401,0.000575741487421,0.0005546,0.00076744050634,-0.000766483951966
1.70584,0.000578282683103,0.000576,0.000767210180561,-0.000767002783371
1.70681,0.00057988723515,0.000488,0.000767506424,-0.00076726703032
1.70839,0.000582434636509,0.000745,0.000767333717165,-0.000767439949247
1.71001,0.000584052075364,0.000735,0.000767142359888,-0.000767553303035
1.71085,0.000584941508069,0.0007032,0.000766974156306,-0.00076791572603
1.7127,0.000588482627049,0.000615,0.000767273346502,-0.000768036466791
1.71432,0.000590943396354,0.0004293,0.000767790405907,-0.000768099976735
1.71523,0.000592321577171,0.000845,0.000768031552497,-0.00076784690182
1.71682,0.000594333181462,0.000433,0.000767736593471,-0.000767993256198
1.71764,0.000594086869676,0.0004754,0.000767460932595,-0.000768032387004
1.71944,0.000593765854412,0.0002849,0.000767215754394,-0.000768127046775
1.72104,0.000596436403982,0.000293,0.000767228759728,-0.000768021538293
1.72195,0.000598888906908,0.0005873,0.000767526847169,-0.000767239813957
1.7238,0.000599089714348,0.0005713,0.000767621523918,-0.000766995162063
1.72562,0.00059750415405,0.000362,0.000767766283912,-0.000767054084322
1.72653,0.000596775740465,0.000373,0.000767516635704,-0.000767116994106
1.72831,0.000595563660945,0.0003782,0.000767377364595,-0.000767274553997
1.73009,0.000591321326618,0.0003679,0.000767546341121,-0.000767161963932
1.73204,0.000586409015836,0.000454,0.000767512922385,-0.000767333067063
1.73393,0.000583949594657,0.00036,0.000767870184541,-0.000767606859649
1.73477,0.000583153038426,0.0003421,0.000768085328547,-0.000767784375534
1.73652,0.000580139221431,0.000474,0.000768102943397,-0.000767836234022
1.73837,0.000578411268896,0.000401,0.000768250323983,-0.000767789385388
1.73924,0.000578475765705,0.0006154,0.000768241056232,-0.000767525547542
1.74115,0.000580217184838,0.0005881,0.000768079765815,-0.000767439577851
1.74288,0.000582756601773,0.000738,0.000767887808084,-0.000767152487206
1.74384,0.000583403525561,0.000676,0.000767270559962,-0.000766983265121
1.74575,0.00058556922168,0.000664,0.000766885846713,-0.000766962630594
1.74728,0.0005860068352,0.0005815,0.000766585460417,-0.000767168095822
1.74809,0.000586451700365,0.000587,0.000766513820788,-0.000767312820573
1.74982,0.000588573299913,0.0006017,0.000766484975542,-0.000766972390289
1.75169,0.000587878466884,0.0004677,0.00076665522798,-0.000766254796675
1.75268,0.000588212901397,0.000384,0.00076640959671,-0.000766224072165
1.75442,0.000588410161249,0.0003462,0.000766116333099,-0.000766546292674
1.7554,0.000589892230308,0.0003816,0.00076601480872,-0.000766468225814
1.75704,0.000588457771768,0.0002995,0.000766029712858,-0.000766240458839
1.75873,0.000586054833532,0.0007001,0.000765771613165,-0.000766389679636
1.7597,0.000583038688806,0.000734,0.000766134958864,-0.000765807868134
1.76161,0.000579977691045,0.000483,0.000766104225926,-0.000765918664813
1.76343,0.000576133720634,0.0006055,0.000766202005047,-0.000766364177011
1.76441,0.000575032143455,0.0003556,0.000766527777482,-0.000766825878964
1.7659,0.000570662284235,0.000535,0.000766624531626,-0.000766850331925
1.76764,0.000567066075176,0.0005703,0.000766986239387,-0.00076721445384
1.76867,0.000566686881112,0.000346,0.000767294709384,-0.000767501689401
1.77035,0.000564241423067,0.000926,0.000767332788448,-0.000767673030576
1.7721,0.000563697168895,0.0004267,0.000767590895453,-0.000767793838544
1.77307,0.000564234995541,0.0006303,0.000767398722384,-0.000768034426902
1.77487,0.000566549668533,0.0007289,0.000767881315283,-0.000767946888137
1.77681,0.000568833402557,0.000328,0.000768163199343,-0.000768122504317
1.77767,0.000568830774299,0.000638,0.000767888735619,-0.000767990659717
1.7795,0.000569386613372,0.000569,0.000768300366433,-0.000767962839306
1.78083,0.000570907057824,0.000235,0.000768278126053,-0.000767894857302
1.78165,0.000572302734839,0.000575,0.000767813598875,-0.000767881964567
1.78332,0.00057499316503,0.00068,0.000767777417306,-0.000767858589715
1.78525,0.000579509244836,0.0004581,0.000767385722115,-0.000767769809518
1.78623,0.000579676459565,0.0003445,0.000767573259908,-0.00076768954854
1.78816,0.00058448008284,0.0005673,0.000767513850718,-0.000767463903607
1.78969,0.000588992538995,0.000451,0.000767332788448,-0.000767108445598
1.79063,0.000592058782204,0.0004439,0.000766925820636,-0.00076733343855
1.79249,0.000597795817518,0.0003311,0.000766796589395,-0.000767135019758
1.79413,0.000599151216536,0.0003128,0.000766718474271,-0.000766963002396
1.79577,0.000598804963955,0.0003272,0.000766870042059,-0.00076664015913
1.79663,0.000598048805464,0.0002528,0.000767052225697,-0.000766452033801
1.79813,0.000596329470159,0.0002422,0.000767024345375,-0.000766406711583
1.79984,0.000596104377338,0.000336,0.000766882128023,-0.000766490744743
1.80075,0.000596805164658,0.000301,0.000766928609378,-0.0007664997706
1.80246,0.000598438918738,0.0003132,0.000767094042843,-0.000766301437937
1.80333,0.000599682338722,0.0003676,0.000767079174983,-0.000766205357086
1.80526,0.000599107134123,0.000324,0.000766777991824,-0.000766249582971
1.8069,0.000596486713874,0.0002689,0.000766924891052,-0.000766274347511
1.80757,0.00059407755463,0.000765,0.000766722194355,-0.000766540803327
1.80951,0.000590526147365,0.000442,0.000766579878531,-0.000766679411467
1.81111,0.00058786011829,0.0003475,0.000766140546439,-0.00076612490105
1.81214,0.000586751350186,0.000351,0.000766368644731,-0.000766370878575
1.81381,0.000585050065358,0.0003883,0.000766675691018,-0.000766303485943
1.81529,0.000582941450808,0.000389,0.000766657088296,-0.000766003164508
1.81701,0.000580209277921,0.000336,0.000767212038513,-0.000765783077143
1.81793,0.000579266587818,0.000688,0.000767420079128,-0.000766013318278
1.81964,0.000578762637214,0.000508,0.000766948130072,-0.000766134865738
1.82137,0.000578100821452,0.000254,0.000766503585596,-0.000766527312266
1.82228,0.000578144379868,0.00037,0.000766893283999,-0.000766907786343
1.82405,0.000578755250782,0.0003299,0.000767074528673,-0.000766967278095
1.82581,0.000580505890537,0.0003383,0.000767181381289,-0.000766867067002
1.82683,0.000581820001336,0.0005049,0.000767043861788,-0.000766926285428
1.82855,0.000585025927739,0.000279,0.000766952777728,-0.000766932606544
1.83049,0.000589001602372,0.0004566,0.000766998322133,-0.000766757068609
1.83201,0.000589028602175,0.000424,0.000767243622492,-0.000766792219037
1.83282,0.00058857560615,0.0002502,0.000767378293216,-0.000766928144589
1.83451,0.000585023771938,0.000344,0.000767409865164,-0.00076692358963
1.83635,0.000583504056906,0.0004606,0.00076799538901,-0.000766326664968
1.83737,0.000583463417747,0.0004637,0.00076764565392,-0.000766077402685
1.83913,0.000581173868396,0.000571,0.000767115414503,-0.000766157494979
1.84076,0.000579454232823,0.0006756,0.00076694069372,-0.000766307768104
1.84149,0.000578120501723,0.0003335,0.000766830063028,-0.000766302741214
1.84304,0.000578022586071,0.0003861,0.00076687190146,-0.00076642960594
1.84481,0.000577002361698,0.0003541,0.000767166516404,-0.000766344257866
1.84663,0.000574919041225,0.000583,0.000767301210923,-0.000766522753124
1.84745,0.000574179847609,0.0003986,0.000767057801548,-0.000766808119492
1.84916,0.000573565086353,0.000547,0.000767050367065,-0.000767003805731
1.8507,0.000573443300035,0.000411,0.000766696153097,-0.000767186676781
1.85232,0.00057555893302,0.0003522,0.000766449614253,-0.000766973598617
1.85321,0.000575368810755,0.000524,0.000766067902392,-0.000766911690738
1.85499,0.000576451034975,0.0003528,0.000766065108149,-0.000766711778038
1.85664,0.000580596736746,0.000512,0.00076626345501,-0.000766552805369
1.85839,0.000583601690945,0.0003549,0.000766021329343,-0.000766643693846
1.85936,0.000585884909448,0.0003709,0.00076602505537,-0.000766594949461
1.86118,0.000586360955765,0.0003843,0.000765853625256,-0.000766643693846
1.86276,0.000589103863648,0.000283,0.000765467661501,-0.000766676528122
1.86372,0.000590320704169,0.0002791,0.000765686789021,-0.000766705918751
1.86557,0.000592551127416,0.0004575,0.000766182450973,-0.000766510191975
1.8673,0.00059196155422,0.0004333,0.000766400289779,-0.000766350028926
1.86893,0.000590895990438,0.0002268,0.000766366783187,-0.000766511122443
1.87078,0.000591018500694,0.0006142,0.000766469156372,-0.000766736981379
1.87163,0.000591219745014,0.0001857,0.000766353752151,-0.000766744421201
1.87348,0.000590996648571,0.0005331,0.000766663599339,-0.000766544617965
1.87545,0.000590057776204,0.0005589,0.000766995533837,-0.000766361756976
1.87728,0.000588543671337,0.0003028,0.0007669648614,-0.000766462735486
1.87886,0.000588751581967,0.000494,0.00076654266413,-0.000766436213438
1.87957,0.000588265583404,0.00054,0.000766533360034,-0.000766472041086
1.88125,0.000589177480667,0.001077,0.000766160102388,-0.000766504702174
1.8831,0.000590506521763,0.000529,0.00076594400712,-0.000766571505567
1.88499,0.000591702496734,0.0005432,0.000765983135738,-0.000766478461835
1.88653,0.000591060256665,0.0004597,0.00076608559885,-0.000766657739405
1.88739,0.000590951580408,0.000742,0.000765466728808,-0.000766459292364
1.8892,0.000591989830058,0.000656,0.000765273618679,-0.000766647042497
1.89108,0.000592308247525,0.000446,0.000764987995262,-0.00076710816684
1.8927,0.000591211975832,0.000598,0.000764859123664,-0.000767272139004
1.89347,0.000589962694136,0.0006116,0.000765079489729,-0.000766565551362
1.89536,0.00058866787094,0.000613,0.000765436881607,-0.000766269506433
1.89713,0.000587340568332,0.000547,0.000765984067329,-0.000765960870121
1.89814,0.000586337094563,0.0004438,0.000766193624837,-0.000766184872001
1.89973,0.000587110678308,0.0003895,0.000766231800048,-0.000766356265309
1.90137,0.000587054964912,0.0004011,0.000766197349394,-0.000766644251956
1.90232,0.000585370288973,0.0003787,0.000766145202697,-0.000766401685832
1.90396,0.000581765267719,0.0005465,0.000766501724626,-0.000766187665478
1.90577,0.00057685874234,0.0003743,0.000766641275359,-0.000766478275728
1.90724,0.000572495989303,0.0003667,0.000766865393523,-0.000766676528122
1.90812,0.000572007925364,0.000565,0.00076600735646,-0.000767156761049
1.90976,0.000571718589226,0.0005692,0.000765681195642,-0.00076694636395
1.91158,0.000571987045826,0.0004435,0.000765706365284,-0.000766764043125
1.9132,0.000571355092364,0.0007239,0.000766119127014,-0.000766549455995
1.91403,0.000571143004456,0.0003038,0.000766339789895,-0.000766216716582
1.91559,0.000569807445136,0.0004596,0.000766202005047,-0.000766255727687
1.91749,0.000572513080836,0.0003615,0.000766246696786,-0.000766269971923
1.91933,0.000574392989747,0.0003614,0.000766107951245,-0.00076626345501
1.92116,0.000576370399714,0.00052,0.000765914192489,-0.000766181985389
1.92172,0.000577547527568,0.000579,0.000765903011477,-0.000766185058233
1.92358,0.000579740695862,0.000475,0.000765892761966,-0.000766062686458
1.92514,0.000582728337423,0.0003728,0.000766227144713,-0.000766103387724
1.92697,0.000584066681272,0.0005587,0.000766378883086,-0.000765884748544
1.9278,0.00058247606174,0.0006135,0.000765875057698,-0.000766269506433
1.92956,0.000580099354916,0.0007227,0.00076589928441,-0.000766503957789
1.93144,0.000573909296139,0.000308,0.000766022260853,-0.000766578669113
1.93325,0.000572723635757,0.000486,0.000766470086927,-0.000767073692332
1.93506,0.000571537993637,0.0004734,0.000766852377357,-0.000767063377328
1.93594,0.000570527683285,0.000506,0.000766274626802,-0.000767378664664
1.93779,0.000569917089573,0.0004221,0.000766358406137,-0.000766721078333
1.93969,0.000568332085331,0.0005628,0.000766633833779,-0.000766945713272
1.94118,0.000568798674007,0.0003559,0.000766622671171,-0.000767095343756
1.94284,0.000568261336739,0.0005357,0.000766786360829,-0.000766919685342
1.94385,0.000570571945253,0.0004772,0.000766883987372,-0.000766995998554
1.9454,0.000575065877351,0.000498,0.000766854236833,-0.00076687413273
1.9469,0.000580288508864,0.000419,0.000766862604377,-0.000766854887648
1.94875,0.000584322659158,0.0008,0.000766475670217,-0.000766955287441
1.94965,0.000584543651162,0.000455,0.000766586390725,-0.000767185561946
1.95131,0.000586836817881,0.0004607,0.000766591042233,-0.0007667858029
1.95335,0.000590362991283,0.0004176,0.000766350028926,-0.000766645647229
1.95514,0.000591264422356,0.00048,0.000765906738513,-0.000766153211344
1.95615,0.000590047339509,0.0003536,0.000766011082606,-0.000766277512802
1.95793,0.000588934510603,0.000825,0.000765806097396,-0.000767052039835
1.95981,0.000588862185193,0.000409,0.000765913260749,-0.000766879617888
1.96173,0.00058696267929,0.0009149,0.000766478461835,-0.000765843188208
1.96373,0.000585766821314,0.0007634,0.000766398428369,-0.000765650057856
1.96544,0.000585581584061,0.000625,0.000766457058973,-0.000766187758594
1.96635,0.000585473912588,0.000564,0.000767116343682,-0.000766496886068
1.968,0.000586300606502,0.000269,0.000766831922599,-0.000766665180577
1.96954,0.000587542895291,0.000375,0.000766800308815,-0.000767000831585
1.97154,0.000591546756895,0.0007855,0.000766702663557,-0.000767025553559
1.97209,0.000592778100537,0.000424,0.000766702663557,-0.00076676013741
1.97404,0.000595872074143,0.000379,0.000766931398102,-0.000766882313958
1.97582,0.000595627949486,0.000378,0.000767116343682,-0.00076678273428
1.97778,0.000597967756273,0.000417,0.000766688712452,-0.000766728983428
1.97945,0.000598228037618,0.0004759,0.00076640773534,-0.000766284960455
1.98096,0.000595233684318,0.000517,0.00076627648874,-0.000766200235905
1.98196,0.000592969875567,0.000697,0.0007663230346,-0.000766061755034
1.98367,0.000589167976131,0.000314,0.000766661739051,-0.000766411644208
1.98544,0.000587539925737,0.0004353,0.000766611508278,-0.000766451196266
1.98721,0.000583810232178,0.000454,0.000766684992082,-0.000766287008538
1.98913,0.00058216159448,0.0003738,0.000766894213651,-0.000766797705224
1.99099,0.000580662313995,0.0004277,0.000767421007658,-0.00076690853004
1.99195,0.00057959656793,0.0004972,0.000767760717108,-0.000766950639812
1.99386,0.000578211752775,0.0003072,0.000767499925518,-0.000767181474193
1.9953,0.000577923762877,0.0006153,0.000767503638948,-0.000767208508397
1.997,0.000579842578451,0.000494,0.000767275204186,-0.000767531859983
1.99871,0.000582941341188,0.000326,0.000767703189309,-0.000767594236845
1.99963,0.000584534303386,0.000506,0.000767870184541,-0.00076756824757
2.00139,0.000585880367528,0.000405,0.000767893373266,-0.000767620410193
2.00222,0.0005866036506,0.000599,0.000767474859039,-0.000767266008576
2.0039,0.000588464528875,0.00063,0.000766603135921,-0.00076687199443
2.00529,0.000590477465565,0.000392,0.000766569644887,-0.000766655879092
2.00721,0.000592156466632,0.0005559,0.000766601275375,-0.000766781525423
2.00808,0.000591699290915,0.0006357,0.000766614299028,-0.000766632717531
2.00984,0.000589897665115,0.000438,0.000766425418037,-0.000766628903663
2.01158,0.000587200623777,0.000551,0.000766228075784,-0.000767506145496
2.01349,0.000587502245391,0.0004485,0.000766514751248,-0.000767449234039
2.01528,0.000585396627426,0.0006714,0.000767006686916,-0.000766581180977
2.01689,0.000583810637339,0.0003599,0.000766939764167,-0.000766917268384
2.01792,0.000583291674577,0.000444,0.000767027133487,-0.000767374021542
2.01941,0.000582584308384,0.000379,0.000767015051538,-0.00076765539835
2.02096,0.000578676756461,0.000435,0.000767134926844,-0.000767771850645
2.02261,0.000576228748325,0.000266,0.000767249195898,-0.000767976842468
2.0245,0.000574264024455,0.00038,0.000767522205624,-0.000768074110298
2.02519,0.000573000368881,0.000653,0.000767696693758,-0.00076811851804
2.02709,0.000572582343151,0.000355,0.000768007443839,-0.000768068640138
2.02874,0.000570712671428,0.0001689,0.000767717108021,-0.00076804916952
2.03056,0.000567407289781,0.0003134,0.000767504567301,-0.000768031181605
2.03206,0.000564159740269,0.000437,0.000767054084322,-0.000768108783953
2.03374,0.000563657537654,0.000626,0.000767273346502,-0.000768092838123
2.03464,0.000564305812757,0.00091,0.000767236191174,-0.000767905709165
2.03656,0.000569254107707,0.0004836,0.000767141430764,-0.000767720912391
2.03815,0.00056776476607,0.0007592,0.000767421936187,-0.00076769697214
2.03996,0.000566582073374,0.000402,0.000767268702259,-0.000768225115239
2.04077,0.000568216270231,0.0003901,0.000767949021176,-0.000768526783029
2.04265,0.0005722153165,0.0003227,0.000767850705058,-0.000768308150298
2.04446,0.000576221301192,0.000426,0.000768339284367,-0.000768157637605
2.04632,0.000579640297908,0.0006371,0.000768298513111,-0.000768216588422
2.0479,0.000582661353886,0.0007029,0.000768284612948,-0.000768362540806
2.04967,0.000587495848754,0.0004885,0.000768189153185,-0.000768726421159
2.05144,0.00059006006813,0.0004596,0.000768031552497,-0.000768409698462
2.05238,0.000589962472459,0.000392,0.000768066785831,-0.000768029883479
2.05414,0.000590960768365,0.000382,0.000767648438065,-0.000767947630065
2.05587,0.000591606514193,0.0007445,0.000767585326411,-0.000768025525458
2.05766,0.000594312890096,0.0004268,0.000767392222298,-0.000768312320168
2.05958,0.000594802708529,0.0006595,0.000767752366769,-0.000768243929256
2.06112,0.000593448213003,0.0003995,0.000767953658181,-0.000767964972267
2.06204,0.00059256781546,0.0004876,0.000767573259908,-0.000767962561093
2.06362,0.000588956550946,0.0004358,0.00076746000415,-0.000767910810375
2.06532,0.000585374794502,0.0004082,0.000767557480131,-0.000768075037437
2.06691,0.00058443494834,0.0004732,0.000767743088428,-0.000768200368474
2.06877,0.000584661332688,0.000467,0.000767909140895,-0.000768500571417
2.06971,0.000585106197534,0.0003588,0.000768054732642,-0.000768437675641
2.07109,0.000584825481356,0.0003662,0.000767986115837,-0.000768114624431
2.07288,0.00058693983793,0.0007666,0.000767759789301,-0.000768033406954
2.07493,0.000587644237958,0.0006871,0.000767521277309,-0.000768253845676
2.07626,0.000589427843281,0.0005527,0.000767760717108,-0.000768270712341
2.0781,0.00059131515898,0.0003164,0.00076805380546,-0.000768086533796
2.08005,0.000594872745585,0.00044,0.00076810479755,-0.000768052043809
2.0817,0.000594974530592,0.000311,0.00076808254719,-0.000768126954072
2.08257,0.000595818318933,0.000461,0.000768432858506,-0.000768046202492
2.08416,0.000597236442671,0.0002511,0.000768659761827,-0.000768239666052
2.08594,0.000597778733364,0.000255,0.000768655132328,-0.000768140951964
2.08737,0.000597200446955,0.0003676,0.000768812507703,-0.00076822048112
2.08907,0.000596664985291,0.00051,0.000768855081856,-0.000768281369512
2.09087,0.000597756120182,0.0003258,0.000769016085586,-0.000768143918347
2.09244,0.000596123322069,0.0003949,0.000768593092294,-0.000768444438067
2.09413,0.00059645985073,0.000394,0.00076893188991,-0.000768556049256
2.09584,0.000594292176663,0.0004759,0.000768405066305,-0.000768269229583
2.09654,0.000594125641796,0.0005789,0.000768456943647,-0.000768076057288
2.09849,0.000589904008922,0.000311,0.000768452311993,-0.000767720355656
2.1,0.000586513635641,0.0008213,0.000768752341478,-0.000767768510614
2.10168,0.000581229596535,0.0004316,0.00076894484415,-0.000767825194897
2.1032,0.000575952067835,0.000257,0.00076890135339,-0.000767917024495
2.10499,0.000573926045261,0.00049,0.000768547714138,-0.000768090242235
2.10588,0.000574351428519,0.000468,0.000768475469773,-0.000768563365505
2.10745,0.000574324781986,0.000262,0.000768373566334,-0.000768480471692
2.10914,0.000574413144584,0.0003463,0.000768350403138,-0.000768075408292
2.11097,0.000574532881696,0.000244,0.000768215105481,-0.000767935295351
2.11296,0.000576699403885,0.0002861,0.000767769995075,-0.000767838645895
2.11463,0.000576023804581,0.000368,0.000768314266094,-0.000767894950054
2.11643,0.000576340815899,0.000394,0.00076804731513,-0.000767917395485
2.11734,0.000574961195869,0.0003682,0.000768298513111,-0.000767951803385
2.11896,0.00057516498467,0.000406,0.000768626428335,-0.000768175527611
2.12072,0.000577479677029,0.000548,0.000768431932128,-0.00076818396254
2.12257,0.000580519721723,0.0005119,0.000768148367883,-0.000768093950641
2.12443,0.000581573027146,0.0005871,0.000767937892162,-0.000768326404768
2.12635,0.000581611647831,0.0008498,0.000768145586928,-0.000768574293345
2.12808,0.000580539427093,0.0002759,0.000767889663153,-0.00076840599274
2.12976,0.00057971910625,0.000237,0.000768126119747,-0.000768032201558
2.13053,0.000578544751882,0.000274,0.000768252177509,-0.000767998449113
2.13252,0.000576883992335,0.000407,0.000767977769814,-0.000768253845676
2.13419,0.000575391383487,0.0003507,0.000767701333447,-0.000768416183398
2.13608,0.000571427852169,0.0002743,0.000767727314794,-0.000768488159715
2.1379,0.000570285921211,0.0003177,0.000767849777442,-0.00076854864027
2.13956,0.000566163518198,0.000284,0.000768039897492,-0.000768195919468
2.14115,0.000565032579155,0.0002998,0.000767920270642,-0.000768036652235
2.14305,0.000564844289043,0.000322,0.000767707828929,-0.00076787686302
2.14487,0.000562768536214,0.0003098,0.0007675491259,-0.000767953009003
2.14584,0.000560438796684,0.000323,0.000767401508106,-0.000768050189431
2.14778,0.000558891949274,0.0003087,0.000767442363312,-0.000768067898416
2.14924,0.000556932375871,0.0003071,0.000767435863876,-0.000767935388095
2.15134,0.000553574314665,0.000279,0.000767542628054,-0.00076816171622
2.15297,0.000552681261207,0.000375,0.000767614099033,-0.000768135575343
2.1549,0.000550704922922,0.000247,0.000767800610965,-0.000768151612308
2.15641,0.000552234416711,0.000264,0.000767844211704,-0.000768265893361
2.15732,0.000553710536742,0.0002424,0.000767827514064,-0.000768527709205
2.15882,0.000555468497147,0.000474,0.000768355035876,-0.000768508722193
2.16048,0.000557999277411,0.0004343,0.000768795847119,-0.000767927968552
2.16217,0.000558558470318,0.000287,0.000768638465724,-0.000767949948581
2.16387,0.000560307595756,0.000367,0.000768328165312,-0.000767966734271
2.16572,0.000563997107631,0.000491,0.000767872967253,-0.000768022929169
2.16745,0.000564973992988,0.00022,0.000767731026288,-0.000768309262267
2.16892,0.000567013925818,0.0002811,0.000767688342193,-0.000768345399726
2.17058,0.000568294175354,0.0002493,0.000767497140425,-0.000768340025627
2.17242,0.000569533204394,0.0003317,0.000767356005759,-0.000768328813931
2.17432,0.000571756899951,0.0004551,0.000767824731062,-0.0007684664847
2.17613,0.000574420820349,0.000633,0.000767693909921,-0.000768320659789
2.17762,0.000577242835756,0.000378,0.00076741357936,-0.000768555030528
2.17925,0.000581472163158,0.0003928,0.000767763500519,-0.000768541879461
2.18103,0.000582449162523,0.000518,0.000767801538686,-0.000768452404626
2.18188,0.000581906101372,0.0004199,0.000768233641889,-0.000768148367883
2.18373,0.000581312178932,0.000231,0.000768606982621,-0.000768190358147
2.18517,0.000579357561153,0.0002626,0.000768616242593,-0.00076824809974
2.18687,0.00057798962346,0.00032,0.000768222520139,-0.000768286002984
2.18867,0.000576877424627,0.0002903,0.000767808032675,-0.000768280350142
2.19018,0.000575844939166,0.000229,0.000767923980495,-0.000768311671524
2.19211,0.000573510436654,0.000427,0.000767589967285,-0.00076811601501
2.19388,0.000570966215563,0.0005929,0.000767782983897,-0.000768045368012
2.19577,0.000570020019349,0.0003243,0.000767898938376,-0.0007680945069
2.19749,0.000567871705621,0.00022,0.000767770922861,-0.000768411458668
2.19918,0.000565675353861,0.0003526,0.000767674422563,-0.000768149758354
2.20104,0.000563762082213,0.000494,0.000767654006302,-0.000768279052758
2.20198,0.000563003473569,0.000349,0.00076758439823,-0.000768226876191
2.20389,0.000562615376068,0.0002897,0.000767545412857,-0.000768364764464
2.2057,0.00056345659423,0.0004937,0.000768009298398,-0.000768148460581
2.2076,0.000568525863987,0.000367,0.000767863691476,-0.000767895321063
2.20923,0.00057140833644,0.0003348,0.000768098307979,-0.000767901999157
2.21176,0.000577939630214,0.0003353,0.000767968496267,-0.000768329833188
2.21368,0.000582379699428,0.0002343,0.000767962004666,-0.000768560772418
2.21556,0.000584436697297,0.0003056,0.000768160418483,-0.000768373566334
2.21734,0.000584497224825,0.0005237,0.000768365227725,-0.000768032016112
2.21823,0.000583508007522,0.0004092,0.000768607908627,-0.000767806455572
2.21984,0.000583290164568,0.0003394,0.000768195641403,-0.000768079302251
2.2216,0.000585758228947,0.000428,0.000767732882024,-0.000768263947219
2.22327,0.000587747650307,0.0008074,0.00076808254719,-0.000767555716473
2.22505,0.000589393335068,0.0005863,0.000768522707829,-0.000767348576354
2.22767,0.000586316545718,0.000496,0.000767904503416,-0.000767457683028
2.22956,0.000582533039962,0.000612,0.000767319786215,-0.000767367242494
2.23131,0.000577629589992,0.000284,0.000767220399201,-0.000767608808725
2.23309,0.00057343441335,0.0002604,0.000767091255158,-0.000767933347733
2.23469,0.000571842499946,0.000406,0.000766994604401,-0.000767926670119
2.23623,0.000572674512943,0.000473,0.000767433078374,-0.000767866288714
2.23791,0.00057560283601,0.0003798,0.000766937905056,-0.000767978882626
2.23867,0.00057572201097,0.000512,0.000767369935553,-0.000767917024495
2.24046,0.000576189411306,0.00044,0.000766968579386,-0.00076791609702
2.24205,0.000579237640535,0.000823,0.000767378293216,-0.000767491477347
2.24402,0.000583081109228,0.0006359,0.000766946270996,-0.000767336317559
2.24595,0.000583108908868,0.0003482,0.000767187884516,-0.000767078152799
2.24774,0.000584587963603,0.0005343,0.000767000180988,-0.000767257834537
2.24972,0.000586089426726,0.0007485,0.000767198103678,-0.000767562956706
2.25149,0.000585281961754,0.0003763,0.000767682774394,-0.000767863876994
2.25305,0.00058197918669,0.000392,0.000768202129526,-0.000768055845258
2.25484,0.000581408605265,0.0006696,0.000768075130151,-0.000768628372859
2.25649,0.000579942665686,0.0005068,0.00076777556176,-0.000768725773131
2.25837,0.000581421045758,0.000986,0.000767224115011,-0.000769013772735
2.25994,0.000583048428905,0.0004217,0.000767243622492,-0.000768880439265
2.26168,0.000584813204511,0.0004124,0.000767227830789,-0.000768761598361
2.26357,0.000585007998517,0.0005805,0.000767319786215,-0.000768197680538
2.26498,0.000584129360887,0.0003165,0.000767487856653,-0.000767734923324
2.26682,0.000581861312204,0.000414,0.000767189742564,-0.000767371978552
2.26817,0.000581283805845,0.0002569,0.000767018769096,-0.000767137156771
2.26987,0.000580566613153,0.00039,0.000767124706203,-0.000767113277384
2.27075,0.000581806674761,0.0004268,0.000766850517873,-0.000767118387869
2.27361,0.00058515931539,0.0005427,0.000767241764675,-0.000766656344171
2.27441,0.00058579514029,0.000337,0.000767122847879,-0.000766830527921
2.27626,0.00058963156728,0.0004583,0.0007669657909,-0.000766955380393
2.27789,0.000593906399816,0.000468,0.000766568714543,-0.000767206743328
2.27963,0.000597890288482,0.0002393,0.000766859815214,-0.000767373928679
2.28115,0.0005984147089,0.0004026,0.000767166516404,-0.000767480986534
2.28269,0.00059993862857,0.0002112,0.000767434006876,-0.000767850148489
2.2846,0.000600380117046,0.0005444,0.000767477644275,-0.000767918508451
2.28639,0.000599928955759,0.0004041,0.000767323501178,-0.000767982684714
2.28812,0.000598886810506,0.0005799,0.000767667926584,-0.000767867030779
2.28985,0.000594669693141,0.000332,0.000767599248884,-0.000767876028216
2.29154,0.000593284868384,0.000403,0.000767534273539,-0.000767653449482
2.29326,0.000591265602695,0.000517,0.000767433078374,-0.000767448305568
2.29514,0.00058811089391,0.000639,0.000767100547372,-0.000767457590183
2.29689,0.000587669364394,0.0003364,0.000766954636776,-0.000767649737327
2.29864,0.000587539650967,0.0004566,0.000766566853851,-0.000767551910661
2.30017,0.00058765436525,0.000649,0.000766506377036,-0.000767541049992
2.30193,0.000588453300929,0.000405,0.000766734284412,-0.000767357027293
2.30349,0.000587540419618,0.00058,0.00076659755426,-0.000767411350846
2.30545,0.000590426660335,0.0008713,0.000765987793673,-0.000767752181205
2.30728,0.000591551600099,0.000503,0.000766529638341,-0.000767605931514
2.30907,0.000593730200465,0.0005535,0.000767342075521,-0.000767746150302
2.31074,0.000595450994119,0.0004311,0.00076733185973,-0.000767379314697
2.31242,0.000598969007699,0.0004643,0.000767461861039,-0.000766991537248
2.31439,0.000603369859575,0.000404,0.000767301210923,-0.000767146540919
2.31621,0.000605177550278,0.0003062,0.000767703189309,-0.000766795287591
2.31795,0.000607423855112,0.000237,0.000767457218802,-0.000766904997468
2.31974,0.000610118540479,0.000389,0.000766957425334,-0.000767148306231
2.32157,0.000612643106768,0.000414,0.000766956495816,-0.00076717757221
2.32325,0.000613624095805,0.0003099,0.000766799378963,-0.000767090047155
2.32499,0.000612579295432,0.000291,0.000767061518743,-0.000767118945372
2.32676,0.000613590680618,0.0003067,0.00076659755426,-0.000766994232626
2.3286,0.000613667428265,0.0003475,0.000766831922599,-0.000766982893336
2.33037,0.000611740990599,0.0003424,0.000766563132443,-0.000766825878964
2.33236,0.000610367829191,0.00042,0.0007665231253,-0.000766696153097
2.33392,0.000608140262519,0.000311,0.000766377952336,-0.000766860651965
2.33574,0.000607213361051,0.0003834,0.000766270902903,-0.000767088467455
2.33739,0.000605043381482,0.000319,0.00076665522798,-0.000767056779314
2.33917,0.000603723408976,0.0005118,0.000766203867294,-0.000767578550646
2.341,0.00060541107877,0.000373,0.000766764043125,-0.000767562214124
2.34282,0.000605791075873,0.0003297,0.000766773342307,-0.000767363713634
2.34455,0.000604662025398,0.000745,0.000766732424425,-0.000767047393236
2.34626,0.000604987591138,0.0004787,0.00076628952208,-0.000767105843845
2.34811,0.000602667027853,0.000319,0.000766294176751,-0.000767462510948
2.34955,0.000599462342394,0.0004492,0.000766769622658,-0.000767492498564
2.35137,0.000596673453439,0.0003453,0.000767237120095,-0.000767577622451
2.35289,0.000593044293986,0.000719,0.000767575116314,-0.000767545505684
2.35479,0.000594535239638,0.000477,0.000767752366769,-0.000767774633984
2.35665,0.000595710725227,0.0004654,0.000767051296382,-0.000767877048532
2.35856,0.000597993605675,0.0007303,0.00076701783971,-0.000768022187369
2.3603,0.000600301205462,0.0006124,0.000766812396708,-0.000767747449273
2.36164,0.000602425446538,0.0005061,0.000767147934587,-0.000767138922121
2.36314,0.000601015931927,0.000469,0.000767062448036,-0.000766972204392
2.36507,0.000600719127795,0.000728,0.000766841220335,-0.000767008452794
2.3668,0.00060110316121,0.0004571,0.000766509168458,-0.000767354427021
2.36862,0.000603319437916,0.000762,0.000766207591764,-0.000767059846009
2.3705,0.000605513041229,0.000257,0.000765945870467,-0.000766588902545
2.37244,0.000606642035535,0.0007878,0.000766124714792,-0.000766473902183
2.37435,0.000610103344543,0.0005397,0.000766389121201,-0.000766253400153
2.37611,0.000609583285061,0.0004849,0.000766471948031,-0.000766156470636
2.3778,0.000609217877517,0.000316,0.000766852377357,-0.000766416297578
2.37952,0.000608297324427,0.0006811,0.00076713213942,-0.000766550665494
2.38134,0.000608177717611,0.0006426,0.000766912806273,-0.000766487953204
2.38308,0.000607291315793,0.000845,0.000767171161735,-0.000766647042497
2.38568,0.000608019932309,0.000654,0.00076658080885,-0.000766769343683
2.38764,0.000610497258367,0.0009882,0.000766192693692,-0.000766885381879
2.3891,0.000608834854907,0.000391,0.000766144271449,-0.000767068488397
2.39093,0.000607132744968,0.000498,0.00076697229734,-0.00076698280039
2.39292,0.000602019142548,0.0004144,0.000767147005476,-0.000767241857566
2.39453,0.000600306350594,0.0005668,0.000767180452248,-0.000767644261841
2.39645,0.000597396564582,0.0003737,0.000767021557244,-0.000767766469471
2.39844,0.00059674460968,0.0006224,0.000767201819678,-0.000767565741379
2.39985,0.00059592358739,0.000371,0.000767274275345,-0.000767379314697
2.40161,0.000595566754285,0.0003659,0.000767187884516,-0.000766927958673
2.40329,0.000592900322719,0.000307,0.000767408936609,-0.000766901743758
2.4049,0.00059036874982,0.0004045,0.000767537058395,-0.000766958354849
2.40678,0.000588545630154,0.0003704,0.000767654006302,-0.000766842707955
2.40829,0.000587615163489,0.0005105,0.000767737521328,-0.000766935395242
2.41001,0.000585132076037,0.000475,0.000767472073786,-0.000766882406925
2.41162,0.00058257604239,0.0006,0.000766921172694,-0.000766766739908
2.41369,0.000578959374453,0.000283,0.000766384467542,-0.000766826157903
2.41509,0.000577481404287,0.000431,0.000766203867294,-0.00076683917485
2.41777,0.000575028699762,0.0002187,0.000766025986871,-0.000766830992814
2.41944,0.000571875254356,0.0004657,0.000766227144713,-0.00076684605508
2.42105,0.00057032187989,0.0003678,0.000766533360034,-0.000766872924127
2.42266,0.000567054376797,0.000598,0.000766929538955,-0.000766858420625
2.4244,0.000563955575086,0.0002981,0.000766859815214,-0.000766982335659
2.42627,0.000563774093436,0.0003752,0.000766381675323,-0.000767063005611
2.4279,0.000560146262942,0.0003834,0.000766323965466,-0.000766808305459
2.42956,0.000560478862889,0.000337,0.000766829133239,-0.000767093671152
2.43119,0.000562490008958,0.0004063,0.00076675939346,-0.000767261271367
2.43303,0.000564549258711,0.0003748,0.000767000180988,-0.000767274925534
2.43489,0.000566369621494,0.0007939,0.00076707081159,-0.000767062169248
2.43669,0.00056602026715,0.000887,0.000766539872922,-0.000767355077091
2.43835,0.000567007476465,0.000598,0.000766391913372,-0.00076700427044
2.44002,0.000568205567343,0.000319,0.00076675753358,-0.000767166423497
2.44232,0.000574149490013,0.000386,0.000766735214402,-0.000767201540979
2.44407,0.000577252962083,0.0004008,0.000766761253332,-0.000767202098376
2.44578,0.000583021461328,0.0004552,0.000767143289009,-0.000766974063358
2.44722,0.000588101209167,0.000772,0.000767019698481,-0.000766925262886
2.44902,0.00059331838986,0.000551,0.000766483114492,-0.000767270559962
2.45085,0.000596789068841,0.000381,0.000766684061984,-0.000767468360087
2.45261,0.00059933225705,0.000377,0.000767024345375,-0.000766790359297
2.45433,0.000602276516383,0.0003956,0.000767039215102,-0.000766948501886
2.45614,0.000603576757298,0.0003204,0.000766784501064,-0.000766963653048
2.45782,0.000601503488332,0.0004242,0.00076634444403,-0.000766961050432
2.45942,0.000599327123442,0.0003566,0.000766594763403,-0.000767113277384
2.46124,0.000598917279885,0.000708,0.00076649521117,-0.000767348483486
2.46381,0.000598729070292,0.0005708,0.000766989027743,-0.000766969973623
2.46563,0.000597883053636,0.0009256,0.000767165587332,-0.000767333252807
2.46746,0.000596845125141,0.0004718,0.00076734764767,-0.000767642127311
2.46899,0.000594827269194,0.00043,0.000767217612323,-0.000767411257991
2.47067,0.000593118896897,0.000355,0.000767397793806,-0.000767414786467
2.47238,0.000591703892971,0.0003442,0.00076732257244,-0.000767410793716
2.47409,0.000589850390718,0.0004236,0.000767378293216,-0.000767243529602
2.47662,0.000590320577531,0.000741,0.000767560264839,-0.000767202748673
2.47855,0.00059388808926,0.000584,0.000767459075703,-0.000767444127428
2.4803,0.000594693762385,0.000461,0.000766966720397,-0.000767382936293
2.48207,0.000590015459164,0.000366,0.000766426348686,-0.000767224022116
2.48379,0.000587970948,0.0004325,0.000766351890543,-0.000766891796552
2.48547,0.00058477631444,0.00039,0.000766435655061,-0.000766869856119
2.48733,0.000582185809042,0.0004227,0.000766534290453,-0.000766915037334
2.48929,0.000583902783437,0.000226,0.000766935116373,-0.000766899791521
2.49083,0.000586995576604,0.000392,0.00076645054485,-0.000767082613221
2.49366,0.000586775117732,0.000416,0.000766880268665,-0.000767177479306
2.49553,0.000584236941052,0.000747,0.000767186026461,-0.000767391107988
2.49735,0.000582917906888,0.000558,0.00076759739258,-0.000767476158818
2.49893,0.000583303885117,0.000657,0.000767055013632,-0.000767197732077
2.50079,0.00058387013819,0.0002635,0.000767722675381,-0.00076705928843
2.50303,0.00058408508834,0.000282,0.000767403365243,-0.000767128422828
2.50471,0.000585051490123,0.000789,0.000766976944739,-0.000767092463157
2.50657,0.000588264103982,0.0004981,0.000767113556139,-0.000766932885414
2.50833,0.000588765607965,0.0002965,0.000767178594161,-0.000767206000139
2.51011,0.000589006131725,0.000289,0.000766706383776,-0.00076732052921
2.51274,0.000588874049859,0.000433,0.000766515681707,-0.000767093764075
2.51455,0.000588656125025,0.000446,0.000766920243099,-0.000766917175424
2.51648,0.000588899714538,0.000218,0.000766776132023,-0.000767035869457
2.51799,0.000589745776414,0.000366,0.000767028992219,-0.000767065886406
2.52053,0.000590298778205,0.0004848,0.000767246409204,-0.000767100733214
2.52215,0.000590432961044,0.0004245,0.000767002969255,-0.000767305576187
2.52396,0.000590160707873,0.0004365,0.000766605926724,-0.000767029921582
2.52576,0.000589627011106,0.0003767,0.000766198280529,-0.00076672610041
2.52776,0.000590690037308,0.0001875,0.000766349098115,-0.000766800680755
2.52944,0.000589456522256,0.000252,0.00076624204161,-0.000767002225718
2.53214,0.000586371639627,0.000567,0.000766156377513,-0.000767277433395
2.53381,0.000582171071983,0.000952,0.000766774272214,-0.000766752139883
2.53553,0.000582071136581,0.00063,0.00076643007126,-0.000767076851835
2.53731,0.000583936222948,0.0003228,0.000766234593225,-0.000767015237417
2.53895,0.000582313430282,0.0006796,0.000766515681707,-0.000767279198178
2.54083,0.000580855190742,0.000374,0.000766982521551,-0.000767449141192
2.5433,0.000578196245613,0.0001699,0.00076688863571,-0.000767144218129
2.5451,0.000574003456265,0.0003745,0.000766764973052,-0.000767419986275
2.54688,0.000574478124238,0.0004369,0.000767063377328,-0.000767604910563
2.54864,0.000574706607432,0.000247,0.000767341146823,-0.000768150592634
2.55111,0.000577561029864,0.0004763,0.000767277990696,-0.000768119166971
2.55297,0.000581616802446,0.0004146,0.0007668784093,-0.000768359761217
2.55487,0.000581507603086,0.00068,0.000767445148755,-0.000768237534435
2.55658,0.000581843200089,0.0005978,0.000767962004666,-0.000768008278392
2.55931,0.000581957291509,0.0005458,0.000767641941699,-0.000768321864388
2.56135,0.000584124238864,0.0004712,0.000768017643819,-0.000768260425607
2.56317,0.00058670415399,0.00048,0.000768241983016,-0.000768156710642
2.56581,0.000592151701679,0.0004948,0.000767882242832,-0.000768256347915
2.56739,0.000595321316297,0.000737,0.000767900793398,-0.000768140859264
2.56906,0.000599836170145,0.001423,0.000767682774394,-0.000767871668656
2.57099,0.000606955249079,0.000751,0.00076725848475,-0.000767890683437
2.5735,0.000610834552487,0.0004504,0.000767029921582,-0.000768165794797
2.57524,0.000607941702431,0.0005351,0.00076738757932,-0.000767190857388
2.57677,0.000603359081688,0.000433,0.000767827514064,-0.000766853121149
2.57852,0.000602362035704,0.000526,0.000767419150596,-0.000767158712138
2.58145,0.000600172490617,0.0005307,0.00076691001743,-0.000766875992114
2.58319,0.000595547174946,0.0004831,0.000766920243099,-0.000766702384539
2.58502,0.000590256181217,0.000384,0.000766989957191,-0.000766856189275
2.58794,0.00058521658514,0.000441,0.000766683131885,-0.000767159362498
2.58988,0.000582790512937,0.0003686,0.000767055942939,-0.000767209065786
2.59172,0.000580436756768,0.00025,0.00076721668336,-0.000767400115247
2.59328,0.000579498477064,0.000333,0.000767330002288,-0.000767510787212
2.59587,0.000579160211518,0.000474,0.000767104264202,-0.00076792583541
2.59773,0.000578505513989,0.000469,0.000767458147253,-0.000767449883967
2.59949,0.000577475190846,0.000491,0.000767589039114,-0.000767395379495
2.60115,0.00057594278712,0.000366,0.000767443291795,-0.000767210830845
2.60315,0.000576051779884,0.000372,0.000766354682952,-0.000767439577851
2.60576,0.00057588607506,0.0004678,0.000766260662017,-0.00076731625697
2.60748,0.000577905386979,0.000474,0.000766319311113,-0.000766889472406
2.60906,0.000577286433243,0.0004247,0.000766222489328,-0.000766862046546
2.61079,0.000579171899037,0.000513,0.000766008287999,-0.000766926936135
2.6126,0.000584459242073,0.0002588,0.000766021329343,-0.00076675279085
2.61545,0.000592914050012,0.000449,0.000766130302497,-0.000766518566114
2.61705,0.000589914370993,0.0004517,0.00076661336878,-0.000766361105426
2.61883,0.000586965521292,0.0004064,0.000766524055741,-0.000766459013191
2.62047,0.000589485351561,0.0003229,0.000766390051927,-0.000766536802573
2.62197,0.000587454197162,0.0003642,0.000766454267218,-0.000766747397095
2.62445,0.000584225085774,0.0002781,0.000767059660149,-0.000766472878581
2.62621,0.000585518835008,0.0004222,0.00076779133365,-0.000766810072139
2.62805,0.000587527626808,0.000405,0.000767805249549,-0.000767270838617
2.6299,0.000585724354468,0.0006338,0.000768168761011,-0.000767297960165
2.63268,0.000582810281207,0.0004625,0.000768088109886,-0.000767655583956
2.6344,0.000582181987191,0.0002648,0.00076795551297,-0.000768197495163
2.63622,0.000582244575789,0.0003706,0.000768079765815,-0.000768343731909
2.63877,0.000587261383799,0.0005923,0.000767874822384,-0.0007683908916
2.64054,0.000592315216374,0.000635,0.000767736593471,-0.000768401638477
2.6422,0.000597413499797,0.000466,0.000767206464633,-0.000768303702392
2.64385,0.000603268267082,0.000546,0.000766851447616,-0.000767920456136
2.64544,0.000604232611341,0.0003934,0.000766801238664,-0.000767524340741
2.64743,0.000607155227548,0.0001977,0.000766687782362,-0.000767584955139
2.6498,0.000609815965778,0.000419,0.00076658732103,-0.000767734459393
2.65166,0.000609992530646,0.000302,0.00076620107392,-0.000767131581933
2.65308,0.000608133140191,0.0003999,0.000766223420409,-0.000767161871024
2.6548,0.000603181126133,0.000282,0.000766500794139,-0.000767057429827
2.65739,0.000598268739824,0.0003549,0.000766884917043,-0.000767016724443
2.65909,0.000594722730054,0.0005243,0.000767534273539,-0.000766820765054
2.66084,0.000593057034451,0.0004544,0.000767141430764,-0.000766952405917
2.66257,0.000594020189764,0.0005357,0.000766629182727,-0.000767246502094
2.66509,0.000592731720207,0.000214,0.000766711034006,-0.000767538172333
2.66689,0.000589815587315,0.0006228,0.000767032709659,-0.000766972204392
2.66859,0.000585516432682,0.0004478,0.000766969508878,-0.000767032802594
2.67024,0.000581845261698,0.0006539,0.000766443100019,-0.000767365106608
2.67296,0.000579520964343,0.0002425,0.000766603135921,-0.000767373278637
2.67499,0.000578657250378,0.000417,0.000766603135921,-0.000767414879321
2.67655,0.000577880692673,0.0004362,0.000766657088296,-0.000767552467611
2.67821,0.000577205179784,0.0003824,0.000766696153097,-0.000767837625489
2.68076,0.000578614651701,0.0002646,0.000766914665491,-0.000768072905014
2.68244,0.000577898420713,0.000263,0.000767110768579,-0.000768244207289
2.6844,0.000580548492208,0.000312,0.000767819165004,-0.000767606581208
2.68606,0.000583276939126,0.000584,0.000767543556324,-0.00076775199564
2.68881,0.000585832016435,0.0005646,0.000767528703774,-0.000767790405907
2.69073,0.000586621806828,0.0003119,0.000767544484592,-0.000767296659856
2.69249,0.000588483532905,0.000592,0.000767662358524,-0.000767175899922
2.6951,0.000590238367065,0.0006506,0.000767452576515,-0.000767687599824
2.69676,0.000594569795363,0.0008272,0.000766722194355,-0.000767708571263
2.69839,0.000598007050913,0.0006771,0.000766892354345,-0.000767709220805
2.7,0.000602965314523,0.000743,0.000767461861039,-0.000767287557579
2.70261,0.000601932025476,0.000551,0.000767201819678,-0.000767150350268
2.70435,0.000602062664844,0.00042,0.000766812396708,-0.000766908808926
2.70622,0.00060113758089,0.0006254,0.0007667668329,-0.000767056686384
2.70886,0.000598774632857,0.000455,0.00076668127168,-0.000766699873371
2.71079,0.000597729518011,0.0003974,0.000766855166568,-0.000766820021208
2.71267,0.000598997031905,0.0002131,0.000766519403519,-0.000766872180369
2.71428,0.00059988922611,0.0003056,0.000766651507325,-0.000766894678476
2.71619,0.000600741606072,0.0002388,0.000766720334317,-0.000766875899145
2.71898,0.000596172989465,0.000366,0.000766831922599,-0.000767109281873
2.72047,0.000594646436207,0.000294,0.000766897002595,-0.000767277619162
2.72224,0.000584320563343,0.000307,0.000767180452248,-0.000767128794488
2.7241,0.000575646010801,0.000308,0.000767303068488,-0.000767439763549
2.72674,0.000563276329083,0.000353,0.000767734737751,-0.000767467524501
2.72844,0.000557944070108,0.00042,0.000767850705058,-0.000767432985523
2.7302,0.00055651201617,0.0002969,0.000767827514064,-0.000767181567097
2.73201,0.000557574614558,0.0004654,0.000767755150234,-0.000767287186054
2.73481,0.000554992495773,0.0002751,0.000767939747017,-0.000767179058684
2.73634,0.00055432875151,0.0007109,0.00076760110518,-0.000767194016042
2.73795,0.000553890494416,0.0006,0.000767342075521,-0.000767283099252
2.73978,0.000559627413125,0.0002703,0.000767319786215,-0.000767219934722
2.74262,0.000566123779822,0.000465,0.000766471948031,-0.000767187048392
2.74448,0.000566698159722,0.0003819,0.000766524055741,-0.000767050552928
2.74624,0.00056631267883,0.0002351,0.000766827273657,-0.000766979919048
2.74804,0.000567247809286,0.0007539,0.000766804028202,-0.000767054270184
2.75039,0.000567005903007,0.0006,0.000766620810709,-0.000767086516052
2.75213,0.000569825954523,0.000293,0.000766860744937,-0.000766919964221
2.75359,0.000571770208002,0.0006859,0.000766600345099,-0.000767010683366
2.75635,0.000579911956437,0.00029,0.000766609647768,-0.000767305297555
2.75814,0.000584670567966,0.0004983,0.000767045720448,-0.000767118016199
2.7592,0.00058625544844,0.0003601,0.000767034568367,-0.00076711225528
2.76159,0.000590781147267,0.000411,0.000766817975623,-0.000767113091547
2.7634,0.000590597507114,0.0003926,0.000766557550271,-0.00076728384231
2.76502,0.000590064071734,0.000512,0.000767490641805,-0.000767441620524
2.76679,0.00058704516164,0.000484,0.000767699477577,-0.000767325544395
2.76957,0.000585787517998,0.0003886,0.000767871112113,-0.000767114392404
2.77138,0.000588043483481,0.0003577,0.00076722225711,-0.000767473837782
2.77317,0.000588798965163,0.0004617,0.000767504567301,-0.000767714881056
2.77489,0.000588985731315,0.000308,0.000767952730784,-0.000767585326411
2.77746,0.000590108581237,0.0002709,0.000768411551311,-0.000767426207392
2.77923,0.000588540169685,0.000325,0.000768380051808,-0.000767647231604
2.78059,0.000586531454111,0.000748,0.000767496212057,-0.000768088202597
2.78347,0.000581216360674,0.000604,0.000766455197805,-0.000768377920877
2.78523,0.000581287074541,0.000527,0.000766836571492,-0.00076828776369
2.78701,0.000580371767073,0.0006658,0.000767560264839,-0.00076713687803
2.7888,0.000579629448626,0.00045,0.000767061518743,-0.000767153323396
2.79166,0.000579027925421,0.00042,0.000767000180988,-0.000767306597839
2.79327,0.000577958729979,0.0003863,0.000767054084322,-0.00076731969334
2.79494,0.0005774789288,0.0004488,0.000767338360716,-0.000767317371471
2.79747,0.000576287477321,0.000357,0.000767664214552,-0.000766896723701
2.7991,0.000579031634588,0.0005326,0.000767701333447,-0.000767060496517
2.80098,0.000578154645857,0.000416,0.000766914665491,-0.000767776118425
2.80289,0.000578010394516,0.000199,0.000766645926283,-0.000767815825335
2.80458,0.000575483625333,0.000494,0.000766657088296,-0.000767695301841
2.80718,0.000573315364172,0.000355,0.000766905369319,-0.000767394822344
2.80906,0.000570371202379,0.000405,0.000767527775472,-0.000767949206657
2.81099,0.000566725611746,0.000617,0.000767384793509,-0.00076811638583
2.81351,0.00056685819704,0.000207,0.000767527775472,-0.000768175712995
2.81541,0.000567019766281,0.000509,0.000768162272392,-0.000768003178322
2.81716,0.000567367809542,0.000325,0.000767774633984,-0.000768053063713
2.81897,0.000568795144662,0.0006726,0.000767580685488,-0.000767985095776
2.82176,0.000573464032633,0.0004505,0.000767659574468,-0.00076832696073
2.82355,0.000578211502125,0.000381,0.00076759182362,-0.00076837755028
2.82561,0.000582522445464,0.000175,0.000767580685488,-0.000767973411271
2.8278,0.000581290712723,0.0003235,0.000767754222414,-0.000768092096442
2.82943,0.000581717502603,0.0002836,0.000767478572683,-0.000768298605777
2.83109,0.000581620038161,0.0003146,0.000767380150452,-0.000768352719513
2.83371,0.000583674233093,0.0004842,0.000767474859039,-0.000768139561465
2.83548,0.000583913982131,0.00029,0.000767910068385,-0.000768066322253
2.83691,0.000584016654241,0.0004981,0.000767709684763,-0.000768074110298
2.83953,0.000587703441972,0.0004319,0.0007673216437,-0.000768365876289
2.84132,0.000588681208744,0.0009088,0.000767703189309,-0.000768415071702
2.84322,0.000585651712576,0.0005335,0.000768191006971,-0.000768254957784
2.8449,0.000582373982132,0.0005803,0.000768138170961,-0.000768550585141
2.84742,0.000581563945895,0.0003687,0.000768042679121,-0.00076890542505
2.8491,0.000581133396633,0.0002725,0.000768139097964,-0.000769063265057
2.85163,0.000575107197823,0.000465,0.000768416183398,-0.000768762986877
2.85354,0.000572675670505,0.00031,0.000769139111531,-0.00076854067547
2.85548,0.000573182203011,0.00052,0.00076890135339,-0.000768668279976
2.85812,0.000572516379386,0.000425,0.000768869889281,-0.000768449903513
2.85986,0.000572822545462,0.0004984,0.000768531043425,-0.000768545861868
2.86151,0.000573703731047,0.0006318,0.000768374492836,-0.000768672353815
2.86326,0.000576147067856,0.0003197,0.000768510667242,-0.000768717904146
2.866,0.000576456519057,0.0006122,0.000768556049256,-0.000768850824628
2.86782,0.00057848973276,0.000504,0.00076839116954,-0.000768552993064
2.86929,0.000579885398093,0.000495,0.000768092745413,-0.000768436563999
2.87213,0.000584302356963,0.0003246,0.000768202129526,-0.000768213715218
2.87363,0.000585600621208,0.00034,0.000768036188625,-0.000768721977521
2.87625,0.000583522745148,0.000165,0.000768045460732,-0.000768533914537
2.87895,0.000582571212964,0.000413,0.000768019498335,-0.000768125378122
2.88079,0.00058243598091,0.00056,0.000768355035876,-0.000767780850046
2.88356,0.000580297151462,0.0004084,0.000768760672682,-0.000767797085608
2.88521,0.00058037139633,0.0005862,0.000768797698326,-0.000767847643918
2.88717,0.000583281180451,0.0004322,0.00076848473254,-0.000768065765959
2.88982,0.000587058826812,0.0003,0.000768127046775,-0.000768142249759
2.89141,0.000587541404366,0.0003321,0.00076759739258,-0.000767977306141
2.8939,0.000588094541005,0.000363,0.000767848849824,-0.000767552653261
2.89545,0.000586751108426,0.0004224,0.000767362506385,-0.000767634888392
2.89718,0.000585963204863,0.000446,0.00076707081159,-0.000767790313133
2.89983,0.000582525789854,0.0005791,0.000767006686916,-0.000767003805731
2.90073,0.000583243785502,0.000333,0.000766824484267,-0.000767195130856
2.90331,0.000582105583669,0.000512,0.000766771482486,-0.000766781990368
2.90488,0.000577666847199,0.0005926,0.000766283005459,-0.000767158154685
2.90745,0.000576199003056,0.000326,0.000766403081879,-0.000767472630838
2.90904,0.000573327346095,0.0004268,0.000766809607224,-0.000768043050003
2.91078,0.000570719812668,0.0005406,0.000766939764167,-0.000768313339463
2.91335,0.000566464401293,0.000666,0.000767183239364,-0.000768299717771
2.9152,0.000562789551157,0.000526,0.000767471145364,-0.000768483343138
2.91712,0.000557746712725,0.00069,0.000767451648052,-0.000768872850706
2.91982,0.00055897762552,0.0006205,0.000767498997156,-0.000769157793634
2.92153,0.00055950588135,0.0009222,0.000768564384214,-0.000768684204766
2.92307,0.000555509020358,0.000811,0.00076885970923,-0.00076848556618
2.92577,0.000560964646742,0.000746,0.000769105814706,-0.000768308706283
2.92758,0.00056755394326,0.000763,0.000768007443839,-0.000768881087063
2.93043,0.000574001173886,0.0004653,0.000768189153185,-0.00076865402124
2.93231,0.000576041498997,0.000493,0.000768613464622,-0.000768316397336
2.9341,0.000579092349525,0.000546,0.00076789615583,-0.000768796772723
2.93658,0.000582115312305,0.000613,0.000767936964731,-0.000768743084398
2.93836,0.000583100540162,0.000564,0.000767814526568,-0.000768455183624
2.94107,0.000584012090998,0.0003192,0.000768255884539,-0.000768175620303
2.94275,0.000586267435253,0.000613,0.000767846066958,-0.000767728799395
2.94516,0.000589246020004,0.000211,0.000767809888083,-0.000767701797413
2.94696,0.000589183684639,0.0004024,0.000767333717165,-0.000767422214745
2.94848,0.000588891661816,0.000599,0.000767266844548,-0.000767672195381
2.95104,0.000593100367177,0.0002731,0.000767351362396,-0.000767675721747
2.95298,0.000592736240832,0.000285,0.000767391293706,-0.000767507166677
2.95515,0.000593509763783,0.000376,0.000767219470244,-0.000767366035256
2.95676,0.000592221750323,0.000711,0.00076682169486,-0.000767687971009
2.9585,0.000594955899834,0.0003396,0.000766706383776,-0.000768025340009
2.96088,0.000589253120419,0.00058,0.000766555689531,-0.000767713118035
2.96274,0.000587580155249,0.000835,0.000766875620238,-0.00076689226138
2.96446,0.000583115984844,0.000543,0.000766751023938,-0.000766662483167
2.96728,0.000578682193855,0.000285,0.000767097759728,-0.000767039586838
2.96867,0.0005768367193,0.000653,0.000767355077091,-0.000766984566365
2.9713,0.000572544490671,0.0004309,0.000767543556324,-0.000767362506385
2.97315,0.000569877872964,0.0003,0.000768116849355,-0.000767804971235
2.97489,0.000567350009664,0.000374,0.000768139097964,-0.000768032387004
2.97773,0.000565764354641,0.0002983,0.000768170614884,-0.000768200461161
2.9796,0.000565073804885,0.000443,0.000768325385503,-0.000768443974891
2.98231,0.000565201028056,0.0002611,0.000768518076873,-0.000768678649673
2.9839,0.000563214821461,0.0006606,0.000768733827122,-0.000768231602923
2.98624,0.00056461727012,0.0005551,0.00076777556176,-0.000767989917862
2.98806,0.000569121737601,0.000514,0.00076760388961,-0.000768220295754
2.99089,0.000574647027967,0.000376,0.000767864619063,-0.000767971185616
2.99261,0.00057795115147,0.0004521,0.000767614099033,-0.000767715066637
2.99429,0.000582384945518,0.000572,0.000767366220985,-0.000767962746569
2.99667,0.000588602168598,0.0006,0.000767256626996,-0.000768218998192
2.99846,0.000592571330035,0.000543,0.000766769622658,-0.000769044116358
3.00102,0.000596846481132,0.00057,0.00076709683051,-0.000768626891318
3.00258,0.000592607476973,0.0007418,0.000767977769814,-0.000767666256173
3.0043,0.000590545466392,0.000437,0.000768050096712,-0.000768155598283
3.00712,0.000592278115395,0.0007391,0.00076841803622,-0.000768000396441
3.0087,0.00059195393118,0.0007211,0.000767937892162,-0.000768095619414
3.0115,0.000587555648953,0.0008708,0.000768253104269,-0.000767740119317
3.01318,0.000585840341716,0.000725,0.000768096453798,-0.000767647788433
3.01585,0.00058396388818,0.0004352,0.000767634517162,-0.000767560821778
3.01767,0.000584563992711,0.000681,0.000767232475467,-0.000767833729371
3.0203,0.000584863231939,0.0004809,0.000767133997705,-0.000767941138154
3.022,0.000583571041633,0.000521,0.000767324429914,-0.000767354891357
3.02384,0.00058508230671,0.0005583,0.000766791010207,-0.000767734552179
3.02636,0.000589387089562,0.0005888,0.000766601275375,-0.000767997243621
3.0281,0.000590267890572,0.000313,0.000766670110285,-0.000767800518193
3.03062,0.000587146930392,0.0003891,0.00076759182362,-0.000767960057168
3.03322,0.00058669255806,0.000449,0.000767745871951,-0.000767878439868
3.03505,0.000585406465453,0.0003232,0.000767817309635,-0.00076797749161
3.03697,0.000582666262451,0.0002408,0.000767890590684,-0.000768152168493
3.03954,0.000578381841008,0.0004624,0.000767783911655,-0.0007681474409
3.04126,0.000574801897999,0.000486,0.00076760110518,-0.000767967290691
3.0438,0.000570653789097,0.000472,0.000767457218802,-0.000767772221758
3.04552,0.000568368795203,0.000532,0.000767798755518,-0.000767967847111
3.04811,0.000568862464303,0.0006554,0.00076736714963,-0.000767477737116
3.05,0.000568952671334,0.0004328,0.000767648438065,-0.000767627556543
3.0525,0.000572658230048,0.000507,0.00076861716858,-0.000766651042241
3.05419,0.00057358424075,0.000667,0.000768730124156,-0.000766569737921
3.05684,0.000577453182014,0.0004688,0.000768079765815,-0.000767130002383
3.05851,0.000579657393599,0.0007837,0.000767967568901,-0.000767338082104
3.06119,0.000583599033566,0.000346,0.000768074203012,-0.000767261457141
3.06297,0.000587726590504,0.001043,0.000767185097431,-0.000767021185492
3.0656,0.000589342501239,0.000783,0.000766467295255,-0.000766835455762
3.06743,0.000586141142331,0.0005204,0.000766977874212,-0.000767249474567
3.06994,0.000578542571401,0.0007637,0.000767143289009,-0.000766723589379
3.07247,0.000575047887841,0.0005609,0.000766978803684,-0.000766403640297
3.07418,0.000576911195048,0.0005873,0.000766827273657,-0.000766872645218
3.07676,0.000578880182028,0.000325,0.00076648962813,-0.000767290901295
3.07866,0.000579159755266,0.0003319,0.00076649521117,-0.000767224765274
3.08151,0.000572418145878,0.000284,0.000766874690546,-0.000767106773045
3.08319,0.00056804400388,0.00027,0.000766838431035,-0.000767557294483
3.08578,0.000564455202806,0.0004854,0.000767319786215,-0.000767730376779
3.08765,0.000563560381228,0.0005877,0.000767307712365,-0.000767943549446
3.09035,0.000564678584137,0.0003483,0.000767051296382,-0.000768011709314
3.0921,0.000565635977428,0.0004227,0.000767196245667,-0.00076697229734
3.09449,0.000567311402178,0.000432,0.00076647101748,-0.000767333810036
3.09607,0.00056729020595,0.00042,0.000766175932754,-0.000767386650718
3.09868,0.000569202155753,0.0003068,0.000766631973364,-0.000767614099033
3.1004,0.000570418813063,0.000635,0.000766452406038,-0.000767346068902
3.10297,0.000570367899569,0.0005897,0.000765509630592,-0.000767274182461
3.10477,0.000571065276617,0.0003497,0.000765164431746,-0.00076727167458
3.10723,0.000573658366526,0.0005242,0.000765087891323,-0.000767231453642
3.1089,0.000574270228453,0.000421,0.000765495641342,-0.000767245944754
3.11154,0.000576337013265,0.0002548,0.00076571102617,-0.000767250682128
3.11339,0.000577217981183,0.0004796,0.000765997109395,-0.00076687032097
3.11608,0.000575871068366,0.0003462,0.000765856420851,-0.000766758835497
3.11753,0.000574575566977,0.000457,0.000765787457609,-0.000766448776714
3.12042,0.000572086172691,0.0001968,0.000766207591764,-0.000766365759334
3.12215,0.000573262507175,0.000215,0.000766195487119,-0.000766407642271
3.1251,0.000574482999952,0.000389,0.000766400289779,-0.000766539221638
3.12791,0.000573896371898,0.0003354,0.000766600345099,-0.000766466550806
3.12982,0.000572886852408,0.0003851,0.000766900721159,-0.000766903695987
3.13261,0.000572264689808,0.0003586,0.000766689642539,-0.000767111790687
3.13464,0.000570546753109,0.0005,0.00076670917392,-0.000767127122013
3.13717,0.000570676156796,0.0006743,0.000766214109511,-0.000766530010511
3.139,0.00057135221851,0.00043,0.000766194555979,-0.000766092304689
3.1416,0.000574677449013,0.0005611,0.000765631784351,-0.000765788016814
3.14345,0.000578032286464,0.0004548,0.00076542662116,-0.000766355241432
3.14619,0.000581392224157,0.000536,0.000765542270434,-0.000766468877205
3.14807,0.000582240414432,0.0004846,0.000765506832778,-0.000765873194049
3.15072,0.000582346560618,0.0002575,0.000765339864129,-0.000765949503971
3.15249,0.000582595059514,0.0003939,0.000765281083457,-0.000765831818997
3.15501,0.000584630937105,0.000286,0.000765469526879,-0.000766119685795
3.1577,0.000588280642567,0.0003372,0.00076553574266,-0.000766072559424
3.15956,0.000589459098722,0.0002961,0.000765845238362,-0.000766069020085
3.16229,0.000592859432664,0.000454,0.000766465434131,-0.00076655727116
3.16505,0.000593334600116,0.000537,0.000765843374586,-0.00076616019551
3.16674,0.000593188325293,0.000494,0.000765980340953,-0.000766354962192
3.16945,0.000589876191001,0.000387,0.000765788389617,-0.000766496606919
3.17127,0.000588576936249,0.0005614,0.000766269971923,-0.000766234034591
3.1739,0.000586401644343,0.000377,0.000767099618159,-0.000765654159967
3.1756,0.000586549459,0.000683,0.000766142408948,-0.000765552248413
3.17786,0.000589028170148,0.000923,0.000766292314889,-0.000765439026942
3.18042,0.00059212131159,0.00046,0.000765877853156,-0.000765599803878
3.18192,0.000594367156232,0.000435,0.00076564856617,-0.000765533131523
3.18457,0.000597659995134,0.000543,0.000765615934263,-0.000765461598965
3.18638,0.000595029765635,0.000441,0.000765185897997,-0.000765635327233
3.18887,0.000587088187545,0.00047,0.000765292280384,-0.000765308795329
3.19057,0.000586444483079,0.0006416,0.000765758564368,-0.000765522780078
3.19354,0.000587207479967,0.0006219,0.000765601016009,-0.000765828743668
3.19512,0.000589415088772,0.0005251,0.000766029712858,-0.000766260941317
3.19791,0.000590529365371,0.000443,0.000766363990855,-0.0007664540811
3.19966,0.000591336952752,0.00045,0.000766471948031,-0.000766815930029
3.20164,0.000593389385285,0.000331,0.000766703593615,-0.000766797519253
3.20443,0.000593663720663,0.000544,0.000766337928228,-0.000766996742101
3.20612,0.000591322785062,0.0004815,0.000766476600758,-0.000766861860602
3.20792,0.000589315911068,0.0005175,0.000766632903573,-0.000766459013191
3.21062,0.000588512547603,0.0004499,0.000766905369319,-0.000766802354482
3.21247,0.000586455512675,0.0008705,0.000766415180773,-0.000766516891299
3.21529,0.000585390604355,0.0006601,0.000766649646985,-0.000765459267199
3.21783,0.000586868601712,0.000753,0.000765968230011,-0.000765627402325
3.21958,0.000589332410571,0.0005312,0.000765555325688,-0.000765464117259
3.22116,0.000592936629396,0.000373,0.000765779069445,-0.000765476615245
3.22374,0.000597858386351,0.0004261,0.000765293213449,-0.000765966646248
3.2261,0.000601162334854,0.00037,0.000765071087974,-0.000765773290839
3.22773,0.000600157957332,0.0005092,0.000765047748919,-0.000766227330927
3.22943,0.000599892925501,0.000513,0.000765176564974,-0.000766557829381
3.23198,0.00059798715618,0.000658,0.000765205496697,-0.000766527870525
3.23426,0.000590347104018,0.000331,0.000765551595655,-0.000766636903446
3.23609,0.000582890066332,0.000558,0.00076639377481,-0.000766518845249
3.23888,0.000574136501646,0.0005241,0.000766412388751,-0.000765707390683
3.24079,0.000569706344747,0.000652,0.00076620107392,-0.000765905247702
3.24342,0.00056641782176,0.000302,0.000766199211661,-0.000766139522056
3.24495,0.00056622612448,0.0003714,0.000766069765211,-0.000766187665478
3.24766,0.000570860711317,0.000482,0.000765930963469,-0.00076642848917
3.24945,0.000574241584253,0.0004049,0.000765875057698,-0.000765871796307
3.25204,0.000580649609631,0.0004393,0.000765919782887,-0.000766102642655
3.25371,0.000586063689189,0.0005435,0.000765767884977,-0.000765852693386
3.25646,0.000591151441937,0.0007081,0.000766011082606,-0.000765370464273
3.2584,0.000591650657249,0.0004627,0.000765881580406,-0.000765213522577
3.26092,0.000590641089519,0.0003537,0.00076597195649,-0.000765431005199
3.26274,0.00058965592342,0.0004698,0.000765960776957,-0.000765015725708
3.26537,0.000586748989267,0.000402,0.000765676534438,-0.000765140537637
3.26727,0.000587950155568,0.000412,0.000765910465517,-0.000765559708436
3.26996,0.000590570790973,0.000533,0.000765916987697,-0.000765996829927
3.27194,0.000588039138227,0.000223,0.000765316539411,-0.000766166807084
3.27459,0.000582319863348,0.000256,0.000765365986337,-0.000766392471804
3.27636,0.000578992187711,0.000283,0.000765673737691,-0.000766509261505
3.27885,0.000575130755699,0.000629,0.000766127508653,-0.000766491954405
3.28049,0.000572255591815,0.0006115,0.000766099569231,-0.000766065480716
3.28302,0.000571125841622,0.0002552,0.000766153583836,-0.000765768537412
3.28471,0.000571552752515,0.000217,0.000765725940671,-0.000765417852952
3.28724,0.000571225730295,0.000302,0.000765265220652,-0.000765319991548
3.28909,0.000571426259562,0.000515,0.000765108427873,-0.000765581528272
3.29164,0.000573497011711,0.0002708,0.000765134563906,-0.000765381099187
3.29335,0.000576070804386,0.000378,0.000764846047613,-0.000765491817536
3.29598,0.000578389684683,0.0002498,0.000764426472645,-0.000765889314349
3.29747,0.000578037909832,0.000378,0.000764740490892,-0.0007656192908
3.3,0.000577195932331,0.000297,0.000764803080693,-0.000765642599375
3.30187,0.000575450597947,0.000388,0.000765385576968,-0.000765603999701
3.30354,0.00057409259623,0.0005132,0.000765756700222,-0.000765555232438
3.30594,0.000575143579461,0.000772,0.00076584710213,-0.000765754836068
3.30868,0.000579437100372,0.000319,0.00076562246084,-0.000766281050453
3.31051,0.0005798390713,0.0002942,0.000765615001887,-0.000766046479406
3.31314,0.000578121603244,0.0002758,0.000765504967558,-0.000766515495615
3.31455,0.000578816952785,0.0006336,0.000765118695787,-0.000765977732471
3.31733,0.000580898107528,0.000436,0.000764964651773,-0.000766464875792
3.32014,0.000586305621108,0.000637,0.000765492843439,-0.000766610484999
3.32174,0.000587878081811,0.000317,0.000765963571867,-0.000766180681752
3.32421,0.000592666012771,0.0003298,0.00076600456183,-0.000766107299317
3.32598,0.000595888870884,0.000303,0.000765938417032,-0.000765969720607
3.32843,0.000601617418288,0.0004142,0.000766175001572,-0.000765915776442
3.33111,0.000603928067169,0.0004298,0.000766532429614,-0.000765776180152
3.3329,0.000601252678515,0.000638,0.000766094912487,-0.000766107299317
3.33542,0.000593011837723,0.0002631,0.000766616159518,-0.000765996084676
3.33711,0.000593302995997,0.000504,0.000766567784198,-0.000766572528938
3.33972,0.000595215909152,0.000449,0.000766341651555,-0.000767000459815
3.34236,0.000600346118991,0.0003039,0.000766197349394,-0.000767285607067
3.34402,0.000603675319133,0.0006477,0.000766631043154,-0.000767044140587
3.34649,0.000606306450161,0.0004768,0.000766758463521,-0.000766957890091
3.34836,0.000612314487554,0.00055,0.000766342582382,-0.000767099432317
3.35103,0.000614771318823,0.0002579,0.000766214109511,-0.000767589317565
3.35266,0.000611235821918,0.000361,0.000765931895172,-0.000767638600673
3.35499,0.000607584170507,0.0006147,0.000766830992814,-0.000766417321312
3.35755,0.000605093003707,0.000291,0.000766207591764,-0.000766366597032
3.35911,0.000605642983449,0.00037,0.000765524551965,-0.000766626392072
3.36181,0.000607179716139,0.00078,0.000766153583836,-0.000766532150487
3.36439,0.000601618456969,0.0005973,0.000766787290708,-0.000766511122443
3.36623,0.000598303072617,0.0005331,0.000767090325925,-0.000766531499192
3.36871,0.00059308659577,0.000426,0.00076672963443,-0.000766772319407
3.37135,0.000592031333818,0.000648,0.000766544524925,-0.000766882128023
3.37323,0.000590383281096,0.0004791,0.000767163729182,-0.000766929631912
3.37558,0.000590513195538,0.000451,0.000767365292338,-0.000767157783049
3.37822,0.000588284464157,0.000345,0.000766777991824,-0.000767229967347
3.38001,0.000584548461538,0.0003915,0.00076621504061,-0.00076710816684
3.38277,0.000582160839597,0.0004655,0.000766656158139,-0.000767383586319
3.38467,0.000582828053637,0.0005591,0.000767135855982,-0.000766987633567
3.38712,0.000583118383622,0.0004865,0.000767301210923,-0.000767152951756
3.38982,0.000586615518857,0.0004932,0.000766813326532,-0.00076750623833
3.39159,0.000588094016781,0.00033,0.000767133068564,-0.000767824174459
3.39416,0.000590959783107,0.000388,0.000767489713423,-0.000767805527862
3.39693,0.000597272884391,0.000436,0.000767401508106,-0.00076739807238
3.39868,0.000598860853103,0.000459,0.000767022486623,-0.00076741237225
3.4016,0.000601785864474,0.000796,0.000766748234061,-0.000767268516488
3.40338,0.000596979656868,0.000367,0.0007667668329,-0.000766981592087
3.40614,0.000591459997089,0.0004933,0.000766900721159,-0.000767278733762
3.40803,0.000590209467725,0.0004534,0.000767120989547,-0.000767523598093
3.4106,0.000589281840092,0.0002184,0.000767102405791,-0.000767865824922
3.41288,0.000591637483654,0.0003056,0.00076736157773,-0.00076727288208
3.41446,0.000589758009591,0.0004888,0.000767315142466,-0.00076770086948
3.41724,0.000593771486469,0.000553,0.000767102405791,-0.000767676649734
3.41896,0.000595127231331,0.0006115,0.000767109839388,-0.000767536687082
3.42169,0.000596687947312,0.00066,0.00076764658197,-0.000768026267252
3.42422,0.000593575030961,0.00042,0.000768275345926,-0.000767688342193
3.42617,0.000592124791184,0.000322,0.000767927690316,-0.000767913129087
3.42853,0.000591251660004,0.000836,0.00076783679061,-0.00076822622742
3.43008,0.000591096625609,0.0004939,0.000768390243073,-0.000768836109106
3.43248,0.000589999470587,0.0005465,0.000768790293449,-0.000768494921357
3.43412,0.0005910733996,0.0004426,0.000768776408965,-0.000768584387463
3.43685,0.00059669154982,0.00049,0.000767938819591,-0.000768296659782
3.43932,0.000597087722163,0.0003551,0.000767846066958,-0.000768139190664
3.441,0.000598236966754,0.0003946,0.00076797591512,-0.000767865546647
3.44366,0.0005969572681,0.000382,0.00076820491012,-0.000767743181212
3.4454,0.000594491660787,0.000658,0.000768407845605,-0.000767760345986
3.44806,0.000595519304587,0.000283,0.000768036188625,-0.00076765539835
3.45057,0.000593888379945,0.0003737,0.00076779133365,-0.000767130652787
3.4522,0.000590243817596,0.0004537,0.000767739377036,-0.000767087816988
3.45468,0.000592346888841,0.000409,0.000767708756847,-0.000767181752904
3.45636,0.000589341125468,0.000273,0.000767618739601,-0.000767484792964
3.45902,0.000589069054612,0.0003398,0.000768189153185,-0.000767980180904
3.46152,0.000594271411582,0.0003482,0.000768185445588,-0.000768228637136
3.4631,0.000588622907569,0.000465,0.000768233641889,-0.000768574478561
3.46566,0.000585920246259,0.000468,0.000767901720905,-0.000768951691236
3.46727,0.000583166007021,0.0005731,0.00076820676384,-0.000769133469748
3.46966,0.000581097055202,0.0002704,0.000768080692942,-0.000769248972992
3.47124,0.000580605291245,0.0003107,0.000768040824703,-0.00076932765301
3.47359,0.000578938804808,0.000323,0.000768414330569,-0.000769548916326
3.4759,0.000575323689737,0.000309,0.00076901886099,-0.000769427392546
3.47761,0.000575142234266,0.000598,0.000768170614884,-0.000769427392546
3.48022,0.00058030616823,0.0005309,0.000768599574502,-0.000769002485848
3.48215,0.00058352924452,0.0005382,0.000768450459317,-0.000768968715955
3.48468,0.000589415444111,0.0004455,0.000768197495163,-0.000769189421903
3.48741,0.000591708999449,0.0004496,0.000768604204591,-0.000768981669101
3.48915,0.000591424639942,0.00066,0.00076907621539,-0.000768751415779
3.49198,0.000595690093402,0.0006188,0.000769279670061,-0.000769376277733
3.49475,0.000601754013,0.000458,0.000768930039273,-0.000769274677311
3.49731,0.000605504413719,0.0003203,0.00076923621273,-0.000768772984058
3.49885,0.000605702641093,0.0004929,0.00076919922435,-0.000768916899522
3.50135,0.000603237811259,0.000399,0.000768946694724,-0.000769247586025
3.50329,0.000601579495404,0.000539,0.000769002208298,-0.000769173053173
3.50608,0.000600988589492,0.000543,0.000768656058231,-0.000769538197722
3.50849,0.000601347338797,0.000695,0.000769316651607,-0.000769103872312
3.51105,0.000602458675724,0.000245,0.00076937766429,-0.00076949984883
3.51261,0.000600954168899,0.0003922,0.000768713460421,-0.000769193583346
3.51536,0.000597279306883,0.000357,0.00076818637249,-0.00076876650443
3.51785,0.000592606561787,0.0003613,0.000768025061836,-0.000768906165347
3.52015,0.000588571248822,0.000322,0.00076803433418,-0.000768526690411
3.5225,0.000586284847424,0.0003,0.000768156710642,-0.000768744843259
3.52414,0.000585043810276,0.00032,0.000767759789301,-0.000768704665415
3.52672,0.000583106447509,0.000596,0.000767993534391,-0.000768747620392
3.52936,0.000579319473041,0.0005588,0.000768404139868,-0.000768305370362
3.53098,0.000579247045418,0.000465,0.000767870184541,-0.000768062799044
3.53377,0.000576582518551,0.0005328,0.000767469288515,-0.000768133165113
3.53639,0.00057428829967,0.0002698,0.000767625236312,-0.000768380329755
3.53905,0.000575162939755,0.0005782,0.00076779133365,-0.00076833474412
3.54069,0.000569415012026,0.000837,0.000768782888446,-0.000768196939036
3.54332,0.000563631764562,0.0007688,0.000768854156375,-0.000768142157059
3.54605,0.000562008642612,0.00067,0.000768219739657,-0.000769251377057
3.54759,0.000562685950217,0.0007146,0.00076872919841,-0.000769178139568
3.55014,0.000566662928476,0.0002937,0.000769337914573,-0.000769301027287
3.5528,0.000571179692405,0.0004485,0.0007687310499,-0.000769497446137
3.55442,0.000575381763442,0.000355,0.000768482880003,-0.000769194138202
3.55688,0.000578880602461,0.0004207,0.000767976842468,-0.000768771410443
3.55924,0.000578988759677,0.000265,0.000768393948928,-0.000768654113831
3.56202,0.000578548799673,0.0003456,0.00076866346539,-0.000768610686634
3.56344,0.000576250147261,0.000518,0.000768018571078,-0.000768867390564
3.56614,0.000578940155593,0.0007432,0.000767731954157,-0.000768539008401
3.5689,0.0005833224482,0.0004587,0.000767985188509,-0.000768515298276
3.57079,0.000586031165939,0.0002634,0.000768112214085,-0.00076830842829
3.57345,0.000587755174679,0.0003981,0.000767935109864,-0.000768390521013
3.57604,0.000586976041173,0.000349,0.000768068640138,-0.000768449996147
3.57866,0.00058183949303,0.0004244,0.000768261445024,-0.000768664946807
3.58053,0.000580131435251,0.000571,0.000767956440361,-0.00076895668769
3.58335,0.000584566197939,0.000595,0.000768406919174,-0.000768994344305
3.58605,0.000584768296065,0.000503,0.000768593092294,-0.000768908108623
3.58854,0.000586262635209,0.0005893,0.00076870235091,-0.000768998322578
3.5911,0.000586585421738,0.000362,0.000769034587948,-0.000769058917359
3.59299,0.000586642095902,0.000557,0.000769758338136,-0.000769471292883
3.5956,0.000588873672526,0.00082,0.000769294463056,-0.000769080747916
3.59811,0.000593046851558,0.000255,0.000769049389272,-0.000769151689669
3.59962,0.000594689871227,0.000924,0.000768420815437,-0.000769147527825
3.60159,0.000594661237165,0.000711,0.000768658835931,-0.000769230664673
3.60415,0.000589769794743,0.0004556,0.000768560679808,-0.000768753359745
3.60648,0.000586669447496,0.0004139,0.000768585683938,-0.000768505480425
3.60878,0.000583316772236,0.000274,0.000768221593313,-0.000768520299738
3.61035,0.000580598804923,0.000319,0.000768317045973,-0.000768063540774
3.61279,0.000578851532206,0.000735,0.000768531043425,-0.000767879089157
3.61559,0.000580924206904,0.0005025,0.000767769067287,-0.000768049447678
3.61843,0.000582391919037,0.000398,0.000767481357894,-0.000768267654148
3.62118,0.000576971629494,0.000392,0.000767884097924,-0.000767804785693
3.62298,0.000568559648612,0.0003623,0.000768584757885,-0.000767905709165
3.62574,0.000561821827751,0.000394,0.000769126163068,-0.000768480101181
3.62848,0.000560555700226,0.000413,0.000770027934591,-0.000768741325531
3.63005,0.000560562687595,0.0002944,0.000770163592891,-0.000768877107719
3.63265,0.000562878281843,0.000395,0.000769825752913,-0.000769252486621
3.6353,0.000566861845964,0.000448,0.000769431274438,-0.000769260530877
3.63713,0.000569134476362,0.000372,0.000769861764746,-0.000768855081856
3.6396,0.000572292419994,0.0003688,0.00076935270559,-0.000768801400717
3.6423,0.000576344388863,0.0002823,0.000768278126053,-0.000769050036819
3.6451,0.000579413776633,0.000426,0.000768407845605,-0.000768732531087
3.64696,0.000577925111734,0.00036,0.000768843975956,-0.000768577349387
3.64966,0.000578976508463,0.000504,0.000768868963832,-0.000768425910622
3.65223,0.000584943494164,0.000455,0.000768270712341,-0.000768618650154
3.65479,0.00058984944524,0.0004643,0.000768251250747,-0.000768707627963
3.65754,0.000592106229009,0.0002407,0.000768596796424,-0.000768941975744
3.65919,0.00059227145617,0.0004461,0.000768222520139,-0.000768987867969
3.66203,0.000591790952553,0.0004405,0.000768538452709,-0.000769124313256
3.66446,0.000587849520296,0.0003975,0.000768091818311,-0.000769008406875
3.66717,0.000593171865597,0.0004305,0.000768096453798,-0.000768950303322
3.66899,0.000593756922361,0.000625,0.000768074203012,-0.000768681334643
3.6713,0.000593243606141,0.001068,0.000768025989079,-0.00076865198424
3.67414,0.000597954984259,0.0004434,0.000767744944112,-0.000769027834677
3.67668,0.000595535219718,0.0005267,0.000768604204591,-0.00076827200975
3.67935,0.000592127196964,0.0004558,0.000768818986646,-0.000768147533598
3.68115,0.000589674988922,0.0004655,0.000768520855452,-0.000768427207569
3.68377,0.000588995543972,0.0004578,0.000768096453798,-0.000768527616588
3.68646,0.000585858901021,0.000553,0.000768301293091,-0.000768415812833
3.68928,0.000586129337716,0.0004087,0.000768773632015,-0.000768087368198
3.69086,0.000584471292735,0.000441,0.000768501405026,-0.000767782705569
3.69354,0.000579493395201,0.0005282,0.000768218812825,-0.000767747263706
3.69603,0.000575804885185,0.000599,0.000768024134591,-0.00076748535
3.69839,0.000573609022906,0.000313,0.000768340210942,-0.000767148120409
3.69987,0.0005726295458,0.000339,0.000768483806273,-0.00076718695549
3.70152,0.000572582389177,0.0004634,0.000768941142978,-0.000767705973087
3.70416,0.00057226584303,0.000281,0.000768671798294,-0.000767945682502
3.70675,0.000572418355992,0.000293,0.000768555123139,-0.000767876584752
3.70935,0.000572991717068,0.0002429,0.000769137261774,-0.000767738727539
3.71188,0.000571089339076,0.000343,0.000768782888446,-0.000767990103326
3.71335,0.000570452584838,0.000318,0.000768430079366,-0.000768154485922
3.71588,0.00057006921771,0.000658,0.000768126119747,-0.000768205188179
3.71843,0.000573511515067,0.0010419,0.000768130754869,-0.000767706251463
3.72092,0.000574387852243,0.000551,0.000767892445741,-0.000767567504996
3.72365,0.000576339296585,0.0004398,0.000767021557244,-0.000768032943341
3.72626,0.000578586188159,0.0002968,0.000767612242792,-0.000767820370989
3.72879,0.000582267640185,0.000362,0.000767881315283,-0.000767604075238
3.73145,0.000588416578565,0.000735,0.000767579757297,-0.000767690754884
3.73437,0.000592984256502,0.0004323,0.000767312356193,-0.000767501782237
3.73724,0.00059792173692,0.000337,0.000768045460732,-0.000766950825718
3.73977,0.000596685476837,0.0002985,0.000768241983016,-0.00076692163749
3.74235,0.000593867020186,0.000449,0.000767742160583,-0.000767362970712
3.74492,0.000591526703678,0.000549,0.000768272565781,-0.000767503174771
3.74771,0.000590202916855,0.0005355,0.000768102943397,-0.000768162921258
3.75028,0.000586888595193,0.0004076,0.000768545861868,-0.000768487048202
3.75248,0.000585264734942,0.00055,0.000767542628054,-0.000768545676641
3.75514,0.000586552138533,0.0003771,0.00076797591512,-0.000768540490241
3.75781,0.000587410492047,0.0003936,0.000767828441727,-0.000768072626872
3.7603,0.000586520135166,0.0004805,0.000767097759728,-0.000767368728322
3.76323,0.000585598335147,0.000501,0.000766844939374,-0.000767039772707
3.7658,0.000587470850431,0.0005154,0.000767177665115,-0.000766848565407
3.76805,0.000585316939599,0.000517,0.000767268702259,-0.000766761625305
3.76982,0.000584390133085,0.00047,0.000767020627864,-0.000767103149156
3.77272,0.00058197970374,0.000312,0.000767008545735,-0.00076741200083
3.77531,0.000575017693451,0.0004117,0.00076732257244,-0.000767227087636
3.77794,0.000566406073055,0.0004374,0.000767376435971,-0.000767667091379
3.78054,0.000561025421035,0.000386,0.000767605745886,-0.000768006331099
3.78307,0.000560258695244,0.0007238,0.000767574188112,-0.000768158842654
3.78602,0.000563657433135,0.000352,0.000767459075703,-0.000767546433947
3.78844,0.000567935749797,0.0004515,0.000767165587332,-0.000767604817749
3.79104,0.000569365531954,0.0005374,0.00076687190146,-0.000767989454202
3.7939,0.000571934692061,0.0006127,0.000766750093981,-0.000767737799685
3.79656,0.000570727120262,0.0002818,0.00076677520212,-0.000767593401499
3.7989,0.000568002317467,0.000213,0.000766811466882,-0.000767462510948
3.80155,0.000566947740671,0.000491,0.000766369575501,-0.000767810073623
3.804,0.000567321054803,0.0003695,0.000766999251562,-0.000767182589038
3.80648,0.000569568154305,0.0002181,0.000766928609378,-0.000766962909445
3.80914,0.000575065854749,0.0003393,0.000766657088296,-0.000767060217728
3.81184,0.000584377759692,0.0002864,0.000767277990696,-0.000766935302286
3.81444,0.000585863351699,0.0002432,0.000767088467455,-0.000766513355558
3.81704,0.000582745272549,0.0003183,0.00076673056443,-0.000766296783344
3.81964,0.000576031153854,0.0002378,0.000766954636776,-0.00076641015512
3.82208,0.000569291317563,0.0003377,0.000767581613676,-0.000766607601198
3.82475,0.000564796865557,0.000199,0.000767832152361,-0.000766827924512
3.82691,0.000563173607626,0.0003578,0.00076798889781,-0.000767142359888
3.82951,0.000568520832138,0.0004419,0.000767283563663,-0.000767360927671
3.83207,0.000576711792072,0.0003869,0.000767707828929,-0.000766934186808
3.83475,0.000577756243463,0.000413,0.000766748234061,-0.00076692015014
3.83731,0.000579649530394,0.000407,0.000767156296503,-0.000766878037426
3.83978,0.000576500661267,0.0006906,0.000766840290571,-0.000766367620883
3.84237,0.000579860781899,0.000619,0.000766894213651,-0.000766977037686
3.84477,0.0005845651188,0.0005416,0.000767394079475,-0.000767378293216
3.84733,0.000586158282741,0.000447,0.000767067094475,-0.000767348297749
3.84992,0.000587723786827,0.000528,0.000767094972067,-0.000767562585415
3.85252,0.000593544884552,0.000539,0.000766698013238,-0.000767376250246
3.85504,0.000595367810593,0.0004633,0.000767237120095,-0.000767447562791
3.85734,0.000594626907029,0.000737,0.000766840290571,-0.000767418779182
3.86005,0.00059944128618,0.0003383,0.000767283563663,-0.00076770838568
3.86273,0.000601367161714,0.0003648,0.000768009298398,-0.000767386279277
3.86517,0.000604067548153,0.0004742,0.000767112626955,-0.000767246037644
3.86769,0.000602395909336,0.000174,0.000766676621133,-0.000767205628544
3.87027,0.000600189597574,0.000336,0.000767142359888,-0.0007669518482
3.87262,0.000596426560904,0.000429,0.000767389436517,-0.000767278455113
3.87538,0.000595963510113,0.0002769,0.000767195316658,-0.000767200333282
3.87789,0.000597088323284,0.000304,0.000766449614253,-0.000767622266399
3.88054,0.000595129458821,0.000775,0.000766809607224,-0.000767245108741
3.88274,0.00059429440917,0.000633,0.000766404012576,-0.000766926564303
3.88531,0.000591285960807,0.0004585,0.000766516612163,-0.000766930189657
3.88785,0.000592888926561,0.0004698,0.000766484975542,-0.00076617509469
3.89054,0.000596938351435,0.0003,0.000766762183265,-0.000766023378661
3.89318,0.000597072205825,0.000228,0.00076705873085,-0.000766116239968
3.89581,0.000586096076349,0.0005056,0.000767434006876,-0.000766279747111
3.89834,0.000581081549607,0.000533,0.000768065858674,-0.000766517914798
3.90096,0.000576165378546,0.000295,0.000767769995075,-0.000766861674658
3.9034,0.000572428571137,0.0002853,0.000767165587332,-0.000767121361214
3.90606,0.000570646288594,0.000321,0.000767905430916,-0.000767240371306
3.90892,0.000570629169232,0.0003544,0.000768239202658,-0.000767216125981
3.91171,0.000569563773661,0.0002863,0.000768075130151,-0.000767280684306
3.91513,0.00057409908657,0.0003458,0.000767639157512,-0.000767227645
3.91788,0.000575383837628,0.0003373,0.000767558408369,-0.000767363992229
3.92025,0.000574866766317,0.000206,0.000767756078051,-0.000767154902861
3.92288,0.000572584686176,0.000136,0.000767826586398,-0.000767204792455
3.9252,0.00057053643039,0.0001921,0.000767512922385,-0.000767161034851
3.92732,0.000568159398009,0.0001959,0.000767817309635,-0.000767087166521
3.92974,0.000570106153573,0.0002791,0.000767506424,-0.000766893562895
3.93335,0.000568931699864,0.0004826,0.000766938834612,-0.000766566295642
3.93585,0.000563535838505,0.0003903,0.000767133068564,-0.000766805236996
3.93852,0.000559394112767,0.000486,0.000767023416,-0.000766977595371
3.94094,0.000557808261657,0.0006433,0.000767529632073,-0.000767123498293
3.94344,0.000558715838712,0.0005713,0.000768297586447,-0.000767694745074
3.9459,0.000561866356848,0.0007042,0.000768196568284,-0.000767899494884
3.94888,0.00056496778482,0.0003439,0.000768494921357,-0.000767973318536
3.95133,0.000566530555602,0.000567,0.000768342990655,-0.000767332695577
3.95476,0.000571195730599,0.00042,0.000767788550416,-0.000767675164954
3.95749,0.000576355861942,0.0004483,0.000768080692942,-0.000767383864902
3.96026,0.00057654025418,0.0003302,0.000768098307979,-0.000766643693846
3.96244,0.00057584291372,0.0003391,0.000767855343109,-0.000766888449778
3.96512,0.000576344030534,0.000487,0.000767201819678,-0.000767194016042
3.96789,0.000576852531175,0.000664,0.000767241764675,-0.000766902115612
3.97067,0.000575990517252,0.0006624,0.000767509209034,-0.000766280398783
3.97323,0.000575894464183,0.0004429,0.000767139572511,-0.000766155166922
3.97668,0.000579696849173,0.000349,0.000767894300789,-0.000766325734107
3.97905,0.000583403120276,0.0003315,0.000768288319701,-0.000766245951961
3.9818,0.000586801930361,0.000322,0.000767909140895,-0.000766420764765
3.98419,0.000590113282806,0.000294,0.000767224115011,-0.000766511959862
3.98725,0.000585075527305,0.000339,0.000767160012858,-0.000766367434728
3.9901,0.000573467083738,0.000314,0.000767504567301,-0.000766421323161
3.99283,0.000561862636786,0.0002789,0.00076729749577,-0.000766646949479
3.99521,0.000555121906703,0.0001966,0.000767563977755,-0.000766884266273
3.9977,0.000554663114805,0.0002943,0.000767488785039,-0.000766704616676
3.9999,0.000557434167275,0.0002156,0.000767655862365,-0.000766180495517
4.00244,0.000561463260154,0.00046,0.000767019698481,-0.00076602719782
4.00424,0.000564231349031,0.000445,0.000765744583081,-0.000765766207282
4.00797,0.000561484441348,0.0002608,0.000765807961331,-0.00076553742124
4.01055,0.000559104963349,0.000297,0.000766249489868,-0.000765855395801
4.01331,0.000557137957307,0.000234,0.000766687782362,-0.000766056725313
4.01571,0.000556209336499,0.000262,0.000767203677666,-0.000766356730708
4.01844,0.000557079270117,0.000348,0.000767338360716,-0.0007664236498
4.02111,0.000561044332065,0.0006255,0.000767346718983,-0.000766544897084
4.02385,0.000564924924956,0.000398,0.000767657718421,-0.000766492977962
4.02632,0.000567677027477,0.0003298,0.000767538914956,-0.000766370506268
4.02899,0.000570187523453,0.0004451,0.000767514779048,-0.000766783943133
4.0315,0.000574059366339,0.0004289,0.000767952730784,-0.0007669243333
4.03413,0.000576744385787,0.0001964,0.000767821948042,-0.000766759765435
4.03681,0.000578463796825,0.000266,0.000767363435038,-0.000766472971636
4.03948,0.000580149498584,0.0003407,0.000767023416,-0.000766758649509
4.04221,0.000580784805285,0.000463,0.000767657718421,-0.00076642383593
4.0448,0.000580825285747,0.000736,0.00076726591569,-0.000766358778454
4.04718,0.000580267275047,0.0003472,0.000767131210275,-0.00076656927275
4.0496,0.000578581201238,0.0003147,0.000766782641291,-0.000766733075421
4.05219,0.000578061937022,0.000355,0.000767414507904,-0.000766701919509
4.05501,0.00057873797267,0.0003392,0.000767910995872,-0.000766552898406
4.05781,0.000578223762768,0.0003768,0.000767008545735,-0.000766613926929
4.06014,0.000577092325021,0.000481,0.000767514779048,-0.000766553456633
4.06375,0.000577928577523,0.0004657,0.000767377364595,-0.000766985495822
4.06622,0.000577349178811,0.000402,0.000767371792825,-0.000767187141295
4.06885,0.0005793825781,0.0005348,0.000767731026288,-0.000767472537996
4.07068,0.000582070656428,0.000651,0.000766958354849,-0.000767283749427
4.07311,0.000586079892636,0.0007672,0.000767381079068,-0.000766575506003
4.07675,0.000590308300052,0.000662,0.000766268109958,-0.000767161313575
4.07922,0.000587033316671,0.0004364,0.000766502655112,-0.000766449614253
4.08158,0.000581588164334,0.0004224,0.000767039215102,-0.000766782641291
4.08411,0.000577168417059,0.0003954,0.000767180452248,-0.000766875806176
4.08681,0.00057587856497,0.000389,0.000766702663557,-0.000766825135126
4.08929,0.000577656154742,0.0004472,0.000766472878581,-0.000766743026244
4.09188,0.000576724487891,0.00033,0.000766732424425,-0.000766575133871
4.09423,0.000572856748508,0.0004172,0.000766909087812,-0.000766812675656
4.09686,0.000571806333497,0.000346,0.000767093113616,-0.000767131117361
4.09939,0.000570218651514,0.0004475,0.000767616883379,-0.000767106122605
4.10186,0.000566424412303,0.0003374,0.000767131210275,-0.000767262850443
4.1045,0.000564909228745,0.000315,0.000767294709384,-0.000767402158105
4.10729,0.000565987115134,0.0002983,0.000767262200236,-0.000767630062379
4.11007,0.000568986061811,0.0004504,0.000767460932595,-0.000767467431658
4.11269,0.000573256920338,0.000733,0.000767725459034,-0.000767257927425
4.11557,0.000577672483371,0.0003596,0.000766637554585,-0.000767040423245
4.1182,0.000582075040593,0.000421,0.000766418903443,-0.000766711685034
4.12136,0.000584177544161,0.0003518,0.000765875989519,-0.000766063617879
4.12386,0.000584406125447,0.000295,0.000765555325688,-0.00076609109392
4.12646,0.000584147434341,0.0005443,0.000765590759414,-0.000765711585473
4.12935,0.000582753345662,0.0004554,0.000765889966603,-0.000766079638018
4.13225,0.000581738257141,0.000781,0.000765924441498,-0.000766693548885
4.13492,0.00058142826366,0.0010121,0.000766351890543,-0.000766773621279
4.13855,0.000579940202836,0.0006179,0.000766958354849,-0.000766649646985
4.14121,0.00058087091442,0.0004,0.000766761253332,-0.000766489721181
4.1436,0.000582046378386,0.000475,0.00076727984836,-0.000766780967488
4.14637,0.00058605825651,0.000484,0.000767226901847,-0.000767263686421
4.14898,0.000589770173685,0.0003977,0.000766897002595,-0.000766879338984
4.15137,0.000594593817706,0.000738,0.000766596623976,-0.000766827738553
4.15385,0.000593125086783,0.00032,0.000766567784198,-0.0007668720874
4.1566,0.000596303096589,0.000356,0.000766390051927,-0.000766845869129
4.15995,0.000593467425696,0.000665,0.00076658080885,-0.000767150164447
4.16144,0.000587999109655,0.0004481,0.000766739864325,-0.000767359534683
4.16493,0.000584583740571,0.0003241,0.000767081962746,-0.000766662576181
4.16759,0.000583798045961,0.000669,0.000766544524925,-0.0007668784093
4.17038,0.000583459586697,0.000296,0.000766740794304,-0.000767039586838
4.17265,0.000582209842459,0.0006598,0.000766898861881,-0.000767056965175
4.17526,0.000580745433342,0.000347,0.000767100547372,-0.000767242600694
4.17877,0.000580060841061,0.0004104,0.000767315142466,-0.000767234333324
4.18168,0.000583035520825,0.0002514,0.00076732628738,-0.000766765902977
4.18414,0.000579637361912,0.000589,0.000767089396691,-0.000766971925546
4.18696,0.000579558201504,0.000614,0.000767356934426,-0.000766974249254
4.18975,0.000581994757841,0.000443,0.000767614099033,-0.00076722718053
4.1925,0.000581154910623,0.0006953,0.000766886776381,-0.000767398350953
4.19522,0.000582947411835,0.000387,0.000766697083168,-0.000767227737895
4.19776,0.000582156332292,0.0004091,0.00076640494327,-0.000767262014462
4.19958,0.000580373050116,0.0001729,0.000766618950239,-0.000767286628765
4.20181,0.000579253157292,0.0003402,0.000766705453724,-0.000767732603664
4.20445,0.000578495119844,0.000333,0.000766855166568,-0.00076793946879
4.20822,0.000579040157766,0.0002863,0.000766680341574,-0.000767615955266
4.21074,0.000581358971519,0.0003403,0.000766859815214,-0.000767485721357
4.21343,0.000580973791584,0.0002939,0.000766995533837,-0.000767245108741
4.21575,0.000581942717334,0.0006214,0.000766862604377,-0.000767481079374
4.21828,0.000583632258702,0.000426,0.000767092184388,-0.000767593587132
4.22054,0.000581835461926,0.000398,0.000767179523206,-0.000767239535283
4.22327,0.000576889092719,0.000434,0.000767333717165,-0.000767171254641
4.2268,0.000576051101845,0.000428,0.000768217885992,-0.000767139015034
4.22959,0.000571280571925,0.000647,0.000768525486378,-0.000767179151588
4.23221,0.000568507379084,0.000442,0.00076798889781,-0.000767524062248
4.23476,0.000568851436244,0.000497,0.000767497140425,-0.000767879460179
4.23839,0.000572265667394,0.00043,0.000767654934335,-0.000767321736574
4.24084,0.000575729249425,0.000514,0.000767079174983,-0.000767434563977
4.24342,0.000579883272829,0.0002431,0.000766551968028,-0.000767486556909
4.24597,0.000581661536771,0.000616,0.000767345790295,-0.000767194852153
4.24954,0.000587545620392,0.000262,0.000767670710587,-0.000767057522757
4.2522,0.000591927355262,0.000235,0.000767737521328,-0.000767118945372
4.25482,0.000594436712016,0.000374,0.000768114068198,-0.000767378200354
4.2575,0.000593841945091,0.0004262,0.000768368933793,-0.000767946795396
4.26019,0.000591190346183,0.000308,0.000768398581203,-0.000768237719793
4.26353,0.000592934632347,0.000317,0.000768233641889,-0.000768590314175
4.26577,0.000591229240475,0.000438,0.000768064004355,-0.000768761320658
4.26852,0.000590844085591,0.0006267,0.000768524560197,-0.000768231232201
4.27116,0.000594466145463,0.000361,0.000768427300208,-0.000768043977208
4.27338,0.000592662473311,0.000462,0.000767707828929,-0.000767946795396
4.27587,0.000593741099345,0.000364,0.000767624308217,-0.000767928154042
4.27918,0.000594141598711,0.000302,0.000767705045163,-0.000767928617767
4.28146,0.00058897325516,0.0003766,0.000767562121301,-0.000767933718709
4.284,0.000589694446201,0.0003621,0.000767442363312,-0.000768045738892
4.28639,0.000588748476165,0.0003391,0.000767958295137,-0.000768025618182
4.2892,0.000590737555041,0.000591,0.000768163199343,-0.000767767675602
4.29298,0.000589160016671,0.000343,0.000768431932128,-0.000767955698448
4.29588,0.000580441593694,0.00042,0.000768613464622,-0.000768118239926
4.29837,0.000575767869451,0.0004682,0.000768989255764,-0.000768462131042
4.30087,0.000571477129508,0.000369,0.000769957781732,-0.000768675501755
4.30437,0.00057175349463,0.0003516,0.000769416486091,-0.000768526690411
4.30693,0.000574234837616,0.000505,0.000768516224477,-0.000768575497243
4.30969,0.000578142769786,0.000405,0.000767845139332,-0.000767991957959
4.31231,0.000581033542083,0.00039,0.000767954585576,-0.0007679270411
4.31474,0.000583906147818,0.000427,0.000767828441727,-0.000767813784414
4.31754,0.000590835926255,0.0002548,0.000767351362396,-0.000767473837782
4.31983,0.000595708346428,0.000404,0.000767609458416,-0.000767484792964
4.32345,0.000592803027588,0.0004356,0.000767411722266,-0.000767164844073
4.32592,0.000588903463353,0.000506,0.000768116849355,-0.000766890866895
4.32869,0.000582742647925,0.000435,0.000768348550029,-0.000766976758844
4.33123,0.000581816072125,0.0002149,0.000768326312108,-0.000767142917361
4.33369,0.000579629747081,0.0003641,0.000768474543485,-0.000767852374762
4.3362,0.000578476209869,0.0002787,0.000768731975643,-0.000768141878961
4.33923,0.000571447719995,0.000172,0.000768868963832,-0.00076824958257
4.34171,0.000570148266037,0.000273,0.000769054014583,-0.000768450181415
4.34462,0.000568601700664,0.00032,0.000768996657259,-0.000768285817646
4.34743,0.000569354776244,0.0003147,0.000768896726458,-0.000768172376057
4.35116,0.000568756028634,0.0003491,0.000768867112928,-0.000768193973014
4.35368,0.000567407007352,0.000261,0.000769137261774,-0.00076766486416
4.3562,0.000567851208858,0.000326,0.000768893024876,-0.000767929545215
4.3587,0.000573401223118,0.000477,0.000768527338735,-0.000767697714494
4.3612,0.000578744465217,0.0002114,0.000768481027457,-0.000767473652098
4.36439,0.000584981427715,0.0003867,0.000768296659782,-0.000767475880294
4.36705,0.000585286560847,0.0003527,0.000767983333847,-0.000767634609969
4.36964,0.000580639035501,0.0002875,0.000768611612632,-0.000767852282001
4.37302,0.000575342290218,0.0004195,0.000768961499036,-0.000767565555735
4.37553,0.000569732117086,0.000348,0.000769477484784,-0.00076803433418
4.37797,0.000566492808136,0.000405,0.000770035318444,-0.000768554567469
4.38067,0.000567863871893,0.00028,0.000769743560898,-0.000768499737806
4.38435,0.000567505189159,0.0003427,0.000769171481003,-0.000768258108741
4.38672,0.000567284355175,0.0004858,0.000768972601939,-0.000767574652213
4.38934,0.000563763777071,0.00025,0.000769455304431,-0.000768046573372
4.39209,0.000563565121705,0.000253,0.000769072515334,-0.000768075130151
4.39553,0.000565935220637,0.000292,0.000769214020079,-0.000767783076673
4.398,0.000566979915808,0.000604,0.000769577282392,-0.00076747829416
4.4008,0.00056795965972,0.0004218,0.000769581902097,-0.000767288486392
4.40335,0.000569359049935,0.0002922,0.000769394302629,-0.000767316814221
4.4069,0.000569006648175,0.000194,0.000769096565136,-0.000767562121301
4.40941,0.000568129046997,0.0003369,0.000768833795299,-0.000767636187694
4.41217,0.00056640142436,0.000271,0.000768822688857,-0.000767732139731
4.41559,0.000561885965144,0.000494,0.000768373566334,-0.00076787120487
4.41808,0.0005573009759,0.0002634,0.000768061222862,-0.00076778567439
4.42081,0.000552791995356,0.00028,0.000768454164661,-0.00076790005139
4.42423,0.00055455275649,0.000171,0.000768181737959,-0.000767598042287
4.42656,0.000555583145334,0.0002061,0.000767860908705,-0.000767257370099
4.42914,0.000558227899957,0.0003536,0.000767464646357,-0.000767800703737
4.43183,0.000561504612212,0.0004365,0.000767651222193,-0.000767904688916
4.43549,0.000563332211402,0.0004205,0.000767697621699,-0.000767826493632
4.4379,0.000563317045641,0.0005985,0.000767309569902,-0.000767948928435
4.44012,0.000566156660365,0.000396,0.000767518492352,-0.000767740119317
4.44395,0.000571704775049,0.0002895,0.000767998170923,-0.000767414229341
4.44672,0.000576251727957,0.000256,0.000767374578719,-0.000767430385705
4.44907,0.00057900515572,0.0004384,0.000767563977755,-0.000767109560631
4.45274,0.000579923237619,0.000582,0.000767223186061,-0.000767530003392
4.45534,0.000578063611599,0.000596,0.000767002039834,-0.000767429735747
4.45866,0.000573357591535,0.0010962,0.000767824731062,-0.000767435213927
4.46125,0.000571744459927,0.0004257,0.000767656790394,-0.000767081219344
4.46434,0.000571738092631,0.000414,0.000767160941942,-0.000767243065148
4.46706,0.00057307851866,0.0003184,0.000767456290348,-0.000767319414717
4.46944,0.00057456092407,0.0002707,0.000767186026461,-0.00076720126228
4.47264,0.000576226326703,0.0003591,0.000766788220586,-0.000767258577638
4.47502,0.000578110608318,0.000371,0.000766892354345,-0.000767031501494
4.47754,0.000579101363238,0.000246,0.000767146076362,-0.000766986518223
4.48075,0.000574002396071,0.0002413,0.000767121918714,-0.00076755135371
4.48326,0.000566476673877,0.000409,0.000768029698032,-0.000767481265054
4.48603,0.000559843198137,0.000512,0.000768032479727,-0.000767272603427
4.4894,0.000557549910902,0.000331,0.000767300282137,-0.000767510601544
4.49177,0.000558697553378,0.000317,0.000766666389756,-0.000767991123375
4.4955,0.000557353332785,0.0004107,0.000767580685488,-0.000767546341121
4.49789,0.000558624728214,0.000285,0.0007679796245,-0.000767087166521
4.49944,0.000558743864129,0.000337,0.000767371792825,-0.000767193365733
4.50265,0.000559733011696,0.0003824,0.000767733809889,-0.000766660436844
4.50504,0.000560671948041,0.000473,0.000767602961469,-0.000766783943133
4.5079,0.000566162171797,0.000206,0.000767606674022,-0.000767023416
4.51128,0.000570098776587,0.0002987,0.000767437720867,-0.000767293316184
4.51397,0.000569317497815,0.0002369,0.00076738757932,-0.000767076201351
4.51649,0.00057033605731,0.000403,0.000767546341121,-0.000766845776154
4.51926,0.000572561261158,0.000291,0.000767916560758,-0.000766796961339
4.52264,0.000571131330278,0.0004646,0.000768201202657,-0.000766939113479
4.52492,0.000569429722009,0.000731,0.000768207690697,-0.000766926471345
4.52746,0.000569764203529,0.0004465,0.000768040824703,-0.000767060217728
4.53112,0.000571412932706,0.0003659,0.000767757005866,-0.00076728384231
4.53381,0.000573014298872,0.000369,0.00076709683051,-0.000767417943501
4.53633,0.000572945842255,0.0003289,0.000766776132023,-0.000767325637268
4.53985,0.000572261557744,0.0002988,0.000766874690546,-0.000767197453375
4.54219,0.000571940459492,0.00031,0.000767226901847,-0.000767272046119
4.54474,0.00057060243071,0.0003625,0.000767578829104,-0.000767419986275
4.54843,0.000570812167314,0.000149,0.000768191933862,-0.000767350155114
4.55089,0.000570217071236,0.000499,0.000767391293706,-0.000767331116754
4.55345,0.000569980780081,0.0003798,0.000766968579386,-0.000767544298938
4.55691,0.000569900646254,0.0002539,0.000767092184388,-0.00076754708373
4.55962,0.000569530693417,0.0004344,0.000766977874212,-0.000767619482087
4.56322,0.000570975951186,0.0004297,0.000767064306618,-0.000767712097335
4.56692,0.000574409855156,0.0003688,0.000767735665612,-0.000766981313248
4.56944,0.000575741410289,0.000207,0.000767938819591,-0.000766718939283
4.57296,0.000578033062429,0.000377,0.000767032709659,-0.000766651693358
4.57549,0.000582519825041,0.000413,0.000767006686916,-0.000766514099927
4.57898,0.000585967535028,0.0003856,0.000766216902801,-0.000766369668578
4.58151,0.000586518579133,0.000162,0.000765253089883,-0.00076654545532
4.58373,0.000586771717006,0.0004349,0.000765245624628,-0.000766532615698
4.58702,0.000583463628913,0.0006713,0.000766305347757,-0.000766580715818
4.58981,0.000580294450614,0.0005611,0.000766501724626,-0.000766710847998
4.59346,0.000577374473078,0.000487,0.000766590111935,-0.000766668622077
4.59567,0.000575544570297,0.000678,0.000766647786638,-0.00076651279728
4.59884,0.000577186592746,0.0004625,0.00076718695549,-0.000766938741657
4.60131,0.000579845862471,0.000475,0.0007669657909,-0.000766632903573
4.60381,0.000583402013043,0.000444,0.000765958913674,-0.00076694087963
4.6073,0.000589874916194,0.0004463,0.000766313725824,-0.000766598112429
4.60993,0.000591904776201,0.000436,0.000766736144391,-0.00076647808962
4.61245,0.000593151938103,0.00042,0.000767028992219,-0.00076628859114
4.6161,0.000591382996341,0.000499,0.000766638484782,-0.000766403919506
4.6189,0.000590363659876,0.0003659,0.000766748234061,-0.000767245108741
4.62157,0.000584488462686,0.000609,0.000767048508424,-0.000767212781692
4.62502,0.000582056855691,0.0004573,0.000767244551398,-0.000767204049262
4.6278,0.000582266957345,0.000513,0.000767037356414,-0.000767130188213
4.63026,0.000585109649803,0.0005646,0.000766977874212,-0.000766972204392
4.63362,0.000591857732292,0.000439,0.000766750093981,-0.000766538849475
4.63637,0.000593925519884,0.0003148,0.000766521264414,-0.00076642765159
4.63882,0.00059111102338,0.0003508,0.00076636212929,-0.000766411458073
4.64206,0.000588459822266,0.0005787,0.000765669076408,-0.000766784315087
4.6448,0.000585120516882,0.0005121,0.000765901147948,-0.000767477458593
4.64813,0.000583541061085,0.0003859,0.0007669276798,-0.000767259785174
4.65053,0.000582159854202,0.000226,0.000767212038513,-0.000767138178816
4.65407,0.000584945877109,0.0001818,0.000766931398102,-0.000766854980622
4.65661,0.000585875081667,0.0003699,0.000766443100019,-0.000766503957789
4.66013,0.000584657686268,0.0004076,0.000766591972528,-0.000766392564876
4.66277,0.000582310298715,0.000531,0.000766069765211,-0.000766607694224
4.66641,0.000580541839315,0.0004584,0.000766922102286,-0.000766089603738
4.67,0.00057964343273,0.0003255,0.000766903510061,-0.000766160381753
4.67222,0.000582519456694,0.000493,0.000766585460417,-0.000766548990802
4.67585,0.000590118600931,0.0004296,0.000766440308175,-0.00076612490105
4.67846,0.000596372844363,0.0003786,0.000765971024874,-0.000766202377497
4.68209,0.000601007154394,0.0003592,0.000765865739374,-0.000765974471846
4.68492,0.00059553086193,0.000564,0.00076549470871,-0.000765268579882
4.68857,0.000586290702361,0.000518,0.000765777205387,-0.000765275204955
4.69137,0.000581373371042,0.0003391,0.000766256937999,-0.000765693780644
4.69466,0.00058021166894,0.000478,0.000766049273768,-0.000766256658697
4.69722,0.000579829170817,0.000385,0.000766528707912,-0.000766417693579
4.7,0.000578825997575,0.000413,0.000766753813796,-0.00076684084843
4.70269,0.000577688910127,0.000567,0.000767128422828,-0.000767173670193
4.70539,0.000578691499767,0.000592,0.000767245480302,-0.000767635723658
4.70879,0.000582576497928,0.000449,0.000767207393618,-0.000767446448622
4.71139,0.000583663445664,0.0004176,0.000767766283912,-0.000766989957191
4.71494,0.000586801737694,0.0003346,0.000767612242792,-0.000766798914036
4.71758,0.000589581266919,0.0004949,0.000767119131207,-0.000766146785813
4.72128,0.000595058369309,0.000503,0.000766484975542,-0.000765607449569
4.72481,0.000593167774225,0.000268,0.000765813553088,-0.000765572110442
4.72735,0.000588980862386,0.00034,0.000766278350669,-0.000765662177617
4.73072,0.00058541377136,0.000256,0.000766609647768,-0.000765647913556
4.7329,0.000585563233509,0.000418,0.00076592350978,-0.000766105343525
4.73645,0.00058965960413,0.0007563,0.000765734329854,-0.000765237226063
4.73931,0.000590727421889,0.000416,0.000766178726288,-0.000765121589428
4.74304,0.000589371104093,0.0005653,0.000765711958341,-0.000765572576676
4.74536,0.000586156112787,0.000161,0.000765025342254,-0.000765691636558
4.74909,0.00058247062032,0.000564,0.00076562805497,-0.000765598125538
4.75179,0.00057906300881,0.000549,0.000765738990442,-0.000765804792637
4.75512,0.000577395939725,0.0004428,0.000765153231545,-0.000766484417228
4.75748,0.000576369389758,0.00072,0.000765324936453,-0.00076640038285
4.76095,0.000578086025751,0.000338,0.000765886239424,-0.000765985651029
4.76345,0.000580990454859,0.0008313,0.00076533426631,-0.000766580157627
4.76715,0.000588185201484,0.0005943,0.000765903943239,-0.000766571040398
4.76982,0.000594450798423,0.0007997,0.000766028781364,-0.000766154887554
4.77362,0.000603313433046,0.000473,0.000765485382275,-0.000766352728267
4.77646,0.000605294121198,0.00036,0.000766305347757,-0.000766056259595
4.77988,0.000604285528801,0.000148,0.00076691187666,-0.000766008660615
4.78223,0.000604500607314,0.0003901,0.000766675691018,-0.000766515495615
4.78587,0.000599289956903,0.000297,0.000766498002663,-0.000766767576838
4.78866,0.00060616577968,0.0002601,0.000766952777728,-0.000766410341256
4.79213,0.000605634800138,0.0004436,0.000766274626802,-0.000766407176927
4.79484,0.00060495896866,0.0005309,0.000766321172861,-0.000766693641893
4.79857,0.000599728416762,0.0003298,0.000766403081879,-0.000767125914109
4.80139,0.000597235680926,0.0004969,0.000766783571178,-0.000767180730961
4.80502,0.000600217209585,0.0004319,0.00076639098265,-0.000767348854959
4.80856,0.000604875403129,0.000569,0.00076622993792,-0.000767514593382
4.81113,0.000609789465624,0.0002738,0.000765929100059,-0.000767034754237
4.81447,0.000608356324427,0.000297,0.000765969161634,-0.000766248372638
4.81706,0.000608849224968,0.000519,0.000765752039823,-0.000765950621966
4.82091,0.00060085409533,0.000645,0.000766977874212,-0.000765767884977
4.82366,0.000591786850505,0.0004602,0.000767251982575,-0.000766337462809
4.82715,0.000585556896062,0.0006777,0.000767454433436,-0.000766509540646
4.83066,0.000586084398307,0.0003654,0.000767798755518,-0.000767084657565
4.83326,0.000589516337209,0.0005091,0.000767890590684,-0.000767440134945
4.83668,0.00059246962611,0.000485,0.000767200890681,-0.000767928339532
4.83935,0.000594685613324,0.0004065,0.000766843079859,-0.000767373000048
4.84277,0.000598052818723,0.0006079,0.000767257555874,-0.00076708149812
4.84521,0.000598199237951,0.000757,0.000766479392371,-0.00076711151193
4.84897,0.000602682832943,0.0008294,0.000767002039834,-0.0007672181697
4.85143,0.000602153553329,0.000641,0.000766697083168,-0.000767380707622
4.85504,0.000606976084395,0.0003663,0.000767088467455,-0.000767505959826
4.85738,0.000607694299159,0.000537,0.000767480429492,-0.000767629227102
4.86123,0.000608870402555,0.0006955,0.000767535201827,-0.000768081898204
4.86478,0.000612890741872,0.0003961,0.00076738757932,-0.000767673587371
4.86718,0.000615531569376,0.0003873,0.000767241764675,-0.000767586068954
4.87057,0.000619761606691,0.0002788,0.000766901650795,-0.000767554788229
4.87343,0.00062387746331,0.0004924,0.000767016910321,-0.000766955380393
4.87705,0.000621950728042,0.000443,0.000767260342497,-0.000767496769078
4.87974,0.000614044224353,0.000434,0.000766982521551,-0.0007673873936
4.88335,0.000601930072566,0.00039,0.000767227830789,-0.000767798755518
4.8859,0.000590445913034,0.0002437,0.000767537058395,-0.00076808254719
4.88932,0.000582226823519,0.0004197,0.000767565834201,-0.000768174322607
4.89253,0.000578010920178,0.0002728,0.000767772778427,-0.00076789782536
4.89503,0.000578773148347,0.0003394,0.000767157225595,-0.000767862021816
4.89866,0.000579845786458,0.000831,0.000767053155011,-0.000767006501034
4.9011,0.000577564500407,0.0006871,0.000766882128023,-0.000767051110519
4.90481,0.000574326731209,0.00048,0.000767538914956,-0.000767131117361
4.90729,0.000574635034924,0.0004719,0.00076804453353,-0.000767294523624
4.91077,0.000575368358866,0.000375,0.000767844211704,-0.000767456104658
4.9134,0.000578159507638,0.0003372,0.000767781128375,-0.000767260992707
4.9169,0.000573031523308,0.0001873,0.000767688342193,-0.000767460189839
4.91934,0.000569879606412,0.000347,0.000767046649775,-0.000768009298398
4.9225,0.000569016576866,0.0004908,0.000767158154685,-0.000768178771834
4.92515,0.000570294538918,0.000394,0.000767605745886,-0.00076822567133
4.92904,0.000570886575065,0.0003387,0.000767263129102,-0.000768191933862
4.93158,0.000576127230418,0.000285,0.000767542628054,-0.000767804414607
4.93523,0.000584364140461,0.0002947,0.000767653078268,-0.000767715159428
4.93802,0.000582279119061,0.000358,0.000767422864713,-0.000767603054283
4.94134,0.00057519046993,0.000455,0.000767667926584,-0.000767775097873
4.94379,0.000572185260316,0.000233,0.000768237349076,-0.000767871946927
4.94732,0.000572713788613,0.0004403,0.000767620595814,-0.000768026267252
4.95059,0.000574619490946,0.000277,0.000767374578719,-0.000767632475392
4.95328,0.000578170785909,0.000366,0.000767814526568,-0.000767754407978
4.95688,0.000581209314171,0.000436,0.000767744944112,-0.000767501782237
4.96054,0.000582904043939,0.000386,0.00076822622742,-0.000767909048146
4.96313,0.000585650642552,0.0003837,0.000768057514177,-0.000767775005095
4.96623,0.000588068069063,0.000536,0.000767810815784,-0.000767691590043
4.96978,0.00059354615969,0.0005422,0.000766896072949,-0.000767837718253
4.97245,0.000595359851561,0.0005887,0.000766163827232,-0.000767875286166
4.97611,0.000596459051043,0.000696,0.000766555689531,-0.000768030996159
4.97978,0.000589291379963,0.000712,0.00076738757932,-0.00076868540836
4.98246,0.000583910318295,0.00053,0.000767746799788,-0.000768606334416
4.98593,0.000574920877439,0.000521,0.000768152075795,-0.000768356610995
4.98837,0.000570256543792,0.000531,0.000767525918864,-0.0007678486643
4.99186,0.00056730850873,0.0003514,0.000767034568367,-0.000767745222464
4.99435,0.000564865332394,0.000337,0.000767738449183,-0.0007678212059
4.99804,0.000560730107525,0.000552,0.000767129351979,-0.000768237905151
4.99982,0.000560267807282,0.0006553,0.000767194387647,-0.000768476118173
