x,y,z
-0.0003034885448869318,-0.0023267455399036407,0.0039955023676157
-0.0004472308501135558,-0.002326746005564928,0.004000000189989805
-0.0003034886030945927,-0.0023497119545936584,0.004000000189989805
-0.00010116286284755915,-0.0023660901933908463,0.004000000189989805
-0.0001011628337437287,-0.0023267455399036407,0.003992352169007063
0.00010116285557160154,-0.0023663935717195272,0.004000000189989805
0.00010116282646777108,-0.0023267455399036407,0.003992294892668724
0.00030348863219842315,-0.0023504348937422037,0.004000000189989805
0.0003034885448869318,-0.0023267455399036407,0.003995364997535944
0.0004472635337151587,-0.002326746005564928,0.004000000189989805
-0.0009104656055569649,-0.002124419901520014,0.003988570533692837
-0.0010581749957054853,-0.0021244208328425884,0.004000000189989805
-0.000910466187633574,-0.002189717022702098,0.004000000189989805
-0.0007081403746269643,-0.0022614337503910065,0.004000000189989805
-0.0007081397343426943,-0.0021244194358587265,0.003976855892688036
-0.0005058144452050328,-0.0023160604760050774,0.004000000189989805
-0.0005058140377514064,-0.002124418970197439,0.003968571778386831
-0.0003034883993677795,-0.0021244187373667955,0.003963203635066748
-0.00010116279736394063,-0.0021244187373667955,0.003960509784519672
0.00010116279736394063,-0.0021244187373667955,0.003960441332310438
0.0003034883993677795,-0.0021244187373667955,0.003963085822761059
0.0005058144452050328,-0.002315696096047759,0.004000000189989805
0.0005058140377514064,-0.002124418970197439,0.003968733828514814
0.0007081403746269643,-0.002258495194837451,0.004000000189989805
0.0007081397343426943,-0.0021244194358587265,0.003977461718022823
0.0009104661294259131,-0.002183199394494295,0.004000000189989805
0.0009104656055569649,-0.002124419901520014,0.003989757504314184
0.001039033057168126,-0.0021244206000119448,0.004000000189989805
-0.0013151172315701842,-0.0019220942631363869,0.003991296980530024
-0.001392862293869257,-0.0019220954272896051,0.004000000189989805
-0.0013151179300621152,-0.0019764332100749016,0.004000000189989805
-0.0011127917096018791,-0.0020972839556634426,0.004000000189989805
-0.0011127910111099482,-0.001922093564644456,0.003973401617258787
-0.0009104651981033385,-0.0019220932153984904,0.003959753550589085
-0.0007081395597197115,-0.0019220930989831686,0.00394950807094574
-0.0005058139795437455,-0.0019220930989831686,0.003942148759961128
-0.00030348837026394904,-0.0019220930989831686,0.003937349189072847
-0.00010116279008798301,-0.0019220930989831686,0.003934889100492001
0.00010116279008798301,-0.0019220930989831686,0.0039347875863313675
0.00030348837026394904,-0.0019220930989831686,0.003937120549380779
0.0005058139795437455,-0.0019220930989831686,0.003942211624234915
0.0007081395597197115,-0.0019220930989831686,0.003950023092329502
0.0009104651981033385,-0.0019220932153984904,0.003960831556469202
0.0011127917096018791,-0.0020867735147476196,0.004000000189989805
0.0011127910111099482,-0.001922093564644456,0.0039749788120388985
0.0013151178136467934,-0.0019645337015390396,0.004000000189989805
0.0013151172315701842,-0.0019220942631363869,0.003993213176727295
0.0013752580853179097,-0.0019220951944589615,0.004000000189989805
-0.0015174428699538112,-0.001719768508337438,0.003985191695392132
-0.0016338065033778548,-0.0017197701381519437,0.004000000189989805
-0.001517444266937673,-0.001824498176574707,0.004000000189989805
-0.0013151165330782533,-0.0017197676934301853,0.003964891191571951
-0.0011127907782793045,-0.0017197675770148635,0.003949107136577368
-0.0009104651398956776,-0.0017197674605995417,0.003936784341931343
-0.0007081395597197115,-0.0017197674605995417,0.003927357029169798
-0.0005058139795437455,-0.0017197674605995417,0.003920480143278837
-0.00030348837026394904,-0.0017197674605995417,0.0039159455336630344
-0.00010116279008798301,-0.0017197674605995417,0.003913602326065302
0.00010116279008798301,-0.0017197674605995417,0.003913515713065863
0.00030348837026394904,-0.0017197674605995417,0.003915697801858187
0.0005058139795437455,-0.0017197674605995417,0.003920366987586021
0.0007081395597197115,-0.0017197674605995417,0.003927609417587519
0.0009104651398956776,-0.0017197674605995417,0.0039374553598463535
0.0011127907782793045,-0.0017197675770148635,0.00395026383921504
0.0013151165330782533,-0.0017197676934301853,0.003966500982642174
0.0015174440341070294,-0.0018103581387549639,0.004000000189989805
0.0015174428699538112,-0.001719768508337438,0.0039871311746537685
0.0016188154695555568,-0.0017197700217366219,0.004000000189989805
-0.001719768508337438,-0.0015174428699538112,0.003985641058534384
-0.0018198706675320864,-0.0015174441505223513,0.004000000189989805
-0.0017197702545672655,-0.0016322691226378083,0.004000000189989805
-0.0015174420550465584,-0.0015174420550465584,0.003962386399507523
-0.0013151163002476096,-0.0015174419386312366,0.003944093827158213
-0.0011127906618639827,-0.0015174418222159147,0.00392938731238246
-0.0009104651398956776,-0.0015174418222159147,0.003917655907571316
-0.0007081395597197115,-0.0015174418222159147,0.00390856247395277
-0.0005058139795437455,-0.0015174418222159147,0.003901924705132842
-0.00030348837026394904,-0.0015174418222159147,0.0038975472562015057
-0.00010116279008798301,-0.0015174418222159147,0.0038952454924583435
0.00010116279008798301,-0.0015174418222159147,0.003895119996741414
0.00030348837026394904,-0.0015174418222159147,0.0038972848560661077
0.0005058139795437455,-0.0015174418222159147,0.0039018085226416588
0.0007081395597197115,-0.0015174418222159147,0.00390873895958066
0.0009104651398956776,-0.0015174418222159147,0.003918162547051907
0.0011127906618639827,-0.0015174418222159147,0.003930136561393738
0.0013151163002476096,-0.0015174419386312366,0.003945125266909599
0.0015174420550465584,-0.0015174420550465584,0.003963771276175976
0.0017197700217366219,-0.0016187706496566534,0.004000000189989805
0.001719768508337438,-0.0015174428699538112,0.003987131640315056
0.0018103942275047302,-0.0015174440341070294,0.004000000189989805
-0.0019220942631363869,-0.0013151172315701842,0.003992412704974413
-0.001969064585864544,-0.0013151178136467934,0.004000000189989805
-0.0019220953108742833,-0.0013835623394697905,0.004000000189989805
-0.0017197676934301853,-0.0013151165330782533,0.003965630196034908
-0.0015174419386312366,-0.0013151163002476096,0.0039444598369300365
-0.0013151163002476096,-0.0013151163002476096,0.003927167505025864
-0.0011127906618639827,-0.0013151163002476096,0.00391295226290822
-0.0009104651398956776,-0.0013151163002476096,0.0039016087539494038
-0.0007081395597197115,-0.0013151163002476096,0.003892731387168169
-0.0005058139795437455,-0.0013151163002476096,0.0038861490320414305
-0.00030348837026394904,-0.0013151163002476096,0.0038817166350781918
-0.00010116279008798301,-0.0013151163002476096,0.00387932569719851
0.00010116279008798301,-0.0013151163002476096,0.0038791580591350794
0.00030348837026394904,-0.0013151163002476096,0.003881347132846713
0.0005058139795437455,-0.0013151163002476096,0.003885906655341387
0.0007081395597197115,-0.0013151163002476096,0.003892699722200632
0.0009104651398956776,-0.0013151163002476096,0.0039019060786813498
0.0011127906618639827,-0.0013151163002476096,0.003913507796823978
0.0013151163002476096,-0.0013151163002476096,0.0039277286268770695
0.0015174419386312366,-0.0013151163002476096,0.00394522724673152
0.0017197676934301853,-0.0013151165330782533,0.003966476768255234
0.0019220951944589615,-0.0013765740441158414,0.004000000189989805
0.0019220942631363869,-0.0013151172315701842,0.003993005957454443
0.00196579797193408,-0.0013151178136467934,0.004000000189989805
-0.001922093564644456,-0.0011127910111099482,0.003974652383476496
-0.0020882224198430777,-0.0011127917096018791,0.004000000189989805
-0.0017197675770148635,-0.0011127907782793045,0.0039500705897808075
-0.0015174418222159147,-0.0011127906618639827,0.003930048551410437
-0.0013151163002476096,-0.0011127906618639827,0.003913321532309055
-0.0011127906618639827,-0.0011127906618639827,0.0038994858041405678
-0.0009104651398956776,-0.0011127906618639827,0.003888282459229231
-0.0007081395597197115,-0.0011127906618639827,0.003879379481077194
-0.0005058139795437455,-0.0011127906618639827,0.0038726457860320807
-0.00030348837026394904,-0.0011127906618639827,0.0038680140860378742
-0.00010116279008798301,-0.0011127906618639827,0.003865489037707448
0.00010116279008798301,-0.0011127906618639827,0.0038652888033539057
0.00030348837026394904,-0.0011127906618639827,0.003867484163492918
0.0005058139795437455,-0.0011127906618639827,0.003872100031003356
0.0007081395597197115,-0.0011127906618639827,0.003878961317241192
0.0009104651398956776,-0.0011127906618639827,0.0038880964275449514
0.0011127906618639827,-0.0011127906618639827,0.003899655770510435
0.0013151163002476096,-0.0011127906618639827,0.003913599997758865
0.0015174418222159147,-0.0011127906618639827,0.003930291626602411
0.0017197675770148635,-0.0011127907782793045,0.003950213082134724
0.001922093564644456,-0.0011127910111099482,0.003974532708525658
0.0020907537546008825,-0.0011127917096018791,0.004000000189989805
-0.002124419901520014,-0.0009104656055569649,0.0039899894036352634
-0.0021818960085511208,-0.0009104661294259131,0.004000000189989805
-0.0021244206000119448,-0.0010396238649263978,0.004000000189989805
-0.0019220932153984904,-0.0009104651981033385,0.003961086273193359
-0.0017197674605995417,-0.0009104651398956776,0.003937881905585527
-0.0015174418222159147,-0.0009104651398956776,0.003918515518307686
-0.0013151163002476096,-0.0009104651398956776,0.003902208525687456
-0.0011127906618639827,-0.0009104651398956776,0.003888450562953949
-0.0009104651398956776,-0.0009104651398956776,0.0038771554827690125
-0.0007081395597197115,-0.0009104651398956776,0.0038681142032146454
-0.0005058139795437455,-0.0009104651398956776,0.0038611055351793766
-0.00030348837026394904,-0.0009104651398956776,0.003856291761621833
-0.00010116279008798301,-0.0009104651398956776,0.00385369174182415
0.00010116279008798301,-0.0009104651398956776,0.0038535073399543762
0.00030348837026394904,-0.0009104651398956776,0.003855774411931634
0.0005058139795437455,-0.0009104651398956776,0.0038603784050792456
0.0007081395597197115,-0.0009104651398956776,0.0038673209492117167
0.0009104651398956776,-0.0009104651398956776,0.0038765377830713987
0.0011127906618639827,-0.0009104651398956776,0.0038880878128111362
0.0013151163002476096,-0.0009104651398956776,0.003901936812326312
0.0015174418222159147,-0.0009104651398956776,0.003918229136615992
0.0017197674605995417,-0.0009104651398956776,0.003937307745218277
0.0019220932153984904,-0.0009104651981033385,0.00396017637103796
0.0021244206000119448,-0.0010489668929949403,0.004000000189989805
0.002124419901520014,-0.0009104656055569649,0.0039887200109660625
0.0021891039796173573,-0.000910466187633574,0.004000000189989805
-0.0021244194358587265,-0.0007081397343426943,0.0039780936203897
-0.002255269791930914,-0.0007081403164193034,0.004000000189989805
-0.0019220930989831686,-0.0007081395597197115,0.003950785379856825
-0.0017197674605995417,-0.0007081395597197115,0.003928504418581724
-0.0015174418222159147,-0.0007081395597197115,0.00390962976962328
-0.0013151163002476096,-0.0007081395597197115,0.0038936203345656395
-0.0011127906618639827,-0.0007081395597197115,0.0038798325695097446
-0.0009104651398956776,-0.0007081395597197115,0.003868326311931014
-0.0007081395597197115,-0.0007081395597197115,0.0038589192554354668
-0.0005058139795437455,-0.0007081395597197115,0.0038515657652169466
-0.00030348837026394904,-0.0007081395597197115,0.0038465645629912615
-0.00010116279008798301,-0.0007081395597197115,0.003843962447717786
0.00010116279008798301,-0.0007081395597197115,0.00384383462369442
0.00030348837026394904,-0.0007081395597197115,0.0038462236989289522
0.0005058139795437455,-0.0007081395597197115,0.003850935259833932
0.0007081395597197115,-0.0007081395597197115,0.0038579709362238646
0.0009104651398956776,-0.0007081395597197115,0.0038673209492117167
0.0011127906618639827,-0.0007081395597197115,0.0038788828533142805
0.0013151163002476096,-0.0007081395597197115,0.0038926107808947563
0.0015174418222159147,-0.0007081395597197115,0.0039086672477424145
0.0017197674605995417,-0.0007081395597197115,0.003927312791347504
0.0019220930989831686,-0.0007081395597197115,0.003949210047721863
0.0021244194358587265,-0.0007081397343426943,0.003976275213062763
0.002265624701976776,-0.0007081403746269643,0.004000000189989805
-0.002124418970197439,-0.0005058140377514064,0.003969684708863497
-0.0023114806972444057,-0.0005058143869973719,0.004000000189989805
-0.0019220930989831686,-0.0005058139795437455,0.003943368326872587
-0.0017197674605995417,-0.0005058139795437455,0.003921675030142069
-0.0015174418222159147,-0.0005058139795437455,0.0039031077176332474
-0.0013151163002476096,-0.0005058139795437455,0.003887213533744216
-0.0011127906618639827,-0.0005058139795437455,0.003873342415317893
-0.0009104651398956776,-0.0005058139795437455,0.003861550707370043
-0.0007081395597197115,-0.0005058139795437455,0.0038517897482961416
-0.0005058139795437455,-0.0005058139795437455,0.003844213904812932
-0.00030348837026394904,-0.0005058139795437455,0.003839096985757351
-0.00010116279008798301,-0.0005058139795437455,0.0038364797364920378
0.00010116279008798301,-0.0005058139795437455,0.0038363521452993155
0.00030348837026394904,-0.0005058139795437455,0.003838798264041543
0.0005058139795437455,-0.0005058139795437455,0.003843695856630802
0.0007081395597197115,-0.0005058139795437455,0.0038508509751409292
0.0009104651398956776,-0.0005058139795437455,0.0038602761924266815
0.0011127906618639827,-0.0005058139795437455,0.0038718804717063904
0.0013151163002476096,-0.0005058139795437455,0.0038855085149407387
0.0015174418222159147,-0.0005058139795437455,0.0039013379719108343
0.0017197674605995417,-0.0005058139795437455,0.003919759299606085
0.0019220930989831686,-0.0005058139795437455,0.003941131290048361
0.002124418970197439,-0.0005058140377514064,0.003967221826314926
0.002325409324839711,-0.0005058144452050328,0.004000000189989805
-0.0023267455399036407,-0.0003034885448869318,0.003996141720563173
-0.002346666529774666,-0.0003034886030945927,0.004000000189989805
-0.002326746005564928,-0.0004246651369612664,0.004000000189989805
-0.0021244187373667955,-0.0003034883993677795,0.0039642429910600185
-0.0019220930989831686,-0.00030348837026394904,0.003938531503081322
-0.0017197674605995417,-0.00030348837026394904,0.0039171879179775715
-0.0015174418222159147,-0.00030348837026394904,0.0038987400475889444
-0.0013151163002476096,-0.00030348837026394904,0.0038827715907245874
-0.0011127906618639827,-0.00030348837026394904,0.0038688196800649166
-0.0009104651398956776,-0.00030348837026394904,0.00385690457187593
-0.0007081395597197115,-0.00030348837026394904,0.003846938256174326
-0.0005058139795437455,-0.00030348837026394904,0.0038392492569983006
-0.00030348837026394904,-0.00030348837026394904,0.003834010334685445
-0.00010116279008798301,-0.00030348837026394904,0.003831316716969013
0.00010116279008798301,-0.00030348837026394904,0.0038312054239213467
0.00030348837026394904,-0.00030348837026394904,0.003833720926195383
0.0005058139795437455,-0.00030348837026394904,0.0038387407548725605
0.0007081395597197115,-0.00030348837026394904,0.0038460411597043276
0.0009104651398956776,-0.00030348837026394904,0.003855508053675294
0.0011127906618639827,-0.00030348837026394904,0.0038671453949064016
0.0013151163002476096,-0.00030348837026394904,0.003880722215399146
0.0015174418222159147,-0.00030348837026394904,0.003896399401128292
0.0017197674605995417,-0.00030348837026394904,0.0039147138595581055
0.0019220930989831686,-0.00030348837026394904,0.003935877699404955
0.0021244187373667955,-0.0003034883993677795,0.003961389884352684
0.0023267462383955717,-0.000499152869451791,0.004000000189989805
0.0023267455399036407,-0.0003034885448869318,0.003993332851678133
0.002361065475270152,-0.0003034886613022536,0.004000000189989805
-0.0023267455399036407,-0.00010116282646777108,0.003993120975792408
-0.00236253859475255,-0.00010116285557160154,0.004000000189989805
-0.0021244187373667955,-0.00010116279736394063,0.003961633425205946
-0.0019220930989831686,-0.00010116279008798301,0.003936173859983683
-0.0017197674605995417,-0.00010116279008798301,0.003914923407137394
-0.0015174418222159147,-0.00010116279008798301,0.0038964480627328157
-0.0013151163002476096,-0.00010116279008798301,0.0038803648203611374
-0.0011127906618639827,-0.00010116279008798301,0.0038663046434521675
-0.0009104651398956776,-0.00010116279008798301,0.0038543667178601027
-0.0007081395597197115,-0.00010116279008798301,0.0038443850353360176
-0.0005058139795437455,-0.00010116279008798301,0.00383665319532156
-0.00030348837026394904,-0.00010116279008798301,0.003831341164186597
-0.00010116279008798301,-0.00010116279008798301,0.0038285718765109777
0.00010116279008798301,-0.00010116279008798301,0.0038284389302134514
0.00030348837026394904,-0.00010116279008798301,0.0038310096133500338
0.0005058139795437455,-0.00010116279008798301,0.0038361488841474056
0.0007081395597197115,-0.00010116279008798301,0.0038435792084783316
0.0009104651398956776,-0.00010116279008798301,0.0038531660102307796
0.0011127906618639827,-0.00010116279008798301,0.003864781465381384
0.0013151163002476096,-0.00010116279008798301,0.0038783366326242685
0.0015174418222159147,-0.00010116279008798301,0.003894002642482519
0.0017197674605995417,-0.00010116279008798301,0.003912169020622969
0.0019220930989831686,-0.00010116279008798301,0.0039331805892288685
0.0021244187373667955,-0.00010116279736394063,0.003958434797823429
0.0023267455399036407,-0.0001011628337437287,0.003989825956523418
0.0023796926252543926,-0.00010116287739947438,0.004000000189989805
-0.0023267455399036407,0.00010116282646777108,0.003993380349129438
-0.002361191203817725,0.00010116284829564393,0.004000000189989805
-0.0021244187373667955,0.00010116279736394063,0.0039618294686079025
-0.0019220930989831686,0.00010116279008798301,0.003936315421015024
-0.0017197674605995417,0.00010116279008798301,0.003914960660040379
-0.0015174418222159147,0.00010116279008798301,0.0038963763508945704
-0.0013151163002476096,0.00010116279008798301,0.0038801906630396843
-0.0011127906618639827,0.00010116279008798301,0.0038659879937767982
-0.0009104651398956776,0.00010116279008798301,0.003854059148579836
-0.0007081395597197115,0.00010116279008798301,0.003844181075692177
-0.0005058139795437455,0.00010116279008798301,0.0038365379441529512
-0.00030348837026394904,0.00010116279008798301,0.0038312848191708326
-0.00010116279008798301,0.00010116279008798301,0.0038284871261566877
0.00010116279008798301,0.00010116279008798301,0.0038283353205770254
0.00030348837026394904,0.00010116279008798301,0.003830919275060296
0.0005058139795437455,0.00010116279008798301,0.003836053190752864
0.0007081395597197115,0.00010116279008798301,0.003843451151624322
0.0009104651398956776,0.00010116279008798301,0.0038530626334249973
0.0011127906618639827,0.00010116279008798301,0.0038647036999464035
0.0013151163002476096,0.00010116279008798301,0.0038782807532697916
0.0015174418222159147,0.00010116279008798301,0.0038940217345952988
0.0017197674605995417,0.00010116279008798301,0.00391211686655879
0.0019220930989831686,0.00010116279008798301,0.00393299013376236
0.0021244187373667955,0.00010116279736394063,0.003958229441195726
0.0023267455399036407,0.00010116282646777108,0.003989601973444223
0.00238104909658432,0.00010116287012351677,0.004000000189989805
-0.0023267455399036407,0.0003034885448869318,0.003996762912720442
-0.0023434325121343136,0.0003034886030945927,0.004000000189989805
-0.0021244187373667955,0.0003034883993677795,0.003964648582041264
-0.0019220930989831686,0.00030348837026394904,0.00393882067874074
-0.0017197674605995417,0.00030348837026394904,0.0039173210971057415
-0.0015174418222159147,0.00030348837026394904,0.0038986350409686565
-0.0013151163002476096,0.00030348837026394904,0.003882440971210599
-0.0011127906618639827,0.00030348837026394904,0.0038682613521814346
-0.0009104651398956776,0.00030348837026394904,0.003856288967654109
-0.0007081395597197115,0.00030348837026394904,0.0038464597892016172
-0.0005058139795437455,0.00030348837026394904,0.0038389237597584724
-0.00030348837026394904,0.00030348837026394904,0.0038337691221386194
-0.00010116279008798301,0.00030348837026394904,0.0038310603704303503
0.00010116279008798301,0.00030348837026394904,0.0038309728261083364
0.00030348837026394904,0.00030348837026394904,0.00383359775878489
0.0005058139795437455,0.00030348837026394904,0.0038387360982596874
0.0007081395597197115,0.00030348837026394904,0.0038459820207208395
0.0009104651398956776,0.00030348837026394904,0.0038553480990231037
0.0011127906618639827,0.00030348837026394904,0.0038668334018439054
0.0013151163002476096,0.00030348837026394904,0.0038804414216428995
0.0015174418222159147,0.00030348837026394904,0.0038962732069194317
0.0017197674605995417,0.00030348837026394904,0.003914380446076393
0.0019220930989831686,0.00030348837026394904,0.003935303073376417
0.0021244187373667955,0.0003034883993677795,0.0039607565850019455
0.0023267455399036407,0.0003034885448869318,0.00399252213537693
0.0023656461853533983,0.0003034886613022536,0.004000000189989805
-0.0023267457727342844,0.00040273889317177236,0.004000000189989805
-0.002124418970197439,0.0005058140377514064,0.003970202524214983
-0.002307040384039283,0.0005058143869973719,0.004000000189989805
-0.0019220930989831686,0.0005058139795437455,0.003943712450563908
-0.0017197674605995417,0.0005058139795437455,0.003921917639672756
-0.0015174418222159147,0.0005058139795437455,0.0039031575433909893
-0.0013151163002476096,0.0005058139795437455,0.003886981401592493
-0.0011127906618639827,0.0005058139795437455,0.0038729505613446236
-0.0009104651398956776,0.0005058139795437455,0.0038610065821558237
-0.0007081395597197115,0.0005058139795437455,0.003851215587928891
-0.0005058139795437455,0.0005058139795437455,0.003843722166493535
-0.00030348837026394904,0.0005058139795437455,0.0038386518135666847
-0.00010116279008798301,0.0005058139795437455,0.003836187534034252
0.00010116279008798301,0.0005058139795437455,0.003836229909211397
0.00030348837026394904,0.0005058139795437455,0.0038388653192669153
0.0005058139795437455,0.0005058139795437455,0.0038439163472503424
0.0007081395597197115,0.0005058139795437455,0.00385087076574564
0.0009104651398956776,0.0005058139795437455,0.0038598859682679176
0.0011127906618639827,0.0005058139795437455,0.0038712171372026205
0.0013151163002476096,0.0005058139795437455,0.0038848286494612694
0.0015174418222159147,0.0005058139795437455,0.0039006585720926523
0.0017197674605995417,0.0005058139795437455,0.003918858245015144
0.0019220930989831686,0.0005058139795437455,0.003940120339393616
0.002124418970197439,0.0005058140377514064,0.003966092597693205
0.0023267462383955717,0.0005058144452050328,0.003998696804046631
0.0023334415163844824,0.0005058145034126937,0.004000000189989805
-0.0021244194358587265,0.0007081397343426943,0.003978811204433441
-0.002250375458970666,0.0007081403164193034,0.004000000189989805
-0.0019220930989831686,0.0007081395597197115,0.003951335791498423
-0.0017197674605995417,0.0007081395597197115,0.003928973339498043
-0.0015174418222159147,0.0007081395597197115,0.003910012077540159
-0.0013151163002476096,0.0007081395597197115,0.003893823130056262
-0.0011127906618639827,0.0007081395597197115,0.003879887517541647
-0.0009104651398956776,0.0007081395597197115,0.00386812724173069
-0.0007081395597197115,0.0007081395597197115,0.003858480602502823
-0.0005058139795437455,0.0007081395597197115,0.003851080546155572
-0.00030348837026394904,0.0007081395597197115,0.003846121719107032
-0.00010116279008798301,0.0007081395597197115,0.003843786660581827
0.00010116279008798301,0.0007081395597197115,0.003843842539936304
0.00030348837026394904,0.0007081395597197115,0.0038463901728391647
0.0005058139795437455,0.0007081395597197115,0.00385124864988029
0.0007081395597197115,0.0007081395597197115,0.003857953706756234
0.0009104651398956776,0.0007081395597197115,0.0038666948676109314
0.0011127906618639827,0.0007081395597197115,0.0038778260350227356
0.0013151163002476096,0.0007081395597197115,0.003891374683007598
0.0015174418222159147,0.0007081395597197115,0.003907206002622843
0.0017197674605995417,0.0007081395597197115,0.003925641067326069
0.0019220930989831686,0.0007081395597197115,0.003947501070797443
0.0021244194358587265,0.0007081397343426943,0.003974365070462227
0.002278949599713087,0.0007081404328346252,0.004000000189989805
0.0023267464712262154,0.0005333420122042298,0.004000000189989805
-0.002124419901520014,0.0009104656055569649,0.003990856930613518
-0.0021769055165350437,0.0009104660712182522,0.004000000189989805
-0.0019220932153984904,0.0009104651981033385,0.00396196823567152
-0.0017197674605995417,0.0009104651398956776,0.003938715439289808
-0.0015174418222159147,0.0009104651398956776,0.003919319249689579
-0.0013151163002476096,0.0009104651398956776,0.0039029582403600216
-0.0011127906618639827,0.0009104651398956776,0.0038891236763447523
-0.0009104651398956776,0.0009104651398956776,0.0038775266148149967
-0.0007081395597197115,0.0009104651398956776,0.0038680986035615206
-0.0005058139795437455,0.0009104651398956776,0.0038608964532613754
-0.00030348837026394904,0.0009104651398956776,0.003856044728308916
-0.00010116279008798301,0.0009104651398956776,0.0038537082727998495
0.00010116279008798301,0.0009104651398956776,0.0038536640349775553
0.00030348837026394904,0.0009104651398956776,0.0038560940884053707
0.0005058139795437455,0.0009104651398956776,0.003860834985971451
0.0007081395597197115,0.0009104651398956776,0.003867428982630372
0.0009104651398956776,0.0009104651398956776,0.003875995520502329
0.0011127906618639827,0.0009104651398956776,0.0038869227282702923
0.0013151163002476096,0.0009104651398956776,0.0039004008285701275
0.0015174418222159147,0.0009104651398956776,0.003916313871741295
0.0017197674605995417,0.0009104651398956776,0.003935081418603659
0.0019220932153984904,0.0009104651981033385,0.003957794979214668
0.002124419901520014,0.0009104656055569649,0.003986048046499491
0.002205746481195092,0.0009104663622565567,0.004000000189989805
-0.0021244206000119448,0.0010269854683429003,0.004000000189989805
-0.001922093564644456,0.0011127910111099482,0.003975994884967804
-0.002080933190882206,0.0011127915931865573,0.004000000189989805
-0.0017197675770148635,0.0011127907782793045,0.003951488062739372
-0.0015174418222159147,0.0011127906618639827,0.003931427840143442
-0.0013151163002476096,0.0011127906618639827,0.00391464214771986
-0.0011127906618639827,0.0011127906618639827,0.003900698386132717
-0.0009104651398956776,0.0011127906618639827,0.003889218671247363
-0.0007081395597197115,0.0011127906618639827,0.0038799613248556852
-0.0005058139795437455,0.0011127906618639827,0.003872893052175641
-0.00030348837026394904,0.0011127906618639827,0.0038681027945131063
-0.00010116279008798301,0.0011127906618639827,0.003865764942020178
0.00010116279008798301,0.0011127906618639827,0.0038656587712466717
0.00030348837026394904,0.0011127906618639827,0.003867904655635357
0.0005058139795437455,0.0011127906618639827,0.003872342873364687
0.0007081395597197115,0.0011127906618639827,0.003878795076161623
0.0009104651398956776,0.0011127906618639827,0.0038873173762112856
0.0011127906618639827,0.0011127906618639827,0.0038983244448900223
0.0013151163002476096,0.0011127906618639827,0.003911914303898811
0.0015174418222159147,0.0011127906618639827,0.00392806064337492
0.0017197675770148635,0.0011127907782793045,0.0039474875666201115
0.001922093564644456,0.0011127910111099482,0.00397148123010993
0.0021133855916559696,0.001112791826017201,0.004000000189989805
0.0021244208328425884,0.0010909936390817165,0.004000000189989805
-0.0019220942631363869,0.0013151172315701842,0.003994176629930735
-0.0019587157294154167,0.0013151176972314715,0.004000000189989805
-0.0017197676934301853,0.0013151165330782533,0.003967695403844118
-0.0015174419386312366,0.0013151163002476096,0.0039465948939323425
-0.0013151163002476096,0.0013151163002476096,0.003929187078028917
-0.0011127906618639827,0.0013151163002476096,0.003914843779057264
-0.0009104651398956776,0.0013151163002476096,0.003903214819729328
-0.0007081395597197115,0.0013151163002476096,0.003893991932272911
-0.0005058139795437455,0.0013151163002476096,0.0038869469426572323
-0.00030348837026394904,0.0013151163002476096,0.0038822200149297714
-0.00010116279008798301,0.0013151163002476096,0.0038798253517597914
0.00010116279008798301,0.0013151163002476096,0.0038796502631157637
0.00030348837026394904,0.0013151163002476096,0.0038817774038761854
0.0005058139795437455,0.0013151163002476096,0.0038860514760017395
0.0007081395597197115,0.0013151163002476096,0.0038924391847103834
0.0009104651398956776,0.0013151163002476096,0.0039009880274534225
0.0011127906618639827,0.0013151163002476096,0.003912142012268305
0.0013151163002476096,0.0013151163002476096,0.003925984725356102
0.0015174419386312366,0.0013151163002476096,0.003942725248634815
0.0017197676934301853,0.0013151165330782533,0.003963252063840628
0.0019220942631363869,0.0013151172315701842,0.003989243879914284
0.001990657299757004,0.001315118046477437,0.004000000189989805
-0.0019220950780436397,0.0013671590713784099,0.004000000189989805
-0.001719768508337438,0.0015174428699538112,0.003988210577517748
-0.0018036119872704148,0.0015174440341070294,0.004000000189989805
-0.0015174420550465584,0.0015174420550465584,0.003965178970247507
-0.0013151163002476096,0.0015174419386312366,0.003946802578866482
-0.0011127906618639827,0.0015174418222159147,0.003931843675673008
-0.0009104651398956776,0.0015174418222159147,0.003919787704944611
-0.0007081395597197115,0.0015174418222159147,0.003910350613296032
-0.0005058139795437455,0.0015174418222159147,0.003903211560100317
-0.00030348837026394904,0.0015174418222159147,0.0038984515704214573
-0.00010116279008798301,0.0015174418222159147,0.003896052949130535
0.00010116279008798301,0.0015174418222159147,0.003895839909091592
0.00030348837026394904,0.0015174418222159147,0.003897847840562463
0.0005058139795437455,0.0015174418222159147,0.0039021072443574667
0.0007081395597197115,0.0015174418222159147,0.003908607177436352
0.0009104651398956776,0.0015174418222159147,0.003917379304766655
0.0011127906618639827,0.0015174418222159147,0.003928770311176777
0.0013151163002476096,0.0015174419386312366,0.003943135030567646
0.0015174420550465584,0.0015174420550465584,0.003960900008678436
0.001719768508337438,0.0015174428699538112,0.003983293194323778
0.0018399966647848487,0.0015174444997683167,0.004000000189989805
0.0019220957765355706,0.001412822399288416,0.004000000189989805
-0.0017197699053213,0.001610894687473774,0.004000000189989805
-0.0015174428699538112,0.001719768508337438,0.003988510929048061
-0.001609578961506486,0.0017197697889059782,0.004000000189989805
-0.0013151165330782533,0.0017197676934301853,0.003968187607824802
-0.0011127907782793045,0.0017197675770148635,0.003952074330300093
-0.0009104651398956776,0.0017197674605995417,0.003939248155802488
-0.0007081395597197115,0.0017197674605995417,0.003929368685930967
-0.0005058139795437455,0.0017197674605995417,0.003921965137124062
-0.00030348837026394904,0.0017197674605995417,0.00391705147922039
-0.00010116279008798301,0.0017197674605995417,0.003914597909897566
0.00010116279008798301,0.0017197674605995417,0.003914381843060255
0.00030348837026394904,0.0017197674605995417,0.003916357643902302
0.0005058139795437455,0.0017197674605995417,0.003920658957213163
0.0007081395597197115,0.0017197674605995417,0.003927374724298716
0.0009104651398956776,0.0017197674605995417,0.003936531487852335
0.0011127907782793045,0.0017197675770148635,0.003948541358113289
0.0013151165330782533,0.0017197676934301853,0.003963942639529705
0.0015174428699538112,0.001719768508337438,0.003983561880886555
0.0016518699703738093,0.0017197704873979092,0.004000000189989805
0.0017197704873979092,0.001652671955525875,0.004000000189989805
-0.0015174439176917076,0.0018008523620665073,0.004000000189989805
-0.0013151172315701842,0.0019220942631363869,0.003994937986135483
-0.001360778114758432,0.0019220949616283178,0.004000000189989805
-0.0011127910111099482,0.001922093564644456,0.0039768158458173275
-0.0009104651981033385,0.0019220932153984904,0.003962673246860504
-0.0007081395597197115,0.0019220930989831686,0.003951861523091793
-0.0005058139795437455,0.0019220930989831686,0.00394388847053051
-0.00030348837026394904,0.0019220930989831686,0.003938628826290369
-0.00010116279008798301,0.0019220930989831686,0.003935923799872398
0.00010116279008798301,0.0019220930989831686,0.003935603890568018
0.00030348837026394904,0.0019220930989831686,0.003937730565667152
0.0005058139795437455,0.0019220930989831686,0.00394229544326663
0.0007081395597197115,0.0019220930989831686,0.003949472680687904
0.0009104651981033385,0.0019220932153984904,0.003959516528993845
0.0011127910111099482,0.001922093564644456,0.003972782753407955
0.0013151172315701842,0.0019220942631363869,0.003990028984844685
0.0014074051287025213,0.0019220956601202488,0.004000000189989805
0.001517444383352995,0.0018377498490735888,0.004000000189989805
-0.0013151175808161497,0.00195403047837317,0.004000000189989805
-0.0011127915931865573,0.0020757317543029785,0.004000000189989805
-0.0009104656055569649,0.002124419901520014,0.003991562873125076
-0.0010173229966312647,0.0021244206000119448,0.004000000189989805
-0.0007081397343426943,0.0021244194358587265,0.003979367204010487
-0.0005058140377514064,0.002124418970197439,0.003970582503825426
-0.0003034883993677795,0.0021244187373667955,0.003964761272072792
-0.00010116279736394063,0.0021244187373667955,0.003961688373237848
0.00010116279736394063,0.0021244187373667955,0.003961299080401659
0.0003034883993677795,0.0021244187373667955,0.003963627386838198
0.0005058140377514064,0.002124418970197439,0.003968667704612017
0.0007081397343426943,0.0021244194358587265,0.003976692445576191
0.0009104656055569649,0.002124419901520014,0.003988079261034727
0.0010697055840864778,0.0021244208328425884,0.004000000189989805
0.0011127917096018791,0.00210349028930068,0.004000000189989805
0.001315118046477437,0.0019853278063237667,0.004000000189989805
-0.0009104660712182522,0.0021733897738158703,0.004000000189989805
-0.0007081403164193034,0.0022482872009277344,0.004000000189989805
-0.0005058143869973719,0.0023058673832565546,0.004000000189989805
-0.0003034885448869318,0.0023267455399036407,0.003996834624558687
-0.00039897620445117354,0.0023267457727342844,0.004000000189989805
-0.0001011628337437287,0.0023267455399036407,0.0039933486841619015
0.00010116282646777108,0.0023267455399036407,0.003993023652583361
0.0003034885448869318,0.0023267455399036407,0.003995795734226704
0.0004462627985049039,0.002326746005564928,0.004000000189989805
0.0005058144452050328,0.0023164721205830574,0.004000000189989805
0.0007081404328346252,0.002263285918161273,0.004000000189989805
0.0009104662458412349,0.0021931615192443132,0.004000000189989805
-0.0003034886030945927,0.002343185478821397,0.004000000189989805
-0.00010116286284755915,0.0023614733945578337,0.004000000189989805
0.00010116285557160154,0.002363087609410286,0.004000000189989805
0.0003034886030945927,0.002348457695916295,0.004000000189989805
-0.0001011844287859276,-0.0033393383491784334,0.004199245944619179
-0.00015703364624641836,-0.003339290851727128,0.00419999985024333
-0.0001011846907204017,-0.0033415996003896,0.00419999985024333
8.164055907400325e-05,-0.003339339978992939,0.00419999985024333
-0.0011133210500702262,-0.0031376604456454515,0.004192880820482969
-0.0011736373417079449,-0.0031377142295241356,0.00419999985024333
-0.0011134075466543436,-0.00316118192858994,0.00419999985024333
-0.0009110241080634296,-0.003224011277779937,0.00419999985024333
-0.000910813279915601,-0.0031372501980513334,0.0041750348173081875
-0.0007085201214067638,-0.003272066358476877,0.00419999985024333
-0.0007083335658535361,-0.003136811777949333,0.004162178840488195
-0.0005059991963207722,-0.0033097341656684875,0.00419999985024333
-0.0005059002432972193,-0.003136464161798358,0.004152951296418905
-0.0003035587433259934,-0.0033323573879897594,0.00419999985024333
-0.0003035199479199946,-0.0031363586895167828,0.004147329367697239
-0.00010117157216882333,-0.0031363910529762506,0.004144842270761728
0.0001011780695989728,-0.0033390638418495655,0.00419999985024333
0.00010116968769580126,-0.0031363917514681816,0.004145301878452301
0.00030355912167578936,-0.003323810640722513,0.00419999985024333
0.0003035209374502301,-0.003136360552161932,0.00414882879704237
0.0005060042021796107,-0.0032970760948956013,0.00419999985024333
0.0005059052491560578,-0.003136466955766082,0.004155382048338652
0.0007085159886628389,-0.0032575896475464106,0.00419999985024333
0.0007083412492647767,-0.003136814571917057,0.004165265709161758
0.0009110002429224551,-0.0032089443411678076,0.00419999985024333
0.0009108212543651462,-0.0031372506637126207,0.00417873403057456
0.0011133670341223478,-0.0031485313083976507,0.00419999985024333
0.001113326521590352,-0.003137656720355153,0.004196622408926487
0.0011426284909248352,-0.0031376825645565987,0.00419999985024333
-0.001517883618362248,-0.0029345678631216288,0.00418702932074666
-0.0016002063639461994,-0.002934772288426757,0.00419999985024333
-0.001517980475910008,-0.0029806310776621103,0.00419999985024333
-0.0013156796339899302,-0.003077062079682946,0.00419999985024333
-0.001315393135882914,-0.0029343953356146812,0.004162479192018509
-0.0011129830963909626,-0.002934283809736371,0.004143581259995699
-0.0009105874923989177,-0.002934131072834134,0.004129370674490929
-0.0007082067313604057,-0.0029339774046093225,0.00411877129226923
-0.0005058440729044378,-0.002933862851932645,0.004110970068722963
-0.00030349951703101397,-0.0029338228050619364,0.00410606199875474
-0.00010116577323060483,-0.0029338267631828785,0.004103747196495533
0.00010116526391357183,-0.002933826996013522,0.0041040172800421715
0.00030349986627697945,-0.0029338235035538673,0.004106905311346054
0.0005058456445112824,-0.0029338637832552195,0.004112393595278263
0.0007082091178745031,-0.0029339781031012535,0.004120538476854563
0.0009105900535359979,-0.002934131072834134,0.004131467547267675
0.0011129847262054682,-0.0029342826455831528,0.004145668353885412
0.0013156598433852196,-0.0030675004236400127,0.00419999985024333
0.0013153930194675922,-0.0029343939386308193,0.004164212848991156
0.0015179712790995836,-0.0029769304674118757,0.00419999985024333
0.0015178825706243515,-0.0029345678631216288,0.004187894985079765
0.0015986005309969187,-0.0029347697272896767,0.00419999985024333
-0.0017202725866809487,-0.002732102060690522,0.0041680228896439075
-0.0019106961553916335,-0.0027329332660883665,0.00419999985024333
-0.0017205083277076483,-0.0028609076980501413,0.00419999985024333
-0.0015176516026258469,-0.002731749787926674,0.004141869023442268
-0.001315220375545323,-0.0027316249907016754,0.004121539648622274
-0.0011128528276458383,-0.0027315677143633366,0.004105198662728071
-0.0009105022763833404,-0.0027315160259604454,0.004092351999133825
-0.000708159408532083,-0.002731469227001071,0.004082252737134695
-0.0005058227689005435,-0.0027314359322190285,0.004074682481586933
-0.0003034916298929602,-0.002731423592194915,0.00406975531950593
-0.00010116364137502387,-0.002731423592194915,0.0040673199109733105
0.00010116351768374443,-0.002731423592194915,0.004067437257617712
0.000303491746308282,-0.002731423592194915,0.004070141818374395
0.0005058232345618308,-0.002731436165049672,0.004075455013662577
0.0007081600488163531,-0.002731469227001071,0.004083343781530857
0.0009105029748752713,-0.0027315160259604454,0.004093725234270096
0.0011128532933071256,-0.002731567481532693,0.004106573294848204
0.001315220375545323,-0.002731624525040388,0.004122612532228231
0.0015176512533798814,-0.0027317500207573175,0.004142302554100752
0.0017205120529979467,-0.0028638779185712337,0.00419999985024333
0.0017202715389430523,-0.0027321032248437405,0.004167255479842424
0.0019233429338783026,-0.002733278786763549,0.00419999985024333
0.001923342002555728,-0.002732990076765418,0.004199920687824488
0.0019237380474805832,-0.0027329938020557165,0.00419999985024333
-0.002126069739460945,-0.0025309324264526367,0.004191771615296602
-0.002163930097594857,-0.0025312730576843023,0.00419999985024333
-0.0021262639202177525,-0.002563180634751916,0.00419999985024333
-0.0019233186030760407,-0.0027237776666879654,0.00419999985024333
-0.001922774943523109,-0.002529882127419114,0.004156059585511684
-0.0017200197326019406,-0.0025293950457125902,0.004128248896449804
-0.0015175326261669397,-0.0025292059872299433,0.004105827305465937
-0.0013151526218280196,-0.00252914079464972,0.0040874602273106575
-0.0011128088226541877,-0.00252911658026278,0.004071767907589674
-0.0009104750351980329,-0.0025291007477790117,0.004058653488755226
-0.000708144623786211,-0.0025290881749242544,0.004047878552228212
-0.0005058161914348602,-0.002529079793021083,0.004039579536765814
-0.0003034891851712018,-0.0025290765333920717,0.004033948294818401
-0.00010116299381479621,-0.002529076300561428,0.004031045362353325
0.00010116297198692337,-0.002529076300561428,0.00403103930875659
0.0003034892142750323,-0.0025290765333920717,0.004033934324979782
0.0005058162496425211,-0.002529079793021083,0.004039845895022154
0.0007081447984091938,-0.0025290881749242544,0.004048488102853298
0.0009104752098210156,-0.0025291007477790117,0.004059602040797472
0.0011128089390695095,-0.00252911658026278,0.004072809126228094
0.0013151526218280196,-0.00252914079464972,0.004088360816240311
0.001517532509751618,-0.0025292059872299433,0.004106343258172274
0.0017200193833559752,-0.0025293955113738775,0.0041280086152255535
0.0019227741286158562,-0.0025298830587416887,0.0041548204608261585
0.0021263286471366882,-0.0025742126163095236,0.00419999985024333
0.002126068575307727,-0.0025309354532510042,0.004189281724393368
0.002176323439925909,-0.002531389705836773,0.00419999985024333
-0.0023286014329642057,-0.0023285981733351946,0.004188592080026865
-0.002378384117037058,-0.002328983275219798,0.00419999985024333
-0.0023289876990020275,-0.002377771772444248,0.00419999985024333
-0.0021252427250146866,-0.0023276174906641245,0.004150615073740482
-0.0019224128918722272,-0.002327102469280362,0.004120710771530867
-0.0017198774730786681,-0.0023268761578947306,0.004096147604286671
-0.0015174770960584283,-0.002326791873201728,0.0040748752653598785
-0.0013151280581951141,-0.0023267643991857767,0.004055855330079794
-0.0011127955513074994,-0.002326755551621318,0.004038795828819275
-0.0009104674682021141,-0.0023267511278390884,0.004024035297334194
-0.0007081406656652689,-0.002326748101040721,0.0040116505697369576
-0.0005058144452050328,-0.0023267462383955717,0.004001927562057972
0.0005058144452050328,-0.0023267462383955717,0.004001996945589781
0.0007081407238729298,-0.002326748101040721,0.004012157674878836
0.0009104674682021141,-0.0023267511278390884,0.0040250541642308235
0.0011127955513074994,-0.002326755551621318,0.004040037747472525
0.0013151280581951141,-0.0023267643991857767,0.004056989680975676
0.0015174769796431065,-0.002326791873201728,0.004075678996741772
0.0017198773566633463,-0.0023268763907253742,0.0040964181534945965
0.0019224124262109399,-0.002327103167772293,0.004120219498872757
0.0021252413280308247,-0.0023276195861399174,0.004149312153458595
0.0023290591780096292,-0.0023873078171163797,0.00419999985024333
0.0023285963106900454,-0.002328604692593217,0.0041867755353450775
0.0023862100206315517,-0.002329052658751607,0.00419999985024333
-0.0025309300981462,-0.002126057166606188,0.004191017709672451
-0.002566985320299864,-0.0021262739319354296,0.00419999985024333
-0.0025313012301921844,-0.002167369006201625,0.00419999985024333
-0.0023276167921721935,-0.0021252373699098825,0.004150437656790018
-0.0021247786935418844,-0.0021247779950499535,0.0041181473061442375
-0.0019222236005589366,-0.002124556340277195,0.004091287963092327
-0.0017198092537000775,-0.00212446553632617,0.004067141097038984
-0.0015174540458247066,-0.0021244336385279894,0.004044606350362301
-0.0013151197927072644,-0.002124423859640956,0.0040236907079815865
-0.001112791826017201,-0.002124421065673232,0.0040044719353318214
0.001112791826017201,-0.002124421065673232,0.0040061757899820805
0.0013151197927072644,-0.002124423859640956,0.004025373142212629
0.0015174540458247066,-0.0021244336385279894,0.00404601963236928
0.0017198091372847557,-0.00212446553632617,0.00406804820522666
0.0019222232513129711,-0.0021245568059384823,0.004091591574251652
0.002124777529388666,-0.002124778926372528,0.004117769654840231
0.0023276126012206078,-0.0021252399310469627,0.004149855114519596
0.002531309612095356,-0.0021697902120649815,0.00419999985024333
0.002530918689444661,-0.0021260613575577736,0.004190769977867603
0.0025672330521047115,-0.0021262795198708773,0.00419999985024333
-0.002529881661757827,-0.0019227707525715232,0.004155787639319897
-0.0027284235693514347,-0.0019233254715800285,0.00419999985024333
-0.0023271022364497185,-0.0019224109128117561,0.004120728000998497
-0.002124556340277195,-0.0019222229020670056,0.004091419745236635
-0.0019221395486965775,-0.0019221394322812557,0.00406472897157073
-0.001719781314022839,-0.001922107650898397,0.004039119929075241
-0.0015174455475062132,-0.0019220972899347544,0.004014304373413324
0.0015174455475062132,-0.0019220972899347544,0.0040162899531424046
0.001719781314022839,-0.0019221077673137188,0.004040608182549477
0.0019221394322812557,-0.0019221395486965775,0.004065621178597212
0.0021245558746159077,-0.0019222231348976493,0.004091776907444
0.002327100606635213,-0.001922411611303687,0.004120859317481518
0.0025298779364675283,-0.0019227716838940978,0.0041561489924788475
0.0027228763792663813,-0.00192330963909626,0.00419999985024333
-0.0027321018278598785,-0.0017202701419591904,0.004167778883129358
-0.0028632269240915775,-0.0017205086769536138,0.00419999985024333
-0.0027329609729349613,-0.0019170278683304787,0.00419999985024333
-0.0025293948128819466,-0.0017200184520334005,0.004128396976739168
-0.0023268761578947306,-0.001719876891002059,0.0040964530780911446
-0.00212446553632617,-0.0017198090208694339,0.004067579749971628
-0.001922107650898397,-0.0017197811976075172,0.004039445426315069
-0.0017197715351358056,-0.0017197714187204838,0.004011417273432016
0.0017197714187204838,-0.0017197715351358056,0.004013261292129755
0.001922107650898397,-0.001719781314022839,0.0040407003834843636
0.0021244653034955263,-0.0017198090208694339,0.004068296402692795
0.0023268756922334433,-0.0017198770074173808,0.004096996504813433
0.0025293943472206593,-0.0017200184520334005,0.004129113629460335
0.00273292139172554,-0.001908989273943007,0.00419999985024333
0.002732102293521166,-0.0017202693270519376,0.004169196356087923
0.0028541311621665955,-0.0017204899340867996,0.00419999985024333
-0.002934566466137767,-0.0015178824542090297,0.004187263548374176
-0.002979874610900879,-0.001517977681942284,0.00419999985024333
-0.0029347736854106188,-0.0016012878622859716,0.00419999985024333
-0.0027317493222653866,-0.0015176510205492377,0.004142202902585268
-0.0025292059872299433,-0.0015175322769209743,0.004106288310140371
-0.002326791873201728,-0.0015174768632277846,0.004075493197888136
-0.0021244336385279894,-0.0015174539294093847,0.004045441281050444
-0.0019220972899347544,-0.0015174455475062132,0.004015122540295124
0.0019220972899347544,-0.0015174455475062132,0.004016288556158543
0.0021244336385279894,-0.0015174539294093847,0.004046155139803886
0.002326791873201728,-0.0015174768632277846,0.004076023120433092
0.0025292059872299433,-0.0015175320440903306,0.0041069770231842995
0.0027317507192492485,-0.0015176498563960195,0.004143462050706148
0.002934737829491496,-0.0015846694586798549,0.00419999985024333
0.0029345713555812836,-0.001517878845334053,0.004189625382423401
0.0029705166816711426,-0.0015179532347247005,0.00419999985024333
-0.002934394171461463,-0.0013153936015442014,0.00416319165378809
-0.003073715837672353,-0.0013156741624698043,0.00419999985024333
-0.002731624525040388,-0.0013152204919606447,0.004122145939618349
-0.00252914079464972,-0.0013151526218280196,0.004088102374225855
-0.0023267643991857767,-0.0013151280581951141,0.0040567307732999325
-0.002124423859640956,-0.0013151197927072644,0.004024875815957785
0.002124423859640956,-0.0013151197927072644,0.004025202710181475
0.0023267643991857767,-0.0013151279417797923,0.004057024605572224
0.002529141027480364,-0.0013151522725820541,0.004088509827852249
0.002731625223532319,-0.0013152193278074265,0.004123007878661156
0.002934396266937256,-0.0013153896434232593,0.004164782352745533
0.0030650754924863577,-0.0013156479690223932,0.00419999985024333
-0.003137660212814808,-0.0011133266380056739,0.004194139968603849
-0.003156932070851326,-0.001113398466259241,0.00419999985024333
-0.003137703984975815,-0.0011634179390966892,0.00419999985024333
-0.0029342835769057274,-0.00111298484262079,0.004144356586039066
-0.0027315677143633366,-0.0011128532933071256,0.00410584919154644
-0.00252911658026278,-0.0011128089390695095,0.004072496201843023
-0.002326755551621318,-0.0011127955513074994,0.0040398454293608665
-0.002124421065673232,-0.001112791826017201,0.0040059443563222885
0.002124421065673232,-0.001112791826017201,0.004005492199212313
0.002326755551621318,-0.0011127954348921776,0.0040396153926849365
0.00252911658026278,-0.0011128087062388659,0.0040724920108914375
0.0027315677143633366,-0.0011128524783998728,0.004106271080672741
0.0029342833440750837,-0.0011129819322377443,0.0041452860459685326
0.003137689083814621,-0.001146945869550109,0.00419999985024333
0.0031376585830003023,-0.0011133181396871805,0.004195892717689276
0.003150917124003172,-0.0011133668012917042,0.00419999985024333
-0.003137251827865839,-0.0009108178201131523,0.004176048561930656
-0.003219907870516181,-0.0009110213140957057,0.00419999985024333
-0.0029341315384954214,-0.0009105891222134233,0.004129910375922918
-0.0027315160259604454,-0.0009105028002522886,0.004092879127711058
-0.0025291007477790117,-0.0009104751516133547,0.004059328697621822
-0.0023267511278390884,-0.0009104674682021141,0.004025103524327278
0.0023267511278390884,-0.0009104674682021141,0.004024093504995108
0.0025291007477790117,-0.0009104750351980329,0.004058736842125654
0.0027315160259604454,-0.0009105023927986622,0.004092685412615538
0.0029341308400034904,-0.000910587958060205,0.004130176268517971
0.003137249266728759,-0.000910815317183733,0.0041767386719584465
0.0032164810691028833,-0.0009110099636018276,0.00419999985024333
-0.0031368136405944824,-0.0007083351956680417,0.004162664525210857
-0.003269510343670845,-0.0007085187244229019,0.00419999985024333
-0.00293397787027061,-0.0007082074298523366,0.004118965473026037
-0.002731469227001071,-0.0007081596413627267,0.004082569852471352
-0.0025290881749242544,-0.0007081446819938719,0.004048388916999102
-0.002326748101040721,-0.0007081406656652689,0.004012568388134241
0.002326748101040721,-0.0007081406656652689,0.004010891076177359
0.0025290881749242544,-0.0007081446819938719,0.00404723547399044
0.002731469227001071,-0.0007081596995703876,0.004081855993717909
0.00293397787027061,-0.0007082077790983021,0.004118665587157011
0.0031368136405944824,-0.0007083371747285128,0.004162587225437164
0.0032685725018382072,-0.0007085236138664186,0.00419999985024333
-0.0031364646274596453,-0.0005059002432972193,0.004152875393629074
-0.0033096035476773977,-0.000505998614244163,0.00419999985024333
-0.0029338630847632885,-0.0005058441893197596,0.0041108098812401295
-0.0027314359322190285,-0.0005058228271082044,0.00407476257532835
-0.002529079793021083,-0.0005058161914348602,0.0040398649871349335
-0.0023267462383955717,-0.0005058144452050328,0.0040027080103755
0.0023267462383955717,-0.0005058144452050328,0.004000241402536631
0.002529079793021083,-0.0005058162496425211,0.004038172774016857
0.0027314363978803158,-0.000505823059938848,0.004073549993336201
0.0029338642489165068,-0.0005058450042270124,0.00410996749997139
0.003136468818411231,-0.0005059033283032477,0.004152099601924419
0.003311697393655777,-0.0005060083349235356,0.00419999985024333
-0.0031363575253635645,-0.0003035189874935895,0.00414672726765275
-0.003335043089464307,-0.00030355635681189597,0.00419999985024333
-0.0029338225722312927,-0.00030349925509653986,0.0041055260226130486
-0.002731423359364271,-0.0003034915716852993,0.004069588612765074
-0.0025290765333920717,-0.00030348915606737137,0.0040340605191886425
0.0025290765333920717,-0.0003034892142750323,0.00403185561299324
0.002731424057856202,-0.0003034917754121125,0.0040679513476789
0.0029338249005377293,-0.00030350007000379264,0.004104234278202057
0.0031363654416054487,-0.0003035217523574829,0.0041454508900642395
0.0033391870092600584,-0.00030468072509393096,0.00419999985024333
0.00333918584510684,-0.0003035652043763548,0.004199954681098461
0.0033393213525414467,-0.00030356523348018527,0.00419999985024333
-0.0033393315970897675,-0.00010118011414306238,0.0041973483748734
-0.0033473533112555742,-0.00010118075442733243,0.00419999985024333
-0.0033392151817679405,-0.00024087104247882962,0.00419999985024333
-0.003136388724669814,-0.00010117018973687664,0.004143699537962675
-0.0029338260646909475,-0.00010116538032889366,0.004102939739823341
-0.002731423359364271,-0.00010116353951161727,0.0040670218877494335
-0.002529076300561428,-0.00010116297198692337,0.004031229764223099
0.002529076300561428,-0.00010116300109075382,0.004028426483273506
0.002731424057856202,-0.00010116366320289671,0.004064919427037239
0.002933829091489315,-0.00010116588236996904,0.004101159516721964
0.0031363987363874912,-0.00010117194324266165,0.004142013378441334
0.003339359536767006,-0.00010118554200744256,0.004195873625576496
0.0033517375122755766,-0.000101187099062372,0.00419999985024333
-0.0033393315970897675,0.00010118010686710477,0.004197159316390753
-0.0033479477278888226,0.0001011807908071205,0.00419999985024333
-0.003136388724669814,0.00010117018973687664,0.004143662750720978
-0.0029338260646909475,0.00010116538032889366,0.004102999810129404
-0.002731423359364271,0.00010116353951161727,0.004067156929522753
-0.002529076300561428,0.00010116297198692337,0.00403143186122179
0.002529076300561428,0.00010116297926288098,0.004028110299259424
0.002731424057856202,0.00010116356133949012,0.004064585547894239
0.002933829091489315,0.00010116543853655457,0.004100780934095383
0.0031363987363874912,0.00010117040801560506,0.004141707438975573
0.0033393597695976496,0.00010118083446286619,0.004195638466626406
0.0033524015452712774,0.00010118198406416923,0.00419999985024333
-0.003339190734550357,0.0002706551749724895,0.00419999985024333
-0.0031363575253635645,0.0003035189874935895,0.00414655264467001
-0.003337241942062974,0.0003035567933693528,0.00419999985024333
-0.0029338225722312927,0.00030349925509653986,0.004105684347450733
-0.002731423359364271,0.0003034915716852993,0.004069922957569361
-0.0025290765333920717,0.00030348915606737137,0.004034590441733599
0.0025290765333920717,0.0003034891851712018,0.0040308088064193726
0.002731424057856202,0.00030349171720445156,0.00406689615920186
0.0029338249005377293,0.0003034997789654881,0.0041031623259186745
0.0031363656744360924,0.00030352079193107784,0.004144569393247366
0.00333918584510684,0.00030356255592778325,0.004199349321424961
0.00334112043492496,0.00030356307979673147,0.00419999985024333
-0.003136464860290289,0.0005059003015048802,0.004152482841163874
-0.003312986111268401,0.0005060005933046341,0.00419999985024333
-0.0029338630847632885,0.0005058441893197596,0.004110975656658411
-0.0027314359322190285,0.0005058228271082044,0.004075157456099987
-0.002529079793021083,0.0005058161914348602,0.004040485713630915
-0.0023267462383955717,0.0005058144452050328,0.004003502894192934
0.002529079793021083,0.0005058162496425211,0.00403644097968936
0.0027314363978803158,0.0005058230017311871,0.004071815870702267
0.0029338642489165068,0.0005058448878116906,0.004108226392418146
0.0031364690512418747,0.0005059029208496213,0.004150558728724718
0.0033162818290293217,0.0005060101393610239,0.00419999985024333
0.003339203307405114,0.00032113949418999255,0.00419999985024333
-0.0031368136405944824,0.0007083351956680417,0.0041620684787631035
-0.0032735432032495737,0.0007085243123583496,0.00419999985024333
-0.00293397787027061,0.0007082074298523366,0.004119175486266613
-0.002731469227001071,0.0007081596413627267,0.004083015490323305
-0.0025290881749242544,0.0007081446819938719,0.004049018025398254
-0.002326748101040721,0.0007081406656652689,0.004013428930193186
0.002326748101040721,0.0007081406656652689,0.004008496180176735
0.0025290881749242544,0.0007081446819938719,0.004044829402118921
0.002731469227001071,0.0007081596413627267,0.004079427104443312
0.00293397787027061,0.0007082077208906412,0.00411615613847971
0.0031368136405944824,0.0007083370583131909,0.004160132724791765
0.003277120878919959,0.000708535488229245,0.00419999985024333
-0.003137251827865839,0.0009108178201131523,0.00417520385235548
-0.0032240920700132847,0.0009110316168516874,0.00419999985024333
-0.0029341315384954214,0.0009105891222134233,0.004130093846470118
-0.0027315160259604454,0.0009105028002522886,0.004093321040272713
-0.0025291007477790117,0.0009104751516133547,0.004059911239892244
-0.0023267511278390884,0.0009104674682021141,0.0040258741937577724
0.0023267511278390884,0.0009104674682021141,0.004021064843982458
0.0025291007477790117,0.0009104750351980329,0.004055664408951998
0.0027315160259604454,0.0009105023927986622,0.004089531023055315
0.0029341308400034904,0.000910587958060205,0.004126773215830326
0.003137249266728759,0.000910815317183733,0.00417306600138545
0.0032295193523168564,0.00091104197781533,0.00419999985024333
-0.003137660212814808,0.0011133266380056739,0.004193197935819626
-0.0031603146344423294,0.0011134110391139984,0.00419999985024333
-0.0029342835769057274,0.0011129849590361118,0.004144344013184309
-0.0027315677143633366,0.0011128534097224474,0.004106249660253525
-0.00252911658026278,0.0011128089390695095,0.004073046147823334
-0.002326755551621318,0.0011127955513074994,0.004040560219436884
-0.002124421065673232,0.001112791826017201,0.004007032141089439
0.002124421065673232,0.001112791826017201,0.004001801833510399
0.002326755551621318,0.0011127954348921776,0.004035925958305597
0.00252911658026278,0.0011128087062388659,0.00406876252964139
0.0027315677143633366,0.0011128524783998728,0.004102266859263182
0.0029342833440750837,0.0011129819322377443,0.004140699282288551
0.0031376585830003023,0.0011133181396871805,0.004190458450466394
0.0031689279712736607,0.00111343280877918,0.00419999985024333
-0.003137711202725768,0.0011715738801285625,0.00419999985024333
-0.0029343944042921066,0.001315393834374845,0.0041629294864833355
-0.0030763770919293165,0.001315679750405252,0.00419999985024333
-0.0027316247578710318,0.0013152206083759665,0.004122327547520399
-0.00252914079464972,0.0013151526218280196,0.004088554531335831
-0.0023267643991857767,0.0013151280581951141,0.004057368729263544
-0.002124423859640956,0.0013151197927072644,0.004025943577289581
0.002124423859640956,0.0013151197927072644,0.004021125379949808
0.0023267646320164204,0.0013151280581951141,0.004052840173244476
0.002529141027480364,0.001315152388997376,0.004084194544702768
0.0027316254563629627,0.0013152194442227483,0.0041180881671607494
0.0029343964997678995,0.001315389876253903,0.004158729687333107
0.00309093133546412,0.001315699191763997,0.00419999985024333
0.003137736115604639,0.0011989433551207185,0.00419999985024333
-0.002934567164629698,0.0015178831527009606,0.004186680074781179
-0.0029822522774338722,0.0015179833862930536,0.00419999985024333
-0.002731749787926674,0.0015176513697952032,0.004142023157328367
-0.0025292059872299433,0.001517532393336296,0.004106452222913504
-0.002326791873201728,0.0015174769796431065,0.004075962584465742
-0.0021244336385279894,0.0015174539294093847,0.004046358168125153
-0.0019220972899347544,0.0015174455475062132,0.004016983322799206
0.0019220972899347544,0.0015174455475062132,0.00401189923286438
0.0021244336385279894,0.0015174540458247066,0.00404178723692894
0.0023267921060323715,0.0015174769796431065,0.00407155929133296
0.0025292064528912306,0.001517532393336296,0.004102062433958054
0.0027317514177411795,0.0015176504384726286,0.004137477371841669
0.002934572286903858,0.0015178796602413058,0.004181761294603348
0.0029999820981174707,0.0015180149348452687,0.00419999985024333
-0.0029347888194024563,0.0016068187542259693,0.00419999985024333
-0.002732102992013097,0.0017202714225277305,0.004166787955909967
-0.0028676409274339676,0.0017205188050866127,0.00419999985024333
-0.002529395744204521,0.0017200192669406533,0.004127881024032831
-0.0023268763907253742,0.0017198772402480245,0.004096485674381256
-0.0021244657691568136,0.0017198091372847557,0.00406813295558095
-0.0019221077673137188,0.001719781314022839,0.004040991887450218
-0.0017197715351358056,0.0017197714187204838,0.004014112986624241
0.0017197714187204838,0.0017197715351358056,0.00400874437764287
0.001922107650898397,0.001719781314022839,0.00403625937178731
0.00212446553632617,0.0017198092537000775,0.004063780419528484
0.0023268761578947306,0.00171987758949399,0.004092305898666382
0.002529395744204521,0.0017200196161866188,0.004123572260141373
0.002732104854658246,0.0017202714225277305,0.004161974415183067
0.0028892927803099155,0.001720556290820241,0.00419999985024333
0.002934884512796998,0.0016425821231678128,0.00419999985024333
-0.0027329919394105673,0.001923342002555728,0.004198708105832338
-0.00273775402456522,0.0019233583007007837,0.00419999985024333
-0.0025298846885561943,0.0019227737793698907,0.004154006019234657
-0.002327103866264224,0.0019224121933802962,0.0041197906248271465
-0.002124557038769126,0.0019222231348976493,0.004091277252882719
-0.0019221396651118994,0.0019221394322812557,0.004065556451678276
-0.001719781314022839,0.001922107650898397,0.004041081760078669
-0.0015174455475062132,0.0019220972899347544,0.004017479717731476
0.0015174455475062132,0.0019220972899347544,0.004012290854007006
0.0017197811976075172,0.001922107650898397,0.004036443307995796
0.0019221394322812557,0.0019221395486965775,0.004061409272253513
0.0021245565731078386,0.0019222236005589366,0.004087518900632858
0.002327102469280362,0.0019224131247028708,0.004116136580705643
0.0025298825930804014,0.00192277564201504,0.004150056280195713
0.0027329912409186363,0.0019233445636928082,0.0041937935166060925
0.0027564004994928837,0.0019234243081882596,0.00419999985024333
-0.0027330529410392046,0.0019300159765407443,0.00419999985024333
-0.0025309405755251646,0.0021260669454932213,0.004187069833278656
-0.0025834038387984037,0.0021263821981847286,0.00419999985024333
-0.002327621215954423,0.0021252406295388937,0.004147762898355722
-0.0021247791592031717,0.0021247772965580225,0.004116682335734367
-0.0019222231348976493,0.0021245558746159077,0.004091106820851564
-0.0017198090208694339,0.0021244653034955263,0.004068051464855671
-0.0015174539294093847,0.0021244336385279894,0.004046658519655466
-0.0013151197927072644,0.002124423859640956,0.004026554990559816
-0.001112791826017201,0.002124421065673232,0.004007851704955101
0.001112791826017201,0.002124421065673232,0.004003431182354689
0.0013151197927072644,0.002124423859640956,0.004022097680717707
0.0015174539294093847,0.0021244336385279894,0.004042475484311581
0.0017198090208694339,0.00212446553632617,0.004064306616783142
0.0019222229020670056,0.002124556340277195,0.004087864886969328
0.0021247779950499535,0.0021247784607112408,0.004113857168704271
0.0023276174906641245,0.0021252429578453302,0.0041450392454862595
0.0025309319607913494,0.0021260723005980253,0.0041839140467345715
0.0025973378214985132,0.0021264732349663973,0.00419999985024333
0.002733278786763549,0.001954903593286872,0.00419999985024333
-0.0025315238162875175,0.0021904155146330595,0.00419999985024333
-0.0023286067880690098,0.0023285953793674707,0.004182920325547457
-0.002406134968623519,0.0023292051628232002,0.00419999985024333
-0.002125239698216319,0.0023276126012206078,0.004147128667682409
-0.0019224113784730434,0.0023271003738045692,0.004119109828025103
-0.0017198770074173808,0.0023268754594027996,0.004095936194062233
-0.0015174769796431065,0.002326791640371084,0.004075759090483189
-0.0013151280581951141,0.0023267643991857767,0.004057483281940222
-0.0011127955513074994,0.002326755551621318,0.004040912725031376
-0.0009104674682021141,0.0023267511278390884,0.004026234149932861
-0.0007081406656652689,0.002326748101040721,0.00401371018961072
-0.0005058144452050328,0.0023267462383955717,0.004003704059869051
0.0005058144452050328,0.0023267462383955717,0.004001843277364969
0.0007081407238729298,0.002326748101040721,0.0040112747810781
0.0009104674682021141,0.0023267511278390884,0.004023320507258177
0.0011127955513074994,0.002326755551621318,0.0040376754477620125
0.0013151280581951141,0.0023267643991857767,0.004054185468703508
0.0015174769796431065,0.002326791873201728,0.0040727113373577595
0.0017198770074173808,0.002326875925064087,0.00409336481243372
0.0019224111456423998,0.0023271015379577875,0.004117111209779978
0.00212523783557117,0.002327615162357688,0.004145711660385132
0.0023285988718271255,0.0023285998031497,0.004181839060038328
0.002411140128970146,0.0023292500991374254,0.00419999985024333
0.002531620906665921,0.0022026877850294113,0.00419999985024333
-0.002329226117581129,0.0024084793403744698,0.00419999985024333
-0.002126059029251337,0.0025309191551059484,0.004185175988823175
-0.0021990486420691013,0.0025315717794001102,0.00419999985024333
-0.0019227711018174887,0.0025298772379755974,0.0041525280103087425
-0.0017200184520334005,0.0025293934158980846,0.004126769490540028
-0.0015175322769209743,0.002529205521568656,0.004105816129595041
-0.0013151525054126978,0.00252914079464972,0.004088266286998987
-0.0011128088226541877,0.00252911658026278,0.004073061980307102
-0.0009104750351980329,0.0025291007477790117,0.004060057457536459
-0.000708144623786211,0.0025290881749242544,0.00404915539547801
-0.0005058161914348602,0.002529079793021083,0.004040515515953302
-0.0003034891851712018,0.0025290765333920717,0.004034525714814663
-0.00010116299381479621,0.002529076300561428,0.0040313443168997765
0.00010116297198692337,0.002529076300561428,0.004031109623610973
0.0003034892142750323,0.0025290765333920717,0.004033741541206837
0.0005058162496425211,0.002529079793021083,0.00403915299102664
0.0007081447984091938,0.0025290881749242544,0.004047293681651354
0.0009104752098210156,0.0025291007477790117,0.004057822283357382
0.0011128089390695095,0.00252911658026278,0.004070640075951815
0.0013151526218280196,0.00252914079464972,0.004085945896804333
0.0015175322769209743,0.0025292059872299433,0.004103892482817173
0.0017200185684487224,0.002529394580051303,0.004125513602048159
0.0019227712182328105,0.002529880264773965,0.004152124747633934
0.0021260585635900497,0.0025309252087026834,0.004185976926237345
0.0021934453397989273,0.0025315287057310343,0.00419999985024333
0.002329217968508601,0.0024084514006972313,0.00419999985024333
-0.0021264355164021254,0.0025937713216990232,0.00419999985024333
-0.0019233378116041422,0.002732980763539672,0.004195653833448887
-0.0019464913057163358,0.0027331907767802477,0.00419999985024333
-0.001720270374789834,0.002732099499553442,0.004164812155067921
-0.0015176510205492377,0.002731749089434743,0.0041409642435610294
-0.001315220259130001,0.0027316247578710318,0.0041219149716198444
-0.0011128528276458383,0.0027315677143633366,0.0041062310338020325
-0.0009105022763833404,0.0027315160259604454,0.004093537572771311
-0.000708159408532083,0.002731469227001071,0.004083337262272835
-0.0005058227689005435,0.0027314359322190285,0.004075398202985525
-0.0003034916298929602,0.002731423592194915,0.004070032853633165
-0.00010116364137502387,0.002731423592194915,0.004067186266183853
0.00010116351768374443,0.002731423592194915,0.004066924098879099
0.000303491746308282,0.002731423592194915,0.004069212824106216
0.0005058232345618308,0.002731436165049672,0.004074011463671923
0.0007081600488163531,0.002731469227001071,0.004081510938704014
0.0009105029748752713,0.0027315160259604454,0.004091508686542511
0.0011128532933071256,0.002731567481532693,0.004104287829250097
0.001315220259130001,0.002731624525040388,0.004120309837162495
0.001517650904133916,0.0027317495550960302,0.004140119533985853
0.0017202702583745122,0.0027321018278598785,0.004165120422840118
0.0019233382772654295,0.0027329865843057632,0.004197660367935896
0.0019351254450157285,0.0027330939192324877,0.00419999985024333
0.0021263938397169113,0.0025866578798741102,0.00419999985024333
-0.0019233947386965156,0.002749609760940075,0.00419999985024333
-0.001720538130030036,0.0028787024784833193,0.00419999985024333
-0.0015178828034549952,0.002934566931799054,0.004185148049145937
-0.001622338779270649,0.0029348251409828663,0.00419999985024333
-0.0013153929030522704,0.0029343951027840376,0.0041626556776463985
-0.0011129829799756408,0.002934283809736371,0.004144768696278334
-0.0009105874923989177,0.002934131072834134,0.004130832850933075
-0.0007082066731527448,0.0029339774046093225,0.004120120778679848
-0.0005058440729044378,0.002933862851932645,0.004111859481781721
-0.00030349951703101397,0.0029338228050619364,0.004106367472559214
-0.00010116577323060483,0.0029338267631828785,0.004103398881852627
0.00010116526391357183,0.002933826996013522,0.0041030654683709145
0.0003034998953808099,0.0029338235035538673,0.004105341155081987
0.0005058456445112824,0.0029338637832552195,0.004110230598598719
0.0007082090596668422,0.00293397787027061,0.004118046723306179
0.000910589995328337,0.002934131072834134,0.004128665663301945
0.0011129847262054682,0.002934282412752509,0.004142902325838804
0.0013153927866369486,0.0029343937058001757,0.0041615101508796215
0.0015178819885477424,0.002934567164629698,0.004185383673757315
0.001614371663890779,0.0029348074458539486,0.00419999985024333
0.0017205254407599568,0.002872318495064974,0.00419999985024333
0.0019233672646805644,0.0027414923533797264,0.00419999985024333
-0.0015179951442405581,0.002988003194332123,0.00419999985024333
-0.001315677654929459,0.0030761812813580036,0.00419999985024333
-0.0011133209336549044,0.0031376604456454515,0.004194811452180147
-0.0011603933526203036,0.0031377023551613092,0.00419999985024333
-0.000910813279915601,0.0031372501980513334,0.004177342634648085
-0.0007083335658535361,0.003136811777949333,0.004164204467087984
-0.0005059002432972193,0.003136464161798358,0.0041543361730873585
-0.0003035199479199946,0.0031363586895167828,0.004147969186306
-0.00010117157216882333,0.0031363910529762506,0.004144462291151285
0.00010116968769580126,0.0031363917514681816,0.004143979866057634
0.0003035209374502301,0.003136360552161932,0.0041464753448963165
0.0005059053073637187,0.003136466955766082,0.004152073059231043
0.0007083412492647767,0.003136814571917057,0.004161390010267496
0.0009108212543651462,0.0031372506637126207,0.004174385219812393
0.001113326521590352,0.003137656720355153,0.004192351829260588
0.001178968115709722,0.0031377144623547792,0.00419999985024333
0.0013156852219253778,0.0030802942346781492,0.00419999985024333
0.0015179902547970414,0.0029862995725125074,0.00419999985024333
-0.0011133832158520818,0.0031545953825116158,0.00419999985024333
-0.0009110012324526906,0.0032146000303328037,0.00419999985024333
-0.000708507199306041,0.003262690734118223,0.00419999985024333
-0.0005059952381998301,0.0033027937170118093,0.00419999985024333
-0.00030355813214555383,0.003329265397042036,0.00419999985024333
-0.0001011844287859276,0.0033393383491784334,0.004198428709059954
-0.00017254098202101886,0.0033392778132110834,0.00419999985024333
0.00010117808415088803,0.0033393402118235826,0.004197702743113041
0.00026306352810934186,0.0033392056357115507,0.00419999985024333
0.00030356182833202183,0.0033371797762811184,0.00419999985024333
0.0005060147377662361,0.0033141104504466057,0.00419999985024333
0.0007085417746566236,0.0032754288986325264,0.00419999985024333
0.000911044015083462,0.0032264755573123693,0.00419999985024333
0.0011134209344163537,0.0031629707664251328,0.00419999985024333
-0.00010118497448274866,0.003344023134559393,0.00419999985024333
0.00010117845522472635,0.003346214769408107,0.00419999985024333
-0.0006708399741910398,-0.0039183408953249454,0.004399999976158142
-0.0007104685064405203,-0.0038170863408595324,0.004361892119050026
-0.0005512023344635963,-0.003945338539779186,0.004399999976158142
-0.000710941618308425,-0.003926018252968788,0.004399999976158142
-0.0007106852135621011,-0.003856861963868141,0.004376609809696674
-0.0005124550662003458,-0.003943178802728653,0.004393310751765966
-0.0005062276613898575,-0.003744881134480238,0.004323165863752365
-0.0005059909308329225,-0.0038156150840222836,0.004364189226180315
-0.0005056166555732489,-0.003942771814763546,0.004392645321786404
-0.000620063568931073,-0.0037491670809686184,0.004344171844422817
-0.0005925471195951104,-0.003917916677892208,0.004399999976158142
-0.0007099928916431963,-0.0037518739700317383,0.0043436200357973576
-0.000315710436552763,-0.003947572782635689,0.004387942608445883
-0.0003845744067803025,-0.0037452885881066322,0.0043200901709496975
-0.00040785156306810677,-0.003943819552659988,0.00439660856500268
-0.0003035929112229496,-0.0038234421517699957,0.004361552186310291
-0.0004044210072606802,-0.003943867981433868,0.004396618809551001
-0.00030362443067133427,-0.003745559835806489,0.004317864775657654
-0.00030354814953170717,-0.003948091994971037,0.004387384746223688
-0.00020938368106726557,-0.003951987251639366,0.0043932353146374226
-0.00020255222625564784,-0.0039522722363471985,0.004393420647829771
-0.00010125112748937681,-0.003747971961274743,0.0043171769939363
-0.00010129668225999922,-0.0038287814240902662,0.004360970575362444
-0.00011500148684717715,-0.0039542741142213345,0.004386517219245434
-0.00010135884076589718,-0.003954638261348009,0.004385979380458593
-0.00018479717255104333,-0.0037469761446118355,0.004317433573305607
7.045185611787019e-06,-0.003955947235226631,0.004392983857542276
-6.33919654546844e-08,-0.003956024069339037,0.004393171984702349
-8.761055505601689e-05,-0.003954788204282522,0.004386428743600845
0.00010120185470441356,-0.0037479810416698456,0.004318243823945522
0.00010122195089934394,-0.003827709937468171,0.004361493978649378
0.00010125007975148037,-0.0039546494372189045,0.004387045279145241
1.8022406948148273e-05,-0.003747977316379547,0.004317828454077244
0.00020671910897362977,-0.003952124621719122,0.004395800177007914
0.000202475261176005,-0.0039523011073470116,0.0043958998285233974
0.00030358770163729787,-0.0038206360768526793,0.004362951964139938
0.00011377177725080401,-0.0039543164893984795,0.004387629218399525
0.00030362437246367335,-0.0037455838173627853,0.004320931155234575
0.00030353263719007373,-0.00394812785089016,0.00439050467684865
0.00022254500072449446,-0.003746544010937214,0.00431989086791873
0.00031265750294551253,-0.003947739023715258,0.0043909610249102116
0.0004404770443215966,-0.003943530842661858,0.004399999976158142
0.0005060991388745606,-0.003811575472354889,0.004366253037005663
0.0005063000717200339,-0.003744916059076786,0.004327655304223299
0.0004072098236065358,-0.003938576672226191,0.004399999976158142
0.0005057515227235854,-0.003942831419408321,0.0043975189328193665
0.0004303340392652899,-0.003745166352018714,0.004325036890804768
0.0003919532464351505,-0.003944433759897947,0.004399999976158142
0.0004019957850687206,-0.003939025104045868,0.004399999976158142
0.0007106781122274697,-0.003827693872153759,0.004371980205178261
0.000508070457726717,-0.0039429692551493645,0.004397733137011528
0.0007110745063982904,-0.003908833954483271,0.004399999976158142
0.0007100870716385543,-0.0037518448662012815,0.004349782597273588
0.0005205131019465625,-0.003943664487451315,0.004399999976158142
0.0006547333905473351,-0.003901261370629072,0.004399999976158142
0.0007108511053957045,-0.003856947412714362,0.0043824585154652596
0.0006094466662034392,-0.0037488178350031376,0.0043494259007275105
0.0005847690044902265,-0.003902029013261199,0.004399999976158142
-0.0012109865201637149,-0.003761143423616886,0.004391368478536606
-0.0011154935928061604,-0.003549466375261545,0.004303480964154005
-0.0013191341422498226,-0.0036013382486999035,0.0043491036631166935
-0.0011165603064000607,-0.003646064316853881,0.004354121629148722
-0.0013197720982134342,-0.0036545880138874054,0.0043697115033864975
-0.001318419468589127,-0.0035497434437274933,0.004334603901952505
-0.001117646461352706,-0.0037594118621200323,0.004374411888420582
-0.0012197905452921987,-0.0037612582091242075,0.004392590373754501
-0.0012530862586572766,-0.0035498226061463356,0.004332232754677534
-0.001318850670941174,-0.003757774829864502,0.004399999976158142
-0.0013212210033088923,-0.003757762722671032,0.004399999976158142
-0.0013115201145410538,-0.003760335734114051,0.004399999976158142
-0.0009763118578121066,-0.003755672601982951,0.004361763130873442
-0.0010903304209932685,-0.003758523380383849,0.004373329691588879
-0.0010183431440964341,-0.003548309439793229,0.004295558203011751
-0.0009132052073255181,-0.0037540944758802652,0.004354565870016813
-0.0009121610200963914,-0.0035470451693981886,0.004285638686269522
-0.0010153516195714474,-0.0037565131206065416,0.00436784140765667
-0.0009128082310780883,-0.0036670006811618805,0.004342156462371349
-0.0007555821212008595,-0.0037529938854277134,0.004344779532402754
-0.0008665698696859181,-0.003753828816115856,0.004354091826826334
-0.0007097954512573779,-0.0036841263063251972,0.0043329596519470215
-0.0008116617682389915,-0.0037536791060119867,0.00435189763084054
-0.0007091127918101847,-0.0035449352581053972,0.004273695405572653
-0.000829610857181251,-0.0035461874213069677,0.004281310830265284
-0.0006368815083988011,-0.0035440775100141764,0.004271187353879213
-0.0005062046111561358,-0.003646647557616234,0.004297089762985706
-0.0005061802221462131,-0.003542525228112936,0.004264977294951677
-0.00030361133394762874,-0.003542326157912612,0.004259790759533644
-0.00010120805382030085,-0.003543038619682193,0.0042581637389957905
0.00010118914360646158,-0.0035430430434644222,0.004258992150425911
0.00030361436074599624,-0.0035423384979367256,0.004262251313775778
0.0005062145064584911,-0.0035425443202257156,0.004268704913556576
0.0005790144787169993,-0.0035434113815426826,0.004271741956472397
0.0007098469650372863,-0.003675341373309493,0.0043372176587581635
0.0007091641309671104,-0.0035449613351374865,0.00427854061126709
0.0005062572890892625,-0.0036436638329178095,0.00430006580427289
0.000763363903388381,-0.0037531412672251463,0.004352331627160311
0.0009132887935265899,-0.003754108212888241,0.004361184313893318
0.0009122109040617943,-0.0035470600705593824,0.004291168414056301
0.000873417011462152,-0.003753889352083206,0.004360742401331663
0.0008117711404338479,-0.0037537345197051764,0.0043584685772657394
0.0009128384990617633,-0.0036588048096746206,0.004346126224845648
0.0007938086637295783,-0.0035458363126963377,0.004283374175429344
0.0010965516557916999,-0.003758641891181469,0.004379290156066418
0.0010154652409255505,-0.003756502643227577,0.004374269396066666
0.000984661397524178,-0.003755854908376932,0.004369836766272783
0.0011177676497027278,-0.0037593222223222256,0.0043800571002066135
0.0011155405081808567,-0.00354944565333426,0.004308415576815605
0.0011165848700329661,-0.0036403178237378597,0.0043568359687924385
0.0010131384478881955,-0.003548244247213006,0.004299274645745754
0.001319170813076198,-0.0036084128078073263,0.004355913493782282
0.0013020000187680125,-0.00374050997197628,0.004399999976158142
0.0012188743567094207,-0.00376119464635849,0.0043990034610033035
0.0012314404593780637,-0.0037610915023833513,0.004399999976158142
0.0013197159860283136,-0.0036545342300087214,0.004373348783701658
0.0012445416068658233,-0.0035497662611305714,0.004336437676101923
0.001219890546053648,-0.0037612079177051783,0.004399129189550877
0.0013183725532144308,-0.0035496726632118225,0.004338928032666445
0.0013209303142502904,-0.003740576794371009,0.004399999976158142
-0.0019249084871262312,-0.003439093241468072,0.004394967574626207
-0.0018048071069642901,-0.003508320776745677,0.004399999976158142
-0.001924892421811819,-0.003444167086854577,0.004396458156406879
-0.0019250577315688133,-0.0033431213814765215,0.004366661421954632
-0.0017217113636434078,-0.003544803475961089,0.004385101608932018
-0.0018130200915038586,-0.003342493437230587,0.00435509392991662
-0.001721557229757309,-0.0033417732920497656,0.004319894127547741
-0.0019248221069574356,-0.0034571727737784386,0.004399999976158142
-0.0017216261476278305,-0.003418701235204935,0.004362127278000116
-0.0018625694792717695,-0.003482967847958207,0.004399999976158142
-0.001779397251084447,-0.003544506849721074,0.004399999976158142
-0.0016208081506192684,-0.0035458593629300594,0.004375713411718607
-0.001705328468233347,-0.0035449706483632326,0.004383764695376158
-0.0015202728100121021,-0.0035478391218930483,0.0043577211908996105
-0.0015190461417660117,-0.0033421649131923914,0.004290557932108641
-0.001519775134511292,-0.0034561592619866133,0.004344640299677849
-0.0016151787713170052,-0.0033419791143387556,0.004305059090256691
-0.0015903169987723231,-0.0035465210676193237,0.004369648639112711
-0.0013568018330261111,-0.0035498575307428837,0.004337839316576719
-0.001474108430556953,-0.003548642387613654,0.004354116506874561
-0.0014197048731148243,-0.0035497171338647604,0.00435005035251379
-0.001316658454015851,-0.003342584939673543,0.004268005024641752
-0.0014356202445924282,-0.00334233813919127,0.004282441455870867
-0.0013180365785956383,-0.0034952382557094097,0.004326398950070143
-0.0012524329358711839,-0.0033425278961658478,0.004263406153768301
-0.0011148953344672918,-0.003462201915681362,0.004284288268536329
-0.001114073907956481,-0.0033424049615859985,0.004248819313943386
-0.0009113093256019056,-0.0033413914497941732,0.004232250154018402
-0.0007086142431944609,-0.0033403232228010893,0.0042192148976027966
-0.000506016134750098,-0.0033393746707588434,0.004208436701446772
-0.00030356008210219443,-0.003339166520163417,0.004201969597488642
0.00010117808415088803,-0.0033393402118235826,0.004200080409646034
0.0003035622357856482,-0.003339171875268221,0.004204466473311186
0.0005060302792117,-0.0033393825870007277,0.0042121270671486855
0.000708635663613677,-0.003340332303196192,0.004223530180752277
0.0009113309788517654,-0.003341394942253828,0.004236830864101648
0.0011140902061015368,-0.0033423956483602524,0.0042527359910309315
0.0011717267334461212,-0.003342445008456707,0.004256907384842634
0.0013166528660804033,-0.0033425691071897745,0.004271118901669979
0.0011149049969390035,-0.0034587157424539328,0.004287640564143658
0.0013179490342736244,-0.003488665446639061,0.0043295519426465034
0.001361669972538948,-0.00354979420080781,0.0043426938354969025
0.001419655978679657,-0.0035496593918651342,0.004353613592684269
0.0015190390404313803,-0.0033421514090150595,0.004292544908821583
0.0014772835420444608,-0.0035485245753079653,0.0043573095463216305
0.001520246732980013,-0.003547780681401491,0.004360042978078127
0.0013962850207462907,-0.003342404728755355,0.004278693348169327
0.001519739511422813,-0.0034530533012002707,0.004346132278442383
0.0015925603220239282,-0.003546440973877907,0.00437189731746912
0.001620795577764511,-0.003545836778357625,0.004377004690468311
0.0017216283595189452,-0.003418487962335348,0.004362238105386496
0.0017217161366716027,-0.003544814884662628,0.004384973552078009
0.0016272439388558269,-0.0033419562969356775,0.004306858871132135
0.0017052339389920235,-0.0035449774004518986,0.00438366923481226
0.0017215581610798836,-0.00334178633056581,0.00432019867002964
0.0019249659962952137,-0.003435533493757248,0.004391364753246307
0.0019249421311542392,-0.0034442422911524773,0.004394042305648327
0.001863659592345357,-0.0034840595908463,0.004399999976158142
0.0019250684417784214,-0.0033431737683713436,0.004364279564470053
0.00178127724211663,-0.0035445289686322212,0.004399999976158142
0.0018151109106838703,-0.003342539072036743,0.004354069009423256
0.0018057271372526884,-0.0035101042594760656,0.004399999976158142
0.0019248451571911573,-0.0034650187008082867,0.004399999976158142
-0.002130322391167283,-0.003219206351786852,0.004373691976070404
-0.002130553824827075,-0.003246223321184516,0.004382820334285498
-0.002011350356042385,-0.0033449234906584024,0.004384046420454979
-0.0021311070304363966,-0.0033137095160782337,0.004399999976158142
-0.0019246278097853065,-0.0031398418359458447,0.004299434833228588
-0.0019249332835897803,-0.003242514794692397,0.004349555354565382
-0.0020277013536542654,-0.0033452236093580723,0.004387854132801294
-0.0021294502075761557,-0.003143192734569311,0.004350536037236452
-0.0020439510699361563,-0.0031420146115124226,0.00434181559830904
-0.002106990898028016,-0.0033242437057197094,0.004399999976158142
-0.002088065491989255,-0.0033473768271505833,0.004399999976158142
-0.0017210935475304723,-0.0031383305322378874,0.0042677391320466995
-0.0017213327810168266,-0.003243309911340475,0.00429679686203599
-0.0018358350498601794,-0.003139182459563017,0.004287250805646181
-0.0015183110954239964,-0.003137922612950206,0.004240664187818766
-0.0013158017536625266,-0.0031378406565636396,0.004216265399008989
0.001315800822339952,-0.0031378353014588356,0.004219038411974907
0.0015183085342869163,-0.0031379200518131256,0.0042420621030032635
0.001721090986393392,-0.0031383379828184843,0.004267461132258177
0.0018003074219450355,-0.003138929372653365,0.00427784351631999
0.0019246174488216639,-0.0031398574355989695,0.004297122359275818
0.0019249414326623082,-0.003245983039960265,0.0043478673323988914
0.0017213319661095738,-0.0032432961743324995,0.0042968206107616425
0.0021301780361682177,-0.0032094167545437813,0.004364140797406435
0.002130483277142048,-0.0032462445087730885,0.004377034027129412
0.0020276671275496483,-0.0033452650532126427,0.0043839989230036736
0.0020063244737684727,-0.003344874829053879,0.004379168152809143
0.002131188288331032,-0.0033351904712617397,0.004399999976158142
0.002112714806571603,-0.003348294645547867,0.004399999976158142
0.0020519562531262636,-0.0031421715393662453,0.004337896127253771
0.0021294348407536745,-0.0031432430259883404,0.004344897344708443
0.0021209355909377337,-0.0033384731505066156,0.004399999976158142
-0.002335274824872613,-0.003015586407855153,0.00436477130278945
-0.002335292287170887,-0.002944021485745907,0.004325902089476585
-0.0023352026473730803,-0.0031470400281250477,0.004388703498989344
-0.0024946299381554127,-0.0030290279537439346,0.004399999976158142
-0.0025447364896535873,-0.0029518981464207172,0.004382889252156019
-0.002408956876024604,-0.0029473877511918545,0.004365078639239073
-0.0025465937796980143,-0.003008076222613454,0.004399999976158142
-0.002451671287417412,-0.0030616566073149443,0.004399999976158142
-0.002410197164863348,-0.0030921739526093006,0.004399999976158142
-0.0023739554453641176,-0.0031486486550420523,0.004399999976158142
-0.0023216945119202137,-0.0031467778608202934,0.004386893939226866
-0.0022321126889437437,-0.0031450509559363127,0.004374842159450054
-0.0021964297629892826,-0.0031445163767784834,0.004365168046206236
-0.0022267040330916643,-0.0029414515011012554,0.004305093549191952
-0.002129291882738471,-0.0030640766490250826,0.0043388856574893
-0.002128641353920102,-0.0029391306452453136,0.004285541828721762
-0.0020517988596111536,-0.002938102465122938,0.004275115206837654
-0.0019243862479925156,-0.003055751556530595,0.004282664507627487
-0.0019240432884544134,-0.002936392789706588,0.00425075925886631
-0.0017206440679728985,-0.002935071475803852,0.004218386486172676
0.0017206419724971056,-0.0029350747354328632,0.004217705689370632
0.001924037467688322,-0.002936398144811392,0.00424866983667016
0.0021286304108798504,-0.0029391320422291756,0.004281766712665558
0.0019816516432911158,-0.002937168115749955,0.0042563206516206264
0.002129299333319068,-0.0030722180381417274,0.0043349056504666805
0.001924382522702217,-0.003057455876842141,0.004281000234186649
0.0023151549976319075,-0.003146650269627571,0.004380559548735619
0.002187690930441022,-0.0031443971674889326,0.00435667484998703
0.0022320777643471956,-0.0031450586393475533,0.004368850030004978
0.0023352967109531164,-0.002944015897810459,0.004321528598666191
0.002233450999483466,-0.002941609127447009,0.004301439505070448
0.0023352729622274637,-0.003020880976691842,0.00436216127127409
0.00233519752509892,-0.003147036535665393,0.004383467603474855
0.0025062200147658587,-0.0030352238100022078,0.004399999976158142
0.002413892885670066,-0.0029476068448275328,0.004362746607512236
0.002461195457726717,-0.0030713307205587626,0.004399999976158142
0.0025448312517255545,-0.0029519672971218824,0.004379353020340204
0.002393679227679968,-0.003149468917399645,0.004399999976158142
0.002418614225462079,-0.0031088090036064386,0.004399999976158142
0.002547032432630658,-0.0030194518622010946,0.004399999976158142
-0.002541271736845374,-0.0028192861936986446,0.004363361280411482
-0.0025384007021784782,-0.0027415843214839697,0.0043205213733017445
-0.0027192411944270134,-0.0028326448518782854,0.004399999976158142
-0.0027417889796197414,-0.002741718664765358,0.0043792445212602615
-0.0026175156235694885,-0.0027417235542088747,0.004361147526651621
-0.002742237877100706,-0.002819977467879653,0.004399999976158142
-0.002668582834303379,-0.0028724914882332087,0.004399999976158142
-0.002625055378302932,-0.00290905823931098,0.004399999976158142
-0.0026034570764750242,-0.002953503979369998,0.004399999976158142
-0.0023338589817285538,-0.0028387843631207943,0.0043021440505981445
-0.0023324857465922832,-0.0027379656676203012,0.0042775338515639305
-0.0024352443870157003,-0.0027397715020924807,0.004300192929804325
-0.0021272976882755756,-0.0027348503936082125,0.0042398832738399506
-0.0019233444472774863,-0.0027329884469509125,0.004202230367809534
0.0021272937301546335,-0.0027348503936082125,0.004236612003296614
0.0023324822541326284,-0.0027379635721445084,0.004273752216249704
0.0024278732016682625,-0.002739638090133667,0.004292655736207962
0.002541441936045885,-0.0028237386140972376,0.004361259285360575
0.0025383858010172844,-0.0027415782678872347,0.004316674545407295
0.0023339008912444115,-0.0028418200090527534,0.00429919408634305
0.002742640906944871,-0.002840369241312146,0.004399999976158142
0.002621313091367483,-0.0027417195960879326,0.004359263926744461
0.0026142019778490067,-0.002953842282295227,0.004399999976158142
0.002738801995292306,-0.0028425774071365595,0.004399999976158142
0.002630138536915183,-0.0029186992906033993,0.004399999976158142
0.0027417156379669905,-0.0027416956145316362,0.0043760063126683235
0.002676689764484763,-0.0028804377652704716,0.004399999976158142
-0.002834906568750739,-0.002723099198192358,0.004399999976158142
-0.002741831121966243,-0.002618142170831561,0.0043608215637505054
-0.0027417028322815895,-0.0025383958127349615,0.004319324623793364
-0.0029522248078137636,-0.0025448871310800314,0.0043800906278193
-0.0028233120683580637,-0.002541441237553954,0.0043615433387458324
-0.002917387057095766,-0.0026292435359209776,0.004399999976158142
-0.002954051597043872,-0.0026121707633137703,0.004399999976158142
-0.0028235262725502253,-0.0027423803694546223,0.004399999976158142
-0.0028791408985853195,-0.0026749668177217245,0.004399999976158142
-0.0026402806397527456,-0.0025368807837367058,0.0042982860468328
-0.002535321284085512,-0.0025353129021823406,0.004273926839232445
-0.002536878688260913,-0.00263963732868433,0.004298847168684006
-0.0023302054032683372,-0.002532768528908491,0.004233387764543295
0.002330206101760268,-0.002532780636101961,0.004230688326060772
0.0025353310629725456,-0.002535359701141715,0.0042714932933449745
0.002629640744999051,-0.0025367443449795246,0.004291478078812361
0.002741697710007429,-0.0026207920163869858,0.004359513986855745
0.002741520991548896,-0.0025383869651705027,0.004317397251725197
0.002536910818889737,-0.0026420000940561295,0.004296575207263231
0.002953760791569948,-0.002611136296764016,0.004399999976158142
0.0029155220836400986,-0.002628563903272152,0.004399999976158142
0.0028235202189534903,-0.002541512018069625,0.004361355677247047
0.002952036913484335,-0.002545024501159787,0.004379956983029842
0.002835680963471532,-0.0027423149440437555,0.004399999976158142
0.0028777311090379953,-0.0026739281602203846,0.004399999976158142
0.0028400977607816458,-0.0027340741362422705,0.004399999976158142
-0.003034816589206457,-0.002505214186385274,0.004399999976158142
-0.003020308446139097,-0.002335186814889312,0.004362387582659721
-0.003146745963022113,-0.002335025230422616,0.004383993800729513
-0.002944024745374918,-0.0023352697025984526,0.004323197994381189
-0.003149097552523017,-0.0023908207658678293,0.004399999976158142
-0.003017802257090807,-0.0025470643304288387,0.004399999976158142
-0.003105989657342434,-0.002417217707261443,0.004399999976158142
-0.003072295105084777,-0.0024622268974781036,0.004399999976158142
-0.002947706263512373,-0.0024138283915817738,0.004362776409834623
-0.0027398611418902874,-0.0024363999255001545,0.004299054853618145
-0.002737984526902437,-0.0023324580397456884,0.004276132211089134
-0.0028404986951500177,-0.002333856886252761,0.004300490953028202
-0.0025327634066343307,-0.002330177463591099,0.0042328364215791225
0.002532743848860264,-0.0023301918990910053,0.004231469705700874
0.0027379111852496862,-0.00233246642164886,0.0042753820307552814
0.002943960716947913,-0.0023353041615337133,0.0043236869387328625
0.002839258871972561,-0.002333862241357565,0.004298372194170952
0.002947538858279586,-0.002412807894870639,0.004363297950476408
0.002739748451858759,-0.002437272807583213,0.004298206884413958
0.0031488528475165367,-0.0023847161792218685,0.004399999976158142
0.0031022997573018074,-0.0024153622798621655,0.004399999976158142
0.0031467697117477655,-0.0023350028786808252,0.0043859584257006645
0.003015767317265272,-0.0025471558328717947,0.004399999976158142
0.003068360034376383,-0.002458457136526704,0.004399999976158142
0.003019187832251191,-0.0023351996205747128,0.004362926352769136
0.0030326819978654385,-0.0025016358122229576,0.004399999976158142
-0.0031449042726308107,-0.0022320160642266273,0.004369862377643585
-0.0031464032363146544,-0.002315802965313196,0.004381333477795124
-0.002939117606729269,-0.002128619235008955,0.004283081740140915
-0.002941498067229986,-0.0022288677282631397,0.004302977584302425
-0.003143163165077567,-0.002129416447132826,0.004345822613686323
-0.0030709351412951946,-0.002129279775545001,0.00433550588786602
-0.0031442998442798853,-0.002189354971051216,0.00435834052041173
-0.0027348524890840054,-0.0021272837184369564,0.0042382655665278435
0.0027348289731889963,-0.002127286046743393,0.004238918889313936
0.0029391103889793158,-0.002128619235008955,0.004284726921468973
0.003144417190924287,-0.0021937580313533545,0.004362679086625576
0.0031449601519852877,-0.002231976483017206,0.0043727015145123005
0.003146478906273842,-0.002318445360288024,0.00438392348587513
0.0031431918032467365,-0.0021293649915605783,0.004349008668214083
0.003066094359382987,-0.0021292308811098337,0.004337890539318323
0.0029414386954158545,-0.0022278311662375927,0.004303996916860342
-0.0032461904920637608,-0.0021305002737790346,0.004377556033432484
-0.003344848519191146,-0.0020050671882927418,0.004377936944365501
-0.003345263423398137,-0.0020276771392673254,0.004383173771202564
-0.003210600232705474,-0.0021301941014826298,0.004365354310721159
-0.0031398353166878223,-0.0019246082520112395,0.0042969947680830956
-0.003348342375829816,-0.0021145467180758715,0.004399999976158142
-0.0033431670162826777,-0.001925053307786584,0.004363338463008404
-0.0032467986457049847,-0.0019249297911301255,0.0043474589474499226
-0.003142100991681218,-0.0020512407645583153,0.004338238853961229
-0.0033390892203897238,-0.0021216038148850203,0.004399999976158142
-0.003335486399009824,-0.002131230430677533,0.004399999976158142
-0.003057466121390462,-0.0019243749557062984,0.004280973691493273
-0.0029363888315856457,-0.001924032112583518,0.00424918020144105
-0.002938118763267994,-0.0020537341479212046,0.004273205995559692
-0.0027329884469509125,-0.0019233382772654295,0.00420108949765563
0.0027329835575073957,-0.0019233378116041422,0.0042024520225822926
0.0029363930225372314,-0.0019240278052166104,0.004251353908330202
0.0031420376617461443,-0.002045260975137353,0.004341140855103731
0.0029380936175584793,-0.00205207453109324,0.004274826496839523
0.003003000980243087,-0.0019242126727476716,0.004265473689883947
0.003139857202768326,-0.001924592535942793,0.004300267435610294
0.003216559998691082,-0.002130189910531044,0.0043710870668292046
0.0033453006763011217,-0.0020276259165257215,0.004388441331684589
0.0033450156915932894,-0.00201227655634284,0.00438501825556159
0.0033474755473434925,-0.0020881234668195248,0.004399999976158142
0.003246268955990672,-0.002130440203472972,0.004381120670586824
0.003317272989079356,-0.0021310055162757635,0.004399999976158142
0.003343170043081045,-0.0019250198965892196,0.004367728717625141
0.0032410542480647564,-0.001924892538227141,0.004350290633738041
0.0033254395239055157,-0.0021079545840620995,0.004399999976158142
-0.003433389123529196,-0.0019249235047027469,0.004389254376292229
-0.003444225061684847,-0.0019248902099207044,0.004392627160996199
-0.0033425400033593178,-0.0018166855443269014,0.004353288561105728
-0.003420111257582903,-0.0017216128762811422,0.004361428786069155
-0.0033417728263884783,-0.0017215468687936664,0.004318840801715851
-0.003544786013662815,-0.0017216914566233754,0.004383495543152094
-0.003544469363987446,-0.001786178327165544,0.004399999976158142
-0.00351360603235662,-0.0018074305262416601,0.004399999976158142
-0.0034867054782807827,-0.0018662563525140285,0.004399999976158142
-0.0034698816016316414,-0.0019247536547482014,0.004399999976158142
-0.00313918967731297,-0.0018374173669144511,0.004285681527107954
-0.003138328203931451,-0.0017210855148732662,0.0042668795213103294
-0.003244133200496435,-0.0017213254468515515,0.004295986145734787
-0.00293507007881999,-0.0017206394113600254,0.0042176698334515095
0.0029350765980780125,-0.001720636268146336,0.0042202468030154705
0.0031383472960442305,-0.001721078297123313,0.00426989933475852
0.0032334972638636827,-0.0017212944803759456,0.004293530248105526
0.003341810777783394,-0.0017215404659509659,0.004322985652834177
0.003342515556141734,-0.0018099475419148803,0.00435659009963274
0.00313918967731297,-0.0018346271244809031,0.004288411699235439
0.0034421118907630444,-0.0019248859025537968,0.004397907759994268
0.003444221569225192,-0.00192487973254174,0.0043985433876514435
0.003544644918292761,-0.001761911902576685,0.004399999976158142
0.0034145484678447247,-0.001721609733067453,0.00436419527977705
0.003494987031444907,-0.0017981311539188027,0.004399999976158142
0.003449127310886979,-0.0019248555181548,0.004399999976158142
0.003544864011928439,-0.001721703796647489,0.004389393609017134
0.0034733556676656008,-0.0018529444932937622,0.004399999976158142
-0.003546489402651787,-0.001590340631082654,0.00436966959387064
-0.0035449699498713017,-0.0017035427736118436,0.004382011014968157
-0.003545832820236683,-0.0016208065208047628,0.004375439137220383
-0.0035477979108691216,-0.0015202839858829975,0.0043579391203820705
-0.003342151176184416,-0.0015190471895039082,0.004290749318897724
-0.0033419709652662277,-0.0016155076446011662,0.004304730333387852
-0.003456166246905923,-0.001519782468676567,0.004344622604548931
-0.003137917723506689,-0.0015183098148554564,0.004240817856043577
0.0031379302963614464,-0.0015182994538918138,0.004243845120072365
0.003342175856232643,-0.0015190219273790717,0.004294486716389656
0.0035464009270071983,-0.001597017515450716,0.004376350902020931
0.003545894054695964,-0.001620782190002501,0.004381037317216396
0.003544979030266404,-0.001710098935291171,0.004388501867651939
0.0034499126486480236,-0.0015196958556771278,0.004347676876932383
0.0033420082181692123,-0.0016120771178975701,0.004308102186769247
0.0035478214267641306,-0.0015202142531052232,0.004362622741609812
-0.0035498221404850483,-0.0013581158127635717,0.004339149221777916
-0.003548590699210763,-0.0014746841043233871,0.004354686941951513
-0.003549676388502121,-0.00141969695687294,0.004350925330072641
-0.0033423269633203745,-0.0014352812431752682,0.00428277812898159
-0.003493725089356303,-0.0013180141104385257,0.0043271188624203205
-0.003342576092109084,-0.0013166607823222876,0.004268815740942955
-0.0035497120115906,-0.0013184054987505078,0.004335747566074133
-0.003137837164103985,-0.0013158032670617104,0.004217182751744986
0.0031378415878862143,-0.0013157917419448495,0.004219704307615757
0.003342583542689681,-0.0013166313292458653,0.004271764308214188
0.00354970246553421,-0.0014196118572726846,0.004355429206043482
0.0035498265642672777,-0.001363441115245223,0.004344490356743336
0.003548524109646678,-0.001479579834267497,0.004359628539532423
0.003342350944876671,-0.0014321331400424242,0.004285862203687429
0.0035496954806149006,-0.0013183215633034706,0.004340123385190964
0.0034871231764554977,-0.0013178945519030094,0.004330309107899666
-0.003603332908824086,-0.0013191360048949718,0.004351035691797733
-0.0037613159511238337,-0.0012198052136227489,0.0043946243822574615
-0.0036545610055327415,-0.0013197411317378283,0.004370494745671749
-0.0037605431862175465,-0.0012920938897877932,0.004399999976158142
-0.0035498025827109814,-0.0012509634252637625,0.004333281423896551
-0.0037612312007695436,-0.0012134590651839972,0.004393771290779114
-0.0036452081985771656,-0.0011166328331455588,0.0043545374646782875
-0.0035494740586727858,-0.001115537015721202,0.004304948728531599
-0.003753682365640998,-0.001314809313043952,0.004399999976158142
-0.0037594293244183064,-0.0011177653213962913,0.0043760328553617
-0.0037535931915044785,-0.0013211104087531567,0.004399999976158142
-0.003461238695308566,-0.0011149202473461628,0.004285223316401243
-0.003342406125739217,-0.0011140896240249276,0.004249995574355125
-0.003342521609738469,-0.0012516194256022573,0.004264215938746929
0.003342397976666689,-0.0011140687856823206,0.004252117592841387
0.00354978465475142,-0.0012433776864781976,0.004336987156420946
0.00354944565333426,-0.001115492545068264,0.004307707771658897
0.0034143433440476656,-0.001114563550800085,0.004269496072083712
0.003342521609738469,-0.0012491216184571385,0.004266655538231134
0.0036545724142342806,-0.0013196456711739302,0.004374475218355656
0.003761181840673089,-0.0012180841295048594,0.0043983422219753265
0.003761203959584236,-0.0012197742471471429,0.004398573189973831
0.003759319894015789,-0.0011176741681993008,0.0043789539486169815
0.0036106507759541273,-0.0013191353064030409,0.0043580187484622
0.003641420044004917,-0.0011165268952026963,0.004356310237199068
0.003738707397133112,-0.0013208072632551193,0.004399999976158142
0.0037395779509097338,-0.0013009663671255112,0.004399999976158142
0.003761039348319173,-0.0012366691371425986,0.004399999976158142
-0.0037557538598775864,-0.0009790387703105807,0.004364355467259884
-0.0037565347738564014,-0.0010154560441151261,0.004369785543531179
-0.0037585950922220945,-0.001092148362658918,0.004374993499368429
-0.003548304084688425,-0.0010169759625568986,0.004296936094760895
-0.0037541163619607687,-0.0009132407722063363,0.004356537014245987
-0.0036652262788265944,-0.0009128308738581836,0.004343024455010891
-0.003547060303390026,-0.0009121842449530959,0.004287180490791798
-0.003341397037729621,-0.0009113204432651401,0.004233475774526596
0.003341389587149024,-0.0009113168343901634,0.00423470651730895
0.00354704144410789,-0.0009121844195760787,0.004288705065846443
0.0037564754020422697,-0.0010154051706194878,0.004372657276690006
0.0037585969548672438,-0.0010952589800581336,0.0043781111016869545
0.0037540672346949577,-0.000913261144887656,0.0043588317930698395
0.0035482568200677633,-0.0010149645386263728,0.004298892337828875
0.0037557720206677914,-0.0009823464788496494,0.004367619287222624
0.0036617773585021496,-0.0009128261008299887,0.004344673827290535
-0.003546189982444048,-0.0008283526403829455,0.004282563459128141
-0.0036825162824243307,-0.0007097719353623688,0.0043337540701031685
-0.003753062803298235,-0.0007576958741992712,0.004346877336502075
-0.0037537196185439825,-0.0008116529206745327,0.004353818017989397
-0.0037518979515880346,-0.0007099673384800553,0.0043450575321912766
-0.0037538676988333464,-0.0008685486973263323,0.004356024786829948
-0.0035449517890810966,-0.0007091125589795411,0.004274729173630476
-0.0033403292763978243,-0.0007086166879162192,0.004220001865178347
0.0033403283450752497,-0.0007086251862347126,0.004220432601869106
0.00354494689963758,-0.0007091410807333887,0.004275357350707054
0.003753045806661248,-0.0007597435615025461,0.004348810762166977
0.003753677476197481,-0.0008117298129945993,0.004355774261057377
0.0037538313772529364,-0.0008708788664080203,0.004358275327831507
0.0035461653023958206,-0.0008272479171864688,0.004283663351088762
0.003679910907521844,-0.0007098299684002995,0.0043349964544177055
0.003751843934878707,-0.0007100491784512997,0.004346628673374653
-0.003820088692009449,-0.0007104472606442869,0.0043647075071930885
-0.003943162504583597,-0.0005123279988765717,0.004393449984490871
-0.003744883928447962,-0.0005062251584604383,0.004323575180023909
-0.003915179520845413,-0.000591158343013376,0.004399999976158142
-0.003942761104553938,-0.0005056339432485402,0.004392780363559723
-0.0038569350726902485,-0.0007106405682861805,0.0043781716376543045
-0.003749132389202714,-0.0006183545337989926,0.0043450030498206615
-0.0038164567667990923,-0.0005059933755546808,0.0043637617491185665
-0.003945149946957827,-0.000547673087567091,0.004399999976158142
-0.003915020264685154,-0.0006675517652183771,0.004399999976158142
-0.003921722061932087,-0.000710865599103272,0.004399999976158142
-0.003646469907835126,-0.0005062022246420383,0.004297268111258745
-0.0035440807696431875,-0.000636182667221874,0.004271875135600567
-0.00354252802208066,-0.0005061779520474374,0.004265137482434511
-0.0033393760677427053,-0.0005060155526734889,0.004208490718156099
0.0033393879421055317,-0.0005060249241068959,0.004207958001643419
0.0035425571259111166,-0.0005062012351118028,0.004264956805855036
0.0036337284836918116,-0.0005062315030954778,0.0042900945991277695
0.0037490511313080788,-0.0006160187185741961,0.004346183035522699
0.003744947025552392,-0.000506268406752497,0.004323507659137249
0.003544083796441555,-0.0006358370883390307,0.004272242076694965
0.0038229944184422493,-0.0007105855038389564,0.004367544781416655
0.0038568698801100254,-0.0007107781711965799,0.004379961173981428
0.003945185337215662,-0.0005467801238410175,0.004399999976158142
0.003913199529051781,-0.0005902842385694385,0.004399999976158142
0.003916256129741669,-0.0007110139122232795,0.004399999976158142
0.003943288698792458,-0.0005124109447933733,0.004393416456878185
0.0038153103087097406,-0.0005060398834757507,0.004364387597888708
0.003942892421036959,-0.0005056750378571451,0.004392755217850208
0.003909840248525143,-0.0006628514383919537,0.004399999976158142
-0.003947487100958824,-0.0003168499970342964,0.00438679801300168
-0.0038253620732575655,-0.0003035764384549111,0.004360590595752001
-0.003943782765418291,-0.00040831154910847545,0.004396161530166864
-0.0039438363164663315,-0.00040442831232212484,0.004396128002554178
-0.0037455398123711348,-0.00030361083918251097,0.004317309707403183
-0.003948054276406765,-0.00030352966859936714,0.004386230371892452
-0.003745277179405093,-0.00038476099143736064,0.004319896921515465
-0.003542317310348153,-0.0003036041453015059,0.004259164910763502
-0.003339163027703762,-0.0003035571426153183,0.004201192408800125
0.0035423722583800554,-0.000303623586660251,0.004258477594703436
0.003745653200894594,-0.0003036483540199697,0.004316822160035372
0.003947676625102758,-0.00031696114456281066,0.00438673747703433
0.003943946212530136,-0.0004095489566680044,0.004394963383674622
0.003944018855690956,-0.0004044529050588608,0.004394994117319584
0.0037452266551554203,-0.0004260331916157156,0.004320802167057991
0.00394824892282486,-0.00030358339427039027,0.004386067856103182
0.0038241101428866386,-0.0003036214329767972,0.0043612816371023655
-0.003951879218220711,-0.00021086711785756052,0.004391725640743971
-0.003954173531383276,-0.00011717090819729492,0.004384319763630629
-0.003954595886170864,-0.00010130253940587863,0.004383668303489685
-0.003746932605281472,-0.00018613682186696678,0.004316088277846575
-0.0037479393649846315,-0.0001012233187793754,0.004315319936722517
-0.00395222706720233,-0.00020250881789252162,0.004391944035887718
-0.00383173581212759,-0.00010125795233761892,0.004359523765742779
-0.003543022321537137,-0.00010119631042471156,0.0042563932947814465
0.0035430893767625093,-0.00010121114610228688,0.004255800973623991
0.0037480732426047325,-0.00010126073902938515,0.004315077792853117
0.003952064551413059,-0.00021165373618714511,0.004391031339764595
0.003952442668378353,-0.00020259691518731415,0.004391298163682222
0.003746668342500925,-0.00021875376114621758,0.004316106904298067
0.003954815212637186,-0.00010139363439520821,0.004383731167763472
0.0039526899345219135,-0.00019330064242240041,0.004390813410282135
0.0038306117057800293,-0.00010131794260814786,0.00436014961451292
-0.0039558447897434235,1.1154334970342461e-05,0.004388989880681038
-0.003955844324082136,-1.1185584298800677e-05,0.004388959147036076
-0.003955966793000698,-3.3825161638648127e-13,0.004389303270727396
-0.003747939597815275,0.00010122328967554495,0.004315023310482502
-0.003747939597815275,1.5284285836969502e-05,0.0043150996789336205
-0.003831804497167468,0.00010125796688953415,0.00435949070379138
-0.003954597748816013,0.00010130256850970909,0.004383262246847153
-0.0035430225543677807,0.0001011962813208811,0.004256089683622122
0.0035430893767625093,0.00010119883518200368,0.00425580982118845
0.003748073475435376,0.00010123254469363019,0.0043151709251105785
0.003956199623644352,-5.864889729423339e-08,0.004389676731079817
0.003954990301281214,-8.536515815649182e-05,0.004384184256196022
0.0037480732426047325,-1.5336381693487056e-05,0.004315133672207594
0.003954815212637186,0.00010133635078091174,0.004383844323456287
0.003954987972974777,8.546905155526474e-05,0.00438435235992074
0.003830790054053068,0.00010127732093678787,0.0043600634671747684
-0.003951807972043753,0.00021261334768496454,0.0043899971060454845
-0.003954165615141392,0.00011751841520890594,0.004383976571261883
-0.0037455405108630657,0.00030361072276718915,0.004316645208746195
-0.003948054742068052,0.00030352961039170623,0.004385404288768768
-0.0037465498317033052,0.00021847066818736494,0.00431586429476738
-0.003952227998524904,0.00020250883244443685,0.0043901982717216015
-0.0038253157399594784,0.0003035763802472502,0.004360613878816366
-0.0035423175431787968,0.00030360405799001455,0.004258350469172001
-0.0033391632605344057,0.0003035571426153183,0.004200552590191364
0.0035423727240413427,0.00030361750395968556,0.004258459433913231
0.003745653899386525,0.00030363802216015756,0.004317397717386484
0.003952442202717066,0.00020257281721569598,0.004391832277178764
0.003954396117478609,0.00011701343464665115,0.004384513013064861
0.00374705926515162,0.00018607753736432642,0.004316163249313831
0.00394824892282486,0.00030357451760210097,0.004386745858937502
0.003952089697122574,0.00021102553000673652,0.00439163064584136
0.003824206069111824,0.0003036116831935942,0.004361234605312347
-0.003943753894418478,0.0004103198298253119,0.004394175950437784
-0.003947459161281586,0.00031750716152600944,0.004386147018522024
-0.003942755050957203,0.0005056331283412874,0.00439120177179575
-0.003816779237240553,0.0005059924442321062,0.0043635983020067215
-0.003943835385143757,0.00040442816680297256,0.004394198767840862
-0.003744883695617318,0.000506225333083421,0.0043223886750638485
-0.0037451463285833597,0.0004252130165696144,0.004320032894611359
-0.0035425282549113035,0.0005061780684627593,0.004263926297426224
-0.0033393760677427053,0.0005060156108811498,0.004207467194646597
0.0033393879421055317,0.0005060239345766604,0.004206712357699871
0.0035425573587417603,0.0005061993142589927,0.004264368675649166
0.003744947025552392,0.0005062659620307386,0.004323587752878666
0.003745370777323842,0.000384779239539057,0.004319910891354084
0.003943968564271927,0.00040800872375257313,0.004396482836455107
0.003944019787013531,0.000404450052883476,0.004396491218358278
0.0038155505899339914,0.0005060372059233487,0.004364266060292721
0.003947703633457422,0.0003163194051012397,0.0043873656541109085
0.0039428952150046825,0.0005056743393652141,0.00439342949539423
-0.0038569383323192596,0.0007106412085704505,0.004376476630568504
-0.003816861193627119,0.0007104310789145529,0.004361612722277641
-0.003921186085790396,0.0005941540002822876,0.004399999976158142
-0.003751924727112055,0.0007099727517925203,0.004343356471508741
-0.003919870592653751,0.0006721511017531157,0.004399999976158142
-0.0039432416670024395,0.0005137442494742572,0.004392063710838556
-0.003945776727050543,0.000558841391466558,0.004399999976158142
-0.003926919307559729,0.0007108843419700861,0.004399999976158142
-0.0037492341361939907,0.0006210415158420801,0.004343685228377581
-0.0036847733426839113,0.0007097828201949596,0.004332667216658592
-0.0035449517890810966,0.000709112617187202,0.004272978752851486
-0.003543333848938346,0.0005736334132961929,0.004266479983925819
-0.00364734441973269,0.0005062025738880038,0.004296403843909502
-0.0033403292763978243,0.0007086166879162192,0.004218679387122393
0.0033403283450752497,0.000708624895196408,0.0042181904427707195
0.00354494689963758,0.0007091405568644404,0.004273721016943455
0.0037491319235414267,0.0006181820062920451,0.004345121793448925
0.00354409939609468,0.0006371571798808873,0.004270940087735653
0.0036823677364736795,0.0007098421338014305,0.004333813209086657
0.0036465490702539682,0.0005062335403636098,0.004297235980629921
0.0037518676836043596,0.0007100537768565118,0.004345100838690996
0.003820639569312334,0.0007105724653229117,0.004365286324173212
0.003943257033824921,0.0005118317203596234,0.004393981769680977
0.0038568724412471056,0.0007107786368578672,0.004378609824925661
0.003920186776667833,0.0007110299775376916,0.004399999976158142
0.003913555294275284,0.0006663784151896834,0.004399999976158142
0.003945113625377417,0.0005454760976135731,0.004399999976158142
0.003914831671863794,0.000591098447330296,0.004399999976158142
-0.003753041150048375,0.0007554254261776805,0.004344640765339136
-0.003547060303390026,0.0009121842449530959,0.004285095259547234
-0.0037538683973252773,0.0008666465291753411,0.004354150500148535
-0.003545765532180667,0.000787485099863261,0.004277186933904886
-0.0037541280034929514,0.0009132434497587383,0.004354631993919611
-0.003753725439310074,0.0008116540848277509,0.004351982846856117
-0.00366718927398324,0.0009128416422754526,0.004342078231275082
-0.003341397037729621,0.0009113204432651401,0.004231984727084637
0.003341389587149024,0.0009113167761825025,0.004231363534927368
0.00354704144410789,0.0009121843613684177,0.0042857336811721325
0.003753025783225894,0.0007576443604193628,0.004346742760390043
0.003753832308575511,0.0008679914753884077,0.0043554287403821945
0.0037536844611167908,0.0008117312099784613,0.004353499971330166
0.0035457629710435867,0.0007882461068220437,0.004277919419109821
0.0036664139479398727,0.0009128520032390952,0.0043424381874501705
0.0037540867924690247,0.0009132656850852072,0.004355599172413349
-0.0037585541140288115,0.001090511097572744,0.0043733916245400906
-0.0037557058967649937,0.0009766086004674435,0.004361975938081741
-0.0035494740586727858,0.001115537015721202,0.004303217865526676
-0.0035481832455843687,0.001006798935122788,0.004293054807931185
-0.0037594428285956383,0.0011177692795172334,0.004374380223453045
-0.0036463302094489336,0.0011166456388309598,0.0043540047481656075
-0.0037565382663160563,0.0010154570918530226,0.00436805235221982
-0.003342406125739217,0.0011140896240249276,0.0042486670427024364
0.0033423982094973326,0.0011140687856823206,0.0042474824003875256
0.00354944565333426,0.001115492545068264,0.0043029566295444965
0.0037564835511147976,0.0010154073825106025,0.004368722904473543
0.003759359708055854,0.0011176855769008398,0.0043740663677453995
0.0037556798197329044,0.0009776386432349682,0.004363005515187979
0.0035481625236570835,0.0010069808922708035,0.0042932541109621525
0.0037584740202873945,0.0010902825742959976,0.004373240750283003
0.0036471053026616573,0.0011165908072143793,0.004353609401732683
-0.0036010723561048508,0.0013191098114475608,0.0043488736264407635
-0.0037612004671245813,0.0012109722010791302,0.004391329828649759
-0.00376131827943027,0.0012198059121146798,0.004392604343593121
-0.00365456216968596,0.0013197415973991156,0.0043693892657756805
-0.003758115926757455,0.0013191357720643282,0.004399999976158142
-0.0035497224889695644,0.001318410155363381,0.004334272816777229
-0.0035498098004609346,0.0012539135059341788,0.004331828095018864
-0.0037580817006528378,0.0013211730401962996,0.004399999976158142
-0.003760324325412512,0.0013127372367307544,0.004399999976158142
-0.003495952347293496,0.00131803413387388,0.0043260445818305016
-0.0033424508292227983,0.001167380134575069,0.004252613987773657
-0.003342576092109084,0.0013166607823222876,0.0042676967568695545
-0.0034624652471393347,0.001114928862079978,0.004284038674086332
-0.0031378373969346285,0.001315803499892354,0.004216319415718317
0.003137841820716858,0.0013157918583601713,0.004212790168821812
0.003342583542689681,0.0013166313292458653,0.004265438299626112
0.0035002785734832287,0.0013180095702409744,0.00432396586984396
0.003549823770299554,0.0012581403134390712,0.004329713527113199
0.0035497578792274,0.0013183481059968472,0.004331429023295641
0.003407498588785529,0.0011145164025947452,0.004262884613126516
0.0033424454741179943,0.0011656848946586251,0.004250963218510151
0.003758426755666733,0.0013210824690759182,0.004398297518491745
0.0037610805593430996,0.0012097792932763696,0.004390193149447441
0.0035967440344393253,0.0013189768651500344,0.004344718996435404
0.0037602391093969345,0.0013197388034313917,0.00439864955842495
0.0037602244410663843,0.0013211069162935019,0.004398688208311796
0.0037612123414874077,0.0012197766918689013,0.004391500726342201
0.00365457939915359,0.0013196485815569758,0.00436716852709651
-0.003548610955476761,0.00147373101208359,0.004353738389909267
-0.003549828426912427,0.0013563658576458693,0.004337419290095568
-0.003342151641845703,0.0015190475387498736,0.004289692267775536
-0.003342416835948825,0.0013926170067861676,0.004275060258805752
-0.003549677785485983,0.001419697655364871,0.004349963273853064
-0.0035478004720062017,0.001520285033620894,0.00435728719457984
-0.0034567066468298435,0.0015197861939668655,0.0043443599715828896
-0.0031379188876599073,0.0015183106297627091,0.0042400299571454525
0.003137931227684021,0.0015183003852143884,0.004236108157783747
0.0033421763218939304,0.0015190221602097154,0.004286346025764942
0.0035497169010341167,0.001419617678038776,0.004346516449004412
0.003549864050000906,0.0013527172850444913,0.004333887714892626
0.003342436859384179,0.0013895209413021803,0.004272028338164091
0.00354873389005661,0.0014696549624204636,0.004349753726273775
0.003462720662355423,0.0015197760658338666,0.004341456573456526
0.0035478610079735518,0.0015202288050204515,0.004353112541139126
-0.0035449645947664976,0.0017040256643667817,0.004382489714771509
-0.0035465105902403593,0.0015893831150606275,0.0043687159195542336
-0.0033417739905416965,0.001721547800116241,0.0043181623332202435
-0.0033419551327824593,0.001624454278498888,0.004304105415940285
-0.003420317079871893,0.0017216135747730732,0.004361327737569809
-0.0035447857808321714,0.0017216914566233754,0.004383810330182314
-0.00354583328589797,0.0016208066372200847,0.004374861251562834
-0.003138332162052393,0.0017210887745022774,0.004265928640961647
-0.0029350726399570704,0.0017206418560817838,0.004216612316668034
0.0029350800905376673,0.0017206392949447036,0.0042113871313631535
0.0031383512541651726,0.0017210819059982896,0.004261812660843134
0.003341811941936612,0.0017215415136888623,0.0043131629936397076
0.003545106155797839,0.0016984466928988695,0.00437695300206542
0.003546695690602064,0.0015835753874853253,0.004362971056252718
0.003545901970937848,0.0016207849839702249,0.0043703350238502026
0.0033419958781450987,0.0016193166375160217,0.0042990464717149734
0.003544875653460622,0.0017217074055224657,0.004378797486424446
0.00342578929848969,0.0017216210253536701,0.0043586622923612595
-0.003444225527346134,0.0019248905591666698,0.0043929219245910645
-0.0034339551348239183,0.0019249222241342068,0.004389815032482147
-0.0035145424772053957,0.0018078986322507262,0.004399999976158142
-0.003544468432664871,0.0017863911343738437,0.004399999976158142
-0.0033425476867705584,0.001817455980926752,0.004352910909801722
-0.0034704776480793953,0.0019247508607804775,0.004399999976158142
-0.0033431691117584705,0.001925055286847055,0.004363344516605139
-0.0034910026006400585,0.0018705468391999602,0.004399999976158142
-0.003138910047709942,0.0017986176535487175,0.004276183433830738
-0.0032476510386914015,0.001924938871525228,0.004347044043242931
-0.0031398492865264416,0.001924620708450675,0.004295892082154751
-0.003244717139750719,0.0017213288228958845,0.00429541477933526
-0.0029363969806581736,0.0019240396795794368,0.004247475881129503
0.0029364037327468395,0.0019240373512730002,0.004242850933223963
0.003139871871098876,0.0019246055744588375,0.004291131626814604
0.0032560285180807114,0.0019249432953074574,0.004342938773334026
0.0033426505979150534,0.001826707855798304,0.004348360933363438
0.003220898797735572,0.0017212684033438563,0.00428114365786314
0.0033432128839194775,0.0019250487675890326,0.004357360303401947
0.0031388900242745876,0.0017931776819750667,0.004270847421139479
0.00342412362806499,0.0019249431788921356,0.004380058962851763
0.0034442280884832144,0.0019248842727392912,0.004386456683278084
0.003491818904876709,0.0019246487645432353,0.004399999976158142
0.0035029714927077293,0.0018825284205377102,0.004399999976158142
0.0035311486572027206,0.0018162125488743186,0.004399999976158142
0.0035444111563265324,0.0018072123639285564,0.004399999976158142
-0.00320732151158154,0.002130202716216445,0.004362121224403381
-0.0032462230883538723,0.0021305284462869167,0.00437564542517066
-0.003342121373862028,0.002124600578099489,0.004399999976158142
-0.003345266217365861,0.002027679467573762,0.004383291583508253
-0.003143235808238387,0.002129476284608245,0.004343276843428612
-0.0033399583771824837,0.002131276298314333,0.004399999976158142
-0.003142203204333782,0.0020546389278024435,0.004336599260568619
-0.003344855736941099,0.002005339600145817,0.004378200974315405
-0.00334850512444973,0.0021189150866121054,0.004399999976158142
-0.0029391362331807613,0.00212863739579916,0.004280017223209143
-0.0029371462296694517,0.001980001339688897,0.004254703875631094
-0.0030584516935050488,0.0019243882270529866,0.004280016291886568
-0.0030749174766242504,0.00212933961302042,0.004333579447120428
-0.0027348590083420277,0.0021272923331707716,0.004234692547470331
0.002734849462285638,0.0021273037418723106,0.004231418017297983
0.002939136466011405,0.0021286425180733204,0.004276114050298929
0.0031424383632838726,0.002064997563138604,0.004331532865762711
0.003084191819652915,0.0021293614991009235,0.00432906299829483
0.0029911582823842764,0.0019241903210058808,0.0042538209818303585
0.002937078010290861,0.0019745174795389175,0.004249343648552895
0.0031433349940925837,0.002129470696672797,0.004337324295192957
0.003344540251418948,0.0021312381140887737,0.004395617637783289
0.003348893253132701,0.0021271747536957264,0.004396046511828899
0.0033447418827563524,0.00199707830324769,0.00437017809599638
0.0033453095238655806,0.0020276326686143875,0.0043771169148385525
0.003349039703607559,0.0021312714088708162,0.0043964684009552
0.003246310167014599,0.002130474429577589,0.004370477050542831
0.003198217833414674,0.0021300811786204576,0.004353182390332222
-0.003146566217765212,0.002312296535819769,0.0043777343817055225
-0.0031443422194570303,0.0021857016254216433,0.004354692064225674
-0.0029440452344715595,0.0023352932184934616,0.00431793462485075
-0.003145029302686453,0.0022321247961372137,0.004367321729660034
-0.0029415434692054987,0.002229978097602725,0.004298076499253511
-0.0031470085959881544,0.0023352548014372587,0.004380568861961365
-0.0030259788036346436,0.0023352939169853926,0.00435965321958065
-0.0027379896491765976,0.0023324715439230204,0.004270268604159355
-0.0025327911134809256,0.0023302012123167515,0.004226605873554945
0.0025327675975859165,0.0023302084300667048,0.0042256242595613
0.0027379568200558424,0.002332505537196994,0.004268770106136799
0.0029439982026815414,0.0023353388532996178,0.004315000027418137
0.003146490780636668,0.002306135604158044,0.0043717799708247185
0.0031442868057638407,0.002177492482587695,0.004346711561083794
0.0031470421236008406,0.0023352375719696283,0.004376159515231848
0.0029414126183837652,0.0022254104260355234,0.004293632693588734
0.0030299145728349686,0.0023353099822998047,0.004357708618044853
0.003145095892250538,0.002232092898339033,0.004361867904663086
-0.0031208342406898737,0.0024247898254543543,0.004399999976158142
-0.003149941563606262,0.0024059810675680637,0.004399999976158142
-0.002947994275018573,0.002420848235487938,0.004359435755759478
-0.002952184993773699,0.0025448596570640802,0.004374403972178698
-0.003035101341083646,0.0025476047303527594,0.004399999976158142
-0.0030441030394285917,0.002522730967029929,0.004399999976158142
-0.003081542905420065,0.0024714015889912844,0.004399999976158142
-0.002832123776897788,0.0025417020078748465,0.0043573458679020405
-0.0027395712677389383,0.0024218163453042507,0.00428679259493947
-0.002844665665179491,0.0023339323233813047,0.004296458791941404
-0.0027416343800723553,0.002538352971896529,0.004310796968638897
-0.0025353713426738977,0.002535323379561305,0.004265810362994671
-0.002330189337953925,0.002532744547352195,0.004225396551191807
0.002330181887373328,0.0025327536277472973,0.004227005410939455
0.002535319421440363,0.0025353117380291224,0.004267062991857529
0.0027415778022259474,0.0025384193286299706,0.0043114786967635155
0.0028324464801698923,0.002541827503591776,0.0043571400456130505
0.002948012202978134,0.002423653146252036,0.004358151461929083
0.0028286634478718042,0.0023337528109550476,0.004288047086447477
0.0029520296957343817,0.0025450203102082014,0.004373767878860235
0.0027395139914005995,0.002421059412881732,0.004286010749638081
0.0030400226823985577,0.0025479798205196857,0.004399999976158142
0.0030474874656647444,0.002529521007090807,0.004399999976158142
0.003089527366682887,0.002479430055245757,0.004399999976158142
0.0031505541410297155,0.0024204780347645283,0.004399999976158142
0.0031326862517744303,0.0024307924322783947,0.004399999976158142
-0.0028447171207517385,0.002742548706009984,0.004390886053442955
-0.0029407069087028503,0.002641285303980112,0.004399999976158142
-0.002900507999584079,0.0026962063275277615,0.004399999976158142
-0.002831996651366353,0.0027424651198089123,0.004387619439512491
-0.0028795048128813505,0.0027442658320069313,0.004399999976158142
-0.002741810167208314,0.002635098295286298,0.004352471325546503
-0.0027417954988777637,0.0027416995726525784,0.004366043023765087
-0.002954724710434675,0.0026345783844590187,0.004399999976158142
-0.0026366158854216337,0.002741708653047681,0.004351753741502762
-0.0025366011541336775,0.002619897946715355,0.004282030276954174
-0.0025383697357028723,0.002741526812314987,0.00430825911462307
-0.002646791748702526,0.002536959946155548,0.004291962832212448
-0.0023324473295360804,0.0027379197999835014,0.004267613869160414
-0.0021272802259773016,0.0027348296716809273,0.004231269005686045
0.0021272851154208183,0.00273484387435019,0.004234715364873409
0.002332468517124653,0.0027379586827009916,0.004271520301699638
0.0025384279433637857,0.0027416469529271126,0.004313018172979355
0.0027417652308940887,0.0026295131538063288,0.004355243407189846
0.002622646512463689,0.0025366274639964104,0.004284677095711231
0.0027417875826358795,0.0027417438104748726,0.004371452145278454
0.002628656569868326,0.002741781761869788,0.004355676472187042
0.0025366488844156265,0.002623555716127157,0.004285534378141165
0.0028405410703271627,0.0027423719875514507,0.0043963296338915825
0.0028946097008883953,0.002690717810764909,0.004399999976158142
0.0028442968614399433,0.002742389217019081,0.004397198092192411
0.002856286708265543,0.002743008779361844,0.004399999976158142
0.0029544229619205,0.002633596071973443,0.004399999976158142
0.0029387904796749353,0.0026406075339764357,0.004399999976158142
-0.002646863227710128,0.0029550432227551937,0.004398034885525703
-0.002742392010986805,0.0028442947659641504,0.004389609210193157
-0.0026488814037293196,0.002955072559416294,0.004398512654006481
-0.0027445275336503983,0.0028862175531685352,0.004399999976158142
-0.0027423338033258915,0.002830031793564558,0.004386074375361204
-0.002541996305808425,0.0028381268493831158,0.00435448857024312
-0.0025450987741351128,0.0029523258563131094,0.0043691908940672874
-0.002656870288774371,0.002954841125756502,0.004399999976158142
-0.0027029223274439573,0.0029070174787193537,0.004399999976158142
-0.002333649666979909,0.002826065057888627,0.004285551141947508
-0.0023352582938969135,0.002943983767181635,0.00431210920214653
-0.002444216515868902,0.002739877672865987,0.004291445482522249
-0.002429034560918808,0.0029483367688953876,0.00435557309538126
-0.0021286183036863804,0.0029391043353825808,0.0042747319675982
-0.0019240338588133454,0.0029363820794969797,0.00424357783049345
-0.001720641041174531,0.0029350679833441973,0.00421374524012208
0.001720639644190669,0.0029350719414651394,0.004215763416141272
0.001924030133523047,0.002936389995738864,0.004247300326824188
0.002128612482920289,0.0029391131829470396,0.004280788823962212
0.0023352738935500383,0.002943995175883174,0.004319577012211084
0.0025417166762053967,0.0028293291106820107,0.0043586683459579945
0.002424061531201005,0.002739598974585533,0.00428894255310297
0.0024184430949389935,0.002947853645309806,0.004360604099929333
0.002333772135898471,0.0028336942195892334,0.004292930476367474
0.0025450079701840878,0.0029521826654672623,0.004376751370728016
0.002742706798017025,0.0028445518109947443,0.004397668410092592
0.0026355022564530373,0.00292902160435915,0.004399999976158142
0.0026863596867769957,0.002890155417844653,0.004399999976158142
0.0026234937831759453,0.0029542329721152782,0.004399999976158142
0.0027426837477833033,0.0028413604013621807,0.004396890290081501
0.00274318503215909,0.0028540247585624456,0.004399999976158142
-0.0025486228987574577,0.003057911992073059,0.004399707540869713
-0.0023349805269390345,0.0031468006782233715,0.004371685441583395
-0.0023351421114057302,0.0030347148422151804,0.0043552834540605545
-0.002439466305077076,0.0031512153800576925,0.004399999976158142
-0.0024905933532863855,0.0031010201200842857,0.004399999976158142
-0.0025486131198704243,0.003057497786357999,0.004399602767080069
-0.002548611257225275,0.0030592598486691713,0.004399999976158142
-0.0024397349916398525,0.003150730859488249,0.004399999976158142
-0.002171711064875126,0.0031440844759345055,0.004341098014265299
-0.0023002708330750465,0.0031461776234209538,0.0043662795796990395
-0.002232018858194351,0.0031449496746063232,0.004357343539595604
-0.0021293822210282087,0.0030898258555680513,0.00432626623660326
-0.002236688043922186,0.002941656159237027,0.00429540267214179
-0.002129487693309784,0.0031432658433914185,0.004333544056862593
-0.0020707121584564447,0.003142456291243434,0.004328746814280748
-0.0019241919508203864,0.0029917440842837095,0.004254424478858709
-0.0020601076539605856,0.002938192803412676,0.004266975447535515
-0.0019246150040999055,0.003139826934784651,0.004290687385946512
-0.0017210900550708175,0.0031383263412863016,0.004263140261173248
-0.0015183102805167437,0.003137921681627631,0.004238614346832037
-0.001315801520831883,0.003137840423732996,0.004216502886265516
0.0013158005895093083,0.003137835068628192,0.004215506371110678
0.0015183077193796635,0.003137919120490551,0.004239561967551708
0.001721087726764381,0.003138334257528186,0.00426582433283329
0.001924605225212872,0.0031398432329297066,0.004296182654798031
0.002052658936008811,0.0031421431340277195,0.004337535705417395
0.0021292634773999453,0.003072848543524742,0.004334575496613979
0.0021293885074555874,0.0031431892421096563,0.004344914574176073
0.0019242026610299945,0.002997409086674452,0.004259983543306589
0.0019800164736807346,0.0029371352866292,0.00425473228096962
0.0021885631140321493,0.0031443163752555847,0.004357606638222933
0.002231971360743046,0.0031449354719370604,0.0043694148771464825
0.0023146434687078,0.003146414877846837,0.004380257334560156
0.0022315450478345156,0.0029415448661893606,0.004299614578485489
0.002335162367671728,0.0030239070765674114,0.00436061155050993
0.0023349719122052193,0.0031467783264815807,0.004382876679301262
0.0023959605023264885,0.0031493576243519783,0.004399999976158142
0.0024682364892214537,0.003078472800552845,0.004399999976158142
0.0024204456713050604,0.003112545469775796,0.004399999976158142
0.0025474107824265957,0.0030261725187301636,0.004399999976158142
0.002513251267373562,0.003039043862372637,0.004399999976158142
-0.002130537061020732,0.003246207954362035,0.004366750363260508
-0.001994364894926548,0.0033446161542087793,0.004367471672594547
-0.0020277039147913456,0.0033452280331403017,0.004374985583126545
-0.0021313175093382597,0.0033392419572919607,0.004390572663396597
-0.0021300583612173796,0.0031916622538119555,0.004346898291260004
-0.0021313950419425964,0.003348920028656721,0.004392648581415415
-0.0019250827608630061,0.0033431584015488625,0.0043564108200371265
-0.0019249703036621213,0.0032570557668805122,0.004342407453805208
-0.002122861100360751,0.0033486185129731894,0.004391768481582403
-0.001826810766942799,0.003342600539326668,0.004348322749137878
-0.0017212836537510157,0.00322282244451344,0.004283064976334572
-0.0017215561820194125,0.0033417718950659037,0.00431447708979249
-0.0018419307889416814,0.003139217384159565,0.004281252156943083
-0.0015190457925200462,0.003342164447531104,0.0042882454581558704
-0.0013166583376005292,0.0033425847068428993,0.004268219694495201
-0.001114073907956481,0.0033424049615859985,0.004250801168382168
-0.0009113093256019056,0.0033413914497941732,0.0042350380681455135
-0.0007086142431944609,0.0033403232228010893,0.004221961367875338
-0.000506016134750098,0.0033393746707588434,0.004210440907627344
-0.00030356008210219443,0.003339166520163417,0.004202866926789284
0.0003035622357856482,0.003339171875268221,0.004200575407594442
0.0005060302792117,0.0033393825870007277,0.004207191523164511
0.000708635663613677,0.003340332303196192,0.004218289628624916
0.0009113309788517654,0.003341394942253828,0.004231617320328951
0.0011140902061015368,0.0033423956483602524,0.004248373210430145
0.0013166527496650815,0.0033425691071897745,0.004267462063580751
0.0015190386911854148,0.003342150943353772,0.004289662931114435
0.001721557229757309,0.003341785166412592,0.004318004008382559
0.0017985861049965024,0.0031389088835567236,0.004276158753782511
0.001817386015318334,0.00334255606867373,0.004352951422333717
0.0019249389879405499,0.0032472885213792324,0.00434722239151597
0.0017212925013154745,0.003227071836590767,0.004287232179194689
0.0019250685581937432,0.0033431746996939182,0.004363491665571928
0.00200644857250154,0.003344874596223235,0.004379291087388992
0.002027664566412568,0.0033452624920755625,0.004384188912808895
0.0021091050002723932,0.0033481589052826166,0.004399999976158142
0.0021301519591361284,0.0032105096615850925,0.004365244880318642
0.0021189223043620586,0.003336435416713357,0.004399999976158142
0.0021304560359567404,0.003246213076636195,0.004377648700028658
0.002131151268258691,0.0033319045323878527,0.004399999976158142
-0.001924965181387961,0.0034221888054162264,0.0043781958520412445
-0.0018847478786483407,0.003505174769088626,0.004399999976158142
-0.0018178403843194246,0.003534394782036543,0.004399999976158142
-0.0017217133427038789,0.003544810228049755,0.004378702957183123
-0.0017216313863173127,0.0034251881297677755,0.0043589333072304726
-0.0019248956814408302,0.0034441722091287374,0.004385285545140505
-0.001810973510146141,0.0035443531814962626,0.004399999976158142
-0.0019246140727773309,0.003496301593258977,0.004399999976158142
-0.0016208093147724867,0.0035458626225590706,0.004371225368231535
-0.0016985014081001282,0.0035450465511530638,0.004376997239887714
-0.0015202767681330442,0.0035478498321026564,0.004355193115770817
-0.001585656893439591,0.0035466249100863934,0.004365008790045977
-0.0015197960892692208,0.0034594580065459013,0.00434303842484951
-0.0016184782143682241,0.0033419716637581587,0.004301799926906824
-0.0013564066030085087,0.0035498589277267456,0.004337448626756668
-0.0014724951470270753,0.0035486766137182713,0.004352510441094637
-0.001436906517483294,0.0033423351123929024,0.004281170200556517
-0.001318418770097196,0.0035497418139129877,0.004334838595241308
-0.0013180328533053398,0.0034948252141475677,0.0043265982531011105
-0.0014197054551914334,0.0035497185308486223,0.00434922194108367
-0.0012513365363702178,0.0035498179495334625,0.004333094693720341
-0.001114554237574339,0.003412456251680851,0.004267662297934294
-0.0011154935928061604,0.003549466375261545,0.004306404385715723
-0.0012518296716734767,0.003342527197673917,0.004264001734554768
-0.0009121610200963914,0.0035470451693981886,0.004289132077246904
-0.0007091127918101847,0.0035449352581053972,0.004276799038052559
-0.0005061802221462131,0.003542525228112936,0.00426711980253458
-0.00030361133394762874,0.003542326157912612,0.004260912071913481
-0.00010120805382030085,0.003543038619682193,0.004257777705788612
0.00010118914360646158,0.0035430430434644222,0.004257116466760635
0.00030361436074599624,0.0035423384979367256,0.004258899483829737
0.0005062145064584911,0.0035425443202257156,0.004264076240360737
0.0007091641309671104,0.0035449613351374865,0.004272943828254938
0.0009122109040617943,0.0035470600705593824,0.004285099916160107
0.0011155405081808567,0.00354944565333426,0.004303165711462498
0.001318017952144146,0.0034964391961693764,0.004325803369283676
0.001254431321285665,0.003549790708348155,0.004331564996391535
0.001167011447250843,0.003342441050335765,0.004252251703292131
0.0011145533062517643,0.003408503718674183,0.004263856913894415
0.0013183880364522338,0.003549708519130945,0.0043339054100215435
0.0013560508377850056,0.0035498144570738077,0.0043371375650167465
0.001392388716340065,0.003342412644997239,0.004274842794984579
0.0015197661705315113,0.003457301761955023,0.004344068467617035
0.0014734346186742187,0.003548606066033244,0.004353479482233524
0.0014196585398167372,0.0035496654454618692,0.004349746275693178
0.001520251389592886,0.003547793487086892,0.00435695331543684
0.0015889402711763978,0.0035465206019580364,0.004368293564766645
0.0016242593992501497,0.0033419609535485506,0.004303912166506052
0.0016207961598411202,0.0035458384081721306,0.004374724812805653
0.0017040323000401258,0.0035449902061372995,0.0043824780732393265
0.0017216290580108762,0.0034198390785604715,0.004361572675406933
0.0017217163695022464,0.003544815815985203,0.0043839761056005955
0.001924966461956501,0.003435180289670825,0.004391014575958252
0.0019249417819082737,0.00344424182549119,0.004393825773149729
0.001805825624614954,0.0035103014670312405,0.004399999976158142
0.001864897203631699,0.0034852984827011824,0.004399999976158142
0.0017826119437813759,0.0035445229150354862,0.004399999976158142
0.001924842712469399,0.0034654815681278706,0.004399999976158142
-0.0013191370526328683,0.003601586678996682,0.0043493411503732204
-0.001212259754538536,0.0037611587904393673,0.004392616916447878
-0.001219790312461555,0.0037612570449709892,0.0043935710564255714
-0.0013197719817981124,0.0036545880138874054,0.004369841422885656
-0.0013175496133044362,0.0037564418744295835,0.004399999976158142
-0.0013212038902565837,0.003756554564461112,0.004399999976158142
-0.0011176413390785456,0.0037593937013298273,0.0043766312301158905
-0.0011165320174768567,0.0036435045767575502,0.004355337470769882
-0.0013053625589236617,0.003760396968573332,0.004399999976158142
-0.00109313172288239,0.0037585932295769453,0.004376070573925972
-0.0010153495240956545,0.0037565052043646574,0.004371607210487127
-0.0010154405608773232,0.0035482749808579683,0.004298413172364235
-0.0009131989208981395,0.0037540665362030268,0.004359173122793436
-0.0009815818630158901,0.003755776910111308,0.0043669273145496845
-0.0009127753437496722,0.003660911228507757,0.004345092456787825
-0.0007617259980179369,0.003753052791580558,0.004350832663476467
-0.0008715958101674914,0.0037538278847932816,0.004359045997262001
-0.0008264249190688133,0.003546154359355569,0.0042844489216804504
-0.0008116584504023194,0.0037536632735282183,0.004357068333774805
-0.0007099764188751578,0.0037517922464758158,0.00434882752597332
-0.0007097582565620542,0.003676542080938816,0.004336612764745951
-0.000611054536420852,0.0037488278467208147,0.004348590038716793
-0.000506202457472682,0.0036372917238622904,0.004293662961572409
-0.0005062276613898575,0.003744881134480238,0.004326277878135443
-0.0006342172855511308,0.0035440458450466394,0.004273813217878342
-0.00030362443067133427,0.003745559835806489,0.004319746047258377
-0.00010125112748937681,0.003747971961274743,0.004317169077694416
0.00010120185470441356,0.0037479810416698456,0.004316376987844706
0.00030362437246367335,0.0037455838173627853,0.004317256156355143
0.0005063000717200339,0.003744916059076786,0.004322576802223921
0.0007098944624885917,0.0036844073329120874,0.004332852084189653
0.0006206731195561588,0.0037492425180971622,0.004343921784311533
0.0005062524578534067,0.003632331732660532,0.004288734868168831
0.0005736997700296342,0.003543348051607609,0.004266504198312759
0.0007101076189428568,0.00375194288790226,0.004343579523265362
0.0008665663190186024,0.00375389214605093,0.004353987518697977
0.0008117755060084164,0.0037537547759711742,0.004351881332695484
0.0007874780567362905,0.003545770887285471,0.004277138505131006
0.0007557416683994234,0.0037530679255723953,0.0043448214419186115
0.0009128890233114362,0.003667802782729268,0.004341788124293089
0.0009132986306212842,0.0037541501224040985,0.004354254808276892
0.0009762938134372234,0.00375569355674088,0.004361639264971018
0.001015468966215849,0.003756516380235553,0.004367731511592865
0.0010067312978208065,0.003548169042915106,0.004292972385883331
0.00109006033744663,0.0037584828678518534,0.004372939467430115
0.0011166597250849009,0.003646825673058629,0.00435374490916729
0.0011177822016179562,0.0037593713495880365,0.004374009091407061
0.001319717732258141,0.0036545381881296635,0.004369091242551804
0.0012198928743600845,0.003761216066777706,0.00439232075586915
0.0013195432256907225,0.003758486360311508,0.004399999976158142
0.001319077447988093,0.003600365249440074,0.0043482170440256596
0.001314483699388802,0.003760260995477438,0.004399999976158142
0.001210719347000122,0.0037610959261655807,0.004391002934426069
0.0013211850309744477,0.0037584793753921986,0.004399999976158142
-0.0007105170516297221,0.003826367435976863,0.004370793700218201
-0.0007106831762939692,0.0038568521849811077,0.004381864331662655
-0.0005088374600745738,0.003942978568375111,0.0043968516401946545
-0.0005857505602762103,0.0039042923599481583,0.004399999976158142
-0.0005056187510490417,0.0039427876472473145,0.0043965596705675125
-0.0005060033872723579,0.0038118904922157526,0.004366075154393911
-0.0006556668668054044,0.0039023521821945906,0.004399999976158142
-0.0005260756006464362,0.003943939693272114,0.004399999976158142
-0.0007108805002644658,0.003910086117684841,0.004399999976158142
-0.0004037932667415589,0.003942633979022503,0.004399999976158142
-0.00040511091356165707,0.003942521288990974,0.004399999976158142
-0.00031301419949159026,0.003947686869651079,0.0043906159698963165
-0.00038231853977777064,0.003745296271517873,0.004322316963225603
-0.0004134773334953934,0.003943773917853832,0.004399999976158142
-0.0003035483241546899,0.003948090597987175,0.004390135873109102
-0.00030359410447999835,0.003820485668256879,0.004363011568784714
-0.0004011393466498703,0.003944006748497486,0.004399999976158142
-0.00020681056776084006,0.003952092956751585,0.0043957834132015705
-0.0002025522117037326,0.003952270373702049,0.004395883530378342
-0.0001839547767303884,0.0037469861563295126,0.004318266175687313
-0.00011367270781192929,0.003954303450882435,0.004387830384075642
-0.00010135870979866013,0.003954632673412561,0.004387238994240761
-0.00010129594011232257,0.00382746453396976,0.004361606668680906
-8.874684135662392e-05,0.003954770974814892,0.00438755052164197
-6.339001856758841e-08,0.003956024069339037,0.004393408540636301
6.854498678876553e-06,0.003955948632210493,0.004393171984702349
1.6900134141906165e-05,0.003747977316379547,0.004316719714552164
0.00010125010885531083,0.003954652231186628,0.004386378452181816
0.00010122212552232668,0.0038283970206975937,0.004361162427812815
0.00011450135934865102,0.003954300656914711,0.004386908374726772
0.000202475261176005,0.0039523025043308735,0.004393721930682659
0.00021948835637886077,0.0037465800996869802,0.004316870588809252
0.0002090479392791167,0.003952029626816511,0.004393495619297028
0.0003035323752555996,0.0039481292478740215,0.004387251567095518
0.00030358636286109686,0.003823391627520323,0.0043615917675197124
0.0003158279578201473,0.0039476053789258,0.0043878196738660336
0.0004086567787453532,0.003943850286304951,0.0043958742171525955
0.0005057489615865052,0.0039428104646503925,0.004392215982079506
0.00040448008803650737,0.0039439089596271515,0.004395933356136084
0.0005060856346972287,0.0038160576950758696,0.004363983869552612
0.000425645470386371,0.003745181718841195,0.004320410080254078
0.0007106216507963836,0.0038177527021616697,0.004362447187304497
0.0005130097852088511,0.003943242598325014,0.00439290190115571
0.0007108532590791583,0.0038569578900933266,0.004376987926661968
0.0005926640587858856,0.003917836584150791,0.004399999976158142
0.0005525655578821898,0.003945452161133289,0.004399999976158142
0.0007111449376679957,0.0039247008971869946,0.004399999976158142
0.0006701527745462954,0.0039175027050077915,0.004399999976158142
-0.0006065526395104825,-0.004042243584990501,0.004433340393006802
-0.000732275890186429,-0.004084595013409853,0.004438186530023813
-0.00059452501591295,-0.004106984008103609,0.004442779812961817
-0.0004041782231070101,-0.0041300165466964245,0.0044392179697752
-0.0004042184154968709,-0.004043090157210827,0.004425284918397665
-0.0005029380554333329,-0.00411915872246027,0.004440244287252426
-0.0005047711310908198,-0.004037962760776281,0.004427227657288313
-0.0002028770832112059,-0.004144794773310423,0.004437526687979698
-0.00020269908418413252,-0.004055126570165157,0.004423038102686405
-0.00030380135285668075,-0.004138614982366562,0.004437926225364208
-0.0003036273119505495,-0.004049727227538824,0.004423398990184069
-9.117547250525604e-08,-0.0041497740894556046,0.004437600262463093
-7.884350594622447e-08,-0.004059669096022844,0.004423145670443773
-0.00010158115765079856,-0.004148521460592747,0.0044374288991093636
-0.00010147204739041626,-0.004058475606143475,0.004422520752996206
0.00020275614224374294,-0.004144837614148855,0.004439330659806728
0.00020259864686522633,-0.004055164288729429,0.004425279796123505
0.00010141421807929873,-0.004148544277995825,0.0044384850189089775
0.00010132927127415314,-0.004058496095240116,0.0044237361289560795
0.0004042393993586302,-0.004130073823034763,0.004442381672561169
0.00040428084321320057,-0.00404313812032342,0.004429294262081385
0.0003037567366845906,-0.004138670861721039,0.004440417513251305
0.000303597014863044,-0.004049775190651417,0.0044265855103731155
0.0005947664612904191,-0.004106916021555662,0.004447401966899633
0.0006067802896723151,-0.0040422589518129826,0.004438426345586777
0.0005031210603192449,-0.004119194578379393,0.004444042220711708
0.000504932424519211,-0.004037995357066393,0.0044320416636765
-0.0012263277312740684,-0.003964413423091173,0.004440270364284515
-0.0012206739047542214,-0.0038657463155686855,0.00442401971668005
-0.0013102265074849129,-0.003937435336410999,0.004442435689270496
-0.0013215115759521723,-0.0038623863365501165,0.004432533867657185
-0.0010147843277081847,-0.003957252949476242,0.004432153422385454
-0.0010156340431421995,-0.003858963493257761,0.004401226527988911
-0.0011407311540096998,-0.00398995541036129,0.004439076408743858
-0.0011188867501914501,-0.0038654289674013853,0.004415865056216717
-0.0009138092282228172,-0.003959953784942627,0.004424607381224632
-0.0008133549708873034,-0.003965118899941444,0.0044200182892382145
-0.0008127960027195513,-0.003907166421413422,0.004399999976158142
-0.0009136791923083365,-0.003884031902998686,0.004399999976158142
-0.000616992823779583,-0.00394958071410656,0.0044089024886488914
-0.0007110750884748995,-0.003960739355534315,0.0044119092635810375
-0.000711041153408587,-0.003951059188693762,0.004409330897033215
-0.0006077978177927434,-0.003948485013097525,0.0044086952693760395
0.000405772210797295,-0.003943892195820808,0.004401276353746653
0.00040448029176332057,-0.003943910356611013,0.0044013322331011295
0.000622664054390043,-0.003950291778892279,0.004414194263517857
0.0006079997401684523,-0.00394853763282299,0.004413750022649765
0.0007113059400580823,-0.003960851114243269,0.0044175563380122185
0.0007112484308890998,-0.003946822602301836,0.004413519985973835
0.0008127774926833808,-0.003886894090101123,0.004399999976158142
0.0008135944954119623,-0.003965288866311312,0.004426433239132166
0.000921626400668174,-0.003857700154185295,0.004399999976158142
0.000913727970328182,-0.003860003314912319,0.004399999976158142
0.000913838914129883,-0.003960144240409136,0.004431425128132105
0.0010157703654840589,-0.0038589793257415295,0.004409386310726404
0.0010148986475542188,-0.003957309294492006,0.004439246840775013
0.0012266401899978518,-0.003964362200349569,0.004448328632861376
0.0012208656407892704,-0.0038657053373754025,0.004431042820215225
0.0011410227743908763,-0.00398978590965271,0.0044469283893704414
0.0011191020021215081,-0.0038653479423373938,0.004423376172780991
0.0013215102953836322,-0.0038623970467597246,0.004438689909875393
0.0013104252284392715,-0.0039375657215714455,0.004448980558663607
0.0014468475710600615,-0.003889300161972642,0.004446092527359724
-0.0018224944360554218,-0.003644918091595173,0.004437289200723171
-0.001945055671967566,-0.0036656195297837257,0.004445396829396486
-0.0018174080178141594,-0.0037307897582650185,0.0044480799697339535
-0.001620684051886201,-0.00374799408018589,0.0044374288991093636
-0.0016210381872951984,-0.0036476226523518562,0.004408813081681728
-0.001742165768519044,-0.003766364650800824,0.004444848746061325
-0.0017219707369804382,-0.0036465758457779884,0.004424139391630888
-0.0015231433790177107,-0.0037577676121145487,0.004427736159414053
-0.0014238330768421292,-0.0037628933787345886,0.004418977070599794
-0.001422522240318358,-0.0037089765537530184,0.004399999976158142
-0.001521723810583353,-0.0036689345724880695,0.004399999976158142
-0.0013212473131716251,-0.003759602550417185,0.004400602541863918
-0.001320543116889894,-0.0037602465599775314,0.0044007026590406895
-0.001321256160736084,-0.003760238876566291,0.004400742705911398
0.0013154014013707638,-0.0037602584343403578,0.004405734594911337
0.0013211382320150733,-0.0037550569977611303,0.004404864739626646
0.0013212099438533187,-0.003760195104405284,0.0044060987420380116
0.001422095112502575,-0.0036965070758014917,0.004399999976158142
0.0014236420392990112,-0.0037627876736223698,0.0044236439280211926
0.0015400723787024617,-0.003651207545772195,0.004399999976158142
0.0015215480234473944,-0.003659019246697426,0.004399999976158142
0.0015231644501909614,-0.003757593920454383,0.004431349691003561
0.0016210159519687295,-0.003647587262094021,0.004409969784319401
0.0016206562286242843,-0.00374794309027493,0.004438882693648338
0.0018173184944316745,-0.0037306060548871756,0.004447632469236851
0.0018225222593173385,-0.0036449122708290815,0.004436606541275978
0.0017420953372493386,-0.0037663925904780626,0.00444412138313055
0.0017219450091943145,-0.003646581433713436,0.004423330072313547
-0.0020240440499037504,-0.003541946178302169,0.004442023579031229
-0.0020269942469894886,-0.0034453559201210737,0.004416889511048794
-0.002138681011274457,-0.003556209849193692,0.0044534169137477875
-0.002131604589521885,-0.003450573654845357,0.004439053125679493
-0.0019244578434154391,-0.0035268613137304783,0.00441786227747798
-0.0018134800484403968,-0.003544350853189826,0.004409212619066238
-0.0019243572605773807,-0.0035448360722512007,0.00442232983186841
-0.0019038781756535172,-0.00354472897015512,0.004420163109898567
-0.0018227900145575404,-0.0035442973021417856,0.004411072004586458
0.0019046957604587078,-0.0035448370035737753,0.004419466946274042
0.0018139726016670465,-0.003544390434399247,0.004408777691423893
0.0019244805444031954,-0.003544954815879464,0.00442136637866497
0.0018228479893878102,-0.0035443424712866545,0.004410304129123688
0.001924564829096198,-0.0035275942645967007,0.004417244344949722
0.001954251667484641,-0.003444573376327753,0.004399999976158142
0.00202698796056211,-0.0034454038832336664,0.004413412418216467
0.002024116925895214,-0.0035419967025518417,0.0044393520802259445
0.002131503075361252,-0.00345061207190156,0.004434613045305014
0.0021387310698628426,-0.003556191688403487,0.004449461121112108
0.002260211855173111,-0.0034801948349922895,0.004445597529411316
-0.002436929615214467,-0.0032489970326423645,0.0044434648007154465
-0.002556415041908622,-0.0032689087092876434,0.004456781316548586
-0.0024430260527879,-0.0033543603494763374,0.004456855822354555
-0.0023323241621255875,-0.003346517449244857,0.004446693230420351
-0.0022352670785039663,-0.003352887462824583,0.004433403257280588
-0.0023340594489127398,-0.003247203305363655,0.004423485137522221
-0.0022328863851726055,-0.0032477390486747026,0.00440337834879756
-0.0021314024925231934,-0.0033489286433905363,0.004408538341522217
-0.002123877638950944,-0.003348661819472909,0.0044072577729821205
-0.002131345681846142,-0.003341690171509981,0.0044070519506931305
0.002128161955624819,-0.003348848083987832,0.004403028637170792
0.0021312772296369076,-0.0033459689002484083,0.004402912687510252
0.0021313000470399857,-0.003348959144204855,0.004403503146022558
0.0022330505307763815,-0.003258827608078718,0.004399999976158142
0.0022350973449647427,-0.0033529193606227636,0.004427574574947357
0.0024430782068520784,-0.003354541724547744,0.004449188243597746
0.0024370080791413784,-0.003248971188440919,0.004436779301613569
0.002332283416762948,-0.0033464545849710703,0.004439868964254856
0.002334054559469223,-0.003247174434363842,0.004416935611516237
-0.002653702860698104,-0.003061942756175995,0.004439614247530699
-0.002777935704216361,-0.0030827822629362345,0.0044531263411045074
-0.0026680934242904186,-0.003178342944011092,0.004455558955669403
-0.0025482280179858208,-0.0030453328508883715,0.004411943256855011
-0.002547923009842634,-0.0031285390723496675,0.0044298917055130005
-0.0025485309306532145,-0.0030578048899769783,0.004414886701852083
-0.0025475926231592894,-0.003158614970743656,0.004438498523086309
-0.0024245604872703552,-0.0031507909297943115,0.0044148629531264305
-0.0024401554837822914,-0.003151428187265992,0.004418288357555866
-0.002513677580282092,-0.0031563453376293182,0.00443156436085701
0.0025482820346951485,-0.003048163838684559,0.004409233573824167
0.0024291318841278553,-0.0031509720720350742,0.004410508554428816
0.00244015920907259,-0.0031514232978224754,0.004412705544382334
0.0025475285947322845,-0.0031586363911628723,0.0044337073341012
0.0025176259223371744,-0.0031566268298774958,0.004427847918123007
0.002548511605709791,-0.0030578074511140585,0.004411435220390558
0.0025478338357061148,-0.003132107900455594,0.00442636338993907
0.0026537140365689993,-0.0030619530007243156,0.004436317831277847
0.002667741384357214,-0.003178648417815566,0.004451235290616751
-0.0028355817776173353,-0.0029372021090239286,0.004446400795131922
-0.002838940592482686,-0.0028388467617332935,0.004426403436809778
-0.002934494288638234,-0.0029343077912926674,0.004453699570149183
-0.0029373576398938894,-0.0028355156537145376,0.004444848746061325
-0.0027423775754868984,-0.002838896121829748,0.004405283834785223
-0.0027423996943980455,-0.0028443075716495514,0.0044061955995857716
-0.002637954195961356,-0.0029548744205385447,0.004410605877637863
-0.002747900318354368,-0.002952252048999071,0.004429670516401529
-0.0027465890161693096,-0.002926443936303258,0.004423911217600107
-0.002648865105584264,-0.00295505253598094,0.004413047805428505
-0.002723196055740118,-0.002953001530840993,0.004424987360835075
0.002726276870816946,-0.0029528536833822727,0.00442208768799901
0.0026404811069369316,-0.0029548844322562218,0.004408239386975765
0.002648963127285242,-0.0029550213366746902,0.0044101085513830185
0.0027426835149526596,-0.0028445336502045393,0.004400995559990406
0.0027426767628639936,-0.0028436442371457815,0.004400866571813822
0.0027481447905302048,-0.0029521810356527567,0.004425880499184132
0.0027469939086586237,-0.0029294134583324194,0.0044211531057953835
0.002838901476934552,-0.002838865155354142,0.0044229235500097275
0.002835662104189396,-0.0029372505377978086,0.004443266894668341
0.0029371832497417927,-0.0028355715330690145,0.004443465732038021
0.0029342626221477985,-0.0029343252535909414,0.004452598746865988
0.0030297236517071724,-0.0028357352130115032,0.00445338012650609
-0.0030621534679085016,-0.00265362486243248,0.0044370051473379135
-0.0031784388702362776,-0.002667869906872511,0.004451966844499111
-0.003083091927692294,-0.0027778944931924343,0.0044504087418317795
-0.0029551528859883547,-0.0026400070637464523,0.004408609122037888
-0.0029552977066487074,-0.0026488567236810923,0.004410845693200827
-0.002953222254291177,-0.002725008875131607,0.004423150327056646
-0.002952536102384329,-0.0027478979900479317,0.00442763464525342
-0.002844732953235507,-0.002742569427937269,0.004405258689075708
-0.0028401620220392942,-0.002742539392784238,0.004404448438435793
-0.00292887887917459,-0.002746731508523226,0.0044219475239515305
0.0029548669699579477,-0.002639749087393284,0.004409035202115774
0.002842377405613661,-0.002742369892075658,0.0044018602930009365
0.0029284607153385878,-0.002746756887063384,0.004421967081725597
0.002955010859295726,-0.0026490390300750732,0.00441118935123086
0.002844281727448106,-0.002742379205301404,0.004402139689773321
0.002952865557745099,-0.0027249855920672417,0.004423284437507391
0.0029521535616368055,-0.0027479843702167273,0.004427354782819748
0.0030618873424828053,-0.0026539366226643324,0.0044379341416060925
0.0030825836583971977,-0.002778073772788048,0.004451113753020763
-0.0032487770076841116,-0.0024369549937546253,0.0044388738460838795
-0.0033543899189680815,-0.002443008590489626,0.004452516324818134
-0.0032687182538211346,-0.0025568141136318445,0.004452030640095472
-0.003151192795485258,-0.0024400886613875628,0.004413665272295475
-0.0031507075764238834,-0.0024284429382532835,0.00441108550876379
-0.003048036014661193,-0.00254838727414608,0.004409571643918753
-0.0031588347628712654,-0.0025478792376816273,0.0044345855712890625
-0.0031567185651510954,-0.0025180471129715443,0.004427672829478979
-0.0030580295715481043,-0.002548632677644491,0.004412108100950718
-0.003131988923996687,-0.0025481253396719694,0.004426684230566025
0.0031311246566474438,-0.0025482536293566227,0.004427461884915829
0.003057867754250765,-0.0025488201063126326,0.0044128671288490295
0.0031506619416177273,-0.0024272024165838957,0.00441225990653038
0.0030471531208604574,-0.002548553980886936,0.004410258959978819
0.00315878470428288,-0.0025479744654148817,0.00443574832752347
0.003151194890961051,-0.0024400840047746897,0.004414992406964302
0.0031565572135150433,-0.0025163209065794945,0.004429335705935955
0.003248812397941947,-0.002436863724142313,0.004440574906766415
0.0032687284983694553,-0.002556456485763192,0.004453109111636877
-0.003247572109103203,-0.0022446205839514732,0.004399999976158142
-0.0032557430677115917,-0.0022329946514219046,0.004399999976158142
-0.003352840431034565,-0.002235160209238529,0.0044283377937972546
-0.00324702518992126,-0.0023340159095823765,0.0044180601835250854
-0.00334638892672956,-0.002332303673028946,0.004441911354660988
0.0032412789296358824,-0.002232703845947981,0.004399999976158142
0.0031849772203713655,-0.002334605436772108,0.004399999976158142
0.003247086890041828,-0.002333966316655278,0.004421274643391371
0.0032477504573762417,-0.00223275413736701,0.004401772283017635
0.0034350084606558084,-0.0023283727932721376,0.004453510977327824
0.003480432089418173,-0.002260176232084632,0.004450926091521978
0.003346472280099988,-0.002332282019779086,0.00444534607231617
0.0033530383370816708,-0.002235069405287504,0.00443263491615653
-0.003450655145570636,-0.0021315612830221653,0.004434599075466394
-0.0034454194828867912,-0.0020269849337637424,0.004412637557834387
-0.003556413110345602,-0.002138769719749689,0.00444937264546752
-0.003542016725987196,-0.00202407524921,0.004438773263245821
-0.003346109064295888,-0.002131320536136627,0.004402756690979004
-0.0033489398192614317,-0.002131342887878418,0.0044032917357981205
-0.0033488369081169367,-0.0021284143440425396,0.004402825143188238
0.0033421821426600218,-0.0021312120370566845,0.0044066691771149635
0.003348775440827012,-0.002124083461239934,0.004406930413097143
0.0033490320201963186,-0.0021312644239515066,0.0044081611558794975
0.0033818797674030066,-0.002027371898293495,0.004399999976158142
0.003445432288572192,-0.0020269392989575863,0.004418425727635622
0.0034506863448768854,-0.00213145581074059,0.004439400043338537
0.003542003221809864,-0.0020240633748471737,0.0044444953091442585
0.0035561365075409412,-0.0021386672742664814,0.004454424604773521
0.0036262969952076674,-0.0020178277045488358,0.00445443345233798
-0.003644875017926097,-0.0018224540399387479,0.004435704089701176
-0.003730630734935403,-0.001817329553887248,0.004446907434612513
-0.0036657131277024746,-0.001945057767443359,0.004444302525371313
-0.0035449014976620674,-0.0019243622664362192,0.004420330282300711
-0.003544301027432084,-0.0018227718537673354,0.004409209359437227
-0.0035443445667624474,-0.0018148594535887241,0.004407829605042934
-0.003544791601598263,-0.0019054993754252791,0.004418567754328251
-0.0035283551551401615,-0.0019244535360485315,0.004416441544890404
0.003544412087649107,-0.0018097899155691266,0.004412875976413488
0.0035448805429041386,-0.001924391952343285,0.004426139406859875
0.0035443331580609083,-0.0018228046828880906,0.004415476694703102
0.00354475318454206,-0.0019004084169864655,0.0044236090034246445
0.0035240536089986563,-0.0019244988216087222,0.004420699551701546
0.0036449264734983444,-0.0018225002568215132,0.004442374221980572
0.0036656579468399286,-0.0019451235421001911,0.004450343083590269
-0.003646534401923418,-0.001721930573694408,0.00442140456289053
-0.003647595178335905,-0.0016210433095693588,0.004407298285514116
-0.0037663106340914965,-0.001742099062539637,0.004441558849066496
-0.0037480033934116364,-0.0016207130393013358,0.004435558337718248
0.0036014639772474766,-0.0016209034947678447,0.004399999976158142
0.003569825552403927,-0.0017217638669535518,0.004399999976158142
0.003646699246019125,-0.0017219610745087266,0.004429626744240522
0.003647667123004794,-0.0016210091998800635,0.004415107890963554
0.003748010378330946,-0.0016206512227654457,0.0044434466399252415
0.003766611684113741,-0.0017421520315110683,0.004450961481779814
0.0038246961776167154,-0.0016098845517262816,0.004451616667211056
-0.0037628014106303453,-0.0014237521681934595,0.004419644363224506
-0.003757639555260539,-0.0015232760924845934,0.004427754785865545
-0.0036685150116682053,-0.001521774334833026,0.004399999976158142
-0.003706695744767785,-0.0014224180486053228,0.004399999976158142
0.003652266226708889,-0.001515592448413372,0.004399999976158142
0.00364982383325696,-0.0015213631559163332,0.004399999976158142
0.0036521090660244226,-0.0015213902806863189,0.004400813020765781
0.0038574885111302137,-0.0015297455247491598,0.004446591250598431
0.003889454295858741,-0.001446721376851201,0.004446886014193296
0.0037576714530587196,-0.0015230943681672215,0.004433430731296539
0.003762886393815279,-0.0014235441340133548,0.00442490354180336
-0.003862436395138502,-0.0013214275240898132,0.004434318747371435
-0.0038658753037452698,-0.0012206647079437971,0.004426515195518732
-0.003937583416700363,-0.0013101977529004216,0.004444524180144072
-0.003964651841670275,-0.001226235181093216,0.004443395417183638
-0.003760257037356496,-0.0013192903716117144,0.004401886835694313
-0.0037602349184453487,-0.0013212031917646527,0.004402000457048416
-0.0037585352547466755,-0.0013211800251156092,0.00440160883590579
0.0037547675892710686,-0.001321032759733498,0.004405168350785971
0.0037602907977998257,-0.0013149406295269728,0.004406087100505829
0.0037602256052196026,-0.0013211073819547892,0.004406462889164686
0.0037652975879609585,-0.0012198106851428747,0.004399999976158142
0.0038656797260046005,-0.0012207181425765157,0.004429780412465334
0.0038623828440904617,-0.0013213847996667027,0.004438817035406828
-0.0038654517848044634,-0.001119143795222044,0.004418576136231422
-0.003858984913676977,-0.0010157807264477015,0.004404149483889341
-0.003989914897829294,-0.0011412310414016247,0.004442073404788971
-0.003957257606089115,-0.0010149360168725252,0.004434675443917513
0.003836836200207472,-0.0010156403295695782,0.004399999976158142
0.003809975693002343,-0.0011182670714333653,0.004399999976158142
0.0038653381634503603,-0.0011189713841304183,0.004421365447342396
0.003858941840007901,-0.0010157099459320307,0.004407419357448816
0.003957272972911596,-0.0010148632572963834,0.004437221679836512
0.003989799413830042,-0.001140856882557273,0.004444178193807602
0.004026960581541061,-0.0010024593211710453,0.00444458844140172
-0.0039652129635214806,-0.000813270453363657,0.00442210678011179
-0.00396001199260354,-0.0009137960732914507,0.00442699808627367
-0.0038756749127060175,-0.0009136859443970025,0.004399999976158142
-0.0039006550796329975,-0.0008126791217364371,0.004399999976158142
0.004048001952469349,-0.0009134935680776834,0.004441140219569206
0.004067821428179741,-0.000820590415969491,0.004439687356352806
0.003959997091442347,-0.0009139118483290076,0.004429273772984743
0.003965146839618683,-0.0008134901290759444,0.004424111917614937
-0.004042241722345352,-0.0006065802299417555,0.0044341301545500755
-0.004106875043362379,-0.0005946346209384501,0.004442897625267506
-0.00408475985750556,-0.0007321820012293756,0.004439352545887232
-0.003950150683522224,-0.0007109717116691172,0.004410309251397848
-0.00396084925159812,-0.0007110067526809871,0.004413255490362644
-0.003949757665395737,-0.0006181083736009896,0.004409997723996639
-0.003948519937694073,-0.0006077882717363536,0.00440975883975625
0.003948717378079891,-0.000711151456926018,0.00441160099580884
0.003960752859711647,-0.0007111967424862087,0.004414996597915888
0.003948550671339035,-0.0006079382146708667,0.004410250578075647
0.003949863836169243,-0.0006190084386616945,0.0044107199646532536
0.004042328335344791,-0.0006067705689929426,0.004434829577803612
0.004084577318280935,-0.0007323948666453362,0.004441024735569954
-0.004037926904857159,-0.0005048200255259871,0.0044270725920796394
-0.0040430487133562565,-0.0004042357031721622,0.0044242991134524345
-0.004119101446121931,-0.0005030206521041691,0.004439155571162701
-0.004129969980567694,-0.00040420173900201917,0.0044372654519975185
0.003959605935961008,-0.0004044187371619046,0.004399999976158142
0.003961417358368635,-0.0005055085057392716,0.004399999976158142
0.004038125276565552,-0.0005048009334132075,0.0044271987862885
0.00404326943680644,-0.0004042329965159297,0.004424095153808594
-0.004049682058393955,-0.00030360493110492826,0.004421766381710768
-0.004055074881762266,-0.00020264487829990685,0.004420633427798748
-0.004138567950576544,-0.0003037737915292382,0.004435692448168993
-0.0041447412222623825,-0.000202813112991862,0.004434189759194851
0.0039807334542274475,-0.00020264145859982818,0.004399999976158142
0.00398604990914464,-0.00030361441895365715,0.004399999976158142
0.004049911629408598,-0.0003036654961761087,0.0044218855910003185
0.0040553174912929535,-0.00020275918359402567,0.004421017598360777
-0.00405841413885355,-0.0001013988076010719,0.004419244360178709
-0.004059597849845886,-2.3596128848578368e-14,0.004418743308633566
-0.004148458130657673,-0.00010149597801500931,0.004433716647326946
-0.004149699583649635,0.0,0.004433238413184881
0.003989580553025007,-7.293574100231126e-08,0.004399999976158142
0.003999780397862196,-0.00010145387932425365,0.004399999976158142
0.004058671649545431,-0.00010153558105230331,0.004419974982738495
0.004059867933392525,-1.0309325659818569e-07,0.0044200303964316845
-0.00405841413885355,0.0001013988076010719,0.0044189319014549255
-0.004055074881762266,0.00020264487829990685,0.004419652745127678
-0.004148458130657673,0.00010149597801500931,0.004433993250131607
-0.0041447412222623825,0.000202813112991862,0.004434524569660425
0.0039788102731108665,0.00020261692407075316,0.004399999976158142
0.003999243024736643,0.00010139863297808915,0.004399999976158142
0.0040586721152067184,0.00010148409637622535,0.004420234356075525
0.0040553174912929535,0.00020274506823625416,0.004421531222760677
-0.004049682058393955,0.00030360493110492826,0.004420565906912088
-0.0040430487133562565,0.00040423573227599263,0.004422592930495739
-0.004138567950576544,0.0003037737915292382,0.004435028415173292
-0.004129969980567694,0.00040420173900201917,0.004436399322003126
0.003954912070184946,0.00040442636236548424,0.004399999976158142
0.003983981907367706,0.0003036055713891983,0.004399999976158142
0.004049911629408598,0.00030366145074367523,0.004422576166689396
0.00404326943680644,0.00040423180325888097,0.004425017163157463
-0.004037927836179733,0.0005048200837336481,0.004425021354109049
-0.004042241722345352,0.0006065802299417555,0.0044323536567389965
-0.004119101446121931,0.0005030206521041691,0.004437618423253298
-0.004106875043362379,0.0005946346209384501,0.004441922530531883
-0.003948520869016647,0.0006077883299440145,0.004407756961882114
-0.00396084925159812,0.0007110066944733262,0.0044115688651800156
-0.00394950807094574,0.0006160177872516215,0.004407972097396851
-0.0039514340460300446,0.000710975902620703,0.004409072455018759
0.00394974322989583,0.0007111552404239774,0.004410611931234598
0.003949794452637434,0.0006184199010021985,0.004410150460898876
0.003948551137000322,0.000607938040047884,0.004409801214933395
0.00396075239405036,0.0007111966842785478,0.004413740709424019
0.00395963154733181,0.0005055240471847355,0.004399999976158142
0.0040381248109042645,0.000504800584167242,0.004427755251526833
0.004042328335344791,0.0006067705107852817,0.004434394650161266
-0.003965212497860193,0.0008132703951559961,0.004419790580868721
-0.003907586447894573,0.0008127425680868328,0.004399999976158142
0.004084577318280935,0.0007323948666453362,0.004440039396286011
0.004067821428179741,0.000820590415969491,0.004438014701008797
0.0039651463739573956,0.0008134900126606226,0.004422156140208244
-0.003883957862854004,0.0009136967128142715,0.004399999976158142
-0.00385880540125072,0.0010032214922830462,0.004399999976158142
-0.003858983749523759,0.001015780377201736,0.004401282873004675
-0.00396001199260354,0.0009137960150837898,0.004424447659403086
-0.003957257606089115,0.0010149360168725252,0.00443197600543499
0.003850458189845085,0.0010156827047467232,0.004399999976158142
0.0038585250731557608,0.0009863036684691906,0.004399999976158142
0.003858939977362752,0.0010157094802707434,0.004402840044349432
0.004048001952469349,0.0009134935680776834,0.004438618663698435
0.004026960581541061,0.0010024593211710453,0.004440752789378166
0.003959997091442347,0.0009139118483290076,0.004426329862326384
0.003957272972911596,0.0010148632572963834,0.004433316644281149
-0.0038654496893286705,0.0011191432131454349,0.004415805451571941
-0.0038658748380839825,0.0012206645915284753,0.004424076993018389
-0.003989914897829294,0.0011412310414016247,0.0044389646500349045
-0.003964651841670275,0.001226235181093216,0.004440401215106249
-0.0037602416705340147,0.0013205878203734756,0.004400606732815504
-0.0037596826441586018,0.001321195624768734,0.004400522448122501
-0.003760234685614705,0.001321203075349331,0.004400643985718489
0.0037865652702748775,0.0012200026540085673,0.004399999976158142
0.003823575796559453,0.001118438900448382,0.004399999976158142
0.0038653339724987745,0.0011189701035618782,0.004415926523506641
0.0038656785618513823,0.0012207177933305502,0.0044233836233615875
-0.003889285260811448,0.0014470252208411694,0.004440721590071917
-0.003937583416700363,0.0013101977529004216,0.004443132318556309
-0.003862436395138502,0.0013214275240898132,0.004432879388332367
-0.0037628014106303453,0.0014237521681934595,0.0044188532046973705
-0.003709332086145878,0.0014224806800484657,0.004399999976158142
0.0037604013923555613,0.0013279279228299856,0.004399999976158142
0.003763735992833972,0.0013211163459345698,0.004399999976158142
0.003862382611259818,0.001321384683251381,0.004431504290550947
0.0037628859281539917,0.0014235439011827111,0.004415971226990223
0.003889454295858741,0.001446721376851201,0.0044383760541677475
-0.0036704905796796083,0.0015218076296150684,0.004399999976158142
-0.003650123020634055,0.0015647137770429254,0.004399999976158142
-0.003647595178335905,0.0016210434259846807,0.00440793065354228
-0.0037576393224298954,0.0015232760924845934,0.004427442327141762
-0.00374800362624228,0.0016207130393013358,0.004437029827386141
0.003637984162196517,0.0016209863824769855,0.004399999976158142
0.0036486906465142965,0.0015980100724846125,0.004399999976158142
0.003647665260359645,0.0016210085013881326,0.0044031753204762936
0.0038574885111302137,0.0015297455247491598,0.004436963703483343
0.0038246961776167154,0.0016098845517262816,0.0044412934221327305
0.0037576709873974323,0.001523094135336578,0.004423682112246752
0.0037480101455003023,0.0016206512227654457,0.004433212801814079
-0.0036465346347540617,0.0017219306901097298,0.004422926809638739
-0.003644875017926097,0.0018224540399387479,0.004435541108250618
-0.0037663106340914965,0.001742099062539637,0.004444049671292305
-0.003730630734935403,0.001817329553887248,0.004446582868695259
-0.003544343402609229,0.0018150749383494258,0.0044076163321733475
-0.003544301027432084,0.0018227718537673354,0.004409138113260269
-0.003529455978423357,0.0019244474824517965,0.004415347706526518
-0.0035449014976620674,0.0019243622664362192,0.004419140983372927
-0.0035447983536869287,0.0019066688837483525,0.004417416639626026
0.0035330597311258316,0.0019244523718953133,0.004411747679114342
0.003544809063896537,0.0019110484281554818,0.0044131348840892315
0.0035443315282464027,0.0018228041008114815,0.0044038910418748856
0.0035448800772428513,0.0019243916030973196,0.0044143968261778355
0.0035443517845124006,0.0018194604199379683,0.004403308033943176
0.0035980255343019962,0.0017218358116224408,0.004399999976158142
0.003646697849035263,0.0017219606088474393,0.0044183917343616486
0.003644926007837057,0.0018225002568215132,0.0044314623810350895
-0.0034446315839886665,0.0019598251674324274,0.004399999976158142
-0.003445420181378722,0.0020269853994250298,0.004412402398884296
-0.0035420169588178396,0.00202407524921,0.004437802825123072
-0.003348875790834427,0.0021292956080287695,0.004401981830596924
-0.0033489482011646032,0.0021313498727977276,0.004402291029691696
-0.0033469973132014275,0.0021313349716365337,0.004401900339871645
0.0034226425923407078,0.0020270943641662598,0.004399999976158142
0.00344502623192966,0.001992798177525401,0.004399999976158142
0.0034454315900802612,0.002026938833296299,0.004406331107020378
0.0036656579468399286,0.0019451235421001911,0.0044390372931957245
0.0036262969952076674,0.0020178277045488358,0.004442619625478983
0.003542003221809864,0.00202406314201653,0.004432677756994963
-0.0034800833091139793,0.002260326873511076,0.004444630350917578
-0.003556413110345602,0.002138769719749689,0.004448383115231991
-0.0034506560768932104,0.00213156221434474,0.00443356903269887
-0.0033528520725667477,0.00223517045378685,0.004426264204084873
-0.0032632467336952686,0.0022332044318318367,0.004399999976158142
0.0033495097886770964,0.0021434586960822344,0.004399999976158142
0.003358446294441819,0.0021312879398465157,0.004399999976158142
0.0034506870433688164,0.0021314562764018774,0.004428839311003685
0.003353049512952566,0.002235079649835825,0.00442239735275507
0.003480432089418173,0.002260176232084632,0.004441589582711458
-0.003247129498049617,0.0023341081105172634,0.004414680413901806
-0.003248922759667039,0.0024370835162699223,0.004433738067746162
-0.00334640359506011,0.002332316478714347,0.004437840543687344
-0.0033543899189680815,0.002443008590489626,0.00444631977006793
-0.0030520737636834383,0.0025483528152108192,0.004405548330396414
-0.00315680168569088,0.002521103946492076,0.004424724727869034
-0.0031510500703006983,0.0024322415702044964,0.004407630767673254
-0.003151377197355032,0.002440251875668764,0.004409196320921183
-0.003057865658774972,0.002548494143411517,0.004406855441629887
-0.0031585844699293375,0.002547663636505604,0.00442954758182168
-0.003135381266474724,0.002547897631302476,0.0044230869971215725
0.00315853557549417,0.0025477551389485598,0.004426378756761551
0.0031375433318316936,0.002547987038269639,0.004420863930135965
0.0031569877173751593,0.0025245139840990305,0.004421615973114967
0.003151377895846963,0.0024402481503784657,0.004405447281897068
0.003151184879243374,0.0024354858323931694,0.004404535982757807
0.003057704074308276,0.00254867784678936,0.004405197221785784
0.003053311025723815,0.002548569580540061,0.0044042072258889675
0.003215118544176221,0.002334432676434517,0.004399999976158142
0.003247189335525036,0.0023340596817433834,0.004410773050040007
0.003248956985771656,0.0024369952734559774,0.0044313459657132626
0.0033544511534273624,0.00244313245639205,0.004446249455213547
0.0033464867155998945,0.0023322950582951307,0.004436681978404522
0.0034350084606558084,0.0023283727932721376,0.004445498809218407
-0.0031784388702362776,0.002667869906872511,0.004446678329259157
-0.0030621178448200226,0.002653595060110092,0.0044312262907624245
-0.0029529831372201443,0.0027322028763592243,0.004415854346007109
-0.0029551642946898937,0.002645416185259819,0.004403284285217524
-0.0029364069923758507,0.002747087739408016,0.0044149477034807205
-0.00295522203668952,0.0026487938594073057,0.00440402515232563
-0.0029525195714086294,0.002747883088886738,0.004418304190039635
0.0029337003361433744,0.0027470230124890804,0.004417103715240955
0.0029526834841817617,0.002730325097218156,0.004417864140123129
0.002954882802441716,0.0026452152524143457,0.0044036610051989555
0.002952144481241703,0.0027479759883135557,0.004421065095812082
0.0029549438040703535,0.0026489817537367344,0.0044045215472579
0.003061852650716901,0.002653906587511301,0.004430255386978388
0.0031783580780029297,0.0026684135664254427,0.004443871323019266
0.0032687284983694553,0.002556456485763192,0.004443306475877762
-0.0028424637857824564,0.00278000021353364,0.004399999976158142
-0.0028389329090714455,0.002838837681338191,0.004413291811943054
-0.0029373541474342346,0.0028355123940855265,0.004435412585735321
-0.0027471836656332016,0.0029381336644291878,0.004413080867379904
-0.0027344978880137205,0.002952667186036706,0.004413563292473555
-0.0027479026466608047,0.002952254842966795,0.004415825009346008
0.002728753024712205,0.0029527987353503704,0.004419604316353798
0.0027471561916172504,0.002932384144514799,0.0044184052385389805
0.002748156199231744,0.002952193608507514,0.004423057660460472
0.002649004803970456,0.002955072093755007,0.004407502245157957
0.002642804989591241,0.0029549766331911087,0.004406026564538479
0.002751930383965373,0.002844005823135376,0.004399999976158142
0.002843692898750305,0.002753177657723427,0.004399999976158142
0.002838908461853862,0.0028388709761202335,0.004419778008013964
0.0030825836583971977,0.002778073772788048,0.0044435556046664715
0.0030297236517071724,0.0028357352130115032,0.004447451326996088
0.0029371825512498617,0.0028355710674077272,0.004439014475792646
-0.0028356416150927544,0.003029709681868553,0.004444059915840626
-0.002934494288638234,0.0029343077912926674,0.0044450522400438786
-0.0028355815447866917,0.0029372021090239286,0.004434735514223576
-0.002649108413606882,0.0029601585119962692,0.004399999976158142
-0.002653723582625389,0.0030619672033935785,0.004426171071827412
-0.002777935704216361,0.0030827822629362345,0.0044409348629415035
-0.0024398656096309423,0.003151232609525323,0.00440011965110898
-0.002547972835600376,0.003142030443996191,0.004416706971824169
-0.0025478035677224398,0.0031588575802743435,0.004420884419232607
-0.0025289603509008884,0.003157525323331356,0.004417475778609514
-0.0024399911053478718,0.0031512377317994833,0.004400140605866909
0.002519583562389016,0.003156885504722595,0.004426131024956703
0.002548003802075982,0.0031341160647571087,0.004424589686095715
0.0025486343074589968,0.003057953668758273,0.004409776534885168
0.002548439195379615,0.0030498031992465258,0.004407802596688271
0.0024399971589446068,0.003151237266138196,0.004411956761032343
0.0024297540076076984,0.00315080932341516,0.00440975371748209
0.0025477411691099405,0.003158884821459651,0.004431868903338909
0.0026537408120930195,0.0030619846656918526,0.004434437025338411
0.0028356648981571198,0.002937253564596176,0.004440260119736195
0.002835933119058609,0.003029844956472516,0.004449751693755388
0.0027783107943832874,0.0030824942514300346,0.00444718636572361
-0.002556415041908622,0.0032689087092876434,0.004438159521669149
-0.0024367987643927336,0.0032488510478287935,0.004426263738423586
-0.0023339649196714163,0.003247095039114356,0.004404973704367876
-0.0023341181222349405,0.003231833456084132,0.004399999976158142
-0.0023093242198228836,0.0032472372986376286,0.004399999976158142
0.0021312644239515066,0.003345307894051075,0.00440354784950614
0.0021312928292900324,0.003348950995132327,0.0044042859226465225
0.0021274983882904053,0.0033488168846815825,0.0044036624021828175
0.0023344962392002344,0.0031937931198626757,0.004399999976158142
0.002333963057026267,0.0032470696605741978,0.0044181859120726585
0.0024368802551180124,0.0032488254364579916,0.0044377208687365055
0.0025565887335687876,0.003268665401265025,0.004449674393981695
0.002667741384357214,0.003178648417815566,0.004449015483260155
-0.0022352563682943583,0.0033528751228004694,0.00441771512851119
-0.00226052338257432,0.003480095649138093,0.004436786286532879
-0.002332310890778899,0.0033465023152530193,0.004431269131600857
-0.002328448463231325,0.003435224760323763,0.004440144635736942
-0.0020269923843443394,0.003445353824645281,0.004403730854392052
-0.0021316034253686666,0.0034505724906921387,0.004425248596817255
-0.002131436485797167,0.0033694878220558167,0.004399999976158142
-0.0020270857494324446,0.0034320130944252014,0.004399999976158142
-0.0018202911596745253,0.003544310573488474,0.004402472171932459
-0.0019244179129600525,0.003533939365297556,0.004410827998071909
-0.0019243569113314152,0.003544835140928626,0.004413229878991842
-0.0019119324861094356,0.0035447704140096903,0.004412232898175716
-0.0018227895488962531,0.0035442961379885674,0.004402867052704096
0.0019048047251999378,0.0035448374692350626,0.004419359844177961
0.0019245647126808763,0.0035276201087981462,0.004417218267917633
0.0019244805444031954,0.0035449545830488205,0.004421470686793327
0.0018139942549169064,0.0035443902015686035,0.004408756271004677
0.0018228479893878102,0.0035443424712866545,0.0044104475528001785
0.001953662605956197,0.0034445661585778,0.004399999976158142
0.002027316717430949,0.0033962205052375793,0.004399999976158142
0.0020269877277314663,0.003445403417572379,0.004414129536598921
0.0022350873332470655,0.003352907719090581,0.004429149907082319
0.002260211855173111,0.0034801948349922895,0.004447502084076405
0.002131502376869321,0.003450611140578985,0.004435794893652201
0.002328378614038229,0.00343491742387414,0.004449617117643356
0.002332270611077547,0.00334643991664052,0.004441941622644663
0.0024430782068520784,0.003354541724547744,0.004451397806406021
-0.0020177646074444056,0.0036261382047086954,0.004440367687493563
-0.002138681011274457,0.003556209849193692,0.004440010990947485
-0.0020240438170731068,0.003541945945471525,0.004430464934557676
-0.001945055671967566,0.0036656195297837257,0.004437364637851715
-0.0018224943196401,0.0036449178587645292,0.0044296239502727985
-0.001621037838049233,0.0036476217210292816,0.004402928054332733
-0.0017219705041497946,0.003646574914455414,0.004416250623762608
-0.0017218535067513585,0.0036016462836414576,0.004399999976158142
-0.001621016301214695,0.003638392547145486,0.004399999976158142
-0.0013212428893893957,0.0037592812441289425,0.00440090661868453
-0.0013201492838561535,0.003760250983759761,0.004401091020554304
-0.001321256160736084,0.003760238876566291,0.00440112454816699
0.0013212033081799746,0.003759750397875905,0.004400420002639294
0.0013207142474129796,0.0037601992953568697,0.004400488920509815
0.0013212094781920314,0.0037601939402520657,0.004400516860187054
0.0015640975907444954,0.003650132566690445,0.004399999976158142
0.0016209590248763561,0.003622191259637475,0.004399999976158142
0.0016210158355534077,0.003647587029263377,0.0044083427637815475
0.0017218008870258927,0.003584030084311962,0.004399999976158142
0.0017219450091943145,0.003646581433713436,0.00442378269508481
0.0018225222593173385,0.0036449122708290815,0.004437240306288004
0.0020241166930645704,0.0035419967025518417,0.004440220072865486
0.00201785983517766,0.0036262134090065956,0.004450026899576187
0.0019452640553936362,0.003665827913209796,0.004445401951670647
-0.0016099251806735992,0.003824793267995119,0.004441429395228624
-0.001742165768519044,0.003766364650800824,0.004437623079866171
-0.001620684051886201,0.0037479938473552465,0.00443253992125392
-0.0014238330768421292,0.0037628933787345886,0.004418188240379095
-0.0014472564216703176,0.0038894081953912973,0.004439938347786665
-0.0015231433790177107,0.003757767379283905,0.00442547770217061
-0.0015296963974833488,0.003857705742120743,0.004438580945134163
-0.001219955738633871,0.0037810588255524635,0.004399999976158142
-0.0012206739047542214,0.0038657463155686855,0.004424295853823423
-0.0013215115759521723,0.0038623863365501165,0.0044325958006083965
-0.0010156345088034868,0.0038589651230722666,0.004404967650771141
-0.0011188869830220938,0.00386542989872396,0.004417043179273605
-0.0011183195747435093,0.0038192211650311947,0.004399999976158142
-0.0010155894560739398,0.0038437594193965197,0.004399999976158142
-0.0007110271835699677,0.003947040066123009,0.004413205198943615
-0.0006077975849620998,0.003948483150452375,0.004412895534187555
-0.0006217025220394135,0.003950139973312616,0.004413462709635496
-0.0007110752048902214,0.003960739821195602,0.0044172219932079315
-0.00040442124009132385,0.00394386937841773,0.004400327801704407
-0.00040474222623743117,0.003943864721804857,0.004400317091494799
0.0007113057654350996,0.003960850182920694,0.004412403795868158
0.0007112647872418165,0.003950848244130611,0.0044096396304667
0.0006174023146741092,0.003949664533138275,0.0044091008603572845
0.0006079999729990959,0.00394853949546814,0.004408794455230236
0.0010007789824157953,0.003858772339299321,0.004399999976158142
0.0010157549986615777,0.003854352980852127,0.004399999976158142
0.001015769550576806,0.0038589760661125183,0.004401545971632004
0.001220865175127983,0.0038657039403915405,0.00442380690947175
0.0011191002558916807,0.0038653418887406588,0.004415563307702541
0.0011185645125806332,0.003824292216449976,0.004399999976158142
0.0012201061472296715,0.003784379456192255,0.004399999976158142
0.0014236420392990112,0.003762787440791726,0.004418531898409128
0.0014468475710600615,0.003889300161972642,0.004440313670784235
0.0013215102953836322,0.003862396813929081,0.004432711284607649
0.0016206562286242843,0.00374794309027493,0.004437609575688839
0.0016099018976092339,0.003824738087132573,0.004445809405297041
0.0015231643337756395,0.0037575936876237392,0.004427284933626652
0.001529847620986402,0.0038574105128645897,0.004440600052475929
-0.0010024196235463023,0.004026821814477444,0.004443567246198654
-0.0011407311540096998,0.00398995541036129,0.004439338110387325
-0.0010147843277081847,0.003957252949476242,0.004435329232364893
-0.0008133550290949643,0.003965119365602732,0.004424994345754385
-0.0008204189944081008,0.004067790694534779,0.00444039748981595
-0.0009138092864304781,0.003959953784942627,0.004429199732840061
-0.0009133857092820108,0.004047930706292391,0.0044410862028598785
-0.000732275890186429,0.004084595013409853,0.004443394020199776
-0.0006065526395104825,0.004042243584990501,0.004437664989382029
-0.0005055451183579862,0.003951269667595625,0.004399999976158142
-0.0005047709564678371,0.004037961829453707,0.0044311885721981525
-0.00040421835728920996,0.004043090157210827,0.00442881416529417
-0.00020269908418413252,0.004055127035826445,0.004425459075719118
-0.000303627282846719,0.004049727693200111,0.004426594823598862
-0.00030356866773217916,0.003973616287112236,0.004399999976158142
-0.0002025705762207508,0.003965145908296108,0.004399999976158142
-7.884383990131028e-08,0.004059669096022844,0.004423413425683975
-0.00010147206194233149,0.004058476537466049,0.004424127284437418
-0.0001013947039609775,0.003988458309322596,0.004399999976158142
-6.645515071568298e-08,0.003976903390139341,0.004399999976158142
0.00020259866141714156,0.004055164288729429,0.004423236474394798
0.00010132927127415314,0.004058496095240116,0.004423085600137711
0.00010127753193955868,0.003991152625530958,0.004399999976158142
0.00020249938825145364,0.003972406033426523,0.004399999976158142
0.0004042809014208615,0.004043138585984707,0.004424830432981253
0.0003035970439668745,0.0040497747249901295,0.0044233850203454494
0.0003035547269973904,0.003982117399573326,0.004399999976158142
0.00040445508784614503,0.0039565120823681355,0.004399999976158142
0.0005055820220150054,0.003962668124586344,0.004399999976158142
0.0005049326573498547,0.004037997219711542,0.004426768980920315
0.000606780347879976,0.0040422589518129826,0.004433522466570139
0.0008135944372043014,0.003965288400650024,0.004420596640557051
0.0008207934442907572,0.004067996982485056,0.004436671268194914
0.0007325414335355163,0.004084705375134945,0.004438769072294235
0.001014898531138897,0.003957309294492006,0.004432543646544218
0.001002450124360621,0.004026981070637703,0.0044403960928320885
0.0009138387977145612,0.0039601437747478485,0.004425116814672947
0.0009132666164077818,0.004048224538564682,0.004437809344381094
-0.0005054539069533348,-0.003961503971368074,0.004399999976158142
-0.0004043998196721077,-0.0039543770253658295,0.004399999976158142
-0.0003035751869902015,-0.0039820619858801365,0.004399999976158142
-0.00020258250879123807,-0.003973501268774271,0.004399999976158142
-0.00010139966616407037,-0.003992962650954723,0.004399999976158142
-6.662453699846083e-08,-0.003978037741035223,0.004399999976158142
0.00010127644782187417,-0.003989731427282095,0.004399999976158142
0.00020249099179636687,-0.003965403418987989,0.004399999976158142
0.0003035491390619427,-0.003973209764808416,0.004399999976158142
0.0005056997179053724,-0.003948996774852276,0.004399999976158142
-0.001219977275468409,-0.0037835973780602217,0.004399999976158142
-0.0011183705646544695,-0.0038234021048992872,0.004399999976158142
-0.0009136355365626514,-0.003857498988509178,0.00439014146104455
-0.0010037217289209366,-0.003858791198581457,0.004399999976158142
-0.0010156231001019478,-0.0038552680052816868,0.004399999976158142
0.0009137254673987627,-0.0038575937505811453,0.004399087745696306
0.0010156827047467232,-0.0038311153184622526,0.004399999976158142
0.0011183266760781407,-0.0038059537764638662,0.004399999976158142
0.001219912781380117,-0.003763630986213684,0.004399999976158142
-0.001721802749671042,-0.003581993980333209,0.004399999976158142
-0.0015214565210044384,-0.0036521353758871555,0.004393932409584522
-0.001559373689815402,-0.0036504147574305534,0.004399999976158142
-0.0016209747409448028,-0.003620438277721405,0.004399999976158142
0.0015214340528473258,-0.0036520427092909813,0.004397377837449312
0.001620946335606277,-0.00361645664088428,0.004399999976158142
0.0017217989079654217,-0.0035831304267048836,0.004399999976158142
-0.0019408498192206025,-0.0034443512558937073,0.004399999976158142
-0.0020274161361157894,-0.003385160118341446,0.004399999976158142
0.002027304610237479,-0.0033982067834585905,0.004399999976158142
-0.0023348480463027954,-0.0031777319964021444,0.004399999976158142
0.0023346426896750927,-0.0031952508725225925,0.004399999976158142
-0.0031923167407512665,-0.0023345632944256067,0.004399999976158142
-0.0034009770024567842,-0.0020272887777537107,0.004399999976158142
-0.0034446376375854015,-0.001960395835340023,0.004399999976158142
0.0034442998003214598,-0.0019315398531034589,0.004399999976158142
-0.003587717190384865,-0.0017217890126630664,0.004399999976158142
-0.0036242527421563864,-0.0016209871973842382,0.004399999976158142
-0.0036501798313111067,-0.0015634483424946666,0.004399999976158142
-0.0036520662251859903,-0.0015214983141049743,0.004394072573632002
-0.003776929108425975,-0.0012199317570775747,0.004399999976158142
-0.00381741882301867,-0.0011184923350811005,0.004399999976158142
-0.003846609964966774,-0.0010157390497624874,0.004399999976158142
-0.0038584002759307623,-0.0009746303549036384,0.004399999976158142
-0.003857541363686323,-0.0009136635344475508,0.004393185488879681
0.003857936942949891,-0.000944487052038312,0.004399999976158142
0.0038575066719204187,-0.0009137183078564703,0.004396377131342888
0.0038671225775033236,-0.0009137358283624053,0.004399999976158142
-0.003961348906159401,-0.0005054784705862403,0.004399999976158142
-0.003956151660531759,-0.00040440470911562443,0.004399999976158142
-0.003985934425145388,-0.0003035583649761975,0.004399999976158142
-0.00397949293255806,-0.0002025448775384575,0.004399999976158142
-0.004001077264547348,-0.0001013449436868541,0.004399999976158142
-0.003992196172475815,-2.453744943776287e-13,0.004399999976158142
-0.004002208821475506,0.00010134599870070815,0.004399999976158142
-0.003984893672168255,0.00020255202252883464,0.004399999976158142
-0.003988982178270817,0.00030356060597114265,0.004399999976158142
-0.003962610848248005,0.0004043921653646976,0.004399999976158142
-0.0039661782793700695,0.000505436968524009,0.004399999976158142
-0.003857543459162116,0.0009136640001088381,0.004390281159430742
-0.003855115966871381,0.0010157673386856914,0.004399999976158142
-0.003823706181719899,0.0011185770854353905,0.004399999976158142
0.0038575096987187862,0.0009137190063484013,0.00439227931201458
0.0038781429175287485,0.0009137566667050123,0.004399999976158142
-0.003783715423196554,0.0012199876364320517,0.004399999976158142
-0.0036520666908472776,0.001521498546935618,0.00439330842345953
-0.0036233137361705303,0.0016209849854931235,0.004399999976158142
-0.0035854484885931015,0.0017217836575582623,0.004399999976158142
0.003652114188298583,0.001521392143331468,0.004388580098748207
0.0036836580839008093,0.001521899364888668,0.004399999976158142
-0.003401464782655239,0.002027286682277918,0.004399999976158142
-0.003202926367521286,0.0023346091620624065,0.004399999976158142
-0.002783090341836214,0.002841990441083908,0.004399999976158142
-0.0025496568996459246,0.003057951107621193,0.004399999976158142
-0.0021593975834548473,0.0033499854616820812,0.004399999976158142
-0.002005556598305702,0.0034451037645339966,0.004399999976158142
-0.0015214571030810475,0.0036521367728710175,0.004390756133943796
-0.0015956921270117164,0.0036487693432718515,0.004399999976158142
-0.0015218628104776144,0.0036776356864720583,0.004399999976158142
0.0015214348677545786,0.003652044804766774,0.004393004346638918
0.0015217462787404656,0.0036711138673126698,0.004399999976158142
-0.0009136346052400768,0.0038574947975575924,0.004395939875394106
-0.0009570109541527927,0.003858117386698723,0.004399999976158142
-0.0009136523585766554,0.0038683058228343725,0.004399999976158142
0.0009137269807979465,0.0038576002698391676,0.004390375688672066
0.000913753523491323,0.003883178113028407,0.004399999976158142
-0.0010024196235463023,-0.004026821814477444,0.004439851269125938
-0.0009133857092820108,-0.004047930706292391,0.004437063354998827
-0.0008204189944081008,-0.004067790694534779,0.004435910377651453
0.0007325414335355163,-0.004084705375134945,0.00444396398961544
0.0008207934442907572,-0.004067996982485056,0.004442000295966864
0.0009132666164077818,-0.004048224538564682,0.00444346759468317
0.001002450124360621,-0.004026981070637703,0.0044467574916779995
-0.0016099251806735992,-0.003824793267995119,0.004445179365575314
-0.0015296963974833488,-0.003857705742120743,0.004440649878233671
-0.0014472564216703176,-0.0038894081953912973,0.004440452437847853
0.001529847620986402,-0.0038574105128645897,0.004444952588528395
0.0016099018976092339,-0.003824738087132573,0.00444796634837985
-0.0020177646074444056,-0.0036261382047086954,0.004451313056051731
0.0019452640553936362,-0.003665827913209796,0.004444954916834831
0.00201785983517766,-0.0036262134090065956,0.004449103493243456
-0.002328448463231325,-0.003435224760323763,0.004454098641872406
-0.00226052338257432,-0.003480095649138093,0.004451385699212551
0.002328378614038229,-0.00343491742387414,0.004447216168045998
0.0025565887335687876,-0.003268665401265025,0.004449926782399416
-0.0028356416150927544,-0.003029709681868553,0.004456492606550455
0.0027783107943832874,-0.0030824942514300346,0.004449286963790655
0.002835933119058609,-0.003029844956472516,0.004453421104699373
-0.0030298051424324512,-0.002835650462657213,0.004453913774341345
0.0031783580780029297,-0.0026684135664254427,0.004453232046216726
-0.003434950252994895,-0.002328468719497323,0.004449405707418919
0.0033544511534273624,-0.00244313245639205,0.004454522859305143
-0.0034800833091139793,-0.002260326873511076,0.004446408711373806
-0.0036261097993701696,-0.0020177760161459446,0.004448544699698687
0.003730716882273555,-0.0018173725111410022,0.004453672561794519
-0.0038249175995588303,-0.0016099795466288924,0.0044438717886805534
-0.0038574703503400087,-0.0015300052473321557,0.004440735559910536
-0.003889285260811448,-0.0014470252208411694,0.0044416100718081
0.003937430214136839,-0.0013103015953674912,0.004449018742889166
0.0039643170312047005,-0.001226461841724813,0.004445933271199465
-0.004026828333735466,-0.0010024174116551876,0.004442320205271244
-0.004048004746437073,-0.0009133108542300761,0.004439342301338911
-0.004067905247211456,-0.0008202768513001502,0.004437957890331745
0.004107107874006033,-0.0005949174519628286,0.004444228485226631
0.004119366407394409,-0.0005028760642744601,0.004439993761479855
0.004130212124437094,-0.0004041715001221746,0.0044382186606526375
0.0041388110257685184,-0.0003038420982193202,0.00443689851090312
0.0041449968703091145,-0.00020295067224651575,0.004436161369085312
0.004148733336478472,-0.00010167258733417839,0.004435683600604534
0.004149997606873512,-1.850519737445211e-07,0.0044352770783007145
0.004148733336478472,0.00010167258733417839,0.004435732960700989
0.0041449968703091145,0.00020295067224651575,0.004436140414327383
0.0041388110257685184,0.0003038420982193202,0.004437010269612074
0.004130212124437094,0.0004041715001221746,0.004438556265085936
0.004119366407394409,0.0005028760642744601,0.00444011902436614
-0.00408475985750556,0.0007321820012293756,0.004437955562025309
0.004107107874006033,0.0005949174519628286,0.0044435858726501465
-0.004067905247211456,0.0008202768513001502,0.004435593727976084
-0.004048004746437073,0.0009133108542300761,0.004436649847775698
-0.004026828333735466,0.0010024174116551876,0.004439455922693014
0.003989799413830042,0.001140856882557273,0.004439282696694136
0.0039643170312047005,0.001226461841724813,0.004439830780029297
0.003937430214136839,0.0013103015953674912,0.004442065488547087
-0.0038574703503400087,0.0015300052473321557,0.004440437536686659
-0.0038249175995588303,0.0016099795466288924,0.004445006139576435
0.003766611684113741,0.0017421520315110683,0.004440398421138525
-0.0036657131277024746,0.001945057767443359,0.004442594014108181
0.003730716882273555,0.0018173725111410022,0.0044432878494262695
-0.0036261097993701696,0.0020177760161459446,0.004447045736014843
0.0035561365075409412,0.0021386672742664814,0.0044432710856199265
-0.003434950252994895,0.002328468719497323,0.004445638507604599
-0.0032687182538211346,0.0025568141136318445,0.004446202889084816
-0.003083091927692294,0.0027778944931924343,0.00444347970187664
-0.0030298051424324512,0.002835650462657213,0.00444535119459033
0.0029342626221477985,0.0029343252535909414,0.004448520019650459
-0.0026680934242904186,0.003178342944011092,0.004440033342689276
-0.0024430260527879,0.0033543603494763374,0.004441133234649897
0.0021387310698628426,0.003556191688403487,0.004450703039765358
-0.0018174080178141594,0.0037307897582650185,0.004441025201231241
0.0017420953372493386,0.0037663925904780626,0.004445243626832962
0.0018173184944316745,0.0037306060548871756,0.004448532592505217
-0.0013102265074849129,0.003937435336410999,0.004441991914063692
-0.0012263277312740684,0.003964413423091173,0.004439244978129864
0.0011410227743908763,0.00398978590965271,0.0044388603419065475
0.0012266401899978518,0.003964362200349569,0.004440017510205507
0.0013104252284392715,0.0039375657215714455,0.004442841745913029
-0.00059452501591295,0.004106984008103609,0.004447038751095533
-0.0005029380554333329,0.00411915872246027,0.004443700425326824
-0.0004041782231070101,0.0041300165466964245,0.004442708101123571
-0.00030380135285668075,0.004138614982366562,0.0044413465075194836
-0.0002028770832112059,0.004144794773310423,0.004440125543624163
-0.00010158115765079856,0.004148521460592747,0.004439417272806168
-9.117547250525604e-08,0.0041497740894556046,0.004438201431185007
0.00010141421807929873,0.004148544277995825,0.004438340663909912
0.00020275614224374294,0.004144837614148855,0.004437866620719433
0.0003037567366845906,0.004138670861721039,0.004438063129782677
0.0004042393993586302,0.004130073823034763,0.004438735544681549
0.0005031210603192449,0.004119194578379393,0.004439523443579674
0.0005947664612904191,0.004106916021555662,0.004443044774234295
-0.000812328071333468,-0.0038583939895033836,0.004381620325148106
0.0008124831947498024,-0.003858503419905901,0.0043891435489058495
-0.0014212096575647593,-0.0036548541393131018,0.004379390273243189
0.0014211236266419291,-0.003654776606708765,0.004383474588394165
-0.0022151260636746883,-0.003247472457587719,0.004399999976158142
-0.0022327881306409836,-0.0032351044937968254,0.004399999976158142
0.0022328102495521307,-0.0032477451022714376,0.0043961708433926105
0.0022490988485515118,-0.0032476517371833324,0.004399999976158142
-0.003247645450755954,-0.00223281467333436,0.00439715338870883
0.0032476158812642097,-0.002223593881353736,0.004399999976158142
-0.00365479476749897,-0.0014211868401616812,0.0043801600113511086
0.003654839936643839,-0.001421059831045568,0.004385576583445072
0.0036914562806487083,-0.0014219003496691585,0.004399999976158142
-0.0038584587164223194,-0.0008122948347590864,0.004383975639939308
0.003858407726511359,-0.000812424230389297,0.004386396612972021
0.0038940515369176865,-0.0008127788314595819,0.004399999976158142
-0.003858460346236825,0.0008122951257973909,0.004381576087325811
0.003858409123495221,0.0008124245214276016,0.004383957479149103
0.0039005291182547808,0.0008128436165861785,0.004399999976158142
-0.0036547952331602573,0.001421186956577003,0.004379101097583771
0.0036548434291034937,0.00142106122802943,0.004375811666250229
0.003718285821378231,0.0014225175837054849,0.004399999976158142
-0.003247702494263649,0.002232864499092102,0.004394626244902611
-0.0032475641928613186,0.0022570141591131687,0.004399999976158142
0.003247809363529086,0.0022328062914311886,0.004388285335153341
0.0032802149653434753,0.00223350478336215,0.004399999976158142
0.0032475062180310488,0.0022818748839199543,0.004399999976158142
-0.0022328391205519438,0.003247686196118593,0.0043828608468174934
-0.0022339492570608854,0.003296064445748925,0.004399999976158142
0.002232760889455676,0.0032476880587637424,0.004397846292704344
0.002241763286292553,0.003247632412239909,0.004399999976158142
0.0022328931372612715,0.0032536929938942194,0.004399999976158142
-0.001421209890395403,0.0036548543721437454,0.0043784379959106445
-0.0014225816121324897,0.0037114182487130165,0.004399999976158142
0.0014211242087185383,0.0036547782365232706,0.004378804005682468
0.001422414556145668,0.003710200311616063,0.004399999976158142
-0.0008123273146338761,0.003858390497043729,0.004387500695884228
-0.0008126425091177225,0.003891243366524577,0.004399999976158142
0.000812484126072377,0.003858508076518774,0.004381964914500713
0.0008129757479764521,0.0039059242699295282,0.004399999976158142