time,theta,zeta_wall
0.0,-3.0925052683774528,0.004100000020116568
0.0,-2.994330497952771,0.004100000020116568
0.0,-2.8961557275280905,0.004100000020116568
0.0,-2.7979809571034098,0.004100000020116568
0.0,-2.699806186678728,0.004100000020116568
0.0,-2.6016314162540475,0.004100000020116568
0.0,-2.5034566458293668,0.004100000020116568
0.0,-2.405281875404685,0.004100000020116568
0.0,-2.3071071049800045,0.004100000020116568
0.0,-2.208932334555323,0.004100000020116568
0.0,-2.110757564130642,0.004100000020116568
0.0,-2.0125827937059615,0.004100000020116568
0.0,-1.9144080232812801,0.004100000020116568
0.0,-1.8162332528565992,0.004100000020116568
0.0,-1.718058482431918,0.004100000020116568
0.0,-1.6198837120072371,0.004100000020116568
0.0,-1.521708941582556,0.004100000020116568
0.0,-1.423534171157875,0.004100000020116568
0.0,-1.325359400733194,0.004100000020116568
0.0,-1.227184630308513,0.004100000020116568
0.0,-1.1290098598838318,0.004100000020116568
0.0,-1.030835089459151,0.004100000020116568
0.0,-0.93266031903447,0.004100000020116568
0.0,-0.8344855486097889,0.004100000020116568
0.0,-0.7363107781851077,0.004100000020116568
0.0,-0.6381360077604266,0.004100000020116568
0.0,-0.5399612373357456,0.004100000020116568
0.0,-0.4417864669110647,0.004100000020116568
0.0,-0.34361169648638357,0.004100000020116568
0.0,-0.24543692606170264,0.004100000020116568
0.0,-0.14726215563702172,0.004100000020116568
0.0,-0.04908738521234057,0.004100000020116568
0.0,0.04908738521234057,0.004100000020116568
0.0,0.14726215563702172,0.004100000020116568
0.0,0.24543692606170264,0.004100000020116568
0.0,0.34361169648638357,0.004100000020116568
0.0,0.4417864669110647,0.004100000020116568
0.0,0.5399612373357456,0.004100000020116568
0.0,0.6381360077604266,0.004100000020116568
0.0,0.7363107781851077,0.004100000020116568
0.0,0.8344855486097886,0.004100000020116568
0.0,0.9326603190344698,0.004100000020116568
0.0,1.030835089459151,0.004100000020116568
0.0,1.1290098598838316,0.004100000020116568
0.0,1.2271846303085128,0.004100000020116568
0.0,1.325359400733194,0.004100000020116568
0.0,1.423534171157875,0.004100000020116568
0.0,1.5217089415825562,0.004100000020116568
0.0,1.619883712007237,0.004100000020116568
0.0,1.718058482431918,0.004100000020116568
0.0,1.8162332528565992,0.004100000020116568
0.0,1.9144080232812803,0.004100000020116568
0.0,2.0125827937059615,0.004100000020116568
0.0,2.110757564130642,0.004100000020116568
0.0,2.2089323345553233,0.004100000020116568
0.0,2.3071071049800045,0.004100000020116568
0.0,2.405281875404685,0.004100000020116568
0.0,2.5034566458293663,0.004100000020116568
0.0,2.6016314162540475,0.004100000020116568
0.0,2.699806186678728,0.004100000020116568
0.0,2.7979809571034093,0.004100000020116568
0.0,2.8961557275280905,0.004100000020116568
0.0,2.9943304979527716,0.004100000020116568
0.0,3.0925052683774528,0.004100000020116568
0.1,-3.0925052683774528,0.004335042089223862
0.1,-2.994330497952771,0.004299996420741081
0.1,-2.8961557275280905,0.004238835070282221
0.1,-2.7979809571034098,0.004218203015625477
0.1,-2.699806186678728,0.004185580648481846
0.1,-2.6016314162540475,0.004141044802963734
0.1,-2.5034566458293668,0.0040951375849545
0.1,-2.405281875404685,0.004050477873533964
0.1,-2.3071071049800045,0.004019022919237614
0.1,-2.208932334555323,0.003986320458352566
0.1,-2.110757564130642,0.003958101384341717
0.1,-2.0125827937059615,0.003943500574678183
0.1,-1.9144080232812801,0.003938260488212109
0.1,-1.8162332528565992,0.003919703420251608
0.1,-1.718058482431918,0.003918285481631756
0.1,-1.6198837120072371,0.0039024401921778917
0.1,-1.521708941582556,0.003902973374351859
0.1,-1.423534171157875,0.003919200971722603
0.1,-1.325359400733194,0.0039199041202664375
0.1,-1.227184630308513,0.003938285168260336
0.1,-1.1290098598838318,0.003943589050322771
0.1,-1.030835089459151,0.003958210349082947
0.1,-0.93266031903447,0.003986021503806114
0.1,-0.8344855486097889,0.00401827460154891
0.1,-0.7363107781851077,0.004049733281135559
0.1,-0.6381360077604266,0.0040949610993266106
0.1,-0.5399612373357456,0.004140729084610939
0.1,-0.4417864669110647,0.004185035824775696
0.1,-0.34361169648638357,0.0042174868285655975
0.1,-0.24543692606170264,0.00423806207254529
0.1,-0.14726215563702172,0.00429966626688838
0.1,-0.04908738521234057,0.004321692511439323
0.1,0.04908738521234057,0.004402690101414919
0.1,0.14726215563702172,0.004462128505110741
0.1,0.24543692606170264,0.004513384774327278
0.1,0.34361169648638357,0.004571020137518644
0.1,0.4417864669110647,0.0046072788536548615
0.1,0.5399612373357456,0.0046462854370474815
0.1,0.6381360077604266,0.004664490930736065
0.1,0.7363107781851077,0.004672791343182325
0.1,0.8344855486097886,0.004683916922658682
0.1,0.9326603190344698,0.004710405133664608
0.1,1.030835089459151,0.004721586126834154
0.1,1.1290098598838316,0.00474396999925375
0.1,1.2271846303085128,0.004748829640448093
0.1,1.325359400733194,0.004743887577205896
0.1,1.423534171157875,0.004759012255817652
0.1,1.5217089415825562,0.004755018278956413
0.1,1.619883712007237,0.004755253437906504
0.1,1.718058482431918,0.004759265575557947
0.1,1.8162332528565992,0.004744302481412888
0.1,1.9144080232812803,0.004749279003590345
0.1,2.0125827937059615,0.004744124598801136
0.1,2.110757564130642,0.004721786826848984
0.1,2.2089323345553233,0.004710631910711527
0.1,2.3071071049800045,0.004684354178607464
0.1,2.405281875404685,0.004673142451792955
0.1,2.5034566458293663,0.004664781503379345
0.1,2.6016314162540475,0.004646603949368
0.1,2.699806186678728,0.004607680719345808
0.1,2.7979809571034093,0.004571058321744204
0.1,2.8961557275280905,0.004513458348810673
0.1,2.9943304979527716,0.004462418612092733
0.1,3.0925052683774528,0.004417502321302891
0.2,-3.0925052683774528,0.004400407895445824
0.2,-2.994330497952771,0.004381333477795124
0.2,-2.8961557275280905,0.0043471334502100945
0.2,-2.7979809571034098,0.004328341223299503
0.2,-2.699806186678728,0.004301184788346291
0.2,-2.6016314162540475,0.0042727552354335785
0.2,-2.5034566458293668,0.004248513840138912
0.2,-2.405281875404685,0.004232540261000395
0.2,-2.3071071049800045,0.004221463575959206
0.2,-2.208932334555323,0.004208317957818508
0.2,-2.110757564130642,0.004193517379462719
0.2,-2.0125827937059615,0.004182405769824982
0.2,-1.9144080232812801,0.004174300469458103
0.2,-1.8162332528565992,0.004150950349867344
0.2,-1.718058482431918,0.004149026703089476
0.2,-1.6198837120072371,0.0041357832960784435
0.2,-1.521708941582556,0.004137298092246056
0.2,-1.423534171157875,0.004148747771978378
0.2,-1.325359400733194,0.0041510877199471
0.2,-1.227184630308513,0.0041745672933757305
0.2,-1.1290098598838318,0.004182691220194101
0.2,-1.030835089459151,0.004193430300801992
0.2,-0.93266031903447,0.004208444617688656
0.2,-0.8344855486097889,0.004221340641379356
0.2,-0.7363107781851077,0.00423237681388855
0.2,-0.6381360077604266,0.004248043056577444
0.2,-0.5399612373357456,0.004271651618182659
0.2,-0.4417864669110647,0.004300531465560198
0.2,-0.34361169648638357,0.004328373819589615
0.2,-0.24543692606170264,0.004347923211753368
0.2,-0.14726215563702172,0.00438281474635005
0.2,-0.04908738521234057,0.004396363161504269
0.2,0.04908738521234057,0.004428320098668337
0.2,0.14726215563702172,0.0044575887732207775
0.2,0.24543692606170264,0.004475977271795273
0.2,0.34361169648638357,0.004508693236857653
0.2,0.4417864669110647,0.004519803449511528
0.2,0.5399612373357456,0.004545001313090324
0.2,0.6381360077604266,0.0045673660933971405
0.2,0.7363107781851077,0.004574382212013006
0.2,0.8344855486097886,0.004578432999551296
0.2,0.9326603190344698,0.0045920670963823795
0.2,1.030835089459151,0.004605754744261503
0.2,1.1290098598838316,0.004621156491339207
0.2,1.2271846303085128,0.004632908385246992
0.2,1.325359400733194,0.004631517920643091
0.2,1.423534171157875,0.00464606424793601
0.2,1.5217089415825562,0.004647811409085989
0.2,1.619883712007237,0.0046483431942760944
0.2,1.718058482431918,0.004645445384085178
0.2,1.8162332528565992,0.004628834314644337
0.2,1.9144080232812803,0.004628659226000309
0.2,2.0125827937059615,0.004619658458977938
0.2,2.110757564130642,0.004607470706105232
0.2,2.2089323345553233,0.004594193771481514
0.2,2.3071071049800045,0.0045798118226230145
0.2,2.405281875404685,0.00457672867923975
0.2,2.5034566458293663,0.004571007564663887
0.2,2.6016314162540475,0.004546049982309341
0.2,2.699806186678728,0.004519469570368528
0.2,2.7979809571034093,0.004507985431700945
0.2,2.8961557275280905,0.00447210343554616
0.2,2.9943304979527716,0.004452753346413374
0.2,3.0925052683774528,0.004431009292602539
0.3,-3.0925052683774528,0.004360066261142492
0.3,-2.994330497952771,0.004349134396761656
0.3,-2.8961557275280905,0.004327440168708563
0.3,-2.7979809571034098,0.004312405362725258
0.3,-2.699806186678728,0.004302327986806631
0.3,-2.6016314162540475,0.004286378622055054
0.3,-2.5034566458293668,0.004269496537744999
0.3,-2.405281875404685,0.004257456865161657
0.3,-2.3071071049800045,0.004252943675965071
0.3,-2.208932334555323,0.0042470116168260574
0.3,-2.110757564130642,0.004237997345626354
0.3,-2.0125827937059615,0.004227314610034227
0.3,-1.9144080232812801,0.00422538910061121
0.3,-1.8162332528565992,0.004212753847241402
0.3,-1.718058482431918,0.004215839318931103
0.3,-1.6198837120072371,0.004212750121951103
0.3,-1.521708941582556,0.004215568769723177
0.3,-1.423534171157875,0.004222815856337547
0.3,-1.325359400733194,0.004219753667712212
0.3,-1.227184630308513,0.004235511180013418
0.3,-1.1290098598838318,0.0042320480570197105
0.3,-1.030835089459151,0.004236165434122086
0.3,-0.93266031903447,0.004244232550263405
0.3,-0.8344855486097889,0.004246429540216923
0.3,-0.7363107781851077,0.004254012368619442
0.3,-0.6381360077604266,0.0042672292329370975
0.3,-0.5399612373357456,0.004286474082618952
0.3,-0.4417864669110647,0.004303021356463432
0.3,-0.34361169648638357,0.004321244545280933
0.3,-0.24543692606170264,0.004327979404479265
0.3,-0.14726215563702172,0.004349545110017061
0.3,-0.04908738521234057,0.004355503246188164
0.3,0.04908738521234057,0.004379013553261757
0.3,0.14726215563702172,0.004402154590934515
0.3,0.24543692606170264,0.004420904908329248
0.3,0.34361169648638357,0.004454785492271185
0.3,0.4417864669110647,0.0044816588051617146
0.3,0.5399612373357456,0.004514668136835098
0.3,0.6381360077604266,0.004548880271613598
0.3,0.7363107781851077,0.004570921882987022
0.3,0.8344855486097886,0.004586481023579836
0.3,0.9326603190344698,0.004600782413035631
0.3,1.030835089459151,0.004615613259375095
0.3,1.1290098598838316,0.004629581235349178
0.3,1.2271846303085128,0.004640194121748209
0.3,1.325359400733194,0.004634953569620848
0.3,1.423534171157875,0.004649671260267496
0.3,1.5217089415825562,0.0046430109068751335
0.3,1.619883712007237,0.004643177147954702
0.3,1.718058482431918,0.004650711081922054
0.3,1.8162332528565992,0.004636688623577356
0.3,1.9144080232812803,0.004643188323825598
0.3,2.0125827937059615,0.004633837379515171
0.3,2.110757564130642,0.004621122032403946
0.3,2.2089323345553233,0.004608619026839733
0.3,2.3071071049800045,0.00459559541195631
0.3,2.405281875404685,0.004582574591040611
0.3,2.5034566458293663,0.004564258269965649
0.3,2.6016314162540475,0.004535973072052002
0.3,2.699806186678728,0.0045065139420330524
0.3,2.7979809571034093,0.004470978397876024
0.3,2.8961557275280905,0.004431618377566338
0.3,2.9943304979527716,0.004406621214002371
0.3,3.0925052683774528,0.004385730251669884
0.4,-3.0925052683774528,0.00436600623652339
0.4,-2.994330497952771,0.004348030313849449
0.4,-2.8961557275280905,0.004315193742513657
0.4,-2.7979809571034098,0.00430519413203001
0.4,-2.699806186678728,0.004284932278096676
0.4,-2.6016314162540475,0.004268188960850239
0.4,-2.5034566458293668,0.004251799546182156
0.4,-2.405281875404685,0.004233518615365028
0.4,-2.3071071049800045,0.0042214710265398026
0.4,-2.208932334555323,0.0042158677242696285
0.4,-2.110757564130642,0.004205117002129555
0.4,-2.0125827937059615,0.004191205836832523
0.4,-1.9144080232812801,0.004193515982478857
0.4,-1.8162332528565992,0.00418462511152029
0.4,-1.718058482431918,0.004191961605101824
0.4,-1.6198837120072371,0.004183405078947544
0.4,-1.521708941582556,0.004182121716439724
0.4,-1.423534171157875,0.004189375787973404
0.4,-1.325359400733194,0.004183411132544279
0.4,-1.227184630308513,0.004194812383502722
0.4,-1.1290098598838318,0.004194978624582291
0.4,-1.030835089459151,0.0042133089154958725
0.4,-0.93266031903447,0.00423031859099865
0.4,-0.8344855486097889,0.004232943989336491
0.4,-0.7363107781851077,0.00424323370680213
0.4,-0.6381360077604266,0.00425867922604084
0.4,-0.5399612373357456,0.004279326647520065
0.4,-0.4417864669110647,0.004296788014471531
0.4,-0.34361169648638357,0.004309334326535463
0.4,-0.24543692606170264,0.0043289330787956715
0.4,-0.14726215563702172,0.004354385193437338
0.4,-0.04908738521234057,0.004363286308944225
0.4,0.04908738521234057,0.004392023663967848
0.4,0.14726215563702172,0.004419482313096523
0.4,0.24543692606170264,0.0044442410580813885
0.4,0.34361169648638357,0.004485932644456625
0.4,0.4417864669110647,0.004515481181442738
0.4,0.5399612373357456,0.004549788311123848
0.4,0.6381360077604266,0.004584352020174265
0.4,0.7363107781851077,0.00460569653660059
0.4,0.8344855486097886,0.0046154772862792015
0.4,0.9326603190344698,0.004629877395927906
0.4,1.030835089459151,0.004637615755200386
0.4,1.1290098598838316,0.004649838898330927
0.4,1.2271846303085128,0.004661926534026861
0.4,1.325359400733194,0.0046569062396883965
0.4,1.423534171157875,0.004672260954976082
0.4,1.5217089415825562,0.004667195957154036
0.4,1.619883712007237,0.004667337983846664
0.4,1.718058482431918,0.0046733682975173
0.4,1.8162332528565992,0.0046592699363827705
0.4,1.9144080232812803,0.004664821084588766
0.4,2.0125827937059615,0.004653732292354107
0.4,2.110757564130642,0.004641612991690636
0.4,2.2089323345553233,0.004633143078535795
0.4,2.3071071049800045,0.004618858452886343
0.4,2.405281875404685,0.004605510737746954
0.4,2.5034566458293663,0.00458692479878664
0.4,2.6016314162540475,0.004549606703221798
0.4,2.699806186678728,0.004516724497079849
0.4,2.7979809571034093,0.00450183404609561
0.4,2.8961557275280905,0.004450432024896145
0.4,2.9943304979527716,0.004423017147928476
0.4,3.0925052683774528,0.00439942441880703
0.5,-3.0925052683774528,0.004374481737613678
0.5,-2.994330497952771,0.00435604015365243
0.5,-2.8961557275280905,0.004326334688812494
0.5,-2.7979809571034098,0.004306636285036802
0.5,-2.699806186678728,0.0042887404561042786
0.5,-2.6016314162540475,0.004274282604455948
0.5,-2.5034566458293668,0.004258295055478811
0.5,-2.405281875404685,0.004242089577019215
0.5,-2.3071071049800045,0.004231869243085384
0.5,-2.208932334555323,0.004224775359034538
0.5,-2.110757564130642,0.004209023434668779
0.5,-2.0125827937059615,0.004194807261228561
0.5,-1.9144080232812801,0.004196169786155224
0.5,-1.8162332528565992,0.004186220001429319
0.5,-1.718058482431918,0.004188662860542536
0.5,-1.6198837120072371,0.004183534998446703
0.5,-1.521708941582556,0.004186688922345638
0.5,-1.423534171157875,0.004195352550595999
0.5,-1.325359400733194,0.0041901725344359875
0.5,-1.227184630308513,0.004199134185910225
0.5,-1.1290098598838318,0.004198664799332619
0.5,-1.030835089459151,0.0042131999507546425
0.5,-0.93266031903447,0.004229987971484661
0.5,-0.8344855486097889,0.004235624335706234
0.5,-0.7363107781851077,0.004245106130838394
0.5,-0.6381360077604266,0.004261770285665989
0.5,-0.5399612373357456,0.004278960637748241
0.5,-0.4417864669110647,0.004293476231396198
0.5,-0.34361169648638357,0.004308599047362804
0.5,-0.24543692606170264,0.0043299091048538685
0.5,-0.14726215563702172,0.004358853213489056
0.5,-0.04908738521234057,0.00437000161036849
0.5,0.04908738521234057,0.004402113612741232
0.5,0.14726215563702172,0.004430997651070356
0.5,0.24543692606170264,0.004455935675650835
0.5,0.34361169648638357,0.004503355361521244
0.5,0.4417864669110647,0.004517356865108013
0.5,0.5399612373357456,0.004551347810775042
0.5,0.6381360077604266,0.004583440721035004
0.5,0.7363107781851077,0.004604536108672619
0.5,0.8344855486097886,0.004611794371157885
0.5,0.9326603190344698,0.0046235304325819016
0.5,1.030835089459151,0.004635773133486509
0.5,1.1290098598838316,0.004649806767702103
0.5,1.2271846303085128,0.004661856684833765
0.5,1.325359400733194,0.0046560317277908325
0.5,1.423534171157875,0.004671300295740366
0.5,1.5217089415825562,0.004666521213948727
0.5,1.619883712007237,0.0046666753478348255
0.5,1.718058482431918,0.004671996925026178
0.5,1.8162332528565992,0.004657077137380838
0.5,1.9144080232812803,0.004661605227738619
0.5,2.0125827937059615,0.0046486323699355125
0.5,2.110757564130642,0.004636307246983051
0.5,2.2089323345553233,0.0046271272003650665
0.5,2.3071071049800045,0.0046156952157616615
0.5,2.405281875404685,0.004605744034051895
0.5,2.5034566458293663,0.004588071256875992
0.5,2.6016314162540475,0.004555013030767441
0.5,2.699806186678728,0.004523283336311579
0.5,2.7979809571034093,0.004506781697273254
0.5,2.8961557275280905,0.004458351526409388
0.5,2.9943304979527716,0.004431722220033407
0.5,3.0925052683774528,0.004408199340105057
0.6,-3.0925052683774528,0.004391875118017197
0.6,-2.994330497952771,0.004373093601316214
0.6,-2.8961557275280905,0.00433950312435627
0.6,-2.7979809571034098,0.004324005451053381
0.6,-2.699806186678728,0.004303173627704382
0.6,-2.6016314162540475,0.004286058247089386
0.6,-2.5034566458293668,0.004264209419488907
0.6,-2.405281875404685,0.004242125432938337
0.6,-2.3071071049800045,0.004230627324432135
0.6,-2.208932334555323,0.004224160686135292
0.6,-2.110757564130642,0.004213222302496433
0.6,-2.0125827937059615,0.004202812444418669
0.6,-1.9144080232812801,0.0042039877735078335
0.6,-1.8162332528565992,0.004196465015411377
0.6,-1.718058482431918,0.004200633615255356
0.6,-1.6198837120072371,0.00419419864192605
0.6,-1.521708941582556,0.004192400723695755
0.6,-1.423534171157875,0.00419776514172554
0.6,-1.325359400733194,0.00419360026717186
0.6,-1.227184630308513,0.004203672055155039
0.6,-1.1290098598838318,0.004201036877930164
0.6,-1.030835089459151,0.0042109000496566296
0.6,-0.93266031903447,0.004224213771522045
0.6,-0.8344855486097889,0.004229830112308264
0.6,-0.7363107781851077,0.004240123555064201
0.6,-0.6381360077604266,0.004255922511219978
0.6,-0.5399612373357456,0.0042749932035803795
0.6,-0.4417864669110647,0.0042921798303723335
0.6,-0.34361169648638357,0.004306916147470474
0.6,-0.24543692606170264,0.0043265619315207005
0.6,-0.14726215563702172,0.0043560173362493515
0.6,-0.04908738521234057,0.0043659573420882225
0.6,0.04908738521234057,0.0043965610675513744
0.6,0.14726215563702172,0.004424153361469507
0.6,0.24543692606170264,0.004449756350368261
0.6,0.34361169648638357,0.004491808358579874
0.6,0.4417864669110647,0.004514226224273443
0.6,0.5399612373357456,0.004548217169940472
0.6,0.6381360077604266,0.0045829471200704575
0.6,0.7363107781851077,0.004606333561241627
0.6,0.8344855486097886,0.004612043034285307
0.6,0.9326603190344698,0.004622512497007847
0.6,1.030835089459151,0.00463398452848196
0.6,1.1290098598838316,0.004647684283554554
0.6,1.2271846303085128,0.004658692516386509
0.6,1.325359400733194,0.004652075003832579
0.6,1.423534171157875,0.004666594788432121
0.6,1.5217089415825562,0.004661552608013153
0.6,1.619883712007237,0.004661638289690018
0.6,1.718058482431918,0.004667462315410376
0.6,1.8162332528565992,0.004653375130146742
0.6,1.9144080232812803,0.004660244099795818
0.6,2.0125827937059615,0.0046505192294716835
0.6,2.110757564130642,0.004637978971004486
0.6,2.2089323345553233,0.004627188201993704
0.6,2.3071071049800045,0.004616829566657543
0.6,2.405281875404685,0.00461077643558383
0.6,2.5034566458293663,0.004591494798660278
0.6,2.6016314162540475,0.00456077978014946
0.6,2.699806186678728,0.00453837588429451
0.6,2.7979809571034093,0.004510689526796341
0.6,2.8961557275280905,0.004473121836781502
0.6,2.9943304979527716,0.004449882078915834
0.6,3.0925052683774528,0.004426501225680113
0.7,-3.0925052683774528,0.004385136533528566
0.7,-2.994330497952771,0.00436756806448102
0.7,-2.8961557275280905,0.004336763173341751
0.7,-2.7979809571034098,0.004323516506701708
0.7,-2.699806186678728,0.004303883761167526
0.7,-2.6016314162540475,0.004286938346922398
0.7,-2.5034566458293668,0.004265005700290203
0.7,-2.405281875404685,0.004246788565069437
0.7,-2.3071071049800045,0.004235857166349888
0.7,-2.208932334555323,0.004232803359627724
0.7,-2.110757564130642,0.004224220756441355
0.7,-2.0125827937059615,0.00421393197029829
0.7,-1.9144080232812801,0.0042154835537076
0.7,-1.8162332528565992,0.0042053088545799255
0.7,-1.718058482431918,0.004208199214190245
0.7,-1.6198837120072371,0.004201199393719435
0.7,-1.521708941582556,0.004198942333459854
0.7,-1.423534171157875,0.004204753320664167
0.7,-1.325359400733194,0.004200903233140707
0.7,-1.227184630308513,0.004211754072457552
0.7,-1.1290098598838318,0.004212964326143265
0.7,-1.030835089459151,0.004223918542265892
0.7,-0.93266031903447,0.004233099985867739
0.7,-0.8344855486097889,0.004238063003867865
0.7,-0.7363107781851077,0.004245875868946314
0.7,-0.6381360077604266,0.004259835463017225
0.7,-0.5399612373357456,0.0042791059240698814
0.7,-0.4417864669110647,0.004294362850487232
0.7,-0.34361169648638357,0.004307165741920471
0.7,-0.24543692606170264,0.004326669964939356
0.7,-0.14726215563702172,0.004356087185442448
0.7,-0.04908738521234057,0.0043663522228598595
0.7,0.04908738521234057,0.004397931508719921
0.7,0.14726215563702172,0.0044267913326621056
0.7,0.24543692606170264,0.004453303758054972
0.7,0.34361169648638357,0.004502851981669664
0.7,0.4417864669110647,0.004517816938459873
0.7,0.5399612373357456,0.00455313827842474
0.7,0.6381360077604266,0.0045851473696529865
0.7,0.7363107781851077,0.004607251845300198
0.7,0.8344855486097886,0.004612382501363754
0.7,0.9326603190344698,0.004622842185199261
0.7,1.030835089459151,0.004635785706341267
0.7,1.1290098598838316,0.004649365786463022
0.7,1.2271846303085128,0.004660888109356165
0.7,1.325359400733194,0.004653881769627333
0.7,1.423534171157875,0.004668048582971096
0.7,1.5217089415825562,0.004662840161472559
0.7,1.619883712007237,0.004662560764700174
0.7,1.718058482431918,0.004667685832828283
0.7,1.8162332528565992,0.004651814699172974
0.7,1.9144080232812803,0.0046552796848118305
0.7,2.0125827937059615,0.004641484469175339
0.7,2.110757564130642,0.004630240146070719
0.7,2.2089323345553233,0.004621694330126047
0.7,2.3071071049800045,0.004611258395016193
0.7,2.405281875404685,0.004604460205882788
0.7,2.5034566458293663,0.004585565999150276
0.7,2.6016314162540475,0.004554104991257191
0.7,2.699806186678728,0.004524566698819399
0.7,2.7979809571034093,0.004508772399276495
0.7,2.8961557275280905,0.00446533877402544
0.7,2.9943304979527716,0.0044401525519788265
0.7,3.0925052683774528,0.004417937248945236
0.8,-3.0925052683774528,0.004372463095933199
0.8,-2.994330497952771,0.004354713950306177
0.8,-2.8961557275280905,0.004325347486883402
0.8,-2.7979809571034098,0.004306723829358816
0.8,-2.699806186678728,0.004290824756026268
0.8,-2.6016314162540475,0.004275512881577015
0.8,-2.5034566458293668,0.0042604138143360615
0.8,-2.405281875404685,0.004249205347150564
0.8,-2.3071071049800045,0.004242469556629658
0.8,-2.208932334555323,0.004236316308379173
0.8,-2.110757564130642,0.004226239398121834
0.8,-2.0125827937059615,0.004216025583446026
0.8,-1.9144080232812801,0.0042166695930063725
0.8,-1.8162332528565992,0.004206623416393995
0.8,-1.718058482431918,0.00420864624902606
0.8,-1.6198837120072371,0.004199873190373182
0.8,-1.521708941582556,0.004199301823973656
0.8,-1.423534171157875,0.004203483462333679
0.8,-1.325359400733194,0.004199839662760496
0.8,-1.227184630308513,0.004215341992676258
0.8,-1.1290098598838318,0.004218157846480608
0.8,-1.030835089459151,0.004230136051774025
0.8,-0.93266031903447,0.004237310960888863
0.8,-0.8344855486097889,0.004240718204528093
0.8,-0.7363107781851077,0.004248227924108505
0.8,-0.6381360077604266,0.004262814298272133
0.8,-0.5399612373357456,0.004282601177692413
0.8,-0.4417864669110647,0.00429882574826479
0.8,-0.34361169648638357,0.004309654235839844
0.8,-0.24543692606170264,0.0043315039947628975
0.8,-0.14726215563702172,0.004359844606369734
0.8,-0.04908738521234057,0.004369969479739666
0.8,0.04908738521234057,0.004401379730552435
0.8,0.14726215563702172,0.004430269822478294
0.8,0.24543692606170264,0.0044570970349013805
0.8,0.34361169648638357,0.004506563302129507
0.8,0.4417864669110647,0.004523417912423611
0.8,0.5399612373357456,0.0045557813718914986
0.8,0.6381360077604266,0.004587975330650806
0.8,0.7363107781851077,0.004609376657754183
0.8,0.8344855486097886,0.004615728743374348
0.8,0.9326603190344698,0.004626401234418154
0.8,1.030835089459151,0.004639076068997383
0.8,1.1290098598838316,0.004652569070458412
0.8,1.2271846303085128,0.0046637156046926975
0.8,1.325359400733194,0.004656099248677492
0.8,1.423534171157875,0.004668978974223137
0.8,1.5217089415825562,0.004663308151066303
0.8,1.619883712007237,0.004663219675421715
0.8,1.718058482431918,0.00466868095099926
0.8,1.8162332528565992,0.004654389340430498
0.8,1.9144080232812803,0.004659638740122318
0.8,2.0125827937059615,0.004644893109798431
0.8,2.110757564130642,0.0046323020942509174
0.8,2.2089323345553233,0.004622863605618477
0.8,2.3071071049800045,0.004612160846590996
0.8,2.405281875404685,0.004603876266628504
0.8,2.5034566458293663,0.004584054928272963
0.8,2.6016314162540475,0.00455177016556263
0.8,2.699806186678728,0.004517646040767431
0.8,2.7979809571034093,0.004503573291003704
0.8,2.8961557275280905,0.004455031361430883
0.8,2.9943304979527716,0.004428036976605654
0.8,3.0925052683774528,0.004405122250318527
0.9,-3.0925052683774528,0.004379762336611748
0.9,-2.994330497952771,0.004360379185527563
0.9,-2.8961557275280905,0.004328371956944466
0.9,-2.7979809571034098,0.004307026043534279
0.9,-2.699806186678728,0.004291751887649298
0.9,-2.6016314162540475,0.004276874475181103
0.9,-2.5034566458293668,0.004258929286152124
0.9,-2.405281875404685,0.0042428551241755486
0.9,-2.3071071049800045,0.004236600361764431
0.9,-2.208932334555323,0.004234079737216234
0.9,-2.110757564130642,0.004223428666591644
0.9,-2.0125827937059615,0.004212769214063883
0.9,-1.9144080232812801,0.004216486122459173
0.9,-1.8162332528565992,0.004205378703773022
0.9,-1.718058482431918,0.00420775543898344
0.9,-1.6198837120072371,0.004201305098831654
0.9,-1.521708941582556,0.004197442904114723
0.9,-1.423534171157875,0.0042066448368132114
0.9,-1.325359400733194,0.004210935439914465
0.9,-1.227184630308513,0.0042234971188008785
0.9,-1.1290098598838318,0.004224411211907864
0.9,-1.030835089459151,0.004234681837260723
0.9,-0.93266031903447,0.004239705391228199
0.9,-0.8344855486097889,0.0042424616403877735
0.9,-0.7363107781851077,0.004250159487128258
0.9,-0.6381360077604266,0.004265417344868183
0.9,-0.5399612373357456,0.004285880364477634
0.9,-0.4417864669110647,0.0043035694397985935
0.9,-0.34361169648638357,0.004325004294514656
0.9,-0.24543692606170264,0.004338724073022604
0.9,-0.14726215563702172,0.004368532449007034
0.9,-0.04908738521234057,0.004378695506602526
0.9,0.04908738521234057,0.004409475717693567
0.9,0.14726215563702172,0.004436742514371872
0.9,0.24543692606170264,0.004459678661078215
0.9,0.34361169648638357,0.004506703931838274
0.9,0.4417864669110647,0.004522997885942459
0.9,0.5399612373357456,0.004554535262286663
0.9,0.6381360077604266,0.0045859189704060555
0.9,0.7363107781851077,0.004606845322996378
0.9,0.8344855486097886,0.0046149324625730515
0.9,0.9326603190344698,0.0046253022737801075
0.9,1.030835089459151,0.004639097489416599
0.9,1.1290098598838316,0.004651909694075584
0.9,1.2271846303085128,0.0046614776365458965
0.9,1.325359400733194,0.004653796087950468
0.9,1.423534171157875,0.004667768720537424
0.9,1.5217089415825562,0.004662398248910904
0.9,1.619883712007237,0.00466195261105895
0.9,1.718058482431918,0.004666969645768404
0.9,1.8162332528565992,0.004651536699384451
0.9,1.9144080232812803,0.004655534401535988
0.9,2.0125827937059615,0.004643913824111223
0.9,2.110757564130642,0.00463530421257019
0.9,2.2089323345553233,0.004629956558346748
0.9,2.3071071049800045,0.004618849139660597
0.9,2.405281875404685,0.004609802737832069
0.9,2.5034566458293663,0.0045892661437392235
0.9,2.6016314162540475,0.00455828569829464
0.9,2.699806186678728,0.004525337368249893
0.9,2.7979809571034093,0.0045083072036504745
0.9,2.8961557275280905,0.004463363904505968
0.9,2.9943304979527716,0.004437006078660488
0.9,3.0925052683774528,0.0044141714461147785
1.0,-3.0925052683774528,0.004372247960418463
1.0,-2.994330497952771,0.0043550217524170876
1.0,-2.8961557275280905,0.004326420370489359
1.0,-2.7979809571034098,0.004306718707084656
1.0,-2.699806186678728,0.004288995172828436
1.0,-2.6016314162540475,0.004273957572877407
1.0,-2.5034566458293668,0.004258784465491772
1.0,-2.405281875404685,0.004243160597980022
1.0,-2.3071071049800045,0.004237144719809294
1.0,-2.208932334555323,0.004229423590004444
1.0,-2.110757564130642,0.004225905053317547
1.0,-2.0125827937059615,0.004217685200273991
1.0,-1.9144080232812801,0.00421876460313797
1.0,-1.8162332528565992,0.004205914679914713
1.0,-1.718058482431918,0.0042066932655870914
1.0,-1.6198837120072371,0.004198442678898573
1.0,-1.521708941582556,0.004194814711809158
1.0,-1.423534171157875,0.0042014275677502155
1.0,-1.325359400733194,0.004199447110295296
1.0,-1.227184630308513,0.00421425374224782
1.0,-1.1290098598838318,0.0042167482897639275
1.0,-1.030835089459151,0.0042308010160923
1.0,-0.93266031903447,0.00423705019056797
1.0,-0.8344855486097889,0.004240792710334063
1.0,-0.7363107781851077,0.004248511977493763
1.0,-0.6381360077604266,0.004259513691067696
1.0,-0.5399612373357456,0.004275416024029255
1.0,-0.4417864669110647,0.004292248748242855
1.0,-0.34361169648638357,0.004307404160499573
1.0,-0.24543692606170264,0.004328422248363495
1.0,-0.14726215563702172,0.004356049466878176
1.0,-0.04908738521234057,0.0043664295226335526
1.0,0.04908738521234057,0.004398215562105179
1.0,0.14726215563702172,0.0044267443008720875
1.0,0.24543692606170264,0.004451920744031668
1.0,0.34361169648638357,0.004501478746533394
1.0,0.4417864669110647,0.004516501910984516
1.0,0.5399612373357456,0.004549755714833736
1.0,0.6381360077604266,0.004583540838211775
1.0,0.7363107781851077,0.004604646936058998
1.0,0.8344855486097886,0.004612897522747517
1.0,0.9326603190344698,0.004624624736607075
1.0,1.030835089459151,0.004633680917322636
1.0,1.1290098598838316,0.004644814878702164
1.0,1.2271846303085128,0.00465763546526432
1.0,1.325359400733194,0.004652632400393486
1.0,1.423534171157875,0.004667222034186125
1.0,1.5217089415825562,0.004662144463509321
1.0,1.619883712007237,0.0046623945236206055
1.0,1.718058482431918,0.00466797174885869
1.0,1.8162332528565992,0.004653639160096645
1.0,1.9144080232812803,0.004659611731767654
1.0,2.0125827937059615,0.004647896159440279
1.0,2.110757564130642,0.004639082588255405
1.0,2.2089323345553233,0.004631414078176022
1.0,2.3071071049800045,0.0046183643862605095
1.0,2.405281875404685,0.004604072775691748
1.0,2.5034566458293663,0.004586889408528805
1.0,2.6016314162540475,0.00456084031611681
1.0,2.699806186678728,0.004525496158748865
1.0,2.7979809571034093,0.004506835713982582
1.0,2.8961557275280905,0.004456039983779192
1.0,2.9943304979527716,0.00442770030349493
1.0,3.0925052683774528,0.004404803737998009
1.1,-3.0925052683774528,0.004377984907478094
1.1,-2.994330497952771,0.004360786639153957
1.1,-2.8961557275280905,0.004332388285547495
1.1,-2.7979809571034098,0.004309770185500383
1.1,-2.699806186678728,0.004298558458685875
1.1,-2.6016314162540475,0.004280108492821455
1.1,-2.5034566458293668,0.004260342568159103
1.1,-2.405281875404685,0.004245044197887182
1.1,-2.3071071049800045,0.004238042049109936
1.1,-2.208932334555323,0.004239037167280912
1.1,-2.110757564130642,0.004232734441757202
1.1,-2.0125827937059615,0.0042227525264024734
1.1,-1.9144080232812801,0.0042203268967568874
1.1,-1.8162332528565992,0.004207207355648279
1.1,-1.718058482431918,0.004208285361528397
1.1,-1.6198837120072371,0.004200952593237162
1.1,-1.521708941582556,0.004199105780571699
1.1,-1.423534171157875,0.004203420598059893
1.1,-1.325359400733194,0.004201601725071669
1.1,-1.227184630308513,0.004214025568217039
1.1,-1.1290098598838318,0.004217826761305332
1.1,-1.030835089459151,0.004235528409481049
1.1,-0.93266031903447,0.0042393505573272705
1.1,-0.8344855486097889,0.004241533577442169
1.1,-0.7363107781851077,0.004252426326274872
1.1,-0.6381360077604266,0.004268760327249765
1.1,-0.5399612373357456,0.004287999123334885
1.1,-0.4417864669110647,0.004304203204810619
1.1,-0.34361169648638357,0.004323907196521759
1.1,-0.24543692606170264,0.0043351552449166775
1.1,-0.14726215563702172,0.004361300263553858
1.1,-0.04908738521234057,0.00437040813267231
1.1,0.04908738521234057,0.004398762248456478
1.1,0.14726215563702172,0.004425212275236845
1.1,0.24543692606170264,0.004448536317795515
1.1,0.34361169648638357,0.004488617647439241
1.1,0.4417864669110647,0.004515924956649542
1.1,0.5399612373357456,0.004545795731246471
1.1,0.6381360077604266,0.0045803263783454895
1.1,0.7363107781851077,0.004600892309099436
1.1,0.8344855486097886,0.00460868189111352
1.1,0.9326603190344698,0.004620181396603584
1.1,1.030835089459151,0.004629927687346935
1.1,1.1290098598838316,0.004641126841306686
1.1,1.2271846303085128,0.0046541448682546616
1.1,1.325359400733194,0.004650429356843233
1.1,1.423534171157875,0.004666514229029417
1.1,1.5217089415825562,0.00466128159314394
1.1,1.619883712007237,0.004660723265260458
1.1,1.718058482431918,0.004665977321565151
1.1,1.8162332528565992,0.004651596304029226
1.1,1.9144080232812803,0.004656915087252855
1.1,2.0125827937059615,0.004646572284400463
1.1,2.110757564130642,0.004634279757738113
1.1,2.2089323345553233,0.0046255686320364475
1.1,2.3071071049800045,0.00461554666981101
1.1,2.405281875404685,0.004608949180692434
1.1,2.5034566458293663,0.0045885019935667515
1.1,2.6016314162540475,0.0045553650707006454
1.1,2.699806186678728,0.00452246330678463
1.1,2.7979809571034093,0.004505680408328772
1.1,2.8961557275280905,0.004454836715012789
1.1,2.9943304979527716,0.004429658874869347
1.1,3.0925052683774528,0.0044083427637815475
1.2,-3.0925052683774528,0.004384725820273161
1.2,-2.994330497952771,0.004365598317235708
1.2,-2.8961557275280905,0.0043350220657885075
1.2,-2.7979809571034098,0.004322135355323553
1.2,-2.699806186678728,0.004302029963582754
1.2,-2.6016314162540475,0.0042837755754590034
1.2,-2.5034566458293668,0.004265810362994671
1.2,-2.405281875404685,0.00425097718834877
1.2,-2.3071071049800045,0.00424295524135232
1.2,-2.208932334555323,0.004240074660629034
1.2,-2.110757564130642,0.004238663241267204
1.2,-2.0125827937059615,0.004224243573844433
1.2,-1.9144080232812801,0.004223119933158159
1.2,-1.8162332528565992,0.004212511237710714
1.2,-1.718058482431918,0.004211246967315674
1.2,-1.6198837120072371,0.00419800216332078
1.2,-1.521708941582556,0.0041940947994589806
1.2,-1.423534171157875,0.00419858330860734
1.2,-1.325359400733194,0.004192004911601543
1.2,-1.227184630308513,0.004204853903502226
1.2,-1.1290098598838318,0.004204646218568087
1.2,-1.030835089459151,0.004220554605126381
1.2,-0.93266031903447,0.004229872487485409
1.2,-0.8344855486097889,0.004229698795825243
1.2,-0.7363107781851077,0.004238599445670843
1.2,-0.6381360077604266,0.004257777705788612
1.2,-0.5399612373357456,0.0042801653034985065
1.2,-0.4417864669110647,0.004297806415706873
1.2,-0.34361169648638357,0.004309832584112883
1.2,-0.24543692606170264,0.004332888405770063
1.2,-0.14726215563702172,0.004361103288829327
1.2,-0.04908738521234057,0.00437058974057436
1.2,0.04908738521234057,0.004400362726300955
1.2,0.14726215563702172,0.004427834413945675
1.2,0.24543692606170264,0.004452561493963003
1.2,0.34361169648638357,0.004493965767323971
1.2,0.4417864669110647,0.00451453123241663
1.2,0.5399612373357456,0.004547411575913429
1.2,0.6381360077604266,0.004580087959766388
1.2,0.7363107781851077,0.004600118845701218
1.2,0.8344855486097886,0.004606608767062426
1.2,0.9326603190344698,0.004616018384695053
1.2,1.030835089459151,0.0046299658715724945
1.2,1.1290098598838316,0.0046430425718426704
1.2,1.2271846303085128,0.004656550474464893
1.2,1.325359400733194,0.0046530235558748245
1.2,1.423534171157875,0.004668800625950098
1.2,1.5217089415825562,0.004663470201194286
1.2,1.619883712007237,0.004663024563342333
1.2,1.718058482431918,0.004667656496167183
1.2,1.8162332528565992,0.004651576746255159
1.2,1.9144080232812803,0.004655276425182819
1.2,2.0125827937059615,0.004641859792172909
1.2,2.110757564130642,0.004631183110177517
1.2,2.2089323345553233,0.004623939283192158
1.2,2.3071071049800045,0.004614314995706081
1.2,2.405281875404685,0.004605975467711687
1.2,2.5034566458293663,0.004587091039866209
1.2,2.6016314162540475,0.004556221421808004
1.2,2.699806186678728,0.004524716641753912
1.2,2.7979809571034093,0.004508245270699263
1.2,2.8961557275280905,0.004464756231755018
1.2,2.9943304979527716,0.004441376775503159
1.2,3.0925052683774528,0.004418525844812393
1.3,-3.0925052683774528,0.004375446122139692
1.3,-2.994330497952771,0.004358511883765459
1.3,-2.8961557275280905,0.004330184310674667
1.3,-2.7979809571034098,0.004309572745114565
1.3,-2.699806186678728,0.004298618528991938
1.3,-2.6016314162540475,0.004282122012227774
1.3,-2.5034566458293668,0.004261537455022335
1.3,-2.405281875404685,0.004247948527336121
1.3,-2.3071071049800045,0.004241707269102335
1.3,-2.208932334555323,0.004238711670041084
1.3,-2.110757564130642,0.004235328175127506
1.3,-2.0125827937059615,0.004218681715428829
1.3,-1.9144080232812801,0.004215033259242773
1.3,-1.8162332528565992,0.004200896248221397
1.3,-1.718058482431918,0.004201739560812712
1.3,-1.6198837120072371,0.004194922279566526
1.3,-1.521708941582556,0.004198194015771151
1.3,-1.423534171157875,0.004202554933726788
1.3,-1.325359400733194,0.00420016935095191
1.3,-1.227184630308513,0.004206122364848852
1.3,-1.1290098598838318,0.0042042420245707035
1.3,-1.030835089459151,0.0042156437411904335
1.3,-0.93266031903447,0.004224585369229317
1.3,-0.8344855486097889,0.00423293374478817
1.3,-0.7363107781851077,0.004239790141582489
1.3,-0.6381360077604266,0.0042546894401311874
1.3,-0.5399612373357456,0.004274999722838402
1.3,-0.4417864669110647,0.004294420126825571
1.3,-0.34361169648638357,0.00430918438360095
1.3,-0.24543692606170264,0.004332625772804022
1.3,-0.14726215563702172,0.004363228566944599
1.3,-0.04908738521234057,0.004374731332063675
1.3,0.04908738521234057,0.004409128334373236
1.3,0.14726215563702172,0.00444047711789608
1.3,0.24543692606170264,0.0044710286892950535
1.3,0.34361169648638357,0.004512404557317495
1.3,0.4417864669110647,0.004546021111309528
1.3,0.5399612373357456,0.004572010599076748
1.3,0.6381360077604266,0.0045945411548018456
1.3,0.7363107781851077,0.004613072611391544
1.3,0.8344855486097886,0.004628180060535669
1.3,0.9326603190344698,0.0046434965915977955
1.3,1.030835089459151,0.004652231466025114
1.3,1.1290098598838316,0.004661371931433678
1.3,1.2271846303085128,0.004671312402933836
1.3,1.325359400733194,0.004664598498493433
1.3,1.423534171157875,0.004676398821175098
1.3,1.5217089415825562,0.004669893532991409
1.3,1.619883712007237,0.004668043926358223
1.3,1.718058482431918,0.004671723581850529
1.3,1.8162332528565992,0.004654397256672382
1.3,1.9144080232812803,0.0046561360359191895
1.3,2.0125827937059615,0.004641558974981308
1.3,2.110757564130642,0.004628775641322136
1.3,2.2089323345553233,0.004619431681931019
1.3,2.3071071049800045,0.00460800202563405
1.3,2.405281875404685,0.004600361455231905
1.3,2.5034566458293663,0.00458115991204977
1.3,2.6016314162540475,0.00454765185713768
1.3,2.699806186678728,0.0045148106291890144
1.3,2.7979809571034093,0.004494577646255493
1.3,2.8961557275280905,0.004452845081686974
1.3,2.9943304979527716,0.004428038839250803
1.3,3.0925052683774528,0.004406415857374668
1.4,-3.0925052683774528,0.004371585790067911
1.4,-2.994330497952771,0.004355691373348236
1.4,-2.8961557275280905,0.004327518865466118
1.4,-2.7979809571034098,0.004307350143790245
1.4,-2.699806186678728,0.004291891120374203
1.4,-2.6016314162540475,0.004274989478290081
1.4,-2.5034566458293668,0.004253975115716457
1.4,-2.405281875404685,0.004238395486027002
1.4,-2.3071071049800045,0.004232233855873346
1.4,-2.208932334555323,0.004232534673064947
1.4,-2.110757564130642,0.004221067763864994
1.4,-2.0125827937059615,0.004208393394947052
1.4,-1.9144080232812801,0.0042055766098201275
1.4,-1.8162332528565992,0.004193200264126062
1.4,-1.718058482431918,0.0041955807246267796
1.4,-1.6198837120072371,0.004189750645309687
1.4,-1.521708941582556,0.004195820540189743
1.4,-1.423534171157875,0.004206589423120022
1.4,-1.325359400733194,0.004207665100693703
1.4,-1.227184630308513,0.0042154802940785885
1.4,-1.1290098598838318,0.004217036534100771
1.4,-1.030835089459151,0.004231750965118408
1.4,-0.93266031903447,0.004238794092088938
1.4,-0.8344855486097889,0.00424327002838254
1.4,-0.7363107781851077,0.004249009769409895
1.4,-0.6381360077604266,0.004265309311449528
1.4,-0.5399612373357456,0.004285288043320179
1.4,-0.4417864669110647,0.0043035466223955154
1.4,-0.34361169648638357,0.0043252017349004745
1.4,-0.24543692606170264,0.004338603466749191
1.4,-0.14726215563702172,0.004368297290056944
1.4,-0.04908738521234057,0.004379956983029842
1.4,0.04908738521234057,0.004413971211761236
1.4,0.14726215563702172,0.004443663638085127
1.4,0.24543692606170264,0.004467449150979519
1.4,0.34361169648638357,0.004509139806032181
1.4,0.4417864669110647,0.0045258402824401855
1.4,0.5399612373357456,0.004556628409773111
1.4,0.6381360077604266,0.004586323164403439
1.4,0.7363107781851077,0.004602789878845215
1.4,0.8344855486097886,0.004610621370375156
1.4,0.9326603190344698,0.004623205401003361
1.4,1.030835089459151,0.004633806645870209
1.4,1.1290098598838316,0.004647054709494114
1.4,1.2271846303085128,0.004658653866499662
1.4,1.325359400733194,0.004654487129300833
1.4,1.423534171157875,0.004670178517699242
1.4,1.5217089415825562,0.004665129818022251
1.4,1.619883712007237,0.004665578715503216
1.4,1.718058482431918,0.0046720243990421295
1.4,1.8162332528565992,0.004659291356801987
1.4,1.9144080232812803,0.004664722364395857
1.4,2.0125827937059615,0.004650465212762356
1.4,2.110757564130642,0.004639968276023865
1.4,2.2089323345553233,0.004631759598851204
1.4,2.3071071049800045,0.0046186260879039764
1.4,2.405281875404685,0.004608555231243372
1.4,2.5034566458293663,0.0045879133976995945
1.4,2.6016314162540475,0.0045547038316726685
1.4,2.699806186678728,0.004517990164458752
1.4,2.7979809571034093,0.004502921365201473
1.4,2.8961557275280905,0.004453419242054224
1.4,2.9943304979527716,0.004426612984389067
1.4,3.0925052683774528,0.0044036563485860825
1.5,-3.0925052683774528,0.0043698083609342575
1.5,-2.994330497952771,0.004351246636360884
1.5,-2.8961557275280905,0.004315980244427919
1.5,-2.7979809571034098,0.004304850473999977
1.5,-2.699806186678728,0.004282157402485609
1.5,-2.6016314162540475,0.004266431089490652
1.5,-2.5034566458293668,0.004249431658536196
1.5,-2.405281875404685,0.004238217603415251
1.5,-2.3071071049800045,0.004233693704009056
1.5,-2.208932334555323,0.004230642691254616
1.5,-2.110757564130642,0.004223261959850788
1.5,-2.0125827937059615,0.004207105375826359
1.5,-1.9144080232812801,0.004201099276542664
1.5,-1.8162332528565992,0.004185342229902744
1.5,-1.718058482431918,0.004190926905721426
1.5,-1.6198837120072371,0.004188711289316416
1.5,-1.521708941582556,0.004197138361632824
1.5,-1.423534171157875,0.0042142015881836414
1.5,-1.325359400733194,0.004214878659695387
1.5,-1.227184630308513,0.0042224726639688015
1.5,-1.1290098598838318,0.004227399826049805
1.5,-1.030835089459151,0.0042413161136209965
1.5,-0.93266031903447,0.00424622930586338
1.5,-0.8344855486097889,0.004252276849001646
1.5,-0.7363107781851077,0.00426114397123456
1.5,-0.6381360077604266,0.004276408348232508
1.5,-0.5399612373357456,0.004295757971704006
1.5,-0.4417864669110647,0.0043067289516329765
1.5,-0.34361169648638357,0.004328503739088774
1.5,-0.24543692606170264,0.0043397643603384495
1.5,-0.14726215563702172,0.004366052336990833
1.5,-0.04908738521234057,0.004375782795250416
1.5,0.04908738521234057,0.004407862666994333
1.5,0.14726215563702172,0.004437199328094721
1.5,0.24543692606170264,0.004462693352252245
1.5,0.34361169648638357,0.004507566336542368
1.5,0.4417864669110647,0.004522478207945824
1.5,0.5399612373357456,0.004551637917757034
1.5,0.6381360077604266,0.004579357802867889
1.5,0.7363107781851077,0.004597800318151712
1.5,0.8344855486097886,0.004609107039868832
1.5,0.9326603190344698,0.004619544371962547
1.5,1.030835089459151,0.004628742579370737
1.5,1.1290098598838316,0.004640854895114899
1.5,1.2271846303085128,0.004654037766158581
1.5,1.325359400733194,0.004649124573916197
1.5,1.423534171157875,0.004665069282054901
1.5,1.5217089415825562,0.004660403355956078
1.5,1.619883712007237,0.00466117961332202
1.5,1.718058482431918,0.004667399451136589
1.5,1.8162332528565992,0.0046537877060472965
1.5,1.9144080232812803,0.004658911842852831
1.5,2.0125827937059615,0.0046453410759568214
1.5,2.110757564130642,0.00463438406586647
1.5,2.2089323345553233,0.004628244787454605
1.5,2.3071071049800045,0.004617664031684399
1.5,2.405281875404685,0.004608802497386932
1.5,2.5034566458293663,0.004588751122355461
1.5,2.6016314162540475,0.0045558977872133255
1.5,2.699806186678728,0.0045222570188343525
1.5,2.7979809571034093,0.004505859222263098
1.5,2.8961557275280905,0.004454942420125008
1.5,2.9943304979527716,0.004427613224834204
1.5,3.0925052683774528,0.004403740633279085
1.6,-3.0925052683774528,0.00436587817966938
1.6,-2.994330497952771,0.0043492745608091354
1.6,-2.8961557275280905,0.00431711133569479
1.6,-2.7979809571034098,0.004306046292185783
1.6,-2.699806186678728,0.004289922304451466
1.6,-2.6016314162540475,0.004272237420082092
1.6,-2.5034566458293668,0.004258237779140472
1.6,-2.405281875404685,0.004245353396981955
1.6,-2.3071071049800045,0.004237247630953789
1.6,-2.208932334555323,0.0042356401681900024
1.6,-2.110757564130642,0.004230662249028683
1.6,-2.0125827937059615,0.004214717075228691
1.6,-1.9144080232812801,0.004207770340144634
1.6,-1.8162332528565992,0.004196160938590765
1.6,-1.718058482431918,0.004197160713374615
1.6,-1.6198837120072371,0.004193767439574003
1.6,-1.521708941582556,0.0041988808661699295
1.6,-1.423534171157875,0.0042078555561602116
1.6,-1.325359400733194,0.004210043232887983
1.6,-1.227184630308513,0.00421566516160965
1.6,-1.1290098598838318,0.004212688654661179
1.6,-1.030835089459151,0.004225294571369886
1.6,-0.93266031903447,0.004235438071191311
1.6,-0.8344855486097889,0.004242623224854469
1.6,-0.7363107781851077,0.004249992314726114
1.6,-0.6381360077604266,0.004265266470611095
1.6,-0.5399612373357456,0.004284261725842953
1.6,-0.4417864669110647,0.004299556836485863
1.6,-0.34361169648638357,0.004313181154429913
1.6,-0.24543692606170264,0.004334363155066967
1.6,-0.14726215563702172,0.004362727049738169
1.6,-0.04908738521234057,0.004372646566480398
1.6,0.04908738521234057,0.004403044003993273
1.6,0.14726215563702172,0.0044312309473752975
1.6,0.24543692606170264,0.004457454197108746
1.6,0.34361169648638357,0.004506478551775217
1.6,0.4417864669110647,0.004523911979049444
1.6,0.5399612373357456,0.0045609502121806145
1.6,0.6381360077604266,0.004587150178849697
1.6,0.7363107781851077,0.004603843204677105
1.6,0.8344855486097886,0.0046158828772604465
1.6,0.9326603190344698,0.004629770293831825
1.6,1.030835089459151,0.004638663958758116
1.6,1.1290098598838316,0.004647967405617237
1.6,1.2271846303085128,0.004660621751099825
1.6,1.325359400733194,0.004654798191040754
1.6,1.423534171157875,0.00466954754665494
1.6,1.5217089415825562,0.004664599895477295
1.6,1.619883712007237,0.004665081854909658
1.6,1.718058482431918,0.004671688657253981
1.6,1.8162332528565992,0.00465811463072896
1.6,1.9144080232812803,0.004664403852075338
1.6,2.0125827937059615,0.004653019830584526
1.6,2.110757564130642,0.004645050503313541
1.6,2.2089323345553233,0.004636497236788273
1.6,2.3071071049800045,0.004622410051524639
1.6,2.405281875404685,0.004609351046383381
1.6,2.5034566458293663,0.0045908549800515175
1.6,2.6016314162540475,0.004560883156955242
1.6,2.699806186678728,0.004525503609329462
1.6,2.7979809571034093,0.004506669472903013
1.6,2.8961557275280905,0.004454374313354492
1.6,2.9943304979527716,0.004423609469085932
1.6,3.0925052683774528,0.004398884251713753
1.7,-3.0925052683774528,0.00438344944268465
1.7,-2.994330497952771,0.004367184359580278
1.7,-2.8961557275280905,0.004336399491876364
1.7,-2.7979809571034098,0.004322574939578772
1.7,-2.699806186678728,0.004302897956222296
1.7,-2.6016314162540475,0.004286632873117924
1.7,-2.5034566458293668,0.004268595948815346
1.7,-2.405281875404685,0.004249189980328083
1.7,-2.3071071049800045,0.004240697715431452
1.7,-2.208932334555323,0.004239185247570276
1.7,-2.110757564130642,0.004240216687321663
1.7,-2.0125827937059615,0.004221915267407894
1.7,-1.9144080232812801,0.004215484019368887
1.7,-1.8162332528565992,0.004202631767839193
1.7,-1.718058482431918,0.004203728400170803
1.7,-1.6198837120072371,0.004200085066258907
1.7,-1.521708941582556,0.004203055519610643
1.7,-1.423534171157875,0.004208077676594257
1.7,-1.325359400733194,0.004204245749861002
1.7,-1.227184630308513,0.004212184809148312
1.7,-1.1290098598838318,0.004209267906844616
1.7,-1.030835089459151,0.004217533860355616
1.7,-0.93266031903447,0.0042287083342671394
1.7,-0.8344855486097889,0.004235203843563795
1.7,-0.7363107781851077,0.004242177587002516
1.7,-0.6381360077604266,0.004258105531334877
1.7,-0.5399612373357456,0.004276913590729237
1.7,-0.4417864669110647,0.004294597078114748
1.7,-0.34361169648638357,0.004309475421905518
1.7,-0.24543692606170264,0.004333152901381254
1.7,-0.14726215563702172,0.004362612962722778
1.7,-0.04908738521234057,0.004374039359390736
1.7,0.04908738521234057,0.004406782798469067
1.7,0.14726215563702172,0.004435721784830093
1.7,0.24543692606170264,0.004462299402803183
1.7,0.34361169648638357,0.004508560989052057
1.7,0.4417864669110647,0.004526217933744192
1.7,0.5399612373357456,0.004562272224575281
1.7,0.6381360077604266,0.0045876288786530495
1.7,0.7363107781851077,0.004604548681527376
1.7,0.8344855486097886,0.004618464037775993
1.7,0.9326603190344698,0.004635285586118698
1.7,1.030835089459151,0.004645015113055706
1.7,1.1290098598838316,0.004656074568629265
1.7,1.2271846303085128,0.004665077198296785
1.7,1.325359400733194,0.004659232217818499
1.7,1.423534171157875,0.004671206697821617
1.7,1.5217089415825562,0.004664245992898941
1.7,1.619883712007237,0.004661769140511751
1.7,1.718058482431918,0.00466524763032794
1.7,1.8162332528565992,0.004646677989512682
1.7,1.9144080232812803,0.004648757167160511
1.7,2.0125827937059615,0.004636364057660103
1.7,2.110757564130642,0.004624998662620783
1.7,2.2089323345553233,0.0046149007976055145
1.7,2.3071071049800045,0.004604526795446873
1.7,2.405281875404685,0.004598033614456654
1.7,2.5034566458293663,0.004579141736030579
1.7,2.6016314162540475,0.004549115896224976
1.7,2.699806186678728,0.004520052578300238
1.7,2.7979809571034093,0.0045060161501169205
1.7,2.8961557275280905,0.004459514748305082
1.7,2.9943304979527716,0.004436078947037458
1.7,3.0925052683774528,0.004414070397615433
1.8,-3.0925052683774528,0.004378060810267925
1.8,-2.994330497952771,0.004360859282314777
1.8,-2.8961557275280905,0.004330353811383247
1.8,-2.7979809571034098,0.0043076761066913605
1.8,-2.699806186678728,0.004294178448617458
1.8,-2.6016314162540475,0.004277609288692474
1.8,-2.5034566458293668,0.004259318578988314
1.8,-2.405281875404685,0.004244415555149317
1.8,-2.3071071049800045,0.004235142841935158
1.8,-2.208932334555323,0.004232432227581739
1.8,-2.110757564130642,0.004229733720421791
1.8,-2.0125827937059615,0.004216608591377735
1.8,-1.9144080232812801,0.004211289808154106
1.8,-1.8162332528565992,0.004200311377644539
1.8,-1.718058482431918,0.004203407559543848
1.8,-1.6198837120072371,0.004195183049887419
1.8,-1.521708941582556,0.004196925088763237
1.8,-1.423534171157875,0.004205332137644291
1.8,-1.325359400733194,0.004205360542982817
1.8,-1.227184630308513,0.004211525898426771
1.8,-1.1290098598838318,0.004213939420878887
1.8,-1.030835089459151,0.004223342053592205
1.8,-0.93266031903447,0.00423558009788394
1.8,-0.8344855486097889,0.004240161273628473
1.8,-0.7363107781851077,0.004247233737260103
1.8,-0.6381360077604266,0.0042625851929187775
1.8,-0.5399612373357456,0.004280857276171446
1.8,-0.4417864669110647,0.004295135382562876
1.8,-0.34361169648638357,0.004307576920837164
1.8,-0.24543692606170264,0.00432843342423439
1.8,-0.14726215563702172,0.004357465077191591
1.8,-0.04908738521234057,0.004368506371974945
1.8,0.04908738521234057,0.004403039813041687
1.8,0.14726215563702172,0.004434616770595312
1.8,0.24543692606170264,0.004463371820747852
1.8,0.34361169648638357,0.004508491605520248
1.8,0.4417864669110647,0.004526389297097921
1.8,0.5399612373357456,0.004560645669698715
1.8,0.6381360077604266,0.004590937402099371
1.8,0.7363107781851077,0.004610303323715925
1.8,0.8344855486097886,0.0046210880391299725
1.8,0.9326603190344698,0.004633428528904915
1.8,1.030835089459151,0.00464195292443037
1.8,1.1290098598838316,0.004655000753700733
1.8,1.2271846303085128,0.004666659515351057
1.8,1.325359400733194,0.0046612913720309734
1.8,1.423534171157875,0.004674748983234167
1.8,1.5217089415825562,0.004668346140533686
1.8,1.619883712007237,0.004666551481932402
1.8,1.718058482431918,0.0046712178736925125
1.8,1.8162332528565992,0.004655471071600914
1.8,1.9144080232812803,0.004659473430365324
1.8,2.0125827937059615,0.004645604640245438
1.8,2.110757564130642,0.00463383924216032
1.8,2.2089323345553233,0.004622172564268112
1.8,2.3071071049800045,0.00461120530962944
1.8,2.405281875404685,0.004602986387908459
1.8,2.5034566458293663,0.004582827910780907
1.8,2.6016314162540475,0.0045494381338357925
1.8,2.699806186678728,0.004517511930316687
1.8,2.7979809571034093,0.004503305070102215
1.8,2.8961557275280905,0.004455625545233488
1.8,2.9943304979527716,0.004430970177054405
1.8,3.0925052683774528,0.00440926942974329
1.9,-3.0925052683774528,0.004373837728053331
1.9,-2.994330497952771,0.00435548834502697
1.9,-2.8961557275280905,0.004324982408434153
1.9,-2.7979809571034098,0.004306421615183353
1.9,-2.699806186678728,0.004290265962481499
1.9,-2.6016314162540475,0.0042722285725176334
1.9,-2.5034566458293668,0.004255206324160099
1.9,-2.405281875404685,0.004238839726895094
1.9,-2.3071071049800045,0.004230888560414314
1.9,-2.208932334555323,0.004230388440191746
1.9,-2.110757564130642,0.004225762095302343
1.9,-2.0125827937059615,0.0042127082124352455
1.9,-1.9144080232812801,0.0042130229994654655
1.9,-1.8162332528565992,0.0041985721327364445
1.9,-1.718058482431918,0.004202515818178654
1.9,-1.6198837120072371,0.004197531845420599
1.9,-1.521708941582556,0.004200192168354988
1.9,-1.423534171157875,0.004213275853544474
1.9,-1.325359400733194,0.004210159182548523
1.9,-1.227184630308513,0.0042164814658463
1.9,-1.1290098598838318,0.004217172972857952
1.9,-1.030835089459151,0.004229607060551643
1.9,-0.93266031903447,0.004238901659846306
1.9,-0.8344855486097889,0.004242707509547472
1.9,-0.7363107781851077,0.004249304533004761
1.9,-0.6381360077604266,0.004265568219125271
1.9,-0.5399612373357456,0.004281405359506607
1.9,-0.4417864669110647,0.0042976029217243195
1.9,-0.34361169648638357,0.004309320356696844
1.9,-0.24543692606170264,0.0043289195746183395
1.9,-0.14726215563702172,0.004354974254965782
1.9,-0.04908738521234057,0.004364499356597662
1.9,0.04908738521234057,0.004395004827529192
1.9,0.14726215563702172,0.004423459060490131
1.9,0.24543692606170264,0.004450505133718252
1.9,0.34361169648638357,0.004501424729824066
1.9,0.4417864669110647,0.004516489803791046
1.9,0.5399612373357456,0.004550590645521879
1.9,0.6381360077604266,0.0045838793739676476
1.9,0.7363107781851077,0.0046052271500229836
1.9,0.8344855486097886,0.004613388329744339
1.9,0.9326603190344698,0.004624943248927593
1.9,1.030835089459151,0.00463403994217515
1.9,1.1290098598838316,0.004645366221666336
1.9,1.2271846303085128,0.004658981692045927
1.9,1.325359400733194,0.004654623102396727
1.9,1.423534171157875,0.004669510759413242
1.9,1.5217089415825562,0.004663991741836071
1.9,1.619883712007237,0.004663832485675812
1.9,1.718058482431918,0.00466938829049468
1.9,1.8162332528565992,0.004654226824641228
1.9,1.9144080232812803,0.00465829623863101
1.9,2.0125827937059615,0.004647016990929842
1.9,2.110757564130642,0.004636708647012711
1.9,2.2089323345553233,0.004626048728823662
1.9,2.3071071049800045,0.004615502897650003
1.9,2.405281875404685,0.004610265139490366
1.9,2.5034566458293663,0.004588826559484005
1.9,2.6016314162540475,0.004557723179459572
1.9,2.699806186678728,0.004523557145148516
1.9,2.7979809571034093,0.0045067667961120605
1.9,2.8961557275280905,0.004457369912415743
1.9,2.9943304979527716,0.004429774824529886
1.9,3.0925052683774528,0.004406732507050037
2.0,-3.0925052683774528,0.004360547289252281
2.0,-2.994330497952771,0.004345274996012449
2.0,-2.8961557275280905,0.004314643796533346
2.0,-2.7979809571034098,0.004305294714868069
2.0,-2.699806186678728,0.004283963702619076
2.0,-2.6016314162540475,0.0042716991156339645
2.0,-2.5034566458293668,0.00425697723403573
2.0,-2.405281875404685,0.0042387633584439754
2.0,-2.3071071049800045,0.004232319537550211
2.0,-2.208932334555323,0.004227540921419859
2.0,-2.110757564130642,0.004218151792883873
2.0,-2.0125827937059615,0.004204088822007179
2.0,-1.9144080232812801,0.0042034839279949665
2.0,-1.8162332528565992,0.0041919853538274765
2.0,-1.718058482431918,0.004193996079266071
2.0,-1.6198837120072371,0.004188281483948231
2.0,-1.521708941582556,0.004194422159343958
2.0,-1.423534171157875,0.004207937978208065
2.0,-1.325359400733194,0.004206872079521418
2.0,-1.227184630308513,0.0042137508280575275
2.0,-1.1290098598838318,0.0042160870507359505
2.0,-1.030835089459151,0.004227261990308762
2.0,-0.93266031903447,0.00423883181065321
2.0,-0.8344855486097889,0.004242124035954475
2.0,-0.7363107781851077,0.004249998368322849
2.0,-0.6381360077604266,0.004268161021173
2.0,-0.5399612373357456,0.004283785820007324
2.0,-0.4417864669110647,0.004297016188502312
2.0,-0.34361169648638357,0.004309613723307848
2.0,-0.24543692606170264,0.004332621116191149
2.0,-0.14726215563702172,0.004360707011073828
2.0,-0.04908738521234057,0.004371934570372105
2.0,0.04908738521234057,0.004404024686664343
2.0,0.14726215563702172,0.004433352034538984
2.0,0.24543692606170264,0.004461174365133047
2.0,0.34361169648638357,0.004508690442889929
2.0,0.4417864669110647,0.004538280889391899
2.0,0.5399612373357456,0.004564023111015558
2.0,0.6381360077604266,0.00459097046405077
2.0,0.7363107781851077,0.0046069384552538395
2.0,0.8344855486097886,0.00461927056312561
2.0,0.9326603190344698,0.004632178694009781
2.0,1.030835089459151,0.0046401843428611755
2.0,1.1290098598838316,0.004649498965591192
2.0,1.2271846303085128,0.004662529565393925
2.0,1.325359400733194,0.00465818727388978
2.0,1.423534171157875,0.004673095420002937
2.0,1.5217089415825562,0.004667684435844421
2.0,1.619883712007237,0.004667331930249929
2.0,1.718058482431918,0.004672687966376543
2.0,1.8162332528565992,0.004658831749111414
2.0,1.9144080232812803,0.004664513282477856
2.0,2.0125827937059615,0.004652816336601973
2.0,2.110757564130642,0.004642808809876442
2.0,2.2089323345553233,0.004630859009921551
2.0,2.3071071049800045,0.004618303384631872
2.0,2.405281875404685,0.004610786680132151
2.0,2.5034566458293663,0.00458796601742506
2.0,2.6016314162540475,0.004552785772830248
2.0,2.699806186678728,0.004517249763011932
2.0,2.7979809571034093,0.004486725199967623
2.0,2.8961557275280905,0.004441762808710337
2.0,2.9943304979527716,0.004414236173033714
2.0,3.0925052683774528,0.004391495604068041
2.1,-3.0925052683774528,0.0043724942952394485
2.1,-2.994330497952771,0.004358191043138504
2.1,-2.8961557275280905,0.004330508876591921
2.1,-2.7979809571034098,0.004309439565986395
2.1,-2.699806186678728,0.004296923987567425
2.1,-2.6016314162540475,0.004281891975551844
2.1,-2.5034566458293668,0.004269803874194622
2.1,-2.405281875404685,0.004246908240020275
2.1,-2.3071071049800045,0.004239116329699755
2.1,-2.208932334555323,0.0042330012656748295
2.1,-2.110757564130642,0.004223644733428955
2.1,-2.0125827937059615,0.00421059038490057
2.1,-1.9144080232812801,0.004208236932754517
2.1,-1.8162332528565992,0.0041951872408390045
2.1,-1.718058482431918,0.004199928138405085
2.1,-1.6198837120072371,0.004193195607513189
2.1,-1.521708941582556,0.004197653848677874
2.1,-1.423534171157875,0.004207223188132048
2.1,-1.325359400733194,0.004206546116620302
2.1,-1.227184630308513,0.004212825559079647
2.1,-1.1290098598838318,0.004209775011986494
2.1,-1.030835089459151,0.004221298731863499
2.1,-0.93266031903447,0.004235494881868362
2.1,-0.8344855486097889,0.004238488618284464
2.1,-0.7363107781851077,0.0042465319857001305
2.1,-0.6381360077604266,0.0042639235034585
2.1,-0.5399612373357456,0.00428001768887043
2.1,-0.4417864669110647,0.004294997081160545
2.1,-0.34361169648638357,0.004308762494474649
2.1,-0.24543692606170264,0.004330088850110769
2.1,-0.14726215563702172,0.004359457176178694
2.1,-0.04908738521234057,0.004371020011603832
2.1,0.04908738521234057,0.004404587671160698
2.1,0.14726215563702172,0.004435084760189056
2.1,0.24543692606170264,0.004460819531232119
2.1,0.34361169648638357,0.004507658537477255
2.1,0.4417864669110647,0.004525765310972929
2.1,0.5399612373357456,0.004560536704957485
2.1,0.6381360077604266,0.004587964154779911
2.1,0.7363107781851077,0.004607790615409613
2.1,0.8344855486097886,0.004622218664735556
2.1,0.9326603190344698,0.004634377546608448
2.1,1.030835089459151,0.004647178575396538
2.1,1.1290098598838316,0.004659097641706467
2.1,1.2271846303085128,0.0046687801368534565
2.1,1.325359400733194,0.00466144597157836
2.1,1.423534171157875,0.004673431161791086
2.1,1.5217089415825562,0.004666630178689957
2.1,1.619883712007237,0.0046635521575808525
2.1,1.718058482431918,0.00466568348929286
2.1,1.8162332528565992,0.004649764392524958
2.1,1.9144080232812803,0.004655296914279461
2.1,2.0125827937059615,0.0046432139351964
2.1,2.110757564130642,0.004629964008927345
2.1,2.2089323345553233,0.004619129002094269
2.1,2.3071071049800045,0.004606097936630249
2.1,2.405281875404685,0.004594682715833187
2.1,2.5034566458293663,0.004575109109282494
2.1,2.6016314162540475,0.004541336093097925
2.1,2.699806186678728,0.00451123109087348
2.1,2.7979809571034093,0.004483228549361229
2.1,2.8961557275280905,0.004443285521119833
2.1,2.9943304979527716,0.004419734235852957
2.1,3.0925052683774528,0.004399759694933891
2.2,-3.0925052683774528,0.004362376872450113
2.2,-2.994330497952771,0.004346960224211216
2.2,-2.8961557275280905,0.0043144505470991135
2.2,-2.7979809571034098,0.004304948262870312
2.2,-2.699806186678728,0.004284500144422054
2.2,-2.6016314162540475,0.0042747026309370995
2.2,-2.5034566458293668,0.004261191003024578
2.2,-2.405281875404685,0.004245044197887182
2.2,-2.3071071049800045,0.004238639492541552
2.2,-2.208932334555323,0.004234578460454941
2.2,-2.110757564130642,0.004226967692375183
2.2,-2.0125827937059615,0.004218364134430885
2.2,-1.9144080232812801,0.0042168316431343555
2.2,-1.8162332528565992,0.004205621313303709
2.2,-1.718058482431918,0.004203983582556248
2.2,-1.6198837120072371,0.004197681322693825
2.2,-1.521708941582556,0.004200478084385395
2.2,-1.423534171157875,0.00420679384842515
2.2,-1.325359400733194,0.004206511657685041
2.2,-1.227184630308513,0.004211244639009237
2.2,-1.1290098598838318,0.004206723999232054
2.2,-1.030835089459151,0.00421636737883091
2.2,-0.93266031903447,0.0042293500155210495
2.2,-0.8344855486097889,0.004232844803482294
2.2,-0.7363107781851077,0.004242329858243465
2.2,-0.6381360077604266,0.0042585572227835655
2.2,-0.5399612373357456,0.004274319391697645
2.2,-0.4417864669110647,0.004291543737053871
2.2,-0.34361169648638357,0.004307208117097616
2.2,-0.24543692606170264,0.004329135175794363
2.2,-0.14726215563702172,0.004358299542218447
2.2,-0.04908738521234057,0.004369325004518032
2.2,0.04908738521234057,0.004402102902531624
2.2,0.14726215563702172,0.004432239569723606
2.2,0.24543692606170264,0.004459214862436056
2.2,0.34361169648638357,0.004507587756961584
2.2,0.4417864669110647,0.004526000004261732
2.2,0.5399612373357456,0.004561695735901594
2.2,0.6381360077604266,0.004593447782099247
2.2,0.7363107781851077,0.00461492920294404
2.2,0.8344855486097886,0.00462054880335927
2.2,0.9326603190344698,0.004631184972822666
2.2,1.030835089459151,0.004643876105546951
2.2,1.1290098598838316,0.004654496908187866
2.2,1.2271846303085128,0.004663347732275724
2.2,1.325359400733194,0.004655174445360899
2.2,1.423534171157875,0.004668087232857943
2.2,1.5217089415825562,0.004662138409912586
2.2,1.619883712007237,0.004661549348384142
2.2,1.718058482431918,0.004666869528591633
2.2,1.8162332528565992,0.00465244147926569
2.2,1.9144080232812803,0.004659389611333609
2.2,2.0125827937059615,0.00464904448017478
2.2,2.110757564130642,0.004635261837393045
2.2,2.2089323345553233,0.004622573032975197
2.2,2.3071071049800045,0.004611087962985039
2.2,2.405281875404685,0.004601421765983105
2.2,2.5034566458293663,0.0045815035700798035
2.2,2.6016314162540475,0.004544617608189583
2.2,2.699806186678728,0.004513754975050688
2.2,2.7979809571034093,0.0044820960611104965
2.2,2.8961557275280905,0.004438098054379225
2.2,2.9943304979527716,0.0044128429144620895
2.2,3.0925052683774528,0.004391906782984734
2.3,-3.0925052683774528,0.00436411751434207
2.3,-2.994330497952771,0.004347418434917927
2.3,-2.8961557275280905,0.00431426614522934
2.3,-2.7979809571034098,0.004305004607886076
2.3,-2.699806186678728,0.004283386282622814
2.3,-2.6016314162540475,0.00427132798358798
2.3,-2.5034566458293668,0.004256789572536945
2.3,-2.405281875404685,0.00424135010689497
2.3,-2.3071071049800045,0.004235179163515568
2.3,-2.208932334555323,0.004231052473187447
2.3,-2.110757564130642,0.004225363023579121
2.3,-2.0125827937059615,0.0042143044993281364
2.3,-1.9144080232812801,0.004209684208035469
2.3,-1.8162332528565992,0.00419623451307416
2.3,-1.718058482431918,0.004195963963866234
2.3,-1.6198837120072371,0.004189302679151297
2.3,-1.521708941582556,0.004194346256554127
2.3,-1.423534171157875,0.004205247387290001
2.3,-1.325359400733194,0.004203442018479109
2.3,-1.227184630308513,0.004209856502711773
2.3,-1.1290098598838318,0.004210840445011854
2.3,-1.030835089459151,0.004221013281494379
2.3,-0.93266031903447,0.004235260188579559
2.3,-0.8344855486097889,0.00424116151407361
2.3,-0.7363107781851077,0.004250297788530588
2.3,-0.6381360077604266,0.004267632495611906
2.3,-0.5399612373357456,0.004283602349460125
2.3,-0.4417864669110647,0.004298160318285227
2.3,-0.34361169648638357,0.004309518728405237
2.3,-0.24543692606170264,0.004332525189965963
2.3,-0.14726215563702172,0.004360890947282314
2.3,-0.04908738521234057,0.0043723611161112785
2.3,0.04908738521234057,0.004405355080962181
2.3,0.14726215563702172,0.004435726907104254
2.3,0.24543692606170264,0.004463629797101021
2.3,0.34361169648638357,0.004509159829467535
2.3,0.4417864669110647,0.004537371452897787
2.3,0.5399612373357456,0.004562295041978359
2.3,0.6381360077604266,0.0045923637226223946
2.3,0.7363107781851077,0.004613327328115702
2.3,0.8344855486097886,0.004621176980435848
2.3,0.9326603190344698,0.00463174469769001
2.3,1.030835089459151,0.004644135013222694
2.3,1.1290098598838316,0.0046561481431126595
2.3,1.2271846303085128,0.004666491877287626
2.3,1.325359400733194,0.004659280646592379
2.3,1.423534171157875,0.004672436974942684
2.3,1.5217089415825562,0.004666824825108051
2.3,1.619883712007237,0.004666591063141823
2.3,1.718058482431918,0.00467178737744689
2.3,1.8162332528565992,0.004658947233110666
2.3,1.9144080232812803,0.0046640420332551
2.3,2.0125827937059615,0.004651288501918316
2.3,2.110757564130642,0.0046410164795815945
2.3,2.2089323345553233,0.004629702307283878
2.3,2.3071071049800045,0.004617006052285433
2.3,2.405281875404685,0.004610392730683088
2.3,2.5034566458293663,0.004586909897625446
2.3,2.6016314162540475,0.004550647921860218
2.3,2.699806186678728,0.004515945911407471
2.3,2.7979809571034093,0.004485056735575199
2.3,2.8961557275280905,0.004442133475095034
2.3,2.9943304979527716,0.00441645598039031
2.3,3.0925052683774528,0.004395270720124245
2.4,-3.0925052683774528,0.004377866163849831
2.4,-2.994330497952771,0.004359088372439146
2.4,-2.8961557275280905,0.00432768976315856
2.4,-2.7979809571034098,0.004306499846279621
2.4,-2.699806186678728,0.00428899098187685
2.4,-2.6016314162540475,0.004273409955203533
2.4,-2.5034566458293668,0.00425800122320652
2.4,-2.405281875404685,0.0042397319339215755
2.4,-2.3071071049800045,0.004230414517223835
2.4,-2.208932334555323,0.004230375401675701
2.4,-2.110757564130642,0.004220915958285332
2.4,-2.0125827937059615,0.0042044371366500854
2.4,-1.9144080232812801,0.004199517425149679
2.4,-1.8162332528565992,0.004186465870589018
2.4,-1.718058482431918,0.004191263113170862
2.4,-1.6198837120072371,0.004187855403870344
2.4,-1.521708941582556,0.004194023087620735
2.4,-1.423534171157875,0.004204397555440664
2.4,-1.325359400733194,0.004201180767267942
2.4,-1.227184630308513,0.004205063451081514
2.4,-1.1290098598838318,0.004204008262604475
2.4,-1.030835089459151,0.004218073561787605
2.4,-0.93266031903447,0.004233464598655701
2.4,-0.8344855486097889,0.004234562627971172
2.4,-0.7363107781851077,0.004242415074259043
2.4,-0.6381360077604266,0.004259745590388775
2.4,-0.5399612373357456,0.004275939427316189
2.4,-0.4417864669110647,0.004290540236979723
2.4,-0.34361169648638357,0.0043065655045211315
2.4,-0.24543692606170264,0.0043250019662082195
2.4,-0.14726215563702172,0.004353716038167477
2.4,-0.04908738521234057,0.00436365557834506
2.4,0.04908738521234057,0.00439370097592473
2.4,0.14726215563702172,0.004422564059495926
2.4,0.24543692606170264,0.004450663458555937
2.4,0.34361169648638357,0.004505176097154617
2.4,0.4417864669110647,0.004523357842117548
2.4,0.5399612373357456,0.004558238200843334
2.4,0.6381360077604266,0.004592211917042732
2.4,0.7363107781851077,0.004613291937857866
2.4,0.8344855486097886,0.00462195323780179
2.4,0.9326603190344698,0.004632583819329739
2.4,1.030835089459151,0.004645326174795628
2.4,1.1290098598838316,0.00465614628046751
2.4,1.2271846303085128,0.00466550886631012
2.4,1.325359400733194,0.004658102989196777
2.4,1.423534171157875,0.004671760834753513
2.4,1.5217089415825562,0.0046664816327393055
2.4,1.619883712007237,0.00466726953163743
2.4,1.718058482431918,0.004673771094530821
2.4,1.8162332528565992,0.004661307204514742
2.4,1.9144080232812803,0.004667072091251612
2.4,2.0125827937059615,0.0046543218195438385
2.4,2.110757564130642,0.004642868414521217
2.4,2.2089323345553233,0.0046328650787472725
2.4,2.3071071049800045,0.004621090833097696
2.4,2.405281875404685,0.004612982738763094
2.4,2.5034566458293663,0.004591420292854309
2.4,2.6016314162540475,0.004557926207780838
2.4,2.699806186678728,0.0045240786857903
2.4,2.7979809571034093,0.004506263881921768
2.4,2.8961557275280905,0.004457125905901194
2.4,2.9943304979527716,0.004432373214513063
2.4,3.0925052683774528,0.0044103022664785385
2.5,-3.0925052683774528,0.004376820754259825
2.5,-2.994330497952771,0.004358701407909393
2.5,-2.8961557275280905,0.004326262045651674
2.5,-2.7979809571034098,0.0043062190525233746
2.5,-2.699806186678728,0.004288696218281984
2.5,-2.6016314162540475,0.004275474697351456
2.5,-2.5034566458293668,0.004259014502167702
2.5,-2.405281875404685,0.004240286070853472
2.5,-2.3071071049800045,0.0042311884462833405
2.5,-2.208932334555323,0.004231690429151058
2.5,-2.110757564130642,0.004216933157294989
2.5,-2.0125827937059615,0.004208550788462162
2.5,-1.9144080232812801,0.004205984994769096
2.5,-1.8162332528565992,0.004193190019577742
2.5,-1.718058482431918,0.004193606786429882
2.5,-1.6198837120072371,0.004188939463347197
2.5,-1.521708941582556,0.004193719010800123
2.5,-1.423534171157875,0.00419970229268074
2.5,-1.325359400733194,0.004196438472718
2.5,-1.227184630308513,0.0042046611197292805
2.5,-1.1290098598838318,0.004202871583402157
2.5,-1.030835089459151,0.0042147026397287846
2.5,-0.93266031903447,0.0042321584187448025
2.5,-0.8344855486097889,0.004231472499668598
2.5,-0.7363107781851077,0.004238423891365528
2.5,-0.6381360077604266,0.004261110443621874
2.5,-0.5399612373357456,0.00427995715290308
2.5,-0.4417864669110647,0.004298645071685314
2.5,-0.34361169648638357,0.004309055395424366
2.5,-0.24543692606170264,0.004331295378506184
2.5,-0.14726215563702172,0.004362023435533047
2.5,-0.04908738521234057,0.00437349546700716
2.5,0.04908738521234057,0.004406470339745283
2.5,0.14726215563702172,0.004436044953763485
2.5,0.24543692606170264,0.00446237763389945
2.5,0.34361169648638357,0.004508082289248705
2.5,0.4417864669110647,0.0045264665968716145
2.5,0.5399612373357456,0.004561052657663822
2.5,0.6381360077604266,0.004592662677168846
2.5,0.7363107781851077,0.004613146185874939
2.5,0.8344855486097886,0.0046215783804655075
2.5,0.9326603190344698,0.004631793592125177
2.5,1.030835089459151,0.004643814638257027
2.5,1.1290098598838316,0.004656070843338966
2.5,1.2271846303085128,0.0046663167886435986
2.5,1.325359400733194,0.004659147467464209
2.5,1.423534171157875,0.0046722725965082645
2.5,1.5217089415825562,0.0046662576496601105
2.5,1.619883712007237,0.004664890002459288
2.5,1.718058482431918,0.00466852867975831
2.5,1.8162332528565992,0.004652619827538729
2.5,1.9144080232812803,0.0046574813313782215
2.5,2.0125827937059615,0.004645325243473053
2.5,2.110757564130642,0.004637015052139759
2.5,2.2089323345553233,0.004630634095519781
2.5,2.3071071049800045,0.0046108439564704895
2.5,2.405281875404685,0.0045973374508321285
2.5,2.5034566458293663,0.0045814355835318565
2.5,2.6016314162540475,0.0045572370290756226
2.5,2.699806186678728,0.004518026486039162
2.5,2.7979809571034093,0.004502695053815842
2.5,2.8961557275280905,0.004454184323549271
2.5,2.9943304979527716,0.004429826978594065
2.5,3.0925052683774528,0.004408370703458786
2.6,-3.0925052683774528,0.004387949127703905
2.6,-2.994330497952771,0.004369938280433416
2.6,-2.8961557275280905,0.004337959922850132
2.6,-2.7979809571034098,0.004310218151658773
2.6,-2.699806186678728,0.004294728860259056
2.6,-2.6016314162540475,0.00427798368036747
2.6,-2.5034566458293668,0.004260075278580189
2.6,-2.405281875404685,0.004241395741701126
2.6,-2.3071071049800045,0.004233087413012981
2.6,-2.208932334555323,0.004228469915688038
2.6,-2.110757564130642,0.004217901732772589
2.6,-2.0125827937059615,0.004204476717859507
2.6,-1.9144080232812801,0.004205564968287945
2.6,-1.8162332528565992,0.004194853827357292
2.6,-1.718058482431918,0.004200504627078772
2.6,-1.6198837120072371,0.00419655442237854
2.6,-1.521708941582556,0.0041998401284217834
2.6,-1.423534171157875,0.004206546116620302
2.6,-1.325359400733194,0.004205816425383091
2.6,-1.227184630308513,0.004211661405861378
2.6,-1.1290098598838318,0.004208360332995653
2.6,-1.030835089459151,0.004217581357806921
2.6,-0.93266031903447,0.0042291926220059395
2.6,-0.8344855486097889,0.004234794061630964
2.6,-0.7363107781851077,0.004240432754158974
2.6,-0.6381360077604266,0.004253989551216364
2.6,-0.5399612373357456,0.004268071614205837
2.6,-0.4417864669110647,0.004281638190150261
2.6,-0.34361169648638357,0.004304761998355389
2.6,-0.24543692606170264,0.004315950907766819
2.6,-0.14726215563702172,0.004351688548922539
2.6,-0.04908738521234057,0.00436346884816885
2.6,0.04908738521234057,0.004396655131131411
2.6,0.14726215563702172,0.004426789004355669
2.6,0.24543692606170264,0.004454415291547775
2.6,0.34361169648638357,0.00450590206310153
2.6,0.4417864669110647,0.004522470757365227
2.6,0.5399612373357456,0.0045564668253064156
2.6,0.6381360077604266,0.004587885923683643
2.6,0.7363107781851077,0.004608562681823969
2.6,0.8344855486097886,0.004615363199263811
2.6,0.9326603190344698,0.0046256789937615395
2.6,1.030835089459151,0.004637241363525391
2.6,1.1290098598838316,0.004649415612220764
2.6,1.2271846303085128,0.004660966340452433
2.6,1.325359400733194,0.004654897842556238
2.6,1.423534171157875,0.004669737536460161
2.6,1.5217089415825562,0.004665021784603596
2.6,1.619883712007237,0.004666303284466267
2.6,1.718058482431918,0.0046733058989048
2.6,1.8162332528565992,0.004660242702811956
2.6,1.9144080232812803,0.004665337037295103
2.6,2.0125827937059615,0.004655530676245689
2.6,2.110757564130642,0.0046443091705441475
2.6,2.2089323345553233,0.004631668794900179
2.6,2.3071071049800045,0.004617651458829641
2.6,2.405281875404685,0.004605164285749197
2.6,2.5034566458293663,0.004587395116686821
2.6,2.6016314162540475,0.004560126923024654
2.6,2.699806186678728,0.0045261685736477375
2.6,2.7979809571034093,0.004508825484663248
2.6,2.8961557275280905,0.004466440062969923
2.6,2.9943304979527716,0.004443197511136532
2.6,3.0925052683774528,0.004420556128025055
2.7,-3.0925052683774528,0.004373873118311167
2.7,-2.994330497952771,0.004356425255537033
2.7,-2.8961557275280905,0.004327509552240372
2.7,-2.7979809571034098,0.004307270515710115
2.7,-2.699806186678728,0.004293864592909813
2.7,-2.6016314162540475,0.004277543630450964
2.7,-2.5034566458293668,0.004262135364115238
2.7,-2.405281875404685,0.004243137780576944
2.7,-2.3071071049800045,0.0042343055829405785
2.7,-2.208932334555323,0.004232744686305523
2.7,-2.110757564130642,0.004225300624966621
2.7,-2.0125827937059615,0.004210704006254673
2.7,-1.9144080232812801,0.004210988525301218
2.7,-1.8162332528565992,0.004200048744678497
2.7,-1.718058482431918,0.004205996636301279
2.7,-1.6198837120072371,0.004201424773782492
2.7,-1.521708941582556,0.004207594785839319
2.7,-1.423534171157875,0.004218565300107002
2.7,-1.325359400733194,0.004220840986818075
2.7,-1.227184630308513,0.004228156991302967
2.7,-1.1290098598838318,0.004223561845719814
2.7,-1.030835089459151,0.004235865548253059
2.7,-0.93266031903447,0.004245623480528593
2.7,-0.8344855486097889,0.0042468467727303505
2.7,-0.7363107781851077,0.004253953695297241
2.7,-0.6381360077604266,0.004271643236279488
2.7,-0.5399612373357456,0.004286607727408409
2.7,-0.4417864669110647,0.00429672421887517
2.7,-0.34361169648638357,0.004309112671762705
2.7,-0.24543692606170264,0.004328560549765825
2.7,-0.14726215563702172,0.004355159588158131
2.7,-0.04908738521234057,0.004364798776805401
2.7,0.04908738521234057,0.004395325668156147
2.7,0.14726215563702172,0.004423554055392742
2.7,0.24543692606170264,0.004448994528502226
2.7,0.34361169648638357,0.004491675645112991
2.7,0.4417864669110647,0.004514690954238176
2.7,0.5399612373357456,0.004551104735583067
2.7,0.6381360077604266,0.004582345485687256
2.7,0.7363107781851077,0.004605230409651995
2.7,0.8344855486097886,0.004611778073012829
2.7,0.9326603190344698,0.004621567204594612
2.7,1.030835089459151,0.004633883945643902
2.7,1.1290098598838316,0.004646106157451868
2.7,1.2271846303085128,0.004656091332435608
2.7,1.325359400733194,0.004649760667234659
2.7,1.423534171157875,0.0046646809205412865
2.7,1.5217089415825562,0.00465976819396019
2.7,1.619883712007237,0.004660254344344139
2.7,1.718058482431918,0.004665774758905172
2.7,1.8162332528565992,0.0046520777978003025
2.7,1.9144080232812803,0.004657321609556675
2.7,2.0125827937059615,0.004647165536880493
2.7,2.110757564130642,0.004639515187591314
2.7,2.2089323345553233,0.004632709547877312
2.7,2.3071071049800045,0.0046205162070691586
2.7,2.405281875404685,0.0046114069409668446
2.7,2.5034566458293663,0.004591687582433224
2.7,2.6016314162540475,0.004558865912258625
2.7,2.699806186678728,0.00452389707788825
2.7,2.7979809571034093,0.004505692049860954
2.7,2.8961557275280905,0.0044540525414049625
2.7,2.9943304979527716,0.004427580628544092
2.7,3.0925052683774528,0.004405902698636055
2.8,-3.0925052683774528,0.00438328692689538
2.8,-2.994330497952771,0.00436513964086771
2.8,-2.8961557275280905,0.004335015546530485
2.8,-2.7979809571034098,0.0043219393119215965
2.8,-2.699806186678728,0.004303297493606806
2.8,-2.6016314162540475,0.0042847683653235435
2.8,-2.5034566458293668,0.004265885800123215
2.8,-2.405281875404685,0.004246714524924755
2.8,-2.3071071049800045,0.004238097928464413
2.8,-2.208932334555323,0.004237526562064886
2.8,-2.110757564130642,0.0042312187142670155
2.8,-2.0125827937059615,0.004215418826788664
2.8,-1.9144080232812801,0.004214297514408827
2.8,-1.8162332528565992,0.004202045500278473
2.8,-1.718058482431918,0.004200647585093975
2.8,-1.6198837120072371,0.004195470362901688
2.8,-1.521708941582556,0.004202226176857948
2.8,-1.423534171157875,0.004210096318274736
2.8,-1.325359400733194,0.004210647661238909
2.8,-1.227184630308513,0.004218620713800192
2.8,-1.1290098598838318,0.004214879125356674
2.8,-1.030835089459151,0.0042265597730875015
2.8,-0.93266031903447,0.004239167086780071
2.8,-0.8344855486097889,0.004237196408212185
2.8,-0.7363107781851077,0.00424549775198102
2.8,-0.6381360077604266,0.004262811504304409
2.8,-0.5399612373357456,0.004279233980923891
2.8,-0.4417864669110647,0.004292420111596584
2.8,-0.34361169648638357,0.0043075610883533955
2.8,-0.24543692606170264,0.004329381976276636
2.8,-0.14726215563702172,0.004359027370810509
2.8,-0.04908738521234057,0.004369301721453667
2.8,0.04908738521234057,0.004398373421281576
2.8,0.14726215563702172,0.004424268379807472
2.8,0.24543692606170264,0.004446700681000948
2.8,0.34361169648638357,0.004487643484026194
2.8,0.4417864669110647,0.00451480271294713
2.8,0.5399612373357456,0.004545205272734165
2.8,0.6381360077604266,0.004578618332743645
2.8,0.7363107781851077,0.004600458312779665
2.8,0.8344855486097886,0.004608115181326866
2.8,0.9326603190344698,0.004619156941771507
2.8,1.030835089459151,0.00463228952139616
2.8,1.1290098598838316,0.004648215137422085
2.8,1.2271846303085128,0.004660391248762608
2.8,1.325359400733194,0.004654844757169485
2.8,1.423534171157875,0.0046699391677975655
2.8,1.5217089415825562,0.00466536870226264
2.8,1.619883712007237,0.004666223656386137
2.8,1.718058482431918,0.004671650938689709
2.8,1.8162332528565992,0.004658977966755629
2.8,1.9144080232812803,0.004664089996367693
2.8,2.0125827937059615,0.0046510896645486355
2.8,2.110757564130642,0.00464303232729435
2.8,2.2089323345553233,0.00463747326284647
2.8,2.3071071049800045,0.004623700398951769
2.8,2.405281875404685,0.004612029530107975
2.8,2.5034566458293663,0.004595653153955936
2.8,2.6016314162540475,0.004567983094602823
2.8,2.699806186678728,0.004540277644991875
2.8,2.7979809571034093,0.004509332589805126
2.8,2.8961557275280905,0.004465211182832718
2.8,2.9943304979527716,0.004440036602318287
2.8,3.0925052683774528,0.004417204298079014
2.9,-3.0925052683774528,0.004384174942970276
2.9,-2.994330497952771,0.0043661645613610744
2.9,-2.8961557275280905,0.004336388316005468
2.9,-2.7979809571034098,0.004323379602283239
2.9,-2.699806186678728,0.004303816240280867
2.9,-2.6016314162540475,0.004286761395633221
2.9,-2.5034566458293668,0.00426665972918272
2.9,-2.405281875404685,0.004251033999025822
2.9,-2.3071071049800045,0.004241484217345715
2.9,-2.208932334555323,0.004235606640577316
2.9,-2.110757564130642,0.004235653206706047
2.9,-2.0125827937059615,0.004218010697513819
2.9,-1.9144080232812801,0.004211276303976774
2.9,-1.8162332528565992,0.0041976491920650005
2.9,-1.718058482431918,0.004199896473437548
2.9,-1.6198837120072371,0.004194940906018019
2.9,-1.521708941582556,0.004200846888124943
2.9,-1.423534171157875,0.004207522142678499
2.9,-1.325359400733194,0.004207368474453688
2.9,-1.227184630308513,0.004216188099235296
2.9,-1.1290098598838318,0.004212891682982445
2.9,-1.030835089459151,0.00422136764973402
2.9,-0.93266031903447,0.00423214677721262
2.9,-0.8344855486097889,0.004238608758896589
2.9,-0.7363107781851077,0.004245036747306585
2.9,-0.6381360077604266,0.00426104012876749
2.9,-0.5399612373357456,0.004274883773177862
2.9,-0.4417864669110647,0.004286387003958225
2.9,-0.34361169648638357,0.00430583581328392
2.9,-0.24543692606170264,0.004317298531532288
2.9,-0.14726215563702172,0.004351346753537655
2.9,-0.04908738521234057,0.004360549617558718
2.9,0.04908738521234057,0.004390256945043802
2.9,0.14726215563702172,0.004418593365699053
2.9,0.24543692606170264,0.004444948863238096
2.9,0.34361169648638357,0.004488256294280291
2.9,0.4417864669110647,0.004516251385211945
2.9,0.5399612373357456,0.004549689125269651
2.9,0.6381360077604266,0.004585432820022106
2.9,0.7363107781851077,0.00461012776941061
2.9,0.8344855486097886,0.004619928542524576
2.9,0.9326603190344698,0.004632078111171722
2.9,1.030835089459151,0.004645466338843107
2.9,1.1290098598838316,0.004658377729356289
2.9,1.2271846303085128,0.004669418092817068
2.9,1.325359400733194,0.004661859478801489
2.9,1.423534171157875,0.00467356201261282
2.9,1.5217089415825562,0.004666738212108612
2.9,1.619883712007237,0.0046647521667182446
2.9,1.718058482431918,0.004668393172323704
2.9,1.8162332528565992,0.0046541886404156685
2.9,1.9144080232812803,0.004659533035010099
2.9,2.0125827937059615,0.004648094065487385
2.9,2.110757564130642,0.004637592472136021
2.9,2.2089323345553233,0.004628842230886221
2.9,2.3071071049800045,0.0046129184775054455
2.9,2.405281875404685,0.0046020387671887875
2.9,2.5034566458293663,0.004587606526911259
2.9,2.6016314162540475,0.004562456160783768
2.9,2.699806186678728,0.004526505712419748
2.9,2.7979809571034093,0.004508063197135925
2.9,2.8961557275280905,0.004462199751287699
2.9,2.9943304979527716,0.004437773022800684
2.9,3.0925052683774528,0.004416401498019695
3.0,-3.0925052683774528,0.004382666200399399
3.0,-2.994330497952771,0.004363787826150656
3.0,-2.8961557275280905,0.004332353826612234
3.0,-2.7979809571034098,0.004309179726988077
3.0,-2.699806186678728,0.004295547027140856
3.0,-2.6016314162540475,0.004278482869267464
3.0,-2.5034566458293668,0.004259240813553333
3.0,-2.405281875404685,0.0042408909648656845
3.0,-2.3071071049800045,0.0042329938150942326
3.0,-2.208932334555323,0.0042313700541853905
3.0,-2.110757564130642,0.004230277147144079
3.0,-2.0125827937059615,0.004218647722154856
3.0,-1.9144080232812801,0.004214426502585411
3.0,-1.8162332528565992,0.004199808929115534
3.0,-1.718058482431918,0.004205210134387016
3.0,-1.6198837120072371,0.004200759809464216
3.0,-1.521708941582556,0.004205262288451195
3.0,-1.423534171157875,0.004210853483527899
3.0,-1.325359400733194,0.0042105852626264095
3.0,-1.227184630308513,0.0042145149782299995
3.0,-1.1290098598838318,0.004213662818074226
3.0,-1.030835089459151,0.004223458468914032
3.0,-0.93266031903447,0.004234357737004757
3.0,-0.8344855486097889,0.004237887915223837
3.0,-0.7363107781851077,0.004246090538799763
3.0,-0.6381360077604266,0.004263986833393574
3.0,-0.5399612373357456,0.0042777638882398605
3.0,-0.4417864669110647,0.004288093652576208
3.0,-0.34361169648638357,0.004306115210056305
3.0,-0.24543692606170264,0.0043177530169487
3.0,-0.14726215563702172,0.004351926501840353
3.0,-0.04908738521234057,0.004363332875072956
3.0,0.04908738521234057,0.00439485814422369
3.0,0.14726215563702172,0.004422351252287626
3.0,0.24543692606170264,0.004446526523679495
3.0,0.34361169648638357,0.0044877114705741405
3.0,0.4417864669110647,0.00451556034386158
3.0,0.5399612373357456,0.004547604359686375
3.0,0.6381360077604266,0.004580391570925713
3.0,0.7363107781851077,0.004602587316185236
3.0,0.8344855486097886,0.004609973635524511
3.0,0.9326603190344698,0.0046212938614189625
3.0,1.030835089459151,0.004628385417163372
3.0,1.1290098598838316,0.004639911465346813
3.0,1.2271846303085128,0.004655023571103811
3.0,1.325359400733194,0.004652947653084993
3.0,1.423534171157875,0.004669025540351868
3.0,1.5217089415825562,0.004664282314479351
3.0,1.619883712007237,0.0046653165481984615
3.0,1.718058482431918,0.004671898204833269
3.0,1.8162332528565992,0.004659173544496298
3.0,1.9144080232812803,0.004664312116801739
3.0,2.0125827937059615,0.004653172567486763
3.0,2.110757564130642,0.004642793908715248
3.0,2.2089323345553233,0.004631655290722847
3.0,2.3071071049800045,0.004617931786924601
3.0,2.405281875404685,0.004607596900314093
3.0,2.5034566458293663,0.004590283147990704
3.0,2.6016314162540475,0.004558057524263859
3.0,2.699806186678728,0.004524814430624247
3.0,2.7979809571034093,0.004507460165768862
3.0,2.8961557275280905,0.004461226519197226
3.0,2.9943304979527716,0.004437300376594067
3.0,3.0925052683774528,0.004415883217006922
3.1,-3.0925052683774528,0.0043801660649478436
3.1,-2.994330497952771,0.0043640658259391785
3.1,-2.8961557275280905,0.004335382953286171
3.1,-2.7979809571034098,0.004322558641433716
3.1,-2.699806186678728,0.004302339628338814
3.1,-2.6016314162540475,0.004283030983060598
3.1,-2.5034566458293668,0.004264778457581997
3.1,-2.405281875404685,0.004248954355716705
3.1,-2.3071071049800045,0.004241130314767361
3.1,-2.208932334555323,0.0042357780039310455
3.1,-2.110757564130642,0.004233487881720066
3.1,-2.0125827937059615,0.00421484699472785
3.1,-1.9144080232812801,0.004209390841424465
3.1,-1.8162332528565992,0.0041959029622375965
3.1,-1.718058482431918,0.004197170492261648
3.1,-1.6198837120072371,0.004192298743873835
3.1,-1.521708941582556,0.004197866655886173
3.1,-1.423534171157875,0.004207082558423281
3.1,-1.325359400733194,0.004211517050862312
3.1,-1.227184630308513,0.004220094997435808
3.1,-1.1290098598838318,0.0042184339836239815
3.1,-1.030835089459151,0.00422920286655426
3.1,-0.93266031903447,0.004240271635353565
3.1,-0.8344855486097889,0.0042401268146932125
3.1,-0.7363107781851077,0.004247498698532581
3.1,-0.6381360077604266,0.004264301620423794
3.1,-0.5399612373357456,0.004279076587408781
3.1,-0.4417864669110647,0.004290698561817408
3.1,-0.34361169648638357,0.004306656774133444
3.1,-0.24543692606170264,0.004324964713305235
3.1,-0.14726215563702172,0.004354274366050959
3.1,-0.04908738521234057,0.004363749176263809
3.1,0.04908738521234057,0.004391589667648077
3.1,0.14726215563702172,0.0044174292124807835
3.1,0.24543692606170264,0.004440836608409882
3.1,0.34361169648638357,0.004482780117541552
3.1,0.4417864669110647,0.004513520281761885
3.1,0.5399612373357456,0.004545716568827629
3.1,0.6381360077604266,0.004580471199005842
3.1,0.7363107781851077,0.004604389891028404
3.1,0.8344855486097886,0.0046112495474517345
3.1,0.9326603190344698,0.004622170701622963
3.1,1.030835089459151,0.0046309903264045715
3.1,1.1290098598838316,0.0046430788934230804
3.1,1.2271846303085128,0.004656605422496796
3.1,1.325359400733194,0.004651977214962244
3.1,1.423534171157875,0.0046668038703501225
3.1,1.5217089415825562,0.004661178681999445
3.1,1.619883712007237,0.004660887643694878
3.1,1.718058482431918,0.004666377790272236
3.1,1.8162332528565992,0.004651837516576052
3.1,1.9144080232812803,0.004657667595893145
3.1,2.0125827937059615,0.004649053327739239
3.1,2.110757564130642,0.00464152917265892
3.1,2.2089323345553233,0.004634593613445759
3.1,2.3071071049800045,0.004620797466486692
3.1,2.405281875404685,0.0046066949144005775
3.1,2.5034566458293663,0.004590335767716169
3.1,2.6016314162540475,0.0045646848157048225
3.1,2.699806186678728,0.00452466169372201
3.1,2.7979809571034093,0.004505091812461615
3.1,2.8961557275280905,0.0044531249441206455
3.1,2.9943304979527716,0.004429049324244261
3.1,3.0925052683774528,0.004409215413033962
3.2,-3.0925052683774528,0.0043836901895701885
3.2,-2.994330497952771,0.0043664369732141495
3.2,-2.8961557275280905,0.004337372723966837
3.2,-2.7979809571034098,0.004324641544371843
3.2,-2.699806186678728,0.0043043107725679874
3.2,-2.6016314162540475,0.004284192807972431
3.2,-2.5034566458293668,0.004263421054929495
3.2,-2.405281875404685,0.004246337804943323
3.2,-2.3071071049800045,0.0042375619523227215
3.2,-2.208932334555323,0.004236435517668724
3.2,-2.110757564130642,0.004233132116496563
3.2,-2.0125827937059615,0.00421491451561451
3.2,-1.9144080232812801,0.004211401101201773
3.2,-1.8162332528565992,0.004197570029646158
3.2,-1.718058482431918,0.004198496695607901
3.2,-1.6198837120072371,0.0041940645314753056
3.2,-1.521708941582556,0.004201916046440601
3.2,-1.423534171157875,0.004209697246551514
3.2,-1.325359400733194,0.004208121914416552
3.2,-1.227184630308513,0.004215753637254238
3.2,-1.1290098598838318,0.0042108045890927315
3.2,-1.030835089459151,0.004221687093377113
3.2,-0.93266031903447,0.0042362697422504425
3.2,-0.8344855486097889,0.004236769862473011
3.2,-0.7363107781851077,0.004244777839630842
3.2,-0.6381360077604266,0.004262988455593586
3.2,-0.5399612373357456,0.004278543405234814
3.2,-0.4417864669110647,0.004289612174034119
3.2,-0.34361169648638357,0.0043068877421319485
3.2,-0.24543692606170264,0.004326654132455587
3.2,-0.14726215563702172,0.0043549686670303345
3.2,-0.04908738521234057,0.0043642353266477585
3.2,0.04908738521234057,0.0043902769684791565
3.2,0.14726215563702172,0.004414659924805164
3.2,0.24543692606170264,0.00443733436986804
3.2,0.34361169648638357,0.004477987065911293
3.2,0.4417864669110647,0.004509477876126766
3.2,0.5399612373357456,0.0045399973168969154
3.2,0.6381360077604266,0.004576040897518396
3.2,0.7363107781851077,0.004599669482558966
3.2,0.8344855486097886,0.004608378745615482
3.2,0.9326603190344698,0.004620139487087727
3.2,1.030835089459151,0.004632508382201195
3.2,1.1290098598838316,0.004647170193493366
3.2,1.2271846303085128,0.00465875631198287
3.2,1.325359400733194,0.0046533201821148396
3.2,1.423534171157875,0.004668000619858503
3.2,1.5217089415825562,0.004662246443331242
3.2,1.619883712007237,0.0046622357331216335
3.2,1.718058482431918,0.004668303765356541
3.2,1.8162332528565992,0.004655885044485331
3.2,1.9144080232812803,0.004661450628191233
3.2,2.0125827937059615,0.004651128314435482
3.2,2.110757564130642,0.004639013670384884
3.2,2.2089323345553233,0.004629548639059067
3.2,2.3071071049800045,0.004613158758729696
3.2,2.405281875404685,0.004600311629474163
3.2,2.5034566458293663,0.004580496810376644
3.2,2.6016314162540475,0.004556518048048019
3.2,2.699806186678728,0.0045187934301793575
3.2,2.7979809571034093,0.004503578878939152
3.2,2.8961557275280905,0.004457002971321344
3.2,2.9943304979527716,0.004434732720255852
3.2,3.0925052683774528,0.004414444323629141
3.3,-3.0925052683774528,0.004383033607155085
3.3,-2.994330497952771,0.004365366417914629
3.3,-2.8961557275280905,0.004336323123425245
3.3,-2.7979809571034098,0.004323601257055998
3.3,-2.699806186678728,0.00430303392931819
3.3,-2.6016314162540475,0.004285681992769241
3.3,-2.5034566458293668,0.004265972413122654
3.3,-2.405281875404685,0.004249900579452515
3.3,-2.3071071049800045,0.0042406413704156876
3.3,-2.208932334555323,0.004239686764776707
3.3,-2.110757564130642,0.00423241825774312
3.3,-2.0125827937059615,0.004212685860693455
3.3,-1.9144080232812801,0.004208604339510202
3.3,-1.8162332528565992,0.004194641951471567
3.3,-1.718058482431918,0.004198335111141205
3.3,-1.6198837120072371,0.004192845895886421
3.3,-1.521708941582556,0.00419766316190362
3.3,-1.423534171157875,0.00420499499887228
3.3,-1.325359400733194,0.004207404796034098
3.3,-1.227184630308513,0.0042156339623034
3.3,-1.1290098598838318,0.004214647226035595
3.3,-1.030835089459151,0.004221821203827858
3.3,-0.93266031903447,0.004231465049088001
3.3,-0.8344855486097889,0.004235127940773964
3.3,-0.7363107781851077,0.004243453033268452
3.3,-0.6381360077604266,0.004261149559170008
3.3,-0.5399612373357456,0.004275127314031124
3.3,-0.4417864669110647,0.004287581890821457
3.3,-0.34361169648638357,0.004306390881538391
3.3,-0.24543692606170264,0.004325151909142733
3.3,-0.14726215563702172,0.004355371464043856
3.3,-0.04908738521234057,0.004365832544863224
3.3,0.04908738521234057,0.004394559655338526
3.3,0.14726215563702172,0.004421023186296225
3.3,0.24543692606170264,0.0044453865848481655
3.3,0.34361169648638357,0.0044874041341245174
3.3,0.4417864669110647,0.004516152199357748
3.3,0.5399612373357456,0.004548950120806694
3.3,0.6381360077604266,0.0045820968225598335
3.3,0.7363107781851077,0.0046065011993050575
3.3,0.8344855486097886,0.00461437227204442
3.3,0.9326603190344698,0.004625827539712191
3.3,1.030835089459151,0.004637076985090971
3.3,1.1290098598838316,0.004650929477065802
3.3,1.2271846303085128,0.004662037827074528
3.3,1.325359400733194,0.004655469674617052
3.3,1.423534171157875,0.004669080022722483
3.3,1.5217089415825562,0.004663180559873581
3.3,1.619883712007237,0.004662429913878441
3.3,1.718058482431918,0.004667193163186312
3.3,1.8162332528565992,0.004653775133192539
3.3,1.9144080232812803,0.004658703692257404
3.3,2.0125827937059615,0.004645380657166243
3.3,2.110757564130642,0.00463342759758234
3.3,2.2089323345553233,0.004625311587005854
3.3,2.3071071049800045,0.004614544566720724
3.3,2.405281875404685,0.0046058353036642075
3.3,2.5034566458293663,0.004588370211422443
3.3,2.6016314162540475,0.0045548477210104465
3.3,2.699806186678728,0.004523023962974548
3.3,2.7979809571034093,0.004506202414631844
3.3,2.8961557275280905,0.004458949435502291
3.3,2.9943304979527716,0.004435763694345951
3.3,3.0925052683774528,0.004414966329932213
3.4,-3.0925052683774528,0.004386246204376221
3.4,-2.994330497952771,0.0043669892475008965
3.4,-2.8961557275280905,0.004334707744419575
3.4,-2.7979809571034098,0.00430946284905076
3.4,-2.699806186678728,0.004295709077268839
3.4,-2.6016314162540475,0.00427494291216135
3.4,-2.5034566458293668,0.004257043823599815
3.4,-2.405281875404685,0.0042432271875441074
3.4,-2.3071071049800045,0.0042372155003249645
3.4,-2.208932334555323,0.004232369363307953
3.4,-2.110757564130642,0.004227354656904936
3.4,-2.0125827937059615,0.004210658371448517
3.4,-1.9144080232812801,0.004208785481750965
3.4,-1.8162332528565992,0.004197544883936644
3.4,-1.718058482431918,0.0041993968188762665
3.4,-1.6198837120072371,0.004193505737930536
3.4,-1.521708941582556,0.004197254776954651
3.4,-1.423534171157875,0.0042065586894750595
3.4,-1.325359400733194,0.004206443205475807
3.4,-1.227184630308513,0.004214033950120211
3.4,-1.1290098598838318,0.004211943596601486
3.4,-1.030835089459151,0.004221043549478054
3.4,-0.93266031903447,0.004232362378388643
3.4,-0.8344855486097889,0.004232423845678568
3.4,-0.7363107781851077,0.0042409212328493595
3.4,-0.6381360077604266,0.004258221946656704
3.4,-0.5399612373357456,0.004273559898138046
3.4,-0.4417864669110647,0.004287537652999163
3.4,-0.34361169648638357,0.0043056681752204895
3.4,-0.24543692606170264,0.004317603074014187
3.4,-0.14726215563702172,0.0043525961227715015
3.4,-0.04908738521234057,0.004364358261227608
3.4,0.04908738521234057,0.004394149407744408
3.4,0.14726215563702172,0.004420680925250053
3.4,0.24543692606170264,0.004444262478500605
3.4,0.34361169648638357,0.004484190139919519
3.4,0.4417864669110647,0.004513327497988939
3.4,0.5399612373357456,0.004544678144156933
3.4,0.6381360077604266,0.0045805079862475395
3.4,0.7363107781851077,0.00460533332079649
3.4,0.8344855486097886,0.004613357130438089
3.4,0.9326603190344698,0.004624615423381329
3.4,1.030835089459151,0.004637489095330238
3.4,1.1290098598838316,0.004651784896850586
3.4,1.2271846303085128,0.0046625928953289986
3.4,1.325359400733194,0.0046554203145205975
3.4,1.423534171157875,0.004669596906751394
3.4,1.5217089415825562,0.00466405414044857
3.4,1.619883712007237,0.004664374515414238
3.4,1.718058482431918,0.00467004906386137
3.4,1.8162332528565992,0.004656598437577486
3.4,1.9144080232812803,0.0046620615758001804
3.4,2.0125827937059615,0.0046507203951478004
3.4,2.110757564130642,0.00464226957410574
3.4,2.2089323345553233,0.004634760320186615
3.4,2.3071071049800045,0.004622741136699915
3.4,2.405281875404685,0.004613382276147604
3.4,2.5034566458293663,0.00459761917591095
3.4,2.6016314162540475,0.0045647830702364445
3.4,2.699806186678728,0.004541057161986828
3.4,2.7979809571034093,0.0045096720568835735
3.4,2.8961557275280905,0.004466312006115913
3.4,2.9943304979527716,0.004442327190190554
3.4,3.0925052683774528,0.004420353099703789
3.5,-3.0925052683774528,0.004391364753246307
3.5,-2.994330497952771,0.004373598378151655
3.5,-2.8961557275280905,0.0043433308601379395
3.5,-2.7979809571034098,0.004329486284404993
3.5,-2.699806186678728,0.004305519163608551
3.5,-2.6016314162540475,0.004288654308766127
3.5,-2.5034566458293668,0.004268552642315626
3.5,-2.405281875404685,0.004246142227202654
3.5,-2.3071071049800045,0.004237687215209007
3.5,-2.208932334555323,0.0042363116517663
3.5,-2.110757564130642,0.00422630226239562
3.5,-2.0125827937059615,0.004211903549730778
3.5,-1.9144080232812801,0.0042086998000741005
3.5,-1.8162332528565992,0.004190727602690458
3.5,-1.718058482431918,0.004197223111987114
3.5,-1.6198837120072371,0.004191842395812273
3.5,-1.521708941582556,0.004197116941213608
3.5,-1.423534171157875,0.004205124452710152
3.5,-1.325359400733194,0.004205142147839069
3.5,-1.227184630308513,0.004214505665004253
3.5,-1.1290098598838318,0.0042111678048968315
3.5,-1.030835089459151,0.004222332499921322
3.5,-0.93266031903447,0.004233566578477621
3.5,-0.8344855486097889,0.004235047847032547
3.5,-0.7363107781851077,0.00424184650182724
3.5,-0.6381360077604266,0.004257349297404289
3.5,-0.5399612373357456,0.004271255806088448
3.5,-0.4417864669110647,0.004283405840396881
3.5,-0.34361169648638357,0.004304998554289341
3.5,-0.24543692606170264,0.004315086640417576
3.5,-0.14726215563702172,0.004348672926425934
3.5,-0.04908738521234057,0.004358584992587566
3.5,0.04908738521234057,0.004387608263641596
3.5,0.14726215563702172,0.004414131864905357
3.5,0.24543692606170264,0.004438756499439478
3.5,0.34361169648638357,0.004480042960494757
3.5,0.4417864669110647,0.004511235747486353
3.5,0.5399612373357456,0.004543699324131012
3.5,0.6381360077604266,0.004579384811222553
3.5,0.7363107781851077,0.004604251589626074
3.5,0.8344855486097886,0.00461175199598074
3.5,0.9326603190344698,0.0046223849058151245
3.5,1.030835089459151,0.004636573605239391
3.5,1.1290098598838316,0.004651155788451433
3.5,1.2271846303085128,0.00466144597157836
3.5,1.325359400733194,0.004654949996620417
3.5,1.423534171157875,0.004669592250138521
3.5,1.5217089415825562,0.004663762636482716
3.5,1.619883712007237,0.004663861822336912
3.5,1.718058482431918,0.004669648595154285
3.5,1.8162332528565992,0.0046559167094528675
3.5,1.9144080232812803,0.004661484621465206
3.5,2.0125827937059615,0.004650035873055458
3.5,2.110757564130642,0.004643058404326439
3.5,2.2089323345553233,0.004634592216461897
3.5,2.3071071049800045,0.0046223741956055164
3.5,2.405281875404685,0.004609815310686827
3.5,2.5034566458293663,0.004592874087393284
3.5,2.6016314162540475,0.004569802433252335
3.5,2.699806186678728,0.004543129820376635
3.5,2.7979809571034093,0.004510087426751852
3.5,2.8961557275280905,0.004468208644539118
3.5,2.9943304979527716,0.004445623606443405
3.5,3.0925052683774528,0.0044243549928069115
3.6,-3.0925052683774528,0.004401352256536484
3.6,-2.994330497952771,0.004379293415695429
3.6,-2.8961557275280905,0.004343107342720032
3.6,-2.7979809571034098,0.0043252878822386265
3.6,-2.699806186678728,0.004302356392145157
3.6,-2.6016314162540475,0.004282647743821144
3.6,-2.5034566458293668,0.004262704402208328
3.6,-2.405281875404685,0.00424478342756629
3.6,-2.3071071049800045,0.004236473701894283
3.6,-2.208932334555323,0.004238295368850231
3.6,-2.110757564130642,0.004233436193317175
3.6,-2.0125827937059615,0.0042117442935705185
3.6,-1.9144080232812801,0.00420665368437767
3.6,-1.8162332528565992,0.0041951523162424564
3.6,-1.718058482431918,0.004203814547508955
3.6,-1.6198837120072371,0.004198083654046059
3.6,-1.521708941582556,0.004198758862912655
3.6,-1.423534171157875,0.004208310507237911
3.6,-1.325359400733194,0.004205100238323212
3.6,-1.227184630308513,0.004210239741951227
3.6,-1.1290098598838318,0.004209189675748348
3.6,-1.030835089459151,0.0042191073298454285
3.6,-0.93266031903447,0.004234733060002327
3.6,-0.8344855486097889,0.004234525375068188
3.6,-0.7363107781851077,0.004242397844791412
3.6,-0.6381360077604266,0.004260082263499498
3.6,-0.5399612373357456,0.004275835119187832
3.6,-0.4417864669110647,0.004287783056497574
3.6,-0.34361169648638357,0.004306275397539139
3.6,-0.24543692606170264,0.004323864821344614
3.6,-0.14726215563702172,0.00435244757682085
3.6,-0.04908738521234057,0.004363087005913258
3.6,0.04908738521234057,0.00439142482355237
3.6,0.14726215563702172,0.004415690898895264
3.6,0.24543692606170264,0.0044374349527060986
3.6,0.34361169648638357,0.004476894624531269
3.6,0.4417864669110647,0.004508620593696833
3.6,0.5399612373357456,0.004540846683084965
3.6,0.6381360077604266,0.004576549865305424
3.6,0.7363107781851077,0.00460093654692173
3.6,0.8344855486097886,0.004607740789651871
3.6,0.9326603190344698,0.00461946427822113
3.6,1.030835089459151,0.0046287840232253075
3.6,1.1290098598838316,0.004640080966055393
3.6,1.2271846303085128,0.00465379236266017
3.6,1.325359400733194,0.004650407936424017
3.6,1.423534171157875,0.004665933083742857
3.6,1.5217089415825562,0.004662496969103813
3.6,1.619883712007237,0.004664257168769836
3.6,1.718058482431918,0.004671253729611635
3.6,1.8162332528565992,0.004657938610762358
3.6,1.9144080232812803,0.004664124455302954
3.6,2.0125827937059615,0.004655538126826286
3.6,2.110757564130642,0.004645499400794506
3.6,2.2089323345553233,0.004637979902327061
3.6,2.3071071049800045,0.004624207504093647
3.6,2.405281875404685,0.00461037689819932
3.6,2.5034566458293663,0.00459554186090827
3.6,2.6016314162540475,0.004575812723487616
3.6,2.699806186678728,0.004551786929368973
3.6,2.7979809571034093,0.004517127759754658
3.6,2.8961557275280905,0.004482706543058157
3.6,2.9943304979527716,0.00446008937433362
3.6,3.0925052683774528,0.004436993971467018
3.7,-3.0925052683774528,0.004379362799227238
3.7,-2.994330497952771,0.00436429725959897
3.7,-2.8961557275280905,0.00433754688128829
3.7,-2.7979809571034098,0.00432576984167099
3.7,-2.699806186678728,0.004304609261453152
3.7,-2.6016314162540475,0.0042891716584563255
3.7,-2.5034566458293668,0.004270255099982023
3.7,-2.405281875404685,0.004255837760865688
3.7,-2.3071071049800045,0.004246653523296118
3.7,-2.208932334555323,0.004238292574882507
3.7,-2.110757564130642,0.004234883934259415
3.7,-2.0125827937059615,0.004219650290906429
3.7,-1.9144080232812801,0.004214181564748287
3.7,-1.8162332528565992,0.00420329300686717
3.7,-1.718058482431918,0.004204554948955774
3.7,-1.6198837120072371,0.004197864327579737
3.7,-1.521708941582556,0.004200411029160023
3.7,-1.423534171157875,0.004208437167108059
3.7,-1.325359400733194,0.004207863938063383
3.7,-1.227184630308513,0.004216684494167566
3.7,-1.1290098598838318,0.004211440682411194
3.7,-1.030835089459151,0.004219996277242899
3.7,-0.93266031903447,0.004235174972563982
3.7,-0.8344855486097889,0.004240097478032112
3.7,-0.7363107781851077,0.0042470768094062805
3.7,-0.6381360077604266,0.00426284596323967
3.7,-0.5399612373357456,0.004275292623788118
3.7,-0.4417864669110647,0.004282707814127207
3.7,-0.34361169648638357,0.004303904250264168
3.7,-0.24543692606170264,0.0043092225678265095
3.7,-0.14726215563702172,0.004343223758041859
3.7,-0.04908738521234057,0.004353780299425125
3.7,0.04908738521234057,0.004384810104966164
3.7,0.14726215563702172,0.004413974937051535
3.7,0.24543692606170264,0.004441434517502785
3.7,0.34361169648638357,0.004485721699893475
3.7,0.4417864669110647,0.004516687244176865
3.7,0.5399612373357456,0.004551566205918789
3.7,0.6381360077604266,0.004586396738886833
3.7,0.7363107781851077,0.004608374089002609
3.7,0.8344855486097886,0.004614352248609066
3.7,0.9326603190344698,0.004623251035809517
3.7,1.030835089459151,0.0046304864808917046
3.7,1.1290098598838316,0.00464271567761898
3.7,1.2271846303085128,0.004656162578612566
3.7,1.325359400733194,0.004650626797229052
3.7,1.423534171157875,0.004665312357246876
3.7,1.5217089415825562,0.004660249687731266
3.7,1.619883712007237,0.004660347476601601
3.7,1.718058482431918,0.004665543790906668
3.7,1.8162332528565992,0.004651031922549009
3.7,1.9144080232812803,0.004656667355448008
3.7,2.0125827937059615,0.004644548520445824
3.7,2.110757564130642,0.0046335249207913876
3.7,2.2089323345553233,0.004624282941222191
3.7,2.3071071049800045,0.00461318576708436
3.7,2.405281875404685,0.004602792672812939
3.7,2.5034566458293663,0.004585542716085911
3.7,2.6016314162540475,0.0045509254559874535
3.7,2.699806186678728,0.0045144823379814625
3.7,2.7979809571034093,0.004491044674068689
3.7,2.8961557275280905,0.004450603853911161
3.7,2.9943304979527716,0.004428181331604719
3.7,3.0925052683774528,0.004408084787428379
3.8,-3.0925052683774528,0.004380022641271353
3.8,-2.994330497952771,0.0043634274043142796
3.8,-2.8961557275280905,0.004333541262894869
3.8,-2.7979809571034098,0.004310097545385361
3.8,-2.699806186678728,0.004300096072256565
3.8,-2.6016314162540475,0.0042862617410719395
3.8,-2.5034566458293668,0.004268128424882889
3.8,-2.405281875404685,0.004252307582646608
3.8,-2.3071071049800045,0.00424423161894083
3.8,-2.208932334555323,0.004243999719619751
3.8,-2.110757564130642,0.004238573368638754
3.8,-2.0125827937059615,0.004226529039442539
3.8,-1.9144080232812801,0.004226137883961201
3.8,-1.8162332528565992,0.004210541490465403
3.8,-1.718058482431918,0.004208281170576811
3.8,-1.6198837120072371,0.004199155140668154
3.8,-1.521708941582556,0.0041999658569693565
3.8,-1.423534171157875,0.004206776153296232
3.8,-1.325359400733194,0.004202623385936022
3.8,-1.227184630308513,0.004207761492580175
3.8,-1.1290098598838318,0.004202147945761681
3.8,-1.030835089459151,0.004207423888146877
3.8,-0.93266031903447,0.004222314804792404
3.8,-0.8344855486097889,0.004225829616189003
3.8,-0.7363107781851077,0.004234411753714085
3.8,-0.6381360077604266,0.004252612590789795
3.8,-0.5399612373357456,0.0042687272652983665
3.8,-0.4417864669110647,0.004282846115529537
3.8,-0.34361169648638357,0.004305405076593161
3.8,-0.24543692606170264,0.00431857630610466
3.8,-0.14726215563702172,0.004354521166533232
3.8,-0.04908738521234057,0.004365128464996815
3.8,0.04908738521234057,0.004392779897898436
3.8,0.14726215563702172,0.004418755415827036
3.8,0.24543692606170264,0.00444389833137393
3.8,0.34361169648638357,0.00448649050667882
3.8,0.4417864669110647,0.004515533801168203
3.8,0.5399612373357456,0.004546509589999914
3.8,0.6381360077604266,0.004580595064908266
3.8,0.7363107781851077,0.004600930958986282
3.8,0.8344855486097886,0.004613150842487812
3.8,0.9326603190344698,0.004623878747224808
3.8,1.030835089459151,0.004635946359485388
3.8,1.1290098598838316,0.0046488139778375626
3.8,1.2271846303085128,0.004660727921873331
3.8,1.325359400733194,0.004654626827687025
3.8,1.423534171157875,0.004668747540563345
3.8,1.5217089415825562,0.004662850871682167
3.8,1.619883712007237,0.004661863204091787
3.8,1.718058482431918,0.00466635636985302
3.8,1.8162332528565992,0.004650452174246311
3.8,1.9144080232812803,0.004654961638152599
3.8,2.0125827937059615,0.004642480984330177
3.8,2.110757564130642,0.004631158895790577
3.8,2.2089323345553233,0.004621551372110844
3.8,2.3071071049800045,0.004610768519341946
3.8,2.405281875404685,0.004601553548127413
3.8,2.5034566458293663,0.004583044908940792
3.8,2.6016314162540475,0.0045492504723370075
3.8,2.699806186678728,0.0045143007300794125
3.8,2.7979809571034093,0.004491237457841635
3.8,2.8961557275280905,0.004451712127774954
3.8,2.9943304979527716,0.004430701024830341
3.8,3.0925052683774528,0.004410707391798496
3.9,-3.0925052683774528,0.004390581976622343
3.9,-2.994330497952771,0.004372863564640284
3.9,-2.8961557275280905,0.004341647494584322
3.9,-2.7979809571034098,0.004316025413572788
3.9,-2.699806186678728,0.004304960835725069
3.9,-2.6016314162540475,0.004286515526473522
3.9,-2.5034566458293668,0.004263710230588913
3.9,-2.405281875404685,0.004245095886290073
3.9,-2.3071071049800045,0.004237744957208633
3.9,-2.208932334555323,0.004239350091665983
3.9,-2.110757564130642,0.004232422448694706
3.9,-2.0125827937059615,0.00421682745218277
3.9,-1.9144080232812801,0.004211709834635258
3.9,-1.8162332528565992,0.004197556059807539
3.9,-1.718058482431918,0.004201468545943499
3.9,-1.6198837120072371,0.004197249189019203
3.9,-1.521708941582556,0.004200813360512257
3.9,-1.423534171157875,0.004211690276861191
3.9,-1.325359400733194,0.004210817161947489
3.9,-1.227184630308513,0.004218426067382097
3.9,-1.1290098598838318,0.00421503372490406
3.9,-1.030835089459151,0.004225216805934906
3.9,-0.93266031903447,0.004236415959894657
3.9,-0.8344855486097889,0.004237805027514696
3.9,-0.7363107781851077,0.004243255127221346
3.9,-0.6381360077604266,0.004258336033672094
3.9,-0.5399612373357456,0.004270393401384354
3.9,-0.4417864669110647,0.004280920140445232
3.9,-0.34361169648638357,0.004303514026105404
3.9,-0.24543692606170264,0.004307703115046024
3.9,-0.14726215563702172,0.00433744303882122
3.9,-0.04908738521234057,0.004344017244875431
3.9,0.04908738521234057,0.004368041176348925
3.9,0.14726215563702172,0.004393434152007103
3.9,0.24543692606170264,0.004419119097292423
3.9,0.34361169648638357,0.004460195079445839
3.9,0.4417864669110647,0.004501719493418932
3.9,0.5399612373357456,0.004519803449511528
3.9,0.6381360077604266,0.0045710536651313305
3.9,0.7363107781851077,0.004596621263772249
3.9,0.8344855486097886,0.0046053496189415455
3.9,0.9326603190344698,0.004617675207555294
3.9,1.030835089459151,0.004629158414900303
3.9,1.1290098598838316,0.004642583429813385
3.9,1.2271846303085128,0.00465606851503253
3.9,1.325359400733194,0.004651766736060381
3.9,1.423534171157875,0.004668065346777439
3.9,1.5217089415825562,0.004663196392357349
3.9,1.619883712007237,0.004663647618144751
3.9,1.718058482431918,0.004669180605560541
3.9,1.8162332528565992,0.0046534002758562565
3.9,1.9144080232812803,0.004657268058508635
3.9,2.0125827937059615,0.0046461112797260284
3.9,2.110757564130642,0.004638337995857
3.9,2.2089323345553233,0.004632806871086359
3.9,2.3071071049800045,0.0046198307536542416
3.9,2.405281875404685,0.004609168041497469
3.9,2.5034566458293663,0.004593015182763338
3.9,2.6016314162540475,0.004567204043269157
3.9,2.699806186678728,0.004539162386208773
3.9,2.7979809571034093,0.00450914865359664
3.9,2.8961557275280905,0.004464867524802685
3.9,2.9943304979527716,0.004441551864147186
3.9,3.0925052683774528,0.004420902580022812
4.0,-3.0925052683774528,0.004382586572319269
4.0,-2.994330497952771,0.0043651205487549305
4.0,-2.8961557275280905,0.004335613921284676
4.0,-2.7979809571034098,0.004323533270508051
4.0,-2.699806186678728,0.00430336594581604
4.0,-2.6016314162540475,0.004286129958927631
4.0,-2.5034566458293668,0.00426545599475503
4.0,-2.405281875404685,0.004247736185789108
4.0,-2.3071071049800045,0.004240472801029682
4.0,-2.208932334555323,0.00423909118399024
4.0,-2.110757564130642,0.0042322492226958275
4.0,-2.0125827937059615,0.004215967375785112
4.0,-1.9144080232812801,0.004207043908536434
4.0,-1.8162332528565992,0.004192115738987923
4.0,-1.718058482431918,0.004195313435047865
4.0,-1.6198837120072371,0.004193129483610392
4.0,-1.521708941582556,0.00419837748631835
4.0,-1.423534171157875,0.004207060672342777
4.0,-1.325359400733194,0.004205723758786917
4.0,-1.227184630308513,0.004208288621157408
4.0,-1.1290098598838318,0.004204398021101952
4.0,-1.030835089459151,0.004215001128613949
4.0,-0.93266031903447,0.004229788202792406
4.0,-0.8344855486097889,0.004230053164064884
4.0,-0.7363107781851077,0.00423965509980917
4.0,-0.6381360077604266,0.00425722124055028
4.0,-0.5399612373357456,0.0042727915570139885
4.0,-0.4417864669110647,0.004284222144633532
4.0,-0.34361169648638357,0.004305621609091759
4.0,-0.24543692606170264,0.004316230304539204
4.0,-0.14726215563702172,0.004348200745880604
4.0,-0.04908738521234057,0.004358416423201561
4.0,0.04908738521234057,0.004387215245515108
4.0,0.14726215563702172,0.0044119711965322495
4.0,0.24543692606170264,0.004434764385223389
4.0,0.34361169648638357,0.004475608468055725
4.0,0.4417864669110647,0.004508621525019407
4.0,0.5399612373357456,0.004537544678896666
4.0,0.6381360077604266,0.004575949162244797
4.0,0.7363107781851077,0.004600823856890202
4.0,0.8344855486097886,0.004609226249158382
4.0,0.9326603190344698,0.004621230065822601
4.0,1.030835089459151,0.004631648771464825
4.0,1.1290098598838316,0.004644827917218208
4.0,1.2271846303085128,0.004658246412873268
4.0,1.325359400733194,0.004653085954487324
4.0,1.423534171157875,0.0046678208746016026
4.0,1.5217089415825562,0.0046632494777441025
4.0,1.619883712007237,0.004664392676204443
4.0,1.718058482431918,0.004670852329581976
4.0,1.8162332528565992,0.00465696444734931
4.0,1.9144080232812803,0.004661708138883114
4.0,2.0125827937059615,0.004649448208510876
4.0,2.110757564130642,0.004638977814465761
4.0,2.2089323345553233,0.004630585201084614
4.0,2.3071071049800045,0.004619138315320015
4.0,2.405281875404685,0.0046107773669064045
4.0,2.5034566458293663,0.004591191187500954
4.0,2.6016314162540475,0.004560110624879599
4.0,2.699806186678728,0.004526233300566673
4.0,2.7979809571034093,0.004508301615715027
4.0,2.8961557275280905,0.004463528748601675
4.0,2.9943304979527716,0.004437859635800123
4.0,3.0925052683774528,0.004415460862219334
4.1,-3.0925052683774528,0.004385769832879305
4.1,-2.994330497952771,0.004369272850453854
4.1,-2.8961557275280905,0.004338920582085848
4.1,-2.7979809571034098,0.004325152840465307
4.1,-2.699806186678728,0.00430360296741128
4.1,-2.6016314162540475,0.004286530427634716
4.1,-2.5034566458293668,0.004265888594090939
4.1,-2.405281875404685,0.004249944351613522
4.1,-2.3071071049800045,0.004240633919835091
4.1,-2.208932334555323,0.004238234832882881
4.1,-2.110757564130642,0.004230013117194176
4.1,-2.0125827937059615,0.004218324553221464
4.1,-1.9144080232812801,0.0042147329077124596
4.1,-1.8162332528565992,0.004199327901005745
4.1,-1.718058482431918,0.004203057382255793
4.1,-1.6198837120072371,0.004197496455162764
4.1,-1.521708941582556,0.004202554002404213
4.1,-1.423534171157875,0.0042084697633981705
4.1,-1.325359400733194,0.004205640405416489
4.1,-1.227184630308513,0.004210444632917643
4.1,-1.1290098598838318,0.004203487187623978
4.1,-1.030835089459151,0.004212699830532074
4.1,-0.93266031903447,0.004229214042425156
4.1,-0.8344855486097889,0.004234441090375185
4.1,-0.7363107781851077,0.0042428565211594105
4.1,-0.6381360077604266,0.004260970279574394
4.1,-0.5399612373357456,0.004276035353541374
4.1,-0.4417864669110647,0.004287254996597767
4.1,-0.34361169648638357,0.00430599320679903
4.1,-0.24543692606170264,0.004316617734730244
4.1,-0.14726215563702172,0.004349030554294586
4.1,-0.04908738521234057,0.00435866042971611
4.1,0.04908738521234057,0.0043867905624210835
4.1,0.14726215563702172,0.004412494599819183
4.1,0.24543692606170264,0.00443607522174716
4.1,0.34361169648638357,0.004477808251976967
4.1,0.4417864669110647,0.0045106722973287106
4.1,0.5399612373357456,0.004544610157608986
4.1,0.6381360077604266,0.004582000896334648
4.1,0.7363107781851077,0.004606711212545633
4.1,0.8344855486097886,0.004614632576704025
4.1,0.9326603190344698,0.004625605419278145
4.1,1.030835089459151,0.00463523343205452
4.1,1.1290098598838316,0.004646788816899061
4.1,1.2271846303085128,0.004660018254071474
4.1,1.325359400733194,0.004654845222830772
4.1,1.423534171157875,0.004670273512601852
4.1,1.5217089415825562,0.004665466956794262
4.1,1.619883712007237,0.004666258115321398
4.1,1.718058482431918,0.004672320559620857
4.1,1.8162332528565992,0.004657255485653877
4.1,1.9144080232812803,0.00466180732473731
4.1,2.0125827937059615,0.004648854956030846
4.1,2.110757564130642,0.0046387892216444016
4.1,2.2089323345553233,0.004629787057638168
4.1,2.3071071049800045,0.004618227481842041
4.1,2.405281875404685,0.004611174575984478
4.1,2.5034566458293663,0.004590500146150589
4.1,2.6016314162540475,0.004553628154098988
4.1,2.699806186678728,0.0045214309357106686
4.1,2.7979809571034093,0.004505501594394445
4.1,2.8961557275280905,0.004458005540072918
4.1,2.9943304979527716,0.004436481278389692
4.1,3.0925052683774528,0.0044158222153782845
4.2,-3.0925052683774528,0.004381037782877684
4.2,-2.994330497952771,0.004361995030194521
4.2,-2.8961557275280905,0.004330079536885023
4.2,-2.7979809571034098,0.004307147115468979
4.2,-2.699806186678728,0.0042898571118712425
4.2,-2.6016314162540475,0.004277118947356939
4.2,-2.5034566458293668,0.004261875990778208
4.2,-2.405281875404685,0.004240896087139845
4.2,-2.3071071049800045,0.0042343162931501865
4.2,-2.208932334555323,0.0042307330295443535
4.2,-2.110757564130642,0.004224931355565786
4.2,-2.0125827937059615,0.004211646504700184
4.2,-1.9144080232812801,0.0042072744108736515
4.2,-1.8162332528565992,0.004193308297544718
4.2,-1.718058482431918,0.0041962191462516785
4.2,-1.6198837120072371,0.004193166270852089
4.2,-1.521708941582556,0.004197895526885986
4.2,-1.423534171157875,0.004211103543639183
4.2,-1.325359400733194,0.0042074802331626415
4.2,-1.227184630308513,0.004213662818074226
4.2,-1.1290098598838318,0.004211238585412502
4.2,-1.030835089459151,0.004220279864966869
4.2,-0.93266031903447,0.004231258761137724
4.2,-0.8344855486097889,0.004235149826854467
4.2,-0.7363107781851077,0.004243732430040836
4.2,-0.6381360077604266,0.004260323941707611
4.2,-0.5399612373357456,0.004275515675544739
4.2,-0.4417864669110647,0.004286660812795162
4.2,-0.34361169648638357,0.004305623471736908
4.2,-0.24543692606170264,0.004317808896303177
4.2,-0.14726215563702172,0.004353546071797609
4.2,-0.04908738521234057,0.004364426247775555
4.2,0.04908738521234057,0.004394174087792635
4.2,0.14726215563702172,0.004421650897711515
4.2,0.24543692606170264,0.004446607548743486
4.2,0.34361169648638357,0.0044882288202643394
4.2,0.4417864669110647,0.0045164041221141815
4.2,0.5399612373357456,0.004550063982605934
4.2,0.6381360077604266,0.004583496600389481
4.2,0.7363107781851077,0.004607530310750008
4.2,0.8344855486097886,0.004613458178937435
4.2,0.9326603190344698,0.004623573273420334
4.2,1.030835089459151,0.004633727017790079
4.2,1.1290098598838316,0.00464555574581027
4.2,1.2271846303085128,0.0046585737727582455
4.2,1.325359400733194,0.004654242191463709
4.2,1.423534171157875,0.0046693687327206135
4.2,1.5217089415825562,0.004663703963160515
4.2,1.619883712007237,0.0046639759093523026
4.2,1.718058482431918,0.004670504946261644
4.2,1.8162332528565992,0.00465634698048234
4.2,1.9144080232812803,0.004661909304559231
4.2,2.0125827937059615,0.004649739246815443
4.2,2.110757564130642,0.004638753365725279
4.2,2.2089323345553233,0.004628210794180632
4.2,2.3071071049800045,0.004619000945240259
4.2,2.405281875404685,0.004613411147147417
4.2,2.5034566458293663,0.004593103192746639
4.2,2.6016314162540475,0.004561715759336948
4.2,2.699806186678728,0.004537329077720642
4.2,2.7979809571034093,0.004509017337113619
4.2,2.8961557275280905,0.004464606288820505
4.2,2.9943304979527716,0.004439016338437796
4.2,3.0925052683774528,0.00441571231931448
4.3,-3.0925052683774528,0.004367617890238762
4.3,-2.994330497952771,0.0043523130007088184
4.3,-2.8961557275280905,0.004324004519730806
4.3,-2.7979809571034098,0.004306706599891186
4.3,-2.699806186678728,0.004293479956686497
4.3,-2.6016314162540475,0.004277320578694344
4.3,-2.5034566458293668,0.00426182895898819
4.3,-2.405281875404685,0.004243931733071804
4.3,-2.3071071049800045,0.0042341831140220165
4.3,-2.208932334555323,0.004228346049785614
4.3,-2.110757564130642,0.004226609133183956
4.3,-2.0125827937059615,0.004207048565149307
4.3,-1.9144080232812801,0.00419924221932888
4.3,-1.8162332528565992,0.004186283331364393
4.3,-1.718058482431918,0.004189021419733763
4.3,-1.6198837120072371,0.0041832937858998775
4.3,-1.521708941582556,0.004190295469015837
4.3,-1.423534171157875,0.004200372379273176
4.3,-1.325359400733194,0.004202962853014469
4.3,-1.227184630308513,0.004210545215755701
4.3,-1.1290098598838318,0.00420771399512887
4.3,-1.030835089459151,0.00421950314193964
4.3,-0.93266031903447,0.004233988933265209
4.3,-0.8344855486097889,0.004238042049109936
4.3,-0.7363107781851077,0.004245952237397432
4.3,-0.6381360077604266,0.00426322128623724
4.3,-0.5399612373357456,0.004277159459888935
4.3,-0.4417864669110647,0.00428859144449234
4.3,-0.34361169648638357,0.004306281451135874
4.3,-0.24543692606170264,0.00431843101978302
4.3,-0.14726215563702172,0.00435249786823988
4.3,-0.04908738521234057,0.004364166408777237
4.3,0.04908738521234057,0.0043956623412668705
4.3,0.14726215563702172,0.00442433450371027
4.3,0.24543692606170264,0.0044513121247291565
4.3,0.34361169648638357,0.004502885974943638
4.3,0.4417864669110647,0.004518246278166771
4.3,0.5399612373357456,0.004553182981908321
4.3,0.6381360077604266,0.004589152056723833
4.3,0.7363107781851077,0.004608387127518654
4.3,0.8344855486097886,0.004619552753865719
4.3,0.9326603190344698,0.00463206646963954
4.3,1.030835089459151,0.004640394356101751
4.3,1.1290098598838316,0.004651092458516359
4.3,1.2271846303085128,0.004663968458771706
4.3,1.325359400733194,0.004658248275518417
4.3,1.423534171157875,0.004671371076256037
4.3,1.5217089415825562,0.004665715619921684
4.3,1.619883712007237,0.004665841814130545
4.3,1.718058482431918,0.004672019276767969
4.3,1.8162332528565992,0.004659403581172228
4.3,1.9144080232812803,0.004665180575102568
4.3,2.0125827937059615,0.004653510171920061
4.3,2.110757564130642,0.0046423813328146935
4.3,2.2089323345553233,0.0046324217692017555
4.3,2.3071071049800045,0.00462131854146719
4.3,2.405281875404685,0.004611361306160688
4.3,2.5034566458293663,0.004588886629790068
4.3,2.6016314162540475,0.004554068204015493
4.3,2.699806186678728,0.004515076521784067
4.3,2.7979809571034093,0.004491146188229322
4.3,2.8961557275280905,0.004445880651473999
4.3,2.9943304979527716,0.004418203607201576
4.3,3.0925052683774528,0.004395885393023491
4.4,-3.0925052683774528,0.004368210211396217
4.4,-2.994330497952771,0.004351564683020115
4.4,-2.8961557275280905,0.004317793529480696
4.4,-2.7979809571034098,0.004305735230445862
4.4,-2.699806186678728,0.004286494106054306
4.4,-2.6016314162540475,0.004275879822671413
4.4,-2.5034566458293668,0.004259683191776276
4.4,-2.405281875404685,0.00424563093110919
4.4,-2.3071071049800045,0.004240540321916342
4.4,-2.208932334555323,0.00423995777964592
4.4,-2.110757564130642,0.004234136547893286
4.4,-2.0125827937059615,0.004218242131173611
4.4,-1.9144080232812801,0.00421565817669034
4.4,-1.8162332528565992,0.004201738629490137
4.4,-1.718058482431918,0.004201444797217846
4.4,-1.6198837120072371,0.00419565849006176
4.4,-1.521708941582556,0.0041999188251793385
4.4,-1.423534171157875,0.0042061107233166695
4.4,-1.325359400733194,0.004204975441098213
4.4,-1.227184630308513,0.00420783506706357
4.4,-1.1290098598838318,0.004204995464533567
4.4,-1.030835089459151,0.004211286082863808
4.4,-0.93266031903447,0.004221773706376553
4.4,-0.8344855486097889,0.004227014258503914
4.4,-0.7363107781851077,0.0042364574037492275
4.4,-0.6381360077604266,0.004254336468875408
4.4,-0.5399612373357456,0.004269876051694155
4.4,-0.4417864669110647,0.004283402115106583
4.4,-0.34361169648638357,0.004305803216993809
4.4,-0.24543692606170264,0.004324709996581078
4.4,-0.14726215563702172,0.004357137717306614
4.4,-0.04908738521234057,0.004368283785879612
4.4,0.04908738521234057,0.004397813230752945
4.4,0.14726215563702172,0.0044255037792027
4.4,0.24543692606170264,0.004452258814126253
4.4,0.34361169648638357,0.004505043383687735
4.4,0.4417864669110647,0.00452252896502614
4.4,0.5399612373357456,0.004558572545647621
4.4,0.6381360077604266,0.004591428674757481
4.4,0.7363107781851077,0.004613511264324188
4.4,0.8344855486097886,0.004622798878699541
4.4,0.9326603190344698,0.0046345144510269165
4.4,1.030835089459151,0.004644831642508507
4.4,1.1290098598838316,0.004657238721847534
4.4,1.2271846303085128,0.004667448345571756
4.4,1.325359400733194,0.004661044105887413
4.4,1.423534171157875,0.0046748993918299675
4.4,1.5217089415825562,0.004669350106269121
4.4,1.619883712007237,0.004668593872338533
4.4,1.718058482431918,0.004673403687775135
4.4,1.8162332528565992,0.004658754914999008
4.4,1.9144080232812803,0.004662416409701109
4.4,2.0125827937059615,0.004649435169994831
4.4,2.110757564130642,0.004638064652681351
4.4,2.2089323345553233,0.004629088100045919
4.4,2.3071071049800045,0.004616405349224806
4.4,2.405281875404685,0.004606909584254026
4.4,2.5034566458293663,0.0045842439867556095
4.4,2.6016314162540475,0.004550876095890999
4.4,2.699806186678728,0.004516832530498505
4.4,2.7979809571034093,0.004488365259021521
4.4,2.8961557275280905,0.0044449991546571255
4.4,2.9943304979527716,0.004420361015945673
4.4,3.0925052683774528,0.00439890893176198
4.5,-3.0925052683774528,0.004388881381601095
4.5,-2.994330497952771,0.004373075440526009
4.5,-2.8961557275280905,0.004344141576439142
4.5,-2.7979809571034098,0.004330903757363558
4.5,-2.699806186678728,0.0043075205758214
4.5,-2.6016314162540475,0.004290515091270208
4.5,-2.5034566458293668,0.004268920049071312
4.5,-2.405281875404685,0.004250186961144209
4.5,-2.3071071049800045,0.0042394245974719524
4.5,-2.208932334555323,0.004236822947859764
4.5,-2.110757564130642,0.004227211698889732
4.5,-2.0125827937059615,0.004211709834635258
4.5,-1.9144080232812801,0.004206923767924309
4.5,-1.8162332528565992,0.004193272907286882
4.5,-1.718058482431918,0.004195246379822493
4.5,-1.6198837120072371,0.004190066363662481
4.5,-1.521708941582556,0.004192331340163946
4.5,-1.423534171157875,0.0042007723823189735
4.5,-1.325359400733194,0.004197827074676752
4.5,-1.227184630308513,0.0042042662389576435
4.5,-1.1290098598838318,0.004203705117106438
4.5,-1.030835089459151,0.004211772698909044
4.5,-0.93266031903447,0.004224435426294804
4.5,-0.8344855486097889,0.004226760473102331
4.5,-0.7363107781851077,0.004234015010297298
4.5,-0.6381360077604266,0.0042495522648096085
4.5,-0.5399612373357456,0.004263078328222036
4.5,-0.4417864669110647,0.004276054445654154
4.5,-0.34361169648638357,0.0043021561577916145
4.5,-0.24543692606170264,0.004310923162847757
4.5,-0.14726215563702172,0.004349232651293278
4.5,-0.04908738521234057,0.0043611228466033936
4.5,0.04908738521234057,0.004392099566757679
4.5,0.14726215563702172,0.004420422948896885
4.5,0.24543692606170264,0.004448461811989546
4.5,0.34361169648638357,0.004501476418226957
4.5,0.4417864669110647,0.0045175072737038136
4.5,0.5399612373357456,0.004553475882858038
4.5,0.6381360077604266,0.0045850640162825584
4.5,0.7363107781851077,0.004608673043549061
4.5,0.8344855486097886,0.004617677535861731
4.5,0.9326603190344698,0.0046293893828988075
4.5,1.030835089459151,0.004636858589947224
4.5,1.1290098598838316,0.004649817012250423
4.5,1.2271846303085128,0.004662001971155405
4.5,1.325359400733194,0.0046563041396439075
4.5,1.423534171157875,0.004670047201216221
4.5,1.5217089415825562,0.004664273466914892
4.5,1.619883712007237,0.004664113745093346
4.5,1.718058482431918,0.004669378511607647
4.5,1.8162332528565992,0.0046548605896532536
4.5,1.9144080232812803,0.004659258294850588
4.5,2.0125827937059615,0.004647039342671633
4.5,2.110757564130642,0.00463704252615571
4.5,2.2089323345553233,0.004628081806004047
4.5,2.3071071049800045,0.004614035598933697
4.5,2.405281875404685,0.0046027302742004395
4.5,2.5034566458293663,0.004585126414895058
4.5,2.6016314162540475,0.004557694308459759
4.5,2.699806186678728,0.004523586016148329
4.5,2.7979809571034093,0.004507571924477816
4.5,2.8961557275280905,0.004462752025574446
4.5,2.9943304979527716,0.004439640324562788
4.5,3.0925052683774528,0.004418546333909035
4.6,-3.0925052683774528,0.004394508898258209
4.6,-2.994330497952771,0.0043749138712882996
4.6,-2.8961557275280905,0.004341145511716604
4.6,-2.7979809571034098,0.004325482994318008
4.6,-2.699806186678728,0.004303485155105591
4.6,-2.6016314162540475,0.004283607937395573
4.6,-2.5034566458293668,0.004261923022568226
4.6,-2.405281875404685,0.004243126604706049
4.6,-2.3071071049800045,0.004234291147440672
4.6,-2.208932334555323,0.004231263883411884
4.6,-2.110757564130642,0.004220825154334307
4.6,-2.0125827937059615,0.004204769153147936
4.6,-1.9144080232812801,0.004204444587230682
4.6,-1.8162332528565992,0.004193776752799749
4.6,-1.718058482431918,0.0041976324282586575
4.6,-1.6198837120072371,0.0041936966590583324
4.6,-1.521708941582556,0.0042002201080322266
4.6,-1.423534171157875,0.004207504913210869
4.6,-1.325359400733194,0.00420822948217392
4.6,-1.227184630308513,0.004213904030621052
4.6,-1.1290098598838318,0.004211492836475372
4.6,-1.030835089459151,0.004218802787363529
4.6,-0.93266031903447,0.004233516287058592
4.6,-0.8344855486097889,0.004235547035932541
4.6,-0.7363107781851077,0.004241371061652899
4.6,-0.6381360077604266,0.004255965352058411
4.6,-0.5399612373357456,0.004269128665328026
4.6,-0.4417864669110647,0.0042811110615730286
4.6,-0.34361169648638357,0.004303911700844765
4.6,-0.24543692606170264,0.00431030010804534
4.6,-0.14726215563702172,0.004342937842011452
4.6,-0.04908738521234057,0.004352412186563015
4.6,0.04908738521234057,0.0043815444223582745
4.6,0.14726215563702172,0.004408767446875572
4.6,0.24543692606170264,0.004435095004737377
4.6,0.34361169648638357,0.004477486480027437
4.6,0.4417864669110647,0.004509924445301294
4.6,0.5399612373357456,0.0045416634529829025
4.6,0.6381360077604266,0.004576650448143482
4.6,0.7363107781851077,0.004600963089615107
4.6,0.8344855486097886,0.004608997609466314
4.6,0.9326603190344698,0.004619119688868523
4.6,1.030835089459151,0.004630912095308304
4.6,1.1290098598838316,0.004645159002393484
4.6,1.2271846303085128,0.004656274802982807
4.6,1.325359400733194,0.004650296177715063
4.6,1.423534171157875,0.004666107706725597
4.6,1.5217089415825562,0.00466197868809104
4.6,1.619883712007237,0.0046643828973174095
4.6,1.718058482431918,0.0046720909886062145
4.6,1.8162332528565992,0.004660929087549448
4.6,1.9144080232812803,0.004668539389967918
4.6,2.0125827937059615,0.004659716039896011
4.6,2.110757564130642,0.004654431715607643
4.6,2.2089323345553233,0.004646748304367065
4.6,2.3071071049800045,0.00462969858199358
4.6,2.405281875404685,0.0046164956875145435
4.6,2.5034566458293663,0.004601594991981983
4.6,2.6016314162540475,0.00457670446485281
4.6,2.699806186678728,0.004549621604382992
4.6,2.7979809571034093,0.004515477921813726
4.6,2.8961557275280905,0.004476893227547407
4.6,2.9943304979527716,0.004452385939657688
4.6,3.0925052683774528,0.004429335705935955
4.7,-3.0925052683774528,0.004384143278002739
4.7,-2.994330497952771,0.004365498200058937
4.7,-2.8961557275280905,0.004335275385528803
4.7,-2.7979809571034098,0.00431003188714385
4.7,-2.699806186678728,0.004296581260859966
4.7,-2.6016314162540475,0.004282237030565739
4.7,-2.5034566458293668,0.0042668599635362625
4.7,-2.405281875404685,0.0042450749315321445
4.7,-2.3071071049800045,0.0042367978021502495
4.7,-2.208932334555323,0.004234718158841133
4.7,-2.110757564130642,0.004227560944855213
4.7,-2.0125827937059615,0.004214991815388203
4.7,-1.9144080232812801,0.0042134495452046394
4.7,-1.8162332528565992,0.004201910924166441
4.7,-1.718058482431918,0.004204436670988798
4.7,-1.6198837120072371,0.004197366070002317
4.7,-1.521708941582556,0.004197964444756508
4.7,-1.423534171157875,0.004208527039736509
4.7,-1.325359400733194,0.004204298835247755
4.7,-1.227184630308513,0.004210108425468206
4.7,-1.1290098598838318,0.0042066387832164764
4.7,-1.030835089459151,0.00421230960637331
4.7,-0.93266031903447,0.004223323427140713
4.7,-0.8344855486097889,0.00422896770760417
4.7,-0.7363107781851077,0.004235716536641121
4.7,-0.6381360077604266,0.004250801168382168
4.7,-0.5399612373357456,0.0042653195559978485
4.7,-0.4417864669110647,0.004277599044144154
4.7,-0.34361169648638357,0.004300125874578953
4.7,-0.24543692606170264,0.004309127572923899
4.7,-0.14726215563702172,0.004346257075667381
4.7,-0.04908738521234057,0.004357932135462761
4.7,0.04908738521234057,0.0043909624218940735
4.7,0.14726215563702172,0.004419293720275164
4.7,0.24543692606170264,0.0044424827210605145
4.7,0.34361169648638357,0.004481423180550337
4.7,0.4417864669110647,0.004512131214141846
4.7,0.5399612373357456,0.004544536117464304
4.7,0.6381360077604266,0.004581546410918236
4.7,0.7363107781851077,0.0046067265793681145
4.7,0.8344855486097886,0.004614685196429491
4.7,0.9326603190344698,0.004626845009624958
4.7,1.030835089459151,0.0046402160078287125
4.7,1.1290098598838316,0.004653928801417351
4.7,1.2271846303085128,0.004665511194616556
4.7,1.325359400733194,0.004658246412873268
4.7,1.423534171157875,0.004671103321015835
4.7,1.5217089415825562,0.004664775915443897
4.7,1.619883712007237,0.004664567764848471
4.7,1.718058482431918,0.004670487251132727
4.7,1.8162332528565992,0.0046576387248933315
4.7,1.9144080232812803,0.004663265310227871
4.7,2.0125827937059615,0.004653293639421463
4.7,2.110757564130642,0.004646305926144123
4.7,2.2089323345553233,0.004637106321752071
4.7,2.3071071049800045,0.004620400257408619
4.7,2.405281875404685,0.00460364855825901
4.7,2.5034566458293663,0.004585216753184795
4.7,2.6016314162540475,0.004562320187687874
4.7,2.699806186678728,0.004526529926806688
4.7,2.7979809571034093,0.004508055280894041
4.7,2.8961557275280905,0.0044621131382882595
4.7,2.9943304979527716,0.004438237752765417
4.7,3.0925052683774528,0.004417048767209053
4.8,-3.0925052683774528,0.004372163210064173
4.8,-2.994330497952771,0.004356061108410358
4.8,-2.8961557275280905,0.004327715840190649
4.8,-2.7979809571034098,0.004307439550757408
4.8,-2.699806186678728,0.004294312559068203
4.8,-2.6016314162540475,0.004275479819625616
4.8,-2.5034566458293668,0.004255354404449463
4.8,-2.405281875404685,0.0042426204308867455
4.8,-2.3071071049800045,0.004235784988850355
4.8,-2.208932334555323,0.004240110516548157
4.8,-2.110757564130642,0.004229305312037468
4.8,-2.0125827937059615,0.0042193494737148285
4.8,-1.9144080232812801,0.004217036068439484
4.8,-1.8162332528565992,0.004206244833767414
4.8,-1.718058482431918,0.004210833925753832
4.8,-1.6198837120072371,0.0042032781057059765
4.8,-1.521708941582556,0.004204676486551762
4.8,-1.423534171157875,0.004209237638860941
4.8,-1.325359400733194,0.004209273960441351
4.8,-1.227184630308513,0.004211022052913904
4.8,-1.1290098598838318,0.004208231344819069
4.8,-1.030835089459151,0.004216311499476433
4.8,-0.93266031903447,0.004229770973324776
4.8,-0.8344855486097889,0.004239480942487717
4.8,-0.7363107781851077,0.004248214419931173
4.8,-0.6381360077604266,0.004266153555363417
4.8,-0.5399612373357456,0.0042823562398552895
4.8,-0.4417864669110647,0.004293967504054308
4.8,-0.34361169648638357,0.004307636059820652
4.8,-0.24543692606170264,0.004328326787799597
4.8,-0.14726215563702172,0.004354969598352909
4.8,-0.04908738521234057,0.004363814368844032
4.8,0.04908738521234057,0.004391238559037447
4.8,0.14726215563702172,0.00441697845235467
4.8,0.24543692606170264,0.004442395176738501
4.8,0.34361169648638357,0.004484709817916155
4.8,0.4417864669110647,0.004514543805271387
4.8,0.5399612373357456,0.004546414129436016
4.8,0.6381360077604266,0.004581357818096876
4.8,0.7363107781851077,0.004605398513376713
4.8,0.8344855486097886,0.004613248631358147
4.8,0.9326603190344698,0.004625733010470867
4.8,1.030835089459151,0.00463846605271101
4.8,1.1290098598838316,0.00465237395837903
4.8,1.2271846303085128,0.004664422478526831
4.8,1.325359400733194,0.004658272955566645
4.8,1.423534171157875,0.004671995062381029
4.8,1.5217089415825562,0.004666444845497608
4.8,1.619883712007237,0.004666334483772516
4.8,1.718058482431918,0.004672247916460037
4.8,1.8162332528565992,0.004659086465835571
4.8,1.9144080232812803,0.004664617124944925
4.8,2.0125827937059615,0.004655271302908659
4.8,2.110757564130642,0.004645911511033773
4.8,2.2089323345553233,0.0046349503099918365
4.8,2.3071071049800045,0.004617117345333099
4.8,2.405281875404685,0.004602822940796614
4.8,2.5034566458293663,0.004584303125739098
4.8,2.6016314162540475,0.0045570614747703075
4.8,2.699806186678728,0.004515221808105707
4.8,2.7979809571034093,0.004489732440561056
4.8,2.8961557275280905,0.004445931408554316
4.8,2.9943304979527716,0.00442043412476778
4.8,3.0925052683774528,0.004400135017931461
4.9,-3.0925052683774528,0.004392656963318586
4.9,-2.994330497952771,0.004373085219413042
4.9,-2.8961557275280905,0.004340209066867828
4.9,-2.7979809571034098,0.004324638284742832
4.9,-2.699806186678728,0.004302658140659332
4.9,-2.6016314162540475,0.004283597692847252
4.9,-2.5034566458293668,0.004260199144482613
4.9,-2.405281875404685,0.004241656512022018
4.9,-2.3071071049800045,0.004235812928527594
4.9,-2.208932334555323,0.0042342240922153
4.9,-2.110757564130642,0.004228487610816956
4.9,-2.0125827937059615,0.004215403459966183
4.9,-1.9144080232812801,0.004212599713355303
4.9,-1.8162332528565992,0.004201885778456926
4.9,-1.718058482431918,0.00420064153149724
4.9,-1.6198837120072371,0.00419431971386075
4.9,-1.521708941582556,0.004198586102575064
4.9,-1.423534171157875,0.004204587545245886
4.9,-1.325359400733194,0.004204129800200462
4.9,-1.227184630308513,0.004211356397718191
4.9,-1.1290098598838318,0.004207975696772337
4.9,-1.030835089459151,0.004214773885905743
4.9,-0.93266031903447,0.00422872556373477
4.9,-0.8344855486097889,0.004237223416566849
4.9,-0.7363107781851077,0.004244728945195675
4.9,-0.6381360077604266,0.004262171685695648
4.9,-0.5399612373357456,0.004277871455997229
4.9,-0.4417864669110647,0.004290375858545303
4.9,-0.34361169648638357,0.00430657435208559
4.9,-0.24543692606170264,0.004323374945670366
4.9,-0.14726215563702172,0.004350921604782343
4.9,-0.04908738521234057,0.004359571263194084
4.9,0.04908738521234057,0.0043870508670806885
4.9,0.14726215563702172,0.004412323702126741
4.9,0.24543692606170264,0.004435870796442032
4.9,0.34361169648638357,0.0044770934619009495
4.9,0.4417864669110647,0.004508973099291325
4.9,0.5399612373357456,0.004541337490081787
4.9,0.6381360077604266,0.0045769414864480495
4.9,0.7363107781851077,0.004601776134222746
4.9,0.8344855486097886,0.004608867224305868
4.9,0.9326603190344698,0.004619681276381016
4.9,1.030835089459151,0.004630654118955135
4.9,1.1290098598838316,0.0046445769257843494
4.9,1.2271846303085128,0.0046570817939937115
4.9,1.325359400733194,0.0046510216780006886
4.9,1.423534171157875,0.004665521439164877
4.9,1.5217089415825562,0.004659679718315601
4.9,1.619883712007237,0.004660183563828468
4.9,1.718058482431918,0.004666352644562721
4.9,1.8162332528565992,0.004654453136026859
4.9,1.9144080232812803,0.004661587066948414
4.9,2.0125827937059615,0.004653170704841614
4.9,2.110757564130642,0.004647683817893267
4.9,2.2089323345553233,0.004642385058104992
4.9,2.3071071049800045,0.004623909946531057
4.9,2.405281875404685,0.004610396921634674
4.9,2.5034566458293663,0.004596351180225611
4.9,2.6016314162540475,0.004574483726173639
4.9,2.699806186678728,0.00454679736867547
4.9,2.7979809571034093,0.004511854145675898
4.9,2.8961557275280905,0.004474304150789976
4.9,2.9943304979527716,0.004450091160833836
4.9,3.0925052683774528,0.004427196923643351
5.0,-3.0925052683774528,0.004390269052237272
5.0,-2.994330497952771,0.0043704756535589695
5.0,-2.8961557275280905,0.004338521044701338
5.0,-2.7979809571034098,0.004323563538491726
5.0,-2.699806186678728,0.004300862550735474
5.0,-2.6016314162540475,0.004278994165360928
5.0,-2.5034566458293668,0.004258161410689354
5.0,-2.405281875404685,0.004244528710842133
5.0,-2.3071071049800045,0.004239837639033794
5.0,-2.208932334555323,0.004236824810504913
5.0,-2.110757564130642,0.004231547936797142
5.0,-2.0125827937059615,0.004223206080496311
5.0,-1.9144080232812801,0.004219360649585724
5.0,-1.8162332528565992,0.004203622695058584
5.0,-1.718058482431918,0.004203871823847294
5.0,-1.6198837120072371,0.004196127410978079
5.0,-1.521708941582556,0.004199368879199028
5.0,-1.423534171157875,0.004208281636238098
5.0,-1.325359400733194,0.004207951482385397
5.0,-1.227184630308513,0.004216172732412815
5.0,-1.1290098598838318,0.00421536760404706
5.0,-1.030835089459151,0.004222919698804617
5.0,-0.93266031903447,0.0042348881252110004
5.0,-0.8344855486097889,0.004241795279085636
5.0,-0.7363107781851077,0.004251370206475258
5.0,-0.6381360077604266,0.004271436482667923
5.0,-0.5399612373357456,0.004290664568543434
5.0,-0.4417864669110647,0.004304925911128521
5.0,-0.34361169648638357,0.0043157353065907955
5.0,-0.24543692606170264,0.004338388331234455
5.0,-0.14726215563702172,0.004363094922155142
5.0,-0.04908738521234057,0.004371140617877245
5.0,0.04908738521234057,0.004396836273372173
5.0,0.14726215563702172,0.004420659504830837
5.0,0.24543692606170264,0.004441950935870409
5.0,0.34361169648638357,0.004479915369302034
5.0,0.4417864669110647,0.004509436432272196
5.0,0.5399612373357456,0.004537832923233509
5.0,0.6381360077604266,0.004574002232402563
5.0,0.7363107781851077,0.004598245956003666
5.0,0.8344855486097886,0.0046056294813752174
5.0,0.9326603190344698,0.004617488477379084
5.0,1.030835089459151,0.004626655951142311
5.0,1.1290098598838316,0.0046390350908041
5.0,1.2271846303085128,0.004653150215744972
5.0,1.325359400733194,0.00465134484693408
5.0,1.423534171157875,0.004667665343731642
5.0,1.5217089415825562,0.004663283936679363
5.0,1.619883712007237,0.004664888605475426
5.0,1.718058482431918,0.004672117065638304
5.0,1.8162332528565992,0.004661524202674627
5.0,1.9144080232812803,0.004667934495955706
5.0,2.0125827937059615,0.004658575169742107
5.0,2.110757564130642,0.004648960195481777
5.0,2.2089323345553233,0.004637164995074272
5.0,2.3071071049800045,0.004620711784809828
5.0,2.405281875404685,0.004607798531651497
5.0,2.5034566458293663,0.004591714590787888
5.0,2.6016314162540475,0.004564019851386547
5.0,2.699806186678728,0.004538053646683693
5.0,2.7979809571034093,0.004509310238063335
5.0,2.8961557275280905,0.0044662849977612495
5.0,2.9943304979527716,0.0044441563077270985
5.0,3.0925052683774528,0.004422857891768217
5.1,-3.0925052683774528,0.004390420857816935
5.1,-2.994330497952771,0.004372125957161188
5.1,-2.8961557275280905,0.00434074318036437
5.1,-2.7979809571034098,0.004325964022427797
5.1,-2.699806186678728,0.004304590169340372
5.1,-2.6016314162540475,0.004288176540285349
5.1,-2.5034566458293668,0.00426961574703455
5.1,-2.405281875404685,0.0042513771913945675
5.1,-2.3071071049800045,0.004243604373186827
5.1,-2.208932334555323,0.004244400188326836
5.1,-2.110757564130642,0.0042447904124855995
5.1,-2.0125827937059615,0.004227954428642988
5.1,-1.9144080232812801,0.004219922702759504
5.1,-1.8162332528565992,0.004206913057714701
5.1,-1.718058482431918,0.004205411300063133
5.1,-1.6198837120072371,0.004199882969260216
5.1,-1.521708941582556,0.004204201977699995
5.1,-1.423534171157875,0.004214878659695387
5.1,-1.325359400733194,0.0042123557068407536
5.1,-1.227184630308513,0.0042188591323792934
5.1,-1.1290098598838318,0.004218859598040581
5.1,-1.030835089459151,0.004228609148412943
5.1,-0.93266031903447,0.004237797111272812
5.1,-0.8344855486097889,0.00424171844497323
5.1,-0.7363107781851077,0.004248636309057474
5.1,-0.6381360077604266,0.0042640394531190395
5.1,-0.5399612373357456,0.004278129898011684
5.1,-0.4417864669110647,0.004291065502911806
5.1,-0.34361169648638357,0.004306782968342304
5.1,-0.24543692606170264,0.0043245418928563595
5.1,-0.14726215563702172,0.0043516214936971664
5.1,-0.04908738521234057,0.00435991957783699
5.1,0.04908738521234057,0.004387631546705961
5.1,0.14726215563702172,0.004414566792547703
5.1,0.24543692606170264,0.004439722280949354
5.1,0.34361169648638357,0.004481096751987934
5.1,0.4417864669110647,0.004511360544711351
5.1,0.5399612373357456,0.0045431386679410934
5.1,0.6381360077604266,0.004578051157295704
5.1,0.7363107781851077,0.004602028522640467
5.1,0.8344855486097886,0.00460869912058115
5.1,0.9326603190344698,0.004618585109710693
5.1,1.030835089459151,0.004627015441656113
5.1,1.1290098598838316,0.004637468606233597
5.1,1.2271846303085128,0.00464967405423522
5.1,1.325359400733194,0.004646355751901865
5.1,1.423534171157875,0.004662361927330494
5.1,1.5217089415825562,0.004658278077840805
5.1,1.619883712007237,0.00466042710468173
5.1,1.718058482431918,0.004667984787374735
5.1,1.8162332528565992,0.004654316697269678
5.1,1.9144080232812803,0.0046591972932219505
5.1,2.0125827937059615,0.004651779308915138
5.1,2.110757564130642,0.004644306842237711
5.1,2.2089323345553233,0.004635978490114212
5.1,2.3071071049800045,0.004620957188308239
5.1,2.405281875404685,0.004607476759701967
5.1,2.5034566458293663,0.004590694792568684
5.1,2.6016314162540475,0.004567577503621578
5.1,2.699806186678728,0.004540685098618269
5.1,2.7979809571034093,0.004509518854320049
5.1,2.8961557275280905,0.00446706498041749
5.1,2.9943304979527716,0.004443736746907234
5.1,3.0925052683774528,0.004423077683895826
5.2,-3.0925052683774528,0.004387288819998503
5.2,-2.994330497952771,0.004369657952338457
5.2,-2.8961557275280905,0.004338981118053198
5.2,-2.7979809571034098,0.004324802663177252
5.2,-2.699806186678728,0.004302901681512594
5.2,-2.6016314162540475,0.00428354274481535
5.2,-2.5034566458293668,0.00426426250487566
5.2,-2.405281875404685,0.004249287769198418
5.2,-2.3071071049800045,0.004240598529577255
5.2,-2.208932334555323,0.00423622690141201
5.2,-2.110757564130642,0.004236144945025444
5.2,-2.0125827937059615,0.0042188591323792934
5.2,-1.9144080232812801,0.004213915206491947
5.2,-1.8162332528565992,0.004200121853500605
5.2,-1.718058482431918,0.0042005558498203754
5.2,-1.6198837120072371,0.00419411389157176
5.2,-1.521708941582556,0.004198608919978142
5.2,-1.423534171157875,0.004207022022455931
5.2,-1.325359400733194,0.0042044962756335735
5.2,-1.227184630308513,0.0042087482288479805
5.2,-1.1290098598838318,0.0042024580761790276
5.2,-1.030835089459151,0.004211489111185074
5.2,-0.93266031903447,0.004225762560963631
5.2,-0.8344855486097889,0.00423450255766511
5.2,-0.7363107781851077,0.0042417231015861034
5.2,-0.6381360077604266,0.004258355125784874
5.2,-0.5399612373357456,0.004273406229913235
5.2,-0.4417864669110647,0.00428557675331831
5.2,-0.34361169648638357,0.00430498318746686
5.2,-0.24543692606170264,0.004314499907195568
5.2,-0.14726215563702172,0.004346963483840227
5.2,-0.04908738521234057,0.00435598473995924
5.2,0.04908738521234057,0.004383499268442392
5.2,0.14726215563702172,0.004411214496940374
5.2,0.24543692606170264,0.004438163246959448
5.2,0.34361169648638357,0.004481468815356493
5.2,0.4417864669110647,0.00451212003827095
5.2,0.5399612373357456,0.004546251147985458
5.2,0.6381360077604266,0.004584525246173143
5.2,0.7363107781851077,0.004608119372278452
5.2,0.8344855486097886,0.004616676364094019
5.2,0.9326603190344698,0.004627608694136143
5.2,1.030835089459151,0.004636620171368122
5.2,1.1290098598838316,0.004648681730031967
5.2,1.2271846303085128,0.0046604592353105545
5.2,1.325359400733194,0.004655185621231794
5.2,1.423534171157875,0.004668172914534807
5.2,1.5217089415825562,0.0046618334017694
5.2,1.619883712007237,0.004660863429307938
5.2,1.718058482431918,0.004666320979595184
5.2,1.8162332528565992,0.004653099924325943
5.2,1.9144080232812803,0.004660590086132288
5.2,2.0125827937059615,0.004651181399822235
5.2,2.110757564130642,0.004640049301087856
5.2,2.2089323345553233,0.004628355614840984
5.2,2.3071071049800045,0.004617794416844845
5.2,2.405281875404685,0.004608147777616978
5.2,2.5034566458293663,0.004590448923408985
5.2,2.6016314162540475,0.004557209089398384
5.2,2.699806186678728,0.004523415118455887
5.2,2.7979809571034093,0.004506315570324659
5.2,2.8961557275280905,0.0044608949683606625
5.2,2.9943304979527716,0.004439586773514748
5.2,3.0925052683774528,0.004418499767780304
5.3,-3.0925052683774528,0.0043707643635571
5.3,-2.994330497952771,0.004354607779532671
5.3,-2.8961557275280905,0.004326913971453905
5.3,-2.7979809571034098,0.004307440482079983
5.3,-2.699806186678728,0.004295099060982466
5.3,-2.6016314162540475,0.004282171372324228
5.3,-2.5034566458293668,0.004266606643795967
5.3,-2.405281875404685,0.004247983917593956
5.3,-2.3071071049800045,0.004239674657583237
5.3,-2.208932334555323,0.0042331647127866745
5.3,-2.110757564130642,0.004222562536597252
5.3,-2.0125827937059615,0.004212481901049614
5.3,-1.9144080232812801,0.004209648817777634
5.3,-1.8162332528565992,0.00419616000726819
5.3,-1.718058482431918,0.004199082963168621
5.3,-1.6198837120072371,0.004194615874439478
5.3,-1.521708941582556,0.004199930466711521
5.3,-1.423534171157875,0.004206597805023193
5.3,-1.325359400733194,0.004205208737403154
5.3,-1.227184630308513,0.0042106155306100845
5.3,-1.1290098598838318,0.004210254177451134
5.3,-1.030835089459151,0.004215427208691835
5.3,-0.93266031903447,0.004228009842336178
5.3,-0.8344855486097889,0.004235212225466967
5.3,-0.7363107781851077,0.004241099115461111
5.3,-0.6381360077604266,0.004256776999682188
5.3,-0.5399612373357456,0.004271451383829117
5.3,-0.4417864669110647,0.004286305513232946
5.3,-0.34361169648638357,0.004305705893784761
5.3,-0.24543692606170264,0.004322970751672983
5.3,-0.14726215563702172,0.004353667143732309
5.3,-0.04908738521234057,0.004365284461528063
5.3,0.04908738521234057,0.0043958513997495174
5.3,0.14726215563702172,0.004422761034220457
5.3,0.24543692606170264,0.004447062965482473
5.3,0.34361169648638357,0.0044893380254507065
5.3,0.4417864669110647,0.00451450701802969
5.3,0.5399612373357456,0.0045515429228544235
5.3,0.6381360077604266,0.004586383700370789
5.3,0.7363107781851077,0.004609137307852507
5.3,0.8344855486097886,0.004618608858436346
5.3,0.9326603190344698,0.0046309661120176315
5.3,1.030835089459151,0.0046431757509708405
5.3,1.1290098598838316,0.004656516946852207
5.3,1.2271846303085128,0.004667242523282766
5.3,1.325359400733194,0.004660154227167368
5.3,1.423534171157875,0.004672988783568144
5.3,1.5217089415825562,0.004666753578931093
5.3,1.619883712007237,0.0046656131744384766
5.3,1.718058482431918,0.004670330788940191
5.3,1.8162332528565992,0.00465585058555007
5.3,1.9144080232812803,0.004660493228584528
5.3,2.0125827937059615,0.004649213049560785
5.3,2.110757564130642,0.0046376921236515045
5.3,2.2089323345553233,0.004625564441084862
5.3,2.3071071049800045,0.004614281468093395
5.3,2.405281875404685,0.004609358962625265
5.3,2.5034566458293663,0.004585983231663704
5.3,2.6016314162540475,0.0045520951971411705
5.3,2.699806186678728,0.004514617379754782
5.3,2.7979809571034093,0.004490902181714773
5.3,2.8961557275280905,0.004447809886187315
5.3,2.9943304979527716,0.004421931691467762
5.3,3.0925052683774528,0.004400328267365694
5.4,-3.0925052683774528,0.004379857797175646
5.4,-2.994330497952771,0.004361518658697605
5.4,-2.8961557275280905,0.004330452997237444
5.4,-2.7979809571034098,0.00430909963324666
5.4,-2.699806186678728,0.004299655556678772
5.4,-2.6016314162540475,0.00428098626434803
5.4,-2.5034566458293668,0.004260909277945757
5.4,-2.405281875404685,0.004239367786794901
5.4,-2.3071071049800045,0.004229316487908363
5.4,-2.208932334555323,0.004229934886097908
5.4,-2.110757564130642,0.0042296405881643295
5.4,-2.0125827937059615,0.004211565479636192
5.4,-1.9144080232812801,0.004206005018204451
5.4,-1.8162332528565992,0.0041948966681957245
5.4,-1.718058482431918,0.004199141636490822
5.4,-1.6198837120072371,0.00419488875195384
5.4,-1.521708941582556,0.004202568903565407
5.4,-1.423534171157875,0.0042114281095564365
5.4,-1.325359400733194,0.004213144537061453
5.4,-1.227184630308513,0.0042211031541228294
5.4,-1.1290098598838318,0.004214351065456867
5.4,-1.030835089459151,0.004219311289489269
5.4,-0.93266031903447,0.00423361174762249
5.4,-0.8344855486097889,0.004242405761033297
5.4,-0.7363107781851077,0.00425044447183609
5.4,-0.6381360077604266,0.0042701466009020805
5.4,-0.5399612373357456,0.004288106225430965
5.4,-0.4417864669110647,0.004302415996789932
5.4,-0.34361169648638357,0.004312931094318628
5.4,-0.24543692606170264,0.004332325886934996
5.4,-0.14726215563702172,0.004359182436019182
5.4,-0.04908738521234057,0.00436768215149641
5.4,0.04908738521234057,0.004394676070660353
5.4,0.14726215563702172,0.004419111646711826
5.4,0.24543692606170264,0.0044417548924684525
5.4,0.34361169648638357,0.004482154734432697
5.4,0.4417864669110647,0.004511258099228144
5.4,0.5399612373357456,0.0045403046533465385
5.4,0.6381360077604266,0.004575255326926708
5.4,0.7363107781851077,0.004597903694957495
5.4,0.8344855486097886,0.00460481783375144
5.4,0.9326603190344698,0.004615614656358957
5.4,1.030835089459151,0.004628270864486694
5.4,1.1290098598838316,0.004642614163458347
5.4,1.2271846303085128,0.004655272234231234
5.4,1.325359400733194,0.004650003742426634
5.4,1.423534171157875,0.004664984066039324
5.4,1.5217089415825562,0.004659304395318031
5.4,1.619883712007237,0.004659632220864296
5.4,1.718058482431918,0.004665873944759369
5.4,1.8162332528565992,0.004653502255678177
5.4,1.9144080232812803,0.004660436883568764
5.4,2.0125827937059615,0.004649681970477104
5.4,2.110757564130642,0.004642943385988474
5.4,2.2089323345553233,0.004635186400264502
5.4,2.3071071049800045,0.00462180282920599
5.4,2.405281875404685,0.00460904510691762
5.4,2.5034566458293663,0.004592762794345617
5.4,2.6016314162540475,0.004564565606415272
5.4,2.699806186678728,0.004526251927018166
5.4,2.7979809571034093,0.004507346078753471
5.4,2.8961557275280905,0.004459816962480545
5.4,2.9943304979527716,0.004434157628566027
5.4,3.0925052683774528,0.004411795642226934
5.5,-3.0925052683774528,0.0043731811456382275
5.5,-2.994330497952771,0.004356001038104296
5.5,-2.8961557275280905,0.004327860195189714
5.5,-2.7979809571034098,0.004307405557483435
5.5,-2.699806186678728,0.004294854588806629
5.5,-2.6016314162540475,0.004277445841580629
5.5,-2.5034566458293668,0.0042638592422008514
5.5,-2.405281875404685,0.004250684753060341
5.5,-2.3071071049800045,0.0042441110126674175
5.5,-2.208932334555323,0.00423706928268075
5.5,-2.110757564130642,0.004232185427099466
5.5,-2.0125827937059615,0.004215155728161335
5.5,-1.9144080232812801,0.004209753591567278
5.5,-1.8162332528565992,0.004198301583528519
5.5,-1.718058482431918,0.0042000929825007915
5.5,-1.6198837120072371,0.004195225425064564
5.5,-1.521708941582556,0.004201821051537991
5.5,-1.423534171157875,0.004209514241665602
5.5,-1.325359400733194,0.004206789657473564
5.5,-1.227184630308513,0.0042130169458687305
5.5,-1.1290098598838318,0.004207710735499859
5.5,-1.030835089459151,0.004215619061142206
5.5,-0.93266031903447,0.004231404513120651
5.5,-0.8344855486097889,0.00423411512747407
5.5,-0.7363107781851077,0.004242457449436188
5.5,-0.6381360077604266,0.0042604710906744
5.5,-0.5399612373357456,0.004276871681213379
5.5,-0.4417864669110647,0.004291274584829807
5.5,-0.34361169648638357,0.00430702418088913
5.5,-0.24543692606170264,0.004328942392021418
5.5,-0.14726215563702172,0.0043599726632237434
5.5,-0.04908738521234057,0.004370676353573799
5.5,0.04908738521234057,0.004401375073939562
5.5,0.14726215563702172,0.004427636042237282
5.5,0.24543692606170264,0.004451582208275795
5.5,0.34361169648638357,0.004501487128436565
5.5,0.4417864669110647,0.004516287706792355
5.5,0.5399612373357456,0.004550657235085964
5.5,0.6381360077604266,0.004584611859172583
5.5,0.7363107781851077,0.004608067683875561
5.5,0.8344855486097886,0.004616067744791508
5.5,0.9326603190344698,0.004626373760402203
5.5,1.030835089459151,0.004638429265469313
5.5,1.1290098598838316,0.004652159754186869
5.5,1.2271846303085128,0.004662428051233292
5.5,1.325359400733194,0.00465517770498991
5.5,1.423534171157875,0.004668503534048796
5.5,1.5217089415825562,0.004662645980715752
5.5,1.619883712007237,0.004662081133574247
5.5,1.718058482431918,0.004667783156037331
5.5,1.8162332528565992,0.0046545411460101604
5.5,1.9144080232812803,0.004660010803490877
5.5,2.0125827937059615,0.0046518174931406975
5.5,2.110757564130642,0.004645591601729393
5.5,2.2089323345553233,0.004638102371245623
5.5,2.3071071049800045,0.0046234773471951485
5.5,2.405281875404685,0.0046081990003585815
5.5,2.5034566458293663,0.004590567201375961
5.5,2.6016314162540475,0.004566268529742956
5.5,2.699806186678728,0.00452761584892869
5.5,2.7979809571034093,0.004507164005190134
5.5,2.8961557275280905,0.004455380141735077
5.5,2.9943304979527716,0.004426830448210239
5.5,3.0925052683774528,0.004404115490615368
5.6,-3.0925052683774528,0.004375325050204992
5.6,-2.994330497952771,0.004359832499176264
5.6,-2.8961557275280905,0.00433309143409133
5.6,-2.7979809571034098,0.004310032818466425
5.6,-2.699806186678728,0.004298611078411341
5.6,-2.6016314162540475,0.004281713627278805
5.6,-2.5034566458293668,0.00426532281562686
5.6,-2.405281875404685,0.004251766949892044
5.6,-2.3071071049800045,0.004243541043251753
5.6,-2.208932334555323,0.004237593151628971
5.6,-2.110757564130642,0.004225951619446278
5.6,-2.0125827937059615,0.004212695639580488
5.6,-1.9144080232812801,0.004211948253214359
5.6,-1.8162332528565992,0.004197161179035902
5.6,-1.718058482431918,0.004195979330688715
5.6,-1.6198837120072371,0.00419131712988019
5.6,-1.521708941582556,0.0041986312717199326
5.6,-1.423534171157875,0.004209170117974281
5.6,-1.325359400733194,0.004207591060549021
5.6,-1.227184630308513,0.004215063992887735
5.6,-1.1290098598838318,0.004210472572594881
5.6,-1.030835089459151,0.004216070286929607
5.6,-0.93266031903447,0.004227981436997652
5.6,-0.8344855486097889,0.004233409184962511
5.6,-0.7363107781851077,0.004240565001964569
5.6,-0.6381360077604266,0.00425737164914608
5.6,-0.5399612373357456,0.004272023681551218
5.6,-0.4417864669110647,0.004287718329578638
5.6,-0.34361169648638357,0.004306034650653601
5.6,-0.24543692606170264,0.004324042703956366
5.6,-0.14726215563702172,0.00435410812497139
5.6,-0.04908738521234057,0.00436415895819664
5.6,0.04908738521234057,0.004392491187900305
5.6,0.14726215563702172,0.00441772723570466
5.6,0.24543692606170264,0.004441974684596062
5.6,0.34361169648638357,0.004484249744564295
5.6,0.4417864669110647,0.004514771979302168
5.6,0.5399612373357456,0.004547751508653164
5.6,0.6381360077604266,0.004584209527820349
5.6,0.7363107781851077,0.0046089994721114635
5.6,0.8344855486097886,0.004616349469870329
5.6,0.9326603190344698,0.00462645199149847
5.6,1.030835089459151,0.00463976850733161
5.6,1.1290098598838316,0.0046532051637768745
5.6,1.2271846303085128,0.0046632904559373856
5.6,1.325359400733194,0.004656137432903051
5.6,1.423534171157875,0.0046702115796506405
5.6,1.5217089415825562,0.004664579406380653
5.6,1.619883712007237,0.004664247389882803
5.6,1.718058482431918,0.004669511690735817
5.6,1.8162332528565992,0.0046560559421777725
5.6,1.9144080232812803,0.004661279264837503
5.6,2.0125827937059615,0.0046513136476278305
5.6,2.110757564130642,0.004640177823603153
5.6,2.2089323345553233,0.00462971068918705
5.6,2.3071071049800045,0.004617476370185614
5.6,2.405281875404685,0.004605088848620653
5.6,2.5034566458293663,0.004587668925523758
5.6,2.6016314162540475,0.004553544335067272
5.6,2.699806186678728,0.0045221359468996525
5.6,2.7979809571034093,0.004505441058427095
5.6,2.8961557275280905,0.004453711211681366
5.6,2.9943304979527716,0.004427172243595123
5.6,3.0925052683774528,0.004405285697430372
5.7,-3.0925052683774528,0.0043734111823141575
5.7,-2.994330497952771,0.004358640871942043
5.7,-2.8961557275280905,0.004332790616899729
5.7,-2.7979809571034098,0.004313130863010883
5.7,-2.699806186678728,0.004299182910472155
5.7,-2.6016314162540475,0.004281903617084026
5.7,-2.5034566458293668,0.004266580566763878
5.7,-2.405281875404685,0.0042549800127744675
5.7,-2.3071071049800045,0.004248542711138725
5.7,-2.208932334555323,0.004246791359037161
5.7,-2.110757564130642,0.0042365482077002525
5.7,-2.0125827937059615,0.004219776019454002
5.7,-1.9144080232812801,0.0042177531868219376
5.7,-1.8162332528565992,0.004201816860586405
5.7,-1.718058482431918,0.004202725365757942
5.7,-1.6198837120072371,0.004195538815110922
5.7,-1.521708941582556,0.004197839181870222
5.7,-1.423534171157875,0.004206500947475433
5.7,-1.325359400733194,0.004206047859042883
5.7,-1.227184630308513,0.004211552906781435
5.7,-1.1290098598838318,0.004211056046187878
5.7,-1.030835089459151,0.00421789288520813
5.7,-0.93266031903447,0.004229477606713772
5.7,-0.8344855486097889,0.004235471598803997
5.7,-0.7363107781851077,0.004242552910000086
5.7,-0.6381360077604266,0.004260343499481678
5.7,-0.5399612373357456,0.0042769769206643105
5.7,-0.4417864669110647,0.004291779361665249
5.7,-0.34361169648638357,0.004306867718696594
5.7,-0.24543692606170264,0.004326886963099241
5.7,-0.14726215563702172,0.004355404991656542
5.7,-0.04908738521234057,0.004364268388599157
5.7,0.04908738521234057,0.004391589667648077
5.7,0.14726215563702172,0.00441674143075943
5.7,0.24543692606170264,0.004441102501004934
5.7,0.34361169648638357,0.004483228083699942
5.7,0.4417864669110647,0.0045150392688810825
5.7,0.5399612373357456,0.004549549892544746
5.7,0.6381360077604266,0.004585298243910074
5.7,0.7363107781851077,0.004610324744135141
5.7,0.8344855486097886,0.004619660787284374
5.7,0.9326603190344698,0.0046312808990478516
5.7,1.030835089459151,0.004640174563974142
5.7,1.1290098598838316,0.00465245870873332
5.7,1.2271846303085128,0.004664179403334856
5.7,1.325359400733194,0.004657446872442961
5.7,1.423534171157875,0.004670922178775072
5.7,1.5217089415825562,0.004664797335863113
5.7,1.619883712007237,0.004663224797695875
5.7,1.718058482431918,0.00466716755181551
5.7,1.8162332528565992,0.004650982096791267
5.7,1.9144080232812803,0.004654918797314167
5.7,2.0125827937059615,0.004641995765268803
5.7,2.110757564130642,0.0046304925344884396
5.7,2.2089323345553233,0.004621597938239574
5.7,2.3071071049800045,0.004609925672411919
5.7,2.405281875404685,0.0046007693745195866
5.7,2.5034566458293663,0.0045804171822965145
5.7,2.6016314162540475,0.0045461226254701614
5.7,2.699806186678728,0.004516831133514643
5.7,2.7979809571034093,0.004491160158067942
5.7,2.8961557275280905,0.004449369851499796
5.7,2.9943304979527716,0.004423691425472498
5.7,3.0925052683774528,0.004402077756822109
5.8,-3.0925052683774528,0.004375062417238951
5.8,-2.994330497952771,0.004358308855444193
5.8,-2.8961557275280905,0.004329910036176443
5.8,-2.7979809571034098,0.004308668896555901
5.8,-2.699806186678728,0.004292146302759647
5.8,-2.6016314162540475,0.004272001795470715
5.8,-2.5034566458293668,0.004255121573805809
5.8,-2.405281875404685,0.004241586197167635
5.8,-2.3071071049800045,0.004235663451254368
5.8,-2.208932334555323,0.004232761915773153
5.8,-2.110757564130642,0.004225689917802811
5.8,-2.0125827937059615,0.0042112828232347965
5.8,-1.9144080232812801,0.004211502615362406
5.8,-1.8162332528565992,0.0041984678246080875
5.8,-1.718058482431918,0.0042003486305475235
5.8,-1.6198837120072371,0.004196083173155785
5.8,-1.521708941582556,0.0042021023109555244
5.8,-1.423534171157875,0.004212655127048492
5.8,-1.325359400733194,0.004213897977024317
5.8,-1.227184630308513,0.0042212242260575294
5.8,-1.1290098598838318,0.004220280330628157
5.8,-1.030835089459151,0.004229416139423847
5.8,-0.93266031903447,0.004241207614541054
5.8,-0.8344855486097889,0.004245251417160034
5.8,-0.7363107781851077,0.004251723177731037
5.8,-0.6381360077604266,0.00426960363984108
5.8,-0.5399612373357456,0.0042854733765125275
5.8,-0.4417864669110647,0.004298998508602381
5.8,-0.34361169648638357,0.004309532698243856
5.8,-0.24543692606170264,0.0043303645215928555
5.8,-0.14726215563702172,0.004356675781309605
5.8,-0.04908738521234057,0.0043657273054122925
5.8,0.04908738521234057,0.004394371062517166
5.8,0.14726215563702172,0.004420717712491751
5.8,0.24543692606170264,0.0044448403641581535
5.8,0.34361169648638357,0.004486484453082085
5.8,0.4417864669110647,0.004516681656241417
5.8,0.5399612373357456,0.004550329875200987
5.8,0.6381360077604266,0.00458377692848444
5.8,0.7363107781851077,0.004604480694979429
5.8,0.8344855486097886,0.0046106744557619095
5.8,0.9326603190344698,0.004622537177056074
5.8,1.030835089459151,0.00463140569627285
5.8,1.1290098598838316,0.004642335698008537
5.8,1.2271846303085128,0.004655016586184502
5.8,1.325359400733194,0.00465075857937336
5.8,1.423534171157875,0.004666514229029417
5.8,1.5217089415825562,0.00466095982119441
5.8,1.619883712007237,0.004660787060856819
5.8,1.718058482431918,0.0046663847751915455
5.8,1.8162332528565992,0.004652905743569136
5.8,1.9144080232812803,0.004658303689211607
5.8,2.0125827937059615,0.004645225591957569
5.8,2.110757564130642,0.0046363105066120625
5.8,2.2089323345553233,0.004628539085388184
5.8,2.3071071049800045,0.004613141063600779
5.8,2.405281875404685,0.004599401261657476
5.8,2.5034566458293663,0.004583408124744892
5.8,2.6016314162540475,0.004553960636258125
5.8,2.699806186678728,0.00451694056391716
5.8,2.7979809571034093,0.004501987714320421
5.8,2.8961557275280905,0.004452194087207317
5.8,2.9943304979527716,0.00442629074677825
5.8,3.0925052683774528,0.0044054193422198296
5.9,-3.0925052683774528,0.004380700644105673
5.9,-2.994330497952771,0.004361281171441078
5.9,-2.8961557275280905,0.004329900722950697
5.9,-2.7979809571034098,0.004306943621486425
5.9,-2.699806186678728,0.004289634060114622
5.9,-2.6016314162540475,0.004269781522452831
5.9,-2.5034566458293668,0.004252197220921516
5.9,-2.405281875404685,0.00423781992867589
5.9,-2.3071071049800045,0.004231191705912352
5.9,-2.208932334555323,0.004229940474033356
5.9,-2.110757564130642,0.0042201317846775055
5.9,-2.0125827937059615,0.004203820135444403
5.9,-1.9144080232812801,0.004198924172669649
5.9,-1.8162332528565992,0.00418534642085433
5.9,-1.718058482431918,0.004188194405287504
5.9,-1.6198837120072371,0.004185123834758997
5.9,-1.521708941582556,0.004193456843495369
5.9,-1.423534171157875,0.004206477664411068
5.9,-1.325359400733194,0.004205223638564348
5.9,-1.227184630308513,0.004213377367705107
5.9,-1.1290098598838318,0.004218318033963442
5.9,-1.030835089459151,0.0042264945805072784
5.9,-0.93266031903447,0.0042415400967001915
5.9,-0.8344855486097889,0.004244907759130001
5.9,-0.7363107781851077,0.004252980463206768
5.9,-0.6381360077604266,0.004272112622857094
5.9,-0.5399612373357456,0.0042876144871115685
5.9,-0.4417864669110647,0.004299335181713104
5.9,-0.34361169648638357,0.004309389274567366
5.9,-0.24543692606170264,0.00432911142706871
5.9,-0.14726215563702172,0.004354586359113455
5.9,-0.04908738521234057,0.004362300969660282
5.9,0.04908738521234057,0.004387798719108105
5.9,0.14726215563702172,0.004412679933011532
5.9,0.24543692606170264,0.004435278009623289
5.9,0.34361169648638357,0.004474296234548092
5.9,0.4417864669110647,0.004507130011916161
5.9,0.5399612373357456,0.004537798464298248
5.9,0.6381360077604266,0.00457250839099288
5.9,0.7363107781851077,0.004594538826495409
5.9,0.8344855486097886,0.004604674410074949
5.9,0.9326603190344698,0.004617052152752876
5.9,1.030835089459151,0.004625899251550436
5.9,1.1290098598838316,0.004638822749257088
5.9,1.2271846303085128,0.004653629846870899
5.9,1.325359400733194,0.004651819821447134
5.9,1.423534171157875,0.00466901995241642
5.9,1.5217089415825562,0.004665141925215721
5.9,1.619883712007237,0.004667931701987982
5.9,1.718058482431918,0.004676203243434429
5.9,1.8162332528565992,0.004665653221309185
5.9,1.9144080232812803,0.0046725161373615265
5.9,2.0125827937059615,0.00466300081461668
5.9,2.110757564130642,0.004655386786907911
5.9,2.2089323345553233,0.004648772068321705
5.9,2.3071071049800045,0.004634211305528879
5.9,2.405281875404685,0.004620392806828022
5.9,2.5034566458293663,0.004603990353643894
5.9,2.6016314162540475,0.004579623695462942
5.9,2.699806186678728,0.004550544545054436
5.9,2.7979809571034093,0.004514589905738831
5.9,2.8961557275280905,0.004470366518944502
5.9,2.9943304979527716,0.004440386313945055
5.9,3.0925052683774528,0.0044164592400193214
6.0,-3.0925052683774528,0.0043837279081344604
6.0,-2.994330497952771,0.004364502150565386
6.0,-2.8961557275280905,0.004333131015300751
6.0,-2.7979809571034098,0.004308769945055246
6.0,-2.699806186678728,0.004292233847081661
6.0,-2.6016314162540475,0.0042731440626084805
6.0,-2.5034566458293668,0.004255176521837711
6.0,-2.405281875404685,0.004240673966705799
6.0,-2.3071071049800045,0.004234734922647476
6.0,-2.208932334555323,0.004232645034790039
6.0,-2.110757564130642,0.004221110604703426
6.0,-2.0125827937059615,0.004206685349345207
6.0,-1.9144080232812801,0.0042074937373399734
6.0,-1.8162332528565992,0.0041952733881771564
6.0,-1.718058482431918,0.004196634981781244
6.0,-1.6198837120072371,0.004191409796476364
6.0,-1.521708941582556,0.004196555819362402
6.0,-1.423534171157875,0.0042051649652421474
6.0,-1.325359400733194,0.004205617588013411
6.0,-1.227184630308513,0.004210161976516247
6.0,-1.1290098598838318,0.004209859296679497
6.0,-1.030835089459151,0.004216226749122143
6.0,-0.93266031903447,0.00422814954072237
6.0,-0.8344855486097889,0.004234051797538996
6.0,-0.7363107781851077,0.004240463022142649
6.0,-0.6381360077604266,0.004255813546478748
6.0,-0.5399612373357456,0.00426975404843688
6.0,-0.4417864669110647,0.004282746464014053
6.0,-0.34361169648638357,0.004304392263293266
6.0,-0.24543692606170264,0.0043135834857821465
6.0,-0.14726215563702172,0.004347226116806269
6.0,-0.04908738521234057,0.0043581752106547356
6.0,0.04908738521234057,0.004388400819152594
6.0,0.14726215563702172,0.004416672047227621
6.0,0.24543692606170264,0.004444202873855829
6.0,0.34361169648638357,0.004487959668040276
6.0,0.4417864669110647,0.004516823682934046
6.0,0.5399612373357456,0.0045507545582950115
6.0,0.6381360077604266,0.004586099646985531
6.0,0.7363107781851077,0.004609979223459959
6.0,0.8344855486097886,0.004616477061063051
6.0,0.9326603190344698,0.004627239890396595
6.0,1.030835089459151,0.004633392207324505
6.0,1.1290098598838316,0.0046426537446677685
6.0,1.2271846303085128,0.004655181430280209
6.0,1.325359400733194,0.004651493858546019
6.0,1.423534171157875,0.004667452070862055
6.0,1.5217089415825562,0.004663420841097832
6.0,1.619883712007237,0.0046653528697788715
6.0,1.718058482431918,0.004672493785619736
6.0,1.8162332528565992,0.004659002181142569
6.0,1.9144080232812803,0.004665148910135031
6.0,2.0125827937059615,0.004655591677874327
6.0,2.110757564130642,0.004646373447030783
6.0,2.2089323345553233,0.004638227634131908
6.0,2.3071071049800045,0.0046225860714912415
6.0,2.405281875404685,0.004607413429766893
6.0,2.5034566458293663,0.0045920503325760365
6.0,2.6016314162540475,0.0045675430446863174
6.0,2.699806186678728,0.004540775902569294
6.0,2.7979809571034093,0.004510429687798023
6.0,2.8961557275280905,0.004466378595679998
6.0,2.9943304979527716,0.004439604002982378
6.0,3.0925052683774528,0.004417341202497482
6.1,-3.0925052683774528,0.004370935261249542
6.1,-2.994330497952771,0.004354867152869701
6.1,-2.8961557275280905,0.004325945395976305
6.1,-2.7979809571034098,0.004306919872760773
6.1,-2.699806186678728,0.004292403347790241
6.1,-2.6016314162540475,0.004274125210940838
6.1,-2.5034566458293668,0.004257341381162405
6.1,-2.405281875404685,0.004242910537868738
6.1,-2.3071071049800045,0.004237070679664612
6.1,-2.208932334555323,0.004234912805259228
6.1,-2.110757564130642,0.004225233569741249
6.1,-2.0125827937059615,0.004209521692246199
6.1,-1.9144080232812801,0.004209922160953283
6.1,-1.8162332528565992,0.004199142102152109
6.1,-1.718058482431918,0.0042012655176222324
6.1,-1.6198837120072371,0.00419658375903964
6.1,-1.521708941582556,0.0042006573639810085
6.1,-1.423534171157875,0.004208456724882126
6.1,-1.325359400733194,0.004209271166473627
6.1,-1.227184630308513,0.00421486422419548
6.1,-1.1290098598838318,0.004209044389426708
6.1,-1.030835089459151,0.004213827662169933
6.1,-0.93266031903447,0.004227068740874529
6.1,-0.8344855486097889,0.004233877640217543
6.1,-0.7363107781851077,0.004240980371832848
6.1,-0.6381360077604266,0.004257485270500183
6.1,-0.5399612373357456,0.004273281432688236
6.1,-0.4417864669110647,0.00428706593811512
6.1,-0.34361169648638357,0.004305775742977858
6.1,-0.24543692606170264,0.004317734856158495
6.1,-0.14726215563702172,0.0043517849408090115
6.1,-0.04908738521234057,0.004362065810710192
6.1,0.04908738521234057,0.004393237177282572
6.1,0.14726215563702172,0.004421982914209366
6.1,0.24543692606170264,0.004448296036571264
6.1,0.34361169648638357,0.004500315058976412
6.1,0.4417864669110647,0.004516793880611658
6.1,0.5399612373357456,0.004551946185529232
6.1,0.6381360077604266,0.0045868465676903725
6.1,0.7363107781851077,0.00460954150184989
6.1,0.8344855486097886,0.004618106875568628
6.1,0.9326603190344698,0.004629325121641159
6.1,1.030835089459151,0.0046380325220525265
6.1,1.1290098598838316,0.004647702444344759
6.1,1.2271846303085128,0.004659097176045179
6.1,1.325359400733194,0.004654758144170046
6.1,1.423534171157875,0.004668992944061756
6.1,1.5217089415825562,0.004663827829062939
6.1,1.619883712007237,0.004664385225623846
6.1,1.718058482431918,0.004670653026551008
6.1,1.8162332528565992,0.004656515549868345
6.1,1.9144080232812803,0.004661509767174721
6.1,2.0125827937059615,0.004649137146770954
6.1,2.110757564130642,0.00463880505412817
6.1,2.2089323345553233,0.004628296941518784
6.1,2.3071071049800045,0.004615772515535355
6.1,2.405281875404685,0.00460871821269393
6.1,2.5034566458293663,0.004585003945976496
6.1,2.6016314162540475,0.0045501310378313065
6.1,2.699806186678728,0.004515398293733597
6.1,2.7979809571034093,0.0044850753620266914
6.1,2.8961557275280905,0.004442923236638308
6.1,2.9943304979527716,0.004418891854584217
6.1,3.0925052683774528,0.004398911260068417
6.2,-3.0925052683774528,0.004380654077976942
6.2,-2.994330497952771,0.004364566411823034
6.2,-2.8961557275280905,0.004335195757448673
6.2,-2.7979809571034098,0.004321703687310219
6.2,-2.699806186678728,0.004301609471440315
6.2,-2.6016314162540475,0.004278184846043587
6.2,-2.5034566458293668,0.0042596058920025826
6.2,-2.405281875404685,0.004245367832481861
6.2,-2.3071071049800045,0.004235944245010614
6.2,-2.208932334555323,0.004233257379382849
6.2,-2.110757564130642,0.004221615381538868
6.2,-2.0125827937059615,0.004206474870443344
6.2,-1.9144080232812801,0.004206658806651831
6.2,-1.8162332528565992,0.004194736480712891
6.2,-1.718058482431918,0.004198094829916954
6.2,-1.6198837120072371,0.004194153007119894
6.2,-1.521708941582556,0.004200030118227005
6.2,-1.423534171157875,0.004210669081658125
6.2,-1.325359400733194,0.004211454186588526
6.2,-1.227184630308513,0.0042192223481833935
6.2,-1.1290098598838318,0.004219880327582359
6.2,-1.030835089459151,0.004231095314025879
6.2,-0.93266031903447,0.004243950359523296
6.2,-0.8344855486097889,0.004246354568749666
6.2,-0.7363107781851077,0.004254449624568224
6.2,-0.6381360077604266,0.004271457903087139
6.2,-0.5399612373357456,0.004286922514438629
6.2,-0.4417864669110647,0.004300345201045275
6.2,-0.34361169648638357,0.004309555981308222
6.2,-0.24543692606170264,0.004329923074692488
6.2,-0.14726215563702172,0.004356392193585634
6.2,-0.04908738521234057,0.004365311004221439
6.2,0.04908738521234057,0.004392577335238457
6.2,0.14726215563702172,0.0044180783443152905
6.2,0.24543692606170264,0.004440973978489637
6.2,0.34361169648638357,0.004480649251490831
6.2,0.4417864669110647,0.004512112122029066
6.2,0.5399612373357456,0.004546164069324732
6.2,0.6381360077604266,0.0045828381553292274
6.2,0.7363107781851077,0.004607050213962793
6.2,0.8344855486097886,0.0046150884591042995
6.2,0.9326603190344698,0.004626258742064238
6.2,1.030835089459151,0.0046380022540688515
6.2,1.1290098598838316,0.004651131574064493
6.2,1.2271846303085128,0.004662216641008854
6.2,1.325359400733194,0.004656197968870401
6.2,1.423534171157875,0.00467034662142396
6.2,1.5217089415825562,0.004664545878767967
6.2,1.619883712007237,0.004664157051593065
6.2,1.718058482431918,0.004669773858040571
6.2,1.8162332528565992,0.00465582637116313
6.2,1.9144080232812803,0.004660925827920437
6.2,2.0125827937059615,0.004647963680326939
6.2,2.110757564130642,0.004636997357010841
6.2,2.2089323345553233,0.004626157693564892
6.2,2.3071071049800045,0.004614912439137697
6.2,2.405281875404685,0.004608604591339827
6.2,2.5034566458293663,0.004589344374835491
6.2,2.6016314162540475,0.004555923398584127
6.2,2.699806186678728,0.004522539209574461
6.2,2.7979809571034093,0.0045054298825562
6.2,2.8961557275280905,0.0044546728022396564
6.2,2.9943304979527716,0.0044305212795734406
6.2,3.0925052683774528,0.004410034976899624
6.3,-3.0925052683774528,0.0043778433464467525
6.3,-2.994330497952771,0.004361398983746767
6.3,-2.8961557275280905,0.0043318066745996475
6.3,-2.7979809571034098,0.004309609066694975
6.3,-2.699806186678728,0.004299279302358627
6.3,-2.6016314162540475,0.004281402565538883
6.3,-2.5034566458293668,0.004264017567038536
6.3,-2.405281875404685,0.004247891250997782
6.3,-2.3071071049800045,0.004238245077431202
6.3,-2.208932334555323,0.004235680680721998
6.3,-2.110757564130642,0.004222853109240532
6.3,-2.0125827937059615,0.004208097700029612
6.3,-1.9144080232812801,0.004206937737762928
6.3,-1.8162332528565992,0.00419272156432271
6.3,-1.718058482431918,0.004194627515971661
6.3,-1.6198837120072371,0.004190185572952032
6.3,-1.521708941582556,0.00419640215113759
6.3,-1.423534171157875,0.004208844155073166
6.3,-1.325359400733194,0.004210582468658686
6.3,-1.227184630308513,0.004221526440232992
6.3,-1.1290098598838318,0.0042234258726239204
6.3,-1.030835089459151,0.004237988963723183
6.3,-0.93266031903447,0.004247916862368584
6.3,-0.8344855486097889,0.0042494917288422585
6.3,-0.7363107781851077,0.004255506210029125
6.3,-0.6381360077604266,0.004274455830454826
6.3,-0.5399612373357456,0.004289967939257622
6.3,-0.4417864669110647,0.004304119851440191
6.3,-0.34361169648638357,0.004323805682361126
6.3,-0.24543692606170264,0.004334940575063229
6.3,-0.14726215563702172,0.004362851846963167
6.3,-0.04908738521234057,0.004372444935142994
6.3,0.04908738521234057,0.004401091020554304
6.3,0.14726215563702172,0.004426819738000631
6.3,0.24543692606170264,0.0044483402743935585
6.3,0.34361169648638357,0.0044884891249239445
6.3,0.4417864669110647,0.004515985492616892
6.3,0.5399612373357456,0.004546680487692356
6.3,0.6381360077604266,0.004581346642225981
6.3,0.7363107781851077,0.004602867644280195
6.3,0.8344855486097886,0.004609508905559778
6.3,0.9326603190344698,0.004618887789547443
6.3,1.030835089459151,0.004628520458936691
6.3,1.1290098598838316,0.004640541039407253
6.3,1.2271846303085128,0.004652783740311861
6.3,1.325359400733194,0.004648148547858
6.3,1.423534171157875,0.004663994535803795
6.3,1.5217089415825562,0.004659741185605526
6.3,1.619883712007237,0.004662106279283762
6.3,1.718058482431918,0.004669671878218651
6.3,1.8162332528565992,0.004658156540244818
6.3,1.9144080232812803,0.004663261119276285
6.3,2.0125827937059615,0.004652136005461216
6.3,2.110757564130642,0.004639496095478535
6.3,2.2089323345553233,0.004629089497029781
6.3,2.3071071049800045,0.00461815157905221
6.3,2.405281875404685,0.004606556612998247
6.3,2.5034566458293663,0.0045863306149840355
6.3,2.6016314162540475,0.004550368059426546
6.3,2.699806186678728,0.00451636454090476
6.3,2.7979809571034093,0.004501431714743376
6.3,2.8961557275280905,0.004451936576515436
6.3,2.9943304979527716,0.004428253974765539
6.3,3.0925052683774528,0.0044072652235627174
6.4,-3.0925052683774528,0.004379486199468374
6.4,-2.994330497952771,0.0043625072576105595
6.4,-2.8961557275280905,0.004333404824137688
6.4,-2.7979809571034098,0.0043094162829220295
6.4,-2.699806186678728,0.004294315353035927
6.4,-2.6016314162540475,0.004277190193533897
6.4,-2.5034566458293668,0.0042597404681146145
6.4,-2.405281875404685,0.00423920014873147
6.4,-2.3071071049800045,0.00422926340252161
6.4,-2.208932334555323,0.004226262215524912
6.4,-2.110757564130642,0.004215213470160961
6.4,-2.0125827937059615,0.004198621958494186
6.4,-1.9144080232812801,0.004198846872895956
6.4,-1.8162332528565992,0.00418861024081707
6.4,-1.718058482431918,0.004193296656012535
6.4,-1.6198837120072371,0.0041911364533007145
6.4,-1.521708941582556,0.004199221730232239
6.4,-1.423534171157875,0.004209255333989859
6.4,-1.325359400733194,0.004208581987768412
6.4,-1.227184630308513,0.004214001819491386
6.4,-1.1290098598838318,0.004208861384540796
6.4,-1.030835089459151,0.004218666348606348
6.4,-0.93266031903447,0.0042331102304160595
6.4,-0.8344855486097889,0.004235760308802128
6.4,-0.7363107781851077,0.004244714975357056
6.4,-0.6381360077604266,0.004262997303158045
6.4,-0.5399612373357456,0.004281198605895042
6.4,-0.4417864669110647,0.004297335632145405
6.4,-0.34361169648638357,0.0043093315325677395
6.4,-0.24543692606170264,0.0043312194757163525
6.4,-0.14726215563702172,0.004359870217740536
6.4,-0.04908738521234057,0.004371431656181812
6.4,0.04908738521234057,0.004403845872730017
6.4,0.14726215563702172,0.004432809539139271
6.4,0.24543692606170264,0.004457066301256418
6.4,0.34361169648638357,0.004503736272454262
6.4,0.4417864669110647,0.004517553374171257
6.4,0.5399612373357456,0.004551965743303299
6.4,0.6381360077604266,0.004582090303301811
6.4,0.7363107781851077,0.0046030511148273945
6.4,0.8344855486097886,0.004611408803611994
6.4,0.9326603190344698,0.004622810520231724
6.4,1.030835089459151,0.004630714654922485
6.4,1.1290098598838316,0.004646051675081253
6.4,1.2271846303085128,0.004659311380237341
6.4,1.325359400733194,0.004654749762266874
6.4,1.423534171157875,0.00467009237036109
6.4,1.5217089415825562,0.004665776621550322
6.4,1.619883712007237,0.004667143803089857
6.4,1.718058482431918,0.0046737948432564735
6.4,1.8162332528565992,0.004661363083869219
6.4,1.9144080232812803,0.004666424822062254
6.4,2.0125827937059615,0.00465212669223547
6.4,2.110757564130642,0.004639435559511185
6.4,2.2089323345553233,0.00462851207703352
6.4,2.3071071049800045,0.0046188789419829845
6.4,2.405281875404685,0.00460806442424655
6.4,2.5034566458293663,0.004588737618178129
6.4,2.6016314162540475,0.0045569040812551975
6.4,2.699806186678728,0.004524476360529661
6.4,2.7979809571034093,0.00450737401843071
6.4,2.8961557275280905,0.004460813011974096
6.4,2.9943304979527716,0.004434349946677685
6.4,3.0925052683774528,0.00441150926053524
6.5,-3.0925052683774528,0.0043751695193350315
6.5,-2.994330497952771,0.004359290469437838
6.5,-2.8961557275280905,0.004332033451646566
6.5,-2.7979809571034098,0.0043096281588077545
6.5,-2.699806186678728,0.004296097904443741
6.5,-2.6016314162540475,0.004281069152057171
6.5,-2.5034566458293668,0.004264657851308584
6.5,-2.405281875404685,0.004245447460561991
6.5,-2.3071071049800045,0.004237106069922447
6.5,-2.208932334555323,0.0042343405075371265
6.5,-2.110757564130642,0.004222177434712648
6.5,-2.0125827937059615,0.004206771031022072
6.5,-1.9144080232812801,0.004207113292068243
6.5,-1.8162332528565992,0.004194246139377356
6.5,-1.718058482431918,0.004197989124804735
6.5,-1.6198837120072371,0.004194201901555061
6.5,-1.521708941582556,0.004200208932161331
6.5,-1.423534171157875,0.004208865109831095
6.5,-1.325359400733194,0.0042043328285217285
6.5,-1.227184630308513,0.004207663703709841
6.5,-1.1290098598838318,0.004208404570817947
6.5,-1.030835089459151,0.004219449125230312
6.5,-0.93266031903447,0.00423010066151619
6.5,-0.8344855486097889,0.004231724422425032
6.5,-0.7363107781851077,0.0042400723323225975
6.5,-0.6381360077604266,0.004256267566233873
6.5,-0.5399612373357456,0.004271402023732662
6.5,-0.4417864669110647,0.004286418203264475
6.5,-0.34361169648638357,0.004305726382881403
6.5,-0.24543692606170264,0.004323736764490604
6.5,-0.14726215563702172,0.004356394987553358
6.5,-0.04908738521234057,0.004368926398456097
6.5,0.04908738521234057,0.004400315228849649
6.5,0.14726215563702172,0.004427163861691952
6.5,0.24543692606170264,0.0044513544999063015
6.5,0.34361169648638357,0.004501141607761383
6.5,0.4417864669110647,0.004516720771789551
6.5,0.5399612373357456,0.004550829529762268
6.5,0.6381360077604266,0.004587039351463318
6.5,0.7363107781851077,0.004607723094522953
6.5,0.8344855486097886,0.0046168128028512
6.5,0.9326603190344698,0.004626797512173653
6.5,1.030835089459151,0.004639248829334974
6.5,1.1290098598838316,0.0046515874564647675
6.5,1.2271846303085128,0.004662899766117334
6.5,1.325359400733194,0.004655985161662102
6.5,1.423534171157875,0.004669614601880312
6.5,1.5217089415825562,0.004663859959691763
6.5,1.619883712007237,0.004663815256208181
6.5,1.718058482431918,0.004669761285185814
6.5,1.8162332528565992,0.00465563265606761
6.5,1.9144080232812803,0.004661294631659985
6.5,2.0125827937059615,0.00464933505281806
6.5,2.110757564130642,0.004637507721781731
6.5,2.2089323345553233,0.004625793546438217
6.5,2.3071071049800045,0.004614776466041803
6.5,2.405281875404685,0.004607319366186857
6.5,2.5034566458293663,0.00458575040102005
6.5,2.6016314162540475,0.004552523605525494
6.5,2.699806186678728,0.004516772925853729
6.5,2.7979809571034093,0.004500708542764187
6.5,2.8961557275280905,0.004450324922800064
6.5,2.9943304979527716,0.004425831139087677
6.5,3.0925052683774528,0.004404906183481216
6.6,-3.0925052683774528,0.004371155519038439
6.6,-2.994330497952771,0.004355720244348049
6.6,-2.8961557275280905,0.004329176619648933
6.6,-2.7979809571034098,0.004308875184506178
6.6,-2.699806186678728,0.004294068552553654
6.6,-2.6016314162540475,0.004277735948562622
6.6,-2.5034566458293668,0.004261534661054611
6.6,-2.405281875404685,0.00424419529736042
6.6,-2.3071071049800045,0.00423735985532403
6.6,-2.208932334555323,0.004229685291647911
6.6,-2.110757564130642,0.004218581132590771
6.6,-2.0125827937059615,0.004201933741569519
6.6,-1.9144080232812801,0.004199128597974777
6.6,-1.8162332528565992,0.0041864304803311825
6.6,-1.718058482431918,0.004189503379166126
6.6,-1.6198837120072371,0.0041859266348183155
6.6,-1.521708941582556,0.004192800726741552
6.6,-1.423534171157875,0.004205180797725916
6.6,-1.325359400733194,0.004209969192743301
6.6,-1.227184630308513,0.0042165047489106655
6.6,-1.1290098598838318,0.0042136176489293575
6.6,-1.030835089459151,0.004226278513669968
6.6,-0.93266031903447,0.004239055328071117
6.6,-0.8344855486097889,0.004242571536451578
6.6,-0.7363107781851077,0.004250393249094486
6.6,-0.6381360077604266,0.00426830817013979
6.6,-0.5399612373357456,0.004282273352146149
6.6,-0.4417864669110647,0.004295273683965206
6.6,-0.34361169648638357,0.0043074884451925755
6.6,-0.24543692606170264,0.0043289498426020145
6.6,-0.14726215563702172,0.004358869511634111
6.6,-0.04908738521234057,0.004370326176285744
6.6,0.04908738521234057,0.004403284285217524
6.6,0.14726215563702172,0.004433423280715942
6.6,0.24543692606170264,0.004459118936210871
6.6,0.34361169648638357,0.004506910685449839
6.6,0.4417864669110647,0.004523970652371645
6.6,0.5399612373357456,0.004557039588689804
6.6,0.6381360077604266,0.004588562995195389
6.6,0.7363107781851077,0.004608456511050463
6.6,0.8344855486097886,0.004614192992448807
6.6,0.9326603190344698,0.004623834975063801
6.6,1.030835089459151,0.004636900499463081
6.6,1.1290098598838316,0.004649688024073839
6.6,1.2271846303085128,0.004659390542656183
6.6,1.325359400733194,0.004652159754186869
6.6,1.423534171157875,0.004666414577513933
6.6,1.5217089415825562,0.004660885315388441
6.6,1.619883712007237,0.004660461563616991
6.6,1.718058482431918,0.004665173590183258
6.6,1.8162332528565992,0.004650283604860306
6.6,1.9144080232812803,0.004655294585973024
6.6,2.0125827937059615,0.004643694963306189
6.6,2.110757564130642,0.004633332137018442
6.6,2.2089323345553233,0.004623027518391609
6.6,2.3071071049800045,0.00461396761238575
6.6,2.405281875404685,0.004608205985277891
6.6,2.5034566458293663,0.004586518742144108
6.6,2.6016314162540475,0.004553157836198807
6.6,2.699806186678728,0.004517284221947193
6.6,2.7979809571034093,0.004501494579017162
6.6,2.8961557275280905,0.0044499109499156475
6.6,2.9943304979527716,0.004423180595040321
6.6,3.0925052683774528,0.004401267506182194
6.7,-3.0925052683774528,0.004373636096715927
6.7,-2.994330497952771,0.0043578557670116425
6.7,-2.8961557275280905,0.004331566859036684
6.7,-2.7979809571034098,0.004309592302888632
6.7,-2.699806186678728,0.004297173582017422
6.7,-2.6016314162540475,0.004280849359929562
6.7,-2.5034566458293668,0.004263696260750294
6.7,-2.405281875404685,0.004245217889547348
6.7,-2.3071071049800045,0.004236570093780756
6.7,-2.208932334555323,0.0042349714785814285
6.7,-2.110757564130642,0.004224677570164204
6.7,-2.0125827937059615,0.0042114537209272385
6.7,-1.9144080232812801,0.004210693296045065
6.7,-1.8162332528565992,0.004193592816591263
6.7,-1.718058482431918,0.0041936482302844524
6.7,-1.6198837120072371,0.00418827123939991
6.7,-1.521708941582556,0.0041921790689229965
6.7,-1.423534171157875,0.004206161946058273
6.7,-1.325359400733194,0.004201972857117653
6.7,-1.227184630308513,0.004209444858133793
6.7,-1.1290098598838318,0.004205492325127125
6.7,-1.030835089459151,0.0042160130105912685
6.7,-0.93266031903447,0.004230688326060772
6.7,-0.8344855486097889,0.0042335097678005695
6.7,-0.7363107781851077,0.004243204370141029
6.7,-0.6381360077604266,0.0042613777332007885
6.7,-0.5399612373357456,0.004278275184333324
6.7,-0.4417864669110647,0.004296096973121166
6.7,-0.34361169648638357,0.004309332463890314
6.7,-0.24543692606170264,0.004332990851253271
6.7,-0.14726215563702172,0.004363195039331913
6.7,-0.04908738521234057,0.004374644719064236
6.7,0.04908738521234057,0.004405727609992027
6.7,0.14726215563702172,0.004433029796928167
6.7,0.24543692606170264,0.0044563584960997105
6.7,0.34361169648638357,0.004505366552621126
6.7,0.4417864669110647,0.004522191826254129
6.7,0.5399612373357456,0.004556125495582819
6.7,0.6381360077604266,0.004589063581079245
6.7,0.7363107781851077,0.004611344542354345
6.7,0.8344855486097886,0.004618436563760042
6.7,0.9326603190344698,0.004630504176020622
6.7,1.030835089459151,0.004641993902623653
6.7,1.1290098598838316,0.004654561169445515
6.7,1.2271846303085128,0.004665730986744165
6.7,1.325359400733194,0.004659507889300585
6.7,1.423534171157875,0.0046731107868254185
6.7,1.5217089415825562,0.00466746324673295
6.7,1.619883712007237,0.004667410161346197
6.7,1.718058482431918,0.0046720970422029495
6.7,1.8162332528565992,0.00465781707316637
6.7,1.9144080232812803,0.004662125371396542
6.7,2.0125827937059615,0.004648590460419655
6.7,2.110757564130642,0.004636330530047417
6.7,2.2089323345553233,0.0046235183253884315
6.7,2.3071071049800045,0.004611740354448557
6.7,2.405281875404685,0.004604254383593798
6.7,2.5034566458293663,0.00458221510052681
6.7,2.6016314162540475,0.0045487298630177975
6.7,2.699806186678728,0.00451418524608016
6.7,2.7979809571034093,0.004491601139307022
6.7,2.8961557275280905,0.004449460655450821
6.7,2.9943304979527716,0.004424790386110544
6.7,3.0925052683774528,0.00440362561494112
6.8,-3.0925052683774528,0.00438222661614418
6.8,-2.994330497952771,0.004365504719316959
6.8,-2.8961557275280905,0.004336816258728504
6.8,-2.7979809571034098,0.004324296489357948
6.8,-2.699806186678728,0.0043043168261647224
6.8,-2.6016314162540475,0.0042867511510849
6.8,-2.5034566458293668,0.004269452765583992
6.8,-2.405281875404685,0.00425002072006464
6.8,-2.3071071049800045,0.004241246730089188
6.8,-2.208932334555323,0.004238861612975597
6.8,-2.110757564130642,0.004230816848576069
6.8,-2.0125827937059615,0.004214922431856394
6.8,-1.9144080232812801,0.004214132204651833
6.8,-1.8162332528565992,0.004200814291834831
6.8,-1.718058482431918,0.0042006406001746655
6.8,-1.6198837120072371,0.004192465450614691
6.8,-1.521708941582556,0.004196245223283768
6.8,-1.423534171157875,0.004203172400593758
6.8,-1.325359400733194,0.00420244550332427
6.8,-1.227184630308513,0.004208729136735201
6.8,-1.1290098598838318,0.004205876961350441
6.8,-1.030835089459151,0.004214388784021139
6.8,-0.93266031903447,0.004230375401675701
6.8,-0.8344855486097889,0.004233855754137039
6.8,-0.7363107781851077,0.00424415385350585
6.8,-0.6381360077604266,0.004263048991560936
6.8,-0.5399612373357456,0.004278900567442179
6.8,-0.4417864669110647,0.004294967278838158
6.8,-0.34361169648638357,0.004307431634515524
6.8,-0.24543692606170264,0.0043283673003315926
6.8,-0.14726215563702172,0.004357056226581335
6.8,-0.04908738521234057,0.004367064218968153
6.8,0.04908738521234057,0.004397175740450621
6.8,0.14726215563702172,0.004424311686307192
6.8,0.24543692606170264,0.004449086729437113
6.8,0.34361169648638357,0.00449175201356411
6.8,0.4417864669110647,0.004514884669333696
6.8,0.5399612373357456,0.004551428370177746
6.8,0.6381360077604266,0.004585536662489176
6.8,0.7363107781851077,0.004608482588082552
6.8,0.8344855486097886,0.004616360645741224
6.8,0.9326603190344698,0.004626818932592869
6.8,1.030835089459151,0.004633811302483082
6.8,1.1290098598838316,0.004645838402211666
6.8,1.2271846303085128,0.004658856894820929
6.8,1.325359400733194,0.0046540540643036366
6.8,1.423534171157875,0.004668337292969227
6.8,1.5217089415825562,0.0046629514545202255
6.8,1.619883712007237,0.004663393367081881
6.8,1.718058482431918,0.00466928631067276
6.8,1.8162332528565992,0.004654751159250736
6.8,1.9144080232812803,0.0046592652797698975
6.8,2.0125827937059615,0.004648539237678051
6.8,2.110757564130642,0.004644103813916445
6.8,2.2089323345553233,0.0046397242695093155
6.8,2.3071071049800045,0.004621725529432297
6.8,2.405281875404685,0.004607283044606447
6.8,2.5034566458293663,0.004590176977217197
6.8,2.6016314162540475,0.004568559117615223
6.8,2.699806186678728,0.004537972155958414
6.8,2.7979809571034093,0.0045079756528139114
6.8,2.8961557275280905,0.00445934385061264
6.8,2.9943304979527716,0.004433612339198589
6.8,3.0925052683774528,0.004412589129060507
6.9,-3.0925052683774528,0.004390871152281761
6.9,-2.994330497952771,0.004374139476567507
6.9,-2.8961557275280905,0.004343673586845398
6.9,-2.7979809571034098,0.0043295761570334435
6.9,-2.699806186678728,0.004305829294025898
6.9,-2.6016314162540475,0.00429163221269846
6.9,-2.5034566458293668,0.004271334037184715
6.9,-2.405281875404685,0.004250593949109316
6.9,-2.3071071049800045,0.00423959968611598
6.9,-2.208932334555323,0.004234655760228634
6.9,-2.110757564130642,0.004224766511470079
6.9,-2.0125827937059615,0.004208030179142952
6.9,-1.9144080232812801,0.004203755408525467
6.9,-1.8162332528565992,0.004193790722638369
6.9,-1.718058482431918,0.004196687135845423
6.9,-1.6198837120072371,0.004190406762063503
6.9,-1.521708941582556,0.004193448461592197
6.9,-1.423534171157875,0.004204066004604101
6.9,-1.325359400733194,0.004203531891107559
6.9,-1.227184630308513,0.004209988284856081
6.9,-1.1290098598838318,0.004210054874420166
6.9,-1.030835089459151,0.00422163400799036
6.9,-0.93266031903447,0.004237114451825619
6.9,-0.8344855486097889,0.004237329587340355
6.9,-0.7363107781851077,0.004244802985340357
6.9,-0.6381360077604266,0.004262889735400677
6.9,-0.5399612373357456,0.00428041722625494
6.9,-0.4417864669110647,0.0042947931215167046
6.9,-0.34361169648638357,0.004307442344725132
6.9,-0.24543692606170264,0.0043268450535833836
6.9,-0.14726215563702172,0.004354399163275957
6.9,-0.04908738521234057,0.004364791326224804
6.9,0.04908738521234057,0.00439527677372098
6.9,0.14726215563702172,0.004422816447913647
6.9,0.24543692606170264,0.0044476003386080265
6.9,0.34361169648638357,0.004491004627197981
6.9,0.4417864669110647,0.004514520987868309
6.9,0.5399612373357456,0.004551578778773546
6.9,0.6381360077604266,0.004586323164403439
6.9,0.7363107781851077,0.004608203656971455
6.9,0.8344855486097886,0.004614889621734619
6.9,0.9326603190344698,0.0046253083273768425
6.9,1.030835089459151,0.00463617779314518
6.9,1.1290098598838316,0.004648858681321144
6.9,1.2271846303085128,0.004659928847104311
6.9,1.325359400733194,0.004653165582567453
6.9,1.423534171157875,0.004666802007704973
6.9,1.5217089415825562,0.004660939797759056
6.9,1.619883712007237,0.004660772159695625
6.9,1.718058482431918,0.004666519816964865
6.9,1.8162332528565992,0.004652641713619232
6.9,1.9144080232812803,0.004658544436097145
6.9,2.0125827937059615,0.004649557173252106
6.9,2.110757564130642,0.004643252585083246
6.9,2.2089323345553233,0.0046368869952857494
6.9,2.3071071049800045,0.004622079432010651
6.9,2.405281875404685,0.004607721231877804
6.9,2.5034566458293663,0.004590876400470734
6.9,2.6016314162540475,0.004570275545120239
6.9,2.699806186678728,0.004542828071862459
6.9,2.7979809571034093,0.0045110746286809444
6.9,2.8961557275280905,0.004469508305191994
6.9,2.9943304979527716,0.004444736987352371
6.9,3.0925052683774528,0.004422953352332115
7.0,-3.0925052683774528,0.00438295491039753
7.0,-2.994330497952771,0.004365500994026661
7.0,-2.8961557275280905,0.004336737096309662
7.0,-2.7979809571034098,0.004324160050600767
7.0,-2.699806186678728,0.00430304603651166
7.0,-2.6016314162540475,0.0042860540561378
7.0,-2.5034566458293668,0.00426938571035862
7.0,-2.405281875404685,0.004247691016644239
7.0,-2.3071071049800045,0.004239010624587536
7.0,-2.208932334555323,0.004233887419104576
7.0,-2.110757564130642,0.0042282817885279655
7.0,-2.0125827937059615,0.004211443942040205
7.0,-1.9144080232812801,0.0042074378579854965
7.0,-1.8162332528565992,0.004196526482701302
7.0,-1.718058482431918,0.004198972135782242
7.0,-1.6198837120072371,0.004194227978587151
7.0,-1.521708941582556,0.004198875278234482
7.0,-1.423534171157875,0.004205329343676567
7.0,-1.325359400733194,0.0042038955725729465
7.0,-1.227184630308513,0.004210879094898701
7.0,-1.1290098598838318,0.004206904210150242
7.0,-1.030835089459151,0.004216551315039396
7.0,-0.93266031903447,0.004226868972182274
7.0,-0.8344855486097889,0.004232823383063078
7.0,-0.7363107781851077,0.004241378512233496
7.0,-0.6381360077604266,0.004260728135704994
7.0,-0.5399612373357456,0.004276573657989502
7.0,-0.4417864669110647,0.004295928869396448
7.0,-0.34361169648638357,0.004309610929340124
7.0,-0.24543692606170264,0.004334481433033943
7.0,-0.14726215563702172,0.004364140331745148
7.0,-0.04908738521234057,0.0043752072378993034
7.0,0.04908738521234057,0.00440625287592411
7.0,0.14726215563702172,0.004433353431522846
7.0,0.24543692606170264,0.004456579219549894
7.0,0.34361169648638357,0.0045035844668745995
7.0,0.4417864669110647,0.004517726134508848
7.0,0.5399612373357456,0.004551815800368786
7.0,0.6381360077604266,0.004583246074616909
7.0,0.7363107781851077,0.0046054888516664505
7.0,0.8344855486097886,0.004611997399479151
7.0,0.9326603190344698,0.004623010754585266
7.0,1.030835089459151,0.00463554821908474
7.0,1.1290098598838316,0.004650011193007231
7.0,1.2271846303085128,0.0046615563333034515
7.0,1.325359400733194,0.004655464552342892
7.0,1.423534171157875,0.0046708653680980206
7.0,1.5217089415825562,0.004666661377996206
7.0,1.619883712007237,0.004669095855206251
7.0,1.718058482431918,0.004676911514252424
7.0,1.8162332528565992,0.004667096771299839
7.0,1.9144080232812803,0.004673390183597803
7.0,2.0125827937059615,0.004662827588617802
7.0,2.110757564130642,0.004653327167034149
7.0,2.2089323345553233,0.0046420618891716
7.0,2.3071071049800045,0.004623330198228359
7.0,2.405281875404685,0.00460814731195569
7.0,2.5034566458293663,0.004590033553540707
7.0,2.6016314162540475,0.004563598893582821
7.0,2.699806186678728,0.0045260596089065075
7.0,2.7979809571034093,0.004507289733737707
7.0,2.8961557275280905,0.004458479583263397
7.0,2.9943304979527716,0.00443311920389533
7.0,3.0925052683774528,0.004412530921399593
7.1,-3.0925052683774528,0.004369284491986036
7.1,-2.994330497952771,0.004353939555585384
7.1,-2.8961557275280905,0.004326913971453905
7.1,-2.7979809571034098,0.0043074884451925755
7.1,-2.699806186678728,0.004296461120247841
7.1,-2.6016314162540475,0.004287736490368843
7.1,-2.5034566458293668,0.004271586425602436
7.1,-2.405281875404685,0.004257229156792164
7.1,-2.3071071049800045,0.004250189755111933
7.1,-2.208932334555323,0.004246254451572895
7.1,-2.110757564130642,0.004240324720740318
7.1,-2.0125827937059615,0.004222522955387831
7.1,-1.9144080232812801,0.004218343645334244
7.1,-1.8162332528565992,0.004205347038805485
7.1,-1.718058482431918,0.004206863231956959
7.1,-1.6198837120072371,0.0041999672539532185
7.1,-1.521708941582556,0.0042023505084216595
7.1,-1.423534171157875,0.004214805085211992
7.1,-1.325359400733194,0.004210697486996651
7.1,-1.227184630308513,0.004214656539261341
7.1,-1.1290098598838318,0.004214541055262089
7.1,-1.030835089459151,0.004224872216582298
7.1,-0.93266031903447,0.0042331931181252
7.1,-0.8344855486097889,0.004238370340317488
7.1,-0.7363107781851077,0.004243349190801382
7.1,-0.6381360077604266,0.004258653614670038
7.1,-0.5399612373357456,0.0042725056409835815
7.1,-0.4417864669110647,0.00428539514541626
7.1,-0.34361169648638357,0.0043059904128313065
7.1,-0.24543692606170264,0.004323609638959169
7.1,-0.14726215563702172,0.0043534873984754086
7.1,-0.04908738521234057,0.004364294931292534
7.1,0.04908738521234057,0.004394710063934326
7.1,0.14726215563702172,0.004423138219863176
7.1,0.24543692606170264,0.004449448082596064
7.1,0.34361169648638357,0.004500715062022209
7.1,0.4417864669110647,0.004516857210546732
7.1,0.5399612373357456,0.004553006496280432
7.1,0.6381360077604266,0.004587121773511171
7.1,0.7363107781851077,0.004609601106494665
7.1,0.8344855486097886,0.0046179029159247875
7.1,0.9326603190344698,0.004630188457667828
7.1,1.030835089459151,0.004638996906578541
7.1,1.1290098598838316,0.004649067297577858
7.1,1.2271846303085128,0.004661953542381525
7.1,1.325359400733194,0.00465747294947505
7.1,1.423534171157875,0.004670831374824047
7.1,1.5217089415825562,0.004664712585508823
7.1,1.619883712007237,0.004664724692702293
7.1,1.718058482431918,0.004670663271099329
7.1,1.8162332528565992,0.004656835924834013
7.1,1.9144080232812803,0.004661543760448694
7.1,2.0125827937059615,0.004650795832276344
7.1,2.110757564130642,0.004638838116079569
7.1,2.2089323345553233,0.004628246650099754
7.1,2.3071071049800045,0.004614442586898804
7.1,2.405281875404685,0.004601530730724335
7.1,2.5034566458293663,0.00458117201924324
7.1,2.6016314162540475,0.00454778503626585
7.1,2.699806186678728,0.0045156776905059814
7.1,2.7979809571034093,0.004486339632421732
7.1,2.8961557275280905,0.004443933721631765
7.1,2.9943304979527716,0.004419086035341024
7.1,3.0925052683774528,0.004398287273943424
7.2,-3.0925052683774528,0.004366010427474976
7.2,-2.994330497952771,0.004351746290922165
7.2,-2.8961557275280905,0.004324327688664198
7.2,-2.7979809571034098,0.004306689836084843
7.2,-2.699806186678728,0.0042892517521977425
7.2,-2.6016314162540475,0.004277410916984081
7.2,-2.5034566458293668,0.004261338151991367
7.2,-2.405281875404685,0.004243717063218355
7.2,-2.3071071049800045,0.0042360019870102406
7.2,-2.208932334555323,0.004234698601067066
7.2,-2.110757564130642,0.004229143261909485
7.2,-2.0125827937059615,0.0042151412926614285
7.2,-1.9144080232812801,0.004212085157632828
7.2,-1.8162332528565992,0.004199627321213484
7.2,-1.718058482431918,0.00420392258092761
7.2,-1.6198837120072371,0.004196127876639366
7.2,-1.521708941582556,0.004197044298052788
7.2,-1.423534171157875,0.004210606683045626
7.2,-1.325359400733194,0.004208467900753021
7.2,-1.227184630308513,0.004212266765534878
7.2,-1.1290098598838318,0.004212235100567341
7.2,-1.030835089459151,0.004223361611366272
7.2,-0.93266031903447,0.00423545204102993
7.2,-0.8344855486097889,0.004238334018737078
7.2,-0.7363107781851077,0.004244317300617695
7.2,-0.6381360077604266,0.004260185174643993
7.2,-0.5399612373357456,0.004274827428162098
7.2,-0.4417864669110647,0.004289066419005394
7.2,-0.34361169648638357,0.004306281451135874
7.2,-0.24543692606170264,0.0043243723921477795
7.2,-0.14726215563702172,0.004354550503194332
7.2,-0.04908738521234057,0.004366444423794746
7.2,0.04908738521234057,0.0043975417502224445
7.2,0.14726215563702172,0.004425249993801117
7.2,0.24543692606170264,0.00444979639723897
7.2,0.34361169648638357,0.0045005688443779945
7.2,0.4417864669110647,0.004517344292253256
7.2,0.5399612373357456,0.0045538474805653095
7.2,0.6381360077604266,0.004589354619383812
7.2,0.7363107781851077,0.00461020739749074
7.2,0.8344855486097886,0.0046185594983398914
7.2,0.9326603190344698,0.004629024304449558
7.2,1.030835089459151,0.004640548024326563
7.2,1.1290098598838316,0.004653020761907101
7.2,1.2271846303085128,0.0046640606597065926
7.2,1.325359400733194,0.004657041747123003
7.2,1.423534171157875,0.004669893067330122
7.2,1.5217089415825562,0.004664110951125622
7.2,1.619883712007237,0.004664245527237654
7.2,1.718058482431918,0.004669776652008295
7.2,1.8162332528565992,0.004656402859836817
7.2,1.9144080232812803,0.004661248531192541
7.2,2.0125827937059615,0.0046483976766467094
7.2,2.110757564130642,0.004639610648155212
7.2,2.2089323345553233,0.004630846902728081
7.2,2.3071071049800045,0.004615413025021553
7.2,2.405281875404685,0.0046026273630559444
7.2,2.5034566458293663,0.004584094509482384
7.2,2.6016314162540475,0.004546971060335636
7.2,2.699806186678728,0.004512614104896784
7.2,2.7979809571034093,0.0044813621789216995
7.2,2.8961557275280905,0.004439337179064751
7.2,2.9943304979527716,0.0044143968261778355
7.2,3.0925052683774528,0.004393968731164932
7.3,-3.0925052683774528,0.004368141759186983
7.3,-2.994330497952771,0.004350543022155762
7.3,-2.8961557275280905,0.004315309226512909
7.3,-2.7979809571034098,0.004304968286305666
7.3,-2.699806186678728,0.004282118286937475
7.3,-2.6016314162540475,0.004269903991371393
7.3,-2.5034566458293668,0.004255708772689104
7.3,-2.405281875404685,0.004238572437316179
7.3,-2.3071071049800045,0.004230596590787172
7.3,-2.208932334555323,0.004228172358125448
7.3,-2.110757564130642,0.004218161106109619
7.3,-2.0125827937059615,0.004203327000141144
7.3,-1.9144080232812801,0.0042003183625638485
7.3,-1.8162332528565992,0.004187473561614752
7.3,-1.718058482431918,0.004192226566374302
7.3,-1.6198837120072371,0.004191180225461721
7.3,-1.521708941582556,0.004202184267342091
7.3,-1.423534171157875,0.004213259555399418
7.3,-1.325359400733194,0.004213606473058462
7.3,-1.227184630308513,0.0042200409807264805
7.3,-1.1290098598838318,0.004217715933918953
7.3,-1.030835089459151,0.004233991727232933
7.3,-0.93266031903447,0.004248426761478186
7.3,-0.8344855486097889,0.004245339427143335
7.3,-0.7363107781851077,0.004252241458743811
7.3,-0.6381360077604266,0.004273544065654278
7.3,-0.5399612373357456,0.004291223827749491
7.3,-0.4417864669110647,0.0043056127615273
7.3,-0.34361169648638357,0.004315800033509731
7.3,-0.24543692606170264,0.004339863546192646
7.3,-0.14726215563702172,0.004369156435132027
7.3,-0.04908738521234057,0.004378695972263813
7.3,0.04908738521234057,0.004407478496432304
7.3,0.14726215563702172,0.004431921523064375
7.3,0.24543692606170264,0.00445195846259594
7.3,0.34361169648638357,0.00449084397405386
7.3,0.4417864669110647,0.004513883963227272
7.3,0.5399612373357456,0.00454770028591156
7.3,0.6381360077604266,0.004580190870910883
7.3,0.7363107781851077,0.004601087886840105
7.3,0.8344855486097886,0.0046077570877969265
7.3,0.9326603190344698,0.004617552738636732
7.3,1.030835089459151,0.004631721880286932
7.3,1.1290098598838316,0.004646307788789272
7.3,1.2271846303085128,0.004657295532524586
7.3,1.325359400733194,0.004651262890547514
7.3,1.423534171157875,0.004667113535106182
7.3,1.5217089415825562,0.0046625807881355286
7.3,1.619883712007237,0.004664714448153973
7.3,1.718058482431918,0.004672474227845669
7.3,1.8162332528565992,0.0046632797457277775
7.3,1.9144080232812803,0.00467027397826314
7.3,2.0125827937059615,0.004658264573663473
7.3,2.110757564130642,0.004646998830139637
7.3,2.2089323345553233,0.004637865349650383
7.3,2.3071071049800045,0.004621090833097696
7.3,2.405281875404685,0.004609318450093269
7.3,2.5034566458293663,0.00459000188857317
7.3,2.6016314162540475,0.004561240319162607
7.3,2.699806186678728,0.004518154077231884
7.3,2.7979809571034093,0.004499942995607853
7.3,2.8961557275280905,0.004446597304195166
7.3,2.9943304979527716,0.004420269280672073
7.3,3.0925052683774528,0.004399159923195839
7.4,-3.0925052683774528,0.0043592737056314945
7.4,-2.994330497952771,0.004345070105046034
7.4,-2.8961557275280905,0.004314967431128025
7.4,-2.7979809571034098,0.004305799026042223
7.4,-2.699806186678728,0.004288008436560631
7.4,-2.6016314162540475,0.0042776791378855705
7.4,-2.5034566458293668,0.004264082759618759
7.4,-2.405281875404685,0.004246894270181656
7.4,-2.3071071049800045,0.004238427616655827
7.4,-2.208932334555323,0.004237025510519743
7.4,-2.110757564130642,0.004229957237839699
7.4,-2.0125827937059615,0.004212506115436554
7.4,-1.9144080232812801,0.004210285842418671
7.4,-1.8162332528565992,0.004196019843220711
7.4,-1.718058482431918,0.004196964204311371
7.4,-1.6198837120072371,0.0041895657777786255
7.4,-1.521708941582556,0.004192819353193045
7.4,-1.423534171157875,0.004202249925583601
7.4,-1.325359400733194,0.0042049395851790905
7.4,-1.227184630308513,0.004207832273095846
7.4,-1.1290098598838318,0.0042079295963048935
7.4,-1.030835089459151,0.004221716895699501
7.4,-0.93266031903447,0.004232434090226889
7.4,-0.8344855486097889,0.004238522611558437
7.4,-0.7363107781851077,0.004245517309755087
7.4,-0.6381360077604266,0.0042623067274689674
7.4,-0.5399612373357456,0.004280088469386101
7.4,-0.4417864669110647,0.0042962804436683655
7.4,-0.34361169648638357,0.004309013020247221
7.4,-0.24543692606170264,0.004330035764724016
7.4,-0.14726215563702172,0.004359393380582333
7.4,-0.04908738521234057,0.004370163194835186
7.4,0.04908738521234057,0.004401341080665588
7.4,0.14726215563702172,0.004429880995303392
7.4,0.24543692606170264,0.004456161055713892
7.4,0.34361169648638357,0.004506221506744623
7.4,0.4417864669110647,0.0045230807736516
7.4,0.5399612373357456,0.004557568579912186
7.4,0.6381360077604266,0.0045900484547019005
7.4,0.7363107781851077,0.0046117003075778484
7.4,0.8344855486097886,0.0046187760308384895
7.4,0.9326603190344698,0.004628865513950586
7.4,1.030835089459151,0.004641969688236713
7.4,1.1290098598838316,0.004654928110539913
7.4,1.2271846303085128,0.004665762186050415
7.4,1.325359400733194,0.0046584089286625385
7.4,1.423534171157875,0.004672170151025057
7.4,1.5217089415825562,0.0046668099239468575
7.4,1.619883712007237,0.004667830187827349
7.4,1.718058482431918,0.004675223957747221
7.4,1.8162332528565992,0.004664676729589701
7.4,1.9144080232812803,0.004672441631555557
7.4,2.0125827937059615,0.004663470201194286
7.4,2.110757564130642,0.00465534720569849
7.4,2.2089323345553233,0.004646671004593372
7.4,2.3071071049800045,0.004626745358109474
7.4,2.405281875404685,0.004609570372849703
7.4,2.5034566458293663,0.0045888083986938
7.4,2.6016314162540475,0.004555985331535339
7.4,2.699806186678728,0.004515194799751043
7.4,2.7979809571034093,0.004480517935007811
7.4,2.8961557275280905,0.004436883609741926
7.4,2.9943304979527716,0.004410488996654749
7.4,3.0925052683774528,0.004389110952615738
7.5,-3.0925052683774528,0.004375038202852011
7.5,-2.994330497952771,0.004355614073574543
7.5,-2.8961557275280905,0.004324560984969139
7.5,-2.7979809571034098,0.004306115210056305
7.5,-2.699806186678728,0.004287286661565304
7.5,-2.6016314162540475,0.0042736041359603405
7.5,-2.5034566458293668,0.004259113688021898
7.5,-2.405281875404685,0.004243162460625172
7.5,-2.3071071049800045,0.004236313048750162
7.5,-2.208932334555323,0.004237553104758263
7.5,-2.110757564130642,0.004227175377309322
7.5,-2.0125827937059615,0.004212433472275734
7.5,-1.9144080232812801,0.004213509149849415
7.5,-1.8162332528565992,0.004202496726065874
7.5,-1.718058482431918,0.004205796401947737
7.5,-1.6198837120072371,0.004197616595774889
7.5,-1.521708941582556,0.004201563075184822
7.5,-1.423534171157875,0.004208337981253862
7.5,-1.325359400733194,0.004205678123980761
7.5,-1.227184630308513,0.004207678604871035
7.5,-1.1290098598838318,0.004201487638056278
7.5,-1.030835089459151,0.0042089493945240974
7.5,-0.93266031903447,0.004222353920340538
7.5,-0.8344855486097889,0.004228225909173489
7.5,-0.7363107781851077,0.004233312793076038
7.5,-0.6381360077604266,0.00425088033080101
7.5,-0.5399612373357456,0.004264856688678265
7.5,-0.4417864669110647,0.004280391614884138
7.5,-0.34361169648638357,0.004305075854063034
7.5,-0.24543692606170264,0.004316362086683512
7.5,-0.14726215563702172,0.004351494368165731
7.5,-0.04908738521234057,0.0043637994676828384
7.5,0.04908738521234057,0.004397165030241013
7.5,0.14726215563702172,0.00442726444453001
7.5,0.24543692606170264,0.0044551691971719265
7.5,0.34361169648638357,0.004506066907197237
7.5,0.4417864669110647,0.0045245736837387085
7.5,0.5399612373357456,0.004560831934213638
7.5,0.6381360077604266,0.00459306500852108
7.5,0.7363107781851077,0.004614571575075388
7.5,0.8344855486097886,0.004623071290552616
7.5,0.9326603190344698,0.004634963348507881
7.5,1.030835089459151,0.004642916843295097
7.5,1.1290098598838316,0.004652385134249926
7.5,1.2271846303085128,0.004665405955165625
7.5,1.325359400733194,0.004660343285650015
7.5,1.423534171157875,0.004673244897276163
7.5,1.5217089415825562,0.00466654310002923
7.5,1.619883712007237,0.004664531443268061
7.5,1.718058482431918,0.004668914247304201
7.5,1.8162332528565992,0.004652784671634436
7.5,1.9144080232812803,0.004656692035496235
7.5,2.0125827937059615,0.004645759239792824
7.5,2.110757564130642,0.004633928649127483
7.5,2.2089323345553233,0.004622920416295528
7.5,2.3071071049800045,0.004610381554812193
7.5,2.405281875404685,0.004602788016200066
7.5,2.5034566458293663,0.0045792763121426105
7.5,2.6016314162540475,0.004544204566627741
7.5,2.699806186678728,0.004511367995291948
7.5,2.7979809571034093,0.0044809733517467976
7.5,2.8961557275280905,0.004443217068910599
7.5,2.9943304979527716,0.004423920065164566
7.5,3.0925052683774528,0.004404870793223381
7.6,-3.0925052683774528,0.0043801176361739635
7.6,-2.994330497952771,0.004362805280834436
7.6,-2.8961557275280905,0.004334388300776482
7.6,-2.7979809571034098,0.004322338383644819
7.6,-2.699806186678728,0.004302108660340309
7.6,-2.6016314162540475,0.0042849257588386536
7.6,-2.5034566458293668,0.004268302582204342
7.6,-2.405281875404685,0.0042494204826653
7.6,-2.3071071049800045,0.0042404551059007645
7.6,-2.208932334555323,0.004235839005559683
7.6,-2.110757564130642,0.004227388650178909
7.6,-2.0125827937059615,0.004209974780678749
7.6,-1.9144080232812801,0.0042089554481208324
7.6,-1.8162332528565992,0.004195395391434431
7.6,-1.718058482431918,0.0041962661780416965
7.6,-1.6198837120072371,0.004191725514829159
7.6,-1.521708941582556,0.0041976142674684525
7.6,-1.423534171157875,0.004207190591841936
7.6,-1.325359400733194,0.004207793157547712
7.6,-1.227184630308513,0.004215573891997337
7.6,-1.1290098598838318,0.004212667234241962
7.6,-1.030835089459151,0.004223888739943504
7.6,-0.93266031903447,0.004234394524246454
7.6,-0.8344855486097889,0.004236962180584669
7.6,-0.7363107781851077,0.004245119635015726
7.6,-0.6381360077604266,0.004262800328433514
7.6,-0.5399612373357456,0.004279444459825754
7.6,-0.4417864669110647,0.00429341197013855
7.6,-0.34361169648638357,0.0043079485185444355
7.6,-0.24543692606170264,0.004327603615820408
7.6,-0.14726215563702172,0.00435147387906909
7.6,-0.04908738521234057,0.004358631558716297
7.6,0.04908738521234057,0.004385802894830704
7.6,0.14726215563702172,0.004412514623254538
7.6,0.24543692606170264,0.0044376603327691555
7.6,0.34361169648638357,0.004480500239878893
7.6,0.4417864669110647,0.0045115710236132145
7.6,0.5399612373357456,0.0045418571680784225
7.6,0.6381360077604266,0.004579929634928703
7.6,0.7363107781851077,0.004600187297910452
7.6,0.8344855486097886,0.004609215073287487
7.6,0.9326603190344698,0.004623567685484886
7.6,1.030835089459151,0.004633032251149416
7.6,1.1290098598838316,0.004644795320928097
7.6,1.2271846303085128,0.004658492282032967
7.6,1.325359400733194,0.00465488201007247
7.6,1.423534171157875,0.0046706488355994225
7.6,1.5217089415825562,0.004665374755859375
7.6,1.619883712007237,0.004666249733418226
7.6,1.718058482431918,0.004672907292842865
7.6,1.8162332528565992,0.004658521618694067
7.6,1.9144080232812803,0.004662330728024244
7.6,2.0125827937059615,0.004651601426303387
7.6,2.110757564130642,0.004640971310436726
7.6,2.2089323345553233,0.004628918599337339
7.6,2.3071071049800045,0.004617415368556976
7.6,2.405281875404685,0.004609505645930767
7.6,2.5034566458293663,0.004588454030454159
7.6,2.6016314162540475,0.004555520135909319
7.6,2.699806186678728,0.004518476314842701
7.6,2.7979809571034093,0.004502744413912296
7.6,2.8961557275280905,0.004454077687114477
7.6,2.9943304979527716,0.004432201385498047
7.6,3.0925052683774528,0.004411385394632816
7.7,-3.0925052683774528,0.004384232219308615
7.7,-2.994330497952771,0.004366226028650999
7.7,-2.8961557275280905,0.004337504040449858
7.7,-2.7979809571034098,0.0043236492201685905
7.7,-2.699806186678728,0.004302323330193758
7.7,-2.6016314162540475,0.004285045433789492
7.7,-2.5034566458293668,0.004267032258212566
7.7,-2.405281875404685,0.004246335942298174
7.7,-2.3071071049800045,0.0042368629947304726
7.7,-2.208932334555323,0.004232484847307205
7.7,-2.110757564130642,0.0042221322655677795
7.7,-2.0125827937059615,0.004208201542496681
7.7,-1.9144080232812801,0.004206147510558367
7.7,-1.8162332528565992,0.004190735053271055
7.7,-1.718058482431918,0.0041918144561350346
7.7,-1.6198837120072371,0.004188995808362961
7.7,-1.521708941582556,0.004195105284452438
7.7,-1.423534171157875,0.004201431758701801
7.7,-1.325359400733194,0.004201414529234171
7.7,-1.227184630308513,0.004212366882711649
7.7,-1.1290098598838318,0.004213258624076843
7.7,-1.030835089459151,0.004223399329930544
7.7,-0.93266031903447,0.00423197727650404
7.7,-0.8344855486097889,0.004235551692545414
7.7,-0.7363107781851077,0.0042449492029845715
7.7,-0.6381360077604266,0.004264479503035545
7.7,-0.5399612373357456,0.004279669374227524
7.7,-0.4417864669110647,0.004292984493076801
7.7,-0.34361169648638357,0.004307535942643881
7.7,-0.24543692606170264,0.0043292720802128315
7.7,-0.14726215563702172,0.004356670193374157
7.7,-0.04908738521234057,0.004366438835859299
7.7,0.04908738521234057,0.004395578056573868
7.7,0.14726215563702172,0.004421696066856384
7.7,0.24543692606170264,0.004445647820830345
7.7,0.34361169648638357,0.004486771300435066
7.7,0.4417864669110647,0.004515451844781637
7.7,0.5399612373357456,0.004547939635813236
7.7,0.6381360077604266,0.0045816898345947266
7.7,0.7363107781851077,0.004605220165103674
7.7,0.8344855486097886,0.004614063538610935
7.7,0.9326603190344698,0.004625242669135332
7.7,1.030835089459151,0.004636954516172409
7.7,1.1290098598838316,0.004649505019187927
7.7,1.2271846303085128,0.004660756792873144
7.7,1.325359400733194,0.004655443597584963
7.7,1.423534171157875,0.004670632071793079
7.7,1.5217089415825562,0.00466567650437355
7.7,1.619883712007237,0.004666737746447325
7.7,1.718058482431918,0.004673819523304701
7.7,1.8162332528565992,0.004660697653889656
7.7,1.9144080232812803,0.004666687920689583
7.7,2.0125827937059615,0.004655681550502777
7.7,2.110757564130642,0.004645301029086113
7.7,2.2089323345553233,0.0046354178339242935
7.7,2.3071071049800045,0.004618224687874317
7.7,2.405281875404685,0.004604860208928585
7.7,2.5034566458293663,0.004587939009070396
7.7,2.6016314162540475,0.004559652879834175
7.7,2.699806186678728,0.00452420162037015
7.7,2.7979809571034093,0.004507360979914665
7.7,2.8961557275280905,0.004460067953914404
7.7,2.9943304979527716,0.004435836803168058
7.7,3.0925052683774528,0.004414733033627272
7.8,-3.0925052683774528,0.004387131426483393
7.8,-2.994330497952771,0.004367552697658539
7.8,-2.8961557275280905,0.004336485173553228
7.8,-2.7979809571034098,0.00432343315333128
7.8,-2.699806186678728,0.004304884932935238
7.8,-2.6016314162540475,0.00428782869130373
7.8,-2.5034566458293668,0.004269183613359928
7.8,-2.405281875404685,0.004250830505043268
7.8,-2.3071071049800045,0.004243376199156046
7.8,-2.208932334555323,0.0042456649243831635
7.8,-2.110757564130642,0.0042358264327049255
7.8,-2.0125827937059615,0.004220689181238413
7.8,-1.9144080232812801,0.004216834902763367
7.8,-1.8162332528565992,0.0042023626156151295
7.8,-1.718058482431918,0.004203195217996836
7.8,-1.6198837120072371,0.004198072943836451
7.8,-1.521708941582556,0.00419776514172554
7.8,-1.423534171157875,0.004211789462715387
7.8,-1.325359400733194,0.00421098293736577
7.8,-1.227184630308513,0.0042172763496637344
7.8,-1.1290098598838318,0.004217346198856831
7.8,-1.030835089459151,0.004226210061460733
7.8,-0.93266031903447,0.004230459686368704
7.8,-0.8344855486097889,0.004232034552842379
7.8,-0.7363107781851077,0.0042381989769637585
7.8,-0.6381360077604266,0.004253723658621311
7.8,-0.5399612373357456,0.004267612472176552
7.8,-0.4417864669110647,0.004280908033251762
7.8,-0.34361169648638357,0.004304682370275259
7.8,-0.24543692606170264,0.004313814453780651
7.8,-0.14726215563702172,0.004347449634224176
7.8,-0.04908738521234057,0.004357778467237949
7.8,0.04908738521234057,0.00438842736184597
7.8,0.14726215563702172,0.004415918607264757
7.8,0.24543692606170264,0.004441891331225634
7.8,0.34361169648638357,0.004484386648982763
7.8,0.4417864669110647,0.0045137847773730755
7.8,0.5399612373357456,0.004544854164123535
7.8,0.6381360077604266,0.004581645131111145
7.8,0.7363107781851077,0.004606013186275959
7.8,0.8344855486097886,0.004613801371306181
7.8,0.9326603190344698,0.004625317640602589
7.8,1.030835089459151,0.004636380821466446
7.8,1.1290098598838316,0.00465027429163456
7.8,1.2271846303085128,0.004660736303776503
7.8,1.325359400733194,0.0046545229852199554
7.8,1.423534171157875,0.00466910470277071
7.8,1.5217089415825562,0.004663786850869656
7.8,1.619883712007237,0.0046643647365272045
7.8,1.718058482431918,0.004670356400310993
7.8,1.8162332528565992,0.004657373297959566
7.8,1.9144080232812803,0.004662185441702604
7.8,2.0125827937059615,0.004649677313864231
7.8,2.110757564130642,0.004640263505280018
7.8,2.2089323345553233,0.004630308598279953
7.8,2.3071071049800045,0.004619622137397528
7.8,2.405281875404685,0.004611359443515539
7.8,2.5034566458293663,0.00459425151348114
7.8,2.6016314162540475,0.004563379567116499
7.8,2.699806186678728,0.004538394045084715
7.8,2.7979809571034093,0.004509436897933483
7.8,2.8961557275280905,0.004468177445232868
7.8,2.9943304979527716,0.004444672726094723
7.8,3.0925052683774528,0.004422156140208244
7.9,-3.0925052683774528,0.004379283171147108
7.9,-2.994330497952771,0.004361473023891449
7.9,-2.8961557275280905,0.004332642070949078
7.9,-2.7979809571034098,0.004309993702918291
7.9,-2.699806186678728,0.004300104919821024
7.9,-2.6016314162540475,0.004283382557332516
7.9,-2.5034566458293668,0.004265961237251759
7.9,-2.405281875404685,0.0042496961541473866
7.9,-2.3071071049800045,0.004240408539772034
7.9,-2.208932334555323,0.004236799664795399
7.9,-2.110757564130642,0.004238476976752281
7.9,-2.0125827937059615,0.004220372531563044
7.9,-1.9144080232812801,0.004215687979012728
7.9,-1.8162332528565992,0.004200827796012163
7.9,-1.718058482431918,0.004200541879981756
7.9,-1.6198837120072371,0.004193267785012722
7.9,-1.521708941582556,0.004199201241135597
7.9,-1.423534171157875,0.004210945684462786
7.9,-1.325359400733194,0.0042083789594471455
7.9,-1.227184630308513,0.0042161839082837105
7.9,-1.1290098598838318,0.004215725231915712
7.9,-1.030835089459151,0.004229049198329449
7.9,-0.93266031903447,0.004234501160681248
7.9,-0.8344855486097889,0.004239437635987997
7.9,-0.7363107781851077,0.004247231874614954
7.9,-0.6381360077604266,0.0042641242034733295
7.9,-0.5399612373357456,0.004277563653886318
7.9,-0.4417864669110647,0.004288184456527233
7.9,-0.34361169648638357,0.004306260030716658
7.9,-0.24543692606170264,0.004317538347095251
7.9,-0.14726215563702172,0.00434922194108367
7.9,-0.04908738521234057,0.004358234815299511
7.9,0.04908738521234057,0.004389993380755186
7.9,0.14726215563702172,0.004419396165758371
7.9,0.24543692606170264,0.004446793347597122
7.9,0.34361169648638357,0.004490482155233622
7.9,0.4417864669110647,0.004514251835644245
7.9,0.5399612373357456,0.004549751989543438
7.9,0.6381360077604266,0.004583686124533415
7.9,0.7363107781851077,0.0046066767536103725
7.9,0.8344855486097886,0.0046139974147081375
7.9,0.9326603190344698,0.004624729044735432
7.9,1.030835089459151,0.004637325182557106
7.9,1.1290098598838316,0.004650747403502464
7.9,1.2271846303085128,0.004661479964852333
7.9,1.325359400733194,0.004654204472899437
7.9,1.423534171157875,0.004667543340474367
7.9,1.5217089415825562,0.004662086255848408
7.9,1.619883712007237,0.004662014544010162
7.9,1.718058482431918,0.004667686298489571
7.9,1.8162332528565992,0.004654524847865105
7.9,1.9144080232812803,0.004659397527575493
7.9,2.0125827937059615,0.004647362045943737
7.9,2.110757564130642,0.004636446945369244
7.9,2.2089323345553233,0.004626002162694931
7.9,2.3071071049800045,0.004616100806742907
7.9,2.405281875404685,0.004608169663697481
7.9,2.5034566458293663,0.004588470794260502
7.9,2.6016314162540475,0.004555966705083847
7.9,2.699806186678728,0.004524374846369028
7.9,2.7979809571034093,0.004507959354668856
7.9,2.8961557275280905,0.004461862146854401
7.9,2.9943304979527716,0.0044362498447299
7.9,3.0925052683774528,0.004413310904055834
8.0,-3.0925052683774528,0.004390937741845846
8.0,-2.994330497952771,0.004370712209492922
8.0,-2.8961557275280905,0.004337191581726074
8.0,-2.7979809571034098,0.004309982061386108
8.0,-2.699806186678728,0.0042962487787008286
8.0,-2.6016314162540475,0.0042796265333890915
8.0,-2.5034566458293668,0.0042652953416109085
8.0,-2.405281875404685,0.004246113356202841
8.0,-2.3071071049800045,0.004237012937664986
8.0,-2.208932334555323,0.004231088329106569
8.0,-2.110757564130642,0.004230166785418987
8.0,-2.0125827937059615,0.004211784340441227
8.0,-1.9144080232812801,0.004205722827464342
8.0,-1.8162332528565992,0.004192542750388384
8.0,-1.718058482431918,0.004195389803498983
8.0,-1.6198837120072371,0.0041875378228724
8.0,-1.521708941582556,0.004188849590718746
8.0,-1.423534171157875,0.004202293697744608
8.0,-1.325359400733194,0.004200361203402281
8.0,-1.227184630308513,0.004205799661576748
8.0,-1.1290098598838318,0.004207593388855457
8.0,-1.030835089459151,0.004224500618875027
8.0,-0.93266031903447,0.004229593090713024
8.0,-0.8344855486097889,0.004234846215695143
8.0,-0.7363107781851077,0.004242471884936094
8.0,-0.6381360077604266,0.0042582228779792786
8.0,-0.5399612373357456,0.004272098653018475
8.0,-0.4417864669110647,0.004284258000552654
8.0,-0.34361169648638357,0.0043054367415606976
8.0,-0.24543692606170264,0.00431810924783349
8.0,-0.14726215563702172,0.004354186821728945
8.0,-0.04908738521234057,0.00436552707105875
8.0,0.04908738521234057,0.004395372699946165
8.0,0.14726215563702172,0.00442098593339324
8.0,0.24543692606170264,0.004444024991244078
8.0,0.34361169648638357,0.004483785014599562
8.0,0.4417864669110647,0.004512690473347902
8.0,0.5399612373357456,0.004544400610029697
8.0,0.6381360077604266,0.004579049535095692
8.0,0.7363107781851077,0.004603081848472357
8.0,0.8344855486097886,0.004610210191458464
8.0,0.9326603190344698,0.004621224943548441
8.0,1.030835089459151,0.004636327736079693
8.0,1.1290098598838316,0.004650949500501156
8.0,1.2271846303085128,0.004662716761231422
8.0,1.325359400733194,0.004655763506889343
8.0,1.423534171157875,0.004670680966228247
8.0,1.5217089415825562,0.004665587097406387
8.0,1.619883712007237,0.004666734021157026
8.0,1.718058482431918,0.004673282615840435
8.0,1.8162332528565992,0.004660733509808779
8.0,1.9144080232812803,0.0046663833782076836
8.0,2.0125827937059615,0.004653211683034897
8.0,2.110757564130642,0.004642530344426632
8.0,2.2089323345553233,0.004634435288608074
8.0,2.3071071049800045,0.004622444044798613
8.0,2.405281875404685,0.004614482633769512
8.0,2.5034566458293663,0.004594774451106787
8.0,2.6016314162540475,0.004564508330076933
8.0,2.699806186678728,0.00453813374042511
8.0,2.7979809571034093,0.004509150981903076
8.0,2.8961557275280905,0.004468502942472696
8.0,2.9943304979527716,0.004446725361049175
8.0,3.0925052683774528,0.004424939397722483
8.1,-3.0925052683774528,0.004374314099550247
8.1,-2.994330497952771,0.0043587167747318745
8.1,-2.8961557275280905,0.004331342410296202
8.1,-2.7979809571034098,0.004309412557631731
8.1,-2.699806186678728,0.004295818042010069
8.1,-2.6016314162540475,0.0042801713570952415
8.1,-2.5034566458293668,0.004264976363629103
8.1,-2.405281875404685,0.004244868643581867
8.1,-2.3071071049800045,0.004235976841300726
8.1,-2.208932334555323,0.004230061545968056
8.1,-2.110757564130642,0.004222783260047436
8.1,-2.0125827937059615,0.0042066508904099464
8.1,-1.9144080232812801,0.004202637821435928
8.1,-1.8162332528565992,0.004191034007817507
8.1,-1.718058482431918,0.004193274769932032
8.1,-1.6198837120072371,0.0041914768517017365
8.1,-1.521708941582556,0.004198247566819191
8.1,-1.423534171157875,0.0042046294547617435
8.1,-1.325359400733194,0.004203273449093103
8.1,-1.227184630308513,0.004210956394672394
8.1,-1.1290098598838318,0.004212109372019768
8.1,-1.030835089459151,0.00422231201082468
8.1,-0.93266031903447,0.004231616854667664
8.1,-0.8344855486097889,0.0042313579469919205
8.1,-0.7363107781851077,0.0042391084134578705
8.1,-0.6381360077604266,0.004255669191479683
8.1,-0.5399612373357456,0.0042696986347436905
8.1,-0.4417864669110647,0.00428094994276762
8.1,-0.34361169648638357,0.004303634166717529
8.1,-0.24543692606170264,0.004311599303036928
8.1,-0.14726215563702172,0.004348248243331909
8.1,-0.04908738521234057,0.004359415732324123
8.1,0.04908738521234057,0.004390825051814318
8.1,0.14726215563702172,0.004418515134602785
8.1,0.24543692606170264,0.004443653393536806
8.1,0.34361169648638357,0.004485126119107008
8.1,0.4417864669110647,0.004514883738011122
8.1,0.5399612373357456,0.004548835568130016
8.1,0.6381360077604266,0.0045845285058021545
8.1,0.7363107781851077,0.0046093338169157505
8.1,0.8344855486097886,0.004617317114025354
8.1,0.9326603190344698,0.0046286131255328655
8.1,1.030835089459151,0.004639366175979376
8.1,1.1290098598838316,0.004652445204555988
8.1,1.2271846303085128,0.004664092790335417
8.1,1.325359400733194,0.004658188205212355
8.1,1.423534171157875,0.004672246519476175
8.1,1.5217089415825562,0.004666954278945923
8.1,1.619883712007237,0.004666451830416918
8.1,1.718058482431918,0.004671673756092787
8.1,1.8162332528565992,0.00465778773650527
8.1,1.9144080232812803,0.004663967061787844
8.1,2.0125827937059615,0.004654182121157646
8.1,2.110757564130642,0.004645864013582468
8.1,2.2089323345553233,0.004637783858925104
8.1,2.3071071049800045,0.004622343927621841
8.1,2.405281875404685,0.004606011789292097
8.1,2.5034566458293663,0.0045881615951657295
8.1,2.6016314162540475,0.0045615918934345245
8.1,2.699806186678728,0.00452467892318964
8.1,2.7979809571034093,0.004506336059421301
8.1,2.8961557275280905,0.004454637411981821
8.1,2.9943304979527716,0.004427372943609953
8.1,3.0925052683774528,0.004405483603477478
8.2,-3.0925052683774528,0.004382948856800795
8.2,-2.994330497952771,0.004366730339825153
8.2,-2.8961557275280905,0.004337694495916367
8.2,-2.7979809571034098,0.004314891062676907
8.2,-2.699806186678728,0.004304658155888319
8.2,-2.6016314162540475,0.004289898090064526
8.2,-2.5034566458293668,0.004271897487342358
8.2,-2.405281875404685,0.004251071717590094
8.2,-2.3071071049800045,0.004241126123815775
8.2,-2.208932334555323,0.004235417116433382
8.2,-2.110757564130642,0.0042296163737773895
8.2,-2.0125827937059615,0.004211082123219967
8.2,-1.9144080232812801,0.004208914935588837
8.2,-1.8162332528565992,0.004196227062493563
8.2,-1.718058482431918,0.00419611157849431
8.2,-1.6198837120072371,0.004190919455140829
8.2,-1.521708941582556,0.004195339046418667
8.2,-1.423534171157875,0.004206149838864803
8.2,-1.325359400733194,0.0042039561085402966
8.2,-1.227184630308513,0.0042124283500015736
8.2,-1.1290098598838318,0.004212183877825737
8.2,-1.030835089459151,0.004226723685860634
8.2,-0.93266031903447,0.004234908614307642
8.2,-0.8344855486097889,0.00423825066536665
8.2,-0.7363107781851077,0.004245237447321415
8.2,-0.6381360077604266,0.0042620087042450905
8.2,-0.5399612373357456,0.004275249782949686
8.2,-0.4417864669110647,0.00428613368421793
8.2,-0.34361169648638357,0.0043059708550572395
8.2,-0.24543692606170264,0.004323458299040794
8.2,-0.14726215563702172,0.004353312775492668
8.2,-0.04908738521234057,0.004362891893833876
8.2,0.04908738521234057,0.004390405490994453
8.2,0.14726215563702172,0.004416523966938257
8.2,0.24543692606170264,0.004441918805241585
8.2,0.34361169648638357,0.004485516343265772
8.2,0.4417864669110647,0.004516403190791607
8.2,0.5399612373357456,0.004551740363240242
8.2,0.6381360077604266,0.004586243536323309
8.2,0.7363107781851077,0.004609586670994759
8.2,0.8344855486097886,0.004617337603121996
8.2,0.9326603190344698,0.004628433845937252
8.2,1.030835089459151,0.004634980112314224
8.2,1.1290098598838316,0.004645495675504208
8.2,1.2271846303085128,0.004658042918890715
8.2,1.325359400733194,0.004653507843613625
8.2,1.423534171157875,0.004668269772082567
8.2,1.5217089415825562,0.004662665538489819
8.2,1.619883712007237,0.004662553314119577
8.2,1.718058482431918,0.0046679191291332245
8.2,1.8162332528565992,0.004653143230825663
8.2,1.9144080232812803,0.004658181685954332
8.2,2.0125827937059615,0.004647566005587578
8.2,2.110757564130642,0.004637390375137329
8.2,2.2089323345553233,0.004625158384442329
8.2,2.3071071049800045,0.004614553414285183
8.2,2.405281875404685,0.004609998781234026
8.2,2.5034566458293663,0.004589245654642582
8.2,2.6016314162540475,0.004557022359222174
8.2,2.699806186678728,0.00452275900170207
8.2,2.7979809571034093,0.004506053403019905
8.2,2.8961557275280905,0.004457353614270687
8.2,2.9943304979527716,0.004433855414390564
8.2,3.0925052683774528,0.004412992391735315
8.3,-3.0925052683774528,0.004376732278615236
8.3,-2.994330497952771,0.004357647616416216
8.3,-2.8961557275280905,0.004328031558543444
8.3,-2.7979809571034098,0.004307450260967016
8.3,-2.699806186678728,0.004295479040592909
8.3,-2.6016314162540475,0.004278511740267277
8.3,-2.5034566458293668,0.004260568879544735
8.3,-2.405281875404685,0.004245820455253124
8.3,-2.3071071049800045,0.004238732159137726
8.3,-2.208932334555323,0.0042368946596980095
8.3,-2.110757564130642,0.004229159094393253
8.3,-2.0125827937059615,0.004213309846818447
8.3,-1.9144080232812801,0.004201944451779127
8.3,-1.8162332528565992,0.004189988598227501
8.3,-1.718058482431918,0.004194577690213919
8.3,-1.6198837120072371,0.004186884965747595
8.3,-1.521708941582556,0.004190647043287754
8.3,-1.423534171157875,0.004201547242701054
8.3,-1.325359400733194,0.004202790092676878
8.3,-1.227184630308513,0.004211378283798695
8.3,-1.1290098598838318,0.00420576985925436
8.3,-1.030835089459151,0.004217715933918953
8.3,-0.93266031903447,0.004228412173688412
8.3,-0.8344855486097889,0.004232676234096289
8.3,-0.7363107781851077,0.004242163151502609
8.3,-0.6381360077604266,0.004261162132024765
8.3,-0.5399612373357456,0.004276872146874666
8.3,-0.4417864669110647,0.004290187265723944
8.3,-0.34361169648638357,0.004306877963244915
8.3,-0.24543692606170264,0.004327297210693359
8.3,-0.14726215563702172,0.004357822705060244
8.3,-0.04908738521234057,0.004369026981294155
8.3,0.04908738521234057,0.004399751778692007
8.3,0.14726215563702172,0.004426965489983559
8.3,0.24543692606170264,0.0044493782334029675
8.3,0.34361169648638357,0.004488572012633085
8.3,0.4417864669110647,0.004514124244451523
8.3,0.5399612373357456,0.004552202299237251
8.3,0.6381360077604266,0.004588051699101925
8.3,0.7363107781851077,0.004610471427440643
8.3,0.8344855486097886,0.0046183145605027676
8.3,0.9326603190344698,0.004629490431398153
8.3,1.030835089459151,0.004637360107153654
8.3,1.1290098598838316,0.0046460856683552265
8.3,1.2271846303085128,0.004658525809645653
8.3,1.325359400733194,0.004655055236071348
8.3,1.423534171157875,0.0046703568659722805
8.3,1.5217089415825562,0.00466564204543829
8.3,1.619883712007237,0.004666488151997328
8.3,1.718058482431918,0.004672557581216097
8.3,1.8162332528565992,0.004659038037061691
8.3,1.9144080232812803,0.0046646082773804665
8.3,2.0125827937059615,0.004652481526136398
8.3,2.110757564130642,0.004641402512788773
8.3,2.2089323345553233,0.004630571696907282
8.3,2.3071071049800045,0.004620266146957874
8.3,2.405281875404685,0.004613893106579781
8.3,2.5034566458293663,0.004593106918036938
8.3,2.6016314162540475,0.004560824483633041
8.3,2.699806186678728,0.004534869454801083
8.3,2.7979809571034093,0.0045084296725690365
8.3,2.8961557275280905,0.004461891483515501
8.3,2.9943304979527716,0.00443502189591527
8.3,3.0925052683774528,0.004411372356116772
8.4,-3.0925052683774528,0.004364555235952139
8.4,-2.994330497952771,0.0043478189036250114
8.4,-2.8961557275280905,0.004313943441957235
8.4,-2.7979809571034098,0.004304264206439257
8.4,-2.699806186678728,0.004280099645256996
8.4,-2.6016314162540475,0.00426830630749464
8.4,-2.5034566458293668,0.004256734624505043
8.4,-2.405281875404685,0.004241801332682371
8.4,-2.3071071049800045,0.004237193614244461
8.4,-2.208932334555323,0.004234706051647663
8.4,-2.110757564130642,0.0042297737672924995
8.4,-2.0125827937059615,0.00421679113060236
8.4,-1.9144080232812801,0.004215084947645664
8.4,-1.8162332528565992,0.004202027805149555
8.4,-1.718058482431918,0.0042044552974402905
8.4,-1.6198837120072371,0.004198660608381033
8.4,-1.521708941582556,0.004201933741569519
8.4,-1.423534171157875,0.004209308419376612
8.4,-1.325359400733194,0.004204944241791964
8.4,-1.227184630308513,0.004213706590235233
8.4,-1.1290098598838318,0.00420911842957139
8.4,-1.030835089459151,0.004219433292746544
8.4,-0.93266031903447,0.004232540726661682
8.4,-0.8344855486097889,0.004234095104038715
8.4,-0.7363107781851077,0.004242732189595699
8.4,-0.6381360077604266,0.004262106493115425
8.4,-0.5399612373357456,0.0042786323465406895
8.4,-0.4417864669110647,0.004290692508220673
8.4,-0.34361169648638357,0.004306939896196127
8.4,-0.24543692606170264,0.0043263849802315235
8.4,-0.14726215563702172,0.004355761222541332
8.4,-0.04908738521234057,0.004365971777588129
8.4,0.04908738521234057,0.004395842086523771
8.4,0.14726215563702172,0.004423331934958696
8.4,0.24543692606170264,0.004448818974196911
8.4,0.34361169648638357,0.004491555970162153
8.4,0.4417864669110647,0.004515013657510281
8.4,0.5399612373357456,0.004553559236228466
8.4,0.6381360077604266,0.004586406052112579
8.4,0.7363107781851077,0.004608045797795057
8.4,0.8344855486097886,0.004615495912730694
8.4,0.9326603190344698,0.004627065733075142
8.4,1.030835089459151,0.004635056480765343
8.4,1.1290098598838316,0.0046461038291454315
8.4,1.2271846303085128,0.00465926481410861
8.4,1.325359400733194,0.004655441269278526
8.4,1.423534171157875,0.00467069074511528
8.4,1.5217089415825562,0.004665734246373177
8.4,1.619883712007237,0.004666490945965052
8.4,1.718058482431918,0.00467243418097496
8.4,1.8162332528565992,0.004657337907701731
8.4,1.9144080232812803,0.004661987069994211
8.4,2.0125827937059615,0.0046506100334227085
8.4,2.110757564130642,0.004643009044229984
8.4,2.2089323345553233,0.004639040678739548
8.4,2.3071071049800045,0.004620793741196394
8.4,2.405281875404685,0.004605140071362257
8.4,2.5034566458293663,0.004585746675729752
8.4,2.6016314162540475,0.004560313653200865
8.4,2.699806186678728,0.004523553419858217
8.4,2.7979809571034093,0.004504342097789049
8.4,2.8961557275280905,0.004446228034794331
8.4,2.9943304979527716,0.004417247138917446
8.4,3.0925052683774528,0.004395139403641224
8.5,-3.0925052683774528,0.004369656089693308
8.5,-2.994330497952771,0.004351872950792313
8.5,-2.8961557275280905,0.004318047780543566
8.5,-2.7979809571034098,0.004306011367589235
8.5,-2.699806186678728,0.004285620059818029
8.5,-2.6016314162540475,0.004274535924196243
8.5,-2.5034566458293668,0.00426036911085248
8.5,-2.405281875404685,0.004244434647262096
8.5,-2.3071071049800045,0.004237488843500614
8.5,-2.208932334555323,0.004235084168612957
8.5,-2.110757564130642,0.004233563784509897
8.5,-2.0125827937059615,0.0042127445340156555
8.5,-1.9144080232812801,0.004205911885946989
8.5,-1.8162332528565992,0.004191090818494558
8.5,-1.718058482431918,0.004192621912807226
8.5,-1.6198837120072371,0.004187768790870905
8.5,-1.521708941582556,0.004192621447145939
8.5,-1.423534171157875,0.0042029558680951595
8.5,-1.325359400733194,0.0042012413032352924
8.5,-1.227184630308513,0.00420996593311429
8.5,-1.1290098598838318,0.004207434132695198
8.5,-1.030835089459151,0.0042190635576844215
8.5,-0.93266031903447,0.004228175617754459
8.5,-0.8344855486097889,0.004232083912938833
8.5,-0.7363107781851077,0.0042417533695697784
8.5,-0.6381360077604266,0.004260246641933918
8.5,-0.5399612373357456,0.00427522137761116
8.5,-0.4417864669110647,0.004286651499569416
8.5,-0.34361169648638357,0.004306165035814047
8.5,-0.24543692606170264,0.004323925357311964
8.5,-0.14726215563702172,0.004354947712272406
8.5,-0.04908738521234057,0.004366013221442699
8.5,0.04908738521234057,0.004395776893943548
8.5,0.14726215563702172,0.0044234455563127995
8.5,0.24543692606170264,0.004448572639375925
8.5,0.34361169648638357,0.004491135012358427
8.5,0.4417864669110647,0.004515404812991619
8.5,0.5399612373357456,0.004554854705929756
8.5,0.6381360077604266,0.004589598625898361
8.5,0.7363107781851077,0.004610428120940924
8.5,0.8344855486097886,0.004620602820068598
8.5,0.9326603190344698,0.0046329922042787075
8.5,1.030835089459151,0.004641171544790268
8.5,1.1290098598838316,0.004651542752981186
8.5,1.2271846303085128,0.004664173349738121
8.5,1.325359400733194,0.004659293685108423
8.5,1.423534171157875,0.004672581795603037
8.5,1.5217089415825562,0.004666727967560291
8.5,1.619883712007237,0.004665857646614313
8.5,1.718058482431918,0.004670644178986549
8.5,1.8162332528565992,0.004655607510358095
8.5,1.9144080232812803,0.004661161452531815
8.5,2.0125827937059615,0.004651915282011032
8.5,2.110757564130642,0.004645013250410557
8.5,2.2089323345553233,0.0046377326361835
8.5,2.3071071049800045,0.004621008411049843
8.5,2.405281875404685,0.004607839975506067
8.5,2.5034566458293663,0.004591991193592548
8.5,2.6016314162540475,0.004565883427858353
8.5,2.699806186678728,0.004526633769273758
8.5,2.7979809571034093,0.004506468772888184
8.5,2.8961557275280905,0.004453267436474562
8.5,2.9943304979527716,0.0044242688454687595
8.5,3.0925052683774528,0.004401605576276779
8.6,-3.0925052683774528,0.0043728104792535305
8.6,-2.994330497952771,0.0043556587770581245
8.6,-2.8961557275280905,0.004325428511947393
8.6,-2.7979809571034098,0.004306388087570667
8.6,-2.699806186678728,0.00428833719342947
8.6,-2.6016314162540475,0.004274213686585426
8.6,-2.5034566458293668,0.004260730464011431
8.6,-2.405281875404685,0.004242732189595699
8.6,-2.3071071049800045,0.0042350683361291885
8.6,-2.208932334555323,0.004231887869536877
8.6,-2.110757564130642,0.004223338328301907
8.6,-2.0125827937059615,0.004207457881420851
8.6,-1.9144080232812801,0.0042020962573587894
8.6,-1.8162332528565992,0.004190224688500166
8.6,-1.718058482431918,0.004194376524537802
8.6,-1.6198837120072371,0.004188560415059328
8.6,-1.521708941582556,0.004194203764200211
8.6,-1.423534171157875,0.004204339813441038
8.6,-1.325359400733194,0.004204753786325455
8.6,-1.227184630308513,0.004210785496979952
8.6,-1.1290098598838318,0.004210269078612328
8.6,-1.030835089459151,0.0042241280898451805
8.6,-0.93266031903447,0.004231817089021206
8.6,-0.8344855486097889,0.004234518390148878
8.6,-0.7363107781851077,0.004243072122335434
8.6,-0.6381360077604266,0.004260259680449963
8.6,-0.5399612373357456,0.0042743682861328125
8.6,-0.4417864669110647,0.004285343922674656
8.6,-0.34361169648638357,0.004305392503738403
8.6,-0.24543692606170264,0.00431685708463192
8.6,-0.14726215563702172,0.004351712763309479
8.6,-0.04908738521234057,0.0043626874685287476
8.6,0.04908738521234057,0.004393391311168671
8.6,0.14726215563702172,0.004421111196279526
8.6,0.24543692606170264,0.004445892758667469
8.6,0.34361169648638357,0.0044884514063596725
8.6,0.4417864669110647,0.004514627158641815
8.6,0.5399612373357456,0.0045524779707193375
8.6,0.6381360077604266,0.004586530849337578
8.6,0.7363107781851077,0.004608730785548687
8.6,0.8344855486097886,0.004616016522049904
8.6,0.9326603190344698,0.0046275402419269085
8.6,1.030835089459151,0.004637022502720356
8.6,1.1290098598838316,0.00464934017509222
8.6,1.2271846303085128,0.004662208259105682
8.6,1.325359400733194,0.0046577733010053635
8.6,1.423534171157875,0.00467285979539156
8.6,1.5217089415825562,0.0046682218089699745
8.6,1.619883712007237,0.004669671878218651
8.6,1.718058482431918,0.004676030017435551
8.6,1.8162332528565992,0.004662694875150919
8.6,1.9144080232812803,0.004668453708291054
8.6,2.0125827937059615,0.004658503457903862
8.6,2.110757564130642,0.004649979993700981
8.6,2.2089323345553233,0.004639994353055954
8.6,2.3071071049800045,0.004622559994459152
8.6,2.405281875404685,0.004609210416674614
8.6,2.5034566458293663,0.004591433331370354
8.6,2.6016314162540475,0.0045624179765582085
8.6,2.699806186678728,0.00452547799795866
8.6,2.7979809571034093,0.004506286233663559
8.6,2.8961557275280905,0.004453385714441538
8.6,2.9943304979527716,0.004425275605171919
8.6,3.0925052683774528,0.004403839353471994
8.7,-3.0925052683774528,0.004381889943033457
8.7,-2.994330497952771,0.004365154542028904
8.7,-2.8961557275280905,0.004336461424827576
8.7,-2.7979809571034098,0.004323792643845081
8.7,-2.699806186678728,0.004302638117223978
8.7,-2.6016314162540475,0.0042822277173399925
8.7,-2.5034566458293668,0.004265299066901207
8.7,-2.405281875404685,0.004244727548211813
8.7,-2.3071071049800045,0.0042357672937214375
8.7,-2.208932334555323,0.004234762862324715
8.7,-2.110757564130642,0.004226542077958584
8.7,-2.0125827937059615,0.004212058149278164
8.7,-1.9144080232812801,0.004205143544822931
8.7,-1.8162332528565992,0.004190321546047926
8.7,-1.718058482431918,0.004192712251096964
8.7,-1.6198837120072371,0.0041857571341097355
8.7,-1.521708941582556,0.004193374887108803
8.7,-1.423534171157875,0.004202875774353743
8.7,-1.325359400733194,0.004201879259198904
8.7,-1.227184630308513,0.004211180377751589
8.7,-1.1290098598838318,0.0042108818888664246
8.7,-1.030835089459151,0.0042213089764118195
8.7,-0.93266031903447,0.0042342147789895535
8.7,-0.8344855486097889,0.004232766572386026
8.7,-0.7363107781851077,0.004240149166435003
8.7,-0.6381360077604266,0.004256317391991615
8.7,-0.5399612373357456,0.004269660450518131
8.7,-0.4417864669110647,0.004281232599169016
8.7,-0.34361169648638357,0.004304137080907822
8.7,-0.24543692606170264,0.004311422351747751
8.7,-0.14726215563702172,0.004346869885921478
8.7,-0.04908738521234057,0.0043566869571805
8.7,0.04908738521234057,0.004386074375361204
8.7,0.14726215563702172,0.004414011258631945
8.7,0.24543692606170264,0.004440970253199339
8.7,0.34361169648638357,0.004484422039240599
8.7,0.4417864669110647,0.004516001790761948
8.7,0.5399612373357456,0.004550481215119362
8.7,0.6381360077604266,0.004586119204759598
8.7,0.7363107781851077,0.00460895337164402
8.7,0.8344855486097886,0.004616457503288984
8.7,0.9326603190344698,0.004626937210559845
8.7,1.030835089459151,0.004637358244508505
8.7,1.1290098598838316,0.004650226794183254
8.7,1.2271846303085128,0.00466237822547555
8.7,1.325359400733194,0.004656720440834761
8.7,1.423534171157875,0.004671252332627773
8.7,1.5217089415825562,0.004666020628064871
8.7,1.619883712007237,0.004667209926992655
8.7,1.718058482431918,0.004674125928431749
8.7,1.8162332528565992,0.0046624005772173405
8.7,1.9144080232812803,0.00466908048838377
8.7,2.0125827937059615,0.004660238977521658
8.7,2.110757564130642,0.004652271047234535
8.7,2.2089323345553233,0.004642698913812637
8.7,2.3071071049800045,0.004622417967766523
8.7,2.405281875404685,0.004608402028679848
8.7,2.5034566458293663,0.00459135789424181
8.7,2.6016314162540475,0.004566147457808256
8.7,2.699806186678728,0.0045274291187524796
8.7,2.7979809571034093,0.0045074704103171825
8.7,2.8961557275280905,0.004458451643586159
8.7,2.9943304979527716,0.004433643538504839
8.7,3.0925052683774528,0.004412604495882988
8.8,-3.0925052683774528,0.004383421037346125
8.8,-2.994330497952771,0.004366232547909021
8.8,-2.8961557275280905,0.004336434882134199
8.8,-2.7979809571034098,0.004322068765759468
8.8,-2.699806186678728,0.004300782456994057
8.8,-2.6016314162540475,0.0042830947786569595
8.8,-2.5034566458293668,0.004267110489308834
8.8,-2.405281875404685,0.0042470828630030155
8.8,-2.3071071049800045,0.004237396642565727
8.8,-2.208932334555323,0.004231355153024197
8.8,-2.110757564130642,0.00422892440110445
8.8,-2.0125827937059615,0.0042134299874305725
8.8,-1.9144080232812801,0.0042105321772396564
8.8,-1.8162332528565992,0.004199478309601545
8.8,-1.718058482431918,0.004198215436190367
8.8,-1.6198837120072371,0.004190988373011351
8.8,-1.521708941582556,0.004195493645966053
8.8,-1.423534171157875,0.004205055069178343
8.8,-1.325359400733194,0.004205632489174604
8.8,-1.227184630308513,0.004214046522974968
8.8,-1.1290098598838318,0.004211467690765858
8.8,-1.030835089459151,0.004226318560540676
8.8,-0.93266031903447,0.004238474182784557
8.8,-0.8344855486097889,0.00423815893009305
8.8,-0.7363107781851077,0.00424634013324976
8.8,-0.6381360077604266,0.004264281131327152
8.8,-0.5399612373357456,0.004278099164366722
8.8,-0.4417864669110647,0.004287416115403175
8.8,-0.34361169648638357,0.004305554553866386
8.8,-0.24543692606170264,0.004316014237701893
8.8,-0.14726215563702172,0.004348148591816425
8.8,-0.04908738521234057,0.00435700174421072
8.8,0.04908738521234057,0.004384596366435289
8.8,0.14726215563702172,0.004410882480442524
8.8,0.24543692606170264,0.004436785820871592
8.8,0.34361169648638357,0.004479472991079092
8.8,0.4417864669110647,0.004511250648647547
8.8,0.5399612373357456,0.004545407369732857
8.8,0.6381360077604266,0.004582851659506559
8.8,0.7363107781851077,0.004607859067618847
8.8,0.8344855486097886,0.004614697303622961
8.8,0.9326603190344698,0.004625887610018253
8.8,1.030835089459151,0.004636348690837622
8.8,1.1290098598838316,0.004648745525628328
8.8,1.2271846303085128,0.004658924415707588
8.8,1.325359400733194,0.004652177449315786
8.8,1.423534171157875,0.004666344728320837
8.8,1.5217089415825562,0.004660853184759617
8.8,1.619883712007237,0.004660844337195158
8.8,1.718058482431918,0.004665893968194723
8.8,1.8162332528565992,0.004652897361665964
8.8,1.9144080232812803,0.004659055732190609
8.8,2.0125827937059615,0.004650880582630634
8.8,2.110757564130642,0.004644034430384636
8.8,2.2089323345553233,0.0046378266997635365
8.8,2.3071071049800045,0.004616986028850079
8.8,2.405281875404685,0.004604651127010584
8.8,2.5034566458293663,0.0045897988602519035
8.8,2.6016314162540475,0.004563228227198124
8.8,2.699806186678728,0.004525584634393454
8.8,2.7979809571034093,0.004507137928158045
8.8,2.8961557275280905,0.00445921067148447
8.8,2.9943304979527716,0.004435476381331682
8.8,3.0925052683774528,0.004414486698806286
8.9,-3.0925052683774528,0.004400287289172411
8.9,-2.994330497952771,0.004381351638585329
8.9,-2.8961557275280905,0.004348492715507746
8.9,-2.7979809571034098,0.0043317642994225025
8.9,-2.699806186678728,0.004306478425860405
8.9,-2.6016314162540475,0.004293394740670919
8.9,-2.5034566458293668,0.004272171296179295
8.9,-2.405281875404685,0.004245119169354439
8.9,-2.3071071049800045,0.004237625747919083
8.9,-2.208932334555323,0.004240372218191624
8.9,-2.110757564130642,0.004228302277624607
8.9,-2.0125827937059615,0.004214324988424778
8.9,-1.9144080232812801,0.00421461695805192
8.9,-1.8162332528565992,0.004197506699711084
8.9,-1.718058482431918,0.004196785856038332
8.9,-1.6198837120072371,0.004189908504486084
8.9,-1.521708941582556,0.004190836101770401
8.9,-1.423534171157875,0.004196744877845049
8.9,-1.325359400733194,0.0041944608092308044
8.9,-1.227184630308513,0.004202811047434807
8.9,-1.1290098598838318,0.004198500420898199
8.9,-1.030835089459151,0.004209815990179777
8.9,-0.93266031903447,0.004222015384584665
8.9,-0.8344855486097889,0.004226726479828358
8.9,-0.7363107781851077,0.004234325606375933
8.9,-0.6381360077604266,0.0042505585588514805
8.9,-0.5399612373357456,0.0042645009234547615
8.9,-0.4417864669110647,0.004279719665646553
8.9,-0.34361169648638357,0.004304070025682449
8.9,-0.24543692606170264,0.004311533644795418
8.9,-0.14726215563702172,0.004346743691712618
8.9,-0.04908738521234057,0.004357039928436279
8.9,0.04908738521234057,0.004386451095342636
8.9,0.14726215563702172,0.004412942565977573
8.9,0.24543692606170264,0.00443954486399889
8.9,0.34361169648638357,0.00448332354426384
8.9,0.4417864669110647,0.004514673724770546
8.9,0.5399612373357456,0.004548677243292332
8.9,0.6381360077604266,0.004582879599183798
8.9,0.7363107781851077,0.004606615286320448
8.9,0.8344855486097886,0.004615810699760914
8.9,0.9326603190344698,0.004627272952347994
8.9,1.030835089459151,0.004636500962078571
8.9,1.1290098598838316,0.004648598842322826
8.9,1.2271846303085128,0.004662312101572752
8.9,1.325359400733194,0.004658525809645653
8.9,1.423534171157875,0.004673414397984743
8.9,1.5217089415825562,0.0046682292595505714
8.9,1.619883712007237,0.004668670240789652
8.9,1.718058482431918,0.004674498923122883
8.9,1.8162332528565992,0.004661233630031347
8.9,1.9144080232812803,0.0046679251827299595
8.9,2.0125827937059615,0.004659430123865604
8.9,2.110757564130642,0.00465198140591383
8.9,2.2089323345553233,0.004642278887331486
8.9,2.3071071049800045,0.004621915984898806
8.9,2.405281875404685,0.004607309587299824
8.9,2.5034566458293663,0.004593482706695795
8.9,2.6016314162540475,0.004570637829601765
8.9,2.699806186678728,0.004543496761471033
8.9,2.7979809571034093,0.00451153377071023
8.9,2.8961557275280905,0.004474930930882692
8.9,2.9943304979527716,0.004454839043319225
8.9,3.0925052683774528,0.004433813504874706
9.0,-3.0925052683774528,0.004376997705549002
9.0,-2.994330497952771,0.004357956815510988
9.0,-2.8961557275280905,0.004326355643570423
9.0,-2.7979809571034098,0.004306481685489416
9.0,-2.699806186678728,0.004287914372980595
9.0,-2.6016314162540475,0.004273875150829554
9.0,-2.5034566458293668,0.004259669221937656
9.0,-2.405281875404685,0.004241529386490583
9.0,-2.3071071049800045,0.004235259722918272
9.0,-2.208932334555323,0.004227380268275738
9.0,-2.110757564130642,0.004224463831633329
9.0,-2.0125827937059615,0.004210592247545719
9.0,-1.9144080232812801,0.004208184778690338
9.0,-1.8162332528565992,0.0041945013217628
9.0,-1.718058482431918,0.00419950345531106
9.0,-1.6198837120072371,0.0041895667091012
9.0,-1.521708941582556,0.004192940890789032
9.0,-1.423534171157875,0.004202491603791714
9.0,-1.325359400733194,0.004203264135867357
9.0,-1.227184630308513,0.004212018568068743
9.0,-1.1290098598838318,0.004211805760860443
9.0,-1.030835089459151,0.0042258272878825665
9.0,-0.93266031903447,0.004233965650200844
9.0,-0.8344855486097889,0.0042380462400615215
9.0,-0.7363107781851077,0.004244647920131683
9.0,-0.6381360077604266,0.004260052926838398
9.0,-0.5399612373357456,0.004273207392543554
9.0,-0.4417864669110647,0.004284725058823824
9.0,-0.34361169648638357,0.004305481910705566
9.0,-0.24543692606170264,0.004317604470998049
9.0,-0.14726215563702172,0.004352141171693802
9.0,-0.04908738521234057,0.004361877217888832
9.0,0.04908738521234057,0.004391219466924667
9.0,0.14726215563702172,0.004419329110532999
9.0,0.24543692606170264,0.004445376340299845
9.0,0.34361169648638357,0.004488123115152121
9.0,0.4417864669110647,0.004514095839112997
9.0,0.5399612373357456,0.004550241865217686
9.0,0.6381360077604266,0.004585900343954563
9.0,0.7363107781851077,0.004609480034559965
9.0,0.8344855486097886,0.004618215374648571
9.0,0.9326603190344698,0.004630364011973143
9.0,1.030835089459151,0.004638833925127983
9.0,1.1290098598838316,0.0046508884988725185
9.0,1.2271846303085128,0.004662537947297096
9.0,1.325359400733194,0.004656919743865728
9.0,1.423534171157875,0.004670747555792332
9.0,1.5217089415825562,0.0046649230644106865
9.0,1.619883712007237,0.004664955195039511
9.0,1.718058482431918,0.0046706534922122955
9.0,1.8162332528565992,0.00465873209759593
9.0,1.9144080232812803,0.004666097927838564
9.0,2.0125827937059615,0.004657701123505831
9.0,2.110757564130642,0.004651026800274849
9.0,2.2089323345553233,0.00464272778481245
9.0,2.3071071049800045,0.00462137209251523
9.0,2.405281875404685,0.004607321694493294
9.0,2.5034566458293663,0.0045895869843661785
9.0,2.6016314162540475,0.004564961884170771
9.0,2.699806186678728,0.00452690664678812
9.0,2.7979809571034093,0.00450742244720459
9.0,2.8961557275280905,0.0044581089168787
9.0,2.9943304979527716,0.004432609770447016
9.0,3.0925052683774528,0.004410408437252045
9.1,-3.0925052683774528,0.004383227787911892
9.1,-2.994330497952771,0.004364631604403257
9.1,-2.8961557275280905,0.004334190860390663
9.1,-2.7979809571034098,0.004309846553951502
9.1,-2.699806186678728,0.004298672080039978
9.1,-2.6016314162540475,0.004276829771697521
9.1,-2.5034566458293668,0.004259845241904259
9.1,-2.405281875404685,0.004245249088853598
9.1,-2.3071071049800045,0.004238007590174675
9.1,-2.208932334555323,0.004231693223118782
9.1,-2.110757564130642,0.004220747388899326
9.1,-2.0125827937059615,0.0042093354277312756
9.1,-1.9144080232812801,0.004209386650472879
9.1,-1.8162332528565992,0.004196584690362215
9.1,-1.718058482431918,0.004199284128844738
9.1,-1.6198837120072371,0.0041942354291677475
9.1,-1.521708941582556,0.004198507405817509
9.1,-1.423534171157875,0.004208116326481104
9.1,-1.325359400733194,0.004206555895507336
9.1,-1.227184630308513,0.004214835353195667
9.1,-1.1290098598838318,0.004214668646454811
9.1,-1.030835089459151,0.004227246157824993
9.1,-0.93266031903447,0.004235472530126572
9.1,-0.8344855486097889,0.004238988272845745
9.1,-0.7363107781851077,0.0042481799609959126
9.1,-0.6381360077604266,0.004266401752829552
9.1,-0.5399612373357456,0.004280366934835911
9.1,-0.4417864669110647,0.004290176555514336
9.1,-0.34361169648638357,0.004306365270167589
9.1,-0.24543692606170264,0.004323059692978859
9.1,-0.14726215563702172,0.004351649433374405
9.1,-0.04908738521234057,0.004361292347311974
9.1,0.04908738521234057,0.0043891724199056625
9.1,0.14726215563702172,0.004415266215801239
9.1,0.24543692606170264,0.004440296906977892
9.1,0.34361169648638357,0.004483000375330448
9.1,0.4417864669110647,0.0045130872167646885
9.1,0.5399612373357456,0.004545974545180798
9.1,0.6381360077604266,0.004580503795295954
9.1,0.7363107781851077,0.0046050287783145905
9.1,0.8344855486097886,0.0046135433949530125
9.1,0.9326603190344698,0.004625380039215088
9.1,1.030835089459151,0.0046373410150408745
9.1,1.1290098598838316,0.004651679191738367
9.1,1.2271846303085128,0.004662446212023497
9.1,1.325359400733194,0.004655593540519476
9.1,1.423534171157875,0.004669656045734882
9.1,1.5217089415825562,0.0046641044318675995
9.1,1.619883712007237,0.004664307925850153
9.1,1.718058482431918,0.004670453257858753
9.1,1.8162332528565992,0.004657502751797438
9.1,1.9144080232812803,0.004664003849029541
9.1,2.0125827937059615,0.004654236137866974
9.1,2.110757564130642,0.004648677073419094
9.1,2.2089323345553233,0.004640343599021435
9.1,2.3071071049800045,0.00462433323264122
9.1,2.405281875404685,0.00461031636223197
9.1,2.5034566458293663,0.004594551399350166
9.1,2.6016314162540475,0.0045691728591918945
9.1,2.699806186678728,0.004540018737316132
9.1,2.7979809571034093,0.004508305341005325
9.1,2.8961557275280905,0.004460873082280159
9.1,2.9943304979527716,0.00443675322458148
9.1,3.0925052683774528,0.004415633622556925
9.2,-3.0925052683774528,0.0043724942952394485
9.2,-2.994330497952771,0.004353909753262997
9.2,-2.8961557275280905,0.0043176645413041115
9.2,-2.7979809571034098,0.004305344074964523
9.2,-2.699806186678728,0.004284488968551159
9.2,-2.6016314162540475,0.004267869517207146
9.2,-2.5034566458293668,0.004255902487784624
9.2,-2.405281875404685,0.004244269337505102
9.2,-2.3071071049800045,0.0042387498542666435
9.2,-2.208932334555323,0.004233865067362785
9.2,-2.110757564130642,0.004227306693792343
9.2,-2.0125827937059615,0.00421657832339406
9.2,-1.9144080232812801,0.004218865651637316
9.2,-1.8162332528565992,0.004207303281873465
9.2,-1.718058482431918,0.004206626210361719
9.2,-1.6198837120072371,0.004197295289486647
9.2,-1.521708941582556,0.004196838475763798
9.2,-1.423534171157875,0.004206411074846983
9.2,-1.325359400733194,0.0042025260627269745
9.2,-1.227184630308513,0.004209204576909542
9.2,-1.1290098598838318,0.004202728159725666
9.2,-1.030835089459151,0.004216507542878389
9.2,-0.93266031903447,0.004227963276207447
9.2,-0.8344855486097889,0.004230228252708912
9.2,-0.7363107781851077,0.004238847177475691
9.2,-0.6381360077604266,0.004257067106664181
9.2,-0.5399612373357456,0.004271151497960091
9.2,-0.4417864669110647,0.004283071029931307
9.2,-0.34361169648638357,0.004304768517613411
9.2,-0.24543692606170264,0.004314588848501444
9.2,-0.14726215563702172,0.004349044058471918
9.2,-0.04908738521234057,0.004359551705420017
9.2,0.04908738521234057,0.0043900576420128345
9.2,0.14726215563702172,0.004418318625539541
9.2,0.24543692606170264,0.004445559810847044
9.2,0.34361169648638357,0.004489183891564608
9.2,0.4417864669110647,0.004513944033533335
9.2,0.5399612373357456,0.004551168531179428
9.2,0.6381360077604266,0.004585603252053261
9.2,0.7363107781851077,0.004609292838722467
9.2,0.8344855486097886,0.004616617225110531
9.2,0.9326603190344698,0.004626997280865908
9.2,1.030835089459151,0.004639110062271357
9.2,1.1290098598838316,0.004652070347219706
9.2,1.2271846303085128,0.0046624671667814255
9.2,1.325359400733194,0.004655053373426199
9.2,1.423534171157875,0.00466897850856185
9.2,1.5217089415825562,0.00466371513903141
9.2,1.619883712007237,0.004664994310587645
9.2,1.718058482431918,0.0046724663116037846
9.2,1.8162332528565992,0.004661493469029665
9.2,1.9144080232812803,0.004668407142162323
9.2,2.0125827937059615,0.0046602110378444195
9.2,2.110757564130642,0.004651482682675123
9.2,2.2089323345553233,0.0046409983187913895
9.2,2.3071071049800045,0.00462330412119627
9.2,2.405281875404685,0.004611583426594734
9.2,2.5034566458293663,0.004594777710735798
9.2,2.6016314162540475,0.0045639644376933575
9.2,2.699806186678728,0.004525140393525362
9.2,2.7979809571034093,0.004506307188421488
9.2,2.8961557275280905,0.00445476733148098
9.2,2.9943304979527716,0.004427226260304451
9.2,3.0925052683774528,0.004404814913868904
9.3,-3.0925052683774528,0.004377506673336029
9.3,-2.994330497952771,0.004360597115010023
9.3,-2.8961557275280905,0.004331646952778101
9.3,-2.7979809571034098,0.004309098701924086
9.3,-2.699806186678728,0.0042945691384375095
9.3,-2.6016314162540475,0.0042792316526174545
9.3,-2.5034566458293668,0.0042641302570700645
9.3,-2.405281875404685,0.004249786492437124
9.3,-2.3071071049800045,0.0042442502453923225
9.3,-2.208932334555323,0.0042442562989890575
9.3,-2.110757564130642,0.00423744972795248
9.3,-2.0125827937059615,0.004226352088153362
9.3,-1.9144080232812801,0.004223814234137535
9.3,-1.8162332528565992,0.0042100939899683
9.3,-1.718058482431918,0.004209066741168499
9.3,-1.6198837120072371,0.004199428949505091
9.3,-1.521708941582556,0.004197374917566776
9.3,-1.423534171157875,0.004203388001769781
9.3,-1.325359400733194,0.004199485294520855
9.3,-1.227184630308513,0.004203783348202705
9.3,-1.1290098598838318,0.004200144205242395
9.3,-1.030835089459151,0.004213365726172924
9.3,-0.93266031903447,0.0042240736074745655
9.3,-0.8344855486097889,0.004227503668516874
9.3,-0.7363107781851077,0.0042360215447843075
9.3,-0.6381360077604266,0.004252719227224588
9.3,-0.5399612373357456,0.004267270676791668
9.3,-0.4417864669110647,0.004279302433133125
9.3,-0.34361169648638357,0.0043037752620875835
9.3,-0.24543692606170264,0.004310932941734791
9.3,-0.14726215563702172,0.004347287118434906
9.3,-0.04908738521234057,0.004358291160315275
9.3,0.04908738521234057,0.004389218054711819
9.3,0.14726215563702172,0.00441790372133255
9.3,0.24543692606170264,0.004444798454642296
9.3,0.34361169648638357,0.004488181788474321
9.3,0.4417864669110647,0.00451716547831893
9.3,0.5399612373357456,0.004550711251795292
9.3,0.6381360077604266,0.0045849778689444065
9.3,0.7363107781851077,0.004608331713825464
9.3,0.8344855486097886,0.004616199992597103
9.3,0.9326603190344698,0.004626956768333912
9.3,1.030835089459151,0.004640309140086174
9.3,1.1290098598838316,0.0046536801382899284
9.3,1.2271846303085128,0.0046637943014502525
9.3,1.325359400733194,0.00465617747977376
9.3,1.423534171157875,0.004670088645070791
9.3,1.5217089415825562,0.004664757288992405
9.3,1.619883712007237,0.004665945190936327
9.3,1.718058482431918,0.004673507530242205
9.3,1.8162332528565992,0.004661943763494492
9.3,1.9144080232812803,0.004669129382818937
9.3,2.0125827937059615,0.004660883918404579
9.3,2.110757564130642,0.004654262214899063
9.3,2.2089323345553233,0.004645056556910276
9.3,2.3071071049800045,0.004625071305781603
9.3,2.405281875404685,0.004610869567841291
9.3,2.5034566458293663,0.004592617973685265
9.3,2.6016314162540475,0.0045670876279473305
9.3,2.699806186678728,0.004526893142610788
9.3,2.7979809571034093,0.0045068287290632725
9.3,2.8961557275280905,0.00445516174659133
9.3,2.9943304979527716,0.004429154098033905
9.3,3.0925052683774528,0.00440775603055954
9.4,-3.0925052683774528,0.004374772310256958
9.4,-2.994330497952771,0.004357120022177696
9.4,-2.8961557275280905,0.004326703492552042
9.4,-2.7979809571034098,0.004306735470890999
9.4,-2.699806186678728,0.004290824290364981
9.4,-2.6016314162540475,0.004278053063899279
9.4,-2.5034566458293668,0.004261783789843321
9.4,-2.405281875404685,0.004245840944349766
9.4,-2.3071071049800045,0.004241030663251877
9.4,-2.208932334555323,0.0042361607775092125
9.4,-2.110757564130642,0.004227298311889172
9.4,-2.0125827937059615,0.00421859510242939
9.4,-1.9144080232812801,0.004217221401631832
9.4,-1.8162332528565992,0.0042037745006382465
9.4,-1.718058482431918,0.004206323064863682
9.4,-1.6198837120072371,0.004199763294309378
9.4,-1.521708941582556,0.0042038122192025185
9.4,-1.423534171157875,0.00420959759503603
9.4,-1.325359400733194,0.0042076739482581615
9.4,-1.227184630308513,0.004214216955006123
9.4,-1.1290098598838318,0.004210555925965309
9.4,-1.030835089459151,0.004224557429552078
9.4,-0.93266031903447,0.0042327577248215675
9.4,-0.8344855486097889,0.004237714689224958
9.4,-0.7363107781851077,0.004245451185852289
9.4,-0.6381360077604266,0.0042627048678696156
9.4,-0.5399612373357456,0.004277789033949375
9.4,-0.4417864669110647,0.004288500174880028
9.4,-0.34361169648638357,0.0043062251061201096
9.4,-0.24543692606170264,0.004323973786085844
9.4,-0.14726215563702172,0.004353814292699099
9.4,-0.04908738521234057,0.004363826476037502
9.4,0.04908738521234057,0.004391226917505264
9.4,0.14726215563702172,0.0044167498126626015
9.4,0.24543692606170264,0.0044399444013834
9.4,0.34361169648638357,0.004479636903852224
9.4,0.4417864669110647,0.004511480685323477
9.4,0.5399612373357456,0.004544615745544434
9.4,0.6381360077604266,0.004581233486533165
9.4,0.7363107781851077,0.004605289548635483
9.4,0.8344855486097886,0.004613508936017752
9.4,0.9326603190344698,0.004624331369996071
9.4,1.030835089459151,0.0046354602091014385
9.4,1.1290098598838316,0.004647078923881054
9.4,1.2271846303085128,0.0046570030972361565
9.4,1.325359400733194,0.004652645904570818
9.4,1.423534171157875,0.0046681687235832214
9.4,1.5217089415825562,0.004662735853344202
9.4,1.619883712007237,0.004663359373807907
9.4,1.718058482431918,0.004670207388699055
9.4,1.8162332528565992,0.004657221492379904
9.4,1.9144080232812803,0.004664399661123753
9.4,2.0125827937059615,0.004656116012483835
9.4,2.110757564130642,0.004649752750992775
9.4,2.2089323345553233,0.004640362225472927
9.4,2.3071071049800045,0.0046209292486310005
9.4,2.405281875404685,0.004608027171343565
9.4,2.5034566458293663,0.004590592347085476
9.4,2.6016314162540475,0.00456437561661005
9.4,2.699806186678728,0.004525282420217991
9.4,2.7979809571034093,0.00450613209977746
9.4,2.8961557275280905,0.004453909117728472
9.4,2.9943304979527716,0.004426882602274418
9.4,3.0925052683774528,0.004405310843139887
9.5,-3.0925052683774528,0.004382954444736242
9.5,-2.994330497952771,0.004364293534308672
9.5,-2.8961557275280905,0.00433332147076726
9.5,-2.7979809571034098,0.004309083800762892
9.5,-2.699806186678728,0.004292339086532593
9.5,-2.6016314162540475,0.004276851192116737
9.5,-2.5034566458293668,0.004261155612766743
9.5,-2.405281875404685,0.004246761556714773
9.5,-2.3071071049800045,0.004242404364049435
9.5,-2.208932334555323,0.004236552398651838
9.5,-2.110757564130642,0.0042230430990457535
9.5,-2.0125827937059615,0.004209931939840317
9.5,-1.9144080232812801,0.004212590400129557
9.5,-1.8162332528565992,0.004200432449579239
9.5,-1.718058482431918,0.00420233141630888
9.5,-1.6198837120072371,0.004195243585854769
9.5,-1.521708941582556,0.0041967430151999
9.5,-1.423534171157875,0.004205166827887297
9.5,-1.325359400733194,0.004200529772788286
9.5,-1.227184630308513,0.004207978956401348
9.5,-1.1290098598838318,0.004203615244477987
9.5,-1.030835089459151,0.004216125700622797
9.5,-0.93266031903447,0.0042277052998542786
9.5,-0.8344855486097889,0.0042297630570828915
9.5,-0.7363107781851077,0.004238562658429146
9.5,-0.6381360077604266,0.004256886430084705
9.5,-0.5399612373357456,0.004272350110113621
9.5,-0.4417864669110647,0.004283827729523182
9.5,-0.34361169648638357,0.004305127076804638
9.5,-0.24543692606170264,0.004315505735576153
9.5,-0.14726215563702172,0.00434770667925477
9.5,-0.04908738521234057,0.004356122575700283
9.5,0.04908738521234057,0.004382917191833258
9.5,0.14726215563702172,0.004409112501889467
9.5,0.24543692606170264,0.004434338770806789
9.5,0.34361169648638357,0.004475874826312065
9.5,0.4417864669110647,0.004509487189352512
9.5,0.5399612373357456,0.004543357994407415
9.5,0.6381360077604266,0.004580196458846331
9.5,0.7363107781851077,0.004605468362569809
9.5,0.8344855486097886,0.004613024182617664
9.5,0.9326603190344698,0.004625348374247551
9.5,1.030835089459151,0.0046356720849871635
9.5,1.1290098598838316,0.004646193236112595
9.5,1.2271846303085128,0.004659499041736126
9.5,1.325359400733194,0.004655817057937384
9.5,1.423534171157875,0.004670575726777315
9.5,1.5217089415825562,0.004665618762373924
9.5,1.619883712007237,0.004666552413254976
9.5,1.718058482431918,0.004673152696341276
9.5,1.8162332528565992,0.004660347010940313
9.5,1.9144080232812803,0.0046669477596879005
9.5,2.0125827937059615,0.0046580275520682335
9.5,2.110757564130642,0.004651796538382769
9.5,2.2089323345553233,0.004646089393645525
9.5,2.3071071049800045,0.004625574219971895
9.5,2.405281875404685,0.004612527787685394
9.5,2.5034566458293663,0.004595925100147724
9.5,2.6016314162540475,0.004573930520564318
9.5,2.699806186678728,0.00454460084438324
9.5,2.7979809571034093,0.0045104562304914
9.5,2.8961557275280905,0.004465330392122269
9.5,2.9943304979527716,0.004438367672264576
9.5,3.0925052683774528,0.004415864124894142
9.6,-3.0925052683774528,0.004381661769002676
9.6,-2.994330497952771,0.004364106338471174
9.6,-2.8961557275280905,0.004334114491939545
9.6,-2.7979809571034098,0.004309463780373335
9.6,-2.699806186678728,0.004294916056096554
9.6,-2.6016314162540475,0.0042792027816176414
9.6,-2.5034566458293668,0.004262779839336872
9.6,-2.405281875404685,0.004246984608471394
9.6,-2.3071071049800045,0.00424134312197566
9.6,-2.208932334555323,0.004236193373799324
9.6,-2.110757564130642,0.004224920645356178
9.6,-2.0125827937059615,0.004214119166135788
9.6,-1.9144080232812801,0.004212769214063883
9.6,-1.8162332528565992,0.004201038740575314
9.6,-1.718058482431918,0.004204988479614258
9.6,-1.6198837120072371,0.004197265487164259
9.6,-1.521708941582556,0.0041996329091489315
9.6,-1.423534171157875,0.004206085577607155
9.6,-1.325359400733194,0.0042023914866149426
9.6,-1.227184630308513,0.004211689345538616
9.6,-1.1290098598838318,0.004205775447189808
9.6,-1.030835089459151,0.004218092653900385
9.6,-0.93266031903447,0.0042296601459383965
9.6,-0.8344855486097889,0.004231487400829792
9.6,-0.7363107781851077,0.004240115638822317
9.6,-0.6381360077604266,0.004258004017174244
9.6,-0.5399612373357456,0.0042721605859696865
9.6,-0.4417864669110647,0.0042828465811908245
9.6,-0.34361169648638357,0.004304699134081602
9.6,-0.24543692606170264,0.00431074108928442
9.6,-0.14726215563702172,0.004340772051364183
9.6,-0.04908738521234057,0.004348362796008587
9.6,0.04908738521234057,0.004376377910375595
9.6,0.14726215563702172,0.004403631202876568
9.6,0.24543692606170264,0.004430134315043688
9.6,0.34361169648638357,0.004472102504223585
9.6,0.4417864669110647,0.004507612437009811
9.6,0.5399612373357456,0.004541267640888691
9.6,0.6381360077604266,0.0045779794454574585
9.6,0.7363107781851077,0.004602886736392975
9.6,0.8344855486097886,0.004611467011272907
9.6,0.9326603190344698,0.004623766988515854
9.6,1.030835089459151,0.004634350072592497
9.6,1.1290098598838316,0.004645796027034521
9.6,1.2271846303085128,0.004660504870116711
9.6,1.325359400733194,0.00465821148827672
9.6,1.423534171157875,0.004673870280385017
9.6,1.5217089415825562,0.004668766632676125
9.6,1.619883712007237,0.004670162219554186
9.6,1.718058482431918,0.004677245859056711
9.6,1.8162332528565992,0.00466444157063961
9.6,1.9144080232812803,0.004670297726988792
9.6,2.0125827937059615,0.004659718833863735
9.6,2.110757564130642,0.004653479903936386
9.6,2.2089323345553233,0.004644579719752073
9.6,2.3071071049800045,0.00462670624256134
9.6,2.405281875404685,0.004611666779965162
9.6,2.5034566458293663,0.004594689235091209
9.6,2.6016314162540475,0.0045682890340685844
9.6,2.699806186678728,0.004538619425147772
9.6,2.7979809571034093,0.004508109297603369
9.6,2.8961557275280905,0.0044595967046916485
9.6,2.9943304979527716,0.0044341906905174255
9.6,3.0925052683774528,0.004413376096636057
9.7,-3.0925052683774528,0.004381478298455477
9.7,-2.994330497952771,0.00436462601646781
9.7,-2.8961557275280905,0.004334764089435339
9.7,-2.7979809571034098,0.004309807438403368
9.7,-2.699806186678728,0.004297859966754913
9.7,-2.6016314162540475,0.004284795373678207
9.7,-2.5034566458293668,0.004267666023224592
9.7,-2.405281875404685,0.0042511289939284325
9.7,-2.3071071049800045,0.004243682604283094
9.7,-2.208932334555323,0.004237383604049683
9.7,-2.110757564130642,0.004231629893183708
9.7,-2.0125827937059615,0.0042216116562485695
9.7,-1.9144080232812801,0.004217757843434811
9.7,-1.8162332528565992,0.004202747717499733
9.7,-1.718058482431918,0.0042022657580673695
9.7,-1.6198837120072371,0.004194542299956083
9.7,-1.521708941582556,0.004195979796350002
9.7,-1.423534171157875,0.00420378940179944
9.7,-1.325359400733194,0.0042018950916826725
9.7,-1.227184630308513,0.004207412246614695
9.7,-1.1290098598838318,0.004201930947601795
9.7,-1.030835089459151,0.004214514046907425
9.7,-0.93266031903447,0.004228617995977402
9.7,-0.8344855486097889,0.0042304378002882
9.7,-0.7363107781851077,0.004239537753164768
9.7,-0.6381360077604266,0.004258579108864069
9.7,-0.5399612373357456,0.004272429272532463
9.7,-0.4417864669110647,0.004287245217710733
9.7,-0.34361169648638357,0.004305368289351463
9.7,-0.24543692606170264,0.004314289428293705
9.7,-0.14726215563702172,0.004343947395682335
9.7,-0.04908738521234057,0.004351811483502388
9.7,0.04908738521234057,0.004379528574645519
9.7,0.14726215563702172,0.00440673902630806
9.7,0.24543692606170264,0.004433769267052412
9.7,0.34361169648638357,0.004477431997656822
9.7,0.4417864669110647,0.00451132794842124
9.7,0.5399612373357456,0.004547118674963713
9.7,0.6381360077604266,0.004583206959068775
9.7,0.7363107781851077,0.004607337061315775
9.7,0.8344855486097886,0.004613181576132774
9.7,0.9326603190344698,0.004624733701348305
9.7,1.030835089459151,0.00463433563709259
9.7,1.1290098598838316,0.0046460991725325584
9.7,1.2271846303085128,0.004659196361899376
9.7,1.325359400733194,0.004653869196772575
9.7,1.423534171157875,0.004668291658163071
9.7,1.5217089415825562,0.004663130268454552
9.7,1.619883712007237,0.004664184059947729
9.7,1.718058482431918,0.0046712434850633144
9.7,1.8162332528565992,0.0046585858799517155
9.7,1.9144080232812803,0.004666011780500412
9.7,2.0125827937059615,0.004657518118619919
9.7,2.110757564130642,0.004652018658816814
9.7,2.2089323345553233,0.0046450309455394745
9.7,2.3071071049800045,0.004624006804078817
9.7,2.405281875404685,0.004611284472048283
9.7,2.5034566458293663,0.004592712037265301
9.7,2.6016314162540475,0.004567521624267101
9.7,2.699806186678728,0.004527855198830366
9.7,2.7979809571034093,0.004507562145590782
9.7,2.8961557275280905,0.004457931965589523
9.7,2.9943304979527716,0.004432584624737501
9.7,3.0925052683774528,0.0044120610691607
9.8,-3.0925052683774528,0.004382157698273659
9.8,-2.994330497952771,0.0043648588471114635
9.8,-2.8961557275280905,0.0043355803936719894
9.8,-2.7979809571034098,0.004313470795750618
9.8,-2.699806186678728,0.004298465326428413
9.8,-2.6016314162540475,0.0042810821905732155
9.8,-2.5034566458293668,0.004264983348548412
9.8,-2.405281875404685,0.0042487080208957195
9.8,-2.3071071049800045,0.004242797382175922
9.8,-2.208932334555323,0.00423947349190712
9.8,-2.110757564130642,0.004235795233398676
9.8,-2.0125827937059615,0.0042216237634420395
9.8,-1.9144080232812801,0.004217030480504036
9.8,-1.8162332528565992,0.004202557262033224
9.8,-1.718058482431918,0.004205580335110426
9.8,-1.6198837120072371,0.004198484588414431
9.8,-1.521708941582556,0.004197661764919758
9.8,-1.423534171157875,0.004201316274702549
9.8,-1.325359400733194,0.004195533227175474
9.8,-1.227184630308513,0.004200434777885675
9.8,-1.1290098598838318,0.004195560235530138
9.8,-1.030835089459151,0.004206807352602482
9.8,-0.93266031903447,0.004218915477395058
9.8,-0.8344855486097889,0.004227259196341038
9.8,-0.7363107781851077,0.004235275089740753
9.8,-0.6381360077604266,0.004251929000020027
9.8,-0.5399612373357456,0.00426641246303916
9.8,-0.4417864669110647,0.004280070774257183
9.8,-0.34361169648638357,0.004304854199290276
9.8,-0.24543692606170264,0.004315587691962719
9.8,-0.14726215563702172,0.004350303206592798
9.8,-0.04908738521234057,0.004361250437796116
9.8,0.04908738521234057,0.004391080234199762
9.8,0.14726215563702172,0.004418245516717434
9.8,0.24543692606170264,0.004443036857992411
9.8,0.34361169648638357,0.004484496545046568
9.8,0.4417864669110647,0.0045159305445849895
9.8,0.5399612373357456,0.004551243036985397
9.8,0.6381360077604266,0.00458697322756052
9.8,0.7363107781851077,0.00461092172190547
9.8,0.8344855486097886,0.00461878627538681
9.8,0.9326603190344698,0.0046304333955049515
9.8,1.030835089459151,0.00463973730802536
9.8,1.1290098598838316,0.004651177674531937
9.8,1.2271846303085128,0.0046631945297122
9.8,1.325359400733194,0.004658092278987169
9.8,1.423534171157875,0.004672203678637743
9.8,1.5217089415825562,0.0046665603294968605
9.8,1.619883712007237,0.004666877910494804
9.8,1.718058482431918,0.0046733058989048
9.8,1.8162332528565992,0.004659898113459349
9.8,1.9144080232812803,0.004666081629693508
9.8,2.0125827937059615,0.004656786564737558
9.8,2.110757564130642,0.004649351350963116
9.8,2.2089323345553233,0.004638927523046732
9.8,2.3071071049800045,0.004620338790118694
9.8,2.405281875404685,0.004605961497873068
9.8,2.5034566458293663,0.004587741568684578
9.8,2.6016314162540475,0.004561750218272209
9.8,2.699806186678728,0.004524486139416695
9.8,2.7979809571034093,0.004505794961005449
9.8,2.8961557275280905,0.004455946385860443
9.8,2.9943304979527716,0.0044330572709441185
9.8,3.0925052683774528,0.004413147456943989
9.9,-3.0925052683774528,0.004380824044346809
9.9,-2.994330497952771,0.004363306798040867
9.9,-2.8961557275280905,0.0043341838754713535
9.9,-2.7979809571034098,0.004309894982725382
9.9,-2.699806186678728,0.00429484061896801
9.9,-2.6016314162540475,0.004276416264474392
9.9,-2.5034566458293668,0.0042594075202941895
9.9,-2.405281875404685,0.004245754797011614
9.9,-2.3071071049800045,0.004241438116878271
9.9,-2.208932334555323,0.004238557070493698
9.9,-2.110757564130642,0.004231300670653582
9.9,-2.0125827937059615,0.004223111551254988
9.9,-1.9144080232812801,0.004216947592794895
9.9,-1.8162332528565992,0.00420242827385664
9.9,-1.718058482431918,0.004204785916954279
9.9,-1.6198837120072371,0.004196245688945055
9.9,-1.521708941582556,0.004197642207145691
9.9,-1.423534171157875,0.004202042706310749
9.9,-1.325359400733194,0.004200676456093788
9.9,-1.227184630308513,0.00420616427436471
9.9,-1.1290098598838318,0.004202594980597496
9.9,-1.030835089459151,0.004213953390717506
9.9,-0.93266031903447,0.004226050339639187
9.9,-0.8344855486097889,0.0042313770391047
9.9,-0.7363107781851077,0.004238944035023451
9.9,-0.6381360077604266,0.004256213549524546
9.9,-0.5399612373357456,0.004271348938345909
9.9,-0.4417864669110647,0.00428399071097374
9.9,-0.34361169648638357,0.004305163864046335
9.9,-0.24543692606170264,0.004315007012337446
9.9,-0.14726215563702172,0.004346796777099371
9.9,-0.04908738521234057,0.004355087876319885
9.9,0.04908738521234057,0.0043841940350830555
9.9,0.14726215563702172,0.004411390982568264
9.9,0.24543692606170264,0.004436242859810591
9.9,0.34361169648638357,0.004477817565202713
9.9,0.4417864669110647,0.00451025553047657
9.9,0.5399612373357456,0.004545604810118675
9.9,0.6381360077604266,0.00458237761631608
9.9,0.7363107781851077,0.0046070939861238
9.9,0.8344855486097886,0.00461648590862751
9.9,0.9326603190344698,0.0046285297721624374
9.9,1.030835089459151,0.00464127492159605
9.9,1.1290098598838316,0.00465479027479887
9.9,1.2271846303085128,0.004665999207645655
9.9,1.325359400733194,0.004659377969801426
9.9,1.423534171157875,0.004672691226005554
9.9,1.5217089415825562,0.004666353575885296
9.9,1.619883712007237,0.004665371496230364
9.9,1.718058482431918,0.0046703568659722805
9.9,1.8162332528565992,0.004657996352761984
9.9,1.9144080232812803,0.004664439242333174
9.9,2.0125827937059615,0.004655366763472557
9.9,2.110757564130642,0.0046495674178004265
9.9,2.2089323345553233,0.004644912667572498
9.9,2.3071071049800045,0.004623782355338335
9.9,2.405281875404685,0.004607857204973698
9.9,2.5034566458293663,0.00459276745095849
9.9,2.6016314162540475,0.004566822201013565
9.9,2.699806186678728,0.00453786738216877
9.9,2.7979809571034093,0.004507886245846748
9.9,2.8961557275280905,0.0044592455960810184
9.9,2.9943304979527716,0.004434502683579922
9.9,3.0925052683774528,0.004413321614265442
10.0,-3.0925052683774528,0.004376338329166174
10.0,-2.994330497952771,0.004358498379588127
10.0,-2.8961557275280905,0.004329579416662455
10.0,-2.7979809571034098,0.004309229552745819
10.0,-2.699806186678728,0.004299139603972435
10.0,-2.6016314162540475,0.004279457964003086
10.0,-2.5034566458293668,0.0042616804130375385
10.0,-2.405281875404685,0.004245830234140158
10.0,-2.3071071049800045,0.004238479770720005
10.0,-2.208932334555323,0.004236788488924503
10.0,-2.110757564130642,0.004231030121445656
10.0,-2.0125827937059615,0.004215587396174669
10.0,-1.9144080232812801,0.00421419832855463
10.0,-1.8162332528565992,0.004201758652925491
10.0,-1.718058482431918,0.00420309416949749
10.0,-1.6198837120072371,0.004197264555841684
10.0,-1.521708941582556,0.004202101845294237
10.0,-1.423534171157875,0.004207007586956024
10.0,-1.325359400733194,0.004206569399684668
10.0,-1.227184630308513,0.004213318228721619
10.0,-1.1290098598838318,0.004207910038530827
10.0,-1.030835089459151,0.004220969974994659
10.0,-0.93266031903447,0.004232845269143581
10.0,-0.8344855486097889,0.004234256222844124
10.0,-0.7363107781851077,0.004242437891662121
10.0,-0.6381360077604266,0.0042612613178789616
10.0,-0.5399612373357456,0.004277902189642191
10.0,-0.4417864669110647,0.004292015917599201
10.0,-0.34361169648638357,0.0043090651743113995
10.0,-0.24543692606170264,0.004333707503974438
10.0,-0.14726215563702172,0.004364729393273592
10.0,-0.04908738521234057,0.004375556018203497
10.0,0.04908738521234057,0.004404755309224129
10.0,0.14726215563702172,0.004430850502103567
10.0,0.24543692606170264,0.0044527179561555386
10.0,0.34361169648638357,0.004501263611018658
10.0,0.4417864669110647,0.004516368266195059
10.0,0.5399612373357456,0.0045509738847613335
10.0,0.6381360077604266,0.004584065172821283
10.0,0.7363107781851077,0.004606587812304497
10.0,0.8344855486097886,0.004613988101482391
10.0,0.9326603190344698,0.0046252054162323475
10.0,1.030835089459151,0.004637131001800299
10.0,1.1290098598838316,0.004651092458516359
10.0,1.2271846303085128,0.004662191960960627
10.0,1.325359400733194,0.004655454773455858
10.0,1.423534171157875,0.004670009016990662
10.0,1.5217089415825562,0.00466481689363718
10.0,1.619883712007237,0.004665852524340153
10.0,1.718058482431918,0.004672355949878693
10.0,1.8162332528565992,0.004660175647586584
10.0,1.9144080232812803,0.004665731452405453
10.0,2.0125827937059615,0.0046551404520869255
10.0,2.110757564130642,0.004646996036171913
10.0,2.2089323345553233,0.004635535646229982
10.0,2.3071071049800045,0.0046174181625247
10.0,2.405281875404685,0.004604201763868332
10.0,2.5034566458293663,0.004587125964462757
10.0,2.6016314162540475,0.004561187233775854
10.0,2.699806186678728,0.004519606474786997
10.0,2.7979809571034093,0.004501983057707548
10.0,2.8961557275280905,0.004450629930943251
10.0,2.9943304979527716,0.004426263738423586
10.0,3.0925052683774528,0.004406222142279148