x,y,z
-0.0004510940343607217,-0.003982769325375557,0.004173683933913708
-0.0003899170260410756,-0.004053265321999788,0.00416052620857954
-0.00040055852150544524,-0.004054349847137928,0.004161538556218147
-0.00035022394149564207,-0.003951582126319408,0.004174999892711639
-0.00045146947377361357,-0.004062728025019169,0.004157999996095896
-0.0003499946615193039,-0.004049005918204784,0.004149999935179949
-0.00045083972509019077,-0.003956870641559362,0.004185293801128864
-0.0004513146122917533,-0.00402163015678525,0.00416052620857954
-0.0003798490506596863,-0.003953410312533379,0.004185293801128864
-0.00045126929762773216,-0.004010636825114489,0.004161538556218147
-0.0004424856451805681,-0.00406125420704484,0.004158823285251856
-0.000349994603311643,-0.004049005918204784,0.004149999935179949
-0.00025004081544466317,-0.003950541839003563,0.004124999977648258
-0.00028561108047142625,-0.004048501141369343,0.004135714378207922
-0.0002499968104530126,-0.003992890939116478,0.004121428355574608
-0.0003001323784701526,-0.003951061982661486,0.004149999935179949
-0.00029987760353833437,-0.004048129078000784,0.00413846131414175
-0.00024994160048663616,-0.004049395211040974,0.004129999782890081
-0.00018574301793705672,-0.004051482770591974,0.004135714378207922
-0.00015003321459516883,-0.0039515746757388115,0.004100000020116568
-0.0002000163949560374,-0.004051062744110823,0.00413846131414175
-0.0002300392952747643,-0.0039507485926151276,0.004120000172406435
-0.00015006163448560983,-0.004052592907100916,0.004129999782890081
-0.00023329774558078498,-0.0040499246679246426,0.0041333334520459175
-6.671837763860822e-05,-0.004054337739944458,0.0041333334520459175
-5.0041981012327597e-05,-0.004054502584040165,0.004129999782890081
-0.00010006988304667175,-0.004053880460560322,0.00413846131414175
-5.001742465537973e-05,-0.003952468279749155,0.004100000020116568
-0.00013339825090952218,-0.004053038544952869,0.0041333334520459175
-0.00015003311273176223,-0.0039515746757388115,0.004100000020116568
1.4297311281552538e-05,-0.004054748918861151,0.004135714378207922
-1.4297311281552538e-05,-0.004054748918861151,0.004135714378207922
5.0041981012327597e-05,-0.004054502584040165,0.004129999782890081
5.001741737942211e-05,-0.003952468279749155,0.004100000020116568
-5.0017326429951936e-05,-0.003952468279749155,0.004100000020116568
-7.407241459740296e-14,-0.004054883029311895,0.00413846131414175
0.00015006266767159104,-0.004052634350955486,0.004149999935179949
0.00015006271132733673,-0.004052634350955486,0.004149999935179949
5.0017515604849905e-05,-0.003952468279749155,0.004100000020116568
0.00015006266767159104,-0.004052634350955486,0.004149999935179949
0.0001500332000432536,-0.003951574210077524,0.004124999977648258
0.00010006988304667175,-0.004053880460560322,0.00413846131414175
6.671837763860822e-05,-0.004054337739944458,0.0041333334520459175
0.0002499380789231509,-0.00404935609549284,0.004149999935179949
0.0001894991146400571,-0.004051372408866882,0.00416052620857954
0.0002000163949560374,-0.004051062744110823,0.004161538556218147
0.00017503507842775434,-0.003951315768063068,0.004124999977648258
0.0002500407281331718,-0.003950541373342276,0.004124999977648258
0.0002499381371308118,-0.00404935609549284,0.004149999935179949
0.00033328987774439156,-0.004048724193125963,0.0041333334520459175
0.0002893652126658708,-0.004048400558531284,0.004139473661780357
0.00035000205389223993,-0.004049091134220362,0.004129999782890081
0.0003502240579109639,-0.003951583057641983,0.004100000020116568
0.0002700774057302624,-0.003950749523937702,0.004120000172406435
0.00029987760353833437,-0.004048129078000784,0.00413846131414175
0.0002499381953384727,-0.00404935609549284,0.004149999935179949
0.00038611667696386576,-0.0040528797544538975,0.004135714378207922
0.0004510940343607217,-0.003982769791036844,0.00412631593644619
0.00040055852150544524,-0.004054349847137928,0.00413846131414175
0.0004513146122917533,-0.00402163015678525,0.004139473661780357
0.00045146947377361357,-0.004062728025019169,0.004141999874264002
0.0004424856451805681,-0.00406125420704484,0.004141176585108042
0.00045126929762773216,-0.004010636825114489,0.00413846131414175
0.0004508397541940212,-0.00395687110722065,0.004114706069231033
0.00035022414522245526,-0.003951583057641983,0.004100000020116568
0.0005014888592995703,-0.0040120212361216545,0.004149999935179949
0.00050208973698318,-0.004067058674991131,0.004149999935179949
-0.0009514607954770327,-0.00386729184538126,0.00413846131414175
-0.0008684110944159329,-0.0039579723961651325,0.0041333334520459175
-0.0009513322729617357,-0.003855261718854308,0.004135714378207922
-0.0008517037495039403,-0.003957956563681364,0.004129999782890081
-0.0009517718572169542,-0.003906985279172659,0.00413846131414175
-0.0008509900653734803,-0.0038544542621821165,0.004100000020116568
-0.000912367831915617,-0.003957889508455992,0.004139473661780357
-0.0009518390288576484,-0.003917803522199392,0.004139473661780357
-0.0009520783205516636,-0.003958330024033785,0.004141999874264002
-0.0008509901817888021,-0.0038544542621821165,0.004100000020116568
-0.0009017765987664461,-0.003957762848585844,0.00413846131414175
-0.0007505972171202302,-0.003852972760796547,0.004100000020116568
-0.0008157661650329828,-0.003957116976380348,0.004135714378207922
-0.0008509899489581585,-0.0038544542621821165,0.004100000020116568
-0.0007508271955884993,-0.003954167943447828,0.004129999782890081
-0.0007676906534470618,-0.003955083899199963,0.0041333334520459175
-0.0008014047052711248,-0.003956847358494997,0.00413846131414175
-0.0006506193894892931,-0.003954146057367325,0.004149999935179949
-0.0006506193894892931,-0.003954146057367325,0.004149999935179949
-0.0006504224729724228,-0.0038526456337422132,0.004149999935179949
-0.0006506193312816322,-0.003954146057367325,0.004149999935179949
-0.0007505971007049084,-0.003852972760796547,0.004100000020116568
-0.000700546836014837,-0.003953132778406143,0.00413846131414175
-0.0007149087614379823,-0.003953409381210804,0.004135714378207922
-0.0005676359287463129,-0.003957310225814581,0.00416666641831398
-0.0006113312556408346,-0.003955771680921316,0.00416052620857954
-0.0005504689179360867,-0.003853478003293276,0.00419999985024333
-0.0005504689761437476,-0.003853478003293276,0.00419999985024333
-0.0006008584168739617,-0.003956233151257038,0.004161538556218147
-0.0005504688597284257,-0.003853478003293276,0.00419999985024333
-0.0005510040209628642,-0.003957686014473438,0.004170000087469816
-0.0005010660970583558,-0.003958532586693764,0.004161538556218147
-0.0005153281963430345,-0.003958247136324644,0.004164285492151976
-0.00045037647942081094,-0.0038529825396835804,0.00419999985024333
-0.000474677566671744,-0.003958053421229124,0.004173683933913708
-0.00045037653762847185,-0.0038529825396835804,0.00419999985024333
-0.0005504688015207648,-0.003853478003293276,0.00419999985024333
-0.0003501597966533154,-0.0038512463215738535,0.00419999985024333
-0.00045037639210931957,-0.0038529825396835804,0.00419999985024333
-0.000250048004090786,-0.003850582055747509,0.004149999935179949
-0.00015002035070210695,-0.003850840264931321,0.004100000020116568
-5.000760575057939e-05,-0.0038511804305016994,0.004100000020116568
5.000760211260058e-05,-0.0038511804305016994,0.004100000020116568
0.00015002033615019172,-0.0038508400321006775,0.004100000020116568
0.0002500479749869555,-0.0038505818229168653,0.004100000020116568
0.00035015985486097634,-0.003851246787235141,0.004100000020116568
0.0003501599421724677,-0.003851246787235141,0.004100000020116568
0.00045037653762847185,-0.0038529830053448677,0.004100000020116568
0.0005153281963430345,-0.003958247136324644,0.004135714378207922
0.0005504689179360867,-0.003853478468954563,0.004100000020116568
0.000474677566671744,-0.003958053421229124,0.00412631593644619
0.0005510040209628642,-0.003957686014473438,0.004129999782890081
0.0005010660970583558,-0.003958532586693764,0.00413846131414175
0.0004503766249399632,-0.0038529830053448677,0.004100000020116568
0.0006150705157779157,-0.003955598454922438,0.004135714378207922
0.0006504224729724228,-0.0038526456337422132,0.004100000020116568
0.0006506089121103287,-0.003954069688916206,0.004129999782890081
0.0005676359287463129,-0.003957310225814581,0.0041333334520459175
0.0005504690343514085,-0.003853478468954563,0.004100000020116568
0.0006008584168739617,-0.003956233151257038,0.00413846131414175
0.0007149087614379823,-0.003953409381210804,0.004135714378207922
0.000700546836014837,-0.003953132778406143,0.00413846131414175
0.0007505972171202302,-0.003852972760796547,0.004100000020116568
0.0007508271955884993,-0.003954167943447828,0.004129999782890081
0.0006504225893877447,-0.0038526456337422132,0.004100000020116568
0.0006672596209682524,-0.003953794948756695,0.0041333334520459175
0.0008157661650329828,-0.003957116976380348,0.004135714378207922
0.0008014047052711248,-0.003956847358494997,0.00413846131414175
0.0007676906534470618,-0.003955083899199963,0.0041333334520459175
0.0008517037495039403,-0.003957956563681364,0.004129999782890081
0.0008509900653734803,-0.0038544542621821165,0.004100000020116568
0.000750597333535552,-0.003852972760796547,0.004100000020116568
0.0009017765987664461,-0.003957762848585844,0.00413846131414175
0.0009518390288576484,-0.003917803522199392,0.004139473661780357
0.000912367831915617,-0.003957889508455992,0.004139473661780357
0.0008684110944159329,-0.0039579723961651325,0.0041333334520459175
0.0009517718572169542,-0.003906985279172659,0.00413846131414175
0.0009520783205516636,-0.003958330024033785,0.004141999874264002
0.0009512745309621096,-0.0038550610188394785,0.004114706069231033
0.0008509901817888021,-0.0038544542621821165,0.004100000020116568
0.0009515548008494079,-0.003879811614751816,0.00412631593644619
0.0010021333582699299,-0.003908246289938688,0.004149999935179949
0.0010030699195340276,-0.003961911424994469,0.004149999935179949
-0.001351814134977758,-0.0037787158507853746,0.004173683933913708
-0.0013522249646484852,-0.003816757118329406,0.00416052620857954
-0.0013520721113309264,-0.0038057768251746893,0.004161538556218147
-0.0012688325950875878,-0.0038565085269510746,0.00416666641831398
-0.0013128943974152207,-0.0038568649906665087,0.00416052620857954
-0.0013527862029150128,-0.0038579031825065613,0.004157999996095896
-0.0012520921882241964,-0.0038563802372664213,0.004170000087469816
-0.0013515028404071927,-0.0037541608326137066,0.004185293801128864
-0.0012512742541730404,-0.003753811586648226,0.00419999985024333
-0.001302254619076848,-0.0038565818686038256,0.004161538556218147
-0.0012512743705883622,-0.003753811586648226,0.00419999985024333
-0.0012019897112622857,-0.0038563082925975323,0.004161538556218147
-0.0012162942439317703,-0.003856296418234706,0.004164285492151976
-0.0011515747755765915,-0.0038552233017981052,0.004170000087469816
-0.001168393180705607,-0.003855631686747074,0.00416666641831398
-0.0011509829200804234,-0.003753197379410267,0.00419999985024333
-0.0010682221036404371,-0.0038557308726012707,0.00416666641831398
-0.0011015236377716064,-0.0038554242346435785,0.004161538556218147
-0.00111581536475569,-0.0038553383201360703,0.004164285492151976
-0.0010508210398256779,-0.003752978751435876,0.00419999985024333
-0.0010515451431274414,-0.003855781862512231,0.004170000087469816
-0.0010158196091651917,-0.003855857765302062,0.004164285492151976
-0.0009597294265404344,-0.0038554740604013205,0.0041416664607822895
-0.0009506527567282319,-0.0037525747902691364,0.004149999935179949
-0.0009511662065051496,-0.0038260200526565313,0.004135714378207922
-0.001050820923410356,-0.003752978751435876,0.00419999985024333
-0.0010015432490035892,-0.0038559427484869957,0.004161538556218147
-0.0009840421844273806,-0.0037527093663811684,0.00416666641831398
-0.0009764610440470278,-0.003855683607980609,0.004149999935179949
-0.0009172678110189736,-0.0037524451036006212,0.0041333334520459175
-0.0008504979778081179,-0.003752185497432947,0.004100000020116568
-0.0007503218948841095,-0.0037515771109610796,0.004100000020116568
-0.0006502215983346105,-0.003751325886696577,0.004149999935179949
-0.0005502010462805629,-0.003751438809558749,0.00419999985024333
-0.00025002771872095764,-0.0037503268104046583,0.004149999935179949
-0.000350076996255666,-0.0037506157532334328,0.00419999985024333
-0.00015001035353634506,-0.0037503736093640327,0.004100000020116568
-5.0003178330371156e-05,-0.003750484436750412,0.004100000020116568
5.000317469239235e-05,-0.003750484436750412,0.004100000020116568
0.00015001035353634506,-0.0037503736093640327,0.004100000020116568
0.00025002771872095764,-0.0037503268104046583,0.004124999977648258
0.000350076996255666,-0.0037506157532334328,0.004124999977648258
0.0004501553194131702,-0.003751201555132866,0.004100000020116568
0.0005502011044882238,-0.0037514392752200365,0.004100000020116568
0.0006502215983346105,-0.003751325886696577,0.004100000020116568
0.0007503218948841095,-0.0037515773437917233,0.004100000020116568
0.0008504979778081179,-0.003752185497432947,0.004100000020116568
0.0009506527567282319,-0.0037525747902691364,0.004100000020116568
0.0008504980942234397,-0.003752185497432947,0.004100000020116568
0.0010158196091651917,-0.003855857765302062,0.004135714378207922
0.0010515451431274414,-0.003855781862512231,0.004129999782890081
0.0010508210398256779,-0.003752978751435876,0.004100000020116568
0.0009751254692673683,-0.0038556139916181564,0.00412631593644619
0.0010015432490035892,-0.0038559427484869957,0.00413846131414175
0.0009506528731435537,-0.0037525747902691364,0.004100000020116568
0.00111581536475569,-0.0038553383201360703,0.004135714378207922
0.0011509829200804234,-0.003753197379410267,0.004100000020116568
0.0011015236377716064,-0.0038554242346435785,0.00413846131414175
0.0011515747755765915,-0.0038552233017981052,0.004129999782890081
0.0010508211562409997,-0.003752978751435876,0.004100000020116568
0.0010682221036404371,-0.0038557308726012707,0.0041333334520459175
0.0012162942439317703,-0.003856296418234706,0.004135714378207922
0.0012520921882241964,-0.0038563802372664213,0.004129999782890081
0.0012512742541730404,-0.003753811586648226,0.004100000020116568
0.0011509830364957452,-0.003753197379410267,0.004100000020116568
0.0012019897112622857,-0.0038563082925975323,0.00413846131414175
0.001168393180705607,-0.003855631686747074,0.0041333334520459175
0.001351814134977758,-0.0037787158507853746,0.00412631593644619
0.0012688325950875878,-0.0038565085269510746,0.0041333334520459175
0.001302254619076848,-0.0038565818686038256,0.00413846131414175
0.0013520721113309264,-0.0038057768251746893,0.00413846131414175
0.0013522249646484852,-0.003816757118329406,0.004139473661780357
0.0013128943974152207,-0.0038568649906665087,0.004139473661780357
0.0012512743705883622,-0.003753811586648226,0.004100000020116568
0.0013527862029150128,-0.0038579031825065613,0.004141999874264002
0.0013515028404071927,-0.0037541608326137066,0.004114706069231033
0.0014019084628671408,-0.0038051698356866837,0.004149999935179949
0.0014022878604009748,-0.0038562878035008907,0.004149999935179949
-0.0015533630503341556,-0.003707876428961754,0.00413846131414175
-0.0015534390695393085,-0.0037186089903116226,0.004139473661780357
-0.001553025678731501,-0.003680744208395481,0.00412631593644619
-0.0014518534298986197,-0.003754702862352133,0.004149999935179949
-0.0015536913415417075,-0.0037587822880595922,0.004141999874264002
-0.0014518534298986197,-0.003754702862352133,0.004149999935179949
-0.001451389747671783,-0.0036534115206450224,0.004124999977648258
-0.0014812021981924772,-0.0036542885936796665,0.004114706069231033
-0.0015525122871622443,-0.0036558478605002165,0.004114706069231033
-0.0015025833854451776,-0.003756333841010928,0.00413846131414175
-0.0015133436536416411,-0.0037568514235317707,0.004139473661780357
-0.0013752860249951482,-0.003754346165806055,0.004173683933913708
-0.0014016330242156982,-0.003754353616386652,0.004161538556218147
-0.0014121981803327799,-0.003754406003281474,0.00416052620857954
-0.001351119833998382,-0.0036824457347393036,0.004185293801128864
-0.0013509226264432073,-0.0036524690221995115,0.004174999892711639
-0.0014011561870574951,-0.003652940271422267,0.004149999935179949
-0.0012506898492574692,-0.003652011975646019,0.00419999985024333
-0.0009502893663011491,-0.003651123261079192,0.004149999935179949
-0.0010503847151994705,-0.00365135888569057,0.00419999985024333
-0.0008502110722474754,-0.003650908824056387,0.004100000020116568
-0.0007501387153752148,-0.00365066877566278,0.004100000020116568
-0.0006500930176116526,-0.0036505376920104027,0.004149999935179949
-0.0005500749102793634,-0.003650518599897623,0.00419999985024333
-0.00025001156609505415,-0.003650134429335594,0.004149999935179949
-0.0003500293823890388,-0.0036502366419881582,0.00419999985024333
-0.00015000419807620347,-0.0036501388531178236,0.004100000020116568
-5.000117016606964e-05,-0.003650170750916004,0.004100000020116568
5.0001166528090835e-05,-0.003650170750916004,0.004100000020116568
0.00015000419807620347,-0.0036501388531178236,0.004100000020116568
0.00025001156609505415,-0.003650134429335594,0.004149999935179949
0.0003500293823890388,-0.0036502366419881582,0.004149999935179949
0.00045005546417087317,-0.0036504205781966448,0.004100000020116568
0.0005500749684870243,-0.0036505188327282667,0.004100000020116568
0.0006500930758193135,-0.0036505376920104027,0.004100000020116568
0.0007501387153752148,-0.00365066877566278,0.004100000020116568
0.0008502110722474754,-0.003650908824056387,0.004100000020116568
0.0009502893663011491,-0.003651123261079192,0.004100000020116568
0.0010503847151994705,-0.00365135888569057,0.004100000020116568
0.0011505063157528639,-0.003651612438261509,0.004100000020116568
0.0012506897328421474,-0.003652011975646019,0.004100000020116568
0.0012506898492574692,-0.003652011975646019,0.004100000020116568
0.0013509226264432073,-0.0036524690221995115,0.004100000020116568
0.001415969105437398,-0.003754418808966875,0.004135714378207922
0.0014016330242156982,-0.003754353616386652,0.00413846131414175
0.001350922742858529,-0.0036524690221995115,0.004100000020116568
0.0014518294483423233,-0.0037546376697719097,0.004129999782890081
0.001451389747671783,-0.0036534115206450224,0.004100000020116568
0.0013752860249951482,-0.003754346165806055,0.00412631593644619
0.0014687610091641545,-0.0037552400026470423,0.0041333334520459175
0.0015025833854451776,-0.003756333841010928,0.00413846131414175
0.001553025678731501,-0.003680744208395481,0.00412631593644619
0.0015525122871622443,-0.0036558478605002165,0.004114706069231033
0.0015133436536416411,-0.0037568514235317707,0.004139473661780357
0.0015533630503341556,-0.003707876428961754,0.00413846131414175
0.0015536913415417075,-0.0037587822880595922,0.004141999874264002
0.0014513898640871048,-0.0036534115206450224,0.004100000020116568
0.0015534390695393085,-0.0037186089903116226,0.004139473661780357
0.0016042274655774236,-0.0037097709719091654,0.004149999935179949
0.0016051974380388856,-0.0037621823139488697,0.004149999935179949
-0.0018517592689022422,-0.003576932940632105,0.004173683933913708
-0.0018515189876779914,-0.0036028095055371523,0.004161538556218147
-0.0018513647373765707,-0.003613067325204611,0.00416052620857954
-0.0017520163673907518,-0.003554239170625806,0.004149999935179949
-0.0017533436184749007,-0.003657311201095581,0.004149999935179949
-0.0018507809145376086,-0.0036515286192297935,0.004157999996095896
-0.0018015311798080802,-0.003653262509033084,0.004161538556218147
-0.0018519350560382009,-0.00355360540561378,0.004185293801128864
-0.0017974553629755974,-0.003553972113877535,0.0041772727854549885
-0.0018119021551683545,-0.0036529034841805696,0.00416052620857954
-0.0016708268085494637,-0.003659328678622842,0.0041333334520459175
-0.0016520131612196565,-0.0035544608253985643,0.004100000020116568
-0.0016539633506909013,-0.00365892774425447,0.004129999782890081
-0.001714695943519473,-0.0036592413671314716,0.004139473661780357
-0.0017186820041388273,-0.003554312977939844,0.0041333334520459175
-0.0017044133273884654,-0.0036598099395632744,0.00413846131414175
-0.0016178129008039832,-0.003658040426671505,0.004135714378207922
-0.0015513686230406165,-0.0035531369503587484,0.004100000020116568
-0.0016520130448043346,-0.0035544608253985643,0.004100000020116568
-0.0016033878782764077,-0.0036577656865119934,0.00413846131414175
-0.0015767075819894671,-0.003656975459307432,0.00412631593644619
-0.0015513685066252947,-0.0035531369503587484,0.004100000020116568
-0.0014512707712128758,-0.003633111482486129,0.004120000172406435
-0.001450795098207891,-0.003551911097019911,0.004100000020116568
-0.0013504790840670466,-0.003551243804395199,0.004149999935179949
-0.0012503189500421286,-0.003550906665623188,0.00419999985024333
-0.0012506897328421474,-0.003652011975646019,0.00419999985024333
-0.0009501092717982829,-0.003550417022779584,0.004149999935179949
-0.0010501533979550004,-0.0035505290143191814,0.00419999985024333
-0.0008500766125507653,-0.0035503245890140533,0.004100000020116568
-0.0007500498904846609,-0.003550236811861396,0.004100000020116568
-0.0006500323652289808,-0.0035501818638294935,0.004149999935179949
-0.0005500241531990469,-0.0035501623060554266,0.00419999985024333
-0.00025000382447615266,-0.003550044260919094,0.004149999935179949
-0.00035000930074602365,-0.0035500749945640564,0.00419999985024333
-0.00015000137500464916,-0.003550043562427163,0.004100000020116568
-5.0000366172753274e-05,-0.0035500519443303347,0.004100000020116568
5.0000366172753274e-05,-0.0035500519443303347,0.004100000020116568
0.00015000137500464916,-0.003550043562427163,0.004124999977648258
0.00025000382447615266,-0.003550044260919094,0.004174999892711639
0.0003500093298498541,-0.0035500749945640564,0.004174999892711639
0.0004500171635299921,-0.003550127847120166,0.004149999935179949
0.0005500241531990469,-0.0035501623060554266,0.004149999935179949
0.0006500323652289808,-0.0035501818638294935,0.004124999977648258
0.0007500498904846609,-0.003550236811861396,0.004100000020116568
0.0008500766125507653,-0.0035503245890140533,0.004100000020116568
0.0009501092717982829,-0.003550417022779584,0.004100000020116568
0.0010501533979550004,-0.0035505290143191814,0.004100000020116568
0.0011502184206619859,-0.003550680121406913,0.004100000020116568
0.0012503189500421286,-0.003550906665623188,0.004100000020116568
0.0013504790840670466,-0.003551243804395199,0.004100000020116568
0.001450795098207891,-0.003551911097019911,0.004100000020116568
0.0015513686230406165,-0.0035531369503587484,0.004100000020116568
0.0014507952146232128,-0.003551911097019911,0.004100000020116568
0.0016178129008039832,-0.003658040426671505,0.004135714378207922
0.0016539633506909013,-0.00365892774425447,0.004129999782890081
0.0015513687394559383,-0.0035531369503587484,0.004100000020116568
0.0016520131612196565,-0.0035544608253985643,0.004100000020116568
0.0016033878782764077,-0.0036577656865119934,0.00413846131414175
0.0015767075819894671,-0.003656975459307432,0.00412631593644619
0.0017533436184749007,-0.003657311201095581,0.004149999935179949
0.0017533436184749007,-0.003657311201095581,0.004149999935179949
0.0017044133273884654,-0.0036598099395632744,0.00413846131414175
0.0017520163673907518,-0.003554239170625806,0.004149999935179949
0.0016708268085494637,-0.003659328678622842,0.0041333334520459175
0.0016520132776349783,-0.0035544608253985643,0.004100000020116568
0.001714695943519473,-0.0036592413671314716,0.004139473661780357
0.0018517592689022422,-0.003576932940632105,0.004173683933913708
0.0018513647373765707,-0.003613067325204611,0.00416052620857954
0.0018507809145376086,-0.0036515286192297935,0.004157999996095896
0.0018515189876779914,-0.0036028095055371523,0.004161538556218147
0.0018015311798080802,-0.003653262509033084,0.004161538556218147
0.0018119021551683545,-0.0036529034841805696,0.00416052620857954
0.0018519350560382009,-0.00355360540561378,0.004185293801128864
0.0017974553629755974,-0.003553972113877535,0.0041772727854549885
-0.0019541578367352486,-0.0035073990002274513,0.004161538556218147
-0.0018761216197162867,-0.003554446389898658,0.004173683933913708
-0.001953676575794816,-0.0034802048467099667,0.004173683933913708
-0.001954298233613372,-0.0035181918647140265,0.00416052620857954
-0.001954785780981183,-0.0035585956647992134,0.004157999996095896
-0.0018516008276492357,-0.0034529410768300295,0.00419999985024333
-0.0019138646312057972,-0.0035560247488319874,0.00416052620857954
-0.001902951393276453,-0.003555338829755783,0.004161538556218147
-0.001851600711233914,-0.0034529410768300295,0.00419999985024333
-0.001952993217855692,-0.0034552905708551407,0.004185293801128864
-0.0017846468836069107,-0.0034525571390986443,0.00416666641831398
-0.001851600594818592,-0.0034529410768300295,0.00419999985024333
-0.001751593197695911,-0.003503302112221718,0.004149999935179949
-0.00175117002800107,-0.00345236505381763,0.004149999935179949
-0.0016509571578353643,-0.003452072385698557,0.004100000020116568
-0.0015506405616179109,-0.0034514442086219788,0.004100000020116568
-0.001450367271900177,-0.003450866090133786,0.004100000020116568
-0.0013502076035365462,-0.0034505256917327642,0.004149999935179949
-0.0012501259334385395,-0.0034503492061048746,0.00419999985024333
-0.0009500354062765837,-0.00345013290643692,0.004149999935179949
-0.0010500525822862983,-0.003450177377089858,0.00419999985024333
-0.0008500238764099777,-0.0034500998444855213,0.004100000020116568
-0.0007500152569264174,-0.0034500714391469955,0.004124999977648258
-0.0006500096060335636,-0.0034500528126955032,0.004174999892711639
-0.0005500067491084337,-0.003450044197961688,0.00419999985024333
-0.00025000105961225927,-0.003450012067332864,0.004174999892711639
-0.00035000251955352724,-0.0034500202164053917,0.00419999985024333
-0.0001500003709224984,-0.0034500116016715765,0.004149999935179949
-5.000009696232155e-05,-0.0034500136971473694,0.004124999977648258
5.000009696232155e-05,-0.0034500136971473694,0.004124999977648258
0.0001500003709224984,-0.0034500116016715765,0.004174999892711639
0.00025000105961225927,-0.003450012067332864,0.00419999985024333
0.00035000251955352724,-0.0034500202164053917,0.00419999985024333
0.0004500045906752348,-0.0034500337205827236,0.00419999985024333
0.0005500067491084337,-0.003450044197961688,0.00419999985024333
0.0006500096060335636,-0.0034500528126955032,0.004174999892711639
0.0007500152569264174,-0.0034500714391469955,0.004149999935179949
0.0008500238764099777,-0.0034500998444855213,0.004149999935179949
0.0009500354062765837,-0.00345013290643692,0.004124999977648258
0.0010500525822862983,-0.003450177377089858,0.004100000020116568
0.0011500800028443336,-0.0034502437338232994,0.004100000020116568
0.0012501259334385395,-0.0034503492061048746,0.004100000020116568
0.0013502076035365462,-0.0034505256917327642,0.004100000020116568
0.001450367271900177,-0.003450866090133786,0.004100000020116568
0.0015506405616179109,-0.0034514442086219788,0.004100000020116568
0.0016509571578353643,-0.003452072385698557,0.004100000020116568
0.00175117002800107,-0.00345236505381763,0.004124999977648258
0.001801385311409831,-0.0034526530653238297,0.004149999935179949
0.001851712935604155,-0.0034825617913156748,0.004185293801128864
0.001851600711233914,-0.0034529410768300295,0.004174999892711639
0.0017516778316348791,-0.003513489617034793,0.004139999859035015
0.001954298233613372,-0.0035181918647140265,0.00416052620857954
0.001954785780981183,-0.0035585956647992134,0.004157999996095896
0.0018761216197162867,-0.003554446389898658,0.004173683933913708
0.001902951393276453,-0.003555338829755783,0.004161538556218147
0.0019138646312057972,-0.0035560247488319874,0.00416052620857954
0.0019531636498868465,-0.003455589758232236,0.004164285492151976
0.0019541578367352486,-0.0035073990002274513,0.004161538556218147
0.001953472848981619,-0.0034676860086619854,0.004161538556218147
0.0019080888014286757,-0.003454525489360094,0.004172222223132849
-0.0021543914917856455,-0.0033804960548877716,0.004173683933913708
-0.0021547479555010796,-0.0034179578069597483,0.00416052620857954
-0.0021547158248722553,-0.003407348645851016,0.004161538556218147
-0.0021046376787126064,-0.0034577050246298313,0.004161538556218147
-0.0021152079571038485,-0.003457707352936268,0.00416052620857954
-0.0021548306103795767,-0.0034576861653476954,0.004157999996095896
-0.0020710479002445936,-0.0034574081655591726,0.00416666641831398
-0.002054188633337617,-0.003457144368439913,0.004170000087469816
-0.0021538559813052416,-0.0033559638541191816,0.004185293801128864
-0.002052644034847617,-0.003354337764903903,0.00419999985024333
-0.0019772073719650507,-0.003456185571849346,0.004173683933913708
-0.002003859728574753,-0.003456737846136093,0.004161538556218147
-0.0020182214211672544,-0.003456821432337165,0.004164285492151976
-0.0019516884349286556,-0.0033528972417116165,0.00419999985024333
-0.0017505849245935678,-0.0033511396031826735,0.004149999935179949
-0.0018509464571252465,-0.0033516993280500174,0.00419999985024333
-0.001650406513363123,-0.0033508564811199903,0.004100000020116568
-0.001550257089547813,-0.003350569400936365,0.004100000020116568
-0.0014501430559903383,-0.0033503316808491945,0.004100000020116568
-0.0013500762870535254,-0.0033501889556646347,0.004149999935179949
-0.0012500426964834332,-0.0033501156140118837,0.00419999985024333
-0.0009500099113211036,-0.003350036684423685,0.004174999892711639
-0.0010500155622139573,-0.0033500513527542353,0.00419999985024333
-0.0008500064141117036,-0.0033500264398753643,0.004149999935179949
-0.000750004022847861,-0.00335001852363348,0.004174999892711639
-0.0006500024464912713,-0.003350013168528676,0.00419999985024333
-0.0002500002447050065,-0.0033500026911497116,0.00419999985024333
-0.00015000007988419384,-0.0033500026911497116,0.00419999985024333
-5.00000205647666e-05,-0.003350003156810999,0.004149999935179949
5.00000205647666e-05,-0.003350003156810999,0.004149999935179949
0.00015000007988419384,-0.0033500026911497116,0.00419999985024333
0.0006500024464912713,-0.003350013168528676,0.00419999985024333
0.000750004022847861,-0.00335001852363348,0.00419999985024333
0.0008500064141117036,-0.0033500264398753643,0.00419999985024333
0.0009500099113211036,-0.003350036684423685,0.004174999892711639
0.0010500155622139573,-0.0033500513527542353,0.004149999935179949
0.0011500251712277532,-0.0033500753343105316,0.004149999935179949
0.0012500426964834332,-0.0033501156140118837,0.004124999977648258
0.0013500762870535254,-0.0033501889556646347,0.004100000020116568
0.0014501430559903383,-0.0033503316808491945,0.004100000020116568
0.001550257089547813,-0.003350569400936365,0.004100000020116568
0.001650406513363123,-0.0033508564811199903,0.004100000020116568
0.0017505849245935678,-0.0033511396031826735,0.004100000020116568
0.0018509464571252465,-0.0033516993280500174,0.004124999977648258
0.0018761319806799293,-0.0033519987482577562,0.004124999977648258
0.0019516884349286556,-0.0033528972417116165,0.004124999977648258
0.0019529444398358464,-0.0034341306891292334,0.00416052620857954
0.0018512735841795802,-0.0034023202024400234,0.004149999935179949
0.002054188633337617,-0.003457144368439913,0.004129999782890081
0.0020182214211672544,-0.003456821432337165,0.004135714378207922
0.002052644034847617,-0.0033543375320732594,0.004100000020116568
0.001971879508346319,-0.0033531852532178164,0.004120000172406435
0.0019616985227912664,-0.0034559310879558325,0.004158333409577608
0.002003859728574753,-0.003456737846136093,0.00413846131414175
0.001978579442948103,-0.0034562828950583935,0.004149999935179949
0.0021543914917856455,-0.0033804960548877716,0.00412631593644619
0.0021548306103795767,-0.0034576861653476954,0.004141999874264002
0.0021046376787126064,-0.0034577050246298313,0.00413846131414175
0.0021152079571038485,-0.003457707352936268,0.004139473661780357
0.0020710479002445936,-0.0034574081655591726,0.0041333334520459175
0.0021547158248722553,-0.003407348645851016,0.00413846131414175
0.0021547479555010796,-0.0034179578069597483,0.004139473661780357
0.002153855748474598,-0.0033559638541191816,0.004114706069231033
0.002205872442573309,-0.0034090231638401747,0.004149999935179949
0.0022063390351831913,-0.0034598298370838165,0.004149999935179949
-0.0023550097830593586,-0.003265287494286895,0.0041416664607822895
-0.002272547222673893,-0.0033587422221899033,0.00416666641831398
-0.002355885226279497,-0.0033082151785492897,0.004161538556218147
-0.002356575569137931,-0.0033593052066862583,0.004157999996095896
-0.0023560377303510904,-0.00331898033618927,0.00416052620857954
-0.0022536201868206263,-0.0032552601769566536,0.004149999935179949
-0.0022549754939973354,-0.0033173970878124237,0.004170000087469816
-0.002355368575081229,-0.0032824701629579067,0.004149999935179949
-0.002316577360033989,-0.00335876876488328,0.00416052620857954
-0.002255786908790469,-0.003358677728101611,0.004170000087469816
-0.002325921319425106,-0.0032562967389822006,0.004135714378207922
-0.0023547399323433638,-0.0032565740402787924,0.004135714378207922
-0.002305906033143401,-0.0033586176577955484,0.004161538556218147
-0.002205019583925605,-0.003357650712132454,0.004161538556218147
-0.0022194997873157263,-0.003357904963195324,0.004164285492151976
-0.002152402186766267,-0.0032536278013139963,0.004174999892711639
-0.002152912085875869,-0.003283850150182843,0.004185293801128864
-0.0021861414425075054,-0.0032541719265282154,0.00416666641831398
-0.0021782061085104942,-0.0033569340594112873,0.004173683933913708
-0.0020515003707259893,-0.0032523777335882187,0.00419999985024333
-0.0017502526752650738,-0.0032504762057214975,0.004174999892711639
-0.0018504608888179064,-0.0032508058939129114,0.00419999985024333
-0.001650152262300253,-0.003250311827287078,0.004124999977648258
-0.0015500894514843822,-0.0032501944806426764,0.004100000020116568
-0.0014500475954264402,-0.003250108566135168,0.004124999977648258
-0.0013500239001587033,-0.003250058041885495,0.004174999892711639
-0.0012500124284997582,-0.0032500328961759806,0.00419999985024333
-0.0009500024025328457,-0.0032500086817890406,0.00419999985024333
-0.0008500015246681869,-0.0032500061206519604,0.00419999985024333
-0.0007500008796341717,-0.003250004258006811,0.00419999985024333
-5.000000601285137e-05,-0.0032500005327165127,0.004174999892711639
-0.00015000002167653292,-0.0032500005327165127,0.00419999985024333
5.000000601285137e-05,-0.0032500005327165127,0.004174999892711639
0.00015000002167653292,-0.0032500005327165127,0.00419999985024333
0.0009500024025328457,-0.0032500086817890406,0.00419999985024333
0.0010500040370970964,-0.0032500128727406263,0.00419999985024333
0.0011500068940222263,-0.0032500200904905796,0.00419999985024333
0.0012500124284997582,-0.0032500328961759806,0.004174999892711639
0.0013500239001587033,-0.003250058041885495,0.004124999977648258
0.0014500475954264402,-0.003250108566135168,0.004124999977648258
0.0015500894514843822,-0.0032501944806426764,0.004124999977648258
0.001650152262300253,-0.003250311827287078,0.004100000020116568
0.0017502526752650738,-0.0032504762057214975,0.004100000020116568
0.0018504608888179064,-0.0032508058939129114,0.004100000020116568
0.0019508693367242813,-0.003251446411013603,0.004100000020116568
0.0020515001378953457,-0.003252377500757575,0.004100000020116568
0.0021524017211049795,-0.0032536271028220654,0.004100000020116568
0.0021782061085104942,-0.0033569340594112873,0.00412631593644619
0.002255786908790469,-0.0033586774952709675,0.004129999782890081
0.0022545878309756517,-0.0032996428199112415,0.004121428355574608
0.0022536194883286953,-0.0032552590128034353,0.004124999977648258
0.0022194997873157263,-0.0033579047303646803,0.004135714378207922
0.002205019351094961,-0.003357650712132454,0.00413846131414175
0.002355011645704508,-0.003265289356932044,0.004158333409577608
0.002305906033143401,-0.003358617424964905,0.00413846131414175
0.002272547222673893,-0.0033587419893592596,0.0041333334520459175
0.002355885924771428,-0.003308215644210577,0.00413846131414175
0.0023560381960123777,-0.0033189808018505573,0.004139473661780357
0.002316577360033989,-0.003358768532052636,0.004139473661780357
0.0023335334844887257,-0.003256407333537936,0.00416052620857954
0.002355370204895735,-0.0032824717927724123,0.004149999935179949
0.0023547415621578693,-0.0032565754372626543,0.004164285492151976
0.002356575569137931,-0.003359305439516902,0.004141999874264002
0.0024063345044851303,-0.003308740444481373,0.004149999935179949
0.0024192442651838064,-0.0033718468621373177,0.004149999935179949
-0.002454206580296159,-0.0032053766772150993,0.00413846131414175
-0.0024541218299418688,-0.003215828211978078,0.004139473661780357
-0.0023663723841309547,-0.0032566802110522985,0.00413846131414175
-0.0023529811296612024,-0.0031539977062493563,0.004100000020116568
-0.0024048478808254004,-0.0032566299196332693,0.00413846131414175
-0.0024542612954974174,-0.003179086372256279,0.00412631593644619
-0.00245409132912755,-0.0031551625579595566,0.004114706069231033
-0.002453772583976388,-0.0032549845054745674,0.004141999874264002
-0.002415155293419957,-0.003256293712183833,0.004139473661780357
-0.0022531147114932537,-0.003221161663532257,0.0041333334520459175
-0.002252103528007865,-0.0031529648695141077,0.004100000020116568
-0.002151309046894312,-0.003151924582198262,0.004149999935179949
-0.0020507466979324818,-0.003151148557662964,0.00419999985024333
-0.0017500949325039983,-0.0031501734629273415,0.00419999985024333
-0.0016500503988936543,-0.0031501001212745905,0.004174999892711639
-0.0015500271692872047,-0.0031500577460974455,0.004124999977648258
-0.0014500136021524668,-0.0031500307377427816,0.004149999935179949
-0.0013500064378604293,-0.0031500153709203005,0.00419999985024333
-5.0000002374872565e-05,-0.0031500000040978193,0.00419999985024333
5.0000002374872565e-05,-0.0031500000040978193,0.00419999985024333
0.001250003115274012,-0.003150008153170347,0.00419999985024333
0.0013500064378604293,-0.0031500153709203005,0.004174999892711639
0.0014500136021524668,-0.0031500307377427816,0.004174999892711639
0.0015500271692872047,-0.0031500577460974455,0.004174999892711639
0.0016500503988936543,-0.0031501001212745905,0.004124999977648258
0.0017500949325039983,-0.0031501734629273415,0.004100000020116568
0.0018501931335777044,-0.0031503282953053713,0.004100000020116568
0.0019503938965499401,-0.0031506356317549944,0.004100000020116568
0.0020507462322711945,-0.0031511480920016766,0.004100000020116568
0.0021513081155717373,-0.0031519231852144003,0.004100000020116568
0.0022521005012094975,-0.0031529604457318783,0.004124999977648258
0.0023543089628219604,-0.0032273621764034033,0.004164285492151976
0.0023529715836048126,-0.0031539835035800934,0.004149999935179949
0.0022857242729514837,-0.003153301542624831,0.0041333334520459175
0.002253239741548896,-0.003229684429243207,0.004124999977648258
0.0024542571045458317,-0.003205434186384082,0.004161538556218147
0.0024542987812310457,-0.003180446568876505,0.004149999935179949
0.002453798893839121,-0.003255015006288886,0.004157999996095896
0.002415167633444071,-0.003256307914853096,0.00416052620857954
0.0023663758765906096,-0.003256683936342597,0.004161538556218147
0.002454311354085803,-0.0031637700740247965,0.0041416664607822895
0.002454167464748025,-0.0032158801332116127,0.00416052620857954
0.0024253700394183397,-0.0031550279818475246,0.004135714378207922
0.002454229863360524,-0.0031553262379020452,0.004135714378207922
0.0024048564955592155,-0.003256639465689659,0.004161538556218147
-0.0025572427548468113,-0.0031193215399980545,0.004139473661780357
-0.0025569975841790438,-0.003108480479568243,0.00413846131414175
-0.002478722482919693,-0.003156286897137761,0.00412631593644619
-0.002558098640292883,-0.003159901360049844,0.004141999874264002
-0.0024528808426111937,-0.003053565975278616,0.004100000020116568
-0.0025058474857360125,-0.0031572445295751095,0.00413846131414175
-0.0025549852289259434,-0.003056023735553026,0.004114706069231033
-0.002556152641773224,-0.0030811282340437174,0.00412631593644619
-0.002516853855922818,-0.0031578110065311193,0.004139473661780357
-0.002351771341636777,-0.0030523010063916445,0.004100000020116568
-0.002251087687909603,-0.0030514877289533615,0.004100000020116568
-0.002150618704035878,-0.0030508849304169416,0.004124999977648258
-0.0020503236446529627,-0.003050484461709857,0.004174999892711639
-0.0019501564092934132,-0.0030502453446388245,0.00419999985024333
-0.0016500146593898535,-0.003050028346478939,0.00419999985024333
-0.0015500072622671723,-0.003050015075132251,0.004174999892711639
-0.001450003357604146,-0.003050007624551654,0.004174999892711639
-0.0013500015484169126,-0.0030500036664307117,0.00419999985024333
0.0013500015484169126,-0.0030500036664307117,0.00419999985024333
0.001450003357604146,-0.003050007624551654,0.00419999985024333
0.0015500072622671723,-0.003050015075132251,0.00419999985024333
0.0016500146593898535,-0.003050028346478939,0.004149999935179949
0.0017500311369076371,-0.003050055354833603,0.004100000020116568
0.001850070315413177,-0.0030501161236315966,0.004100000020116568
0.0019501562928780913,-0.003050245111808181,0.004100000020116568
0.002050323411822319,-0.0030504839960485697,0.004100000020116568
0.0021506184712052345,-0.0030508844647556543,0.004100000020116568
0.0022510881535708904,-0.003051487263292074,0.004100000020116568
0.0023517771624028683,-0.003052306128665805,0.004100000020116568
0.0024528808426111937,-0.0030535697005689144,0.004100000020116568
0.0023525734432041645,-0.0031200910452753305,0.0041333334520459175
0.002556132385507226,-0.0030811037868261337,0.00412631593644619
0.0025167898274958134,-0.00315773650072515,0.004139473661780357
0.002466194098815322,-0.0031558326445519924,0.00413846131414175
0.00250578043051064,-0.0031571665313094854,0.00413846131414175
0.0025572103913873434,-0.003119282890111208,0.004139473661780357
0.0025569708086550236,-0.003108448116108775,0.00413846131414175
0.0025580464862287045,-0.0031598384957760572,0.004141999874264002
0.0025549724232405424,-0.0030560088343918324,0.004114706069231033
0.0026080876123160124,-0.0031097291503101587,0.004149999935179949
0.002610773779451847,-0.003163011511787772,0.004149999935179949
-0.0027510225772857666,-0.002978870877996087,0.004127777647227049
-0.0027507718186825514,-0.003000818192958832,0.00413846131414175
-0.0027502032462507486,-0.0030413984786719084,0.004141176585108042
-0.002750079147517681,-0.0030500914435833693,0.004141999874264002
-0.0026551801711320877,-0.00305618392303586,0.004129999782890081
-0.0027123959735035896,-0.003052221843972802,0.004139473661780357
-0.0026709679514169693,-0.0030551322270184755,0.0041333334520459175
-0.0026523929554969072,-0.00295279617421329,0.004100000020116568
-0.0027513056993484497,-0.0029513987246900797,0.004114706069231033
-0.0027023397851735353,-0.0030527811031788588,0.00413846131414175
-0.0025793288368731737,-0.0030567983631044626,0.00412631593644619
-0.002552368910983205,-0.002952835988253355,0.004100000020116568
-0.0026199952699244022,-0.0030568470247089863,0.004135714378207922
-0.0026059600058943033,-0.0030571594834327698,0.00413846131414175
-0.002451543230563402,-0.0029518860392272472,0.004100000020116568
-0.0023508903104811907,-0.002951128175482154,0.004100000020116568
-0.002250492572784424,-0.002950655296444893,0.004100000020116568
-0.002150255488231778,-0.0029503561090677977,0.004100000020116568
-0.0020501227118074894,-0.002950178924947977,0.004149999935179949
-0.0019500544294714928,-0.0029500832315534353,0.00419999985024333
-0.0015500016743317246,-0.002950003370642662,0.00419999985024333
-0.0014500007964670658,-0.002950001507997513,0.00419999985024333
0.0016500038327649236,-0.0029500070959329605,0.004174999892711639
0.0015500016743317246,-0.002950003370642662,0.00419999985024333
0.00175000901799649,-0.002950015477836132,0.004149999935179949
0.0018500224687159061,-0.0029500359669327736,0.004149999935179949
0.0019500544294714928,-0.0029500829987227917,0.004149999935179949
0.0020501227118074894,-0.0029501786921173334,0.004124999977648258
0.002150255721062422,-0.0029503561090677977,0.004100000020116568
0.0022504939697682858,-0.0029506562277674675,0.004100000020116568
0.002350896829739213,-0.0029511372558772564,0.004100000020116568
0.002451543463394046,-0.002951887669041753,0.004100000020116568
0.0025523649528622627,-0.0029528315644711256,0.004100000020116568
0.0026199882850050926,-0.0030568386428058147,0.004135714378207922
0.0026059516239911318,-0.003057149238884449,0.00413846131414175
0.0026523913256824017,-0.002952794311568141,0.004100000020116568
0.002579317195340991,-0.0030567843932658434,0.00412631593644619
0.00265517714433372,-0.0030561801977455616,0.004129999782890081
0.0027023390866816044,-0.003052780171856284,0.00413846131414175
0.002751022344455123,-0.002978870877996087,0.004127777647227049
0.0027123955078423023,-0.003052221145480871,0.004139473661780357
0.0026709656231105328,-0.003055129200220108,0.0041333334520459175
0.0027507715858519077,-0.003000818192958832,0.00413846131414175
0.0027502032462507486,-0.0030413984786719084,0.004141176585108042
0.002750079147517681,-0.0030500912107527256,0.004141999874264002
0.002751305466517806,-0.002951398491859436,0.004114706069231033
0.0028012467082589865,-0.0030013162177056074,0.004149999935179949
0.0028067752718925476,-0.003056812100112438,0.004149999935179949
-0.002852312522009015,-0.002863848814740777,0.00413846131414175
-0.0028524864464998245,-0.002902501029893756,0.00413846131414175
-0.0027792903129011393,-0.0029515940696001053,0.004127777647227049
-0.002852408681064844,-0.0029524676501750946,0.004141999874264002
-0.0028524743393063545,-0.0029130245093256235,0.004139473661780357
-0.0027513469103723764,-0.0028513979632407427,0.004100000020116568
-0.0028434537816792727,-0.0029523379635065794,0.004141176585108042
-0.002801653929054737,-0.0029517195653170347,0.00413846131414175
-0.0028522098436951637,-0.002852202858775854,0.004135714378207922
-0.0026512767653912306,-0.0028514370787888765,0.004100000020116568
-0.0025510850828140974,-0.0028512729331851006,0.004100000020116568
-0.0024506989866495132,-0.00285084149800241,0.004100000020116568
-0.002350384136661887,-0.0028504773508757353,0.004100000020116568
-0.0022501940838992596,-0.002850251505151391,0.004100000020116568
-0.0021500922739505768,-0.0028501253109425306,0.004124999977648258
-0.0020500407554209232,-0.0028500580228865147,0.004174999892711639
-0.001950016594491899,-0.002850024728104472,0.00419999985024333
0.001650000922381878,-0.0028500016778707504,0.00419999985024333
0.001750002265907824,-0.0028500037733465433,0.00419999985024333
0.0018500062869861722,-0.0028500098269432783,0.00419999985024333
0.001950016594491899,-0.002850024728104472,0.00419999985024333
0.0020500407554209232,-0.0028500580228865147,0.004174999892711639
0.0021500929724425077,-0.0028501262422651052,0.004149999935179949
0.002250195713713765,-0.0028502538334578276,0.004124999977648258
0.0023503859993070364,-0.002850479679182172,0.004100000020116568
0.002450699219480157,-0.0028508419636636972,0.004100000020116568
0.002551083918660879,-0.0028512715362012386,0.004100000020116568
0.0026512760668992996,-0.002851436147466302,0.004100000020116568
0.002751346677541733,-0.002851397730410099,0.004100000020116568
0.0028434537816792727,-0.0029523379635065794,0.004141176585108042
0.002801653929054737,-0.0029517195653170347,0.00413846131414175
0.0027792900800704956,-0.0029515938367694616,0.004127777647227049
0.0028524743393063545,-0.0029130245093256235,0.004139473661780357
0.0028521271888166666,-0.0028521206695586443,0.004114706069231033
0.002852408681064844,-0.0029524676501750946,0.004141999874264002
0.002852361649274826,-0.002876048907637596,0.00412631593644619
0.0028524864464998245,-0.002902501029893756,0.00413846131414175
0.002902863547205925,-0.002902848646044731,0.004149999935179949
0.002909368835389614,-0.002959387144073844,0.004149999935179949
-0.002951615257188678,-0.002779311966150999,0.004172222223132849
-0.0029523405246436596,-0.002843450987711549,0.004158823285251856
-0.002951737493276596,-0.0028016711585223675,0.004161538556218147
-0.002913030097261071,-0.0028524647932499647,0.00416052620857954
-0.0029524671845138073,-0.0028524016961455345,0.004157999996095896
-0.0028606364503502846,-0.0028522920329123735,0.0041416664607822895
-0.0028773897793143988,-0.0028523702640086412,0.004149999935179949
-0.0028520820196717978,-0.0028310115449130535,0.004139473661780357
-0.002902508247643709,-0.0028524764347821474,0.004161538556218147
-0.0028807870112359524,-0.002751312917098403,0.004185293801128864
-0.0029514275956898928,-0.0027513352688401937,0.004185293801128864
-0.002851392375305295,-0.002751334337517619,0.004174999892711639
-0.002750938758254051,-0.0027509378269314766,0.004124999977648258
-0.0028011654503643513,-0.0027511361986398697,0.004149999935179949
-0.002650665584951639,-0.0027507131453603506,0.004100000020116568
-0.002550464356318116,-0.002750526648014784,0.004100000020116568
-0.0024502796586602926,-0.0027503292076289654,0.004100000020116568
-0.002350144786760211,-0.002750176237896085,0.004100000020116568
-0.002250067424029112,-0.0027500854339450598,0.004100000020116568
-0.0021500294096767902,-0.002750038867816329,0.004149999935179949
-0.00205001188442111,-0.0027500165160745382,0.00419999985024333
0.0011500000255182385,-0.002749999985098839,0.004174999892711639
0.0010499999625608325,-0.002749999985098839,0.00419999985024333
0.0011500000255182385,-0.002850000048056245,0.00419999985024333
0.0012499999720603228,-0.002850000048056245,0.00419999985024333
0.0012499999720603228,-0.002749999985098839,0.004174999892711639
0.0013500000350177288,-0.002850000048056245,0.00419999985024333
0.0013500000350177288,-0.002749999985098839,0.004174999892711639
0.0014500000979751348,-0.0028500002808868885,0.00419999985024333
0.001449999981559813,-0.002749999985098839,0.004174999892711639
0.001550000044517219,-0.0027500002179294825,0.00419999985024333
0.00205001188442111,-0.0027500165160745382,0.00419999985024333
0.0021500294096767902,-0.0027500391006469727,0.004174999892711639
0.002250067889690399,-0.0027500861324369907,0.004124999977648258
0.0023501450195908546,-0.002750176703557372,0.004100000020116568
0.0024502796586602926,-0.0027503292076289654,0.004100000020116568
0.002550463890656829,-0.00275052641518414,0.004100000020116568
0.002650665119290352,-0.002750712912529707,0.004100000020116568
0.002750938758254051,-0.002750937594100833,0.004100000020116568
0.0028513921424746513,-0.0027513341046869755,0.004100000020116568
0.002913030097261071,-0.0028524647932499647,0.004139473661780357
0.0028760561253875494,-0.002852353034541011,0.00412631593644619
0.002902508247643709,-0.0028524764347821474,0.00413846131414175
0.0029523405246436596,-0.002843450987711549,0.004141176585108042
0.002951615024358034,-0.0027793117333203554,0.004127777647227049
0.0029524671845138073,-0.0028524016961455345,0.004141999874264002
0.0029517372604459524,-0.0028016711585223675,0.00413846131414175
0.002951427362859249,-0.00275133503600955,0.004114706069231033
0.0030013425275683403,-0.0028012790717184544,0.004149999935179949
0.003008556319400668,-0.002858464140444994,0.004149999935179949
-0.0030527811031788588,-0.002702337456867099,0.004161538556218147
-0.0029788948595523834,-0.0027510460931807756,0.004172222223132849
-0.0030500690918415785,-0.002750048879534006,0.004157999996095896
-0.0030008412431925535,-0.002750793006271124,0.004161538556218147
-0.0030413842760026455,-0.00275018229149282,0.004158823285251856
-0.0030551296658813953,-0.0026709865778684616,0.00416666641831398
-0.0029528711456805468,-0.0026524655986577272,0.00419999985024333
-0.0030522169545292854,-0.002712387591600418,0.00416052620857954
-0.003056182526051998,-0.0026552106719464064,0.004170000087469816
-0.00285143475048244,-0.002651277696713805,0.00419999985024333
-0.0027507173363119364,-0.0026506686117500067,0.004174999892711639
-0.0026503712870180607,-0.0026503712870180607,0.004124999977648258
-0.0025502007920295,-0.0026502157561481,0.004100000020116568
-0.0024501041043549776,-0.002650118200108409,0.004100000020116568
-0.0023500488605350256,-0.0026500578969717026,0.004100000020116568
-0.002250020857900381,-0.0026500257663428783,0.004124999977648258
-0.0021500082220882177,-0.002650010632351041,0.004174999892711639
-0.0020500030368566513,-0.0026500041130930185,0.00419999985024333
0.0011500000255182385,-0.0026499999221414328,0.004174999892711639
0.0010499999625608325,-0.0026499999221414328,0.00419999985024333
0.0012499999720603228,-0.0026499999221414328,0.004174999892711639
0.0013500000350177288,-0.0026499999221414328,0.004174999892711639
0.001449999981559813,-0.0026499999221414328,0.004174999892711639
0.001550000044517219,-0.0026499999221414328,0.00419999985024333
0.0021500082220882177,-0.0026500108651816845,0.004174999892711639
0.0020500030368566513,-0.0026500041130930185,0.00419999985024333
0.0022500210907310247,-0.002650025999173522,0.004149999935179949
0.0023500490933656693,-0.0026500581298023462,0.004124999977648258
0.0024501041043549776,-0.002650118200108409,0.004100000020116568
0.0025502007920295,-0.0026502155233174562,0.004100000020116568
0.0026503712870180607,-0.0026503712870180607,0.004100000020116568
0.0027507171034812927,-0.002650668378919363,0.004100000020116568
0.0028514342848211527,-0.0026512769982218742,0.004100000020116568
0.002952869748696685,-0.002652464434504509,0.004100000020116568
0.0030551287345588207,-0.0026709861122071743,0.0041333334520459175
0.0029788948595523834,-0.002751045860350132,0.004127777647227049
0.0030008412431925535,-0.002750793006271124,0.00413846131414175
0.003052780870348215,-0.002702337224036455,0.00413846131414175
0.0030522167216986418,-0.0027123873587697744,0.004139473661780357
0.0030500690918415785,-0.002750048879534006,0.004141999874264002
0.00305618136189878,-0.0026552097406238317,0.004129999782890081
0.0030413842760026455,-0.00275018229149282,0.004141176585108042
0.003103557275608182,-0.0027029893826693296,0.004149999935179949
0.00310407648794353,-0.002754394430667162,0.004149999935179949
-0.003056687070056796,-0.0025671019684523344,0.004161538556218147
-0.0030568453948944807,-0.0026200213469564915,0.004164285492151976
-0.0030571564566344023,-0.0026059835217893124,0.004161538556218147
-0.0029528567101806402,-0.002552393823862076,0.00419999985024333
-0.003056356916204095,-0.002555278828367591,0.004164285492151976
-0.0027505294419825077,-0.0025504673831164837,0.00419999985024333
-0.0026502166874706745,-0.0025502017233520746,0.004174999892711639
-0.0025500906631350517,-0.0025500906631350517,0.004149999935179949
-0.0024500382132828236,-0.00255004083737731,0.004124999977648258
-0.002350015565752983,-0.0025500175543129444,0.004124999977648258
-0.0022500059567391872,-0.00255000707693398,0.004174999892711639
-0.0021500021684914827,-0.0025500026531517506,0.00419999985024333
0.0005499999970197678,-0.0025500000920146704,0.004174999892711639
0.00044999999227002263,-0.0025500000920146704,0.00419999985024333
0.0005499999970197678,-0.0026499999221414328,0.00419999985024333
0.0006500000017695129,-0.0026499999221414328,0.00419999985024333
0.0006500000017695129,-0.0025500000920146704,0.004174999892711639
0.000750000006519258,-0.0025500000920146704,0.00419999985024333
0.0011500000255182385,-0.0025500000920146704,0.00419999985024333
0.0012499999720603228,-0.0025500000920146704,0.00419999985024333
0.0013500000350177288,-0.0025500000920146704,0.00419999985024333
0.001449999981559813,-0.0025500000920146704,0.00419999985024333
0.0021500021684914827,-0.0025500026531517506,0.00419999985024333
0.0022500059567391872,-0.00255000707693398,0.00419999985024333
0.002350015565752983,-0.0025500175543129444,0.004149999935179949
0.0024500382132828236,-0.00255004083737731,0.004100000020116568
0.002550090430304408,-0.0025500906631350517,0.004100000020116568
0.0026502166874706745,-0.0025502017233520746,0.004100000020116568
0.0027505289763212204,-0.0025504669174551964,0.004100000020116568
0.0028512743301689625,-0.002551088808104396,0.004100000020116568
0.0029528529848903418,-0.0025523900985717773,0.004124999977648258
0.0030566509813070297,-0.0025638642255216837,0.004158333409577608
0.003034738590940833,-0.002554814564064145,0.00416052620857954
0.003056843066588044,-0.002620019018650055,0.004135714378207922
0.003057153197005391,-0.002605980494990945,0.00413846131414175
0.0030563476029783487,-0.002555270679295063,0.004164285492151976
0.0030568824149668217,-0.0025807360652834177,0.004149999935179949
0.00310973497107625,-0.0026081230025738478,0.004149999935179949
0.0031098409090191126,-0.0026583196595311165,0.004149999935179949
-0.003156288294121623,-0.002478719921782613,0.00412631593644619
-0.0031572459265589714,-0.0025058453902602196,0.00413846131414175
-0.003065218683332205,-0.0025557137560099363,0.004158333409577608
-0.0030825429130345583,-0.002556248800829053,0.004149999935179949
-0.003053568536415696,-0.0024528857320547104,0.004124999977648258
-0.0030559480655938387,-0.002533871680498123,0.00416052620857954
-0.003157812636345625,-0.0025168517604470253,0.004139473661780357
-0.0030835382640361786,-0.002453313209116459,0.004114706069231033
-0.003155164187774062,-0.0024540883023291826,0.004114706069231033
-0.003159903222694993,-0.0025580970104783773,0.004141999874264002
-0.0031084793154150248,-0.0025570096913725138,0.00413846131414175
-0.003119321074336767,-0.002557251835241914,0.004139473661780357
-0.0030027306638658047,-0.002452218672260642,0.004149999935179949
-0.0029520855750888586,-0.002471720101311803,0.004179999697953463
-0.002951892791315913,-0.0024515516124665737,0.004174999892711639
-0.00285084405913949,-0.0024507027119398117,0.00419999985024333
-0.0026501184329390526,-0.002450104570016265,0.00419999985024333
-0.0025500410702079535,-0.0024500382132828236,0.00419999985024333
-0.0024500139988958836,-0.0024500139988958836,0.004174999892711639
-0.0023500046227127314,-0.0024500051513314247,0.004174999892711639
-0.002250001532956958,-0.00245000165887177,0.00419999985024333
-0.001449999981559813,-0.0024500000290572643,0.004174999892711639
-0.001550000044517219,-0.0024500000290572643,0.00419999985024333
-0.001449999981559813,-0.0025500000920146704,0.00419999985024333
-0.0013500000350177288,-0.0025500000920146704,0.00419999985024333
-0.0013500000350177288,-0.0024500000290572643,0.004174999892711639
-0.0012499999720603228,-0.0024500000290572643,0.00419999985024333
-4.999999873689376e-05,-0.0024500000290572643,0.004174999892711639
-0.0001500000071246177,-0.0024500000290572643,0.00419999985024333
-4.999999873689376e-05,-0.0025500000920146704,0.00419999985024333
4.999999873689376e-05,-0.0025500000920146704,0.00419999985024333
4.999999873689376e-05,-0.0024500000290572643,0.004174999892711639
0.0001500000071246177,-0.0024500000290572643,0.00419999985024333
0.0005499999970197678,-0.0024500000290572643,0.004174999892711639
0.00044999999227002263,-0.0024500000290572643,0.00419999985024333
0.0006500000017695129,-0.0024500000290572643,0.004174999892711639
0.000750000006519258,-0.0024500000290572643,0.00419999985024333
0.0013500000350177288,-0.0024500000290572643,0.004174999892711639
0.0012499999720603228,-0.0024500000290572643,0.00419999985024333
0.001449999981559813,-0.0024500000290572643,0.004174999892711639
0.001550000044517219,-0.0024500000290572643,0.00419999985024333
0.002350004855543375,-0.0024500051513314247,0.004174999892711639
0.002250001532956958,-0.0024500018917024136,0.00419999985024333
0.0024500139988958836,-0.0024500139988958836,0.004124999977648258
0.0025500410702079535,-0.0024500382132828236,0.004100000020116568
0.0026501184329390526,-0.002450104570016265,0.004100000020116568
0.0027503306046128273,-0.002450281288474798,0.004100000020116568
0.0028508449904620647,-0.002450703177601099,0.004124999977648258
0.002951896283775568,-0.0024515532422810793,0.004174999892711639
0.003053566673770547,-0.002452882006764412,0.00419999985024333
0.002952374517917633,-0.0025019715540111065,0.004149999935179949
0.0031562813092023134,-0.002478715730831027,0.004173683933913708
0.0031578093767166138,-0.0025168496649712324,0.00416052620857954
0.003159901825711131,-0.0025580960791558027,0.004157999996095896
0.0031572419684380293,-0.0025058428291231394,0.004161538556218147
0.0031193182803690434,-0.0025572495069354773,0.00416052620857954
0.003068533493205905,-0.0025558024644851685,0.004161538556218147
0.0031551483552902937,-0.0024540789891034365,0.004185293801128864
0.00310847582295537,-0.0025570071302354336,0.004161538556218147
-0.003179087769240141,-0.002454256871715188,0.00412631593644619
-0.00321582960896194,-0.002454114845022559,0.004139473661780357
-0.003256690688431263,-0.00236634467728436,0.00413846131414175
-0.0031540014315396547,-0.0023529736790806055,0.004100000020116568
-0.003256583819165826,-0.0023547145538032055,0.004135714378207922
-0.003256303258240223,-0.002415128517895937,0.004139473661780357
-0.0032053778413683176,-0.002454200992360711,0.00413846131414175
-0.003256641561165452,-0.0024048169143497944,0.00413846131414175
-0.0032549863681197166,-0.002453761175274849,0.004141999874264002
-0.0030533154495060444,-0.0024326627608388662,0.004120000172406435
-0.0030523031018674374,-0.0023517708759754896,0.004100000020116568
-0.002951130736619234,-0.0023508924059569836,0.004149999935179949
-0.0028504785150289536,-0.002350385533645749,0.00419999985024333
-0.002550017787143588,-0.002350015565752983,0.004174999892711639
-0.0026500581298023462,-0.0023500490933656693,0.00419999985024333
-0.0024500051513314247,-0.002350004855543375,0.004174999892711639
-0.00235000136308372,-0.00235000136308372,0.00419999985024333
-0.001449999981559813,-0.0023499999660998583,0.004174999892711639
-0.001550000044517219,-0.0023499999660998583,0.00419999985024333
-0.0013500000350177288,-0.0023499999660998583,0.004174999892711639
-0.0012499999720603228,-0.0023499999660998583,0.00419999985024333
-4.999999873689376e-05,-0.0023499999660998583,0.004174999892711639
-0.0001500000071246177,-0.0023499999660998583,0.00419999985024333
4.999999873689376e-05,-0.0023499999660998583,0.004174999892711639
0.0001500000071246177,-0.0023499999660998583,0.00419999985024333
0.0005499999970197678,-0.0023499999660998583,0.00419999985024333
0.0006500000017695129,-0.0023499999660998583,0.00419999985024333
0.0013500000350177288,-0.0023499999660998583,0.004174999892711639
0.0012499999720603228,-0.0023499999660998583,0.00419999985024333
0.001449999981559813,-0.0023499999660998583,0.004174999892711639
0.001550000044517219,-0.0023499999660998583,0.00419999985024333
0.00235000136308372,-0.00235000136308372,0.00419999985024333
0.0024500051513314247,-0.002350004855543375,0.004174999892711639
0.002550017787143588,-0.002350015565752983,0.004124999977648258
0.00265005836263299,-0.002350049326196313,0.004124999977648258
0.002750177402049303,-0.0023501459509134293,0.004149999935179949
0.002850481541827321,-0.0023503878619521856,0.004174999892711639
0.0029511358588933945,-0.002350896131247282,0.00419999985024333
0.003153971629217267,-0.0023529452737420797,0.00419999985024333
0.0032158265821635723,-0.00245411298237741,0.00416052620857954
0.003256656229496002,-0.002378479577600956,0.004173683933913708
0.0032566403970122337,-0.0024048159830272198,0.004161538556218147
0.0032563023269176483,-0.0024151275865733624,0.00416052620857954
0.0032549852039664984,-0.002453760476782918,0.004157999996095896
0.003179081017151475,-0.002454252913594246,0.004173683933913708
0.003256377065554261,-0.002354562981054187,0.004185293801128864
0.003205374116078019,-0.002454198431223631,0.004161538556218147
-0.0033588216174393892,-0.002255911473184824,0.004149999935179949
-0.0033587755169719458,-0.0023165782913565636,0.00416052620857954
-0.0033586251083761454,-0.0023059118539094925,0.004161538556218147
-0.0033082272857427597,-0.002355852397158742,0.004161538556218147
-0.0033189908135682344,-0.002356007695198059,0.00416052620857954
-0.0032552629709243774,-0.002253623679280281,0.004124999977648258
-0.0033593096304684877,-0.0023565576411783695,0.004157999996095896
-0.0032824815716594458,-0.0023553387727588415,0.004149999935179949
-0.0032560734543949366,-0.002309841103851795,0.004127777647227049
-0.0032652979716658592,-0.002354982076212764,0.0041416664607822895
-0.0032348036766052246,-0.002253319602459669,0.004120000172406435
-0.003152966732159257,-0.0022521030623465776,0.004100000020116568
-0.003051488660275936,-0.002251087687909603,0.004100000020116568
-0.0029506562277674675,-0.002250493038445711,0.004149999935179949
-0.0028502519708126783,-0.002250194549560547,0.00419999985024333
-0.00255000707693398,-0.0022500059567391872,0.004174999892711639
-0.002650025999173522,-0.0022500210907310247,0.00419999985024333
-0.00245000165887177,-0.002250001532956958,0.004174999892711639
-0.0023500004317611456,-0.0022500003688037395,0.00419999985024333
-0.001449999981559813,-0.0022499999031424522,0.00419999985024333
-0.0013500000350177288,-0.0022499999031424522,0.00419999985024333
-4.999999873689376e-05,-0.0022499999031424522,0.00419999985024333
4.999999873689376e-05,-0.0022499999031424522,0.00419999985024333
0.0013500000350177288,-0.0022499999031424522,0.00419999985024333
0.001449999981559813,-0.0022499999031424522,0.00419999985024333
0.0024500018917024136,-0.002250001532956958,0.00419999985024333
0.00255000707693398,-0.0022500059567391872,0.004174999892711639
0.002650025999173522,-0.0022500210907310247,0.004174999892711639
0.0027500861324369907,-0.002250068122521043,0.00419999985024333
0.0028502533677965403,-0.0022501954808831215,0.00419999985024333
0.0032552597112953663,-0.0022536208853125572,0.00419999985024333
0.003318990347906947,-0.0023560074623674154,0.00416052620857954
0.003281095065176487,-0.0023552884813398123,0.004173683933913708
0.0033586248755455017,-0.0023059118539094925,0.004161538556218147
0.0033593096304684877,-0.0023565576411783695,0.004157999996095896
0.0033082265872508287,-0.002355851698666811,0.004161538556218147
0.00335874455049634,-0.002272570738568902,0.00416666641831398
0.003358775284141302,-0.0023165782913565636,0.00416052620857954
0.003358677728101611,-0.002255818108096719,0.004170000087469816
-0.0033569294027984142,-0.00217823195271194,0.00412631593644619
-0.0032549356110394,-0.00223338115029037,0.004120000172406435
-0.0032536261714994907,-0.0021524105686694384,0.004100000020116568
-0.0033559578005224466,-0.002153877168893814,0.004114706069231033
-0.0033588216174393892,-0.002255911473184824,0.004149999935179949
-0.0033578434959053993,-0.002215724438428879,0.004139473661780357
-0.003357647219672799,-0.002205049153417349,0.00413846131414175
-0.003151924582198262,-0.0021513118408620358,0.004100000020116568
-0.0030508851632475853,-0.002150619635358453,0.004100000020116568
-0.0029503563418984413,-0.0021502559538930655,0.004149999935179949
-0.0028501255437731743,-0.0021500925067812204,0.00419999985024333
-0.0025500026531517506,-0.0021500021684914827,0.00419999985024333
-0.0024500004947185516,-0.002150000538676977,0.00419999985024333
4.999999873689376e-05,-0.00215000007301569,0.004174999892711639
-4.999999873689376e-05,-0.00215000007301569,0.00419999985024333
0.0001500000071246177,-0.0022499999031424522,0.00419999985024333
0.0001500000071246177,-0.00215000007301569,0.004174999892711639
0.0002500000118743628,-0.00215000007301569,0.00419999985024333
0.00044999999227002263,-0.00215000007301569,0.004174999892711639
0.0003499999875202775,-0.00215000007301569,0.00419999985024333
0.00044999999227002263,-0.0022499999031424522,0.00419999985024333
0.0005499999970197678,-0.0022499999031424522,0.00419999985024333
0.0005499999970197678,-0.00215000007301569,0.004174999892711639
0.0006500000017695129,-0.00215000007301569,0.00419999985024333
0.0025500026531517506,-0.0021500021684914827,0.00419999985024333
0.0026500108651816845,-0.0021500082220882177,0.00419999985024333
0.003356646280735731,-0.0021658865734934807,0.004161538556218147
0.003357647219672799,-0.002205049153417349,0.004161538556218147
0.0033579024020582438,-0.0022195293568074703,0.004164285492151976
0.0032536250073462725,-0.0021524096373468637,0.00419999985024333
0.0033562076278030872,-0.0021540445741266012,0.004164285492151976
-0.0034179468639194965,-0.002154770540073514,0.004139473661780357
-0.0034573771990835667,-0.002071075839921832,0.0041333334520459175
-0.0034576705656945705,-0.002104660263285041,0.00413846131414175
-0.0034576766192913055,-0.0021152293775230646,0.004139473661780357
-0.0033804886043071747,-0.002154414774850011,0.00412631593644619
-0.0033543258905410767,-0.0020526612643152475,0.004100000020116568
-0.0034073390997946262,-0.0021547400392591953,0.00413846131414175
-0.0034576694015413523,-0.0021548473741859198,0.004141999874264002
-0.003457115264609456,-0.0020542186684906483,0.004129999782890081
-0.0032523737754672766,-0.0020515082869678736,0.004100000020116568
-0.003151147859171033,-0.0020507497247308493,0.004100000020116568
-0.0030504842288792133,-0.0020503245759755373,0.004100000020116568
-0.002950178924947977,-0.002050122944638133,0.004149999935179949
-0.0028500580228865147,-0.0020500407554209232,0.00419999985024333
-0.001449999981559813,-0.002050000010058284,0.004174999892711639
-0.001550000044517219,-0.002050000010058284,0.00419999985024333
-0.001449999981559813,-0.00215000007301569,0.00419999985024333
-0.0013500000350177288,-0.00215000007301569,0.00419999985024333
-0.0013500000350177288,-0.002050000010058284,0.004174999892711639
-0.0012499999720603228,-0.002050000010058284,0.00419999985024333
4.999999873689376e-05,-0.002050000010058284,0.004174999892711639
-4.999999873689376e-05,-0.002050000010058284,0.00419999985024333
0.0001500000071246177,-0.002050000010058284,0.004174999892711639
0.0002500000118743628,-0.002050000010058284,0.00419999985024333
0.00044999999227002263,-0.002050000010058284,0.004174999892711639
0.0003499999875202775,-0.002050000010058284,0.00419999985024333
0.0005499999970197678,-0.002050000010058284,0.004174999892711639
0.0006500000017695129,-0.002050000010058284,0.00419999985024333
0.0008500000112690032,-0.002050000010058284,0.004174999892711639
0.000750000006519258,-0.002050000010058284,0.00419999985024333
0.0008500000112690032,-0.00215000007301569,0.00419999985024333
0.0009500000160187483,-0.00215000007301569,0.00419999985024333
0.0009500000160187483,-0.002050000010058284,0.004174999892711639
0.0010499999625608325,-0.002050000010058284,0.00419999985024333
0.0032523733098059893,-0.00205150805413723,0.00419999985024333
0.0033554655965417624,-0.002109048655256629,0.004172222223132849
0.003354325657710433,-0.0020526612643152475,0.004174999892711639
0.0033339352812618017,-0.0020524305291473866,0.004179999697953463
0.003364861011505127,-0.0021542487666010857,0.004158333409577608
0.0034179468639194965,-0.002154770540073514,0.004139473661780357
0.0034572489093989134,-0.002054294105619192,0.004149999935179949
0.0034073390997946262,-0.0021547400392591953,0.00413846131414175
0.0034572489093989134,-0.002054294105619192,0.004149999935179949
0.0034576705656945705,-0.002104660263285041,0.00413846131414175
0.0034576766192913055,-0.0021152293775230646,0.004139473661780357
0.0034576694015413523,-0.0021548473741859198,0.004141999874264002
0.003381867427378893,-0.0021544555202126503,0.004149999935179949
0.003508880967274308,-0.002105310093611479,0.004149999935179949
0.0035064297262579203,-0.0021539591252803802,0.004149999935179949
-0.003455965081229806,-0.0019649674650281668,0.00413846131414175
-0.0033528886269778013,-0.001951701706275344,0.004100000020116568
-0.003456796519458294,-0.0020182542502880096,0.004135714378207922
-0.003455572295933962,-0.0019531925208866596,0.004135714378207922
-0.0034567145630717278,-0.0020038937218487263,0.00413846131414175
-0.003251443151384592,-0.0019508755067363381,0.004100000020116568
-0.0031506367959082127,-0.0019503977382555604,0.004100000020116568
-0.0030502453446388245,-0.0019501574570313096,0.004100000020116568
-0.0029500832315534353,-0.0019500546623021364,0.004149999935179949
-0.002850024728104472,-0.0019500167109072208,0.00419999985024333
-0.002050000010058284,-0.0019499999471008778,0.004174999892711639
-0.00215000007301569,-0.0019499999471008778,0.00419999985024333
-0.002050000010058284,-0.002050000010058284,0.00419999985024333
-0.0019499999471008778,-0.002050000010058284,0.00419999985024333
-0.0019499999471008778,-0.0019499999471008778,0.004174999892711639
-0.0018500000005587935,-0.0019499999471008778,0.00419999985024333
-0.001449999981559813,-0.0019499999471008778,0.004174999892711639
-0.001550000044517219,-0.0019499999471008778,0.00419999985024333
-0.0013500000350177288,-0.0019499999471008778,0.004174999892711639
-0.0012499999720603228,-0.0019499999471008778,0.00419999985024333
-0.0005499999970197678,-0.0019499999471008778,0.004174999892711639
-0.0006500000017695129,-0.0019499999471008778,0.00419999985024333
-0.0005499999970197678,-0.002050000010058284,0.00419999985024333
-0.00044999999227002263,-0.002050000010058284,0.00419999985024333
-0.00044999999227002263,-0.0019499999471008778,0.004174999892711639
-0.0003499999875202775,-0.0019499999471008778,0.00419999985024333
4.999999873689376e-05,-0.0019499999471008778,0.00419999985024333
0.0001500000071246177,-0.0019499999471008778,0.00419999985024333
0.00044999999227002263,-0.0019499999471008778,0.00419999985024333
0.0005499999970197678,-0.0019499999471008778,0.00419999985024333
0.0008500000112690032,-0.0019499999471008778,0.004174999892711639
0.000750000006519258,-0.0019499999471008778,0.00419999985024333
0.0009500000160187483,-0.0019499999471008778,0.004174999892711639
0.0010499999625608325,-0.0019499999471008778,0.00419999985024333
0.0033528886269778013,-0.001951701706275344,0.00419999985024333
0.0034561653155833483,-0.0019772390369325876,0.004173683933913708
0.0034567145630717278,-0.0020038937218487263,0.004161538556218147
0.0034567841794341803,-0.002014480298385024,0.00416052620857954
0.0033528886269778013,-0.0019517018226906657,0.00419999985024333
0.0034552740398794413,-0.0019530204590409994,0.004185293801128864
-0.003507378278300166,-0.0019541974179446697,0.004161538556218147
-0.0035181711427867413,-0.001954339211806655,0.00416052620857954
-0.0035544317215681076,-0.0018761360552161932,0.004173683933913708
-0.0035585761070251465,-0.001954830950126052,0.004157999996095896
-0.003555324161425233,-0.0019029718823730946,0.004161538556218147
-0.0034529301337897778,-0.0018516129348427057,0.004174999892711639
-0.0034551762510091066,-0.0019318998092785478,0.004139473661780357
-0.0034815871622413397,-0.001953759463503957,0.004149999935179949
-0.003464363981038332,-0.0019534509629011154,0.0041416664607822895
-0.003556008916348219,-0.0019138902425765991,0.00416052620857954
-0.0034825499169528484,-0.0018517242278903723,0.004185293801128864
-0.0035535909701138735,-0.0018519448349252343,0.004185293801128864
-0.0033528886269778013,-0.001951701589860022,0.004100000020116568
-0.003392188111320138,-0.0018512174719944596,0.0041600000113248825
-0.0033516932744532824,-0.0018509537912905216,0.004149999935179949
-0.0032508033327758312,-0.0018504641484469175,0.004124999977648258
-0.003150326432660222,-0.0018501938320696354,0.004100000020116568
-0.0030501156579703093,-0.0018500706646591425,0.004124999977648258
-0.0029500359669327736,-0.001850022585131228,0.004174999892711639
-0.0028500098269432783,-0.0018500062869861722,0.00419999985024333
-0.002050000010058284,-0.0018500000005587935,0.004149999935179949
-0.00215000007301569,-0.0018500000005587935,0.00419999985024333
-0.0019499999471008778,-0.0018500000005587935,0.004149999935179949
-0.0018500000005587935,-0.0018500000005587935,0.00419999985024333
-0.0016499999910593033,-0.0018500000005587935,0.004174999892711639
-0.0017500000540167093,-0.0018500000005587935,0.00419999985024333
-0.0016499999910593033,-0.0019499999471008778,0.00419999985024333
-0.001550000044517219,-0.0018500000005587935,0.004174999892711639
-0.001449999981559813,-0.0018500000005587935,0.00419999985024333
-0.0013500000350177288,-0.0018500000005587935,0.00419999985024333
-0.0005499999970197678,-0.0018500000005587935,0.004174999892711639
-0.0006500000017695129,-0.0018500000005587935,0.00419999985024333
-0.00044999999227002263,-0.0018500000005587935,0.004174999892711639
-0.0003499999875202775,-0.0018500000005587935,0.00419999985024333
0.0008500000112690032,-0.0018500000005587935,0.00419999985024333
0.0009500000160187483,-0.0018500000005587935,0.00419999985024333
0.0033516932744532824,-0.0018509537912905216,0.004174999892711639
0.0032508033327758312,-0.0018504641484469175,0.00419999985024333
0.0033528886269778013,-0.001951701589860022,0.00419999985024333
0.003427620977163315,-0.0018514480907469988,0.004174999892711639
0.0034529301337897778,-0.0018516129348427057,0.004174999892711639
0.0034537669271230698,-0.0018815237563103437,0.004185293801128864
0.003351932391524315,-0.0018711034208536148,0.004179999697953463
0.0035181711427867413,-0.001954339211806655,0.00416052620857954
0.003507378278300166,-0.0019541974179446697,0.004161538556218147
0.003555324161425233,-0.0019029718823730946,0.004161538556218147
0.0035585761070251465,-0.001954830950126052,0.004157999996095896
0.0035544317215681076,-0.0018761360552161932,0.004173683933913708
0.003480185754597187,-0.001953711034730077,0.004173683933913708
0.003556008916348219,-0.0019138902425765991,0.00416052620857954
0.0035535909701138735,-0.0018519448349252343,0.004185293801128864
0.0034825499169528484,-0.0018517242278903723,0.004185293801128864
-0.003653238993138075,-0.0018015357200056314,0.004161538556218147
-0.0035769175738096237,-0.001851763459853828,0.004173683933913708
-0.003651504870504141,-0.0018507660133764148,0.004157999996095896
-0.003602792741730809,-0.0018515174742788076,0.004161538556218147
-0.003613048931583762,-0.001851360430009663,0.00416052620857954
-0.0035542191471904516,-0.0017520334804430604,0.00419999985024333
-0.0036528799682855606,-0.0018119026208296418,0.00416052620857954
-0.0036571507807821035,-0.00175332126673311,0.004170000087469816
-0.0035542191471904516,-0.0017520335968583822,0.00419999985024333
-0.0036559177096933126,-0.001769424183294177,0.00416666641831398
-0.003452354809269309,-0.0017511799233034253,0.00419999985024333
-0.003452354809269309,-0.0017511798068881035,0.00419999985024333
-0.0033511349465698004,-0.0017505896976217628,0.00419999985024333
-0.003250474575906992,-0.0017502546543255448,0.004174999892711639
-0.0031501727644354105,-0.0017500955145806074,0.004149999935179949
-0.0030500551220029593,-0.0017500313697382808,0.004174999892711639
-0.002950015477836132,-0.00175000901799649,0.00419999985024333
-0.0026500001549720764,-0.0017500000540167093,0.004174999892711639
-0.0027500009164214134,-0.0017500005196779966,0.00419999985024333
-0.00265000038780272,-0.001850000349804759,0.00419999985024333
-0.0025500000920146704,-0.0018500001169741154,0.00419999985024333
-0.0025500000920146704,-0.0017500000540167093,0.004174999892711639
-0.0024500000290572643,-0.0017500000540167093,0.00419999985024333
-0.002050000010058284,-0.0017500000540167093,0.004174999892711639
-0.00215000007301569,-0.0017500000540167093,0.00419999985024333
-0.0019499999471008778,-0.0017500000540167093,0.004174999892711639
-0.0018500000005587935,-0.0017500000540167093,0.00419999985024333
-0.0016499999910593033,-0.0017500000540167093,0.004174999892711639
-0.0017500000540167093,-0.0017500000540167093,0.00419999985024333
-0.001550000044517219,-0.0017500000540167093,0.004174999892711639
-0.001449999981559813,-0.0017500000540167093,0.00419999985024333
-0.0005499999970197678,-0.0017500000540167093,0.00419999985024333
-0.00044999999227002263,-0.0017500000540167093,0.004174999892711639
-0.0003499999875202775,-0.0017500000540167093,0.004174999892711639
-0.0002500000118743628,-0.0017500000540167093,0.00419999985024333
0.0001500000071246177,-0.0017500000540167093,0.004174999892711639
4.999999873689376e-05,-0.0017500000540167093,0.00419999985024333
0.0001500000071246177,-0.0018500000005587935,0.00419999985024333
0.0002500000118743628,-0.0018500000005587935,0.00419999985024333
0.0002500000118743628,-0.0017500000540167093,0.004174999892711639
0.0003499999875202775,-0.0017500000540167093,0.00419999985024333
0.0011500000255182385,-0.0017500000540167093,0.004174999892711639
0.0010499999625608325,-0.0017500000540167093,0.00419999985024333
0.0011500000255182385,-0.0018500000005587935,0.00419999985024333
0.0012499999720603228,-0.0018500000005587935,0.00419999985024333
0.0012499999720603228,-0.0017500000540167093,0.004174999892711639
0.0013500000350177288,-0.0017500000540167093,0.00419999985024333
0.0031501727644354105,-0.0017500955145806074,0.004174999892711639
0.0030500551220029593,-0.0017500313697382808,0.00419999985024333
0.003150326432660222,-0.0018501938320696354,0.00419999985024333
0.003250474575906992,-0.0017502546543255448,0.004149999935179949
0.0033511349465698004,-0.0017505896976217628,0.004124999977648258
0.003452354809269309,-0.0017511799233034253,0.004124999977648258
0.003486309666186571,-0.0017514644423499703,0.0041333334520459175
0.003553954651579261,-0.0017974687507376075,0.0041772727854549885
0.0035542191471904516,-0.0017520334804430604,0.004149999935179949
0.0034526423551142216,-0.0018013964872807264,0.004149999935179949
0.0036572718527168036,-0.0017533749341964722,0.004149999935179949
0.003651504870504141,-0.0018507660133764148,0.004157999996095896
0.003613048931583762,-0.001851360430009663,0.00416052620857954
0.003653238993138075,-0.0018015357200056314,0.004161538556218147
0.0035769175738096237,-0.001851763459853828,0.004173683933913708
0.003602792741730809,-0.0018515174742788076,0.004161538556218147
0.0036528799682855606,-0.0018119026208296418,0.00416052620857954
-0.003659759880974889,-0.0017044595442712307,0.004161538556218147
-0.0036589819937944412,-0.001718405750580132,0.004164285492151976
-0.0036592877004295588,-0.0016708731418475509,0.00416666641831398
-0.0035544426646083593,-0.001652034348808229,0.00419999985024333
-0.003658891888335347,-0.0016540088690817356,0.004170000087469816
-0.003250310430303216,-0.0016501536592841148,0.00419999985024333
-0.003150099655613303,-0.0016500507481396198,0.00419999985024333
-0.003050028346478939,-0.0016500147758051753,0.00419999985024333
-0.0026500001549720764,-0.0016499999910593033,0.004174999892711639
-0.0027500002179294825,-0.001650000223889947,0.00419999985024333
-0.0025500000920146704,-0.0016499999910593033,0.004174999892711639
-0.0024500000290572643,-0.0016499999910593033,0.00419999985024333
-0.002050000010058284,-0.0016499999910593033,0.00419999985024333
-0.0019499999471008778,-0.0016499999910593033,0.00419999985024333
-0.0016499999910593033,-0.0016499999910593033,0.00419999985024333
-0.001550000044517219,-0.0016499999910593033,0.00419999985024333
-0.00044999999227002263,-0.0016499999910593033,0.004174999892711639
-0.0005499999970197678,-0.0016499999910593033,0.00419999985024333
-0.0003499999875202775,-0.0016499999910593033,0.004174999892711639
-0.0002500000118743628,-0.0016499999910593033,0.00419999985024333
0.0001500000071246177,-0.0016499999910593033,0.004174999892711639
4.999999873689376e-05,-0.0016499999910593033,0.00419999985024333
0.0002500000118743628,-0.0016499999910593033,0.004174999892711639
0.0003499999875202775,-0.0016499999910593033,0.00419999985024333
0.0011500000255182385,-0.0016499999910593033,0.004174999892711639
0.0010499999625608325,-0.0016499999910593033,0.00419999985024333
0.0012499999720603228,-0.0016499999910593033,0.004174999892711639
0.0013500000350177288,-0.0016499999910593033,0.00419999985024333
0.0029500070959329605,-0.0016500038327649236,0.004174999892711639
0.0028500016778707504,-0.001650000922381878,0.00419999985024333
0.002950015477836132,-0.00175000901799649,0.00419999985024333
0.003050028346478939,-0.0016500147758051753,0.004149999935179949
0.003150099888443947,-0.0016500507481396198,0.004149999935179949
0.0032503106631338596,-0.0016501536592841148,0.004124999977648258
0.0033508529886603355,-0.0016504102386534214,0.004100000020116568
0.0034520640037953854,-0.0016509665874764323,0.004100000020116568
0.0035544426646083593,-0.001652034348808229,0.004100000020116568
0.0036592877004295588,-0.0016708731418475509,0.0041333334520459175
0.003658891888335347,-0.0016540088690817356,0.004129999782890081
0.003554293652996421,-0.001718700397759676,0.0041333334520459175
0.003659759880974889,-0.0017044595442712307,0.00413846131414175
0.0036591938696801662,-0.0017147389007732272,0.004139473661780357
0.0037135137245059013,-0.001706166542135179,0.004149999935179949
-0.003656957997009158,-0.0015767427394166589,0.004173683933913708
-0.0036580138839781284,-0.0016178545774891973,0.004164285492151976
-0.003655836684629321,-0.0015525397611781955,0.004185293801128864
-0.0036577426362782717,-0.0016034283908084035,0.004161538556218147
-0.0035531288012862206,-0.001551382476463914,0.00419999985024333
-0.0026499999221414328,-0.001550000044517219,0.00419999985024333
-0.0025500000920146704,-0.001550000044517219,0.00419999985024333
-0.001550000044517219,-0.001550000044517219,0.004174999892711639
-0.0016499999910593033,-0.001550000044517219,0.00419999985024333
-0.001449999981559813,-0.0016499999910593033,0.00419999985024333
-0.001449999981559813,-0.001550000044517219,0.004174999892711639
-0.0013500000350177288,-0.001550000044517219,0.00419999985024333
-0.00044999999227002263,-0.001550000044517219,0.00419999985024333
-0.0003499999875202775,-0.001550000044517219,0.00419999985024333
0.0001500000071246177,-0.001550000044517219,0.00419999985024333
0.0002500000118743628,-0.001550000044517219,0.00419999985024333
0.0011500000255182385,-0.001550000044517219,0.00419999985024333
0.0012499999720603228,-0.001550000044517219,0.00419999985024333
0.002950003370642662,-0.0015500016743317246,0.004149999935179949
0.002850000746548176,-0.0015500003937631845,0.00419999985024333
0.003050015075132251,-0.0015500072622671723,0.004124999977648258
0.003150057513266802,-0.0015500274021178484,0.004174999892711639
0.0032501937821507454,-0.001550090266391635,0.004149999935179949
0.003350567538291216,-0.0015502595342695713,0.004100000020116568
0.0034514397848397493,-0.0015506468480452895,0.004100000020116568
0.0035531288012862206,-0.001551382476463914,0.004100000020116568
0.003656957997009158,-0.0015767427394166589,0.00412631593644619
0.003655836684629321,-0.0015525397611781955,0.004114706069231033
0.0035544426646083593,-0.0016520342323929071,0.004100000020116568
0.0036577426362782717,-0.0016034283908084035,0.00413846131414175
0.0036580138839781284,-0.0016178545774891973,0.004135714378207922
0.0037097465246915817,-0.0016042806673794985,0.004149999935179949
0.0037116592284291983,-0.0016552379820495844,0.004149999935179949
-0.0037185996770858765,-0.001553476438857615,0.00416052620857954
-0.0037552574649453163,-0.0014687610091641545,0.00416666641831398
-0.0037587806582450867,-0.0015537269646301866,0.004157999996095896
-0.003707865020260215,-0.0015534007688984275,0.004161538556218147
-0.003756867256015539,-0.0015133587876334786,0.00416052620857954
-0.0037563543301075697,-0.0015025930479168892,0.004161538556218147
-0.003653413848951459,-0.0014513942878693342,0.00419999985024333
-0.0037546532694250345,-0.0014518250245600939,0.004170000087469816
-0.003653413848951459,-0.001451394404284656,0.00419999985024333
-0.003680732101202011,-0.0015530596720054746,0.004173683933913708
-0.001550000044517219,-0.001449999981559813,0.004149999935179949
-0.0016499999910593033,-0.001449999981559813,0.00419999985024333
-0.001449999981559813,-0.001449999981559813,0.004149999935179949
-0.0013500000350177288,-0.001449999981559813,0.00419999985024333
0.0024500000290572643,-0.001449999981559813,0.004174999892711639
0.0023499999660998583,-0.001449999981559813,0.00419999985024333
0.0024500000290572643,-0.001550000044517219,0.00419999985024333
0.0025500000920146704,-0.001550000044517219,0.00419999985024333
0.0025500000920146704,-0.001449999981559813,0.004174999892711639
0.0026499999221414328,-0.001550000044517219,0.00419999985024333
0.0026499999221414328,-0.001449999981559813,0.004174999892711639
0.0027500002179294825,-0.001550000044517219,0.00419999985024333
0.002749999985098839,-0.001449999981559813,0.004174999892711639
0.0028500002808868885,-0.0014500000979751348,0.00419999985024333
0.002950001507997513,-0.0014500007964670658,0.004174999892711639
0.00305000739172101,-0.0014500034740194678,0.004174999892711639
0.003150030504912138,-0.0014500137185677886,0.00419999985024333
0.0032501083333045244,-0.0014500479446724057,0.004174999892711639
0.0033503309823572636,-0.001450143987312913,0.004124999977648258
0.003450864925980568,-0.0014503696002066135,0.004100000020116568
0.0035519099328666925,-0.0014507992891594768,0.004100000020116568
0.003653413848951459,-0.0014513942878693342,0.004100000020116568
0.003653413848951459,-0.001451394404284656,0.004100000020116568
0.0035531288012862206,-0.001551382360048592,0.004100000020116568
0.003680732101202011,-0.0015530596720054746,0.00412631593644619
0.003707865020260215,-0.0015534007688984275,0.00413846131414175
0.0037563543301075697,-0.0015025930479168892,0.00413846131414175
0.0037552574649453163,-0.0014687610091641545,0.0041333334520459175
0.0037185996770858765,-0.001553476438857615,0.004139473661780357
0.003756867256015539,-0.0015133587876334786,0.004139473661780357
0.0037546532694250345,-0.0014518250245600939,0.004129999782890081
0.0037587806582450867,-0.0015537269646301866,0.004141999874264002
0.0038063242100179195,-0.0015025176107883453,0.004149999935179949
0.0038084436673671007,-0.0015535058919340372,0.004149999935179949
-0.003754357108846307,-0.0013752676313742995,0.004173683933913708
-0.003754431614652276,-0.0014159565325826406,0.004164285492151976
-0.003652472048997879,-0.001350916107185185,0.00419999985024333
-0.0037541694473475218,-0.0013514830498024821,0.004185293801128864
-0.0037543654907494783,-0.0014016169589012861,0.004161538556218147
-0.001550000044517219,-0.0013500000350177288,0.004149999935179949
-0.0016499999910593033,-0.0013500000350177288,0.00419999985024333
-0.001449999981559813,-0.0013500000350177288,0.004149999935179949
-0.0013500000350177288,-0.0013500000350177288,0.00419999985024333
0.00044999999227002263,-0.0013500000350177288,0.004174999892711639
0.0003499999875202775,-0.0013500000350177288,0.00419999985024333
0.00044999999227002263,-0.001449999981559813,0.00419999985024333
0.0005499999970197678,-0.001449999981559813,0.00419999985024333
0.0005499999970197678,-0.0013500000350177288,0.004174999892711639
0.0006500000017695129,-0.0013500000350177288,0.00419999985024333
0.0024500000290572643,-0.0013500000350177288,0.004174999892711639
0.0023499999660998583,-0.0013500000350177288,0.00419999985024333
0.0025500000920146704,-0.0013500000350177288,0.004174999892711639
0.0026499999221414328,-0.0013500000350177288,0.004174999892711639
0.002749999985098839,-0.0013500000350177288,0.004174999892711639
0.002850000048056245,-0.0013500000350177288,0.00419999985024333
0.002950000809505582,-0.0013500002678483725,0.00419999985024333
0.0030500036664307117,-0.0013500015484169126,0.00419999985024333
0.003250058041885495,-0.0013500240165740252,0.004174999892711639
0.0031500153709203005,-0.0013500065542757511,0.00419999985024333
0.0033501889556646347,-0.0013500764034688473,0.004124999977648258
0.0034505256917327642,-0.0013502074871212244,0.004100000020116568
0.003551244270056486,-0.001350477570667863,0.004100000020116568
0.0036524718161672354,-0.001350916107185185,0.004100000020116568
0.003754357108846307,-0.0013752676313742995,0.00412631593644619
0.003653413848951459,-0.0014513941714540124,0.004100000020116568
0.0037541694473475218,-0.0013514830498024821,0.004114706069231033
0.0037543654907494783,-0.0014016169589012861,0.00413846131414175
0.003754431614652276,-0.0014159565325826406,0.004135714378207922
0.0038051821757107973,-0.0014018833171576262,0.004149999935179949
0.003804641542956233,-0.0014517857925966382,0.004149999935179949
-0.0038057914935052395,-0.0013520416105166078,0.004161538556218147
-0.0037787281908094883,-0.0013517887564375997,0.004173683933913708
-0.0038564696442335844,-0.0012520832242444158,0.004149999935179949
-0.0038568691816180944,-0.0013128553982824087,0.00416052620857954
-0.0038565814029425383,-0.001302217016927898,0.004161538556218147
-0.003816773183643818,-0.0013521915534511209,0.00416052620857954
-0.003754077013581991,-0.0012968527153134346,0.0041772727854549885
-0.0037538078613579273,-0.0012512530665844679,0.004149999935179949
-0.0038579246029257774,-0.0013527421979233623,0.004157999996095896
-0.0036521649453788996,-0.0012840924318879843,0.00416666641831398
-0.0036520115099847317,-0.0012506806524470448,0.004149999935179949
-0.0037029096856713295,-0.0012509669177234173,0.004149999935179949
-0.003652472048997879,-0.0013509159907698631,0.00419999985024333
-0.003551244270056486,-0.001350477570667863,0.00419999985024333
-0.003550906665623188,-0.0012503156904131174,0.004149999935179949
-0.0034505256917327642,-0.0013502074871212244,0.00419999985024333
-0.003450348973274231,-0.001250124885700643,0.004174999892711639
-0.0033501156140118837,-0.0012500423472374678,0.00419999985024333
-0.001550000044517219,-0.0012499999720603228,0.004174999892711639
-0.0016499999910593033,-0.0012499999720603228,0.00419999985024333
-0.001449999981559813,-0.0012499999720603228,0.004174999892711639
-0.0013500000350177288,-0.0012499999720603228,0.00419999985024333
0.00044999999227002263,-0.0012499999720603228,0.004174999892711639
0.0003499999875202775,-0.0012499999720603228,0.00419999985024333
0.0005499999970197678,-0.0012499999720603228,0.004174999892711639
0.0006500000017695129,-0.0012499999720603228,0.00419999985024333
0.0024500000290572643,-0.0012499999720603228,0.00419999985024333
0.0025500000920146704,-0.0012499999720603228,0.00419999985024333
0.0026499999221414328,-0.0012499999720603228,0.00419999985024333
0.002749999985098839,-0.0012499999720603228,0.00419999985024333
0.0032500328961759806,-0.0012500123120844364,0.004174999892711639
0.003150008153170347,-0.001250003115274012,0.00419999985024333
0.0033501156140118837,-0.0012500423472374678,0.004124999977648258
0.003450348973274231,-0.001250124885700643,0.004100000020116568
0.0035509064327925444,-0.0012503155739977956,0.004100000020116568
0.0036520108114928007,-0.0012506804196164012,0.004100000020116568
0.0037538076285272837,-0.001251252950169146,0.004100000020116568
0.0037538076285272837,-0.0012512530665844679,0.004100000020116568
0.0036524718161672354,-0.0013509159907698631,0.004100000020116568
0.003816773183643818,-0.0013521915534511209,0.004139473661780357
0.0038057914935052395,-0.0013520416105166078,0.00413846131414175
0.0037787281908094883,-0.0013517887564375997,0.00412631593644619
0.003856498282402754,-0.0012687917333096266,0.0041333334520459175
0.0038565814029425383,-0.001302217016927898,0.00413846131414175
0.0038568691816180944,-0.0013128553982824087,0.004139473661780357
0.0038579246029257774,-0.0013527421979233623,0.004141999874264002
0.0038563653361052275,-0.0012520505115389824,0.004129999782890081
0.003905785270035267,-0.0013019392499700189,0.004149999935179949
0.003919469192624092,-0.0013637782540172338,0.004149999935179949
-0.003753602271899581,-0.0012178253382444382,0.0041333334520459175
-0.003855618182569742,-0.0011683657066896558,0.0041333334520459175
-0.0038552102632820606,-0.0011515531223267317,0.004129999782890081
-0.003753191325813532,-0.001150969765149057,0.004100000020116568
-0.0038562940899282694,-0.001201951177790761,0.00413846131414175
-0.0038564696442335844,-0.0012520832242444158,0.004149999935179949
-0.0038562898989766836,-0.0012124922359362245,0.004139473661780357
-0.003651611739769578,-0.0011505004949867725,0.004100000020116568
-0.003550679888576269,-0.0011502160923555493,0.004100000020116568
-0.0034502435009926558,-0.0011500791879370809,0.004124999977648258
-0.0033500753343105316,-0.0011500249383971095,0.004174999892711639
-0.0032500200904905796,-0.0011500067776069045,0.00419999985024333
-0.001550000044517219,-0.0011500000255182385,0.00419999985024333
-0.001449999981559813,-0.0011500000255182385,0.00419999985024333
0.00044999999227002263,-0.0011500000255182385,0.00419999985024333
0.0005499999970197678,-0.0011500000255182385,0.00419999985024333
0.0032500200904905796,-0.0011500067776069045,0.00419999985024333
0.003350075101479888,-0.0011500249383971095,0.004174999892711639
0.0034502435009926558,-0.001150079071521759,0.004149999935179949
0.003550679190084338,-0.0011502158595249057,0.004149999935179949
0.003651609644293785,-0.0011504997964948416,0.004149999935179949
0.0037531908601522446,-0.001150969648733735,0.004149999935179949
0.0038553092163056135,-0.001151581760495901,0.004149999935179949
0.0038553092163056135,-0.001151581760495901,0.004149999935179949
0.0038562940899282694,-0.001201951177790761,0.00413846131414175
0.003856282215565443,-0.0012162550119683146,0.004135714378207922
0.0037538076285272837,-0.0012512528337538242,0.004100000020116568
0.003907722420990467,-0.0012023703893646598,0.004149999935179949
0.003907358273863792,-0.0012523466721177101,0.004149999935179949
-0.003855711780488491,-0.0010682198917493224,0.0041333334520459175
-0.003855407005175948,-0.0011015180498361588,0.00413846131414175
-0.0037529703695327044,-0.0010508173145353794,0.004100000020116568
-0.003753191325813532,-0.001150969648733735,0.004100000020116568
-0.003855762304738164,-0.0010515443282201886,0.004129999782890081
-0.003855322487652302,-0.001115805353038013,0.004135714378207922
-0.0036513556260615587,-0.0010503820376470685,0.004100000020116568
-0.003550528082996607,-0.0010501522338017821,0.004100000020116568
-0.0034501769114285707,-0.001050052116625011,0.004100000020116568
-0.0033500513527542353,-0.0010500154457986355,0.004149999935179949
-0.0032500128727406263,-0.0010500039206817746,0.00419999985024333
0.002749999985098839,-0.0010499999625608325,0.004174999892711639
0.0026499999221414328,-0.0010499999625608325,0.00419999985024333
0.002749999985098839,-0.0011500000255182385,0.00419999985024333
0.002850000048056245,-0.0011500000255182385,0.00419999985024333
0.002850000048056245,-0.0010499999625608325,0.004174999892711639
0.002950000111013651,-0.0010500000789761543,0.00419999985024333
0.0033500513527542353,-0.0010500154457986355,0.00419999985024333
0.0034501769114285707,-0.001050052116625011,0.00419999985024333
0.003550528082996607,-0.0010501522338017821,0.00419999985024333
0.0036513556260615587,-0.0010503821540623903,0.00419999985024333
0.0037529703695327044,-0.0010508173145353794,0.00419999985024333
0.0038553497288376093,-0.0011120468843728304,0.00416052620857954
0.003855407005175948,-0.0011015180498361588,0.004161538556218147
0.0037529703695327044,-0.0010508174309507012,0.00419999985024333
0.003855762304738164,-0.0010515443282201886,0.004170000087469816
0.003855711780488491,-0.0010682198917493224,0.00416666641831398
-0.0038555979263037443,-0.0009751175530254841,0.00412631593644619
-0.0037525687366724014,-0.0009506516507826746,0.004100000020116568
-0.003855047980323434,-0.0009512687101960182,0.004114706069231033
-0.0037529703695327044,-0.0010508171981200576,0.004100000020116568
-0.0038558393716812134,-0.0010158135555684566,0.004135714378207922
-0.003855924354866147,-0.001001535332761705,0.00413846131414175
-0.003651120699942112,-0.0009502889006398618,0.004100000020116568
-0.0035504160914570093,-0.0009501090389676392,0.004100000020116568
-0.0034501326736062765,-0.0009500353480689228,0.004100000020116568
-0.0033500364515930414,-0.0009500098531134427,0.004124999977648258
-0.0032500086817890406,-0.0009500024025328457,0.004174999892711639
-0.0031500018667429686,-0.0009500004816800356,0.00419999985024333
-0.0026499999221414328,-0.0009500000160187483,0.004174999892711639
-0.002749999985098839,-0.0009500000160187483,0.00419999985024333
-0.0026499999221414328,-0.0010499999625608325,0.00419999985024333
-0.0025500000920146704,-0.0010499999625608325,0.00419999985024333
-0.0025500000920146704,-0.0009500000160187483,0.004174999892711639
-0.0024500000290572643,-0.0009500000160187483,0.00419999985024333
0.002749999985098839,-0.0009500000160187483,0.004174999892711639
0.0026499999221414328,-0.0009500000160187483,0.00419999985024333
0.002850000048056245,-0.0009500000160187483,0.004174999892711639
0.002950000111013651,-0.0009500000160187483,0.00419999985024333
0.0038555979263037443,-0.0009751175530254841,0.004173683933913708
0.003855924354866147,-0.001001535332761705,0.004161538556218147
0.0038558393716812134,-0.0010158135555684566,0.004164285492151976
0.003752568969503045,-0.0009506517089903355,0.00419999985024333
0.003752568969503045,-0.0009506517671979964,0.00419999985024333
0.003855047980323434,-0.0009512687101960182,0.004185293801128864
-0.0038797964807599783,-0.0009515437413938344,0.00412631593644619
-0.0039177872240543365,-0.0009518236620351672,0.004139473661780357
-0.003957962617278099,-0.0008684420608915389,0.0041333334520459175
-0.003957755863666534,-0.0009017940028570592,0.00413846131414175
-0.003854722948744893,-0.0008805220131762326,0.004114706069231033
-0.00395788112655282,-0.0009123777854256332,0.004139473661780357
-0.0038544475100934505,-0.0008510047919116914,0.004124999977648258
-0.003957945387810469,-0.0008517406531609595,0.004129999782890081
-0.003906968515366316,-0.0009517574217170477,0.00413846131414175
-0.0038988639134913683,-0.0008513329084962606,0.004121428355574608
-0.003958316054195166,-0.000952059926930815,0.004141999874264002
-0.003820359241217375,-0.0008508377941325307,0.0041333334520459175
-0.0037525687366724014,-0.0009506515343673527,0.004100000020116568
-0.0037521824706345797,-0.0008505037403665483,0.004149999935179949
-0.0036509076599031687,-0.0008502131095156074,0.004149999935179949
-0.003550324123352766,-0.0008500772528350353,0.004149999935179949
-0.0034500996116548777,-0.0008500240510329604,0.004149999935179949
-0.0033500264398753643,-0.0008500064723193645,0.004149999935179949
-0.0032500061206519604,-0.0008500015246681869,0.004174999892711639
-0.0031500011682510376,-0.0008500003023073077,0.00419999985024333
-0.0026499999221414328,-0.0008500000112690032,0.004174999892711639
-0.002749999985098839,-0.0008500000112690032,0.00419999985024333
-0.0025500000920146704,-0.0008500000112690032,0.004174999892711639
-0.0024500000290572643,-0.0008500000112690032,0.00419999985024333
0.002749999985098839,-0.0008500000112690032,0.00419999985024333
0.002850000048056245,-0.0008500000112690032,0.00419999985024333
0.0038544475100934505,-0.0008510049083270133,0.00419999985024333
0.0038797964807599783,-0.0009515437413938344,0.004173683933913708
0.003957962617278099,-0.0008684420608915389,0.00416666641831398
0.003957755863666534,-0.0009017940028570592,0.004161538556218147
0.00395788112655282,-0.0009123777854256332,0.00416052620857954
0.003958316054195166,-0.000952059926930815,0.004157999996095896
0.0038544475100934505,-0.0008510048501193523,0.00419999985024333
0.003957945387810469,-0.0008517406531609595,0.004170000087469816
0.0039177872240543365,-0.0009518236620351672,0.00416052620857954
0.003906968515366316,-0.0009517574217170477,0.004161538556218147
0.0038544475100934505,-0.0008510047919116914,0.00419999985024333
-0.003954232204705477,-0.0007508732960559428,0.004149999935179949
-0.0038529722951352596,-0.0007506149704568088,0.004174999892711639
-0.003853709902614355,-0.0008008098811842501,0.004149999935179949
-0.003954232204705477,-0.0007508732378482819,0.004149999935179949
-0.003957104403525591,-0.0008158047567121685,0.004135714378207922
-0.003956833854317665,-0.0008014444028958678,0.00413846131414175
-0.0037515778094530106,-0.000750330276787281,0.00419999985024333
-0.0036506697069853544,-0.0007501420332118869,0.00419999985024333
-0.0035502370446920395,-0.0007500509382225573,0.00419999985024333
-0.0034500714391469955,-0.0007500155479647219,0.00419999985024333
-0.00335001852363348,-0.000750004081055522,0.00419999985024333
-0.003250004258006811,-0.0007500009378418326,0.00419999985024333
-0.0026499999221414328,-0.000750000006519258,0.00419999985024333
-0.0025500000920146704,-0.000750000006519258,0.00419999985024333
0.00215000007301569,-0.000750000006519258,0.004174999892711639
0.002050000010058284,-0.000750000006519258,0.00419999985024333
0.00215000007301569,-0.0008500000112690032,0.00419999985024333
0.0022499999031424522,-0.0008500000112690032,0.00419999985024333
0.0022499999031424522,-0.000750000006519258,0.004174999892711639
0.0023499999660998583,-0.000750000006519258,0.00419999985024333
0.0025500000920146704,-0.000750000006519258,0.004174999892711639
0.0024500000290572643,-0.000750000006519258,0.00419999985024333
0.0025500000920146704,-0.0008500000112690032,0.00419999985024333
0.0026499999221414328,-0.0008500000112690032,0.00419999985024333
0.0026499999221414328,-0.000750000006519258,0.004174999892711639
0.002749999985098839,-0.000750000006519258,0.00419999985024333
0.003955079708248377,-0.0007677261019125581,0.00416666641831398
0.003956833854317665,-0.0008014444028958678,0.004161538556218147
0.003954167943447828,-0.0007508600829169154,0.004170000087469816
0.003852972062304616,-0.000750614854041487,0.00419999985024333
0.003957104403525591,-0.0008158047567121685,0.004164285492151976
0.0038544475100934505,-0.0008510047337040305,0.00419999985024333
0.003852972062304616,-0.0007506149122491479,0.00419999985024333
-0.0039531453512609005,-0.0007005749503150582,0.004161538556218147
-0.0039538112469017506,-0.0006672902964055538,0.00416666641831398
-0.003852651920169592,-0.0006504409248009324,0.00419999985024333
-0.003852651920169592,-0.0006504410412162542,0.00419999985024333
-0.003953349776566029,-0.0007111587910912931,0.00416052620857954
-0.003954086918383837,-0.000650640344247222,0.004170000087469816
-0.003852651920169592,-0.0006504409830085933,0.00419999985024333
-0.002050000010058284,-0.0006500000017695129,0.004174999892711639
-0.00215000007301569,-0.0006500000017695129,0.00419999985024333
-0.002050000010058284,-0.000750000006519258,0.00419999985024333
-0.0019499999471008778,-0.000750000006519258,0.00419999985024333
-0.0019499999471008778,-0.0006500000017695129,0.004174999892711639
-0.0018500000005587935,-0.0006500000017695129,0.00419999985024333
0.00215000007301569,-0.0006500000017695129,0.004174999892711639
0.002050000010058284,-0.0006500000017695129,0.00419999985024333
0.0022499999031424522,-0.0006500000017695129,0.004174999892711639
0.0023499999660998583,-0.0006500000017695129,0.00419999985024333
0.0025500000920146704,-0.0006500000017695129,0.004174999892711639
0.0024500000290572643,-0.0006500000017695129,0.00419999985024333
0.0026499999221414328,-0.0006500000017695129,0.004174999892711639
0.002749999985098839,-0.0006500000017695129,0.00419999985024333
0.0039531453512609005,-0.0007005749503150582,0.004161538556218147
0.00395341869443655,-0.0007149379816837609,0.004164285492151976
0.0039538112469017506,-0.0006672902964055538,0.00416666641831398
0.003954086918383837,-0.000650640344247222,0.004170000087469816
0.003852972062304616,-0.0007506147958338261,0.00419999985024333
0.0038526516873389482,-0.0006504409830085933,0.00419999985024333
0.0038526516873389482,-0.0006504409248009324,0.00419999985024333
-0.0039562503807246685,-0.000600901257712394,0.004161538556218147
-0.003957325126975775,-0.0005676844739355147,0.00416666641831398
-0.003955615684390068,-0.0006151098641566932,0.004164285492151976
-0.003853484755381942,-0.0005504924920387566,0.00419999985024333
-0.003852651920169592,-0.0006504408665932715,0.00419999985024333
-0.003957699052989483,-0.0005510544287972152,0.004170000087469816
-0.003853484755381942,-0.0005504925502464175,0.00419999985024333
-0.002050000010058284,-0.0005499999970197678,0.004174999892711639
-0.00215000007301569,-0.0005499999970197678,0.00419999985024333
-0.0019499999471008778,-0.0005499999970197678,0.004174999892711639
-0.0018500000005587935,-0.0005499999970197678,0.00419999985024333
0.00215000007301569,-0.0005499999970197678,0.00419999985024333
0.0022499999031424522,-0.0005499999970197678,0.00419999985024333
0.0025500000920146704,-0.0005499999970197678,0.00419999985024333
0.0026499999221414328,-0.0005499999970197678,0.00419999985024333
0.003853484522551298,-0.0005504925502464175,0.004174999892711639
0.003751441603526473,-0.0005502109997905791,0.00419999985024333
0.0039579002186656,-0.0005510813207365572,0.004149999935179949
0.0039562503807246685,-0.000600901257712394,0.004161538556218147
0.003955615684390068,-0.0006151098641566932,0.004164285492151976
0.0038526516873389482,-0.0006504408665932715,0.00419999985024333
0.0039579002186656,-0.0005510812625288963,0.004149999935179949
0.0038526516873389482,-0.0006504408083856106,0.00419999985024333
0.0038533180486410856,-0.0005704822251573205,0.004179999697953463
-0.003958061803132296,-0.0004747311177197844,0.004173683933913708
-0.003958542365580797,-0.00050112180178985,0.004161538556218147
-0.003956879489123821,-0.0004508876008912921,0.004185293801128864
-0.003958257380872965,-0.0005153820966370404,0.004164285492151976
-0.0038529892917722464,-0.0004503987147472799,0.00419999985024333
-0.003853484755381942,-0.0005504924338310957,0.00419999985024333
-0.0038529892917722464,-0.0004503987729549408,0.00419999985024333
-0.002050000010058284,-0.00044999999227002263,0.00419999985024333
-0.0019499999471008778,-0.00044999999227002263,0.00419999985024333
0.00044999999227002263,-0.00044999999227002263,0.004174999892711639
0.0003499999875202775,-0.00044999999227002263,0.00419999985024333
0.00044999999227002263,-0.0005499999970197678,0.00419999985024333
0.0005499999970197678,-0.0005499999970197678,0.00419999985024333
0.0005499999970197678,-0.00044999999227002263,0.004174999892711639
0.0006500000017695129,-0.00044999999227002263,0.00419999985024333
0.0013500000350177288,-0.00044999999227002263,0.004174999892711639
0.0012499999720603228,-0.00044999999227002263,0.00419999985024333
0.0013500000350177288,-0.0005499999970197678,0.00419999985024333
0.001449999981559813,-0.0005499999970197678,0.00419999985024333
0.001449999981559813,-0.00044999999227002263,0.004174999892711639
0.001550000044517219,-0.00044999999227002263,0.00419999985024333
0.0024500000290572643,-0.00044999999227002263,0.004174999892711639
0.0023499999660998583,-0.00044999999227002263,0.00419999985024333
0.0024500000290572643,-0.0005499999970197678,0.00419999985024333
0.0025500000920146704,-0.00044999999227002263,0.004174999892711639
0.0026499999221414328,-0.00044999999227002263,0.00419999985024333
0.003751204814761877,-0.0004501644871197641,0.004174999892711639
0.003650421742349863,-0.0004500587237998843,0.00419999985024333
0.0038529892917722464,-0.0004503987147472799,0.004124999977648258
0.003958061803132296,-0.0004747311177197844,0.00412631593644619
0.0038532367907464504,-0.0005004456033930182,0.004149999935179949
0.003956879489123821,-0.00045088757178746164,0.004114706069231033
0.0038838176988065243,-0.0004505761025939137,0.004114706069231033
0.003958542365580797,-0.00050112180178985,0.00413846131414175
0.0039583477191627026,-0.0005116313695907593,0.004139473661780357
0.0039579002186656,-0.0005510812043212354,0.004149999935179949
0.00401203241199255,-0.0005015661008656025,0.004149999935179949
-0.003982775844633579,-0.00045115468674339354,0.004173683933913708
-0.004010642413049936,-0.0004513395542744547,0.004161538556218147
-0.004021634813398123,-0.00045138815767131746,0.00416052620857954
-0.0040627289563417435,-0.00045155486441217363,0.004157999996095896
-0.004061258397996426,-0.00044256728142499924,0.004158823285251856
-0.004054369870573282,-0.00040062281186692417,0.004161538556218147
-0.004049133043736219,-0.00035004052915610373,0.004170000087469816
-0.003951605875045061,-0.00035025132820010185,0.00419999985024333
-0.003951605875045061,-0.0003502513573039323,0.00419999985024333
-0.003951605875045061,-0.00035025126999244094,0.00419999985024333
-0.004052906297147274,-0.00038617340032942593,0.004164285492151976
0.00044999999227002263,-0.0003499999875202775,0.004174999892711639
0.0003499999875202775,-0.0003499999875202775,0.00419999985024333
0.0005499999970197678,-0.0003499999875202775,0.004174999892711639
0.0006500000017695129,-0.0003499999875202775,0.00419999985024333
0.0013500000350177288,-0.0003499999875202775,0.004174999892711639
0.0012499999720603228,-0.0003499999875202775,0.00419999985024333
0.001449999981559813,-0.0003499999875202775,0.004174999892711639
0.001550000044517219,-0.0003499999875202775,0.00419999985024333
0.0024500000290572643,-0.0003499999875202775,0.004174999892711639
0.0023499999660998583,-0.0003499999875202775,0.00419999985024333
0.0025500000920146704,-0.0003499999875202775,0.004174999892711639
0.0026499999221414328,-0.0003499999875202775,0.00419999985024333
0.003750620875507593,-0.0003500833990983665,0.004149999935179949
0.0036502385046333075,-0.00035003171069547534,0.00419999985024333
0.00385125819593668,-0.0003501744649838656,0.004100000020116568
0.003951605875045061,-0.0003502511535771191,0.004100000020116568
0.003951605875045061,-0.0003502512408886105,0.004100000020116568
0.003852643072605133,-0.00043035385897383094,0.004120000172406435
0.004021634813398123,-0.00045138815767131746,0.004139473661780357
0.003982775844633579,-0.0004511546576395631,0.00412631593644619
0.004010642413049936,-0.0004513395542744547,0.00413846131414175
0.004052906297147274,-0.00038617340032942593,0.004135714378207922
0.004049133043736219,-0.00035004052915610373,0.004129999782890081
0.0040627289563417435,-0.00045155486441217363,0.004141999874264002
0.004054369870573282,-0.00040062281186692417,0.00413846131414175
0.004061258397996426,-0.00044256728142499924,0.004141176585108042
0.004100230522453785,-0.0004001676570624113,0.004149999935179949
0.004124150611460209,-0.00046194365131668746,0.004149999935179949
-0.004048771224915981,-0.0003333202621433884,0.00416666641831398
-0.0040481844916939735,-0.00029989099130034447,0.004161538556218147
-0.003951605875045061,-0.00035025121178478,0.00419999985024333
-0.00404855702072382,-0.0002856230130419135,0.004164285492151976
-0.004049453418701887,-0.0002499497786629945,0.004170000087469816
-0.003950575832277536,-0.00025005271891131997,0.00419999985024333
-0.003950575832277536,-0.0002500527771189809,0.00419999985024333
-0.0019499999471008778,-0.0002500000118743628,0.004174999892711639
-0.002050000010058284,-0.0002500000118743628,0.00419999985024333
-0.0019499999471008778,-0.0003499999875202775,0.00419999985024333
-0.0018500000005587935,-0.0003499999875202775,0.00419999985024333
-0.0018500000005587935,-0.0002500000118743628,0.004174999892711639
-0.0017500000540167093,-0.0002500000118743628,0.00419999985024333
0.00044999999227002263,-0.0002500000118743628,0.00419999985024333
0.0005499999970197678,-0.0002500000118743628,0.00419999985024333
0.0013500000350177288,-0.0002500000118743628,0.00419999985024333
0.001449999981559813,-0.0002500000118743628,0.00419999985024333
0.0024500000290572643,-0.0002500000118743628,0.00419999985024333
0.0025500000920146704,-0.0002500000118743628,0.00419999985024333
0.0036501369904726744,-0.0002500129339750856,0.004174999892711639
0.003550044959411025,-0.0002500042610336095,0.00419999985024333
0.003750333795323968,-0.00025003132759593427,0.004124999977648258
0.003850598819553852,-0.0002500555419828743,0.004100000020116568
0.003950575832277536,-0.00025005225325003266,0.004100000020116568
0.0040481844916939735,-0.000299890962196514,0.00413846131414175
0.003951605875045061,-0.00035025106626562774,0.004100000020116568
0.004048771224915981,-0.0003333202621433884,0.0041333334520459175
0.00404855702072382,-0.0002856229548342526,0.004135714378207922
0.004049453418701887,-0.00024994960404001176,0.004129999782890081
0.004096685443073511,-0.0002997536794282496,0.004149999935179949
0.004095752723515034,-0.0003497161087580025,0.004149999935179949
-0.004051543306559324,-0.00018575682770460844,0.004164285492151976
-0.004049984272569418,-0.00023330721887759864,0.00416666641831398
-0.004051124211400747,-0.00020002866222057492,0.004161538556218147
-0.003950575832277536,-0.00025005266070365906,0.00419999985024333
-0.004052652977406979,-0.0001500796206528321,0.004170000087469816
-0.003951611928641796,-0.00015004395390860736,0.00419999985024333
-0.003951611928641796,-0.00015004399756435305,0.00419999985024333
-0.0026499999221414328,-0.0001500000071246177,0.004174999892711639
-0.002749999985098839,-0.0001500000071246177,0.00419999985024333
-0.0026499999221414328,-0.0002500000118743628,0.00419999985024333
-0.0025500000920146704,-0.0002500000118743628,0.00419999985024333
-0.0025500000920146704,-0.0001500000071246177,0.004174999892711639
-0.0024500000290572643,-0.0001500000071246177,0.00419999985024333
-0.0019499999471008778,-0.0001500000071246177,0.004174999892711639
-0.002050000010058284,-0.0001500000071246177,0.00419999985024333
-0.0018500000005587935,-0.0001500000071246177,0.004174999892711639
-0.0017500000540167093,-0.0001500000071246177,0.00419999985024333
-0.001550000044517219,-0.0001500000071246177,0.004174999892711639
-0.0016499999910593033,-0.0001500000071246177,0.00419999985024333
-0.001550000044517219,-0.0002500000118743628,0.00419999985024333
-0.001449999981559813,-0.0002500000118743628,0.00419999985024333
-0.001449999981559813,-0.0001500000071246177,0.004174999892711639
-0.0013500000350177288,-0.0002500000118743628,0.00419999985024333
-0.0013500000350177288,-0.0001500000071246177,0.004174999892711639
-0.0012499999720603228,-0.0002500000118743628,0.00419999985024333
-0.0012499999720603228,-0.0001500000071246177,0.004174999892711639
-0.0011500000255182385,-0.0001500000071246177,0.00419999985024333
-0.0010499999625608325,-0.0001500000071246177,0.004174999892711639
-0.0010499999625608325,-0.0002500000118743628,0.00419999985024333
-0.0009500000160187483,-0.0002500000118743628,0.00419999985024333
-0.0009500000160187483,-0.0001500000071246177,0.004174999892711639
-0.0008500000112690032,-0.0001500000071246177,0.00419999985024333
0.0003499999875202775,-0.0001500000071246177,0.004174999892711639
0.0002500000118743628,-0.0001500000071246177,0.00419999985024333
0.0003499999875202775,-0.0002500000118743628,0.00419999985024333
0.00044999999227002263,-0.0001500000071246177,0.004174999892711639
0.0005499999970197678,-0.0001500000071246177,0.00419999985024333
0.0016499999910593033,-0.0001500000071246177,0.004174999892711639
0.001550000044517219,-0.0001500000071246177,0.00419999985024333
0.0016499999910593033,-0.0002500000118743628,0.00419999985024333
0.0017500000540167093,-0.0002500000118743628,0.00419999985024333
0.0017500000540167093,-0.0001500000071246177,0.004174999892711639
0.0018500000005587935,-0.0001500000071246177,0.00419999985024333
0.0035500444937497377,-0.00015000162238720804,0.004174999892711639
0.00345001183450222,-0.00015000044368207455,0.00419999985024333
0.0036501416470855474,-0.0001500049402238801,0.004124999977648258
0.0037503819912672043,-0.00015001236170064658,0.004100000020116568
0.0038508593570441008,-0.00015002494910731912,0.004100000020116568
0.003951611928641796,-0.00015004226588644087,0.004100000020116568
0.004051543306559324,-0.0001857560419011861,0.004135714378207922
0.003951611928641796,-0.00015004236774984747,0.004100000020116568
0.004052652977406979,-0.00015007812180556357,0.004129999782890081
0.004051124211400747,-0.00020002818200737238,0.00413846131414175
0.004049984272569418,-0.00023330692783929408,0.0041333334520459175
0.004101344384253025,-0.00020005162514280528,0.004149999935179949
0.004099023062735796,-0.0002499204420018941,0.004149999935179949
-0.0040540555492043495,-8.955910743679851e-05,0.00416052620857954
-0.004053099546581507,-0.00013341783778741956,0.00416666641831398
-0.004053942393511534,-0.00010009203106164932,0.004161538556218147
-0.003952506463974714,-5.002514080842957e-05,0.004149999935179949
-0.003952208440750837,-8.336496102856472e-05,0.00416666641831398
-0.003951611928641796,-0.00015004385204520077,0.00419999985024333
-0.004054645076394081,-5.006228821002878e-05,0.004149999935179949
-0.003951611928641796,-0.00015004391025286168,0.00419999985024333
-0.0038508593570441008,-0.0001500259095337242,0.00419999985024333
-0.0038512004539370537,-5.0010759878205135e-05,0.004149999935179949
-0.0037503819912672043,-0.0001500127837061882,0.00419999985024333
-0.003750493051484227,-5.0004382501356304e-05,0.004174999892711639
-0.0036501740105450153,-5.0001577619696036e-05,0.00419999985024333
-0.0026499999221414328,-4.999999873689376e-05,0.004174999892711639
-0.002749999985098839,-4.999999873689376e-05,0.00419999985024333
-0.0025500000920146704,-4.999999873689376e-05,0.004174999892711639
-0.0024500000290572643,-4.999999873689376e-05,0.00419999985024333
-0.0019499999471008778,-4.999999873689376e-05,0.00419999985024333
-0.0018500000005587935,-4.999999873689376e-05,0.00419999985024333
-0.001550000044517219,-4.999999873689376e-05,0.004174999892711639
-0.0016499999910593033,-4.999999873689376e-05,0.00419999985024333
-0.001449999981559813,-4.999999873689376e-05,0.004174999892711639
-0.0013500000350177288,-4.999999873689376e-05,0.004174999892711639
-0.0012499999720603228,-4.999999873689376e-05,0.004174999892711639
-0.0011500000255182385,-4.999999873689376e-05,0.00419999985024333
-0.0010499999625608325,-4.999999873689376e-05,0.004174999892711639
-0.0009500000160187483,-4.999999873689376e-05,0.004174999892711639
-0.0008500000112690032,-4.999999873689376e-05,0.00419999985024333
0.0003499999875202775,-4.999999873689376e-05,0.004174999892711639
0.0002500000118743628,-4.999999873689376e-05,0.00419999985024333
0.00044999999227002263,-4.999999873689376e-05,0.004174999892711639
0.0005499999970197678,-4.999999873689376e-05,0.004174999892711639
0.0006500000017695129,-0.0001500000071246177,0.00419999985024333
0.0006500000017695129,-4.999999873689376e-05,0.004174999892711639
0.000750000006519258,-4.999999873689376e-05,0.00419999985024333
0.0016499999910593033,-4.999999873689376e-05,0.004174999892711639
0.001550000044517219,-4.999999873689376e-05,0.00419999985024333
0.0017500000540167093,-4.999999873689376e-05,0.004174999892711639
0.0018500000005587935,-4.999999873689376e-05,0.00419999985024333
0.0035500528756529093,-5.0000417104456574e-05,0.004149999935179949
0.003450013929978013,-5.000011151423678e-05,0.00419999985024333
0.0036501740105450153,-5.000133751309477e-05,0.004100000020116568
0.003750493051484227,-5.000365854357369e-05,0.004100000020116568
0.0038512004539370537,-5.000887540518306e-05,0.004100000020116568
0.003952506463974714,-5.002078250981867e-05,0.004100000020116568
0.00405439967289567,-6.673071038676426e-05,0.0041333334520459175
0.003952506463974714,-5.0020880735246465e-05,0.004100000020116568
0.004053563345223665,-0.00011437039938755333,0.004135714378207922
0.004054563585668802,-5.005133425584063e-05,0.004129999782890081
0.004053942393511534,-0.00010008794197347015,0.00413846131414175
0.004104676656424999,-0.0001001235141302459,0.004149999935179949
0.004103264305740595,-0.0001501177903264761,0.004149999935179949
-0.004054645076394081,-5.006223727832548e-05,0.004149999935179949
-0.004054730292409658,3.336944791954011e-05,0.0041333334520459175
-0.004054945427924395,-6.2316556359576225e-09,0.00413846131414175
-0.0040548499673604965,-1.0544418728386518e-05,0.004139473661780357
-0.004054645076394081,-5.006223727832548e-05,0.004149999935179949
-0.003952506463974714,5.0022143113892525e-05,0.004100000020116568
-0.003952506463974714,-1.6676045561325736e-05,0.0041333334520459175
-0.004054563585668802,5.005436105420813e-05,0.004129999782890081
-0.0038512004539370537,5.0009348342427984e-05,0.004100000020116568
-0.003750493051484227,5.0003804062725976e-05,0.004124999977648258
-0.0036501740105450153,5.000138116884045e-05,0.004149999935179949
-0.0035500528756529093,-5.000048622605391e-05,0.00419999985024333
-0.0035500528756529093,5.00004316563718e-05,0.004149999935179949
-0.003450013929978013,-5.0000129704130813e-05,0.00419999985024333
-0.003450013929978013,5.0000115152215585e-05,0.004149999935179949
-0.003350003156810999,-5.0000027840724215e-05,0.00419999985024333
-0.003350003156810999,5.000002420274541e-05,0.004149999935179949
-0.0032500005327165127,-5.000000601285137e-05,0.00419999985024333
-0.0032500005327165127,5.000000601285137e-05,0.004149999935179949
-0.0031500000040978193,-5.0000002374872565e-05,0.00419999985024333
-0.0031500000040978193,5.0000002374872565e-05,0.004149999935179949
-0.0030499999411404133,-4.999999873689376e-05,0.00419999985024333
-0.0030499999411404133,4.999999873689376e-05,0.004149999935179949
-0.002950000111013651,-4.999999873689376e-05,0.00419999985024333
-0.002950000111013651,4.999999873689376e-05,0.004174999892711639
-0.002850000048056245,4.999999873689376e-05,0.00419999985024333
-0.0026499999221414328,4.999999873689376e-05,0.00419999985024333
-0.0025500000920146704,4.999999873689376e-05,0.00419999985024333
-0.001550000044517219,4.999999873689376e-05,0.00419999985024333
-0.001449999981559813,4.999999873689376e-05,0.00419999985024333
-0.0013500000350177288,4.999999873689376e-05,0.00419999985024333
-0.0012499999720603228,4.999999873689376e-05,0.00419999985024333
-0.0010499999625608325,4.999999873689376e-05,0.00419999985024333
-0.0009500000160187483,4.999999873689376e-05,0.00419999985024333
0.0003499999875202775,4.999999873689376e-05,0.00419999985024333
0.00044999999227002263,4.999999873689376e-05,0.00419999985024333
0.0005499999970197678,4.999999873689376e-05,0.004174999892711639
0.0006500000017695129,4.999999873689376e-05,0.004174999892711639
0.000750000006519258,4.999999873689376e-05,0.00419999985024333
0.0016499999910593033,4.999999873689376e-05,0.00419999985024333
0.0017500000540167093,4.999999873689376e-05,0.00419999985024333
0.002950000111013651,4.999999873689376e-05,0.004174999892711639
0.002850000048056245,4.999999873689376e-05,0.00419999985024333
0.002950000111013651,-4.999999873689376e-05,0.00419999985024333
0.0030499999411404133,-4.999999873689376e-05,0.00419999985024333
0.0030499999411404133,4.999999873689376e-05,0.004149999935179949
0.0031500000040978193,-5.0000002374872565e-05,0.00419999985024333
0.0031500000040978193,5.0000002374872565e-05,0.004149999935179949
0.0032500005327165127,-5.000000601285137e-05,0.00419999985024333
0.0032500005327165127,5.000000601285137e-05,0.004149999935179949
0.003350003156810999,-5.000002420274541e-05,0.00419999985024333
0.003350003156810999,5.000003147870302e-05,0.004149999935179949
0.003450013929978013,5.0000129704130813e-05,0.004149999935179949
0.0035500528756529093,5.000049713999033e-05,0.004149999935179949
0.0036501740105450153,5.0001617637462914e-05,0.004149999935179949
0.003750493051484227,5.0004506192635745e-05,0.004149999935179949
0.0038512004539370537,5.0011134590022266e-05,0.004149999935179949
0.003952506463974714,5.0026123062707484e-05,0.004149999935179949
0.0040548499673604965,1.0548797035880852e-05,0.004139473661780357
0.004054945427924395,1.2122198356223635e-08,0.00413846131414175
0.004054730292409658,-3.336432564537972e-05,0.0041333334520459175
0.003952506463974714,1.66771551448619e-05,0.0041333334520459175
0.004054645076394081,5.006467836210504e-05,0.004149999935179949
0.004054645076394081,5.006462743040174e-05,0.004149999935179949
0.004105814266949892,2.156322231883223e-08,0.004149999935179949
0.004105519503355026,-5.0078357162419707e-05,0.004149999935179949
-0.004053099546581507,0.0001334161206614226,0.0041333334520459175
-0.004052652977406979,0.0001500785001553595,0.004129999782890081
-0.003952506463974714,5.002224133932032e-05,0.004100000020116568
-0.003951611928641796,0.00015004265878815204,0.004100000020116568
-0.004054092336446047,8.579328277846798e-05,0.004135714378207922
-0.004053942393511534,0.00010008901153923944,0.00413846131414175
-0.0038508593570441008,0.00015002513828221709,0.004100000020116568
-0.0037503819912672043,0.00015001244901213795,0.004100000020116568
-0.0036501416470855474,0.00015000496932771057,0.004100000020116568
-0.0035500444937497377,0.00015000162238720804,0.004100000020116568
-0.00345001183450222,0.00015000044368207455,0.004100000020116568
-0.0033500026911497116,0.00015000009443610907,0.004100000020116568
-0.0032500005327165127,0.00015000002167653292,0.004100000020116568
-0.0031500000040978193,0.0001500000071246177,0.004100000020116568
-0.0030499999411404133,0.0001500000071246177,0.004100000020116568
-0.002950000111013651,0.0001500000071246177,0.004124999977648258
-0.002850000048056245,0.0001500000071246177,0.004174999892711639
-0.002749999985098839,0.0001500000071246177,0.00419999985024333
0.0005499999970197678,0.0001500000071246177,0.00419999985024333
0.0006500000017695129,0.0001500000071246177,0.00419999985024333
0.0023499999660998583,0.0001500000071246177,0.004174999892711639
0.0022499999031424522,0.0001500000071246177,0.00419999985024333
0.0023499999660998583,4.999999873689376e-05,0.00419999985024333
0.0024500000290572643,4.999999873689376e-05,0.00419999985024333
0.0024500000290572643,0.0001500000071246177,0.004174999892711639
0.0025500000920146704,0.0001500000071246177,0.00419999985024333
0.002950000111013651,0.0001500000071246177,0.004149999935179949
0.002850000048056245,0.0001500000071246177,0.00419999985024333
0.0030499999411404133,0.0001500000071246177,0.004100000020116568
0.0031500000040978193,0.0001500000071246177,0.004100000020116568
0.0032500005327165127,0.00015000002167653292,0.004100000020116568
0.0033500026911497116,0.0001500001089880243,0.004100000020116568
0.00345001183450222,0.00015000045823398978,0.004100000020116568
0.0035500444937497377,0.00015000166604295373,0.004124999977648258
0.0036501416470855474,0.00015000511484686285,0.004174999892711639
0.0037503819912672043,0.00015001284191384912,0.00419999985024333
0.0038508593570441008,0.00015002604050096124,0.00419999985024333
0.003951611928641796,0.0001500441721873358,0.00419999985024333
0.004053942393511534,0.00010009288234869018,0.004161538556218147
0.004054645076394081,5.006472929380834e-05,0.004149999935179949
0.003952208440750837,8.336549944942817e-05,0.00416666641831398
0.003951611928641796,0.0001500440703239292,0.00419999985024333
0.004053563345223665,0.00011437446664785966,0.004164285492151976
0.004052652977406979,0.00015007989713922143,0.004170000087469816
0.003951611928641796,0.0001500441285315901,0.00419999985024333
-0.004049984272569418,0.00023330701515078545,0.0041333334520459175
-0.003950575366616249,0.0002500522823538631,0.004100000020116568
-0.003951611928641796,0.00015004276065155864,0.004100000020116568
-0.004051543306559324,0.00018575623107608408,0.004135714378207922
-0.004049453418701887,0.0002499496331438422,0.004129999782890081
-0.004051124211400747,0.00020002828387077898,0.00413846131414175
-0.003850598819553852,0.00025005557108670473,0.004100000020116568
-0.0037503340281546116,0.00025003135669976473,0.004100000020116568
-0.0036501369904726744,0.00025001296307891607,0.004100000020116568
-0.003550044959411025,0.00025000429013743997,0.004100000020116568
-0.0034500123001635075,0.0002500011760275811,0.004100000020116568
-0.0033500029239803553,0.00025000027380883694,0.004100000020116568
-0.0032500005327165127,0.0002500000409781933,0.004100000020116568
-0.0031500000040978193,0.0002500000118743628,0.004100000020116568
-0.0030499999411404133,0.0002500000118743628,0.004100000020116568
-0.002950000111013651,0.0002500000118743628,0.004100000020116568
-0.002850000048056245,0.0002500000118743628,0.004149999935179949
-0.002749999985098839,0.0002500000118743628,0.00419999985024333
0.0023499999660998583,0.0002500000118743628,0.004174999892711639
0.0022499999031424522,0.0002500000118743628,0.00419999985024333
0.0024500000290572643,0.0002500000118743628,0.004174999892711639
0.0025500000920146704,0.0002500000118743628,0.00419999985024333
0.002950000111013651,0.0002500000118743628,0.004149999935179949
0.002850000048056245,0.0002500000118743628,0.00419999985024333
0.0030499999411404133,0.0002500000118743628,0.004100000020116568
0.0031500000040978193,0.0002500000118743628,0.004100000020116568
0.0032500005327165127,0.0002500000409781933,0.004100000020116568
0.0033500029239803553,0.00025000027380883694,0.004100000020116568
0.0034500123001635075,0.0002500011760275811,0.004100000020116568
0.003550044959411025,0.00025000429013743997,0.004100000020116568
0.0036501369904726744,0.000250013021286577,0.004124999977648258
0.0037503340281546116,0.000250031502218917,0.004174999892711639
0.003850598819553852,0.0002500559203326702,0.00419999985024333
0.004049984272569418,0.00023330726253334433,0.00416666641831398
0.004051124211400747,0.00020002876408398151,0.004161538556218147
0.003950575366616249,0.0002500526315998286,0.00419999985024333
0.004051543306559324,0.0001857569586718455,0.004164285492151976
0.003950575366616249,0.0002500526898074895,0.00419999985024333
0.004049453418701887,0.00024994980776682496,0.004170000087469816
0.003951611928641796,0.00015004421584308147,0.00419999985024333
-0.003951606806367636,0.00035025132820010185,0.004100000020116568
-0.004049133043736219,0.00035004052915610373,0.004129999782890081
-0.003950575366616249,0.0002500523696653545,0.004100000020116568
-0.004048771224915981,0.0003333202621433884,0.0041333334520459175
-0.00404855702072382,0.0002856229548342526,0.004135714378207922
-0.0040481844916939735,0.000299890962196514,0.00413846131414175
-0.003851258894428611,0.00035017458139918745,0.004100000020116568
-0.003750621108338237,0.0003500834573060274,0.004100000020116568
-0.003650238737463951,0.0003500317397993058,0.004100000020116568
-0.0035500756930559874,0.00035001005744561553,0.004100000020116568
-0.0034500202164053917,0.00035000269417651,0.004100000020116568
-0.0033500047866255045,0.00035000062780454755,0.004100000020116568
-0.0032500009983778,0.0003500001330394298,0.004100000020116568
-0.003150000236928463,0.00035000001662410796,0.004100000020116568
-0.0030499999411404133,0.00035000001662410796,0.004100000020116568
-0.002950000111013651,0.0003499999875202775,0.004124999977648258
-0.002850000048056245,0.0003499999875202775,0.004174999892711639
-0.002749999985098839,0.0003499999875202775,0.00419999985024333
0.0023499999660998583,0.0003499999875202775,0.00419999985024333
0.0024500000290572643,0.0003499999875202775,0.00419999985024333
0.002950000111013651,0.0003499999875202775,0.004149999935179949
0.002850000048056245,0.0003499999875202775,0.00419999985024333
0.0030499999411404133,0.00035000001662410796,0.004100000020116568
0.003150000236928463,0.00035000001662410796,0.004100000020116568
0.0032500009983778,0.0003500001330394298,0.004100000020116568
0.0033500047866255045,0.00035000062780454755,0.004100000020116568
0.0034500202164053917,0.00035000269417651,0.004100000020116568
0.0035500756930559874,0.00035001005744561553,0.004100000020116568
0.003650238737463951,0.00035003176890313625,0.004100000020116568
0.003750621108338237,0.0003500835155136883,0.004149999935179949
0.0038512591272592545,0.00035017469781450927,0.00419999985024333
0.0040481844916939735,0.0002998910204041749,0.004161538556218147
0.004048771224915981,0.00033332029124721885,0.00416666641831398
0.003950575366616249,0.00025005274801515043,0.00419999985024333
0.00404855702072382,0.00028562304214574397,0.004164285492151976
0.003951606806367636,0.00035025147371925414,0.00419999985024333
0.004049133043736219,0.0003500405582599342,0.004170000087469816
0.003951606806367636,0.0003502514155115932,0.00419999985024333
-0.004061258863657713,0.0004425673105288297,0.004141176585108042
-0.0040543703362345695,0.0004006228409707546,0.00413846131414175
-0.003982776775956154,0.0004511547740548849,0.00412631593644619
-0.004052906297147274,0.0003861734294332564,0.004135714378207922
-0.004062729422003031,0.0004515548935160041,0.004141999874264002
-0.004010642878711224,0.0004513396415859461,0.00413846131414175
-0.00402163527905941,0.00045138824498280883,0.004139473661780357
-0.003951606806367636,0.0003502514155115932,0.004100000020116568
-0.0039568799547851086,0.00045088768820278347,0.004114706069231033
-0.0038529899902641773,0.00045039880205877125,0.004100000020116568
-0.003851258894428611,0.0003501746687106788,0.004100000020116568
-0.0037512050475925207,0.000450164545327425,0.004100000020116568
-0.0036504219751805067,0.0004500587529037148,0.004100000020116568
-0.003550128312781453,0.00045001815306022763,0.004100000020116568
-0.0034500339534133673,0.00045000488171353936,0.004100000020116568
-0.003350007813423872,0.00045000112731941044,0.004100000020116568
-0.0032500014640390873,0.0004500002251006663,0.004100000020116568
-0.003150000236928463,0.00045000005047768354,0.004100000020116568
-0.0030499999411404133,0.00044999999227002263,0.004100000020116568
-0.002950000111013651,0.00044999999227002263,0.004149999935179949
-0.002850000048056245,0.00044999999227002263,0.00419999985024333
-0.0019499999471008778,0.00044999999227002263,0.004174999892711639
-0.002050000010058284,0.00044999999227002263,0.00419999985024333
-0.0019499999471008778,0.0003499999875202775,0.00419999985024333
-0.0018500000005587935,0.0003499999875202775,0.00419999985024333
-0.0018500000005587935,0.00044999999227002263,0.004174999892711639
-0.0017500000540167093,0.00044999999227002263,0.00419999985024333
-0.0008500000112690032,0.00044999999227002263,0.004174999892711639
-0.0009500000160187483,0.00044999999227002263,0.00419999985024333
-0.0008500000112690032,0.0003499999875202775,0.00419999985024333
-0.000750000006519258,0.0003499999875202775,0.00419999985024333
-0.000750000006519258,0.00044999999227002263,0.004174999892711639
-0.0006500000017695129,0.00044999999227002263,0.00419999985024333
0.002950000111013651,0.00044999999227002263,0.004174999892711639
0.002850000048056245,0.00044999999227002263,0.00419999985024333
0.0030499999411404133,0.00044999999227002263,0.004124999977648258
0.003150000236928463,0.00045000005047768354,0.004100000020116568
0.0032500014640390873,0.0004500002251006663,0.004100000020116568
0.003350007813423872,0.00045000112731941044,0.004100000020116568
0.0034500339534133673,0.00045000488171353936,0.004100000020116568
0.003550128312781453,0.0004500181821640581,0.004100000020116568
0.0036504219751805067,0.00045005878200754523,0.004100000020116568
0.0037512052804231644,0.0004501646035350859,0.004124999977648258
0.0038529904559254646,0.0004503988893702626,0.004174999892711639
0.003883819095790386,0.0004505762772168964,0.004185293801128864
0.003951606806367636,0.0003502515610307455,0.00419999985024333
0.0038512591272592545,0.00035017478512600064,0.00419999985024333
0.003956880886107683,0.00045088777551427484,0.004185293801128864
0.0038526442367583513,0.00043035406270064414,0.004179999697953463
0.0039827777072787285,0.0004511548613663763,0.004173683933913708
0.004021635744720697,0.0004513883322943002,0.00416052620857954
0.004061258863657713,0.00044256733963266015,0.004158823285251856
0.0040543703362345695,0.0004006228409707546,0.004161538556218147
0.004052906297147274,0.0003861734294332564,0.004164285492151976
0.003951606806367636,0.00035025153192691505,0.00419999985024333
0.004010643810033798,0.00045133972889743745,0.004161538556218147
0.004062729422003031,0.00045155492261983454,0.004157999996095896
-0.004067073110491037,0.0005021977704018354,0.004149999935179949
-0.004012033808976412,0.0005015662754885852,0.004149999935179949
-0.0038534856867045164,0.0005504926666617393,0.004100000020116568
-0.0038529899902641773,0.0004503988893702626,0.004100000020116568
-0.003957701381295919,0.0005510547198355198,0.004129999782890081
-0.00395806273445487,0.00047473126323893666,0.00412631593644619
-0.003958543296903372,0.0005011219764128327,0.00413846131414175
-0.003958258777856827,0.0005153822712600231,0.004135714378207922
-0.0037514420691877604,0.00055021105799824,0.004100000020116568
-0.0036505197640508413,0.00055007851915434,0.004100000020116568
-0.0035501625388860703,0.0005500252591446042,0.004100000020116568
-0.003450044197961688,0.0005500070401467383,0.004100000020116568
-0.003350010607391596,0.0005500016850419343,0.004100000020116568
-0.0032500021625310183,0.0005500003462657332,0.004100000020116568
-0.0031500004697591066,0.0005500000552274287,0.004100000020116568
-0.003050000173971057,0.0005499999970197678,0.004124999977648258
-0.002950000111013651,0.0005499999970197678,0.004174999892711639
-0.002850000048056245,0.0005499999970197678,0.00419999985024333
-0.0019499999471008778,0.0005499999970197678,0.004174999892711639
-0.002050000010058284,0.0005499999970197678,0.00419999985024333
-0.0018500000005587935,0.0005499999970197678,0.004174999892711639
-0.0017500000540167093,0.0005499999970197678,0.00419999985024333
-0.0009500000160187483,0.0005499999970197678,0.004174999892711639
-0.0010499999625608325,0.0005499999970197678,0.00419999985024333
-0.0008500000112690032,0.0005499999970197678,0.004149999935179949
-0.000750000006519258,0.0005499999970197678,0.004174999892711639
-0.0006500000017695129,0.0005499999970197678,0.00419999985024333
0.002950000111013651,0.0005499999970197678,0.00419999985024333
0.003050000173971057,0.0005499999970197678,0.004174999892711639
0.0031500004697591066,0.0005500000552274287,0.004124999977648258
0.0032500021625310183,0.0005500003462657332,0.004100000020116568
0.003350010607391596,0.0005500016850419343,0.004100000020116568
0.003450044197961688,0.0005500070401467383,0.004100000020116568
0.003550162771716714,0.0005500252591446042,0.004100000020116568
0.003650519996881485,0.0005500785773620009,0.004100000020116568
0.0037514425348490477,0.0005502111162059009,0.004100000020116568
0.003853486618027091,0.0005504927830770612,0.004124999977648258
0.003958350513130426,0.0005116317188367248,0.00416052620857954
0.003958063665777445,0.00047473140875808895,0.004173683933913708
0.003958544693887234,0.0005011221510358155,0.004161538556218147
0.0038532386533915997,0.0005004458362236619,0.004149999935179949
0.003957903943955898,0.0005510817863978446,0.004149999935179949
-0.003954087384045124,0.0006506404024548829,0.004129999782890081
-0.003852651920169592,0.0006504409830085933,0.004100000020116568
-0.003955615218728781,0.0006151098641566932,0.004135714378207922
-0.0039562503807246685,0.000600901257712394,0.00413846131414175
-0.0038534856867045164,0.0005504927830770612,0.004100000020116568
-0.003957326523959637,0.0005676847067661583,0.0041333334520459175
-0.00375132798217237,0.0006502302712760866,0.004100000020116568
-0.00365053815767169,0.0006500963936559856,0.004100000020116568
-0.003550182096660137,0.0006500334711745381,0.004100000020116568
-0.0034500528126955032,0.0006500098970718682,0.004100000020116568
-0.003350013168528676,0.0006500025046989322,0.004100000020116568
-0.0032500028610229492,0.000650000583846122,0.004100000020116568
-0.0031500004697591066,0.0006500001181848347,0.004124999977648258
-0.003050000173971057,0.0006500000017695129,0.004174999892711639
-0.002950000111013651,0.0006500000017695129,0.00419999985024333
-0.0019499999471008778,0.0006500000017695129,0.00419999985024333
-0.0018500000005587935,0.0006500000017695129,0.00419999985024333
-0.0009500000160187483,0.0006500000017695129,0.004174999892711639
-0.0010499999625608325,0.0006500000017695129,0.00419999985024333
-0.0008500000112690032,0.0006500000017695129,0.004174999892711639
-0.000750000006519258,0.0006500000017695129,0.00419999985024333
0.003050000173971057,0.0006500000017695129,0.00419999985024333
0.0031500004697591066,0.0006500001181848347,0.004174999892711639
0.0032500028610229492,0.000650000583846122,0.004124999977648258
0.003350013168528676,0.0006500025046989322,0.004100000020116568
0.0034500528126955032,0.0006500098970718682,0.004100000020116568
0.003550182096660137,0.0006500334711745381,0.004100000020116568
0.0036505383905023336,0.0006500963936559856,0.004100000020116568
0.0037513282150030136,0.0006502302712760866,0.004100000020116568
0.003852652385830879,0.0006504410412162542,0.004100000020116568
0.003957903943955898,0.0005510818446055055,0.004149999935179949
0.003955615684390068,0.000615109980572015,0.004135714378207922
0.003954087849706411,0.0006506404606625438,0.004129999782890081
0.003853319678455591,0.0005704824579879642,0.004120000172406435
0.0039562503807246685,0.0006009013159200549,0.00413846131414175
0.004008295014500618,0.0006012013182044029,0.004149999935179949
-0.003953811712563038,0.0006672903546132147,0.0041333334520459175
-0.003852972062304616,0.000750614854041487,0.004100000020116568
-0.003852651920169592,0.0006504410994239151,0.004100000020116568
-0.003954167943447828,0.0007508600829169154,0.004129999782890081
-0.00395341869443655,0.0007149379816837609,0.004135714378207922
-0.0039531453512609005,0.0007005749503150582,0.00413846131414175
-0.0037515764124691486,0.0007503298693336546,0.004100000020116568
-0.0036506683100014925,0.0007501417421735823,0.004100000020116568
-0.003550236579030752,0.0007500508800148964,0.004100000020116568
-0.003450071206316352,0.0007500155479647219,0.004100000020116568
-0.00335001852363348,0.000750004081055522,0.004100000020116568
-0.003250004258006811,0.0007500009378418326,0.004124999977648258
-0.0031500007025897503,0.0007500001811422408,0.004174999892711639
-0.003050000173971057,0.000750000006519258,0.00419999985024333
-0.0009500000160187483,0.000750000006519258,0.00419999985024333
-0.0008500000112690032,0.000750000006519258,0.00419999985024333
0.0031500007025897503,0.0007500001811422408,0.00419999985024333
0.003250004258006811,0.0007500009378418326,0.004149999935179949
0.00335001852363348,0.000750004081055522,0.004100000020116568
0.003450071206316352,0.0007500155479647219,0.004100000020116568
0.003550236579030752,0.0007500508800148964,0.004100000020116568
0.0036506683100014925,0.0007501417421735823,0.004100000020116568
0.0037515766452997923,0.0007503298693336546,0.004100000020116568
0.003852972062304616,0.0007506149122491479,0.004100000020116568
0.00395341869443655,0.0007149380398914218,0.004135714378207922
0.0039531453512609005,0.0007005750085227191,0.00413846131414175
0.003953811712563038,0.0006672903546132147,0.0041333334520459175
0.003852652385830879,0.0006504411576315761,0.004100000020116568
0.003954167943447828,0.0007508600829169154,0.004129999782890081
0.004002505447715521,0.0007004524813964963,0.004149999935179949
0.00400479044765234,0.0006507408688776195,0.004149999935179949
-0.003955079708248377,0.0007677261019125581,0.0041333334520459175
-0.003854447277262807,0.0008510047337040305,0.004100000020116568
-0.003957104403525591,0.0008158047567121685,0.004135714378207922
-0.003852972062304616,0.0007506149704568088,0.004100000020116568
-0.003957945387810469,0.0008517406531609595,0.004129999782890081
-0.003956833854317665,0.0008014444028958678,0.00413846131414175
-0.0037521820049732924,0.0008505036239512265,0.004100000020116568
-0.0036509071942418814,0.0008502130513079464,0.004100000020116568
-0.0035503238905221224,0.0008500771946273744,0.004100000020116568
-0.0034500996116548777,0.0008500240510329604,0.004124999977648258
-0.0033500264398753643,0.0008500064723193645,0.004149999935179949
-0.0032500061206519604,0.0008500015246681869,0.004174999892711639
-0.0031500011682510376,0.0008500003023073077,0.00419999985024333
-0.001550000044517219,0.0008500000112690032,0.004174999892711639
-0.0016499999910593033,0.0008500000112690032,0.00419999985024333
-0.001550000044517219,0.000750000006519258,0.00419999985024333
-0.001449999981559813,0.000750000006519258,0.00419999985024333
-0.001449999981559813,0.0008500000112690032,0.004174999892711639
-0.0013500000350177288,0.0008500000112690032,0.00419999985024333
0.0032500061206519604,0.0008500015246681869,0.004174999892711639
0.0031500011682510376,0.0008500003023073077,0.00419999985024333
0.0033500264398753643,0.0008500064723193645,0.004124999977648258
0.0034500996116548777,0.0008500240510329604,0.004100000020116568
0.0035503238905221224,0.0008500771946273744,0.004100000020116568
0.0036509071942418814,0.0008502130513079464,0.004100000020116568
0.0037521820049732924,0.0008505036239512265,0.004100000020116568
0.003854447277262807,0.0008510047337040305,0.004100000020116568
0.003957104403525591,0.0008158047567121685,0.004135714378207922
0.003852972062304616,0.0007506150286644697,0.004100000020116568
0.003955079708248377,0.0007677261019125581,0.0041333334520459175
0.003956833854317665,0.0008014444028958678,0.00413846131414175
0.003957945387810469,0.0008517406531609595,0.004129999782890081
0.0040085637010633945,0.000801773858256638,0.004149999935179949
0.00400377856567502,0.0007507940754294395,0.004149999935179949
-0.00395788112655282,0.0009123777854256332,0.004139473661780357
-0.003957962617278099,0.0008684420608915389,0.0041333334520459175
-0.003957755863666534,0.0009017940028570592,0.00413846131414175
-0.0039177872240543365,0.0009518236620351672,0.004139473661780357
-0.0038672771770507097,0.0009514512494206429,0.00413846131414175
-0.003854447277262807,0.0008510048501193523,0.004100000020116568
-0.003958316054195166,0.000952059926930815,0.004141999874264002
-0.0038552479818463326,0.0009513250552117825,0.004135714378207922
-0.003906968515366316,0.0009517574217170477,0.00413846131414175
-0.0038096881471574306,0.0009510469972155988,0.004127777647227049
-0.0037525685038417578,0.0009506515925750136,0.004124999977648258
-0.0037521820049732924,0.0008505037403665483,0.004100000020116568
-0.0036511204671114683,0.0009502888424322009,0.004100000020116568
-0.0035504160914570093,0.0009501090389676392,0.004100000020116568
-0.0034501326736062765,0.0009500352898612618,0.004149999935179949
-0.0033500364515930414,0.0009500098531134427,0.00419999985024333
-0.0032500086817890406,0.0009500024025328457,0.00419999985024333
-0.001550000044517219,0.0009500000160187483,0.004174999892711639
-0.0016499999910593033,0.0009500000160187483,0.00419999985024333
-0.001449999981559813,0.0009500000160187483,0.004174999892711639
-0.0013500000350177288,0.0009500000160187483,0.00419999985024333
-0.0006500000017695129,0.0009500000160187483,0.004174999892711639
-0.000750000006519258,0.0009500000160187483,0.00419999985024333
-0.0006500000017695129,0.0008500000112690032,0.00419999985024333
-0.0005499999970197678,0.0008500000112690032,0.00419999985024333
-0.0005499999970197678,0.0009500000160187483,0.004174999892711639
-0.00044999999227002263,0.0009500000160187483,0.00419999985024333
0.0032500086817890406,0.0009500024025328457,0.00419999985024333
0.0033500364515930414,0.0009500098531134427,0.004149999935179949
0.0034501326736062765,0.0009500352898612618,0.004100000020116568
0.0035504160914570093,0.0009501090389676392,0.004100000020116568
0.0036511204671114683,0.0009502888424322009,0.004100000020116568
0.0037525685038417578,0.0009506515925750136,0.004100000020116568
0.003855047980323434,0.0009512687101960182,0.004114706069231033
0.0037521820049732924,0.0008505037403665483,0.004100000020116568
0.003854447277262807,0.0008510048501193523,0.004100000020116568
0.003958316054195166,0.000952059926930815,0.004141999874264002
0.00395788112655282,0.0009123777854256332,0.004139473661780357
0.0038797962479293346,0.0009515437413938344,0.00412631593644619
0.0039177872240543365,0.0009518236620351672,0.004139473661780357
0.003906968515366316,0.0009517574217170477,0.00413846131414175
0.003957755863666534,0.0009017940028570592,0.00413846131414175
0.003957962617278099,0.0008684420608915389,0.0041333334520459175
0.00400778790935874,0.0009017754346132278,0.004149999935179949
0.004010327160358429,0.0008522258140146732,0.004149999935179949
-0.003961873706430197,0.0010030253324657679,0.004149999935179949
-0.003908220212906599,0.0010021169437095523,0.004149999935179949
-0.003855667309835553,0.0009764529531821609,0.004149999935179949
-0.0038554591592401266,0.0009597213356755674,0.0041416664607822895
-0.0038558393716812134,0.0010158135555684566,0.004164285492151976
-0.003855762304738164,0.0010515443282201886,0.004170000087469816
-0.0037527023814618587,0.0009840400889515877,0.0041333334520459175
-0.003855924354866147,0.001001535332761705,0.004161538556218147
-0.0037529703695327044,0.0010508171981200576,0.004149999935179949
-0.0038147263694554567,0.0010512747103348374,0.004170000087469816
-0.003651355393230915,0.0010503820376470685,0.004100000020116568
-0.003550527850165963,0.0010501522338017821,0.004100000020116568
-0.0034501769114285707,0.001050052116625011,0.004124999977648258
-0.0033500513527542353,0.0010500154457986355,0.004174999892711639
-0.0032500128727406263,0.0010500039206817746,0.00419999985024333
-0.0017500000540167093,0.0010499999625608325,0.004174999892711639
-0.0018500000005587935,0.0010499999625608325,0.00419999985024333
-0.0017500000540167093,0.0009500000160187483,0.00419999985024333
-0.0016499999910593033,0.0010499999625608325,0.004174999892711639
-0.001550000044517219,0.0010499999625608325,0.00419999985024333
-0.001449999981559813,0.0010499999625608325,0.00419999985024333
-0.0006500000017695129,0.0010499999625608325,0.004174999892711639
-0.000750000006519258,0.0010499999625608325,0.00419999985024333
-0.0005499999970197678,0.0010499999625608325,0.004174999892711639
-0.00044999999227002263,0.0010499999625608325,0.00419999985024333
0.0033500513527542353,0.0010500154457986355,0.004149999935179949
0.0032500128727406263,0.0010500039206817746,0.00419999985024333
0.0034501769114285707,0.001050052116625011,0.004100000020116568
0.003550527850165963,0.0010501522338017821,0.004100000020116568
0.003651355393230915,0.0010503820376470685,0.004100000020116568
0.0037529703695327044,0.0010508171981200576,0.004100000020116568
0.0038558393716812134,0.0010158135555684566,0.004135714378207922
0.0037525685038417578,0.0009506517089903355,0.004100000020116568
0.003855924354866147,0.001001535332761705,0.00413846131414175
0.0038555979263037443,0.0009751175530254841,0.00412631593644619
0.003855762304738164,0.0010515443282201886,0.004129999782890081
0.003908220212906599,0.0010021169437095523,0.004149999935179949
0.004006912931799889,0.0009516983409412205,0.004149999935179949
0.003961873706430197,0.0010030253324657679,0.004149999935179949
-0.003855407005175948,0.0011015180498361588,0.004161538556218147
-0.003855711780488491,0.0010682198917493224,0.00416666641831398
-0.0038553497288376093,0.0011120468843728304,0.00416052620857954
-0.0037531908601522446,0.001150969648733735,0.004124999977648258
-0.003753058612346649,0.0010908781550824642,0.004139999859035015
-0.0038553092163056135,0.001151581760495901,0.004149999935179949
-0.003651609644293785,0.0011504997964948416,0.004100000020116568
-0.003550679190084338,0.0011502158595249057,0.004100000020116568
-0.0034502435009926558,0.001150079071521759,0.004100000020116568
-0.003350075101479888,0.0011500249383971095,0.004124999977648258
-0.0032500200904905796,0.0011500067776069045,0.004174999892711639
-0.0031500046607106924,0.0011500016553327441,0.00419999985024333
-0.0017500000540167093,0.0011500000255182385,0.004174999892711639
-0.0018500000005587935,0.0011500000255182385,0.00419999985024333
-0.0016499999910593033,0.0011500000255182385,0.004174999892711639
-0.001550000044517219,0.0011500000255182385,0.00419999985024333
-0.0006500000017695129,0.0011500000255182385,0.00419999985024333
-0.0005499999970197678,0.0011500000255182385,0.00419999985024333
0.003350075101479888,0.0011500249383971095,0.004174999892711639
0.0032500200904905796,0.0011500067776069045,0.00419999985024333
0.0034502435009926558,0.001150079071521759,0.004149999935179949
0.003550679190084338,0.0011502158595249057,0.004124999977648258
0.003651609644293785,0.0011504997964948416,0.004100000020116568
0.0037531908601522446,0.001150969648733735,0.004100000020116568
0.0037529703695327044,0.0010508173145353794,0.004100000020116568
0.003855322487652302,0.001115805353038013,0.004135714378207922
0.003855711780488491,0.0010682198917493224,0.0041333334520459175
0.003855407005175948,0.0011015180498361588,0.00413846131414175
0.0038552102632820606,0.0011515531223267317,0.004129999782890081
0.00390651123598218,0.001101808506064117,0.004149999935179949
0.003908203914761543,0.0010521799558773637,0.004149999935179949
-0.003753314260393381,0.0011710262624546885,0.004120000172406435
-0.0037538076285272837,0.001251252950169146,0.004100000020116568
-0.0038563653361052275,0.0012520505115389824,0.004129999782890081
-0.0038553092163056135,0.001151581760495901,0.004149999935179949
-0.0038562940899282694,0.001201951177790761,0.00413846131414175
-0.003856282215565443,0.0012162550119683146,0.004135714378207922
-0.0036520108114928007,0.0012506804196164012,0.004100000020116568
-0.0035509064327925444,0.0012503155739977956,0.004100000020116568
-0.003450348973274231,0.001250124885700643,0.004100000020116568
-0.0033501156140118837,0.0012500423472374678,0.004100000020116568
-0.0032500328961759806,0.0012500123120844364,0.004149999935179949
-0.003150008153170347,0.001250003115274012,0.00419999985024333
-0.0017500000540167093,0.0012499999720603228,0.00419999985024333
-0.0016499999910593033,0.0012499999720603228,0.00419999985024333
0.0033501156140118837,0.0012500423472374678,0.00419999985024333
0.003450348973274231,0.001250124885700643,0.00419999985024333
0.0035509064327925444,0.0012503155739977956,0.004174999892711639
0.0036520108114928007,0.0012506804196164012,0.004149999935179949
0.0037538076285272837,0.001251252950169146,0.004149999935179949
0.0038562898989766836,0.0012124922359362245,0.004139473661780357
0.0038564696442335844,0.0012520832242444158,0.004149999935179949
0.003855618182569742,0.0011683657066896558,0.0041333334520459175
0.0037531908601522446,0.001150969765149057,0.004100000020116568
0.0038562940899282694,0.001201951177790761,0.00413846131414175
0.0038564696442335844,0.0012520832242444158,0.004149999935179949
0.003907722420990467,0.0012023703893646598,0.004149999935179949
0.003905703779309988,0.0011516906088218093,0.004149999935179949
-0.0037787281908094883,0.0013517887564375997,0.00412631593644619
-0.0038565814029425383,0.001302217016927898,0.00413846131414175
-0.0038568691816180944,0.0013128553982824087,0.004139473661780357
-0.0038579246029257774,0.0013527421979233623,0.004141999874264002
-0.0037541694473475218,0.0013514830498024821,0.004114706069231033
-0.0037538076285272837,0.0012512530665844679,0.004100000020116568
-0.003816773183643818,0.0013521915534511209,0.004139473661780357
-0.003856498282402754,0.0012687917333096266,0.0041333334520459175
-0.0038057914935052395,0.0013520416105166078,0.00413846131414175
-0.0036524718161672354,0.001350916107185185,0.004100000020116568
-0.0036520108114928007,0.001250680536031723,0.004100000020116568
-0.003551244270056486,0.001350477570667863,0.004100000020116568
-0.0034505256917327642,0.0013502074871212244,0.004100000020116568
-0.0033501889556646347,0.0013500764034688473,0.004100000020116568
-0.003250058041885495,0.0013500240165740252,0.004124999977648258
-0.0031500153709203005,0.0013500065542757511,0.004174999892711639
-0.0030500036664307117,0.0013500015484169126,0.00419999985024333
-0.0005499999970197678,0.0013500000350177288,0.004174999892711639
-0.0006500000017695129,0.0013500000350177288,0.00419999985024333
-0.0005499999970197678,0.0012499999720603228,0.00419999985024333
-0.00044999999227002263,0.0012499999720603228,0.00419999985024333
-0.00044999999227002263,0.0013500000350177288,0.004174999892711639
-0.0003499999875202775,0.0013500000350177288,0.00419999985024333
0.003551244270056486,0.001350477570667863,0.00419999985024333
0.0036524718161672354,0.001350916107185185,0.00419999985024333
0.0037540767807513475,0.0012968527153134346,0.0041772727854549885
0.0037541694473475218,0.0013514830498024821,0.004185293801128864
0.003702909220010042,0.0012509666848927736,0.004149999935179949
0.0036524718161672354,0.0013509159907698631,0.00419999985024333
0.003816773183643818,0.0013521915534511209,0.00416052620857954
0.0037787281908094883,0.0013517887564375997,0.004173683933913708
0.0038057914935052395,0.0013520416105166078,0.004161538556218147
0.0038568691816180944,0.0013128553982824087,0.00416052620857954
0.0038565814029425383,0.001302217016927898,0.004161538556218147
0.0038579246029257774,0.0013527421979233623,0.004157999996095896
-0.003856295021250844,0.0014022492105141282,0.004149999935179949
-0.0038051821757107973,0.0014018833171576262,0.004149999935179949
-0.003653413848951459,0.0014513942878693342,0.004100000020116568
-0.0037543654907494783,0.0014016169589012861,0.00413846131414175
-0.003754431614652276,0.0014159565325826406,0.004135714378207922
-0.0036524718161672354,0.0013509162236005068,0.004100000020116568
-0.0037546532694250345,0.0014518250245600939,0.004129999782890081
-0.003754357108846307,0.0013752676313742995,0.00412631593644619
-0.0035519099328666925,0.0014507992891594768,0.004100000020116568
-0.003450864925980568,0.0014503696002066135,0.004100000020116568
-0.0033503309823572636,0.001450143987312913,0.004100000020116568
-0.0032501083333045244,0.0014500479446724057,0.004100000020116568
-0.003150030504912138,0.0014500137185677886,0.004149999935179949
-0.00305000739172101,0.0014500034740194678,0.00419999985024333
-0.002050000010058284,0.001449999981559813,0.004174999892711639
-0.00215000007301569,0.001449999981559813,0.00419999985024333
-0.002050000010058284,0.0013500000350177288,0.00419999985024333
-0.0019499999471008778,0.0013500000350177288,0.00419999985024333
-0.0019499999471008778,0.001449999981559813,0.004174999892711639
-0.0018500000005587935,0.001449999981559813,0.00419999985024333
-0.0005499999970197678,0.001449999981559813,0.004174999892711639
-0.0006500000017695129,0.001449999981559813,0.00419999985024333
-0.00044999999227002263,0.001449999981559813,0.004174999892711639
-0.0003499999875202775,0.001449999981559813,0.00419999985024333
0.003754431614652276,0.0014159565325826406,0.004164285492151976
0.003754357108846307,0.0013752676313742995,0.004173683933913708
0.0037543654907494783,0.0014016169589012861,0.004161538556218147
0.003653413848951459,0.0014513942878693342,0.00419999985024333
0.0037546532694250345,0.0014518250245600939,0.004170000087469816
-0.003680732101202011,0.0015530596720054746,0.00412631593644619
-0.0037552574649453163,0.0014687610091641545,0.0041333334520459175
-0.003653413848951459,0.001451394404284656,0.004100000020116568
-0.0037563543301075697,0.0015025930479168892,0.00413846131414175
-0.003655836684629321,0.0015525397611781955,0.004114706069231033
-0.003756867256015539,0.0015133587876334786,0.004139473661780357
-0.0037185996770858765,0.001553476438857615,0.004139473661780357
-0.0037587806582450867,0.0015537269646301866,0.004141999874264002
-0.003707865020260215,0.0015534007688984275,0.00413846131414175
-0.0035531288012862206,0.001551382476463914,0.004100000020116568
-0.0035519099328666925,0.0014507994055747986,0.004100000020116568
-0.0034514397848397493,0.0015506468480452895,0.004100000020116568
-0.003350567538291216,0.0015502595342695713,0.004100000020116568
-0.0032501937821507454,0.001550090266391635,0.004100000020116568
-0.003150057513266802,0.0015500274021178484,0.004149999935179949
-0.003050015075132251,0.0015500072622671723,0.00419999985024333
-0.002050000010058284,0.001550000044517219,0.004174999892711639
-0.00215000007301569,0.001550000044517219,0.00419999985024333
-0.0019499999471008778,0.001550000044517219,0.004174999892711639
-0.0018500000005587935,0.001550000044517219,0.00419999985024333
-0.0012499999720603228,0.001550000044517219,0.004174999892711639
-0.0013500000350177288,0.001550000044517219,0.00419999985024333
-0.0012499999720603228,0.001449999981559813,0.00419999985024333
-0.0011500000255182385,0.001449999981559813,0.00419999985024333
-0.0011500000255182385,0.001550000044517219,0.004174999892711639
-0.0010499999625608325,0.001550000044517219,0.00419999985024333
-0.0005499999970197678,0.001550000044517219,0.00419999985024333
-0.00044999999227002263,0.001550000044517219,0.00419999985024333
0.002950003370642662,0.0015500016743317246,0.004174999892711639
0.002850000746548176,0.0015500003937631845,0.00419999985024333
0.002950001507997513,0.0014500007964670658,0.00419999985024333
0.00305000739172101,0.0014500034740194678,0.00419999985024333
0.003050015075132251,0.0015500072622671723,0.004174999892711639
0.003150057513266802,0.0015500274021178484,0.00419999985024333
0.0035531288012862206,0.001551382476463914,0.00419999985024333
0.003655836684629321,0.0015525397611781955,0.004185293801128864
0.003653413848951459,0.001451394404284656,0.00419999985024333
0.0037563543301075697,0.0015025930479168892,0.004161538556218147
0.0037185996770858765,0.001553476438857615,0.00416052620857954
0.003680732101202011,0.0015530596720054746,0.004173683933913708
0.0037552574649453163,0.0014687610091641545,0.00416666641831398
0.003756867256015539,0.0015133587876334786,0.00416052620857954
0.003707865020260215,0.0015534007688984275,0.004161538556218147
0.0037587806582450867,0.0015537269646301866,0.004157999996095896
-0.0037621590308845043,0.0016052684513852,0.004149999935179949
-0.0037097465246915817,0.0016042806673794985,0.004149999935179949
-0.003656957997009158,0.0015767427394166589,0.00412631593644619
-0.0035544426646083593,0.001652034348808229,0.004100000020116568
-0.0035531288012862206,0.0015513825928792357,0.004100000020116568
-0.0036580138839781284,0.0016178545774891973,0.004135714378207922
-0.003658891888335347,0.0016540088690817356,0.004129999782890081
-0.0036577426362782717,0.0016034283908084035,0.00413846131414175
-0.0034520640037953854,0.0016509665874764323,0.004100000020116568
-0.0033508529886603355,0.0016504102386534214,0.004100000020116568
-0.0032503106631338596,0.0016501536592841148,0.004100000020116568
-0.003150099888443947,0.0016500508645549417,0.004124999977648258
-0.003050028346478939,0.0016500148922204971,0.004174999892711639
-0.0029500070959329605,0.0016500038327649236,0.00419999985024333
-0.002050000010058284,0.0016499999910593033,0.00419999985024333
-0.0019499999471008778,0.0016499999910593033,0.00419999985024333
-0.0012499999720603228,0.0016499999910593033,0.004174999892711639
-0.0013500000350177288,0.0016499999910593033,0.00419999985024333
-0.0011500000255182385,0.0016499999910593033,0.004174999892711639
-0.0010499999625608325,0.0016499999910593033,0.00419999985024333
-0.0003499999875202775,0.0016499999910593033,0.004174999892711639
-0.00044999999227002263,0.0016499999910593033,0.00419999985024333
-0.0003499999875202775,0.001550000044517219,0.00419999985024333
-0.0002500000118743628,0.001550000044517219,0.00419999985024333
-0.0002500000118743628,0.0016499999910593033,0.004174999892711639
-0.0001500000071246177,0.0016499999910593033,0.00419999985024333
0.0027500002179294825,0.001650000223889947,0.004174999892711639
0.0026500001549720764,0.0016499999910593033,0.00419999985024333
0.0027500002179294825,0.001550000044517219,0.00419999985024333
0.0028500016778707504,0.001650000922381878,0.004174999892711639
0.0029500070959329605,0.0016500038327649236,0.004174999892711639
0.003050028346478939,0.0016500147758051753,0.004149999935179949
0.003150099655613303,0.0016500507481396198,0.004149999935179949
0.0032501937821507454,0.001550090266391635,0.00419999985024333
0.0032503106631338596,0.0016501536592841148,0.004174999892711639
0.0033508529886603355,0.0016504102386534214,0.00419999985024333
0.0036580138839781284,0.0016178545774891973,0.004164285492151976
0.003656957997009158,0.0015767427394166589,0.004173683933913708
0.0036577426362782717,0.0016034283908084035,0.004161538556218147
0.0035544426646083593,0.001652034348808229,0.00419999985024333
0.003658891888335347,0.0016540088690817356,0.004170000087469816
-0.0035544426646083593,0.0016520344652235508,0.004100000020116568
-0.0036589819937944412,0.001718405750580132,0.004135714378207922
-0.0035542191471904516,0.0017520334804430604,0.004100000020116568
-0.0036571507807821035,0.00175332126673311,0.004129999782890081
-0.003659759880974889,0.0017044595442712307,0.00413846131414175
-0.0036592877004295588,0.0016708731418475509,0.0041333334520459175
-0.003452354809269309,0.0017511799233034253,0.004100000020116568
-0.0033511349465698004,0.0017505898140370846,0.004100000020116568
-0.003250474575906992,0.0017502546543255448,0.004100000020116568
-0.0031501727644354105,0.0017500956309959292,0.004100000020116568
-0.0030500551220029593,0.0017500313697382808,0.004149999935179949
-0.002950015477836132,0.00175000901799649,0.00419999985024333
-0.0012499999720603228,0.0017500000540167093,0.00419999985024333
-0.0011500000255182385,0.0017500000540167093,0.00419999985024333
-0.0003499999875202775,0.0017500000540167093,0.004174999892711639
-0.00044999999227002263,0.0017500000540167093,0.00419999985024333
-0.0002500000118743628,0.0017500000540167093,0.004174999892711639
-0.0001500000071246177,0.0017500000540167093,0.00419999985024333
0.0027500009164214134,0.0017500005196779966,0.004174999892711639
0.0026500001549720764,0.0017500000540167093,0.00419999985024333
0.0028500037733465433,0.001750002265907824,0.004174999892711639
0.002950015477836132,0.00175000901799649,0.004174999892711639
0.0030500551220029593,0.0017500313697382808,0.004124999977648258
0.0031501727644354105,0.0017500955145806074,0.004100000020116568
0.0032504743430763483,0.0017502546543255448,0.004124999977648258
0.0033511349465698004,0.0017505896976217628,0.004149999935179949
0.0034520640037953854,0.0016509665874764323,0.00419999985024333
0.003452354809269309,0.0017511799233034253,0.004174999892711639
0.0035542191471904516,0.0017520334804430604,0.00419999985024333
0.0036592877004295588,0.0016708731418475509,0.00416666641831398
0.003659759880974889,0.0017044595442712307,0.004161538556218147
0.0036589819937944412,0.001718405750580132,0.004164285492151976
0.0036571507807821035,0.00175332126673311,0.004170000087469816
-0.0036528799682855606,0.0018119026208296418,0.004139473661780357
-0.0035536184441298246,0.0018519724253565073,0.004135714378207922
-0.0035649787168949842,0.0018518802244216204,0.00413846131414175
-0.0035542191471904516,0.0017520335968583822,0.004100000020116568
-0.003613048931583762,0.001851360430009663,0.004139473661780357
-0.0036559177096933126,0.001769424183294177,0.0041333334520459175
-0.003651504870504141,0.0018507660133764148,0.004141999874264002
-0.003602792741730809,0.0018515174742788076,0.00413846131414175
-0.003653238993138075,0.0018015357200056314,0.00413846131414175
-0.003508878406137228,0.0018518230644986033,0.004127777647227049
-0.0034529301337897778,0.0018516129348427057,0.004124999977648258
-0.003452354809269309,0.0017511800397187471,0.004100000020116568
-0.0033516932744532824,0.0018509537912905216,0.004100000020116568
-0.0032508033327758312,0.0018504642648622394,0.004100000020116568
-0.0031503273639827967,0.0018501944141462445,0.004124999977648258
-0.003050115890800953,0.0018500707810744643,0.004174999892711639
-0.0029500359669327736,0.001850022585131228,0.00419999985024333
-0.0003499999875202775,0.0018500000005587935,0.00419999985024333
-0.0002500000118743628,0.0018500000005587935,0.00419999985024333
0.0027500023134052753,0.0018500015139579773,0.00419999985024333
0.0028500098269432783,0.0018500062869861722,0.00419999985024333
0.0029500359669327736,0.001850022585131228,0.004149999935179949
0.003050115890800953,0.0018500706646591425,0.004100000020116568
0.003150326432660222,0.0018501939484849572,0.004100000020116568
0.0032508030999451876,0.0018504641484469175,0.004100000020116568
0.0033516932744532824,0.0018509537912905216,0.004100000020116568
0.0034529301337897778,0.0018516129348427057,0.004149999935179949
0.0034987060353159904,0.0018517848802730441,0.0041772727854549885
0.0035542191471904516,0.0017520335968583822,0.00419999985024333
0.0034527000971138477,0.001811439753510058,0.0041600000113248825
0.0035535909701138735,0.0018519448349252343,0.004185293801128864
0.003613048931583762,0.001851360430009663,0.00416052620857954
0.003653238993138075,0.0018015357200056314,0.004161538556218147
0.0036528799682855606,0.0018119026208296418,0.00416052620857954
0.003602792741730809,0.0018515174742788076,0.004161538556218147
0.003651504870504141,0.0018507660133764148,0.004157999996095896
0.0035769175738096237,0.001851763459853828,0.004173683933913708
0.0036559177096933126,0.001769424183294177,0.00416666641831398
-0.003650704398751259,0.0019003996858373284,0.004149999935179949
-0.003604256547987461,0.0019023676868528128,0.004149999935179949
-0.003507378278300166,0.0019541974179446697,0.004161538556218147
-0.003464363981038332,0.0019534509629011154,0.0041416664607822895
-0.0034815871622413397,0.001953759463503957,0.004149999935179949
-0.003556008916348219,0.0019138902425765991,0.00416052620857954
-0.0035585761070251465,0.001954830950126052,0.004157999996095896
-0.0035181711427867413,0.001954339211806655,0.00416052620857954
-0.003554482012987137,0.0018774827476590872,0.004149999935179949
-0.003555324161425233,0.0019029718823730946,0.004161538556218147
-0.0034545105881989002,0.0019081111531704664,0.004127777647227049
-0.003455572295933962,0.0019531925208866596,0.004135714378207922
-0.0035539167001843452,0.001860486576333642,0.0041416664607822895
-0.0033528886269778013,0.001951701706275344,0.004100000020116568
-0.0033516932744532824,0.0018509539077058434,0.004100000020116568
-0.00343268271535635,0.0018514811526983976,0.004120000172406435
-0.0032514426857233047,0.0019508752739056945,0.004124999977648258
-0.003150634467601776,0.0019503961084410548,0.004174999892711639
-0.003050244878977537,0.0019501569913700223,0.00419999985024333
0.002850024728104472,0.0019500167109072208,0.004174999892711639
0.002750006504356861,0.001950004487298429,0.00419999985024333
0.0029500829987227917,0.0019500546623021364,0.004124999977648258
0.0030502446461468935,0.0019501569913700223,0.004100000020116568
0.0031506342347711325,0.0019503961084410548,0.004100000020116568
0.0032514426857233047,0.0019508751574903727,0.004100000020116568
0.0033528886269778013,0.001951701706275344,0.004100000020116568
0.0034549622796475887,0.001924253418110311,0.004135714378207922
0.003455572295933962,0.0019531925208866596,0.004135714378207922
0.0033516932744532824,0.0018509539077058434,0.004100000020116568
0.003555324161425233,0.0019029718823730946,0.004161538556218147
0.0035544317215681076,0.0018761360552161932,0.004173683933913708
0.0034815871622413397,0.001953759463503957,0.004149999935179949
0.0035585761070251465,0.001954830950126052,0.004157999996095896
0.003464363981038332,0.0019534509629011154,0.0041416664607822895
0.003507378278300166,0.0019541974179446697,0.004161538556218147
0.0035181711427867413,0.001954339211806655,0.00416052620857954
0.003556008916348219,0.0019138902425765991,0.00416052620857954
-0.003354325657710433,0.0020526612643152475,0.004124999977648258
-0.003457115264609456,0.0020542186684906483,0.004129999782890081
-0.0033984356559813023,0.002053361153230071,0.004121428355574608
-0.0033528886269778013,0.0019517018226906657,0.004100000020116568
-0.003456714330241084,0.0020038937218487263,0.00413846131414175
-0.003455965081229806,0.0019649674650281668,0.00413846131414175
-0.003456796519458294,0.0020182542502880096,0.004135714378207922
-0.0032523733098059893,0.00205150805413723,0.004174999892711639
-0.0031511466950178146,0.002050749259069562,0.00419999985024333
-0.00044999999227002263,0.002050000010058284,0.004174999892711639
-0.0005499999970197678,0.002050000010058284,0.00419999985024333
-0.00044999999227002263,0.0019499999471008778,0.00419999985024333
-0.0003499999875202775,0.0019499999471008778,0.00419999985024333
-0.0003499999875202775,0.002050000010058284,0.004174999892711639
-0.0002500000118743628,0.002050000010058284,0.00419999985024333
0.0028500580228865147,0.002050040988251567,0.004149999935179949
0.0027500165160745382,0.00205001188442111,0.00419999985024333
0.0029501786921173334,0.002050122944638133,0.004100000020116568
0.003050483763217926,0.0020503243431448936,0.004100000020116568
0.0031511466950178146,0.002050749259069562,0.004100000020116568
0.0032523733098059893,0.00205150805413723,0.004100000020116568
0.003354325657710433,0.0020526612643152475,0.004100000020116568
0.003456796519458294,0.0020182542502880096,0.004135714378207922
0.0033528886269778013,0.0019517018226906657,0.004100000020116568
0.003457115264609456,0.0020542186684906483,0.004129999782890081
0.003455965081229806,0.0019649674650281668,0.00413846131414175
0.003456714330241084,0.0020038937218487263,0.00413846131414175
0.0035088579170405865,0.0020050834864377975,0.004149999935179949
-0.003381867427378893,0.0021544555202126503,0.004149999935179949
-0.0034573771990835667,0.002071075839921832,0.0041333334520459175
-0.0033648607786744833,0.0021542487666010857,0.004158333409577608
-0.0034576705656945705,0.002104660263285041,0.00413846131414175
-0.0034576766192913055,0.0021152293775230646,0.004139473661780357
-0.0034073390997946262,0.0021547400392591953,0.00413846131414175
-0.0033562076278030872,0.0021540445741266012,0.004164285492151976
-0.003355945460498333,0.0021327908616513014,0.00416052620857954
-0.0034576694015413523,0.0021548473741859198,0.004141999874264002
-0.0034179468639194965,0.002154770540073514,0.004139473661780357
-0.0032536254730075598,0.002152410103008151,0.00419999985024333
-0.003303349483758211,0.002052084542810917,0.004149999935179949
-0.00044999999227002263,0.00215000007301569,0.004174999892711639
-0.0005499999970197678,0.00215000007301569,0.00419999985024333
-0.0003499999875202775,0.00215000007301569,0.004174999892711639
-0.0002500000118743628,0.00215000007301569,0.00419999985024333
0.0027500391006469727,0.002150029642507434,0.004174999892711639
0.0026500108651816845,0.0021500082220882177,0.00419999985024333
0.0028501262422651052,0.0021500929724425077,0.004124999977648258
0.0029503563418984413,0.0021502559538930655,0.004100000020116568
0.0030508844647556543,0.0021506191696971655,0.004100000020116568
0.0031519229523837566,0.0021513106767088175,0.004100000020116568
0.0032536254730075598,0.002152410103008151,0.004100000020116568
0.0033559578005224466,0.0021538769360631704,0.004114706069231033
0.0034576766192913055,0.0021152293775230646,0.004139473661780357
0.0034576694015413523,0.0021548473741859198,0.004141999874264002
0.003380488371476531,0.002154414774850011,0.00412631593644619
0.0034576705656945705,0.002104660263285041,0.00413846131414175
0.0034179468639194965,0.002154770540073514,0.004139473661780357
0.0034573771990835667,0.002071075839921832,0.0041333334520459175
0.0034073390997946262,0.0021547400392591953,0.00413846131414175
0.003508880967274308,0.002105310093611479,0.004149999935179949
0.0035089589655399323,0.0020552524365484715,0.004149999935179949
-0.0034598216880112886,0.002206366276368499,0.004149999935179949
-0.0034090171102434397,0.0022059096954762936,0.004149999935179949
-0.0033579024020582438,0.002219529589638114,0.004164285492151976
-0.003356646280735731,0.0021658865734934807,0.004161538556218147
-0.003357647219672799,0.002205049153417349,0.004161538556218147
-0.0032552615739405155,0.00225362298078835,0.00419999985024333
-0.003358677728101611,0.0022558183409273624,0.004170000087469816
-0.00044999999227002263,0.0022499999031424522,0.00419999985024333
-0.0003499999875202775,0.0022499999031424522,0.00419999985024333
0.0027500861324369907,0.002250068122521043,0.004174999892711639
0.002650025999173522,0.0022500210907310247,0.00419999985024333
0.0028502538334578276,0.002250195946544409,0.004124999977648258
0.002950656460598111,0.0022504939697682858,0.004100000020116568
0.003051488194614649,0.002251087687909603,0.004100000020116568
0.003152962075546384,0.00225210003554821,0.004100000020116568
0.0032552615739405155,0.00225362298078835,0.004100000020116568
0.0033579024020582438,0.002219529589638114,0.004135714378207922
0.0033569291699677706,0.002178231719881296,0.00412631593644619
0.003358677728101611,0.0022558183409273624,0.004129999782890081
0.003357647219672799,0.002205049153417349,0.00413846131414175
0.0034090171102434397,0.0022059096954762936,0.004149999935179949
0.0035064297262579203,0.0021539591252803802,0.004149999935179949
0.0034598216880112886,0.002206366276368499,0.004149999935179949
-0.0032810980919748545,0.0023552915081381798,0.004173683933913708
-0.0033082279842346907,0.0023558533284813166,0.004161538556218147
-0.003358775284141302,0.0023165782913565636,0.00416052620857954
-0.0033593096304684877,0.0023565576411783695,0.004157999996095896
-0.00335874455049634,0.002272570738568902,0.00416666641831398
-0.0033586248755455017,0.0023059118539094925,0.004161538556218147
-0.0033189915120601654,0.0023560086265206337,0.00416052620857954
-0.003256381954997778,0.002354568103328347,0.004185293801128864
-0.003153986996039748,0.0023529641330242157,0.00419999985024333
-0.002850479679182172,0.0023503864649683237,0.004174999892711639
-0.0029511374887079,0.0023508972954005003,0.00419999985024333
-0.0028502538334578276,0.002250195946544409,0.00419999985024333
-0.0027500861324369907,0.002250068122521043,0.00419999985024333
-0.002750176703557372,0.002350145485252142,0.004149999935179949
-0.002650025999173522,0.0022500210907310247,0.00419999985024333
-0.0026500581298023462,0.0023500490933656693,0.004149999935179949
-0.00255000707693398,0.0022500059567391872,0.00419999985024333
-0.0025500175543129444,0.002350015565752983,0.004174999892711639
-0.0024500051513314247,0.002350004855543375,0.00419999985024333
0.001550000044517219,0.0023499999660998583,0.004174999892711639
0.001449999981559813,0.0023499999660998583,0.00419999985024333
0.001550000044517219,0.0022499999031424522,0.00419999985024333
0.0016499999910593033,0.0022499999031424522,0.00419999985024333
0.0016499999910593033,0.0023499999660998583,0.004174999892711639
0.0017500000540167093,0.0023499999660998583,0.00419999985024333
0.002750176703557372,0.002350145485252142,0.00419999985024333
0.002850479679182172,0.0023503864649683237,0.004174999892711639
0.0029511374887079,0.0023508972954005003,0.004124999977648258
0.0030523070599883795,0.0023517757654190063,0.004100000020116568
0.003153986996039748,0.0023529641330242157,0.004100000020116568
0.003256381954997778,0.002354568103328347,0.004114706069231033
0.0033189915120601654,0.0023560086265206337,0.004139473661780357
0.0033593096304684877,0.0023565576411783695,0.004141999874264002
0.003358775284141302,0.0023165782913565636,0.004139473661780357
0.00335874455049634,0.002272570738568902,0.0041333334520459175
0.0033586248755455017,0.0023059118539094925,0.00413846131414175
0.0032810980919748545,0.0023552915081381798,0.00412631593644619
0.0033082279842346907,0.0023558533284813166,0.00413846131414175
0.0034083102364093065,0.0023055996280163527,0.004149999935179949
0.0034111321438103914,0.002257385291159153,0.004149999935179949
-0.0032054353505373,0.0024542517494410276,0.004161538556218147
-0.003256663680076599,0.0023784865625202656,0.004173683933913708
-0.0031791049987077713,0.002454273635521531,0.004173683933913708
-0.003256651107221842,0.002404825296252966,0.004161538556218147
-0.0032550166361033916,0.002453787252306938,0.004157999996095896
-0.003256317460909486,0.002415140625089407,0.00416052620857954
-0.003215881297364831,0.002454160712659359,0.00416052620857954
-0.003155151382088661,0.0024540803860872984,0.004185293801128864
-0.0030535694677382708,0.00245288317091763,0.00419999985024333
-0.0029518872033804655,0.002451546024531126,0.004174999892711639
-0.0028508417308330536,0.002450700616464019,0.004124999977648258
-0.0027503292076289654,0.00245028012432158,0.004100000020116568
-0.002650118200108409,0.0024501043371856213,0.004100000020116568
-0.00255004083737731,0.0024500382132828236,0.004124999977648258
-0.0024500139988958836,0.0024500139988958836,0.004149999935179949
-0.00235000136308372,0.00235000136308372,0.00419999985024333
-0.002350004855543375,0.0024500051513314247,0.004174999892711639
-0.002250001532956958,0.0024500018917024136,0.00419999985024333
0.001550000044517219,0.0024500000290572643,0.004174999892711639
0.001449999981559813,0.0024500000290572643,0.00419999985024333
0.0016499999910593033,0.0024500000290572643,0.004174999892711639
0.0017500000540167093,0.0024500000290572643,0.004174999892711639
0.0018500000005587935,0.0023499999660998583,0.00419999985024333
0.0018500000005587935,0.0024500000290572643,0.004174999892711639
0.0019500000635161996,0.0024500000290572643,0.00419999985024333
0.002350004855543375,0.0024500051513314247,0.004174999892711639
0.002250001532956958,0.0024500018917024136,0.00419999985024333
0.00235000136308372,0.00235000136308372,0.00419999985024333
0.0024500051513314247,0.002350004855543375,0.00419999985024333
0.0024500139988958836,0.0024500139988958836,0.004149999935179949
0.0025500175543129444,0.002350015565752983,0.00419999985024333
0.00255004083737731,0.0024500382132828236,0.004149999935179949
0.0026500581298023462,0.0023500490933656693,0.00419999985024333
0.002650118200108409,0.0024501043371856213,0.004174999892711639
0.0027503292076289654,0.00245028012432158,0.00419999985024333
0.0028508417308330536,0.002450700616464019,0.00419999985024333
0.0029518872033804655,0.002451546024531126,0.004174999892711639
0.0030535694677382708,0.00245288317091763,0.004124999977648258
0.003083533374592662,0.002453307621181011,0.004114706069231033
0.003155151382088661,0.0024540803860872984,0.004114706069231033
0.003215881297364831,0.002454160712659359,0.004139473661780357
0.003256317460909486,0.002415140625089407,0.004139473661780357
0.003256663680076599,0.0023784865625202656,0.00412631593644619
0.003256651107221842,0.002404825296252966,0.00413846131414175
0.0032550166361033916,0.002453787252306938,0.004141999874264002
0.0032054353505373,0.0024542517494410276,0.00413846131414175
0.0031791049987077713,0.002454273635521531,0.00412631593644619
0.00330876256339252,0.0024062807206064463,0.004149999935179949
0.0033718901686370373,0.0024191602133214474,0.004149999935179949
0.0034129363484680653,0.0023609038908034563,0.004149999935179949
-0.003068517195060849,0.00255578919313848,0.004161538556218147
-0.0031192812602967024,0.0025572192389518023,0.00416052620857954
-0.0031577376648783684,0.002516788197681308,0.00416052620857954
-0.003156241262331605,0.002478680806234479,0.004173683933913708
-0.0031571676954627037,0.002505778567865491,0.004161538556218147
-0.0031084457878023386,0.0025569822173565626,0.004161538556218147
-0.003056337358430028,0.002555262530222535,0.004164285492151976
-0.0031598403584212065,0.002558044856414199,0.004157999996095896
-0.0029523586854338646,0.002501958981156349,0.004149999935179949
-0.0029528301674872637,0.0025523717049509287,0.004124999977648258
-0.0030347241554409266,0.0025548029225319624,0.00416052620857954
-0.002972223563119769,0.0024518135469406843,0.004179999697953463
-0.0028512710705399513,0.002551086712628603,0.004100000020116568
-0.0027505261823534966,0.002550465054810047,0.004100000020116568
-0.0026502155233174562,0.0025502010248601437,0.004100000020116568
-0.002550090430304408,0.0025500906631350517,0.004100000020116568
-0.0024500382132828236,0.0025500410702079535,0.004100000020116568
-0.002350015565752983,0.002550017787143588,0.004149999935179949
-0.0022500059567391872,0.00255000707693398,0.00419999985024333
0.001550000044517219,0.0025500000920146704,0.00419999985024333
0.0016499999910593033,0.0025500000920146704,0.00419999985024333
0.0017500000540167093,0.0025500000920146704,0.004174999892711639
0.0018500001169741154,0.0025500000920146704,0.004174999892711639
0.0019500001799315214,0.002550000324845314,0.00419999985024333
0.0022500059567391872,0.00255000707693398,0.004174999892711639
0.0021500021684914827,0.0025500026531517506,0.00419999985024333
0.002350015565752983,0.002550017787143588,0.004124999977648258
0.0024500382132828236,0.0025500410702079535,0.004100000020116568
0.002550090430304408,0.0025500906631350517,0.004100000020116568
0.0026502155233174562,0.0025502010248601437,0.004124999977648258
0.0027505261823534966,0.002550465054810047,0.004174999892711639
0.0028512710705399513,0.002551086712628603,0.00419999985024333
0.0029528301674872637,0.0025523717049509287,0.00419999985024333
0.003055932465940714,0.0025338579434901476,0.00416052620857954
0.003002728335559368,0.0024522147141397,0.004149999935179949
0.003056337358430028,0.002555262530222535,0.004164285492151976
0.0030651965644210577,0.0025556953623890877,0.004158333409577608
0.0031192812602967024,0.0025572192389518023,0.004139473661780357
0.0031577376648783684,0.002516788197681308,0.004139473661780357
0.0031598403584212065,0.002558044856414199,0.004141999874264002
0.0031571676954627037,0.002505778567865491,0.00413846131414175
0.003156241262331605,0.002478680806234479,0.00412631593644619
0.003082516137510538,0.002556226681917906,0.004149999935179949
0.0031084457878023386,0.0025569822173565626,0.00413846131414175
0.003206835826858878,0.0025054430589079857,0.004149999935179949
0.0033042943105101585,0.002453143009915948,0.004149999935179949
0.00325495726428926,0.002503875410184264,0.004149999935179949
-0.0030568717047572136,0.002580727683380246,0.004149999935179949
-0.0030561743769794703,0.0026552043855190277,0.004129999782890081
-0.003056639339774847,0.002563854679465294,0.004158333409577608
-0.0029527924489229918,0.0026524008717387915,0.004100000020116568
-0.0029528227169066668,0.0025723774451762438,0.004120000172406435
-0.003057144582271576,0.0026059735100716352,0.00413846131414175
-0.0030568335205316544,0.002620011568069458,0.004135714378207922
-0.002851436147466302,0.002651279093697667,0.004100000020116568
-0.002750712912529707,0.0026506660506129265,0.004100000020116568
-0.002650371054187417,0.0026503715198487043,0.004100000020116568
-0.002550201490521431,0.002650216920301318,0.004100000020116568
-0.0024501043371856213,0.0026501186657696962,0.004100000020116568
-0.0023500490933656693,0.00265005836263299,0.004124999977648258
-0.0022500210907310247,0.002650025999173522,0.004174999892711639
-0.0021500082220882177,0.0026500108651816845,0.00419999985024333
-0.001850000349804759,0.00265000038780272,0.004174999892711639
-0.001950001111254096,0.0026500015519559383,0.00419999985024333
-0.0018500001169741154,0.0025500000920146704,0.00419999985024333
-0.0017500000540167093,0.0025500000920146704,0.00419999985024333
-0.0017500000540167093,0.0026500001549720764,0.004174999892711639
-0.0016499999910593033,0.0026500001549720764,0.00419999985024333
0.0017500000540167093,0.0026500001549720764,0.00419999985024333
0.001850000349804759,0.00265000038780272,0.00419999985024333
0.001950001111254096,0.0026500015519559383,0.004174999892711639
0.0020500007085502148,0.002550001023337245,0.00419999985024333
0.0020500030368566513,0.0026500041130930185,0.004174999892711639
0.0021500082220882177,0.0026500108651816845,0.004174999892711639
0.0022500210907310247,0.002650025999173522,0.004124999977648258
0.0023500490933656693,0.00265005836263299,0.004100000020116568
0.0024501043371856213,0.0026501186657696962,0.004100000020116568
0.002550201490521431,0.002650216920301318,0.004100000020116568
0.002650371054187417,0.0026503715198487043,0.004100000020116568
0.002750712912529707,0.0026506660506129265,0.004124999977648258
0.002851436147466302,0.002651279093697667,0.004174999892711639
0.0029527924489229918,0.0026524008717387915,0.00419999985024333
0.0030568335205316544,0.002620011568069458,0.004164285492151976
0.0030566686764359474,0.0025670866016298532,0.004161538556218147
0.003057144582271576,0.0026059735100716352,0.004161538556218147
0.0030561743769794703,0.0026552043855190277,0.004170000087469816
0.0031097230967134237,0.002608113456517458,0.004149999935179949
0.0032100665848702192,0.002558087930083275,0.004149999935179949
0.0031630138400942087,0.0026107816956937313,0.004149999935179949
-0.0029788713436573744,0.002751023042947054,0.004127777647227049
-0.0030522262677550316,0.0027123969048261642,0.004139473661780357
-0.0030500898137688637,0.0027500689029693604,0.004141999874264002
-0.0030551275704056025,0.0026709858793765306,0.0041333334520459175
-0.00305278692394495,0.0027023437432944775,0.00413846131414175
-0.0029513987246900797,0.0027513066306710243,0.004114706069231033
-0.0030008188914507627,0.0027507718186825514,0.00413846131414175
-0.00304139731451869,0.002750194864347577,0.004141176585108042
-0.002851399825885892,0.0027513455133885145,0.004100000020116568
-0.002750938292592764,0.0027509380597621202,0.004100000020116568
-0.0026506674475967884,0.002750716870650649,0.004100000020116568
-0.0025504659861326218,0.002750529209151864,0.004100000020116568
-0.0024502805899828672,0.002750330837443471,0.004100000020116568
-0.0023501457180827856,0.002750177402049303,0.004100000020116568
-0.002250067889690399,0.0027500861324369907,0.004149999935179949
-0.0021500294096767902,0.0027500391006469727,0.00419999985024333
-0.0018500015139579773,0.0027500023134052753,0.004174999892711639
-0.001950004487298429,0.002750006504356861,0.00419999985024333
-0.0017500005196779966,0.0027500009164214134,0.004174999892711639
-0.001650000223889947,0.0027500002179294825,0.00419999985024333
-0.001449999981559813,0.002749999985098839,0.004174999892711639
-0.001550000044517219,0.0027500002179294825,0.00419999985024333
-0.001449999981559813,0.0026499999221414328,0.00419999985024333
-0.0013500000350177288,0.0026499999221414328,0.00419999985024333
-0.0013500000350177288,0.002749999985098839,0.004174999892711639
-0.0012499999720603228,0.002749999985098839,0.00419999985024333
-4.999999873689376e-05,0.002749999985098839,0.004174999892711639
-0.0001500000071246177,0.002749999985098839,0.00419999985024333
-4.999999873689376e-05,0.0026499999221414328,0.00419999985024333
4.999999873689376e-05,0.0026499999221414328,0.00419999985024333
4.999999873689376e-05,0.002749999985098839,0.004174999892711639
0.0001500000071246177,0.002749999985098839,0.00419999985024333
0.001950004487298429,0.002750006504356861,0.004149999935179949
0.0018500015139579773,0.0027500023134052753,0.00419999985024333
0.00205001188442111,0.0027500165160745382,0.004149999935179949
0.0021500294096767902,0.0027500391006469727,0.004149999935179949
0.002250067889690399,0.0027500861324369907,0.004100000020116568
0.0023501457180827856,0.002750177402049303,0.004100000020116568
0.0024502805899828672,0.002750330837443471,0.004100000020116568
0.0025504659861326218,0.002750529209151864,0.004100000020116568
0.0026506674475967884,0.002750716870650649,0.004100000020116568
0.002750938292592764,0.0027509380597621202,0.004100000020116568
0.002851399825885892,0.0027513455133885145,0.004149999935179949
0.002896807622164488,0.0027512910310178995,0.0041772727854549885
0.0029513987246900797,0.0027513066306710243,0.004185293801128864
0.0028514142613857985,0.002711318898946047,0.0041600000113248825
0.0030008188914507627,0.0027507718186825514,0.004161538556218147
0.0030522262677550316,0.0027123969048261642,0.00416052620857954
0.00305278692394495,0.0027023437432944775,0.004161538556218147
0.0030551275704056025,0.0026709858793765306,0.00416666641831398
0.0029788713436573744,0.002751023042947054,0.004172222223132849
0.0030500898137688637,0.0027500689029693604,0.004157999996095896
0.00304139731451869,0.002750194864347577,0.004158823285251856
-0.0030568058136850595,0.0028067640960216522,0.004149999935179949
-0.0030013190116733313,0.00280125648714602,0.004149999935179949
-0.002876055659726262,0.0028523525688797235,0.00412631593644619
-0.0029523351695388556,0.0028434458654373884,0.004141176585108042
-0.0028521271888166666,0.0028521204367280006,0.004114706069231033
-0.0029515938367694616,0.0027792910113930702,0.004127777647227049
-0.0029524643905460835,0.0028523991350084543,0.004141999874264002
-0.0029517195653170347,0.0028016541618853807,0.00413846131414175
-0.0029130287002772093,0.0028524636290967464,0.004139473661780357
-0.0029025073163211346,0.002852475503459573,0.00413846131414175
-0.00275133503600955,0.0028513905126601458,0.004100000020116568
-0.0026512739714235067,0.0028514342848211527,0.004100000020116568
-0.0025510857813060284,0.00285127479583025,0.004100000020116568
-0.0024507015477865934,0.0028508452232927084,0.004100000020116568
-0.0023503873962908983,0.002850481541827321,0.004100000020116568
-0.0022501954808831215,0.0028502533677965403,0.004149999935179949
-0.0021500925067812204,0.002850125776603818,0.00419999985024333
-0.0018500062869861722,0.0028500098269432783,0.00419999985024333
-0.001750002265907824,0.0028500037733465433,0.00419999985024333
-0.0014500000979751348,0.0028500002808868885,0.004174999892711639
-0.0015500003937631845,0.002850000746548176,0.00419999985024333
-0.0013500000350177288,0.002850000048056245,0.004174999892711639
-0.0012499999720603228,0.002850000048056245,0.00419999985024333
-0.0009500000160187483,0.002850000048056245,0.004174999892711639
-0.0010499999625608325,0.002850000048056245,0.00419999985024333
-0.0009500000160187483,0.002749999985098839,0.00419999985024333
-0.0008500000112690032,0.002749999985098839,0.00419999985024333
-0.0008500000112690032,0.002850000048056245,0.004174999892711639
-0.000750000006519258,0.002850000048056245,0.00419999985024333
-4.999999873689376e-05,0.002850000048056245,0.004174999892711639
-0.0001500000071246177,0.002850000048056245,0.00419999985024333
4.999999873689376e-05,0.002850000048056245,0.004174999892711639
0.0001500000071246177,0.002850000048056245,0.00419999985024333
0.0019500167109072208,0.002850024728104472,0.004149999935179949
0.0018500062869861722,0.0028500098269432783,0.00419999985024333
0.0020500407554209232,0.0028500580228865147,0.004124999977648258
0.0021500925067812204,0.002850125776603818,0.004124999977648258
0.0022501954808831215,0.0028502533677965403,0.004100000020116568
0.0023503873962908983,0.002850481541827321,0.004100000020116568
0.0024507015477865934,0.0028508452232927084,0.004100000020116568
0.0025510857813060284,0.00285127479583025,0.004100000020116568
0.0026512739714235067,0.0028514342848211527,0.004100000020116568
0.00275133503600955,0.0028513905126601458,0.004100000020116568
0.0028522098436951637,0.0028522026259452105,0.004135714378207922
0.0028520184569060802,0.002823426155373454,0.004135714378207922
0.0029130287002772093,0.0028524636290967464,0.00416052620857954
0.0029524643905460835,0.0028523991350084543,0.004157999996095896
0.0029523351695388556,0.0028434458654373884,0.004158823285251856
0.0029517195653170347,0.0028016541618853807,0.004161538556218147
0.0029025073163211346,0.002852475503459573,0.004161538556218147
0.0029515938367694616,0.0027792910113930702,0.004172222223132849
0.0028773893136531115,0.002852369798347354,0.004149999935179949
0.0028606364503502846,0.0028522915672510862,0.0041416664607822895
-0.002959360834211111,0.002909306436777115,0.004149999935179949
-0.002902863547205925,0.002902848646044731,0.004149999935179949
-0.0028523621149361134,0.0028760493732988834,0.00412631593644619
-0.002852487377822399,0.002902502194046974,0.00413846131414175
-0.002751333639025688,0.0029514271300286055,0.004114706069231033
-0.002852475503459573,0.002913026139140129,0.004139473661780357
-0.0028524112422019243,0.0029524704441428185,0.004141999874264002
-0.0027793110348284245,0.002951615024358034,0.004127777647227049
-0.00280167069286108,0.002951737493276596,0.00413846131414175
-0.0028434586711227894,0.00295234308578074,0.004141176585108042
-0.0026524546556174755,0.002952871611341834,0.004100000020116568
-0.0025523833464831114,0.0029528543818742037,0.004100000020116568
-0.002451550681143999,0.0029518967494368553,0.004100000020116568
-0.0023508956655859947,0.0029511358588933945,0.004124999977648258
-0.0022504960652440786,0.002950659254565835,0.004149999935179949
-0.0021502559538930655,0.002950356574729085,0.004149999935179949
-0.0020500407554209232,0.0028500580228865147,0.00419999985024333
-0.0020501227118074894,0.002950178924947977,0.004149999935179949
-0.0019500167109072208,0.002850024728104472,0.00419999985024333
-0.0019500544294714928,0.0029500832315534353,0.004149999935179949
-0.0018500224687159061,0.0029500359669327736,0.004149999935179949
-0.00175000901799649,0.002950015477836132,0.004174999892711639
-0.0016500038327649236,0.0029500070959329605,0.00419999985024333
-0.0014500007964670658,0.002950001507997513,0.00419999985024333
-0.0013500002678483725,0.002950000809505582,0.00419999985024333
-0.0009500000160187483,0.002950000111013651,0.004174999892711639
-0.0010500000789761543,0.002950000111013651,0.00419999985024333
-0.0008500000112690032,0.002950000111013651,0.004174999892711639
-0.000750000006519258,0.002950000111013651,0.00419999985024333
-4.999999873689376e-05,0.002950000111013651,0.00419999985024333
4.999999873689376e-05,0.002950000111013651,0.00419999985024333
0.0019500544294714928,0.0029500832315534353,0.004149999935179949
0.0018500224687159061,0.0029500359669327736,0.00419999985024333
0.0020501227118074894,0.002950178924947977,0.004100000020116568
0.0021502559538930655,0.002950356574729085,0.004100000020116568
0.0022504960652440786,0.002950659254565835,0.004100000020116568
0.0023508956655859947,0.0029511358588933945,0.004100000020116568
0.002451550681143999,0.0029518967494368553,0.004100000020116568
0.0025523833464831114,0.0029528543818742037,0.004100000020116568
0.0026524546556174755,0.002952871611341834,0.004124999977648258
0.0027512903325259686,0.002951371716335416,0.004135714378207922
0.0027073470409959555,0.002952017355710268,0.004127777647227049
0.0028434586711227894,0.00295234308578074,0.004141176585108042
0.002852475503459573,0.002913026139140129,0.004139473661780357
0.0028524112422019243,0.0029524704441428185,0.004141999874264002
0.00280167069286108,0.002951737493276596,0.00413846131414175
0.0028523127548396587,0.002863848814740777,0.00413846131414175
0.002852487377822399,0.002902502194046974,0.00413846131414175
0.0027872957289218903,0.002951657632365823,0.004135714378207922
0.002902863547205925,0.002902848646044731,0.004149999935179949
-0.002858424559235573,0.003008541651070118,0.004149999935179949
-0.0028012688271701336,0.003001339500769973,0.004149999935179949
-0.0027501906733959913,0.0030413854401558638,0.004141176585108042
-0.0027510453946888447,0.002978894393891096,0.004127777647227049
-0.002712386194616556,0.0030522115994244814,0.004139473661780357
-0.0026709658559411764,0.0030551303643733263,0.0041333334520459175
-0.0026551822666078806,0.003056187182664871,0.004129999782890081
-0.002750793006271124,0.0030008405447006226,0.00413846131414175
-0.0027500593569129705,0.003050070721656084,0.004141999874264002
-0.0027023328002542257,0.0030527738854289055,0.00413846131414175
-0.002579325810074806,0.0030567951034754515,0.00412631593644619
-0.0025549782440066338,0.0030560160521417856,0.004114706069231033
-0.002619995968416333,0.003056847956031561,0.004135714378207922
-0.002605958841741085,0.003057158086448908,0.00413846131414175
-0.002483046380802989,0.00305445259436965,0.004114706069231033
-0.0024528794456273317,0.0030535669066011906,0.004124999977648258
-0.0023517669178545475,0.003052293788641691,0.004174999892711639
-0.0022510848939418793,0.003051484003663063,0.004149999935179949
-0.00215061753988266,0.0030508837662637234,0.004100000020116568
-0.002050323411822319,0.0030504842288792133,0.004100000020116568
-0.0019501566421240568,0.003050245577469468,0.004100000020116568
-0.0018500701989978552,0.0030501161236315966,0.004100000020116568
-0.0017500311369076371,0.003050055354833603,0.004124999977648258
-0.0016500146593898535,0.003050028346478939,0.004174999892711639
-0.0015500072622671723,0.003050015075132251,0.00419999985024333
-0.0009500000742264092,0.0030500004068017006,0.00419999985024333
-0.0008500000694766641,0.003050000173971057,0.00419999985024333
0.0019501566421240568,0.003050245577469468,0.004149999935179949
0.0018500701989978552,0.0030501161236315966,0.00419999985024333
0.002050323411822319,0.0030504842288792133,0.004100000020116568
0.00215061753988266,0.0030508837662637234,0.004100000020116568
0.0022510848939418793,0.003051484003663063,0.004100000020116568
0.0023517669178545475,0.003052293788641691,0.004100000020116568
0.0024528794456273317,0.0030535669066011906,0.004100000020116568
0.0025549782440066338,0.0030560160521417856,0.004114706069231033
0.0026552951894700527,0.0030563240870833397,0.004149999935179949
0.002579325810074806,0.0030567951034754515,0.00412631593644619
0.002605958841741085,0.003057158086448908,0.00413846131414175
0.002616309793666005,0.003056939225643873,0.004139473661780357
0.002712386194616556,0.0030522115994244814,0.00416052620857954
0.0027500593569129705,0.003050070721656084,0.004157999996095896
0.0027501906733959913,0.0030413854401558638,0.004158823285251856
0.0027023328002542257,0.0030527738854289055,0.004161538556218147
0.0027509110514074564,0.0029904432594776154,0.00416052620857954
0.002750793006271124,0.0030008405447006226,0.004161538556218147
0.002751025604084134,0.002976085525006056,0.004149999935179949
0.0028012688271701336,0.003001339500769973,0.004149999935179949
0.002858424559235573,0.003008541651070118,0.004149999935179949
0.002909368835389614,0.002959387144073844,0.004149999935179949
-0.0027544142212718725,0.003104077884927392,0.004149999935179949
-0.0027029842603951693,0.003103533759713173,0.004149999935179949
-0.002658262848854065,0.003109858836978674,0.004149999935179949
-0.002608097391203046,0.003109741024672985,0.004149999935179949
-0.002462916076183319,0.003155745565891266,0.004158333409577608
-0.002557240892201662,0.0031193196773529053,0.004139473661780357
-0.002556149149313569,0.0030811242759227753,0.00412631593644619
-0.0025580977089703083,0.003159899963065982,0.004141999874264002
-0.002480096882209182,0.003156354883685708,0.004149999935179949
-0.0025569957215338945,0.0031084781512618065,0.00413846131414175
-0.0025168517604470253,0.003157807979732752,0.004139473661780357
-0.0025058449245989323,0.003157240804284811,0.00413846131414175
-0.0024542342871427536,0.0031553306616842747,0.004164285492151976
-0.0024540305603295565,0.0031340052373707294,0.00416052620857954
-0.002352953189983964,0.0031539681367576122,0.00419999985024333
-0.0024023232981562614,0.003052930347621441,0.004149999935179949
-0.0022520949132740498,0.003152955789119005,0.004149999935179949
-0.0021513067185878754,0.003151922021061182,0.004100000020116568
-0.0020507462322711945,0.00315114832483232,0.004100000020116568
-0.001950395293533802,0.003150637960061431,0.004100000020116568
-0.0018501925515010953,0.0031503273639827967,0.004100000020116568
-0.0017500948160886765,0.003150173230096698,0.004100000020116568
-0.0016500503988936543,0.0031501001212745905,0.004124999977648258
-0.0015500271692872047,0.0031500577460974455,0.004174999892711639
-0.001450003357604146,0.003050007624551654,0.00419999985024333
-0.0014500136021524668,0.0031500307377427816,0.004174999892711639
-0.0013500015484169126,0.0030500036664307117,0.00419999985024333
-0.0013500064378604293,0.0031500153709203005,0.004149999935179949
-0.0012500006705522537,0.0030500018037855625,0.00419999985024333
-0.001250003115274012,0.003150008153170347,0.004174999892711639
-0.0011500016553327441,0.0031500046607106924,0.00419999985024333
0.001950395293533802,0.003150637960061431,0.004149999935179949
0.0018501925515010953,0.0031503273639827967,0.00419999985024333
0.0020507462322711945,0.00315114832483232,0.004100000020116568
0.0021513067185878754,0.003151922021061182,0.004100000020116568
0.0022520949132740498,0.003152955789119005,0.004100000020116568
0.002352953189983964,0.0031539681367576122,0.004124999977648258
0.0024092779494822025,0.00315479445271194,0.004127777647227049
0.0024542342871427536,0.0031553306616842747,0.004135714378207922
0.0025168517604470253,0.003157807979732752,0.004139473661780357
0.002557240892201662,0.0031193196773529053,0.004139473661780357
0.002556149149313569,0.0030811242759227753,0.00412631593644619
0.0025580977089703083,0.003159899963065982,0.004141999874264002
0.0025569957215338945,0.0031084781512618065,0.00413846131414175
0.0025058449245989323,0.003157240804284811,0.00413846131414175
0.002466215519234538,0.003155857091769576,0.00413846131414175
0.002608097391203046,0.003109741024672985,0.004149999935179949
-0.0025582057423889637,0.0032101827673614025,0.004149999935179949
-0.0025054283905774355,0.003206814406439662,0.004149999935179949
-0.002454298548400402,0.0031669647432863712,0.004161538556218147
-0.0024542040191590786,0.003205372951924801,0.004161538556218147
-0.002366370288655162,0.0032566781155765057,0.004161538556218147
-0.0024151543620973825,0.0032562927808612585,0.00416052620857954
-0.002453771885484457,0.003254983574151993,0.004157999996095896
-0.002454119734466076,0.003215825418010354,0.00416052620857954
-0.0024048469495028257,0.003256628755480051,0.004161538556218147
-0.0023547369055449963,0.003256571013480425,0.004164285492151976
-0.0023335295263677835,0.003256403375416994,0.00416052620857954
-0.0022527037654072046,0.00319387624040246,0.004139999859035015
-0.0022857142612338066,0.0031532931607216597,0.00416666641831398
-0.0022536171600222588,0.003255257150158286,0.004124999977648258
-0.0021524010226130486,0.0032536268699914217,0.004100000020116568
-0.0020515001378953457,0.003252377500757575,0.004100000020116568
-0.001950869569554925,0.003251446643844247,0.004100000020116568
-0.0018504607724025846,0.0032508056610822678,0.004100000020116568
-0.001750252558849752,0.0032504762057214975,0.004100000020116568
-0.001650152262300253,0.003250311827287078,0.004100000020116568
-0.0015500894514843822,0.0032501944806426764,0.004124999977648258
-0.0014500475954264402,0.003250108566135168,0.004124999977648258
-0.0013500239001587033,0.003250058041885495,0.004100000020116568
-0.0012500124284997582,0.0032500328961759806,0.004149999935179949
-0.0011500068940222263,0.0032500200904905796,0.00419999985024333
0.0013500239001587033,0.003250058041885495,0.004174999892711639
0.0012500124284997582,0.0032500328961759806,0.00419999985024333
0.0013500064378604293,0.0031500153709203005,0.00419999985024333
0.0014500136021524668,0.0031500307377427816,0.00419999985024333
0.0014500475954264402,0.003250108566135168,0.004174999892711639
0.0015500894514843822,0.0032501944806426764,0.00419999985024333
0.001950869569554925,0.003251446643844247,0.004174999892711639
0.0018504607724025846,0.0032508056610822678,0.00419999985024333
0.0020515001378953457,0.003252377500757575,0.004124999977648258
0.0021524010226130486,0.0032536268699914217,0.004100000020116568
0.0022536171600222588,0.003255257150158286,0.004100000020116568
0.0023547369055449963,0.003256571013480425,0.004135714378207922
0.00235400116071105,0.0032110463362187147,0.004127777647227049
0.002453771885484457,0.003254983574151993,0.004157999996095896
0.0024151543620973825,0.0032562927808612585,0.00416052620857954
0.0024048469495028257,0.003256628755480051,0.004161538556218147
0.0024542040191590786,0.003205372951924801,0.004161538556218147
0.002454119734466076,0.003215825418010354,0.00416052620857954
0.002379849087446928,0.003256677184253931,0.004149999935179949
0.002454276429489255,0.0031804207246750593,0.004149999935179949
0.00245430925861001,0.00316376774571836,0.0041416664607822895
0.0023631672374904156,0.003256686730310321,0.0041416664607822895
0.0025054283905774355,0.003206814406439662,0.004149999935179949
0.002610783325508237,0.003163023153319955,0.004149999935179949
0.0025582057423889637,0.0032101827673614025,0.004149999935179949
-0.0023560370318591595,0.0033189798705279827,0.004139473661780357
-0.0023553671780973673,0.0032824689988046885,0.004149999935179949
-0.0023550076875835657,0.003265285398811102,0.004158333409577608
-0.002355884527787566,0.0033082144800573587,0.00413846131414175
-0.002272547222673893,0.0033587419893592596,0.0041333334520459175
-0.0022557866759598255,0.0033586774952709675,0.004129999782890081
-0.002356575569137931,0.0033593052066862583,0.004141999874264002
-0.002305906033143401,0.003358617424964905,0.00413846131414175
-0.00225458643399179,0.003299641888588667,0.004121428355574608
-0.002316577360033989,0.003358768532052636,0.004139473661780357
-0.0021782061085104942,0.0033569340594112873,0.00412631593644619
-0.0022333739325404167,0.0032549311872571707,0.004120000172406435
-0.0022194995544850826,0.0033579047303646803,0.004135714378207922
-0.002153855748474598,0.0033559638541191816,0.004114706069231033
-0.002205019351094961,0.003357650712132454,0.00413846131414175
-0.002052644034847617,0.003354337764903903,0.004100000020116568
-0.0019516885513439775,0.0033528972417116165,0.004100000020116568
-0.0018509464571252465,0.0033516993280500174,0.004100000020116568
-0.0017505849245935678,0.0033511396031826735,0.004100000020116568
-0.001650406513363123,0.0033508564811199903,0.004100000020116568
-0.001550257089547813,0.003350569400936365,0.004100000020116568
-0.0014501430559903383,0.0033503316808491945,0.004100000020116568
-0.0013500762870535254,0.0033501889556646347,0.004100000020116568
-0.0012500426964834332,0.0033501156140118837,0.004124999977648258
-0.0011500251712277532,0.0033500753343105316,0.004149999935179949
-0.0010500040370970964,0.0032500128727406263,0.00419999985024333
-0.0010500155622139573,0.0033500513527542353,0.004174999892711639
-0.0009500099113211036,0.003350036684423685,0.00419999985024333
0.0012500426964834332,0.0033501156140118837,0.004174999892711639
0.0011500251712277532,0.0033500753343105316,0.00419999985024333
0.0013500762870535254,0.0033501889556646347,0.004124999977648258
0.0014501430559903383,0.0033503316808491945,0.004124999977648258
0.001550257089547813,0.003350569400936365,0.004174999892711639
0.001650406513363123,0.0033508564811199903,0.00419999985024333
0.0019516885513439775,0.0033528972417116165,0.00419999985024333
0.002052644034847617,0.003354337764903903,0.004149999935179949
0.0020987766329199076,0.0033552676904946566,0.004122727084904909
0.002153855748474598,0.0033559638541191816,0.004114706069231033
0.0020716802682727575,0.0032526273280382156,0.004120000172406435
0.0020518815144896507,0.0032863642554730177,0.0041333334520459175
0.0022194995544850826,0.0033579047303646803,0.004135714378207922
0.0021782061085104942,0.0033569340594112873,0.00412631593644619
0.0022557866759598255,0.0033586774952709675,0.004129999782890081
0.002205019351094961,0.003357650712132454,0.00413846131414175
0.0023560370318591595,0.0033189798705279827,0.004139473661780357
0.002356575569137931,0.0033593052066862583,0.004141999874264002
0.002305906033143401,0.003358617424964905,0.00413846131414175
0.002272547222673893,0.0033587419893592596,0.0041333334520459175
0.002316577360033989,0.003358768532052636,0.004139473661780357
0.0023550724145025015,0.00326858414337039,0.00413846131414175
0.002355884527787566,0.0033082144800573587,0.00413846131414175
0.0024063324090093374,0.0033087381161749363,0.004149999935179949
-0.0023608654737472534,0.0034129724372178316,0.004149999935179949
-0.002305585891008377,0.003408295102417469,0.004149999935179949
-0.0022573217283934355,0.0034111361019313335,0.004149999935179949
-0.002205872442573309,0.0034090231638401747,0.004149999935179949
-0.0021547158248722553,0.003407348645851016,0.00413846131414175
-0.0021547479555010796,0.0034179578069597483,0.004139473661780357
-0.0021543914917856455,0.0033804960548877716,0.00412631593644619
-0.0020710479002445936,0.0034574081655591726,0.0041333334520459175
-0.0021152079571038485,0.003457707352936268,0.004139473661780357
-0.0021046376787126064,0.0034577050246298313,0.00413846131414175
-0.002054188633337617,0.003457144368439913,0.004129999782890081
-0.0021548306103795767,0.0034576861653476954,0.004141999874264002
-0.001964936498552561,0.0034559844061732292,0.00413846131414175
-0.0019531636498868465,0.003455589758232236,0.004135714378207922
-0.0020182214211672544,0.003456821432337165,0.004135714378207922
-0.002003859728574753,0.003456737846136093,0.00413846131414175
-0.0019080888014286757,0.003454525489360094,0.004127777647227049
-0.001851600711233914,0.0034529410768300295,0.004124999977648258
-0.0019516884349286556,0.0033528972417116165,0.004100000020116568
-0.00175117002800107,0.00345236505381763,0.004100000020116568
-0.0016509571578353643,0.003452072385698557,0.004100000020116568
-0.0015506405616179109,0.0034514442086219788,0.004100000020116568
-0.001450367271900177,0.003450866090133786,0.004100000020116568
-0.0013502076035365462,0.0034505256917327642,0.004100000020116568
-0.0012501259334385395,0.0034503492061048746,0.004100000020116568
-0.0011500800028443336,0.0034502437338232994,0.004100000020116568
-0.0010500525822862983,0.003450177377089858,0.004124999977648258
-0.0009500354062765837,0.00345013290643692,0.004149999935179949
-0.0008500064141117036,0.0033500264398753643,0.00419999985024333
-0.0008500238764099777,0.0034500998444855213,0.004174999892711639
-0.0007500152569264174,0.0034500714391469955,0.00419999985024333
-0.00035000251955352724,0.0034500202164053917,0.004174999892711639
-0.0004500045906752348,0.0034500337205827236,0.00419999985024333
-0.00035000056959688663,0.003350004553794861,0.00419999985024333
-0.0002500002447050065,0.0033500026911497116,0.00419999985024333
-0.00025000105961225927,0.003450012067332864,0.004174999892711639
-0.00015000007988419384,0.0033500026911497116,0.00419999985024333
-0.0001500003709224984,0.0034500116016715765,0.004174999892711639
-5.00000205647666e-05,0.003350003156810999,0.00419999985024333
-5.000009696232155e-05,0.0034500136971473694,0.004174999892711639
5.000009696232155e-05,0.0034500136971473694,0.00419999985024333
0.0012501259334385395,0.0034503492061048746,0.004149999935179949
0.0011500800028443336,0.0034502437338232994,0.00419999985024333
0.0013502076035365462,0.0034505256917327642,0.004100000020116568
0.001450367271900177,0.003450866090133786,0.004100000020116568
0.0015506405616179109,0.0034514442086219788,0.004124999977648258
0.0016509571578353643,0.003452072385698557,0.004174999892711639
0.00175117002800107,0.00345236505381763,0.00419999985024333
0.0018516008276492357,0.0034529410768300295,0.00419999985024333
0.001952993217855692,0.0034552905708551407,0.004185293801128864
0.0020144472364336252,0.003456808626651764,0.00416052620857954
0.0019772073719650507,0.003456185571849346,0.004173683933913708
0.002003859728574753,0.003456737846136093,0.004161538556218147
0.0019516886677592993,0.0033528972417116165,0.00419999985024333
0.0020542636048048735,0.0034572784788906574,0.004149999935179949
0.0020189923234283924,0.0033538576681166887,0.00416666641831398
0.0021547479555010796,0.0034179578069597483,0.004139473661780357
0.0021548306103795767,0.0034576861653476954,0.004141999874264002
0.0021152079571038485,0.003457707352936268,0.004139473661780357
0.0021543914917856455,0.0033804960548877716,0.00412631593644619
0.0021547158248722553,0.003407348645851016,0.00413846131414175
0.0020542636048048735,0.0034572784788906574,0.004149999935179949
0.0021046376787126064,0.0034577050246298313,0.00413846131414175
0.002205872442573309,0.0034090231638401747,0.004149999935179949
0.0022573217283934355,0.0034111361019313335,0.004149999935179949
0.002305585891008377,0.003408295102417469,0.004149999935179949
0.0023608654737472534,0.0034129724372178316,0.004149999935179949
0.0024192442651838064,0.0033718468621373177,0.004149999935179949
-0.0021539591252803802,0.003506449982523918,0.004149999935179949
-0.0021052847150713205,0.003508936380967498,0.004149999935179949
-0.002055209130048752,0.0035089957527816296,0.004149999935179949
-0.0020050345920026302,0.003508886555209756,0.004149999935179949
-0.001954298233613372,0.0035181918647140265,0.00416052620857954
-0.001953419065102935,0.0034643823746591806,0.0041416664607822895
-0.0019537245389074087,0.003481606487184763,0.004149999935179949
-0.001954785780981183,0.0035585956647992134,0.004157999996095896
-0.0019541578367352486,0.0035073990002274513,0.004161538556218147
-0.0019138646312057972,0.0035560247488319874,0.00416052620857954
-0.001863742363639176,0.00355403870344162,0.004161538556218147
-0.001902951393276453,0.003555338829755783,0.004161538556218147
-0.0018519631121307611,0.003553632879629731,0.004164285492151976
-0.0018519017612561584,0.003532449249178171,0.00416052620857954
-0.0018309366423636675,0.0035537751391530037,0.00416052620857954
-0.0017520163673907518,0.003554239170625806,0.004124999977648258
-0.0018315145280212164,0.003452825825661421,0.004120000172406435
-0.0016520131612196565,0.0035544608253985643,0.004100000020116568
-0.0015513686230406165,0.0035531369503587484,0.004100000020116568
-0.001450795098207891,0.003551911097019911,0.004100000020116568
-0.0013504790840670466,0.003551243804395199,0.004100000020116568
-0.0012503189500421286,0.003550906665623188,0.004100000020116568
-0.0011502184206619859,0.003550680121406913,0.004100000020116568
-0.0010501533979550004,0.0035505290143191814,0.004100000020116568
-0.0009501092717982829,0.003550417022779584,0.004100000020116568
-0.0008500766125507653,0.0035503245890140533,0.004124999977648258
-0.0007500498904846609,0.003550236811861396,0.004149999935179949
-0.0006500096060335636,0.0034500528126955032,0.00419999985024333
-0.0006500323652289808,0.0035501818638294935,0.004149999935179949
-0.0005500067491084337,0.003450044197961688,0.00419999985024333
-0.0005500241531990469,0.0035501623060554266,0.004149999935179949
-0.0004500171635299921,0.003550127847120166,0.004149999935179949
-0.00035000930074602365,0.0035500749945640564,0.004124999977648258
-0.00025000382447615266,0.003550044260919094,0.004124999977648258
-0.00015000137500464916,0.003550043562427163,0.004124999977648258
-5.0000366172753274e-05,0.0035500519443303347,0.004124999977648258
5.0000366172753274e-05,0.0035500519443303347,0.004149999935179949
0.0001500003709224984,0.0034500116016715765,0.00419999985024333
0.00015000137500464916,0.003550043562427163,0.004149999935179949
0.00025000105961225927,0.003450012067332864,0.00419999985024333
0.00025000382447615266,0.003550044260919094,0.004174999892711639
0.0003500093298498541,0.0035500749945640564,0.00419999985024333
0.0006500324234366417,0.003550182096660137,0.004174999892711639
0.0005500241531990469,0.0035501623060554266,0.00419999985024333
0.0006500096060335636,0.0034500528126955032,0.00419999985024333
0.0007500152569264174,0.003450071206316352,0.00419999985024333
0.0007500498904846609,0.003550236811861396,0.004149999935179949
0.0008500238182023168,0.003450099378824234,0.00419999985024333
0.0008500764379277825,0.0035503238905221224,0.004174999892711639
0.0009501093300059438,0.0035504172556102276,0.00419999985024333
0.0012503189500421286,0.003550906665623188,0.004149999935179949
0.0011502185370773077,0.0035506803542375565,0.00419999985024333
0.0013504790840670466,0.003551243804395199,0.004100000020116568
0.001450795098207891,0.003551911097019911,0.004100000020116568
0.0015513686230406165,0.0035531369503587484,0.004100000020116568
0.0016520131612196565,0.0035544608253985643,0.004149999935179949
0.0017520163673907518,0.003554239170625806,0.00419999985024333
0.0017520164838060737,0.003554239170625806,0.00419999985024333
0.001851600711233914,0.0034529410768300295,0.00419999985024333
0.0018519350560382009,0.00355360540561378,0.004185293801128864
0.001954298233613372,0.0035181918647140265,0.00416052620857954
0.001953676575794816,0.0034802048467099667,0.004173683933913708
0.0019541578367352486,0.0035073990002274513,0.004161538556218147
0.0019138646312057972,0.0035560247488319874,0.00416052620857954
0.001954785780981183,0.0035585956647992134,0.004157999996095896
0.0018761216197162867,0.003554446389898658,0.004173683933913708
0.001902951393276453,0.003555338829755783,0.004161538556218147
0.0021052847150713205,0.003508936380967498,0.004149999935179949
0.0022063390351831913,0.0034598298370838165,0.004149999935179949
0.0021539591252803802,0.003506449982523918,0.004149999935179949
-0.0017533436184749007,0.003657311201095581,0.004149999935179949
-0.0018119021551683545,0.0036529034841805696,0.00416052620857954
-0.0018513647373765707,0.003613067325204611,0.00416052620857954
-0.0018507809145376086,0.0036515286192297935,0.004157999996095896
-0.0018518735887482762,0.0035649938508868217,0.004161538556218147
-0.0018515189876779914,0.0036028095055371523,0.004161538556218147
-0.0018015311798080802,0.003653262509033084,0.004161538556218147
-0.0016708268085494637,0.003659328678622842,0.0041333334520459175
-0.0017044133273884654,0.0036598099395632744,0.00413846131414175
-0.0017320157494395971,0.0035542834084481,0.004120000172406435
-0.0016539633506909013,0.00365892774425447,0.004129999782890081
-0.0017533436184749007,0.003657311201095581,0.004149999935179949
-0.001714695943519473,0.0036592413671314716,0.004139473661780357
-0.0015767075819894671,0.003656975459307432,0.00412631593644619
-0.0015525122871622443,0.0036558478605002165,0.004114706069231033
-0.0016178129008039832,0.003658040426671505,0.004135714378207922
-0.0016033878782764077,0.0036577656865119934,0.00413846131414175
-0.0016520130448043346,0.0035544608253985643,0.004100000020116568
-0.0014513898640871048,0.0036534115206450224,0.004100000020116568
-0.001451389747671783,0.0036534115206450224,0.004100000020116568
-0.0015513685066252947,0.0035531369503587484,0.004100000020116568
-0.0013509226264432073,0.0036524690221995115,0.004100000020116568
-0.0012506897328421474,0.003652011975646019,0.004100000020116568
-0.0011505063157528639,0.003651612438261509,0.004100000020116568
-0.0010503847151994705,0.00365135888569057,0.004100000020116568
-0.0009502893663011491,0.003651123261079192,0.004100000020116568
-0.0008502110722474754,0.003650908824056387,0.004100000020116568
-0.0007501387153752148,0.00365066877566278,0.004100000020116568
-0.0006500930176116526,0.0036505376920104027,0.004100000020116568
-0.0005500749102793634,0.003650518599897623,0.004100000020116568
-0.00045005546417087317,0.0036504205781966448,0.004100000020116568
-0.0003500293823890388,0.0036502366419881582,0.004100000020116568
-0.00025001156609505415,0.003650134429335594,0.004100000020116568
-0.00015000419807620347,0.0036501388531178236,0.004100000020116568
-5.000117016606964e-05,0.003650170750916004,0.004100000020116568
5.0001166528090835e-05,0.003650170750916004,0.004100000020116568
0.00015000419807620347,0.0036501388531178236,0.004100000020116568
0.00025001156609505415,0.003650134429335594,0.004149999935179949
0.0003500293823890388,0.003650236874818802,0.00419999985024333
0.0006500931340269744,0.0036505379248410463,0.004149999935179949
0.0005500749684870243,0.0036505188327282667,0.00419999985024333
0.0007501389482058585,0.0036506697069853544,0.004100000020116568
0.0008502118871547282,0.0036509123165160418,0.004149999935179949
0.0009502897155471146,0.003651124658063054,0.00419999985024333
0.0012506897328421474,0.003652011975646019,0.004174999892711639
0.0011505063157528639,0.003651612438261509,0.00419999985024333
0.0013509226264432073,0.0036524690221995115,0.004124999977648258
0.001451389747671783,0.0036534115206450224,0.004100000020116568
0.0014513898640871048,0.0036534115206450224,0.004100000020116568
0.0014507952146232128,0.003551911097019911,0.004100000020116568
0.0015525122871622443,0.0036558478605002165,0.004114706069231033
0.0016540534561499953,0.00365913356654346,0.004149999935179949
0.0015513687394559383,0.0035531369503587484,0.004100000020116568
0.0015767075819894671,0.003656975459307432,0.00412631593644619
0.0016033878782764077,0.0036577656865119934,0.00413846131414175
0.001614021835848689,0.0036579794250428677,0.004139473661780357
0.0017044133273884654,0.0036598099395632744,0.004161538556218147
0.00175201625097543,0.003554239170625806,0.00419999985024333
0.001718364073894918,0.003659028559923172,0.004164285492151976
0.0017532905330881476,0.00365718943066895,0.004170000087469816
0.0018015311798080802,0.003653262509033084,0.004161538556218147
0.0018507809145376086,0.0036515286192297935,0.004157999996095896
0.0018517592689022422,0.003576932940632105,0.004173683933913708
0.0018515189876779914,0.0036028095055371523,0.004161538556218147
0.0017694018315523863,0.003655951702967286,0.00416666641831398
0.0018513647373765707,0.003613067325204611,0.00416052620857954
0.0018119021551683545,0.0036529034841805696,0.00416052620857954
-0.0017061027465388179,0.003713587298989296,0.004149999935179949
-0.0016551752341911197,0.0037117023020982742,0.004149999935179949
-0.0016042274655774236,0.0037097709719091654,0.004149999935179949
-0.0015534390695393085,0.0037186089903116226,0.004139473661780357
-0.0015533630503341556,0.003707876428961754,0.00413846131414175
-0.001553025678731501,0.003680744208395481,0.00412631593644619
-0.0014687610091641545,0.0037552400026470423,0.0041333334520459175
-0.0014518294483423233,0.0037546376697719097,0.004129999782890081
-0.0015536913415417075,0.0037587822880595922,0.004141999874264002
-0.0015133436536416411,0.0037568514235317707,0.004139473661780357
-0.0015025833854451776,0.003756333841010928,0.00413846131414175
-0.0014513896312564611,0.0036534115206450224,0.004100000020116568
-0.001415969105437398,0.003754418808966875,0.004135714378207922
-0.0014016330242156982,0.003754353616386652,0.00413846131414175
-0.0013752860249951482,0.003754346165806055,0.00412631593644619
-0.0013515028404071927,0.0037541608326137066,0.004114706069231033
-0.0012512743705883622,0.003753811586648226,0.004100000020116568
-0.0013509225100278854,0.0036524690221995115,0.004100000020116568
-0.0012512742541730404,0.003753811586648226,0.004100000020116568
-0.0011509829200804234,0.003753197379410267,0.004100000020116568
-0.0010508210398256779,0.003752978751435876,0.004100000020116568
-0.0009506527567282319,0.0037525747902691364,0.004100000020116568
-0.0008504979778081179,0.003752185497432947,0.004100000020116568
-0.0007503218948841095,0.0037515771109610796,0.004100000020116568
-0.0006502215983346105,0.003751325886696577,0.004100000020116568
-0.0005502010462805629,0.003751438809558749,0.004100000020116568
-0.0004501553194131702,0.003751201555132866,0.004100000020116568
-0.000350076996255666,0.0037506157532334328,0.004100000020116568
-0.00025002771872095764,0.0037503268104046583,0.004100000020116568
-0.00015001035353634506,0.0037503736093640327,0.004100000020116568
-5.0003178330371156e-05,0.003750484436750412,0.004100000020116568
5.000317469239235e-05,0.003750484436750412,0.004100000020116568
0.00015001035353634506,0.0037503736093640327,0.004100000020116568
0.00025002771872095764,0.0037503268104046583,0.004149999935179949
0.0003500770253594965,0.0037506159860640764,0.00419999985024333
0.0006502216565422714,0.0037513261195272207,0.004149999935179949
0.0005502011044882238,0.00375143950805068,0.00419999985024333
0.0007503219530917704,0.003751577576622367,0.004100000020116568
0.0008504981524311006,0.0037521864287555218,0.004124999977648258
0.0009506528731435537,0.0037525752559304237,0.004174999892711639
0.0010508210398256779,0.0037529789842665195,0.00419999985024333
0.0012512742541730404,0.003753811586648226,0.00419999985024333
0.0012512743705883622,0.003753811586648226,0.00419999985024333
0.0013514519669115543,0.003732932498678565,0.00416052620857954
0.0013008061796426773,0.003652240615338087,0.004149999935179949
0.0013515566242858768,0.003754297038540244,0.004164285492151976
0.0013599295634776354,0.0037543741054832935,0.004158333409577608
0.001371016027405858,0.003652657615020871,0.004120000172406435
0.0014518294483423233,0.0037546376697719097,0.004129999782890081
0.0014016330242156982,0.003754353616386652,0.00413846131414175
0.0013766163028776646,0.003754379926249385,0.004149999935179949
0.001415969105437398,0.003754418808966875,0.004135714378207922
0.0015534390695393085,0.0037186089903116226,0.004139473661780357
0.0015536913415417075,0.0037587822880595922,0.004141999874264002
0.0015133436536416411,0.0037568514235317707,0.004139473661780357
0.0014687610091641545,0.0037552400026470423,0.0041333334520459175
0.0015025833854451776,0.003756333841010928,0.00413846131414175
0.0015533630503341556,0.003707876428961754,0.00413846131414175
0.001553025678731501,0.003680744208395481,0.00412631593644619
0.0016042274655774236,0.0037097709719091654,0.004149999935179949
-0.0015534866834059358,0.0038084322586655617,0.004149999935179949
-0.0015025179600343108,0.0038062818348407745,0.004149999935179949
-0.001451797434128821,0.0038046229165047407,0.004149999935179949
-0.0014019084628671408,0.0038051698356866837,0.004149999935179949
-0.0013522249646484852,0.003816757118329406,0.004139473661780357
-0.0013520721113309264,0.0038057768251746893,0.00413846131414175
-0.0012520921882241964,0.0038563802372664213,0.004129999782890081
-0.0012688325950875878,0.0038565085269510746,0.0041333334520459175
-0.001351814134977758,0.0037787158507853746,0.00412631593644619
-0.0013527862029150128,0.0038579031825065613,0.004141999874264002
-0.001302254619076848,0.0038565818686038256,0.00413846131414175
-0.0013128943974152207,0.0038568649906665087,0.004139473661780357
-0.001168393180705607,0.003855631686747074,0.0041333334520459175
-0.0012512741377577186,0.003753811586648226,0.004100000020116568
-0.0011515747755765915,0.0038552233017981052,0.004129999782890081
-0.0012162942439317703,0.003856296418234706,0.004135714378207922
-0.0012019897112622857,0.0038563082925975323,0.00413846131414175
-0.0010682221036404371,0.0038557308726012707,0.0041333334520459175
-0.0010515451431274414,0.003855781862512231,0.004129999782890081
-0.00111581536475569,0.0038553383201360703,0.004135714378207922
-0.0011509828036651015,0.003753197379410267,0.004100000020116568
-0.0011015236377716064,0.0038554242346435785,0.00413846131414175
-0.0009751254692673683,0.0038556139916181564,0.00412631593644619
-0.001050820923410356,0.003752978751435876,0.004100000020116568
-0.0010015432490035892,0.0038559427484869957,0.00413846131414175
-0.0009512745309621096,0.0038550610188394785,0.004114706069231033
-0.0010158196091651917,0.003855857765302062,0.004135714378207922
-0.0008509901817888021,0.0038544542621821165,0.004100000020116568
-0.0009506526403129101,0.0037525747902691364,0.004100000020116568
-0.0008509900653734803,0.0038544542621821165,0.004100000020116568
-0.0007505972171202302,0.003852972760796547,0.004100000020116568
-0.0006504224729724228,0.0038526456337422132,0.004100000020116568
-0.0005504688597284257,0.003853478003293276,0.004100000020116568
-0.00045037647942081094,0.0038529825396835804,0.004100000020116568
-0.0003501597966533154,0.0038512463215738535,0.004100000020116568
-0.000250048004090786,0.003850582055747509,0.004100000020116568
-0.00015002035070210695,0.003850840264931321,0.004100000020116568
-5.000760575057939e-05,0.0038511804305016994,0.004100000020116568
5.000760211260058e-05,0.0038511804305016994,0.004100000020116568
0.00015002033615019172,0.0038508400321006775,0.004100000020116568
0.0002500479749869555,0.0038505818229168653,0.004124999977648258
0.0003501598839648068,0.0038512470200657845,0.004174999892711639
0.0004503765667323023,0.0038529832381755114,0.00419999985024333
0.0006504225311800838,0.0038526460994035006,0.004149999935179949
0.0005504689761437476,0.003853479167446494,0.00419999985024333
0.0007505972171202302,0.0038529729936271906,0.004100000020116568
0.0008509901235811412,0.00385445449501276,0.004100000020116568
0.0008509902399964631,0.00385445449501276,0.004100000020116568
0.0009513322729617357,0.0038552619516849518,0.004135714378207922
0.0009512202814221382,0.0038337514270097017,0.004139473661780357
0.0009005755418911576,0.0037523808423429728,0.004149999935179949
0.0008505965233780444,0.003772640135139227,0.004120000172406435
0.0010158196091651917,0.003855857765302062,0.004164285492151976
0.001050820923410356,0.0037529789842665195,0.00419999985024333
0.0010015432490035892,0.0038559427484869957,0.004161538556218147
0.0010515451431274414,0.003855781862512231,0.004170000087469816
0.0009597294265404344,0.003855474293231964,0.0041416664607822895
0.0009764610440470278,0.0038556838408112526,0.004149999935179949
0.00111581536475569,0.0038553383201360703,0.004164285492151976
0.0011015236377716064,0.0038554242346435785,0.004161538556218147
0.0010682221036404371,0.0038557308726012707,0.00416666641831398
0.0011515747755765915,0.0038552233017981052,0.004170000087469816
0.0011509829200804234,0.0037531976122409105,0.00419999985024333
0.0012162942439317703,0.003856296418234706,0.004164285492151976
0.001168393180705607,0.003855631686747074,0.00416666641831398
0.0012019897112622857,0.0038563082925975323,0.004161538556218147
0.0012520921882241964,0.0038563802372664213,0.004170000087469816
0.0013522249646484852,0.003816757118329406,0.00416052620857954
0.0013128943974152207,0.0038568649906665087,0.00416052620857954
0.001302254619076848,0.0038565818686038256,0.004161538556218147
0.0013520721113309264,0.0038057768251746893,0.004161538556218147
0.0012688325950875878,0.0038565085269510746,0.00416666641831398
0.0013517007464542985,0.0037662407848984003,0.004161538556218147
0.0013527862029150128,0.0038579031825065613,0.004157999996095896
0.0014019084628671408,0.0038051698356866837,0.004149999935179949
0.001451797434128821,0.0038046229165047407,0.004149999935179949
0.0015025179600343108,0.0038062818348407745,0.004149999935179949
0.0016051974380388856,0.0037621823139488697,0.004149999935179949
0.0015534866834059358,0.0038084322586655617,0.004149999935179949
-0.0013638336677104235,0.003919427748769522,0.004149999935179949
-0.0013019698671996593,0.0039057976100593805,0.004149999935179949
-0.0012524004559963942,0.0039073871448636055,0.004149999935179949
-0.00120242137927562,0.003907738719135523,0.004149999935179949
-0.0011517147067934275,0.0039057170506566763,0.004149999935179949
-0.0011018062941730022,0.00390653358772397,0.004149999935179949
-0.0010521719232201576,0.003908233717083931,0.004149999935179949
-0.0010021333582699299,0.003908246289938688,0.004149999935179949
-0.0009515548008494079,0.003879811614751816,0.00412631593644619
-0.0008684110944159329,0.0039579723961651325,0.0041333334520459175
-0.0009520783205516636,0.003958330024033785,0.004141999874264002
-0.0009017765987664461,0.003957762848585844,0.00413846131414175
-0.0009517718572169542,0.003906985279172659,0.00413846131414175
-0.0008517037495039403,0.003957956563681364,0.004129999782890081
-0.0009518390288576484,0.003917803522199392,0.004139473661780357
-0.000912367831915617,0.003957889508455992,0.004139473661780357
-0.0007676906534470618,0.003955083899199963,0.0041333334520459175
-0.0008509899489581585,0.0038544542621821165,0.004100000020116568
-0.0008157661650329828,0.003957116976380348,0.004135714378207922
-0.0007508271955884993,0.003954167943447828,0.004129999782890081
-0.0008014047052711248,0.003956847358494997,0.00413846131414175
-0.0007505971007049084,0.003852972760796547,0.004100000020116568
-0.000700546836014837,0.003953132778406143,0.00413846131414175
-0.0006672596209682524,0.003953794948756695,0.0041333334520459175
-0.0006506089121103287,0.003954069688916206,0.004129999782890081
-0.0007149087614379823,0.003953409381210804,0.004135714378207922
-0.000650422356557101,0.0038526456337422132,0.004100000020116568
-0.0005676359287463129,0.003957310225814581,0.0041333334520459175
-0.0006008584168739617,0.003956233151257038,0.00413846131414175
-0.0005510040209628642,0.003957686014473438,0.004129999782890081
-0.0006150705157779157,0.003955598454922438,0.004135714378207922
-0.000474677566671744,0.003958053421229124,0.00412631593644619
-0.0005504687433131039,0.003853478003293276,0.004100000020116568
-0.00045083972509019077,0.003956870641559362,0.004114706069231033
-0.0005153281963430345,0.003958247136324644,0.004135714378207922
-0.0005010660970583558,0.003958532586693764,0.00413846131414175
-0.00035022402880713344,0.003951582126319408,0.004100000020116568
-0.00035022394149564207,0.003951582126319408,0.004100000020116568
-0.00045037639210931957,0.0038529825396835804,0.004100000020116568
-0.00025004081544466317,0.003950541839003563,0.004100000020116568
-0.00015003321459516883,0.0039515746757388115,0.004100000020116568
-5.001742465537973e-05,0.003952468279749155,0.004100000020116568
5.001741737942211e-05,0.003952468279749155,0.004100000020116568
0.0001500332000432536,0.003951574210077524,0.004100000020116568
0.00025004075723700225,0.003950541373342276,0.004100000020116568
0.00035022408701479435,0.003951583057641983,0.004149999935179949
0.00045037647942081094,0.0038529832381755114,0.00419999985024333
0.00039600831223651767,0.003954408690333366,0.0041772727854549885
0.0003501984174363315,0.003911448642611504,0.0041600000113248825
0.0004508398415055126,0.003956871572881937,0.004185293801128864
0.0005153283127583563,0.003958248533308506,0.004164285492151976
0.0004746776830870658,0.003958054352551699,0.004173683933913708
0.0005010662134736776,0.003958533983677626,0.004161538556218147
0.0005510042537935078,0.0039576878771185875,0.004170000087469816
0.0005504689179360867,0.003853479167446494,0.00419999985024333
0.0004503766249399632,0.0038529832381755114,0.00419999985024333
0.0006113312556408346,0.003955771680921316,0.00416052620857954
0.0005676361033692956,0.00395731208845973,0.00416666641831398
0.0006008584168739617,0.003956233616918325,0.004161538556218147
0.000650619447696954,0.0039541469886898994,0.004149999935179949
0.0006171046989038587,0.0038529238663613796,0.00416666641831398
0.0005504690925590694,0.003853479167446494,0.00419999985024333
0.0005504690343514085,0.003853479167446494,0.00419999985024333
0.0006838141125626862,0.0038527550641447306,0.0041333334520459175
0.0006506195059046149,0.0039541469886898994,0.004149999935179949
0.0007149087614379823,0.003953409381210804,0.004135714378207922
0.0007508272537961602,0.003954167943447828,0.004129999782890081
0.0006506195059046149,0.0039541469886898994,0.004149999935179949
0.000700546836014837,0.003953132778406143,0.00413846131414175
0.000750597333535552,0.0038529729936271906,0.004100000020116568
0.0008517037495039403,0.003957956563681364,0.004129999782890081
0.0008014047052711248,0.003956847358494997,0.00413846131414175
0.0007676906534470618,0.003955083899199963,0.0041333334520459175
0.0008157661650329828,0.003957116976380348,0.004135714378207922
0.0009518390288576484,0.003917803522199392,0.004139473661780357
0.0009520783205516636,0.003958330024033785,0.004141999874264002
0.000912367831915617,0.003957889508455992,0.004139473661780357
0.0008684111526235938,0.0039579723961651325,0.0041333334520459175
0.0009514607954770327,0.0038672920782119036,0.00413846131414175
0.0009517718572169542,0.003906985279172659,0.00413846131414175
0.0009017765987664461,0.003957762848585844,0.00413846131414175
0.0010021333582699299,0.003908246289938688,0.004149999935179949
-0.0009517184225842357,0.00400690920650959,0.004149999935179949
-0.0009017452248372138,0.0040077874436974525,0.004149999935179949
-0.0008521688869222999,0.0040103415958583355,0.004149999935179949
-0.0008017232757993042,0.004008588846772909,0.004149999935179949
-0.0007507536793127656,0.004003775306046009,0.004149999935179949
-0.000700423785019666,0.00400248309597373,0.004149999935179949
-0.0006507032085210085,0.004004764370620251,0.004149999935179949
-0.0006011452642269433,0.004008273594081402,0.004149999935179949
-0.0005514564109034836,0.004011135548353195,0.004149999935179949
-0.0005014888592995703,0.0040120212361216545,0.004149999935179949
-0.0004510940343607217,0.003982769325375557,0.00412631593644619
-0.00038611667696386576,0.0040528797544538975,0.004135714378207922
-0.0004424856451805681,0.00406125420704484,0.004141176585108042
-0.00045126929762773216,0.004010636825114489,0.00413846131414175
-0.00035000205389223993,0.004049091134220362,0.004129999782890081
-0.00040055852150544524,0.004054349847137928,0.00413846131414175
-0.00045146947377361357,0.004062728025019169,0.004141999874264002
-0.0004513146122917533,0.00402163015678525,0.004139473661780357
-0.0003502238541841507,0.003951582126319408,0.004100000020116568
-0.00024994160048663616,0.004049395211040974,0.004129999782890081
-0.00029987760353833437,0.004048129078000784,0.00413846131414175
-0.00033328987774439156,0.004048724193125963,0.0041333334520459175
-0.00028561108047142625,0.004048501141369343,0.004135714378207922
-0.0002500407281331718,0.003950541839003563,0.004100000020116568
-0.00015006163448560983,0.004052592907100916,0.004129999782890081
-0.00023329774558078498,0.0040499246679246426,0.0041333334520459175
-0.0002000163949560374,0.004051062744110823,0.00413846131414175
-0.00018574301793705672,0.004051482770591974,0.004135714378207922
-6.671837763860822e-05,0.004054337739944458,0.0041333334520459175
-0.00010006988304667175,0.004053880460560322,0.00413846131414175
-5.0041981012327597e-05,0.004054502584040165,0.004129999782890081
-0.00015003311273176223,0.0039515746757388115,0.004100000020116568
-0.00013339825090952218,0.004053038544952869,0.0041333334520459175
-5.0017326429951936e-05,0.003952468279749155,0.004100000020116568
5.0041981012327597e-05,0.004054502584040165,0.004129999782890081
-1.4297311281552538e-05,0.004054748918861151,0.004135714378207922
-7.030728538422182e-14,0.004054883029311895,0.00413846131414175
1.4297311281552538e-05,0.004054748918861151,0.004135714378207922
0.00013339825090952218,0.004053038544952869,0.0041333334520459175
5.0017515604849905e-05,0.003952468279749155,0.004100000020116568
0.00015006163448560983,0.004052592907100916,0.004129999782890081
0.00010006988304667175,0.004053880460560322,0.00413846131414175
6.671837763860822e-05,0.004054337739944458,0.0041333334520459175
0.00023329774558078498,0.0040499246679246426,0.0041333334520459175
0.0001500333019066602,0.003951574210077524,0.004100000020116568
0.00024994160048663616,0.004049395211040974,0.004129999782890081
0.00018574301793705672,0.004051482770591974,0.004135714378207922
0.0002000163949560374,0.004051062744110823,0.00413846131414175
0.000349994603311643,0.004049005918204784,0.004149999935179949
0.0002500408445484936,0.003950541373342276,0.004100000020116568
0.00029987760353833437,0.004048129078000784,0.00413846131414175
0.0003499946615193039,0.004049005918204784,0.004149999935179949
0.00028561108047142625,0.004048501141369343,0.004135714378207922
0.0004510941216722131,0.0039827702566981316,0.004173683933913708
0.00044248567428439856,0.00406125420704484,0.004158823285251856
0.00045146950287744403,0.004062728025019169,0.004157999996095896
0.0004005585506092757,0.004054349847137928,0.004161538556218147
0.00045131469960324466,0.004021630622446537,0.00416052620857954
0.00045126938493922353,0.004010637290775776,0.004161538556218147
0.00038991705514490604,0.004053265321999788,0.00416052620857954
0.000700423785019666,0.004002482630312443,0.004149999935179949
0.0007507536793127656,0.004003775306046009,0.004149999935179949
0.0008017232757993042,0.004008588846772909,0.004149999935179949
0.0008521688869222999,0.0040103415958583355,0.004149999935179949
0.0009017452248372138,0.0040077874436974525,0.004149999935179949
0.0010030699195340276,0.003961911424994469,0.004149999935179949
0.0009517184225842357,0.00400690920650959,0.004149999935179949
-0.00046185366227291524,0.00412416597828269,0.004149999935179949
-0.00040010325028561056,0.004100204445421696,0.004149999935179949
-0.0003496729477774352,0.004095697775483131,0.004149999935179949
-0.00029975242796353996,0.004096618853509426,0.004149999935179949
-0.0002499177644494921,0.004098955076187849,0.004149999935179949
-0.00020003924146294594,0.004101275932043791,0.004149999935179949
-0.00015009641356300563,0.004103195853531361,0.004149999935179949
-0.0001000976117211394,0.004104607738554478,0.004149999935179949
-5.0058781198458746e-05,0.004105450119823217,0.004149999935179949
-1.1278787487843146e-14,0.004105743952095509,0.004149999935179949
5.0058781198458746e-05,0.004105450119823217,0.004149999935179949
0.0001000976117211394,0.004104607738554478,0.004149999935179949
0.00015009641356300563,0.004103195853531361,0.004149999935179949
0.00020003924146294594,0.004101275932043791,0.004149999935179949
0.0002499177644494921,0.004098955076187849,0.004149999935179949
0.00029975242796353996,0.004096618853509426,0.004149999935179949
-0.0005504687433131039,-0.003853478003293276,0.00419999985024333
-0.0012512741377577186,-0.003753811586648226,0.00419999985024333
-0.0011509828036651015,-0.003753197379410267,0.00419999985024333
-0.0004501553194131702,-0.003751201555132866,0.00419999985024333
-0.0011505063157528639,-0.003651612438261509,0.00419999985024333
-0.00045005546417087317,-0.0036504205781966448,0.00419999985024333
-0.0011502184206619859,-0.003550680121406913,0.00419999985024333
-0.0004500171635299921,-0.003550127847120166,0.00419999985024333
-0.0011500800028443336,-0.0034502437338232994,0.00419999985024333
-0.0004500045906752348,-0.0034500337205827236,0.00419999985024333
-0.0019516883185133338,-0.0033528972417116165,0.00419999985024333
-0.0011500251712277532,-0.0033500753343105316,0.00419999985024333
-0.0005500016268342733,-0.003350010374560952,0.00419999985024333
-0.00045000106911174953,-0.003350007813423872,0.00419999985024333
-0.00035000056959688663,-0.003350004553794861,0.00419999985024333
0.0002500002447050065,-0.0033500026911497116,0.00419999985024333
0.00035000056959688663,-0.003350004553794861,0.00419999985024333
0.00045000106911174953,-0.003350007813423872,0.00419999985024333
0.0005500016268342733,-0.003350010374560952,0.00419999985024333
-0.0019508694531396031,-0.003251446411013603,0.00419999985024333
-0.0011500068940222263,-0.0032500200904905796,0.00419999985024333
-0.0010500040370970964,-0.0032500128727406263,0.00419999985024333
-0.0006500005256384611,-0.0032500028610229492,0.00419999985024333
-0.0005500003462657332,-0.0032500021625310183,0.00419999985024333
-0.0004500002251006663,-0.0032500014640390873,0.00419999985024333
-0.0003500001039355993,-0.0032500009983778,0.00419999985024333
-0.0002500000409781933,-0.0032500005327165127,0.00419999985024333
0.0002500000409781933,-0.0032500005327165127,0.00419999985024333
0.0003500001039355993,-0.0032500009983778,0.00419999985024333
0.0004500002251006663,-0.0032500014640390873,0.00419999985024333
0.0005500003462657332,-0.0032500021625310183,0.00419999985024333
0.0006500005256384611,-0.0032500028610229492,0.00419999985024333
0.0007500008796341717,-0.003250004258006811,0.00419999985024333
0.0008500015246681869,-0.0032500061206519604,0.00419999985024333
-0.001950394012965262,-0.003150635864585638,0.00419999985024333
-0.0018501931335777044,-0.0031503282953053713,0.00419999985024333
-0.001250003115274012,-0.003150008153170347,0.00419999985024333
-0.0011500016553327441,-0.0031500046607106924,0.00419999985024333
-0.0010500008938834071,-0.003150002798065543,0.00419999985024333
-0.0009500004816800356,-0.0031500018667429686,0.00419999985024333
-0.0008500003023073077,-0.0031500011682510376,0.00419999985024333
-0.0007500001811422408,-0.0031500007025897503,0.00419999985024333
-0.0006500001181848347,-0.0031500004697591066,0.00419999985024333
-0.0005500000552274287,-0.0031500004697591066,0.00419999985024333
-0.00045000005047768354,-0.003150000236928463,0.00419999985024333
-0.00035000001662410796,-0.003150000236928463,0.00419999985024333
-0.0002500000118743628,-0.0031500000040978193,0.00419999985024333
-0.0001500000071246177,-0.0031500000040978193,0.00419999985024333
0.0001500000071246177,-0.0031500000040978193,0.00419999985024333
0.0002500000118743628,-0.0031500000040978193,0.00419999985024333
0.00035000001662410796,-0.003150000236928463,0.00419999985024333
0.00045000005047768354,-0.003150000236928463,0.00419999985024333
0.0005500000552274287,-0.0031500004697591066,0.00419999985024333
0.0006500001181848347,-0.0031500004697591066,0.00419999985024333
0.0007500001811422408,-0.0031500007025897503,0.00419999985024333
0.0008500003023073077,-0.0031500011682510376,0.00419999985024333
0.0009500004816800356,-0.0031500018667429686,0.00419999985024333
0.0010500008938834071,-0.003150002798065543,0.00419999985024333
0.0011500016553327441,-0.0031500046607106924,0.00419999985024333
-0.001850070315413177,-0.0030501161236315966,0.00419999985024333
-0.0017500311369076371,-0.003050055354833603,0.00419999985024333
-0.0012500006705522537,-0.0030500018037855625,0.00419999985024333
-0.001150000374764204,-0.003050000872462988,0.00419999985024333
-0.0010500001953914762,-0.0030500006396323442,0.00419999985024333
-0.0009500000742264092,-0.0030500004068017006,0.00419999985024333
-0.0008500000694766641,-0.003050000173971057,0.00419999985024333
-0.000750000006519258,-0.003050000173971057,0.00419999985024333
-0.0006500000017695129,-0.003050000173971057,0.00419999985024333
-0.0005499999970197678,-0.003050000173971057,0.00419999985024333
-0.00044999999227002263,-0.0030499999411404133,0.00419999985024333
-0.00035000001662410796,-0.0030499999411404133,0.00419999985024333
-0.0002500000118743628,-0.0030499999411404133,0.00419999985024333
-0.0001500000071246177,-0.0030499999411404133,0.00419999985024333
-4.999999873689376e-05,-0.0030499999411404133,0.00419999985024333
4.999999873689376e-05,-0.0030499999411404133,0.00419999985024333
0.0001500000071246177,-0.0030499999411404133,0.00419999985024333
0.0002500000118743628,-0.0030499999411404133,0.00419999985024333
0.00035000001662410796,-0.0030499999411404133,0.00419999985024333
0.00044999999227002263,-0.0030499999411404133,0.00419999985024333
0.0005499999970197678,-0.003050000173971057,0.00419999985024333
0.0006500000017695129,-0.003050000173971057,0.00419999985024333
0.000750000006519258,-0.003050000173971057,0.00419999985024333
0.0008500000694766641,-0.003050000173971057,0.00419999985024333
0.0009500000742264092,-0.0030500004068017006,0.00419999985024333
0.0010500001953914762,-0.0030500006396323442,0.00419999985024333
0.001150000374764204,-0.003050000872462988,0.00419999985024333
0.0012500006705522537,-0.0030500018037855625,0.00419999985024333
-0.0018500224687159061,-0.0029500359669327736,0.00419999985024333
-0.00175000901799649,-0.002950015477836132,0.00419999985024333
-0.0016500038327649236,-0.0029500070959329605,0.00419999985024333
-0.0013500002678483725,-0.002950000809505582,0.00419999985024333
-0.0012500000884756446,-0.0029500003438442945,0.00419999985024333
-0.0011500000255182385,-0.002950000111013651,0.00419999985024333
-0.0010500000789761543,-0.002950000111013651,0.00419999985024333
-0.0009500000160187483,-0.002950000111013651,0.00419999985024333
-0.0008500000112690032,-0.002950000111013651,0.00419999985024333
-0.000750000006519258,-0.002950000111013651,0.00419999985024333
-0.0006500000017695129,-0.002950000111013651,0.00419999985024333
-0.0005499999970197678,-0.002950000111013651,0.00419999985024333
-0.00044999999227002263,-0.002950000111013651,0.00419999985024333
-0.0003499999875202775,-0.002950000111013651,0.00419999985024333
-0.0002500000118743628,-0.002950000111013651,0.00419999985024333
-0.0001500000071246177,-0.002950000111013651,0.00419999985024333
-4.999999873689376e-05,-0.002950000111013651,0.00419999985024333
4.999999873689376e-05,-0.002950000111013651,0.00419999985024333
0.0001500000071246177,-0.002950000111013651,0.00419999985024333
0.0002500000118743628,-0.002950000111013651,0.00419999985024333
0.0003499999875202775,-0.002950000111013651,0.00419999985024333
0.00044999999227002263,-0.002950000111013651,0.00419999985024333
0.0005499999970197678,-0.002950000111013651,0.00419999985024333
0.0006500000017695129,-0.002950000111013651,0.00419999985024333
0.000750000006519258,-0.002950000111013651,0.00419999985024333
0.0008500000112690032,-0.002950000111013651,0.00419999985024333
0.0009500000160187483,-0.002950000111013651,0.00419999985024333
0.0010500000789761543,-0.002950000111013651,0.00419999985024333
0.0011500000255182385,-0.002950000111013651,0.00419999985024333
0.0012500000884756446,-0.0029500003438442945,0.00419999985024333
0.0013500002678483725,-0.002950000809505582,0.00419999985024333
0.0014500007964670658,-0.002950001507997513,0.00419999985024333
-0.0018500062869861722,-0.0028500098269432783,0.00419999985024333
-0.001750002265907824,-0.0028500037733465433,0.00419999985024333
-0.001650000922381878,-0.0028500016778707504,0.00419999985024333
-0.0015500003937631845,-0.002850000746548176,0.00419999985024333
-0.0014500000979751348,-0.0028500002808868885,0.00419999985024333
-0.0013500000350177288,-0.002850000048056245,0.00419999985024333
-0.0012499999720603228,-0.002850000048056245,0.00419999985024333
-0.0011500000255182385,-0.002850000048056245,0.00419999985024333
-0.0010499999625608325,-0.002850000048056245,0.00419999985024333
-0.0009500000160187483,-0.002850000048056245,0.00419999985024333
-0.0008500000112690032,-0.002850000048056245,0.00419999985024333
-0.000750000006519258,-0.002850000048056245,0.00419999985024333
-0.0006500000017695129,-0.002850000048056245,0.00419999985024333
-0.0005499999970197678,-0.002850000048056245,0.00419999985024333
-0.00044999999227002263,-0.002850000048056245,0.00419999985024333
-0.0003499999875202775,-0.002850000048056245,0.00419999985024333
-0.0002500000118743628,-0.002850000048056245,0.00419999985024333
-0.0001500000071246177,-0.002850000048056245,0.00419999985024333
-4.999999873689376e-05,-0.002850000048056245,0.00419999985024333
4.999999873689376e-05,-0.002850000048056245,0.00419999985024333
0.0001500000071246177,-0.002850000048056245,0.00419999985024333
0.0002500000118743628,-0.002850000048056245,0.00419999985024333
0.0003499999875202775,-0.002850000048056245,0.00419999985024333
0.00044999999227002263,-0.002850000048056245,0.00419999985024333
0.0005499999970197678,-0.002850000048056245,0.00419999985024333
0.0006500000017695129,-0.002850000048056245,0.00419999985024333
0.000750000006519258,-0.002850000048056245,0.00419999985024333
0.0008500000112690032,-0.002850000048056245,0.00419999985024333
0.0009500000160187483,-0.002850000048056245,0.00419999985024333
0.0010499999625608325,-0.002850000048056245,0.00419999985024333
0.0015500003937631845,-0.002850000746548176,0.00419999985024333
-0.001950004487298429,-0.002750006504356861,0.00419999985024333
-0.0018500015139579773,-0.0027500023134052753,0.00419999985024333
-0.0017500005196779966,-0.0027500009164214134,0.00419999985024333
-0.001650000223889947,-0.0027500002179294825,0.00419999985024333
-0.001550000044517219,-0.0027500002179294825,0.00419999985024333
-0.001449999981559813,-0.002749999985098839,0.00419999985024333
-0.0013500000350177288,-0.002749999985098839,0.00419999985024333
-0.0012499999720603228,-0.002749999985098839,0.00419999985024333
-0.0011500000255182385,-0.002749999985098839,0.00419999985024333
-0.0010499999625608325,-0.002749999985098839,0.00419999985024333
-0.0009500000160187483,-0.002749999985098839,0.00419999985024333
-0.0008500000112690032,-0.002749999985098839,0.00419999985024333
-0.000750000006519258,-0.002749999985098839,0.00419999985024333
-0.0006500000017695129,-0.002749999985098839,0.00419999985024333
-0.0005499999970197678,-0.002749999985098839,0.00419999985024333
-0.00044999999227002263,-0.002749999985098839,0.00419999985024333
-0.0003499999875202775,-0.002749999985098839,0.00419999985024333
-0.0002500000118743628,-0.002749999985098839,0.00419999985024333
-0.0001500000071246177,-0.002749999985098839,0.00419999985024333
-4.999999873689376e-05,-0.002749999985098839,0.00419999985024333
4.999999873689376e-05,-0.002749999985098839,0.00419999985024333
0.0001500000071246177,-0.002749999985098839,0.00419999985024333
0.0002500000118743628,-0.002749999985098839,0.00419999985024333
0.0003499999875202775,-0.002749999985098839,0.00419999985024333
0.00044999999227002263,-0.002749999985098839,0.00419999985024333
0.0005499999970197678,-0.002749999985098839,0.00419999985024333
0.0006500000017695129,-0.002749999985098839,0.00419999985024333
0.000750000006519258,-0.002749999985098839,0.00419999985024333
0.0008500000112690032,-0.002749999985098839,0.00419999985024333
0.0009500000160187483,-0.002749999985098839,0.00419999985024333
0.001650000223889947,-0.0027500002179294825,0.00419999985024333
0.0017500005196779966,-0.0027500009164214134,0.00419999985024333
0.0018500015139579773,-0.0027500023134052753,0.00419999985024333
0.001950004487298429,-0.002750006504356861,0.00419999985024333
-0.001950001111254096,-0.0026500015519559383,0.00419999985024333
-0.001850000349804759,-0.00265000038780272,0.00419999985024333
-0.0017500000540167093,-0.0026500001549720764,0.00419999985024333
-0.0016499999910593033,-0.0026500001549720764,0.00419999985024333
-0.001550000044517219,-0.0026499999221414328,0.00419999985024333
-0.001449999981559813,-0.0026499999221414328,0.00419999985024333
-0.0013500000350177288,-0.0026499999221414328,0.00419999985024333
-0.0012499999720603228,-0.0026499999221414328,0.00419999985024333
-0.0011500000255182385,-0.0026499999221414328,0.00419999985024333
-0.0010499999625608325,-0.0026499999221414328,0.00419999985024333
-0.0009500000160187483,-0.0026499999221414328,0.00419999985024333
-0.0008500000112690032,-0.0026499999221414328,0.00419999985024333
-0.000750000006519258,-0.0026499999221414328,0.00419999985024333
-0.0006500000017695129,-0.0026499999221414328,0.00419999985024333
-0.0005499999970197678,-0.0026499999221414328,0.00419999985024333
-0.00044999999227002263,-0.0026499999221414328,0.00419999985024333
-0.0003499999875202775,-0.0026499999221414328,0.00419999985024333
-0.0002500000118743628,-0.0026499999221414328,0.00419999985024333
-0.0001500000071246177,-0.0026499999221414328,0.00419999985024333
-4.999999873689376e-05,-0.0026499999221414328,0.00419999985024333
4.999999873689376e-05,-0.0026499999221414328,0.00419999985024333
0.0001500000071246177,-0.0026499999221414328,0.00419999985024333
0.0002500000118743628,-0.0026499999221414328,0.00419999985024333
0.0003499999875202775,-0.0026499999221414328,0.00419999985024333
0.00044999999227002263,-0.0026499999221414328,0.00419999985024333
0.000750000006519258,-0.0026499999221414328,0.00419999985024333
0.0008500000112690032,-0.0026499999221414328,0.00419999985024333
0.0009500000160187483,-0.0026499999221414328,0.00419999985024333
0.0016499999910593033,-0.0026500001549720764,0.00419999985024333
0.0017500000540167093,-0.0026500001549720764,0.00419999985024333
0.001850000349804759,-0.00265000038780272,0.00419999985024333
0.001950001111254096,-0.0026500015519559383,0.00419999985024333
-0.0028512754943221807,-0.0025510897394269705,0.00419999985024333
-0.0020500007085502148,-0.002550001023337245,0.00419999985024333
-0.0019500001799315214,-0.002550000324845314,0.00419999985024333
-0.0018500001169741154,-0.0025500000920146704,0.00419999985024333
-0.0017500000540167093,-0.0025500000920146704,0.00419999985024333
-0.0016499999910593033,-0.0025500000920146704,0.00419999985024333
-0.001550000044517219,-0.0025500000920146704,0.00419999985024333
-0.0012499999720603228,-0.0025500000920146704,0.00419999985024333
-0.0011500000255182385,-0.0025500000920146704,0.00419999985024333
-0.0010499999625608325,-0.0025500000920146704,0.00419999985024333
-0.0009500000160187483,-0.0025500000920146704,0.00419999985024333
-0.0008500000112690032,-0.0025500000920146704,0.00419999985024333
-0.000750000006519258,-0.0025500000920146704,0.00419999985024333
-0.0006500000017695129,-0.0025500000920146704,0.00419999985024333
-0.0005499999970197678,-0.0025500000920146704,0.00419999985024333
-0.00044999999227002263,-0.0025500000920146704,0.00419999985024333
-0.0003499999875202775,-0.0025500000920146704,0.00419999985024333
-0.0002500000118743628,-0.0025500000920146704,0.00419999985024333
-0.0001500000071246177,-0.0025500000920146704,0.00419999985024333
0.0001500000071246177,-0.0025500000920146704,0.00419999985024333
0.0002500000118743628,-0.0025500000920146704,0.00419999985024333
0.0003499999875202775,-0.0025500000920146704,0.00419999985024333
0.0008500000112690032,-0.0025500000920146704,0.00419999985024333
0.0009500000160187483,-0.0025500000920146704,0.00419999985024333
0.0010499999625608325,-0.0025500000920146704,0.00419999985024333
0.001550000044517219,-0.0025500000920146704,0.00419999985024333
0.0016499999910593033,-0.0025500000920146704,0.00419999985024333
0.0017500000540167093,-0.0025500000920146704,0.00419999985024333
0.0018500001169741154,-0.0025500000920146704,0.00419999985024333
0.0019500001799315214,-0.002550000324845314,0.00419999985024333
0.0020500007085502148,-0.002550001023337245,0.00419999985024333
-0.0027503303717821836,-0.0024502810556441545,0.00419999985024333
-0.002150000538676977,-0.0024500004947185516,0.00419999985024333
-0.0020500002428889275,-0.002450000261887908,0.00419999985024333
-0.0019500000635161996,-0.0024500000290572643,0.00419999985024333
-0.0018500000005587935,-0.0024500000290572643,0.00419999985024333
-0.0017500000540167093,-0.0024500000290572643,0.00419999985024333
-0.0016499999910593033,-0.0024500000290572643,0.00419999985024333
-0.0011500000255182385,-0.0024500000290572643,0.00419999985024333
-0.0010499999625608325,-0.0024500000290572643,0.00419999985024333
-0.0009500000160187483,-0.0024500000290572643,0.00419999985024333
-0.0008500000112690032,-0.0024500000290572643,0.00419999985024333
-0.000750000006519258,-0.0024500000290572643,0.00419999985024333
-0.0006500000017695129,-0.0024500000290572643,0.00419999985024333
-0.0005499999970197678,-0.0024500000290572643,0.00419999985024333
-0.00044999999227002263,-0.0024500000290572643,0.00419999985024333
-0.0003499999875202775,-0.0024500000290572643,0.00419999985024333
-0.0002500000118743628,-0.0024500000290572643,0.00419999985024333
0.0002500000118743628,-0.0024500000290572643,0.00419999985024333
0.0003499999875202775,-0.0024500000290572643,0.00419999985024333
0.0008500000112690032,-0.0024500000290572643,0.00419999985024333
0.0009500000160187483,-0.0024500000290572643,0.00419999985024333
0.0010499999625608325,-0.0024500000290572643,0.00419999985024333
0.0011500000255182385,-0.0024500000290572643,0.00419999985024333
0.0016499999910593033,-0.0024500000290572643,0.00419999985024333
0.0017500000540167093,-0.0024500000290572643,0.00419999985024333
0.0018500000005587935,-0.0024500000290572643,0.00419999985024333
0.0019500000635161996,-0.0024500000290572643,0.00419999985024333
0.0020500002428889275,-0.002450000261887908,0.00419999985024333
0.002150000538676977,-0.0024500004947185516,0.00419999985024333
-0.002750176703557372,-0.002350145485252142,0.00419999985024333
-0.0022500003688037395,-0.0023500004317611456,0.00419999985024333
-0.00215000007301569,-0.002350000198930502,0.00419999985024333
-0.002050000010058284,-0.0023499999660998583,0.00419999985024333
-0.0019500000635161996,-0.0023499999660998583,0.00419999985024333
-0.0018500000005587935,-0.0023499999660998583,0.00419999985024333
-0.0017500000540167093,-0.0023499999660998583,0.00419999985024333
-0.0016499999910593033,-0.0023499999660998583,0.00419999985024333
-0.0011500000255182385,-0.0023499999660998583,0.00419999985024333
-0.0010499999625608325,-0.0023499999660998583,0.00419999985024333
-0.0009500000160187483,-0.0023499999660998583,0.00419999985024333
-0.0008500000112690032,-0.0023499999660998583,0.00419999985024333
-0.000750000006519258,-0.0023499999660998583,0.00419999985024333
-0.0006500000017695129,-0.0023499999660998583,0.00419999985024333
-0.0005499999970197678,-0.0023499999660998583,0.00419999985024333
-0.00044999999227002263,-0.0023499999660998583,0.00419999985024333
-0.0003499999875202775,-0.0023499999660998583,0.00419999985024333
-0.0002500000118743628,-0.0023499999660998583,0.00419999985024333
0.0002500000118743628,-0.0023499999660998583,0.00419999985024333
0.0003499999875202775,-0.0023499999660998583,0.00419999985024333
0.00044999999227002263,-0.0023499999660998583,0.00419999985024333
0.000750000006519258,-0.0023499999660998583,0.00419999985024333
0.0008500000112690032,-0.0023499999660998583,0.00419999985024333
0.0009500000160187483,-0.0023499999660998583,0.00419999985024333
0.0010499999625608325,-0.0023499999660998583,0.00419999985024333
0.0011500000255182385,-0.0023499999660998583,0.00419999985024333
0.0016499999910593033,-0.0023499999660998583,0.00419999985024333
0.0017500000540167093,-0.0023499999660998583,0.00419999985024333
0.0018500000005587935,-0.0023499999660998583,0.00419999985024333
0.0019500000635161996,-0.0023499999660998583,0.00419999985024333
0.002050000010058284,-0.0023499999660998583,0.00419999985024333
0.00215000007301569,-0.002350000198930502,0.00419999985024333
0.0022500003688037395,-0.0023500004317611456,0.00419999985024333
0.003052294719964266,-0.0023517655208706856,0.00419999985024333
-0.0027500856667757034,-0.0022500676568597555,0.00419999985024333
-0.002250000135973096,-0.002250000135973096,0.00419999985024333
-0.00215000007301569,-0.002250000135973096,0.00419999985024333
-0.002050000010058284,-0.0022499999031424522,0.00419999985024333
-0.0019499999471008778,-0.0022499999031424522,0.00419999985024333
-0.0018500000005587935,-0.0022499999031424522,0.00419999985024333
-0.0017500000540167093,-0.0022499999031424522,0.00419999985024333
-0.0016499999910593033,-0.0022499999031424522,0.00419999985024333
-0.001550000044517219,-0.0022499999031424522,0.00419999985024333
-0.0012499999720603228,-0.0022499999031424522,0.00419999985024333
-0.0011500000255182385,-0.0022499999031424522,0.00419999985024333
-0.0010499999625608325,-0.0022499999031424522,0.00419999985024333
-0.0009500000160187483,-0.0022499999031424522,0.00419999985024333
-0.0008500000112690032,-0.0022499999031424522,0.00419999985024333
-0.000750000006519258,-0.0022499999031424522,0.00419999985024333
-0.0006500000017695129,-0.0022499999031424522,0.00419999985024333
-0.0005499999970197678,-0.0022499999031424522,0.00419999985024333
-0.00044999999227002263,-0.0022499999031424522,0.00419999985024333
-0.0003499999875202775,-0.0022499999031424522,0.00419999985024333
-0.0002500000118743628,-0.0022499999031424522,0.00419999985024333
-0.0001500000071246177,-0.0022499999031424522,0.00419999985024333
0.0002500000118743628,-0.0022499999031424522,0.00419999985024333
0.0003499999875202775,-0.0022499999031424522,0.00419999985024333
0.0006500000017695129,-0.0022499999031424522,0.00419999985024333
0.000750000006519258,-0.0022499999031424522,0.00419999985024333
0.0008500000112690032,-0.0022499999031424522,0.00419999985024333
0.0009500000160187483,-0.0022499999031424522,0.00419999985024333
0.0010499999625608325,-0.0022499999031424522,0.00419999985024333
0.0011500000255182385,-0.0022499999031424522,0.00419999985024333
0.0012499999720603228,-0.0022499999031424522,0.00419999985024333
0.001550000044517219,-0.0022499999031424522,0.00419999985024333
0.0016499999910593033,-0.0022499999031424522,0.00419999985024333
0.0017500000540167093,-0.0022499999031424522,0.00419999985024333
0.0018500000005587935,-0.0022499999031424522,0.00419999985024333
0.0019499999471008778,-0.0022499999031424522,0.00419999985024333
0.002050000010058284,-0.0022499999031424522,0.00419999985024333
0.00215000007301569,-0.002250000135973096,0.00419999985024333
0.002250000135973096,-0.002250000135973096,0.00419999985024333
0.0023500004317611456,-0.0022500003688037395,0.00419999985024333
0.0029506594873964787,-0.0022504960652440786,0.00419999985024333
0.003051484702154994,-0.002251084428280592,0.00419999985024333
0.0031529576517641544,-0.002252094214782119,0.00419999985024333
-0.002750038867816329,-0.0021500294096767902,0.00419999985024333
-0.002650010632351041,-0.0021500082220882177,0.00419999985024333
-0.002350000198930502,-0.00215000007301569,0.00419999985024333
-0.002250000135973096,-0.00215000007301569,0.00419999985024333
-0.00215000007301569,-0.00215000007301569,0.00419999985024333
-0.002050000010058284,-0.00215000007301569,0.00419999985024333
-0.0019499999471008778,-0.00215000007301569,0.00419999985024333
-0.0018500000005587935,-0.00215000007301569,0.00419999985024333
-0.0017500000540167093,-0.00215000007301569,0.00419999985024333
-0.0016499999910593033,-0.00215000007301569,0.00419999985024333
-0.001550000044517219,-0.00215000007301569,0.00419999985024333
-0.0012499999720603228,-0.00215000007301569,0.00419999985024333
-0.0011500000255182385,-0.00215000007301569,0.00419999985024333
-0.0010499999625608325,-0.00215000007301569,0.00419999985024333
-0.0009500000160187483,-0.00215000007301569,0.00419999985024333
-0.0008500000112690032,-0.00215000007301569,0.00419999985024333
-0.000750000006519258,-0.00215000007301569,0.00419999985024333
-0.0006500000017695129,-0.00215000007301569,0.00419999985024333
-0.0005499999970197678,-0.00215000007301569,0.00419999985024333
-0.00044999999227002263,-0.00215000007301569,0.00419999985024333
-0.0003499999875202775,-0.00215000007301569,0.00419999985024333
-0.0002500000118743628,-0.00215000007301569,0.00419999985024333
-0.0001500000071246177,-0.00215000007301569,0.00419999985024333
0.000750000006519258,-0.00215000007301569,0.00419999985024333
0.0010499999625608325,-0.00215000007301569,0.00419999985024333
0.0011500000255182385,-0.00215000007301569,0.00419999985024333
0.0012499999720603228,-0.00215000007301569,0.00419999985024333
0.0013500000350177288,-0.00215000007301569,0.00419999985024333
0.001449999981559813,-0.00215000007301569,0.00419999985024333
0.001550000044517219,-0.00215000007301569,0.00419999985024333
0.0016499999910593033,-0.00215000007301569,0.00419999985024333
0.0017500000540167093,-0.00215000007301569,0.00419999985024333
0.0018500000005587935,-0.00215000007301569,0.00419999985024333
0.0019499999471008778,-0.00215000007301569,0.00419999985024333
0.002050000010058284,-0.00215000007301569,0.00419999985024333
0.00215000007301569,-0.00215000007301569,0.00419999985024333
0.002250000135973096,-0.00215000007301569,0.00419999985024333
0.002350000198930502,-0.00215000007301569,0.00419999985024333
0.0024500004947185516,-0.002150000538676977,0.00419999985024333
0.0027500391006469727,-0.0021500294096767902,0.00419999985024333
0.002850125776603818,-0.002150092739611864,0.00419999985024333
0.0029503568075597286,-0.002150256186723709,0.00419999985024333
0.0030508837662637234,-0.002150618238374591,0.00419999985024333
0.0031519217882305384,-0.0021513092797249556,0.00419999985024333
-0.0027500165160745382,-0.00205001188442111,0.00419999985024333
-0.0026500041130930185,-0.0020500030368566513,0.00419999985024333
-0.002550001023337245,-0.0020500007085502148,0.00419999985024333
-0.002450000261887908,-0.0020500002428889275,0.00419999985024333
-0.0023499999660998583,-0.002050000010058284,0.00419999985024333
-0.0022499999031424522,-0.002050000010058284,0.00419999985024333
-0.00215000007301569,-0.002050000010058284,0.00419999985024333
-0.0018500000005587935,-0.002050000010058284,0.00419999985024333
-0.0017500000540167093,-0.002050000010058284,0.00419999985024333
-0.0016499999910593033,-0.002050000010058284,0.00419999985024333
-0.0011500000255182385,-0.002050000010058284,0.00419999985024333
-0.0010499999625608325,-0.002050000010058284,0.00419999985024333
-0.0009500000160187483,-0.002050000010058284,0.00419999985024333
-0.0008500000112690032,-0.002050000010058284,0.00419999985024333
-0.000750000006519258,-0.002050000010058284,0.00419999985024333
-0.0006500000017695129,-0.002050000010058284,0.00419999985024333
-0.0003499999875202775,-0.002050000010058284,0.00419999985024333
-0.0002500000118743628,-0.002050000010058284,0.00419999985024333
-0.0001500000071246177,-0.002050000010058284,0.00419999985024333
0.0011500000255182385,-0.002050000010058284,0.00419999985024333
0.0012499999720603228,-0.002050000010058284,0.00419999985024333
0.0013500000350177288,-0.002050000010058284,0.00419999985024333
0.001449999981559813,-0.002050000010058284,0.00419999985024333
0.001550000044517219,-0.002050000010058284,0.00419999985024333
0.0016499999910593033,-0.002050000010058284,0.00419999985024333
0.0017500000540167093,-0.002050000010058284,0.00419999985024333
0.0018500000005587935,-0.002050000010058284,0.00419999985024333
0.0019499999471008778,-0.002050000010058284,0.00419999985024333
0.002050000010058284,-0.002050000010058284,0.00419999985024333
0.00215000007301569,-0.002050000010058284,0.00419999985024333
0.0022499999031424522,-0.002050000010058284,0.00419999985024333
0.0023499999660998583,-0.002050000010058284,0.00419999985024333
0.002450000261887908,-0.0020500002428889275,0.00419999985024333
0.002550001023337245,-0.0020500007085502148,0.00419999985024333
0.0026500041130930185,-0.0020500030368566513,0.00419999985024333
0.0027500165160745382,-0.00205001188442111,0.00419999985024333
0.0028500580228865147,-0.002050040988251567,0.00419999985024333
0.002950178924947977,-0.002050122944638133,0.00419999985024333
0.003050483763217926,-0.0020503243431448936,0.00419999985024333
0.003151147160679102,-0.002050749259069562,0.00419999985024333
-0.002750006504356861,-0.001950004487298429,0.00419999985024333
-0.0026500015519559383,-0.001950001111254096,0.00419999985024333
-0.002550000324845314,-0.0019500001799315214,0.00419999985024333
-0.0024500000290572643,-0.0019500000635161996,0.00419999985024333
-0.0023499999660998583,-0.0019500000635161996,0.00419999985024333
-0.0022499999031424522,-0.0019499999471008778,0.00419999985024333
-0.0017500000540167093,-0.0019499999471008778,0.00419999985024333
-0.0011500000255182385,-0.0019499999471008778,0.00419999985024333
-0.0010499999625608325,-0.0019499999471008778,0.00419999985024333
-0.0009500000160187483,-0.0019499999471008778,0.00419999985024333
-0.0008500000112690032,-0.0019499999471008778,0.00419999985024333
-0.000750000006519258,-0.0019499999471008778,0.00419999985024333
-0.0002500000118743628,-0.0019499999471008778,0.00419999985024333
-0.0001500000071246177,-0.0019499999471008778,0.00419999985024333
-4.999999873689376e-05,-0.0019499999471008778,0.00419999985024333
0.0002500000118743628,-0.0019499999471008778,0.00419999985024333
0.0003499999875202775,-0.0019499999471008778,0.00419999985024333
0.0006500000017695129,-0.0019499999471008778,0.00419999985024333
0.0011500000255182385,-0.0019499999471008778,0.00419999985024333
0.0012499999720603228,-0.0019499999471008778,0.00419999985024333
0.0013500000350177288,-0.0019499999471008778,0.00419999985024333
0.001449999981559813,-0.0019499999471008778,0.00419999985024333
0.001550000044517219,-0.0019499999471008778,0.00419999985024333
0.0016499999910593033,-0.0019499999471008778,0.00419999985024333
0.0017500000540167093,-0.0019499999471008778,0.00419999985024333
0.0018500000005587935,-0.0019499999471008778,0.00419999985024333
0.0019499999471008778,-0.0019499999471008778,0.00419999985024333
0.002050000010058284,-0.0019499999471008778,0.00419999985024333
0.00215000007301569,-0.0019499999471008778,0.00419999985024333
0.0022499999031424522,-0.0019499999471008778,0.00419999985024333
0.0023499999660998583,-0.0019500000635161996,0.00419999985024333
0.0024500000290572643,-0.0019500000635161996,0.00419999985024333
0.002550000324845314,-0.0019500001799315214,0.00419999985024333
0.0026500015519559383,-0.001950001111254096,0.00419999985024333
0.002750006504356861,-0.001950004487298429,0.00419999985024333
0.002850024728104472,-0.0019500167109072208,0.00419999985024333
0.0029500832315534353,-0.0019500546623021364,0.00419999985024333
0.0030502453446388245,-0.0019501573406159878,0.00419999985024333
0.003150636563077569,-0.0019503975054249167,0.00419999985024333
0.003251443151384592,-0.0019508755067363381,0.00419999985024333
-0.0027500023134052753,-0.0018500015139579773,0.00419999985024333
-0.0024500000290572643,-0.0018500000005587935,0.00419999985024333
-0.0023499999660998583,-0.0018500000005587935,0.00419999985024333
-0.0022499999031424522,-0.0018500000005587935,0.00419999985024333
-0.0012499999720603228,-0.0018500000005587935,0.00419999985024333
-0.0011500000255182385,-0.0018500000005587935,0.00419999985024333
-0.0010499999625608325,-0.0018500000005587935,0.00419999985024333
-0.0009500000160187483,-0.0018500000005587935,0.00419999985024333
-0.0008500000112690032,-0.0018500000005587935,0.00419999985024333
-0.000750000006519258,-0.0018500000005587935,0.00419999985024333
-0.0002500000118743628,-0.0018500000005587935,0.00419999985024333
-0.0001500000071246177,-0.0018500000005587935,0.00419999985024333
-4.999999873689376e-05,-0.0018500000005587935,0.00419999985024333
4.999999873689376e-05,-0.0018500000005587935,0.00419999985024333
0.0003499999875202775,-0.0018500000005587935,0.00419999985024333
0.00044999999227002263,-0.0018500000005587935,0.00419999985024333
0.0005499999970197678,-0.0018500000005587935,0.00419999985024333
0.0006500000017695129,-0.0018500000005587935,0.00419999985024333
0.000750000006519258,-0.0018500000005587935,0.00419999985024333
0.0010499999625608325,-0.0018500000005587935,0.00419999985024333
0.0013500000350177288,-0.0018500000005587935,0.00419999985024333
0.001449999981559813,-0.0018500000005587935,0.00419999985024333
0.001550000044517219,-0.0018500000005587935,0.00419999985024333
0.0016499999910593033,-0.0018500000005587935,0.00419999985024333
0.0017500000540167093,-0.0018500000005587935,0.00419999985024333
0.0018500000005587935,-0.0018500000005587935,0.00419999985024333
0.0019499999471008778,-0.0018500000005587935,0.00419999985024333
0.002050000010058284,-0.0018500000005587935,0.00419999985024333
0.00215000007301569,-0.0018500000005587935,0.00419999985024333
0.0022499999031424522,-0.0018500000005587935,0.00419999985024333
0.0023499999660998583,-0.0018500000005587935,0.00419999985024333
0.0024500000290572643,-0.0018500000005587935,0.00419999985024333
0.0025500000920146704,-0.0018500001169741154,0.00419999985024333
0.00265000038780272,-0.001850000349804759,0.00419999985024333
0.0027500023134052753,-0.0018500015139579773,0.00419999985024333
0.0028500098269432783,-0.0018500062869861722,0.00419999985024333
0.0029500359669327736,-0.001850022585131228,0.00419999985024333
0.0030501156579703093,-0.0018500706646591425,0.00419999985024333
-0.0028500037733465433,-0.001750002265907824,0.00419999985024333
-0.0023499999660998583,-0.0017500000540167093,0.00419999985024333
-0.0022499999031424522,-0.0017500000540167093,0.00419999985024333
-0.0013500000350177288,-0.0017500000540167093,0.00419999985024333
-0.0012499999720603228,-0.0017500000540167093,0.00419999985024333
-0.0011500000255182385,-0.0017500000540167093,0.00419999985024333
-0.0010499999625608325,-0.0017500000540167093,0.00419999985024333
-0.0009500000160187483,-0.0017500000540167093,0.00419999985024333
-0.0008500000112690032,-0.0017500000540167093,0.00419999985024333
-0.000750000006519258,-0.0017500000540167093,0.00419999985024333
-0.0006500000017695129,-0.0017500000540167093,0.00419999985024333
-0.0001500000071246177,-0.0017500000540167093,0.00419999985024333
-4.999999873689376e-05,-0.0017500000540167093,0.00419999985024333
0.00044999999227002263,-0.0017500000540167093,0.00419999985024333
0.0005499999970197678,-0.0017500000540167093,0.00419999985024333
0.0006500000017695129,-0.0017500000540167093,0.00419999985024333
0.000750000006519258,-0.0017500000540167093,0.00419999985024333
0.0008500000112690032,-0.0017500000540167093,0.00419999985024333
0.0009500000160187483,-0.0017500000540167093,0.00419999985024333
0.001449999981559813,-0.0017500000540167093,0.00419999985024333
0.001550000044517219,-0.0017500000540167093,0.00419999985024333
0.0016499999910593033,-0.0017500000540167093,0.00419999985024333
0.0017500000540167093,-0.0017500000540167093,0.00419999985024333
0.0018500000005587935,-0.0017500000540167093,0.00419999985024333
0.0019499999471008778,-0.0017500000540167093,0.00419999985024333
0.002050000010058284,-0.0017500000540167093,0.00419999985024333
0.00215000007301569,-0.0017500000540167093,0.00419999985024333
0.0022499999031424522,-0.0017500000540167093,0.00419999985024333
0.0023499999660998583,-0.0017500000540167093,0.00419999985024333
0.0024500000290572643,-0.0017500000540167093,0.00419999985024333
0.0025500000920146704,-0.0017500000540167093,0.00419999985024333
0.0026500001549720764,-0.0017500000540167093,0.00419999985024333
0.0027500009164214134,-0.0017500005196779966,0.00419999985024333
0.0028500037733465433,-0.001750002265907824,0.00419999985024333
-0.0035542191471904516,-0.0017520333640277386,0.00419999985024333
-0.003452063538134098,-0.0016509663546457887,0.00419999985024333
-0.0033508529886603355,-0.0016504102386534214,0.00419999985024333
-0.0029500070959329605,-0.0016500038327649236,0.00419999985024333
-0.0028500016778707504,-0.001650000922381878,0.00419999985024333
-0.0023499999660998583,-0.0016499999910593033,0.00419999985024333
-0.0022499999031424522,-0.0016499999910593033,0.00419999985024333
-0.00215000007301569,-0.0016499999910593033,0.00419999985024333
-0.0018500000005587935,-0.0016499999910593033,0.00419999985024333
-0.0017500000540167093,-0.0016499999910593033,0.00419999985024333
-0.0013500000350177288,-0.0016499999910593033,0.00419999985024333
-0.0012499999720603228,-0.0016499999910593033,0.00419999985024333
-0.0011500000255182385,-0.0016499999910593033,0.00419999985024333
-0.0010499999625608325,-0.0016499999910593033,0.00419999985024333
-0.0009500000160187483,-0.0016499999910593033,0.00419999985024333
-0.0008500000112690032,-0.0016499999910593033,0.00419999985024333
-0.000750000006519258,-0.0016499999910593033,0.00419999985024333
-0.0006500000017695129,-0.0016499999910593033,0.00419999985024333
-0.0001500000071246177,-0.0016499999910593033,0.00419999985024333
-4.999999873689376e-05,-0.0016499999910593033,0.00419999985024333
0.00044999999227002263,-0.0016499999910593033,0.00419999985024333
0.0005499999970197678,-0.0016499999910593033,0.00419999985024333
0.0006500000017695129,-0.0016499999910593033,0.00419999985024333
0.000750000006519258,-0.0016499999910593033,0.00419999985024333
0.0008500000112690032,-0.0016499999910593033,0.00419999985024333
0.0009500000160187483,-0.0016499999910593033,0.00419999985024333
0.001449999981559813,-0.0016499999910593033,0.00419999985024333
0.001550000044517219,-0.0016499999910593033,0.00419999985024333
0.0016499999910593033,-0.0016499999910593033,0.00419999985024333
0.0017500000540167093,-0.0016499999910593033,0.00419999985024333
0.0018500000005587935,-0.0016499999910593033,0.00419999985024333
0.0019499999471008778,-0.0016499999910593033,0.00419999985024333
0.002050000010058284,-0.0016499999910593033,0.00419999985024333
0.00215000007301569,-0.0016499999910593033,0.00419999985024333
0.0022499999031424522,-0.0016499999910593033,0.00419999985024333
0.0023499999660998583,-0.0016499999910593033,0.00419999985024333
0.0024500000290572643,-0.0016499999910593033,0.00419999985024333
0.0025500000920146704,-0.0016499999910593033,0.00419999985024333
0.0026500001549720764,-0.0016499999910593033,0.00419999985024333
0.0027500002179294825,-0.001650000223889947,0.00419999985024333
-0.0035544426646083593,-0.0016520342323929071,0.00419999985024333
-0.0034514397848397493,-0.0015506467316299677,0.00419999985024333
-0.003350567538291216,-0.0015502595342695713,0.00419999985024333
-0.0032501937821507454,-0.001550090266391635,0.00419999985024333
-0.003150057513266802,-0.0015500274021178484,0.00419999985024333
-0.003050015075132251,-0.0015500072622671723,0.00419999985024333
-0.002950003370642662,-0.0015500016743317246,0.00419999985024333
-0.002850000746548176,-0.0015500003937631845,0.00419999985024333
-0.0027500002179294825,-0.001550000044517219,0.00419999985024333
-0.0024500000290572643,-0.001550000044517219,0.00419999985024333
-0.0023499999660998583,-0.001550000044517219,0.00419999985024333
-0.0022499999031424522,-0.001550000044517219,0.00419999985024333
-0.00215000007301569,-0.001550000044517219,0.00419999985024333
-0.002050000010058284,-0.001550000044517219,0.00419999985024333
-0.0019499999471008778,-0.001550000044517219,0.00419999985024333
-0.0018500000005587935,-0.001550000044517219,0.00419999985024333
-0.0017500000540167093,-0.001550000044517219,0.00419999985024333
-0.0012499999720603228,-0.001550000044517219,0.00419999985024333
-0.0011500000255182385,-0.001550000044517219,0.00419999985024333
-0.0010499999625608325,-0.001550000044517219,0.00419999985024333
-0.0009500000160187483,-0.001550000044517219,0.00419999985024333
-0.0008500000112690032,-0.001550000044517219,0.00419999985024333
-0.000750000006519258,-0.001550000044517219,0.00419999985024333
-0.0006500000017695129,-0.001550000044517219,0.00419999985024333
-0.0005499999970197678,-0.001550000044517219,0.00419999985024333
-0.0002500000118743628,-0.001550000044517219,0.00419999985024333
-0.0001500000071246177,-0.001550000044517219,0.00419999985024333
-4.999999873689376e-05,-0.001550000044517219,0.00419999985024333
4.999999873689376e-05,-0.001550000044517219,0.00419999985024333
0.0003499999875202775,-0.001550000044517219,0.00419999985024333
0.00044999999227002263,-0.001550000044517219,0.00419999985024333
0.0005499999970197678,-0.001550000044517219,0.00419999985024333
0.0006500000017695129,-0.001550000044517219,0.00419999985024333
0.000750000006519258,-0.001550000044517219,0.00419999985024333
0.0008500000112690032,-0.001550000044517219,0.00419999985024333
0.0009500000160187483,-0.001550000044517219,0.00419999985024333
0.0010499999625608325,-0.001550000044517219,0.00419999985024333
0.0013500000350177288,-0.001550000044517219,0.00419999985024333
0.001449999981559813,-0.001550000044517219,0.00419999985024333
0.001550000044517219,-0.001550000044517219,0.00419999985024333
0.0016499999910593033,-0.001550000044517219,0.00419999985024333
0.0017500000540167093,-0.001550000044517219,0.00419999985024333
0.0018500000005587935,-0.001550000044517219,0.00419999985024333
0.0019499999471008778,-0.001550000044517219,0.00419999985024333
0.002050000010058284,-0.001550000044517219,0.00419999985024333
0.00215000007301569,-0.001550000044517219,0.00419999985024333
0.0022499999031424522,-0.001550000044517219,0.00419999985024333
0.0023499999660998583,-0.001550000044517219,0.00419999985024333
-0.0035519099328666925,-0.0014507992891594768,0.00419999985024333
-0.0035531288012862206,-0.001551382360048592,0.00419999985024333
-0.003450864925980568,-0.0014503696002066135,0.00419999985024333
-0.0033503309823572636,-0.001450143987312913,0.00419999985024333
-0.0032501081004738808,-0.0014500479446724057,0.00419999985024333
-0.003150030504912138,-0.0014500137185677886,0.00419999985024333
-0.00305000739172101,-0.0014500034740194678,0.00419999985024333
-0.002950001507997513,-0.0014500007964670658,0.00419999985024333
-0.0028500002808868885,-0.0014500000979751348,0.00419999985024333
-0.002749999985098839,-0.001449999981559813,0.00419999985024333
-0.0026499999221414328,-0.001449999981559813,0.00419999985024333
-0.0025500000920146704,-0.001449999981559813,0.00419999985024333
-0.0024500000290572643,-0.001449999981559813,0.00419999985024333
-0.0023499999660998583,-0.001449999981559813,0.00419999985024333
-0.0022499999031424522,-0.001449999981559813,0.00419999985024333
-0.00215000007301569,-0.001449999981559813,0.00419999985024333
-0.002050000010058284,-0.001449999981559813,0.00419999985024333
-0.0019499999471008778,-0.001449999981559813,0.00419999985024333
-0.0018500000005587935,-0.001449999981559813,0.00419999985024333
-0.0017500000540167093,-0.001449999981559813,0.00419999985024333
-0.0012499999720603228,-0.001449999981559813,0.00419999985024333
-0.0011500000255182385,-0.001449999981559813,0.00419999985024333
-0.0010499999625608325,-0.001449999981559813,0.00419999985024333
-0.0009500000160187483,-0.001449999981559813,0.00419999985024333
-0.0008500000112690032,-0.001449999981559813,0.00419999985024333
-0.000750000006519258,-0.001449999981559813,0.00419999985024333
-0.0006500000017695129,-0.001449999981559813,0.00419999985024333
-0.0005499999970197678,-0.001449999981559813,0.00419999985024333
-0.00044999999227002263,-0.001449999981559813,0.00419999985024333
-0.0003499999875202775,-0.001449999981559813,0.00419999985024333
-0.0002500000118743628,-0.001449999981559813,0.00419999985024333
-0.0001500000071246177,-0.001449999981559813,0.00419999985024333
-4.999999873689376e-05,-0.001449999981559813,0.00419999985024333
4.999999873689376e-05,-0.001449999981559813,0.00419999985024333
0.0001500000071246177,-0.001449999981559813,0.00419999985024333
0.0002500000118743628,-0.001449999981559813,0.00419999985024333
0.0003499999875202775,-0.001449999981559813,0.00419999985024333
0.0006500000017695129,-0.001449999981559813,0.00419999985024333
0.000750000006519258,-0.001449999981559813,0.00419999985024333
0.0008500000112690032,-0.001449999981559813,0.00419999985024333
0.0009500000160187483,-0.001449999981559813,0.00419999985024333
0.0010499999625608325,-0.001449999981559813,0.00419999985024333
0.0011500000255182385,-0.001449999981559813,0.00419999985024333
0.0012499999720603228,-0.001449999981559813,0.00419999985024333
0.0013500000350177288,-0.001449999981559813,0.00419999985024333
0.001449999981559813,-0.001449999981559813,0.00419999985024333
0.001550000044517219,-0.001449999981559813,0.00419999985024333
0.0016499999910593033,-0.001449999981559813,0.00419999985024333
0.0017500000540167093,-0.001449999981559813,0.00419999985024333
0.0018500000005587935,-0.001449999981559813,0.00419999985024333
0.0019499999471008778,-0.001449999981559813,0.00419999985024333
0.002050000010058284,-0.001449999981559813,0.00419999985024333
0.00215000007301569,-0.001449999981559813,0.00419999985024333
0.0022499999031424522,-0.001449999981559813,0.00419999985024333
-0.003653413848951459,-0.0014513941714540124,0.00419999985024333
-0.0033501889556646347,-0.0013500764034688473,0.00419999985024333
-0.003250058041885495,-0.0013500240165740252,0.00419999985024333
-0.0031500153709203005,-0.0013500065542757511,0.00419999985024333
-0.0030500036664307117,-0.0013500015484169126,0.00419999985024333
-0.002950000809505582,-0.0013500002678483725,0.00419999985024333
-0.002850000048056245,-0.0013500000350177288,0.00419999985024333
-0.002749999985098839,-0.0013500000350177288,0.00419999985024333
-0.0026499999221414328,-0.0013500000350177288,0.00419999985024333
-0.0025500000920146704,-0.0013500000350177288,0.00419999985024333
-0.0024500000290572643,-0.0013500000350177288,0.00419999985024333
-0.0023499999660998583,-0.0013500000350177288,0.00419999985024333
-0.0022499999031424522,-0.0013500000350177288,0.00419999985024333
-0.00215000007301569,-0.0013500000350177288,0.00419999985024333
-0.002050000010058284,-0.0013500000350177288,0.00419999985024333
-0.0019499999471008778,-0.0013500000350177288,0.00419999985024333
-0.0018500000005587935,-0.0013500000350177288,0.00419999985024333
-0.0017500000540167093,-0.0013500000350177288,0.00419999985024333
-0.0012499999720603228,-0.0013500000350177288,0.00419999985024333
-0.0011500000255182385,-0.0013500000350177288,0.00419999985024333
-0.0010499999625608325,-0.0013500000350177288,0.00419999985024333
-0.0009500000160187483,-0.0013500000350177288,0.00419999985024333
-0.0008500000112690032,-0.0013500000350177288,0.00419999985024333
-0.000750000006519258,-0.0013500000350177288,0.00419999985024333
-0.0006500000017695129,-0.0013500000350177288,0.00419999985024333
-0.0005499999970197678,-0.0013500000350177288,0.00419999985024333
-0.00044999999227002263,-0.0013500000350177288,0.00419999985024333
-0.0003499999875202775,-0.0013500000350177288,0.00419999985024333
-0.0002500000118743628,-0.0013500000350177288,0.00419999985024333
-0.0001500000071246177,-0.0013500000350177288,0.00419999985024333
-4.999999873689376e-05,-0.0013500000350177288,0.00419999985024333
4.999999873689376e-05,-0.0013500000350177288,0.00419999985024333
0.0001500000071246177,-0.0013500000350177288,0.00419999985024333
0.0002500000118743628,-0.0013500000350177288,0.00419999985024333
0.000750000006519258,-0.0013500000350177288,0.00419999985024333
0.0008500000112690032,-0.0013500000350177288,0.00419999985024333
0.0009500000160187483,-0.0013500000350177288,0.00419999985024333
0.0010499999625608325,-0.0013500000350177288,0.00419999985024333
0.0011500000255182385,-0.0013500000350177288,0.00419999985024333
0.0012499999720603228,-0.0013500000350177288,0.00419999985024333
0.0013500000350177288,-0.0013500000350177288,0.00419999985024333
0.001449999981559813,-0.0013500000350177288,0.00419999985024333
0.001550000044517219,-0.0013500000350177288,0.00419999985024333
0.0016499999910593033,-0.0013500000350177288,0.00419999985024333
0.0017500000540167093,-0.0013500000350177288,0.00419999985024333
0.0018500000005587935,-0.0013500000350177288,0.00419999985024333
0.0019499999471008778,-0.0013500000350177288,0.00419999985024333
0.002050000010058284,-0.0013500000350177288,0.00419999985024333
0.00215000007301569,-0.0013500000350177288,0.00419999985024333
0.0022499999031424522,-0.0013500000350177288,0.00419999985024333
-0.0032500328961759806,-0.0012500123120844364,0.00419999985024333
-0.003150008153170347,-0.001250003115274012,0.00419999985024333
-0.0030500018037855625,-0.0012500006705522537,0.00419999985024333
-0.0029500003438442945,-0.0012500000884756446,0.00419999985024333
-0.002850000048056245,-0.0012499999720603228,0.00419999985024333
-0.002749999985098839,-0.0012499999720603228,0.00419999985024333
-0.0026499999221414328,-0.0012499999720603228,0.00419999985024333
-0.0025500000920146704,-0.0012499999720603228,0.00419999985024333
-0.0024500000290572643,-0.0012499999720603228,0.00419999985024333
-0.0023499999660998583,-0.0012499999720603228,0.00419999985024333
-0.0022499999031424522,-0.0012499999720603228,0.00419999985024333
-0.00215000007301569,-0.0012499999720603228,0.00419999985024333
-0.002050000010058284,-0.0012499999720603228,0.00419999985024333
-0.0019499999471008778,-0.0012499999720603228,0.00419999985024333
-0.0018500000005587935,-0.0012499999720603228,0.00419999985024333
-0.0017500000540167093,-0.0012499999720603228,0.00419999985024333
-0.0012499999720603228,-0.0012499999720603228,0.00419999985024333
-0.0011500000255182385,-0.0012499999720603228,0.00419999985024333
-0.0010499999625608325,-0.0012499999720603228,0.00419999985024333
-0.0009500000160187483,-0.0012499999720603228,0.00419999985024333
-0.0008500000112690032,-0.0012499999720603228,0.00419999985024333
-0.000750000006519258,-0.0012499999720603228,0.00419999985024333
-0.0006500000017695129,-0.0012499999720603228,0.00419999985024333
-0.0005499999970197678,-0.0012499999720603228,0.00419999985024333
-0.00044999999227002263,-0.0012499999720603228,0.00419999985024333
-0.0003499999875202775,-0.0012499999720603228,0.00419999985024333
-0.0002500000118743628,-0.0012499999720603228,0.00419999985024333
-0.0001500000071246177,-0.0012499999720603228,0.00419999985024333
-4.999999873689376e-05,-0.0012499999720603228,0.00419999985024333
4.999999873689376e-05,-0.0012499999720603228,0.00419999985024333
0.0001500000071246177,-0.0012499999720603228,0.00419999985024333
0.0002500000118743628,-0.0012499999720603228,0.00419999985024333
0.000750000006519258,-0.0012499999720603228,0.00419999985024333
0.0008500000112690032,-0.0012499999720603228,0.00419999985024333
0.0009500000160187483,-0.0012499999720603228,0.00419999985024333
0.0010499999625608325,-0.0012499999720603228,0.00419999985024333
0.0011500000255182385,-0.0012499999720603228,0.00419999985024333
0.0012499999720603228,-0.0012499999720603228,0.00419999985024333
0.0013500000350177288,-0.0012499999720603228,0.00419999985024333
0.001449999981559813,-0.0012499999720603228,0.00419999985024333
0.001550000044517219,-0.0012499999720603228,0.00419999985024333
0.0016499999910593033,-0.0012499999720603228,0.00419999985024333
0.0017500000540167093,-0.0012499999720603228,0.00419999985024333
0.0018500000005587935,-0.0012499999720603228,0.00419999985024333
0.0019499999471008778,-0.0012499999720603228,0.00419999985024333
0.002050000010058284,-0.0012499999720603228,0.00419999985024333
0.00215000007301569,-0.0012499999720603228,0.00419999985024333
0.0022499999031424522,-0.0012499999720603228,0.00419999985024333
0.0023499999660998583,-0.0012499999720603228,0.00419999985024333
0.002850000048056245,-0.0012499999720603228,0.00419999985024333
0.0029500003438442945,-0.0012500000884756446,0.00419999985024333
0.0030500018037855625,-0.0012500006705522537,0.00419999985024333
-0.0031500046607106924,-0.0011500016553327441,0.00419999985024333
-0.003050000872462988,-0.001150000374764204,0.00419999985024333
-0.002950000111013651,-0.0011500000255182385,0.00419999985024333
-0.002850000048056245,-0.0011500000255182385,0.00419999985024333
-0.002749999985098839,-0.0011500000255182385,0.00419999985024333
-0.0026499999221414328,-0.0011500000255182385,0.00419999985024333
-0.0025500000920146704,-0.0011500000255182385,0.00419999985024333
-0.0024500000290572643,-0.0011500000255182385,0.00419999985024333
-0.0023499999660998583,-0.0011500000255182385,0.00419999985024333
-0.0022499999031424522,-0.0011500000255182385,0.00419999985024333
-0.00215000007301569,-0.0011500000255182385,0.00419999985024333
-0.002050000010058284,-0.0011500000255182385,0.00419999985024333
-0.0019499999471008778,-0.0011500000255182385,0.00419999985024333
-0.0018500000005587935,-0.0011500000255182385,0.00419999985024333
-0.0017500000540167093,-0.0011500000255182385,0.00419999985024333
-0.0016499999910593033,-0.0011500000255182385,0.00419999985024333
-0.0013500000350177288,-0.0011500000255182385,0.00419999985024333
-0.0012499999720603228,-0.0011500000255182385,0.00419999985024333
-0.0011500000255182385,-0.0011500000255182385,0.00419999985024333
-0.0010499999625608325,-0.0011500000255182385,0.00419999985024333
-0.0009500000160187483,-0.0011500000255182385,0.00419999985024333
-0.0008500000112690032,-0.0011500000255182385,0.00419999985024333
-0.000750000006519258,-0.0011500000255182385,0.00419999985024333
-0.0006500000017695129,-0.0011500000255182385,0.00419999985024333
-0.0005499999970197678,-0.0011500000255182385,0.00419999985024333
-0.00044999999227002263,-0.0011500000255182385,0.00419999985024333
-0.0003499999875202775,-0.0011500000255182385,0.00419999985024333
-0.0002500000118743628,-0.0011500000255182385,0.00419999985024333
-0.0001500000071246177,-0.0011500000255182385,0.00419999985024333
-4.999999873689376e-05,-0.0011500000255182385,0.00419999985024333
4.999999873689376e-05,-0.0011500000255182385,0.00419999985024333
0.0001500000071246177,-0.0011500000255182385,0.00419999985024333
0.0002500000118743628,-0.0011500000255182385,0.00419999985024333
0.0003499999875202775,-0.0011500000255182385,0.00419999985024333
0.0006500000017695129,-0.0011500000255182385,0.00419999985024333
0.000750000006519258,-0.0011500000255182385,0.00419999985024333
0.0008500000112690032,-0.0011500000255182385,0.00419999985024333
0.0009500000160187483,-0.0011500000255182385,0.00419999985024333
0.0010499999625608325,-0.0011500000255182385,0.00419999985024333
0.0011500000255182385,-0.0011500000255182385,0.00419999985024333
0.0012499999720603228,-0.0011500000255182385,0.00419999985024333
0.0013500000350177288,-0.0011500000255182385,0.00419999985024333
0.001449999981559813,-0.0011500000255182385,0.00419999985024333
0.001550000044517219,-0.0011500000255182385,0.00419999985024333
0.0016499999910593033,-0.0011500000255182385,0.00419999985024333
0.0017500000540167093,-0.0011500000255182385,0.00419999985024333
0.0018500000005587935,-0.0011500000255182385,0.00419999985024333
0.0019499999471008778,-0.0011500000255182385,0.00419999985024333
0.002050000010058284,-0.0011500000255182385,0.00419999985024333
0.00215000007301569,-0.0011500000255182385,0.00419999985024333
0.0022499999031424522,-0.0011500000255182385,0.00419999985024333
0.0023499999660998583,-0.0011500000255182385,0.00419999985024333
0.0024500000290572643,-0.0011500000255182385,0.00419999985024333
0.0025500000920146704,-0.0011500000255182385,0.00419999985024333
0.0026499999221414328,-0.0011500000255182385,0.00419999985024333
0.002950000111013651,-0.0011500000255182385,0.00419999985024333
0.003050000872462988,-0.001150000374764204,0.00419999985024333
0.0031500046607106924,-0.0011500016553327441,0.00419999985024333
-0.003150002798065543,-0.0010500008938834071,0.00419999985024333
-0.0030500006396323442,-0.0010500001953914762,0.00419999985024333
-0.002950000111013651,-0.0010500000789761543,0.00419999985024333
-0.002850000048056245,-0.0010499999625608325,0.00419999985024333
-0.002749999985098839,-0.0010499999625608325,0.00419999985024333
-0.0024500000290572643,-0.0010499999625608325,0.00419999985024333
-0.0023499999660998583,-0.0010499999625608325,0.00419999985024333
-0.0022499999031424522,-0.0010499999625608325,0.00419999985024333
-0.00215000007301569,-0.0010499999625608325,0.00419999985024333
-0.002050000010058284,-0.0010499999625608325,0.00419999985024333
-0.0019499999471008778,-0.0010499999625608325,0.00419999985024333
-0.0018500000005587935,-0.0010499999625608325,0.00419999985024333
-0.0017500000540167093,-0.0010499999625608325,0.00419999985024333
-0.0016499999910593033,-0.0010499999625608325,0.00419999985024333
-0.001550000044517219,-0.0010499999625608325,0.00419999985024333
-0.001449999981559813,-0.0010499999625608325,0.00419999985024333
-0.0013500000350177288,-0.0010499999625608325,0.00419999985024333
-0.0012499999720603228,-0.0010499999625608325,0.00419999985024333
-0.0011500000255182385,-0.0010499999625608325,0.00419999985024333
-0.0010499999625608325,-0.0010499999625608325,0.00419999985024333
-0.0009500000160187483,-0.0010499999625608325,0.00419999985024333
-0.0008500000112690032,-0.0010499999625608325,0.00419999985024333
-0.000750000006519258,-0.0010499999625608325,0.00419999985024333
-0.0006500000017695129,-0.0010499999625608325,0.00419999985024333
-0.0005499999970197678,-0.0010499999625608325,0.00419999985024333
-0.00044999999227002263,-0.0010499999625608325,0.00419999985024333
-0.0003499999875202775,-0.0010499999625608325,0.00419999985024333
-0.0002500000118743628,-0.0010499999625608325,0.00419999985024333
-0.0001500000071246177,-0.0010499999625608325,0.00419999985024333
-4.999999873689376e-05,-0.0010499999625608325,0.00419999985024333
4.999999873689376e-05,-0.0010499999625608325,0.00419999985024333
0.0001500000071246177,-0.0010499999625608325,0.00419999985024333
0.0002500000118743628,-0.0010499999625608325,0.00419999985024333
0.0003499999875202775,-0.0010499999625608325,0.00419999985024333
0.00044999999227002263,-0.0010499999625608325,0.00419999985024333
0.0005499999970197678,-0.0010499999625608325,0.00419999985024333
0.0006500000017695129,-0.0010499999625608325,0.00419999985024333
0.000750000006519258,-0.0010499999625608325,0.00419999985024333
0.0008500000112690032,-0.0010499999625608325,0.00419999985024333
0.0009500000160187483,-0.0010499999625608325,0.00419999985024333
0.0010499999625608325,-0.0010499999625608325,0.00419999985024333
0.0011500000255182385,-0.0010499999625608325,0.00419999985024333
0.0012499999720603228,-0.0010499999625608325,0.00419999985024333
0.0013500000350177288,-0.0010499999625608325,0.00419999985024333
0.001449999981559813,-0.0010499999625608325,0.00419999985024333
0.001550000044517219,-0.0010499999625608325,0.00419999985024333
0.0016499999910593033,-0.0010499999625608325,0.00419999985024333
0.0017500000540167093,-0.0010499999625608325,0.00419999985024333
0.0018500000005587935,-0.0010499999625608325,0.00419999985024333
0.0019499999471008778,-0.0010499999625608325,0.00419999985024333
0.002050000010058284,-0.0010499999625608325,0.00419999985024333
0.00215000007301569,-0.0010499999625608325,0.00419999985024333
0.0022499999031424522,-0.0010499999625608325,0.00419999985024333
0.0023499999660998583,-0.0010499999625608325,0.00419999985024333
0.0024500000290572643,-0.0010499999625608325,0.00419999985024333
0.0025500000920146704,-0.0010499999625608325,0.00419999985024333
0.0030500006396323442,-0.0010500001953914762,0.00419999985024333
0.003150002798065543,-0.0010500008938834071,0.00419999985024333
0.0032500128727406263,-0.0010500039206817746,0.00419999985024333
-0.0030500004068017006,-0.0009500000742264092,0.00419999985024333
-0.002950000111013651,-0.0009500000160187483,0.00419999985024333
-0.002850000048056245,-0.0009500000160187483,0.00419999985024333
-0.0023499999660998583,-0.0009500000160187483,0.00419999985024333
-0.0022499999031424522,-0.0009500000160187483,0.00419999985024333
-0.00215000007301569,-0.0009500000160187483,0.00419999985024333
-0.002050000010058284,-0.0009500000160187483,0.00419999985024333
-0.0019499999471008778,-0.0009500000160187483,0.00419999985024333
-0.0018500000005587935,-0.0009500000160187483,0.00419999985024333
-0.0017500000540167093,-0.0009500000160187483,0.00419999985024333
-0.0016499999910593033,-0.0009500000160187483,0.00419999985024333
-0.001550000044517219,-0.0009500000160187483,0.00419999985024333
-0.001449999981559813,-0.0009500000160187483,0.00419999985024333
-0.0013500000350177288,-0.0009500000160187483,0.00419999985024333
-0.0012499999720603228,-0.0009500000160187483,0.00419999985024333
-0.0011500000255182385,-0.0009500000160187483,0.00419999985024333
-0.0010499999625608325,-0.0009500000160187483,0.00419999985024333
-0.0009500000160187483,-0.0009500000160187483,0.00419999985024333
-0.0008500000112690032,-0.0009500000160187483,0.00419999985024333
-0.000750000006519258,-0.0009500000160187483,0.00419999985024333
-0.0006500000017695129,-0.0009500000160187483,0.00419999985024333
-0.0005499999970197678,-0.0009500000160187483,0.00419999985024333
-0.00044999999227002263,-0.0009500000160187483,0.00419999985024333
-0.0003499999875202775,-0.0009500000160187483,0.00419999985024333
-0.0002500000118743628,-0.0009500000160187483,0.00419999985024333
-0.0001500000071246177,-0.0009500000160187483,0.00419999985024333
-4.999999873689376e-05,-0.0009500000160187483,0.00419999985024333
4.999999873689376e-05,-0.0009500000160187483,0.00419999985024333
0.0001500000071246177,-0.0009500000160187483,0.00419999985024333
0.0002500000118743628,-0.0009500000160187483,0.00419999985024333
0.0003499999875202775,-0.0009500000160187483,0.00419999985024333
0.00044999999227002263,-0.0009500000160187483,0.00419999985024333
0.0005499999970197678,-0.0009500000160187483,0.00419999985024333
0.0006500000017695129,-0.0009500000160187483,0.00419999985024333
0.000750000006519258,-0.0009500000160187483,0.00419999985024333
0.0008500000112690032,-0.0009500000160187483,0.00419999985024333
0.0009500000160187483,-0.0009500000160187483,0.00419999985024333
0.0010499999625608325,-0.0009500000160187483,0.00419999985024333
0.0011500000255182385,-0.0009500000160187483,0.00419999985024333
0.0012499999720603228,-0.0009500000160187483,0.00419999985024333
0.0013500000350177288,-0.0009500000160187483,0.00419999985024333
0.001449999981559813,-0.0009500000160187483,0.00419999985024333
0.001550000044517219,-0.0009500000160187483,0.00419999985024333
0.0016499999910593033,-0.0009500000160187483,0.00419999985024333
0.0017500000540167093,-0.0009500000160187483,0.00419999985024333
0.0018500000005587935,-0.0009500000160187483,0.00419999985024333
0.0019499999471008778,-0.0009500000160187483,0.00419999985024333
0.002050000010058284,-0.0009500000160187483,0.00419999985024333
0.00215000007301569,-0.0009500000160187483,0.00419999985024333
0.0022499999031424522,-0.0009500000160187483,0.00419999985024333
0.0023499999660998583,-0.0009500000160187483,0.00419999985024333
0.0024500000290572643,-0.0009500000160187483,0.00419999985024333
0.0025500000920146704,-0.0009500000160187483,0.00419999985024333
0.0030500004068017006,-0.0009500000742264092,0.00419999985024333
0.0031500018667429686,-0.0009500004816800356,0.00419999985024333
0.0032500086817890406,-0.0009500024025328457,0.00419999985024333
0.0033500364515930414,-0.0009500098531134427,0.00419999985024333
0.0034501326736062765,-0.0009500352898612618,0.00419999985024333
0.0035504160914570093,-0.0009501090971753001,0.00419999985024333
0.0036511218640953302,-0.0009502892498858273,0.00419999985024333
0.0037529703695327044,-0.0010508171981200576,0.00419999985024333
-0.003050000173971057,-0.0008500000694766641,0.00419999985024333
-0.002950000111013651,-0.0008500000112690032,0.00419999985024333
-0.002850000048056245,-0.0008500000112690032,0.00419999985024333
-0.0023499999660998583,-0.0008500000112690032,0.00419999985024333
-0.0022499999031424522,-0.0008500000112690032,0.00419999985024333
-0.00215000007301569,-0.0008500000112690032,0.00419999985024333
-0.002050000010058284,-0.0008500000112690032,0.00419999985024333
-0.0019499999471008778,-0.0008500000112690032,0.00419999985024333
-0.0018500000005587935,-0.0008500000112690032,0.00419999985024333
-0.0017500000540167093,-0.0008500000112690032,0.00419999985024333
-0.0016499999910593033,-0.0008500000112690032,0.00419999985024333
-0.001550000044517219,-0.0008500000112690032,0.00419999985024333
-0.001449999981559813,-0.0008500000112690032,0.00419999985024333
-0.0013500000350177288,-0.0008500000112690032,0.00419999985024333
-0.0012499999720603228,-0.0008500000112690032,0.00419999985024333
-0.0011500000255182385,-0.0008500000112690032,0.00419999985024333
-0.0010499999625608325,-0.0008500000112690032,0.00419999985024333
-0.0009500000160187483,-0.0008500000112690032,0.00419999985024333
-0.0008500000112690032,-0.0008500000112690032,0.00419999985024333
-0.000750000006519258,-0.0008500000112690032,0.00419999985024333
-0.0006500000017695129,-0.0008500000112690032,0.00419999985024333
-0.0005499999970197678,-0.0008500000112690032,0.00419999985024333
-0.00044999999227002263,-0.0008500000112690032,0.00419999985024333
-0.0003499999875202775,-0.0008500000112690032,0.00419999985024333
-0.0002500000118743628,-0.0008500000112690032,0.00419999985024333
-0.0001500000071246177,-0.0008500000112690032,0.00419999985024333
-4.999999873689376e-05,-0.0008500000112690032,0.00419999985024333
4.999999873689376e-05,-0.0008500000112690032,0.00419999985024333
0.0001500000071246177,-0.0008500000112690032,0.00419999985024333
0.0002500000118743628,-0.0008500000112690032,0.00419999985024333
0.0003499999875202775,-0.0008500000112690032,0.00419999985024333
0.00044999999227002263,-0.0008500000112690032,0.00419999985024333
0.0005499999970197678,-0.0008500000112690032,0.00419999985024333
0.0006500000017695129,-0.0008500000112690032,0.00419999985024333
0.000750000006519258,-0.0008500000112690032,0.00419999985024333
0.0008500000112690032,-0.0008500000112690032,0.00419999985024333
0.0009500000160187483,-0.0008500000112690032,0.00419999985024333
0.0010499999625608325,-0.0008500000112690032,0.00419999985024333
0.0011500000255182385,-0.0008500000112690032,0.00419999985024333
0.0012499999720603228,-0.0008500000112690032,0.00419999985024333
0.0013500000350177288,-0.0008500000112690032,0.00419999985024333
0.001449999981559813,-0.0008500000112690032,0.00419999985024333
0.001550000044517219,-0.0008500000112690032,0.00419999985024333
0.0016499999910593033,-0.0008500000112690032,0.00419999985024333
0.0017500000540167093,-0.0008500000112690032,0.00419999985024333
0.0018500000005587935,-0.0008500000112690032,0.00419999985024333
0.0019499999471008778,-0.0008500000112690032,0.00419999985024333
0.002050000010058284,-0.0008500000112690032,0.00419999985024333
0.0023499999660998583,-0.0008500000112690032,0.00419999985024333
0.0024500000290572643,-0.0008500000112690032,0.00419999985024333
0.002950000111013651,-0.0008500000112690032,0.00419999985024333
0.003050000173971057,-0.0008500000694766641,0.00419999985024333
0.0031500011682510376,-0.0008500003023073077,0.00419999985024333
0.0032500061206519604,-0.0008500015246681869,0.00419999985024333
0.0033500264398753643,-0.0008500064141117036,0.00419999985024333
0.0034500991459935904,-0.0008500239928252995,0.00419999985024333
0.0035503231920301914,-0.0008500770200043917,0.00419999985024333
0.003650910686701536,-0.0008502138080075383,0.00419999985024333
0.0037521827034652233,-0.0008505037985742092,0.00419999985024333
0.003752568969503045,-0.0009506515925750136,0.00419999985024333
-0.0031500007025897503,-0.0007500001811422408,0.00419999985024333
-0.003050000173971057,-0.000750000006519258,0.00419999985024333
-0.002950000111013651,-0.000750000006519258,0.00419999985024333
-0.002850000048056245,-0.000750000006519258,0.00419999985024333
-0.002749999985098839,-0.000750000006519258,0.00419999985024333
-0.0024500000290572643,-0.000750000006519258,0.00419999985024333
-0.0023499999660998583,-0.000750000006519258,0.00419999985024333
-0.0022499999031424522,-0.000750000006519258,0.00419999985024333
-0.00215000007301569,-0.000750000006519258,0.00419999985024333
-0.0018500000005587935,-0.000750000006519258,0.00419999985024333
-0.0017500000540167093,-0.000750000006519258,0.00419999985024333
-0.0016499999910593033,-0.000750000006519258,0.00419999985024333
-0.001550000044517219,-0.000750000006519258,0.00419999985024333
-0.001449999981559813,-0.000750000006519258,0.00419999985024333
-0.0013500000350177288,-0.000750000006519258,0.00419999985024333
-0.0012499999720603228,-0.000750000006519258,0.00419999985024333
-0.0011500000255182385,-0.000750000006519258,0.00419999985024333
-0.0010499999625608325,-0.000750000006519258,0.00419999985024333
-0.0009500000160187483,-0.000750000006519258,0.00419999985024333
-0.0008500000112690032,-0.000750000006519258,0.00419999985024333
-0.000750000006519258,-0.000750000006519258,0.00419999985024333
-0.0006500000017695129,-0.000750000006519258,0.00419999985024333
-0.0005499999970197678,-0.000750000006519258,0.00419999985024333
-0.00044999999227002263,-0.000750000006519258,0.00419999985024333
-0.0003499999875202775,-0.000750000006519258,0.00419999985024333
-0.0002500000118743628,-0.000750000006519258,0.00419999985024333
-0.0001500000071246177,-0.000750000006519258,0.00419999985024333
-4.999999873689376e-05,-0.000750000006519258,0.00419999985024333
4.999999873689376e-05,-0.000750000006519258,0.00419999985024333
0.0001500000071246177,-0.000750000006519258,0.00419999985024333
0.0002500000118743628,-0.000750000006519258,0.00419999985024333
0.0003499999875202775,-0.000750000006519258,0.00419999985024333
0.00044999999227002263,-0.000750000006519258,0.00419999985024333
0.0005499999970197678,-0.000750000006519258,0.00419999985024333
0.0006500000017695129,-0.000750000006519258,0.00419999985024333
0.000750000006519258,-0.000750000006519258,0.00419999985024333
0.0008500000112690032,-0.000750000006519258,0.00419999985024333
0.0009500000160187483,-0.000750000006519258,0.00419999985024333
0.0010499999625608325,-0.000750000006519258,0.00419999985024333
0.0011500000255182385,-0.000750000006519258,0.00419999985024333
0.0012499999720603228,-0.000750000006519258,0.00419999985024333
0.0013500000350177288,-0.000750000006519258,0.00419999985024333
0.001449999981559813,-0.000750000006519258,0.00419999985024333
0.001550000044517219,-0.000750000006519258,0.00419999985024333
0.0016499999910593033,-0.000750000006519258,0.00419999985024333
0.0017500000540167093,-0.000750000006519258,0.00419999985024333
0.0018500000005587935,-0.000750000006519258,0.00419999985024333
0.0019499999471008778,-0.000750000006519258,0.00419999985024333
0.002850000048056245,-0.000750000006519258,0.00419999985024333
0.002950000111013651,-0.000750000006519258,0.00419999985024333
0.003050000173971057,-0.000750000006519258,0.00419999985024333
0.0031500007025897503,-0.0007500001811422408,0.00419999985024333
0.003250004258006811,-0.0007500009378418326,0.00419999985024333
0.00335001852363348,-0.000750004081055522,0.00419999985024333
0.003450071206316352,-0.000750015489757061,0.00419999985024333
0.003550236579030752,-0.0007500508800148964,0.00419999985024333
0.0036506690084934235,-0.0007501419167965651,0.00419999985024333
0.003751576878130436,-0.0007503299275413156,0.00419999985024333
0.0038544475100934505,-0.0008510046754963696,0.00419999985024333
-0.00375132798217237,-0.0006502300384454429,0.00419999985024333
-0.0036505386233329773,-0.0006500963936559856,0.00419999985024333
-0.003550182329490781,-0.0006500334711745381,0.00419999985024333
-0.0034500528126955032,-0.0006500098970718682,0.00419999985024333
-0.003350013168528676,-0.0006500025046989322,0.00419999985024333
-0.0032500028610229492,-0.000650000583846122,0.00419999985024333
-0.0031500004697591066,-0.0006500001181848347,0.00419999985024333
-0.003050000173971057,-0.0006500000017695129,0.00419999985024333
-0.002950000111013651,-0.0006500000017695129,0.00419999985024333
-0.002850000048056245,-0.0006500000017695129,0.00419999985024333
-0.002749999985098839,-0.0006500000017695129,0.00419999985024333
-0.0026499999221414328,-0.0006500000017695129,0.00419999985024333
-0.0025500000920146704,-0.0006500000017695129,0.00419999985024333
-0.0024500000290572643,-0.0006500000017695129,0.00419999985024333
-0.0023499999660998583,-0.0006500000017695129,0.00419999985024333
-0.0022499999031424522,-0.0006500000017695129,0.00419999985024333
-0.0017500000540167093,-0.0006500000017695129,0.00419999985024333
-0.0016499999910593033,-0.0006500000017695129,0.00419999985024333
-0.001550000044517219,-0.0006500000017695129,0.00419999985024333
-0.001449999981559813,-0.0006500000017695129,0.00419999985024333
-0.0013500000350177288,-0.0006500000017695129,0.00419999985024333
-0.0012499999720603228,-0.0006500000017695129,0.00419999985024333
-0.0011500000255182385,-0.0006500000017695129,0.00419999985024333
-0.0010499999625608325,-0.0006500000017695129,0.00419999985024333
-0.0009500000160187483,-0.0006500000017695129,0.00419999985024333
-0.0008500000112690032,-0.0006500000017695129,0.00419999985024333
-0.000750000006519258,-0.0006500000017695129,0.00419999985024333
-0.0006500000017695129,-0.0006500000017695129,0.00419999985024333
-0.0005499999970197678,-0.0006500000017695129,0.00419999985024333
-0.00044999999227002263,-0.0006500000017695129,0.00419999985024333
-0.0003499999875202775,-0.0006500000017695129,0.00419999985024333
-0.0002500000118743628,-0.0006500000017695129,0.00419999985024333
-0.0001500000071246177,-0.0006500000017695129,0.00419999985024333
-4.999999873689376e-05,-0.0006500000017695129,0.00419999985024333
4.999999873689376e-05,-0.0006500000017695129,0.00419999985024333
0.0001500000071246177,-0.0006500000017695129,0.00419999985024333
0.0002500000118743628,-0.0006500000017695129,0.00419999985024333
0.0003499999875202775,-0.0006500000017695129,0.00419999985024333
0.00044999999227002263,-0.0006500000017695129,0.00419999985024333
0.0005499999970197678,-0.0006500000017695129,0.00419999985024333
0.0006500000017695129,-0.0006500000017695129,0.00419999985024333
0.000750000006519258,-0.0006500000017695129,0.00419999985024333
0.0008500000112690032,-0.0006500000017695129,0.00419999985024333
0.0009500000160187483,-0.0006500000017695129,0.00419999985024333
0.0010499999625608325,-0.0006500000017695129,0.00419999985024333
0.0011500000255182385,-0.0006500000017695129,0.00419999985024333
0.0012499999720603228,-0.0006500000017695129,0.00419999985024333
0.0013500000350177288,-0.0006500000017695129,0.00419999985024333
0.001449999981559813,-0.0006500000017695129,0.00419999985024333
0.001550000044517219,-0.0006500000017695129,0.00419999985024333
0.0016499999910593033,-0.0006500000017695129,0.00419999985024333
0.0017500000540167093,-0.0006500000017695129,0.00419999985024333
0.0018500000005587935,-0.0006500000017695129,0.00419999985024333
0.0019499999471008778,-0.0006500000017695129,0.00419999985024333
0.002850000048056245,-0.0006500000017695129,0.00419999985024333
0.002950000111013651,-0.0006500000017695129,0.00419999985024333
0.003050000173971057,-0.0006500000017695129,0.00419999985024333
0.0031500004697591066,-0.0006500001181848347,0.00419999985024333
0.0032500028610229492,-0.000650000583846122,0.00419999985024333
0.003350013168528676,-0.0006500025046989322,0.00419999985024333
0.0034500528126955032,-0.0006500098970718682,0.00419999985024333
0.003550182096660137,-0.0006500334711745381,0.00419999985024333
0.0036505383905023336,-0.0006500963936559856,0.00419999985024333
0.0037513277493417263,-0.0006502302130684257,0.00419999985024333
0.003852972062304616,-0.0007506147376261652,0.00419999985024333
-0.003852651920169592,-0.0006504408083856106,0.00419999985024333
-0.003751441603526473,-0.0005502109415829182,0.00419999985024333
-0.0036505197640508413,-0.00055007851915434,0.00419999985024333
-0.0035501625388860703,-0.0005500252591446042,0.00419999985024333
-0.003450044197961688,-0.0005500070401467383,0.00419999985024333
-0.003350010607391596,-0.0005500016850419343,0.00419999985024333
-0.0032500021625310183,-0.0005500003462657332,0.00419999985024333
-0.0031500004697591066,-0.0005500000552274287,0.00419999985024333
-0.003050000173971057,-0.0005499999970197678,0.00419999985024333
-0.002950000111013651,-0.0005499999970197678,0.00419999985024333
-0.002850000048056245,-0.0005499999970197678,0.00419999985024333
-0.002749999985098839,-0.0005499999970197678,0.00419999985024333
-0.0026499999221414328,-0.0005499999970197678,0.00419999985024333
-0.0025500000920146704,-0.0005499999970197678,0.00419999985024333
-0.0024500000290572643,-0.0005499999970197678,0.00419999985024333
-0.0023499999660998583,-0.0005499999970197678,0.00419999985024333
-0.0022499999031424522,-0.0005499999970197678,0.00419999985024333
-0.0017500000540167093,-0.0005499999970197678,0.00419999985024333
-0.0016499999910593033,-0.0005499999970197678,0.00419999985024333
-0.001550000044517219,-0.0005499999970197678,0.00419999985024333
-0.001449999981559813,-0.0005499999970197678,0.00419999985024333
-0.0013500000350177288,-0.0005499999970197678,0.00419999985024333
-0.0012499999720603228,-0.0005499999970197678,0.00419999985024333
-0.0011500000255182385,-0.0005499999970197678,0.00419999985024333
-0.0010499999625608325,-0.0005499999970197678,0.00419999985024333
-0.0009500000160187483,-0.0005499999970197678,0.00419999985024333
-0.0008500000112690032,-0.0005499999970197678,0.00419999985024333
-0.000750000006519258,-0.0005499999970197678,0.00419999985024333
-0.0006500000017695129,-0.0005499999970197678,0.00419999985024333
-0.0005499999970197678,-0.0005499999970197678,0.00419999985024333
-0.00044999999227002263,-0.0005499999970197678,0.00419999985024333
-0.0003499999875202775,-0.0005499999970197678,0.00419999985024333
-0.0002500000118743628,-0.0005499999970197678,0.00419999985024333
-0.0001500000071246177,-0.0005499999970197678,0.00419999985024333
-4.999999873689376e-05,-0.0005499999970197678,0.00419999985024333
4.999999873689376e-05,-0.0005499999970197678,0.00419999985024333
0.0001500000071246177,-0.0005499999970197678,0.00419999985024333
0.0002500000118743628,-0.0005499999970197678,0.00419999985024333
0.0003499999875202775,-0.0005499999970197678,0.00419999985024333
0.0006500000017695129,-0.0005499999970197678,0.00419999985024333
0.000750000006519258,-0.0005499999970197678,0.00419999985024333
0.0008500000112690032,-0.0005499999970197678,0.00419999985024333
0.0009500000160187483,-0.0005499999970197678,0.00419999985024333
0.0010499999625608325,-0.0005499999970197678,0.00419999985024333
0.0011500000255182385,-0.0005499999970197678,0.00419999985024333
0.0012499999720603228,-0.0005499999970197678,0.00419999985024333
0.001550000044517219,-0.0005499999970197678,0.00419999985024333
0.0016499999910593033,-0.0005499999970197678,0.00419999985024333
0.0017500000540167093,-0.0005499999970197678,0.00419999985024333
0.0018500000005587935,-0.0005499999970197678,0.00419999985024333
0.0019499999471008778,-0.0005499999970197678,0.00419999985024333
0.002050000010058284,-0.0005499999970197678,0.00419999985024333
0.0023499999660998583,-0.0005499999970197678,0.00419999985024333
0.002749999985098839,-0.0005499999970197678,0.00419999985024333
0.002850000048056245,-0.0005499999970197678,0.00419999985024333
0.002950000111013651,-0.0005499999970197678,0.00419999985024333
0.003050000173971057,-0.0005499999970197678,0.00419999985024333
0.0031500004697591066,-0.0005500000552274287,0.00419999985024333
0.0032500021625310183,-0.0005500003462657332,0.00419999985024333
0.003350010607391596,-0.0005500016850419343,0.00419999985024333
0.003450044197961688,-0.0005500070401467383,0.00419999985024333
0.0035501625388860703,-0.0005500252591446042,0.00419999985024333
0.0036505197640508413,-0.00055007851915434,0.00419999985024333
-0.003853484755381942,-0.0005504923756234348,0.00419999985024333
-0.003751204814761877,-0.00045016451622359455,0.00419999985024333
-0.003650421742349863,-0.0004500587237998843,0.00419999985024333
-0.003550128312781453,-0.00045001815306022763,0.00419999985024333
-0.0034500339534133673,-0.00045000488171353936,0.00419999985024333
-0.003350007813423872,-0.00045000112731941044,0.00419999985024333
-0.0032500014640390873,-0.0004500002251006663,0.00419999985024333
-0.003150000236928463,-0.00045000005047768354,0.00419999985024333
-0.0030499999411404133,-0.00044999999227002263,0.00419999985024333
-0.002950000111013651,-0.00044999999227002263,0.00419999985024333
-0.002850000048056245,-0.00044999999227002263,0.00419999985024333
-0.002749999985098839,-0.00044999999227002263,0.00419999985024333
-0.0026499999221414328,-0.00044999999227002263,0.00419999985024333
-0.0025500000920146704,-0.00044999999227002263,0.00419999985024333
-0.0024500000290572643,-0.00044999999227002263,0.00419999985024333
-0.0023499999660998583,-0.00044999999227002263,0.00419999985024333
-0.0022499999031424522,-0.00044999999227002263,0.00419999985024333
-0.00215000007301569,-0.00044999999227002263,0.00419999985024333
-0.0018500000005587935,-0.00044999999227002263,0.00419999985024333
-0.0017500000540167093,-0.00044999999227002263,0.00419999985024333
-0.0016499999910593033,-0.00044999999227002263,0.00419999985024333
-0.001550000044517219,-0.00044999999227002263,0.00419999985024333
-0.001449999981559813,-0.00044999999227002263,0.00419999985024333
-0.0013500000350177288,-0.00044999999227002263,0.00419999985024333
-0.0012499999720603228,-0.00044999999227002263,0.00419999985024333
-0.0011500000255182385,-0.00044999999227002263,0.00419999985024333
-0.0010499999625608325,-0.00044999999227002263,0.00419999985024333
-0.0009500000160187483,-0.00044999999227002263,0.00419999985024333
-0.0008500000112690032,-0.00044999999227002263,0.00419999985024333
-0.000750000006519258,-0.00044999999227002263,0.00419999985024333
-0.0006500000017695129,-0.00044999999227002263,0.00419999985024333
-0.0005499999970197678,-0.00044999999227002263,0.00419999985024333
-0.00044999999227002263,-0.00044999999227002263,0.00419999985024333
-0.0003499999875202775,-0.00044999999227002263,0.00419999985024333
-0.0002500000118743628,-0.00044999999227002263,0.00419999985024333
-0.0001500000071246177,-0.00044999999227002263,0.00419999985024333
-4.999999873689376e-05,-0.00044999999227002263,0.00419999985024333
4.999999873689376e-05,-0.00044999999227002263,0.00419999985024333
0.0001500000071246177,-0.00044999999227002263,0.00419999985024333
0.0002500000118743628,-0.00044999999227002263,0.00419999985024333
0.000750000006519258,-0.00044999999227002263,0.00419999985024333
0.0008500000112690032,-0.00044999999227002263,0.00419999985024333
0.0009500000160187483,-0.00044999999227002263,0.00419999985024333
0.0010499999625608325,-0.00044999999227002263,0.00419999985024333
0.0011500000255182385,-0.00044999999227002263,0.00419999985024333
0.0016499999910593033,-0.00044999999227002263,0.00419999985024333
0.0017500000540167093,-0.00044999999227002263,0.00419999985024333
0.0018500000005587935,-0.00044999999227002263,0.00419999985024333
0.0019499999471008778,-0.00044999999227002263,0.00419999985024333
0.002050000010058284,-0.00044999999227002263,0.00419999985024333
0.00215000007301569,-0.00044999999227002263,0.00419999985024333
0.0022499999031424522,-0.00044999999227002263,0.00419999985024333
0.002749999985098839,-0.00044999999227002263,0.00419999985024333
0.002850000048056245,-0.00044999999227002263,0.00419999985024333
0.002950000111013651,-0.00044999999227002263,0.00419999985024333
0.0030499999411404133,-0.00044999999227002263,0.00419999985024333
0.003150000236928463,-0.00045000005047768354,0.00419999985024333
0.0032500014640390873,-0.0004500002251006663,0.00419999985024333
0.003350007813423872,-0.00045000112731941044,0.00419999985024333
0.0034500339534133673,-0.00045000488171353936,0.00419999985024333
0.003550128312781453,-0.00045001815306022763,0.00419999985024333
-0.0038529892917722464,-0.0004503986274357885,0.00419999985024333
-0.00385125819593668,-0.000350174552295357,0.00419999985024333
-0.003750620875507593,-0.0003500834573060274,0.00419999985024333
-0.0036502385046333075,-0.0003500317397993058,0.00419999985024333
-0.0035500756930559874,-0.00035001005744561553,0.00419999985024333
-0.0034500202164053917,-0.00035000269417651,0.00419999985024333
-0.0033500047866255045,-0.00035000062780454755,0.00419999985024333
-0.0032500009983778,-0.0003500001330394298,0.00419999985024333
-0.003150000236928463,-0.00035000001662410796,0.00419999985024333
-0.0030499999411404133,-0.00035000001662410796,0.00419999985024333
-0.002950000111013651,-0.0003499999875202775,0.00419999985024333
-0.002850000048056245,-0.0003499999875202775,0.00419999985024333
-0.002749999985098839,-0.0003499999875202775,0.00419999985024333
-0.0026499999221414328,-0.0003499999875202775,0.00419999985024333
-0.0025500000920146704,-0.0003499999875202775,0.00419999985024333
-0.0024500000290572643,-0.0003499999875202775,0.00419999985024333
-0.0023499999660998583,-0.0003499999875202775,0.00419999985024333
-0.0022499999031424522,-0.0003499999875202775,0.00419999985024333
-0.00215000007301569,-0.0003499999875202775,0.00419999985024333
-0.002050000010058284,-0.0003499999875202775,0.00419999985024333
-0.0017500000540167093,-0.0003499999875202775,0.00419999985024333
-0.0016499999910593033,-0.0003499999875202775,0.00419999985024333
-0.001550000044517219,-0.0003499999875202775,0.00419999985024333
-0.001449999981559813,-0.0003499999875202775,0.00419999985024333
-0.0013500000350177288,-0.0003499999875202775,0.00419999985024333
-0.0012499999720603228,-0.0003499999875202775,0.00419999985024333
-0.0011500000255182385,-0.0003499999875202775,0.00419999985024333
-0.0010499999625608325,-0.0003499999875202775,0.00419999985024333
-0.0009500000160187483,-0.0003499999875202775,0.00419999985024333
-0.0008500000112690032,-0.0003499999875202775,0.00419999985024333
-0.000750000006519258,-0.0003499999875202775,0.00419999985024333
-0.0006500000017695129,-0.0003499999875202775,0.00419999985024333
-0.0005499999970197678,-0.0003499999875202775,0.00419999985024333
-0.00044999999227002263,-0.0003499999875202775,0.00419999985024333
-0.0003499999875202775,-0.0003499999875202775,0.00419999985024333
-0.0002500000118743628,-0.0003499999875202775,0.00419999985024333
-0.0001500000071246177,-0.0003499999875202775,0.00419999985024333
-4.999999873689376e-05,-0.0003499999875202775,0.00419999985024333
4.999999873689376e-05,-0.0003499999875202775,0.00419999985024333
0.0001500000071246177,-0.0003499999875202775,0.00419999985024333
0.0002500000118743628,-0.0003499999875202775,0.00419999985024333
0.000750000006519258,-0.0003499999875202775,0.00419999985024333
0.0008500000112690032,-0.0003499999875202775,0.00419999985024333
0.0009500000160187483,-0.0003499999875202775,0.00419999985024333
0.0010499999625608325,-0.0003499999875202775,0.00419999985024333
0.0011500000255182385,-0.0003499999875202775,0.00419999985024333
0.0016499999910593033,-0.0003499999875202775,0.00419999985024333
0.0017500000540167093,-0.0003499999875202775,0.00419999985024333
0.0018500000005587935,-0.0003499999875202775,0.00419999985024333
0.0019499999471008778,-0.0003499999875202775,0.00419999985024333
0.002050000010058284,-0.0003499999875202775,0.00419999985024333
0.00215000007301569,-0.0003499999875202775,0.00419999985024333
0.0022499999031424522,-0.0003499999875202775,0.00419999985024333
0.002749999985098839,-0.0003499999875202775,0.00419999985024333
0.002850000048056245,-0.0003499999875202775,0.00419999985024333
0.002950000111013651,-0.0003499999875202775,0.00419999985024333
0.0030499999411404133,-0.00035000001662410796,0.00419999985024333
0.003150000236928463,-0.00035000001662410796,0.00419999985024333
0.0032500009983778,-0.0003500001330394298,0.00419999985024333
0.0033500047866255045,-0.00035000062780454755,0.00419999985024333
0.0034500202164053917,-0.00035000269417651,0.00419999985024333
0.0035500756930559874,-0.0003500100283417851,0.00419999985024333
-0.003951605875045061,-0.00035025118268094957,0.00419999985024333
-0.003850598819553852,-0.00025005589122883976,0.00419999985024333
-0.003750333795323968,-0.00025003147311508656,0.00419999985024333
-0.0036501369904726744,-0.00025001299218274653,0.00419999985024333
-0.003550044959411025,-0.00025000429013743997,0.00419999985024333
-0.0034500123001635075,-0.0002500011760275811,0.00419999985024333
-0.0033500029239803553,-0.00025000027380883694,0.00419999985024333
-0.0032500005327165127,-0.0002500000409781933,0.00419999985024333
-0.0031500000040978193,-0.0002500000118743628,0.00419999985024333
-0.0030499999411404133,-0.0002500000118743628,0.00419999985024333
-0.002950000111013651,-0.0002500000118743628,0.00419999985024333
-0.002850000048056245,-0.0002500000118743628,0.00419999985024333
-0.002749999985098839,-0.0002500000118743628,0.00419999985024333
-0.0024500000290572643,-0.0002500000118743628,0.00419999985024333
-0.0023499999660998583,-0.0002500000118743628,0.00419999985024333
-0.0022499999031424522,-0.0002500000118743628,0.00419999985024333
-0.00215000007301569,-0.0002500000118743628,0.00419999985024333
-0.0016499999910593033,-0.0002500000118743628,0.00419999985024333
-0.0011500000255182385,-0.0002500000118743628,0.00419999985024333
-0.0008500000112690032,-0.0002500000118743628,0.00419999985024333
-0.000750000006519258,-0.0002500000118743628,0.00419999985024333
-0.0006500000017695129,-0.0002500000118743628,0.00419999985024333
-0.0005499999970197678,-0.0002500000118743628,0.00419999985024333
-0.00044999999227002263,-0.0002500000118743628,0.00419999985024333
-0.0003499999875202775,-0.0002500000118743628,0.00419999985024333
-0.0002500000118743628,-0.0002500000118743628,0.00419999985024333
-0.0001500000071246177,-0.0002500000118743628,0.00419999985024333
-4.999999873689376e-05,-0.0002500000118743628,0.00419999985024333
4.999999873689376e-05,-0.0002500000118743628,0.00419999985024333
0.0001500000071246177,-0.0002500000118743628,0.00419999985024333
0.0002500000118743628,-0.0002500000118743628,0.00419999985024333
0.0006500000017695129,-0.0002500000118743628,0.00419999985024333
0.000750000006519258,-0.0002500000118743628,0.00419999985024333
0.0008500000112690032,-0.0002500000118743628,0.00419999985024333
0.0009500000160187483,-0.0002500000118743628,0.00419999985024333
0.0010499999625608325,-0.0002500000118743628,0.00419999985024333
0.0011500000255182385,-0.0002500000118743628,0.00419999985024333
0.0012499999720603228,-0.0002500000118743628,0.00419999985024333
0.001550000044517219,-0.0002500000118743628,0.00419999985024333
0.0018500000005587935,-0.0002500000118743628,0.00419999985024333
0.0019499999471008778,-0.0002500000118743628,0.00419999985024333
0.002050000010058284,-0.0002500000118743628,0.00419999985024333
0.00215000007301569,-0.0002500000118743628,0.00419999985024333
0.0022499999031424522,-0.0002500000118743628,0.00419999985024333
0.0023499999660998583,-0.0002500000118743628,0.00419999985024333
0.0026499999221414328,-0.0002500000118743628,0.00419999985024333
0.002749999985098839,-0.0002500000118743628,0.00419999985024333
0.002850000048056245,-0.0002500000118743628,0.00419999985024333
0.002950000111013651,-0.0002500000118743628,0.00419999985024333
0.0030499999411404133,-0.0002500000118743628,0.00419999985024333
0.0031500000040978193,-0.0002500000118743628,0.00419999985024333
0.0032500005327165127,-0.0002500000409781933,0.00419999985024333
0.0033500029239803553,-0.00025000027380883694,0.00419999985024333
0.0034500123001635075,-0.0002500011760275811,0.00419999985024333
-0.003950575832277536,-0.0002500526315998286,0.00419999985024333
-0.0036501416470855474,-0.0001500050857430324,0.00419999985024333
-0.0035500444937497377,-0.0001500016514910385,0.00419999985024333
-0.00345001183450222,-0.00015000044368207455,0.00419999985024333
-0.0033500026911497116,-0.0001500001089880243,0.00419999985024333
-0.0032500005327165127,-0.00015000002167653292,0.00419999985024333
-0.0031500000040978193,-0.0001500000071246177,0.00419999985024333
-0.0030499999411404133,-0.0001500000071246177,0.00419999985024333
-0.002950000111013651,-0.0001500000071246177,0.00419999985024333
-0.002850000048056245,-0.0001500000071246177,0.00419999985024333
-0.0023499999660998583,-0.0001500000071246177,0.00419999985024333
-0.0022499999031424522,-0.0001500000071246177,0.00419999985024333
-0.00215000007301569,-0.0001500000071246177,0.00419999985024333
-0.000750000006519258,-0.0001500000071246177,0.00419999985024333
-0.0006500000017695129,-0.0001500000071246177,0.00419999985024333
-0.0005499999970197678,-0.0001500000071246177,0.00419999985024333
-0.00044999999227002263,-0.0001500000071246177,0.00419999985024333
-0.0003499999875202775,-0.0001500000071246177,0.00419999985024333
-0.0002500000118743628,-0.0001500000071246177,0.00419999985024333
-0.0001500000071246177,-0.0001500000071246177,0.00419999985024333
-4.999999873689376e-05,-0.0001500000071246177,0.00419999985024333
4.999999873689376e-05,-0.0001500000071246177,0.00419999985024333
0.0001500000071246177,-0.0001500000071246177,0.00419999985024333
0.000750000006519258,-0.0001500000071246177,0.00419999985024333
0.0008500000112690032,-0.0001500000071246177,0.00419999985024333
0.0009500000160187483,-0.0001500000071246177,0.00419999985024333
0.0010499999625608325,-0.0001500000071246177,0.00419999985024333
0.0011500000255182385,-0.0001500000071246177,0.00419999985024333
0.0012499999720603228,-0.0001500000071246177,0.00419999985024333
0.0013500000350177288,-0.0001500000071246177,0.00419999985024333
0.001449999981559813,-0.0001500000071246177,0.00419999985024333
0.0019499999471008778,-0.0001500000071246177,0.00419999985024333
0.002050000010058284,-0.0001500000071246177,0.00419999985024333
0.00215000007301569,-0.0001500000071246177,0.00419999985024333
0.0022499999031424522,-0.0001500000071246177,0.00419999985024333
0.0023499999660998583,-0.0001500000071246177,0.00419999985024333
0.0024500000290572643,-0.0001500000071246177,0.00419999985024333
0.0025500000920146704,-0.0001500000071246177,0.00419999985024333
0.0026499999221414328,-0.0001500000071246177,0.00419999985024333
0.002749999985098839,-0.0001500000071246177,0.00419999985024333
0.002850000048056245,-0.0001500000071246177,0.00419999985024333
0.002950000111013651,-0.0001500000071246177,0.00419999985024333
0.0030499999411404133,-0.0001500000071246177,0.00419999985024333
0.0031500000040978193,-0.0001500000071246177,0.00419999985024333
0.0032500005327165127,-0.00015000002167653292,0.00419999985024333
0.0033500026911497116,-0.00015000009443610907,0.00419999985024333
-0.002850000048056245,-4.999999873689376e-05,0.00419999985024333
-0.0023499999660998583,-4.999999873689376e-05,0.00419999985024333
-0.0022499999031424522,-4.999999873689376e-05,0.00419999985024333
-0.00215000007301569,-4.999999873689376e-05,0.00419999985024333
-0.002050000010058284,-4.999999873689376e-05,0.00419999985024333
-0.0017500000540167093,-4.999999873689376e-05,0.00419999985024333
-0.000750000006519258,-4.999999873689376e-05,0.00419999985024333
-0.0006500000017695129,-4.999999873689376e-05,0.00419999985024333
-0.0005499999970197678,-4.999999873689376e-05,0.00419999985024333
-0.00044999999227002263,-4.999999873689376e-05,0.00419999985024333
-0.0003499999875202775,-4.999999873689376e-05,0.00419999985024333
-0.0002500000118743628,-4.999999873689376e-05,0.00419999985024333
-0.0001500000071246177,-4.999999873689376e-05,0.00419999985024333
-4.999999873689376e-05,-4.999999873689376e-05,0.00419999985024333
4.999999873689376e-05,-4.999999873689376e-05,0.00419999985024333
0.0001500000071246177,-4.999999873689376e-05,0.00419999985024333
0.0008500000112690032,-4.999999873689376e-05,0.00419999985024333
0.0009500000160187483,-4.999999873689376e-05,0.00419999985024333
0.0010499999625608325,-4.999999873689376e-05,0.00419999985024333
0.0011500000255182385,-4.999999873689376e-05,0.00419999985024333
0.0012499999720603228,-4.999999873689376e-05,0.00419999985024333
0.0013500000350177288,-4.999999873689376e-05,0.00419999985024333
0.001449999981559813,-4.999999873689376e-05,0.00419999985024333
0.0019499999471008778,-4.999999873689376e-05,0.00419999985024333
0.002050000010058284,-4.999999873689376e-05,0.00419999985024333
0.00215000007301569,-4.999999873689376e-05,0.00419999985024333
0.0022499999031424522,-4.999999873689376e-05,0.00419999985024333
0.0023499999660998583,-4.999999873689376e-05,0.00419999985024333
0.0024500000290572643,-4.999999873689376e-05,0.00419999985024333
0.0025500000920146704,-4.999999873689376e-05,0.00419999985024333
0.0026499999221414328,-4.999999873689376e-05,0.00419999985024333
0.002749999985098839,-4.999999873689376e-05,0.00419999985024333
0.002850000048056245,-4.999999873689376e-05,0.00419999985024333
-0.002749999985098839,4.999999873689376e-05,0.00419999985024333
-0.0024500000290572643,4.999999873689376e-05,0.00419999985024333
-0.0023499999660998583,4.999999873689376e-05,0.00419999985024333
-0.0022499999031424522,4.999999873689376e-05,0.00419999985024333
-0.00215000007301569,4.999999873689376e-05,0.00419999985024333
-0.002050000010058284,4.999999873689376e-05,0.00419999985024333
-0.0019499999471008778,4.999999873689376e-05,0.00419999985024333
-0.0018500000005587935,4.999999873689376e-05,0.00419999985024333
-0.0017500000540167093,4.999999873689376e-05,0.00419999985024333
-0.0016499999910593033,4.999999873689376e-05,0.00419999985024333
-0.0011500000255182385,4.999999873689376e-05,0.00419999985024333
-0.0008500000112690032,4.999999873689376e-05,0.00419999985024333
-0.000750000006519258,4.999999873689376e-05,0.00419999985024333
-0.0006500000017695129,4.999999873689376e-05,0.00419999985024333
-0.0005499999970197678,4.999999873689376e-05,0.00419999985024333
-0.00044999999227002263,4.999999873689376e-05,0.00419999985024333
-0.0003499999875202775,4.999999873689376e-05,0.00419999985024333
-0.0002500000118743628,4.999999873689376e-05,0.00419999985024333
-0.0001500000071246177,4.999999873689376e-05,0.00419999985024333
-4.999999873689376e-05,4.999999873689376e-05,0.00419999985024333
4.999999873689376e-05,4.999999873689376e-05,0.00419999985024333
0.0001500000071246177,4.999999873689376e-05,0.00419999985024333
0.0002500000118743628,4.999999873689376e-05,0.00419999985024333
0.0008500000112690032,4.999999873689376e-05,0.00419999985024333
0.0009500000160187483,4.999999873689376e-05,0.00419999985024333
0.0010499999625608325,4.999999873689376e-05,0.00419999985024333
0.0011500000255182385,4.999999873689376e-05,0.00419999985024333
0.0012499999720603228,4.999999873689376e-05,0.00419999985024333
0.0013500000350177288,4.999999873689376e-05,0.00419999985024333
0.001449999981559813,4.999999873689376e-05,0.00419999985024333
0.001550000044517219,4.999999873689376e-05,0.00419999985024333
0.0018500000005587935,4.999999873689376e-05,0.00419999985024333
0.0019499999471008778,4.999999873689376e-05,0.00419999985024333
0.002050000010058284,4.999999873689376e-05,0.00419999985024333
0.00215000007301569,4.999999873689376e-05,0.00419999985024333
0.0022499999031424522,4.999999873689376e-05,0.00419999985024333
0.0025500000920146704,4.999999873689376e-05,0.00419999985024333
0.0026499999221414328,4.999999873689376e-05,0.00419999985024333
0.002749999985098839,4.999999873689376e-05,0.00419999985024333
-0.0026499999221414328,0.0001500000071246177,0.00419999985024333
-0.0025500000920146704,0.0001500000071246177,0.00419999985024333
-0.0024500000290572643,0.0001500000071246177,0.00419999985024333
-0.0023499999660998583,0.0001500000071246177,0.00419999985024333
-0.0022499999031424522,0.0001500000071246177,0.00419999985024333
-0.00215000007301569,0.0001500000071246177,0.00419999985024333
-0.002050000010058284,0.0001500000071246177,0.00419999985024333
-0.0019499999471008778,0.0001500000071246177,0.00419999985024333
-0.0018500000005587935,0.0001500000071246177,0.00419999985024333
-0.0017500000540167093,0.0001500000071246177,0.00419999985024333
-0.0016499999910593033,0.0001500000071246177,0.00419999985024333
-0.001550000044517219,0.0001500000071246177,0.00419999985024333
-0.001449999981559813,0.0001500000071246177,0.00419999985024333
-0.0013500000350177288,0.0001500000071246177,0.00419999985024333
-0.0012499999720603228,0.0001500000071246177,0.00419999985024333
-0.0011500000255182385,0.0001500000071246177,0.00419999985024333
-0.0010499999625608325,0.0001500000071246177,0.00419999985024333
-0.0009500000160187483,0.0001500000071246177,0.00419999985024333
-0.0008500000112690032,0.0001500000071246177,0.00419999985024333
-0.000750000006519258,0.0001500000071246177,0.00419999985024333
-0.0006500000017695129,0.0001500000071246177,0.00419999985024333
-0.0005499999970197678,0.0001500000071246177,0.00419999985024333
-0.00044999999227002263,0.0001500000071246177,0.00419999985024333
-0.0003499999875202775,0.0001500000071246177,0.00419999985024333
-0.0002500000118743628,0.0001500000071246177,0.00419999985024333
-0.0001500000071246177,0.0001500000071246177,0.00419999985024333
-4.999999873689376e-05,0.0001500000071246177,0.00419999985024333
4.999999873689376e-05,0.0001500000071246177,0.00419999985024333
0.0001500000071246177,0.0001500000071246177,0.00419999985024333
0.0002500000118743628,0.0001500000071246177,0.00419999985024333
0.0003499999875202775,0.0001500000071246177,0.00419999985024333
0.00044999999227002263,0.0001500000071246177,0.00419999985024333
0.000750000006519258,0.0001500000071246177,0.00419999985024333
0.0008500000112690032,0.0001500000071246177,0.00419999985024333
0.0009500000160187483,0.0001500000071246177,0.00419999985024333
0.0010499999625608325,0.0001500000071246177,0.00419999985024333
0.0011500000255182385,0.0001500000071246177,0.00419999985024333
0.0012499999720603228,0.0001500000071246177,0.00419999985024333
0.0013500000350177288,0.0001500000071246177,0.00419999985024333
0.001449999981559813,0.0001500000071246177,0.00419999985024333
0.001550000044517219,0.0001500000071246177,0.00419999985024333
0.0016499999910593033,0.0001500000071246177,0.00419999985024333
0.0017500000540167093,0.0001500000071246177,0.00419999985024333
0.0018500000005587935,0.0001500000071246177,0.00419999985024333
0.0019499999471008778,0.0001500000071246177,0.00419999985024333
0.002050000010058284,0.0001500000071246177,0.00419999985024333
0.00215000007301569,0.0001500000071246177,0.00419999985024333
0.0026499999221414328,0.0001500000071246177,0.00419999985024333
0.002749999985098839,0.0001500000071246177,0.00419999985024333
-0.0026499999221414328,0.0002500000118743628,0.00419999985024333
-0.0025500000920146704,0.0002500000118743628,0.00419999985024333
-0.0024500000290572643,0.0002500000118743628,0.00419999985024333
-0.0023499999660998583,0.0002500000118743628,0.00419999985024333
-0.0022499999031424522,0.0002500000118743628,0.00419999985024333
-0.00215000007301569,0.0002500000118743628,0.00419999985024333
-0.002050000010058284,0.0002500000118743628,0.00419999985024333
-0.0019499999471008778,0.0002500000118743628,0.00419999985024333
-0.0018500000005587935,0.0002500000118743628,0.00419999985024333
-0.0017500000540167093,0.0002500000118743628,0.00419999985024333
-0.0016499999910593033,0.0002500000118743628,0.00419999985024333
-0.001550000044517219,0.0002500000118743628,0.00419999985024333
-0.001449999981559813,0.0002500000118743628,0.00419999985024333
-0.0013500000350177288,0.0002500000118743628,0.00419999985024333
-0.0012499999720603228,0.0002500000118743628,0.00419999985024333
-0.0011500000255182385,0.0002500000118743628,0.00419999985024333
-0.0010499999625608325,0.0002500000118743628,0.00419999985024333
-0.0009500000160187483,0.0002500000118743628,0.00419999985024333
-0.0008500000112690032,0.0002500000118743628,0.00419999985024333
-0.000750000006519258,0.0002500000118743628,0.00419999985024333
-0.0006500000017695129,0.0002500000118743628,0.00419999985024333
-0.0005499999970197678,0.0002500000118743628,0.00419999985024333
-0.00044999999227002263,0.0002500000118743628,0.00419999985024333
-0.0003499999875202775,0.0002500000118743628,0.00419999985024333
-0.0002500000118743628,0.0002500000118743628,0.00419999985024333
-0.0001500000071246177,0.0002500000118743628,0.00419999985024333
-4.999999873689376e-05,0.0002500000118743628,0.00419999985024333
4.999999873689376e-05,0.0002500000118743628,0.00419999985024333
0.0001500000071246177,0.0002500000118743628,0.00419999985024333
0.0002500000118743628,0.0002500000118743628,0.00419999985024333
0.0003499999875202775,0.0002500000118743628,0.00419999985024333
0.00044999999227002263,0.0002500000118743628,0.00419999985024333
0.0005499999970197678,0.0002500000118743628,0.00419999985024333
0.0006500000017695129,0.0002500000118743628,0.00419999985024333
0.000750000006519258,0.0002500000118743628,0.00419999985024333
0.0008500000112690032,0.0002500000118743628,0.00419999985024333
0.0009500000160187483,0.0002500000118743628,0.00419999985024333
0.0010499999625608325,0.0002500000118743628,0.00419999985024333
0.0011500000255182385,0.0002500000118743628,0.00419999985024333
0.0012499999720603228,0.0002500000118743628,0.00419999985024333
0.0013500000350177288,0.0002500000118743628,0.00419999985024333
0.001449999981559813,0.0002500000118743628,0.00419999985024333
0.001550000044517219,0.0002500000118743628,0.00419999985024333
0.0016499999910593033,0.0002500000118743628,0.00419999985024333
0.0017500000540167093,0.0002500000118743628,0.00419999985024333
0.0018500000005587935,0.0002500000118743628,0.00419999985024333
0.0019499999471008778,0.0002500000118743628,0.00419999985024333
0.002050000010058284,0.0002500000118743628,0.00419999985024333
0.00215000007301569,0.0002500000118743628,0.00419999985024333
0.0026499999221414328,0.0002500000118743628,0.00419999985024333
0.002749999985098839,0.0002500000118743628,0.00419999985024333
0.003951611928641796,0.0001500442740507424,0.00419999985024333
-0.0026499999221414328,0.0003499999875202775,0.00419999985024333
-0.0025500000920146704,0.0003499999875202775,0.00419999985024333
-0.0024500000290572643,0.0003499999875202775,0.00419999985024333
-0.0023499999660998583,0.0003499999875202775,0.00419999985024333
-0.0022499999031424522,0.0003499999875202775,0.00419999985024333
-0.00215000007301569,0.0003499999875202775,0.00419999985024333
-0.002050000010058284,0.0003499999875202775,0.00419999985024333
-0.0017500000540167093,0.0003499999875202775,0.00419999985024333
-0.0016499999910593033,0.0003499999875202775,0.00419999985024333
-0.001550000044517219,0.0003499999875202775,0.00419999985024333
-0.001449999981559813,0.0003499999875202775,0.00419999985024333
-0.0013500000350177288,0.0003499999875202775,0.00419999985024333
-0.0012499999720603228,0.0003499999875202775,0.00419999985024333
-0.0011500000255182385,0.0003499999875202775,0.00419999985024333
-0.0010499999625608325,0.0003499999875202775,0.00419999985024333
-0.0009500000160187483,0.0003499999875202775,0.00419999985024333
-0.0006500000017695129,0.0003499999875202775,0.00419999985024333
-0.0005499999970197678,0.0003499999875202775,0.00419999985024333
-0.00044999999227002263,0.0003499999875202775,0.00419999985024333
-0.0003499999875202775,0.0003499999875202775,0.00419999985024333
-0.0002500000118743628,0.0003499999875202775,0.00419999985024333
-0.0001500000071246177,0.0003499999875202775,0.00419999985024333
-4.999999873689376e-05,0.0003499999875202775,0.00419999985024333
4.999999873689376e-05,0.0003499999875202775,0.00419999985024333
0.0001500000071246177,0.0003499999875202775,0.00419999985024333
0.0002500000118743628,0.0003499999875202775,0.00419999985024333
0.0003499999875202775,0.0003499999875202775,0.00419999985024333
0.00044999999227002263,0.0003499999875202775,0.00419999985024333
0.0005499999970197678,0.0003499999875202775,0.00419999985024333
0.0006500000017695129,0.0003499999875202775,0.00419999985024333
0.000750000006519258,0.0003499999875202775,0.00419999985024333
0.0008500000112690032,0.0003499999875202775,0.00419999985024333
0.0009500000160187483,0.0003499999875202775,0.00419999985024333
0.0010499999625608325,0.0003499999875202775,0.00419999985024333
0.0011500000255182385,0.0003499999875202775,0.00419999985024333
0.0012499999720603228,0.0003499999875202775,0.00419999985024333
0.0013500000350177288,0.0003499999875202775,0.00419999985024333
0.001449999981559813,0.0003499999875202775,0.00419999985024333
0.001550000044517219,0.0003499999875202775,0.00419999985024333
0.0016499999910593033,0.0003499999875202775,0.00419999985024333
0.0017500000540167093,0.0003499999875202775,0.00419999985024333
0.0018500000005587935,0.0003499999875202775,0.00419999985024333
0.0019499999471008778,0.0003499999875202775,0.00419999985024333
0.002050000010058284,0.0003499999875202775,0.00419999985024333
0.00215000007301569,0.0003499999875202775,0.00419999985024333
0.0022499999031424522,0.0003499999875202775,0.00419999985024333
0.0025500000920146704,0.0003499999875202775,0.00419999985024333
0.0026499999221414328,0.0003499999875202775,0.00419999985024333
0.002749999985098839,0.0003499999875202775,0.00419999985024333
0.003950575366616249,0.0002500527771189809,0.00419999985024333
-0.002749999985098839,0.00044999999227002263,0.00419999985024333
-0.0026499999221414328,0.00044999999227002263,0.00419999985024333
-0.0025500000920146704,0.00044999999227002263,0.00419999985024333
-0.0024500000290572643,0.00044999999227002263,0.00419999985024333
-0.0023499999660998583,0.00044999999227002263,0.00419999985024333
-0.0022499999031424522,0.00044999999227002263,0.00419999985024333
-0.00215000007301569,0.00044999999227002263,0.00419999985024333
-0.0016499999910593033,0.00044999999227002263,0.00419999985024333
-0.001550000044517219,0.00044999999227002263,0.00419999985024333
-0.001449999981559813,0.00044999999227002263,0.00419999985024333
-0.0013500000350177288,0.00044999999227002263,0.00419999985024333
-0.0012499999720603228,0.00044999999227002263,0.00419999985024333
-0.0011500000255182385,0.00044999999227002263,0.00419999985024333
-0.0010499999625608325,0.00044999999227002263,0.00419999985024333
-0.0005499999970197678,0.00044999999227002263,0.00419999985024333
-0.00044999999227002263,0.00044999999227002263,0.00419999985024333
-0.0003499999875202775,0.00044999999227002263,0.00419999985024333
-0.0002500000118743628,0.00044999999227002263,0.00419999985024333
-0.0001500000071246177,0.00044999999227002263,0.00419999985024333
-4.999999873689376e-05,0.00044999999227002263,0.00419999985024333
4.999999873689376e-05,0.00044999999227002263,0.00419999985024333
0.0001500000071246177,0.00044999999227002263,0.00419999985024333
0.0002500000118743628,0.00044999999227002263,0.00419999985024333
0.0003499999875202775,0.00044999999227002263,0.00419999985024333
0.00044999999227002263,0.00044999999227002263,0.00419999985024333
0.0005499999970197678,0.00044999999227002263,0.00419999985024333
0.0006500000017695129,0.00044999999227002263,0.00419999985024333
0.000750000006519258,0.00044999999227002263,0.00419999985024333
0.0008500000112690032,0.00044999999227002263,0.00419999985024333
0.0009500000160187483,0.00044999999227002263,0.00419999985024333
0.0010499999625608325,0.00044999999227002263,0.00419999985024333
0.0011500000255182385,0.00044999999227002263,0.00419999985024333
0.0012499999720603228,0.00044999999227002263,0.00419999985024333
0.0013500000350177288,0.00044999999227002263,0.00419999985024333
0.001449999981559813,0.00044999999227002263,0.00419999985024333
0.001550000044517219,0.00044999999227002263,0.00419999985024333
0.0016499999910593033,0.00044999999227002263,0.00419999985024333
0.0017500000540167093,0.00044999999227002263,0.00419999985024333
0.0018500000005587935,0.00044999999227002263,0.00419999985024333
0.0019499999471008778,0.00044999999227002263,0.00419999985024333
0.002050000010058284,0.00044999999227002263,0.00419999985024333
0.00215000007301569,0.00044999999227002263,0.00419999985024333
0.0022499999031424522,0.00044999999227002263,0.00419999985024333
0.0023499999660998583,0.00044999999227002263,0.00419999985024333
0.0024500000290572643,0.00044999999227002263,0.00419999985024333
0.0025500000920146704,0.00044999999227002263,0.00419999985024333
0.0026499999221414328,0.00044999999227002263,0.00419999985024333
0.002749999985098839,0.00044999999227002263,0.00419999985024333
-0.002749999985098839,0.0005499999970197678,0.00419999985024333
-0.0026499999221414328,0.0005499999970197678,0.00419999985024333
-0.0025500000920146704,0.0005499999970197678,0.00419999985024333
-0.0024500000290572643,0.0005499999970197678,0.00419999985024333
-0.0023499999660998583,0.0005499999970197678,0.00419999985024333
-0.0022499999031424522,0.0005499999970197678,0.00419999985024333
-0.00215000007301569,0.0005499999970197678,0.00419999985024333
-0.0016499999910593033,0.0005499999970197678,0.00419999985024333
-0.001550000044517219,0.0005499999970197678,0.00419999985024333
-0.001449999981559813,0.0005499999970197678,0.00419999985024333
-0.0013500000350177288,0.0005499999970197678,0.00419999985024333
-0.0012499999720603228,0.0005499999970197678,0.00419999985024333
-0.0011500000255182385,0.0005499999970197678,0.00419999985024333
-0.0005499999970197678,0.0005499999970197678,0.00419999985024333
-0.00044999999227002263,0.0005499999970197678,0.00419999985024333
-0.0003499999875202775,0.0005499999970197678,0.00419999985024333
-0.0002500000118743628,0.0005499999970197678,0.00419999985024333
-0.0001500000071246177,0.0005499999970197678,0.00419999985024333
-4.999999873689376e-05,0.0005499999970197678,0.00419999985024333
4.999999873689376e-05,0.0005499999970197678,0.00419999985024333
0.0001500000071246177,0.0005499999970197678,0.00419999985024333
0.0002500000118743628,0.0005499999970197678,0.00419999985024333
0.0003499999875202775,0.0005499999970197678,0.00419999985024333
0.00044999999227002263,0.0005499999970197678,0.00419999985024333
0.0005499999970197678,0.0005499999970197678,0.00419999985024333
0.0006500000017695129,0.0005499999970197678,0.00419999985024333
0.000750000006519258,0.0005499999970197678,0.00419999985024333
0.0008500000112690032,0.0005499999970197678,0.00419999985024333
0.0009500000160187483,0.0005499999970197678,0.00419999985024333
0.0010499999625608325,0.0005499999970197678,0.00419999985024333
0.0011500000255182385,0.0005499999970197678,0.00419999985024333
0.0012499999720603228,0.0005499999970197678,0.00419999985024333
0.0013500000350177288,0.0005499999970197678,0.00419999985024333
0.001449999981559813,0.0005499999970197678,0.00419999985024333
0.001550000044517219,0.0005499999970197678,0.00419999985024333
0.0016499999910593033,0.0005499999970197678,0.00419999985024333
0.0017500000540167093,0.0005499999970197678,0.00419999985024333
0.0018500000005587935,0.0005499999970197678,0.00419999985024333
0.0019499999471008778,0.0005499999970197678,0.00419999985024333
0.002050000010058284,0.0005499999970197678,0.00419999985024333
0.00215000007301569,0.0005499999970197678,0.00419999985024333
0.0022499999031424522,0.0005499999970197678,0.00419999985024333
0.0023499999660998583,0.0005499999970197678,0.00419999985024333
0.0024500000290572643,0.0005499999970197678,0.00419999985024333
0.0025500000920146704,0.0005499999970197678,0.00419999985024333
0.0026499999221414328,0.0005499999970197678,0.00419999985024333
0.002749999985098839,0.0005499999970197678,0.00419999985024333
0.002850000048056245,0.0005499999970197678,0.00419999985024333
-0.002850000048056245,0.0006500000017695129,0.00419999985024333
-0.002749999985098839,0.0006500000017695129,0.00419999985024333
-0.0026499999221414328,0.0006500000017695129,0.00419999985024333
-0.0025500000920146704,0.0006500000017695129,0.00419999985024333
-0.0024500000290572643,0.0006500000017695129,0.00419999985024333
-0.0023499999660998583,0.0006500000017695129,0.00419999985024333
-0.0022499999031424522,0.0006500000017695129,0.00419999985024333
-0.00215000007301569,0.0006500000017695129,0.00419999985024333
-0.002050000010058284,0.0006500000017695129,0.00419999985024333
-0.0017500000540167093,0.0006500000017695129,0.00419999985024333
-0.0016499999910593033,0.0006500000017695129,0.00419999985024333
-0.001550000044517219,0.0006500000017695129,0.00419999985024333
-0.001449999981559813,0.0006500000017695129,0.00419999985024333
-0.0013500000350177288,0.0006500000017695129,0.00419999985024333
-0.0012499999720603228,0.0006500000017695129,0.00419999985024333
-0.0011500000255182385,0.0006500000017695129,0.00419999985024333
-0.0006500000017695129,0.0006500000017695129,0.00419999985024333
-0.0005499999970197678,0.0006500000017695129,0.00419999985024333
-0.00044999999227002263,0.0006500000017695129,0.00419999985024333
-0.0003499999875202775,0.0006500000017695129,0.00419999985024333
-0.0002500000118743628,0.0006500000017695129,0.00419999985024333
-0.0001500000071246177,0.0006500000017695129,0.00419999985024333
-4.999999873689376e-05,0.0006500000017695129,0.00419999985024333
4.999999873689376e-05,0.0006500000017695129,0.00419999985024333
0.0001500000071246177,0.0006500000017695129,0.00419999985024333
0.0002500000118743628,0.0006500000017695129,0.00419999985024333
0.0003499999875202775,0.0006500000017695129,0.00419999985024333
0.00044999999227002263,0.0006500000017695129,0.00419999985024333
0.0005499999970197678,0.0006500000017695129,0.00419999985024333
0.0006500000017695129,0.0006500000017695129,0.00419999985024333
0.000750000006519258,0.0006500000017695129,0.00419999985024333
0.0008500000112690032,0.0006500000017695129,0.00419999985024333
0.0009500000160187483,0.0006500000017695129,0.00419999985024333
0.0010499999625608325,0.0006500000017695129,0.00419999985024333
0.0011500000255182385,0.0006500000017695129,0.00419999985024333
0.0012499999720603228,0.0006500000017695129,0.00419999985024333
0.0013500000350177288,0.0006500000017695129,0.00419999985024333
0.001449999981559813,0.0006500000017695129,0.00419999985024333
0.001550000044517219,0.0006500000017695129,0.00419999985024333
0.0016499999910593033,0.0006500000017695129,0.00419999985024333
0.0017500000540167093,0.0006500000017695129,0.00419999985024333
0.0018500000005587935,0.0006500000017695129,0.00419999985024333
0.0019499999471008778,0.0006500000017695129,0.00419999985024333
0.002050000010058284,0.0006500000017695129,0.00419999985024333
0.00215000007301569,0.0006500000017695129,0.00419999985024333
0.0022499999031424522,0.0006500000017695129,0.00419999985024333
0.0023499999660998583,0.0006500000017695129,0.00419999985024333
0.0024500000290572643,0.0006500000017695129,0.00419999985024333
0.0025500000920146704,0.0006500000017695129,0.00419999985024333
0.0026499999221414328,0.0006500000017695129,0.00419999985024333
0.002749999985098839,0.0006500000017695129,0.00419999985024333
0.002850000048056245,0.0006500000017695129,0.00419999985024333
0.002950000111013651,0.0006500000017695129,0.00419999985024333
-0.002950000111013651,0.000750000006519258,0.00419999985024333
-0.002850000048056245,0.000750000006519258,0.00419999985024333
-0.002749999985098839,0.000750000006519258,0.00419999985024333
-0.0026499999221414328,0.000750000006519258,0.00419999985024333
-0.0025500000920146704,0.000750000006519258,0.00419999985024333
-0.0024500000290572643,0.000750000006519258,0.00419999985024333
-0.0023499999660998583,0.000750000006519258,0.00419999985024333
-0.0022499999031424522,0.000750000006519258,0.00419999985024333
-0.00215000007301569,0.000750000006519258,0.00419999985024333
-0.002050000010058284,0.000750000006519258,0.00419999985024333
-0.0019499999471008778,0.000750000006519258,0.00419999985024333
-0.0018500000005587935,0.000750000006519258,0.00419999985024333
-0.0017500000540167093,0.000750000006519258,0.00419999985024333
-0.0016499999910593033,0.000750000006519258,0.00419999985024333
-0.0013500000350177288,0.000750000006519258,0.00419999985024333
-0.0012499999720603228,0.000750000006519258,0.00419999985024333
-0.0011500000255182385,0.000750000006519258,0.00419999985024333
-0.0010499999625608325,0.000750000006519258,0.00419999985024333
-0.000750000006519258,0.000750000006519258,0.00419999985024333
-0.0006500000017695129,0.000750000006519258,0.00419999985024333
-0.0005499999970197678,0.000750000006519258,0.00419999985024333
-0.00044999999227002263,0.000750000006519258,0.00419999985024333
-0.0003499999875202775,0.000750000006519258,0.00419999985024333
-0.0002500000118743628,0.000750000006519258,0.00419999985024333
-0.0001500000071246177,0.000750000006519258,0.00419999985024333
-4.999999873689376e-05,0.000750000006519258,0.00419999985024333
4.999999873689376e-05,0.000750000006519258,0.00419999985024333
0.0001500000071246177,0.000750000006519258,0.00419999985024333
0.0002500000118743628,0.000750000006519258,0.00419999985024333
0.0003499999875202775,0.000750000006519258,0.00419999985024333
0.00044999999227002263,0.000750000006519258,0.00419999985024333
0.0005499999970197678,0.000750000006519258,0.00419999985024333
0.0006500000017695129,0.000750000006519258,0.00419999985024333
0.000750000006519258,0.000750000006519258,0.00419999985024333
0.0008500000112690032,0.000750000006519258,0.00419999985024333
0.0009500000160187483,0.000750000006519258,0.00419999985024333
0.0010499999625608325,0.000750000006519258,0.00419999985024333
0.0011500000255182385,0.000750000006519258,0.00419999985024333
0.0012499999720603228,0.000750000006519258,0.00419999985024333
0.0013500000350177288,0.000750000006519258,0.00419999985024333
0.001449999981559813,0.000750000006519258,0.00419999985024333
0.001550000044517219,0.000750000006519258,0.00419999985024333
0.0016499999910593033,0.000750000006519258,0.00419999985024333
0.0017500000540167093,0.000750000006519258,0.00419999985024333
0.0018500000005587935,0.000750000006519258,0.00419999985024333
0.0019499999471008778,0.000750000006519258,0.00419999985024333
0.002050000010058284,0.000750000006519258,0.00419999985024333
0.00215000007301569,0.000750000006519258,0.00419999985024333
0.0022499999031424522,0.000750000006519258,0.00419999985024333
0.0023499999660998583,0.000750000006519258,0.00419999985024333
0.0024500000290572643,0.000750000006519258,0.00419999985024333
0.0025500000920146704,0.000750000006519258,0.00419999985024333
0.0026499999221414328,0.000750000006519258,0.00419999985024333
0.002749999985098839,0.000750000006519258,0.00419999985024333
0.002850000048056245,0.000750000006519258,0.00419999985024333
0.002950000111013651,0.000750000006519258,0.00419999985024333
0.003050000173971057,0.000750000006519258,0.00419999985024333
-0.003050000173971057,0.0008500000694766641,0.00419999985024333
-0.002950000111013651,0.0008500000112690032,0.00419999985024333
-0.002850000048056245,0.0008500000112690032,0.00419999985024333
-0.002749999985098839,0.0008500000112690032,0.00419999985024333
-0.0026499999221414328,0.0008500000112690032,0.00419999985024333
-0.0025500000920146704,0.0008500000112690032,0.00419999985024333
-0.0024500000290572643,0.0008500000112690032,0.00419999985024333
-0.0023499999660998583,0.0008500000112690032,0.00419999985024333
-0.0022499999031424522,0.0008500000112690032,0.00419999985024333
-0.00215000007301569,0.0008500000112690032,0.00419999985024333
-0.002050000010058284,0.0008500000112690032,0.00419999985024333
-0.0019499999471008778,0.0008500000112690032,0.00419999985024333
-0.0018500000005587935,0.0008500000112690032,0.00419999985024333
-0.0017500000540167093,0.0008500000112690032,0.00419999985024333
-0.0012499999720603228,0.0008500000112690032,0.00419999985024333
-0.0011500000255182385,0.0008500000112690032,0.00419999985024333
-0.0010499999625608325,0.0008500000112690032,0.00419999985024333
-0.0009500000160187483,0.0008500000112690032,0.00419999985024333
-0.0008500000112690032,0.0008500000112690032,0.00419999985024333
-0.000750000006519258,0.0008500000112690032,0.00419999985024333
-0.00044999999227002263,0.0008500000112690032,0.00419999985024333
-0.0003499999875202775,0.0008500000112690032,0.00419999985024333
-0.0002500000118743628,0.0008500000112690032,0.00419999985024333
-0.0001500000071246177,0.0008500000112690032,0.00419999985024333
-4.999999873689376e-05,0.0008500000112690032,0.00419999985024333
4.999999873689376e-05,0.0008500000112690032,0.00419999985024333
0.0001500000071246177,0.0008500000112690032,0.00419999985024333
0.0002500000118743628,0.0008500000112690032,0.00419999985024333
0.0003499999875202775,0.0008500000112690032,0.00419999985024333
0.00044999999227002263,0.0008500000112690032,0.00419999985024333
0.0005499999970197678,0.0008500000112690032,0.00419999985024333
0.0006500000017695129,0.0008500000112690032,0.00419999985024333
0.000750000006519258,0.0008500000112690032,0.00419999985024333
0.0008500000112690032,0.0008500000112690032,0.00419999985024333
0.0009500000160187483,0.0008500000112690032,0.00419999985024333
0.0010499999625608325,0.0008500000112690032,0.00419999985024333
0.0011500000255182385,0.0008500000112690032,0.00419999985024333
0.0012499999720603228,0.0008500000112690032,0.00419999985024333
0.0013500000350177288,0.0008500000112690032,0.00419999985024333
0.001449999981559813,0.0008500000112690032,0.00419999985024333
0.001550000044517219,0.0008500000112690032,0.00419999985024333
0.0016499999910593033,0.0008500000112690032,0.00419999985024333
0.0017500000540167093,0.0008500000112690032,0.00419999985024333
0.0018500000005587935,0.0008500000112690032,0.00419999985024333
0.0019499999471008778,0.0008500000112690032,0.00419999985024333
0.002050000010058284,0.0008500000112690032,0.00419999985024333
0.00215000007301569,0.0008500000112690032,0.00419999985024333
0.0022499999031424522,0.0008500000112690032,0.00419999985024333
0.0023499999660998583,0.0008500000112690032,0.00419999985024333
0.0024500000290572643,0.0008500000112690032,0.00419999985024333
0.0025500000920146704,0.0008500000112690032,0.00419999985024333
0.0026499999221414328,0.0008500000112690032,0.00419999985024333
0.002749999985098839,0.0008500000112690032,0.00419999985024333
0.002850000048056245,0.0008500000112690032,0.00419999985024333
0.002950000111013651,0.0008500000112690032,0.00419999985024333
0.003050000173971057,0.0008500000694766641,0.00419999985024333
-0.0031500018667429686,0.0009500004816800356,0.00419999985024333
-0.0030500004068017006,0.0009500000742264092,0.00419999985024333
-0.002950000111013651,0.0009500000160187483,0.00419999985024333
-0.002850000048056245,0.0009500000160187483,0.00419999985024333
-0.002749999985098839,0.0009500000160187483,0.00419999985024333
-0.0026499999221414328,0.0009500000160187483,0.00419999985024333
-0.0025500000920146704,0.0009500000160187483,0.00419999985024333
-0.0024500000290572643,0.0009500000160187483,0.00419999985024333
-0.0023499999660998583,0.0009500000160187483,0.00419999985024333
-0.0022499999031424522,0.0009500000160187483,0.00419999985024333
-0.00215000007301569,0.0009500000160187483,0.00419999985024333
-0.002050000010058284,0.0009500000160187483,0.00419999985024333
-0.0019499999471008778,0.0009500000160187483,0.00419999985024333
-0.0018500000005587935,0.0009500000160187483,0.00419999985024333
-0.0012499999720603228,0.0009500000160187483,0.00419999985024333
-0.0011500000255182385,0.0009500000160187483,0.00419999985024333
-0.0010499999625608325,0.0009500000160187483,0.00419999985024333
-0.0009500000160187483,0.0009500000160187483,0.00419999985024333
-0.0008500000112690032,0.0009500000160187483,0.00419999985024333
-0.0003499999875202775,0.0009500000160187483,0.00419999985024333
-0.0002500000118743628,0.0009500000160187483,0.00419999985024333
-0.0001500000071246177,0.0009500000160187483,0.00419999985024333
-4.999999873689376e-05,0.0009500000160187483,0.00419999985024333
4.999999873689376e-05,0.0009500000160187483,0.00419999985024333
0.0001500000071246177,0.0009500000160187483,0.00419999985024333
0.0002500000118743628,0.0009500000160187483,0.00419999985024333
0.0003499999875202775,0.0009500000160187483,0.00419999985024333
0.00044999999227002263,0.0009500000160187483,0.00419999985024333
0.0005499999970197678,0.0009500000160187483,0.00419999985024333
0.0006500000017695129,0.0009500000160187483,0.00419999985024333
0.000750000006519258,0.0009500000160187483,0.00419999985024333
0.0008500000112690032,0.0009500000160187483,0.00419999985024333
0.0009500000160187483,0.0009500000160187483,0.00419999985024333
0.0010499999625608325,0.0009500000160187483,0.00419999985024333
0.0011500000255182385,0.0009500000160187483,0.00419999985024333
0.0012499999720603228,0.0009500000160187483,0.00419999985024333
0.0013500000350177288,0.0009500000160187483,0.00419999985024333
0.001449999981559813,0.0009500000160187483,0.00419999985024333
0.001550000044517219,0.0009500000160187483,0.00419999985024333
0.0016499999910593033,0.0009500000160187483,0.00419999985024333
0.0017500000540167093,0.0009500000160187483,0.00419999985024333
0.0018500000005587935,0.0009500000160187483,0.00419999985024333
0.0019499999471008778,0.0009500000160187483,0.00419999985024333
0.002050000010058284,0.0009500000160187483,0.00419999985024333
0.00215000007301569,0.0009500000160187483,0.00419999985024333
0.0022499999031424522,0.0009500000160187483,0.00419999985024333
0.0023499999660998583,0.0009500000160187483,0.00419999985024333
0.0024500000290572643,0.0009500000160187483,0.00419999985024333
0.0025500000920146704,0.0009500000160187483,0.00419999985024333
0.0026499999221414328,0.0009500000160187483,0.00419999985024333
0.002749999985098839,0.0009500000160187483,0.00419999985024333
0.002850000048056245,0.0009500000160187483,0.00419999985024333
0.002950000111013651,0.0009500000160187483,0.00419999985024333
0.0030500004068017006,0.0009500000742264092,0.00419999985024333
0.0031500018667429686,0.0009500004816800356,0.00419999985024333
-0.003150002798065543,0.0010500008938834071,0.00419999985024333
-0.0030500006396323442,0.0010500001953914762,0.00419999985024333
-0.002950000111013651,0.0010500000789761543,0.00419999985024333
-0.002850000048056245,0.0010499999625608325,0.00419999985024333
-0.002749999985098839,0.0010499999625608325,0.00419999985024333
-0.0026499999221414328,0.0010499999625608325,0.00419999985024333
-0.0025500000920146704,0.0010499999625608325,0.00419999985024333
-0.0024500000290572643,0.0010499999625608325,0.00419999985024333
-0.0023499999660998583,0.0010499999625608325,0.00419999985024333
-0.0022499999031424522,0.0010499999625608325,0.00419999985024333
-0.00215000007301569,0.0010499999625608325,0.00419999985024333
-0.002050000010058284,0.0010499999625608325,0.00419999985024333
-0.0019499999471008778,0.0010499999625608325,0.00419999985024333
-0.0013500000350177288,0.0010499999625608325,0.00419999985024333
-0.0012499999720603228,0.0010499999625608325,0.00419999985024333
-0.0011500000255182385,0.0010499999625608325,0.00419999985024333
-0.0010499999625608325,0.0010499999625608325,0.00419999985024333
-0.0009500000160187483,0.0010499999625608325,0.00419999985024333
-0.0008500000112690032,0.0010499999625608325,0.00419999985024333
-0.0003499999875202775,0.0010499999625608325,0.00419999985024333
-0.0002500000118743628,0.0010499999625608325,0.00419999985024333
-0.0001500000071246177,0.0010499999625608325,0.00419999985024333
-4.999999873689376e-05,0.0010499999625608325,0.00419999985024333
4.999999873689376e-05,0.0010499999625608325,0.00419999985024333
0.0001500000071246177,0.0010499999625608325,0.00419999985024333
0.0002500000118743628,0.0010499999625608325,0.00419999985024333
0.0003499999875202775,0.0010499999625608325,0.00419999985024333
0.00044999999227002263,0.0010499999625608325,0.00419999985024333
0.0005499999970197678,0.0010499999625608325,0.00419999985024333
0.0006500000017695129,0.0010499999625608325,0.00419999985024333
0.000750000006519258,0.0010499999625608325,0.00419999985024333
0.0008500000112690032,0.0010499999625608325,0.00419999985024333
0.0009500000160187483,0.0010499999625608325,0.00419999985024333
0.0010499999625608325,0.0010499999625608325,0.00419999985024333
0.0011500000255182385,0.0010499999625608325,0.00419999985024333
0.0012499999720603228,0.0010499999625608325,0.00419999985024333
0.0013500000350177288,0.0010499999625608325,0.00419999985024333
0.001449999981559813,0.0010499999625608325,0.00419999985024333
0.001550000044517219,0.0010499999625608325,0.00419999985024333
0.0016499999910593033,0.0010499999625608325,0.00419999985024333
0.0017500000540167093,0.0010499999625608325,0.00419999985024333
0.0018500000005587935,0.0010499999625608325,0.00419999985024333
0.0019499999471008778,0.0010499999625608325,0.00419999985024333
0.002050000010058284,0.0010499999625608325,0.00419999985024333
0.00215000007301569,0.0010499999625608325,0.00419999985024333
0.0022499999031424522,0.0010499999625608325,0.00419999985024333
0.0023499999660998583,0.0010499999625608325,0.00419999985024333
0.0024500000290572643,0.0010499999625608325,0.00419999985024333
0.0025500000920146704,0.0010499999625608325,0.00419999985024333
0.0026499999221414328,0.0010499999625608325,0.00419999985024333
0.002749999985098839,0.0010499999625608325,0.00419999985024333
0.002850000048056245,0.0010499999625608325,0.00419999985024333
0.002950000111013651,0.0010500000789761543,0.00419999985024333
0.0030500006396323442,0.0010500001953914762,0.00419999985024333
0.003150002798065543,0.0010500008938834071,0.00419999985024333
-0.003050000872462988,0.001150000374764204,0.00419999985024333
-0.002950000111013651,0.0011500000255182385,0.00419999985024333
-0.002850000048056245,0.0011500000255182385,0.00419999985024333
-0.002749999985098839,0.0011500000255182385,0.00419999985024333
-0.0026499999221414328,0.0011500000255182385,0.00419999985024333
-0.0025500000920146704,0.0011500000255182385,0.00419999985024333
-0.0024500000290572643,0.0011500000255182385,0.00419999985024333
-0.0023499999660998583,0.0011500000255182385,0.00419999985024333
-0.0022499999031424522,0.0011500000255182385,0.00419999985024333
-0.00215000007301569,0.0011500000255182385,0.00419999985024333
-0.002050000010058284,0.0011500000255182385,0.00419999985024333
-0.0019499999471008778,0.0011500000255182385,0.00419999985024333
-0.001449999981559813,0.0011500000255182385,0.00419999985024333
-0.0013500000350177288,0.0011500000255182385,0.00419999985024333
-0.0012499999720603228,0.0011500000255182385,0.00419999985024333
-0.0011500000255182385,0.0011500000255182385,0.00419999985024333
-0.0010499999625608325,0.0011500000255182385,0.00419999985024333
-0.0009500000160187483,0.0011500000255182385,0.00419999985024333
-0.0008500000112690032,0.0011500000255182385,0.00419999985024333
-0.000750000006519258,0.0011500000255182385,0.00419999985024333
-0.00044999999227002263,0.0011500000255182385,0.00419999985024333
-0.0003499999875202775,0.0011500000255182385,0.00419999985024333
-0.0002500000118743628,0.0011500000255182385,0.00419999985024333
-0.0001500000071246177,0.0011500000255182385,0.00419999985024333
-4.999999873689376e-05,0.0011500000255182385,0.00419999985024333
4.999999873689376e-05,0.0011500000255182385,0.00419999985024333
0.0001500000071246177,0.0011500000255182385,0.00419999985024333
0.0002500000118743628,0.0011500000255182385,0.00419999985024333
0.0003499999875202775,0.0011500000255182385,0.00419999985024333
0.00044999999227002263,0.0011500000255182385,0.00419999985024333
0.0005499999970197678,0.0011500000255182385,0.00419999985024333
0.0006500000017695129,0.0011500000255182385,0.00419999985024333
0.000750000006519258,0.0011500000255182385,0.00419999985024333
0.0008500000112690032,0.0011500000255182385,0.00419999985024333
0.0009500000160187483,0.0011500000255182385,0.00419999985024333
0.0010499999625608325,0.0011500000255182385,0.00419999985024333
0.0011500000255182385,0.0011500000255182385,0.00419999985024333
0.0012499999720603228,0.0011500000255182385,0.00419999985024333
0.0013500000350177288,0.0011500000255182385,0.00419999985024333
0.001449999981559813,0.0011500000255182385,0.00419999985024333
0.001550000044517219,0.0011500000255182385,0.00419999985024333
0.0016499999910593033,0.0011500000255182385,0.00419999985024333
0.0017500000540167093,0.0011500000255182385,0.00419999985024333
0.0018500000005587935,0.0011500000255182385,0.00419999985024333
0.0019499999471008778,0.0011500000255182385,0.00419999985024333
0.002050000010058284,0.0011500000255182385,0.00419999985024333
0.00215000007301569,0.0011500000255182385,0.00419999985024333
0.0022499999031424522,0.0011500000255182385,0.00419999985024333
0.0023499999660998583,0.0011500000255182385,0.00419999985024333
0.0024500000290572643,0.0011500000255182385,0.00419999985024333
0.0025500000920146704,0.0011500000255182385,0.00419999985024333
0.0026499999221414328,0.0011500000255182385,0.00419999985024333
0.002749999985098839,0.0011500000255182385,0.00419999985024333
0.002850000048056245,0.0011500000255182385,0.00419999985024333
0.002950000111013651,0.0011500000255182385,0.00419999985024333
0.003050000872462988,0.001150000374764204,0.00419999985024333
0.0031500046607106924,0.0011500016553327441,0.00419999985024333
-0.0030500018037855625,0.0012500006705522537,0.00419999985024333
-0.0029500003438442945,0.0012500000884756446,0.00419999985024333
-0.002850000048056245,0.0012499999720603228,0.00419999985024333
-0.002749999985098839,0.0012499999720603228,0.00419999985024333
-0.0026499999221414328,0.0012499999720603228,0.00419999985024333
-0.0025500000920146704,0.0012499999720603228,0.00419999985024333
-0.0024500000290572643,0.0012499999720603228,0.00419999985024333
-0.0023499999660998583,0.0012499999720603228,0.00419999985024333
-0.0022499999031424522,0.0012499999720603228,0.00419999985024333
-0.00215000007301569,0.0012499999720603228,0.00419999985024333
-0.002050000010058284,0.0012499999720603228,0.00419999985024333
-0.0019499999471008778,0.0012499999720603228,0.00419999985024333
-0.0018500000005587935,0.0012499999720603228,0.00419999985024333
-0.001550000044517219,0.0012499999720603228,0.00419999985024333
-0.001449999981559813,0.0012499999720603228,0.00419999985024333
-0.0013500000350177288,0.0012499999720603228,0.00419999985024333
-0.0012499999720603228,0.0012499999720603228,0.00419999985024333
-0.0011500000255182385,0.0012499999720603228,0.00419999985024333
-0.0010499999625608325,0.0012499999720603228,0.00419999985024333
-0.0009500000160187483,0.0012499999720603228,0.00419999985024333
-0.0008500000112690032,0.0012499999720603228,0.00419999985024333
-0.000750000006519258,0.0012499999720603228,0.00419999985024333
-0.0006500000017695129,0.0012499999720603228,0.00419999985024333
-0.0003499999875202775,0.0012499999720603228,0.00419999985024333
-0.0002500000118743628,0.0012499999720603228,0.00419999985024333
-0.0001500000071246177,0.0012499999720603228,0.00419999985024333
-4.999999873689376e-05,0.0012499999720603228,0.00419999985024333
4.999999873689376e-05,0.0012499999720603228,0.00419999985024333
0.0001500000071246177,0.0012499999720603228,0.00419999985024333
0.0002500000118743628,0.0012499999720603228,0.00419999985024333
0.0003499999875202775,0.0012499999720603228,0.00419999985024333
0.00044999999227002263,0.0012499999720603228,0.00419999985024333
0.0005499999970197678,0.0012499999720603228,0.00419999985024333
0.0006500000017695129,0.0012499999720603228,0.00419999985024333
0.000750000006519258,0.0012499999720603228,0.00419999985024333
0.0008500000112690032,0.0012499999720603228,0.00419999985024333
0.0009500000160187483,0.0012499999720603228,0.00419999985024333
0.0010499999625608325,0.0012499999720603228,0.00419999985024333
0.0011500000255182385,0.0012499999720603228,0.00419999985024333
0.0012499999720603228,0.0012499999720603228,0.00419999985024333
0.0013500000350177288,0.0012499999720603228,0.00419999985024333
0.001449999981559813,0.0012499999720603228,0.00419999985024333
0.001550000044517219,0.0012499999720603228,0.00419999985024333
0.0016499999910593033,0.0012499999720603228,0.00419999985024333
0.0017500000540167093,0.0012499999720603228,0.00419999985024333
0.0018500000005587935,0.0012499999720603228,0.00419999985024333
0.0019499999471008778,0.0012499999720603228,0.00419999985024333
0.002050000010058284,0.0012499999720603228,0.00419999985024333
0.00215000007301569,0.0012499999720603228,0.00419999985024333
0.0022499999031424522,0.0012499999720603228,0.00419999985024333
0.0023499999660998583,0.0012499999720603228,0.00419999985024333
0.0024500000290572643,0.0012499999720603228,0.00419999985024333
0.0025500000920146704,0.0012499999720603228,0.00419999985024333
0.0026499999221414328,0.0012499999720603228,0.00419999985024333
0.002749999985098839,0.0012499999720603228,0.00419999985024333
0.002850000048056245,0.0012499999720603228,0.00419999985024333
0.0029500003438442945,0.0012500000884756446,0.00419999985024333
0.0030500018037855625,0.0012500006705522537,0.00419999985024333
0.003150008153170347,0.001250003115274012,0.00419999985024333
0.0032500328961759806,0.0012500123120844364,0.00419999985024333
-0.002950000809505582,0.0013500002678483725,0.00419999985024333
-0.002850000048056245,0.0013500000350177288,0.00419999985024333
-0.002749999985098839,0.0013500000350177288,0.00419999985024333
-0.0026499999221414328,0.0013500000350177288,0.00419999985024333
-0.0025500000920146704,0.0013500000350177288,0.00419999985024333
-0.0024500000290572643,0.0013500000350177288,0.00419999985024333
-0.0023499999660998583,0.0013500000350177288,0.00419999985024333
-0.0022499999031424522,0.0013500000350177288,0.00419999985024333
-0.00215000007301569,0.0013500000350177288,0.00419999985024333
-0.0018500000005587935,0.0013500000350177288,0.00419999985024333
-0.0017500000540167093,0.0013500000350177288,0.00419999985024333
-0.0016499999910593033,0.0013500000350177288,0.00419999985024333
-0.001550000044517219,0.0013500000350177288,0.00419999985024333
-0.001449999981559813,0.0013500000350177288,0.00419999985024333
-0.0013500000350177288,0.0013500000350177288,0.00419999985024333
-0.0012499999720603228,0.0013500000350177288,0.00419999985024333
-0.0011500000255182385,0.0013500000350177288,0.00419999985024333
-0.0010499999625608325,0.0013500000350177288,0.00419999985024333
-0.0009500000160187483,0.0013500000350177288,0.00419999985024333
-0.0008500000112690032,0.0013500000350177288,0.00419999985024333
-0.000750000006519258,0.0013500000350177288,0.00419999985024333
-0.0002500000118743628,0.0013500000350177288,0.00419999985024333
-0.0001500000071246177,0.0013500000350177288,0.00419999985024333
-4.999999873689376e-05,0.0013500000350177288,0.00419999985024333
4.999999873689376e-05,0.0013500000350177288,0.00419999985024333
0.0001500000071246177,0.0013500000350177288,0.00419999985024333
0.0002500000118743628,0.0013500000350177288,0.00419999985024333
0.0003499999875202775,0.0013500000350177288,0.00419999985024333
0.00044999999227002263,0.0013500000350177288,0.00419999985024333
0.0005499999970197678,0.0013500000350177288,0.00419999985024333
0.0006500000017695129,0.0013500000350177288,0.00419999985024333
0.000750000006519258,0.0013500000350177288,0.00419999985024333
0.0008500000112690032,0.0013500000350177288,0.00419999985024333
0.0009500000160187483,0.0013500000350177288,0.00419999985024333
0.0010499999625608325,0.0013500000350177288,0.00419999985024333
0.0011500000255182385,0.0013500000350177288,0.00419999985024333
0.0012499999720603228,0.0013500000350177288,0.00419999985024333
0.0013500000350177288,0.0013500000350177288,0.00419999985024333
0.001449999981559813,0.0013500000350177288,0.00419999985024333
0.001550000044517219,0.0013500000350177288,0.00419999985024333
0.0016499999910593033,0.0013500000350177288,0.00419999985024333
0.0017500000540167093,0.0013500000350177288,0.00419999985024333
0.0018500000005587935,0.0013500000350177288,0.00419999985024333
0.0019499999471008778,0.0013500000350177288,0.00419999985024333
0.002050000010058284,0.0013500000350177288,0.00419999985024333
0.00215000007301569,0.0013500000350177288,0.00419999985024333
0.0022499999031424522,0.0013500000350177288,0.00419999985024333
0.0023499999660998583,0.0013500000350177288,0.00419999985024333
0.0024500000290572643,0.0013500000350177288,0.00419999985024333
0.0025500000920146704,0.0013500000350177288,0.00419999985024333
0.0026499999221414328,0.0013500000350177288,0.00419999985024333
0.002749999985098839,0.0013500000350177288,0.00419999985024333
0.002850000048056245,0.0013500000350177288,0.00419999985024333
0.002950000809505582,0.0013500002678483725,0.00419999985024333
0.0030500036664307117,0.0013500015484169126,0.00419999985024333
0.0031500153709203005,0.0013500065542757511,0.00419999985024333
0.003250058041885495,0.0013500240165740252,0.00419999985024333
0.0033501889556646347,0.0013500764034688473,0.00419999985024333
0.0034505256917327642,0.0013502074871212244,0.00419999985024333
-0.002950001507997513,0.0014500007964670658,0.00419999985024333
-0.0028500002808868885,0.0014500000979751348,0.00419999985024333
-0.002749999985098839,0.001449999981559813,0.00419999985024333
-0.0026499999221414328,0.001449999981559813,0.00419999985024333
-0.0025500000920146704,0.001449999981559813,0.00419999985024333
-0.0024500000290572643,0.001449999981559813,0.00419999985024333
-0.0023499999660998583,0.001449999981559813,0.00419999985024333
-0.0022499999031424522,0.001449999981559813,0.00419999985024333
-0.0017500000540167093,0.001449999981559813,0.00419999985024333
-0.0016499999910593033,0.001449999981559813,0.00419999985024333
-0.001550000044517219,0.001449999981559813,0.00419999985024333
-0.001449999981559813,0.001449999981559813,0.00419999985024333
-0.0013500000350177288,0.001449999981559813,0.00419999985024333
-0.0010499999625608325,0.001449999981559813,0.00419999985024333
-0.0009500000160187483,0.001449999981559813,0.00419999985024333
-0.0008500000112690032,0.001449999981559813,0.00419999985024333
-0.000750000006519258,0.001449999981559813,0.00419999985024333
-0.0002500000118743628,0.001449999981559813,0.00419999985024333
-0.0001500000071246177,0.001449999981559813,0.00419999985024333
-4.999999873689376e-05,0.001449999981559813,0.00419999985024333
4.999999873689376e-05,0.001449999981559813,0.00419999985024333
0.0001500000071246177,0.001449999981559813,0.00419999985024333
0.0002500000118743628,0.001449999981559813,0.00419999985024333
0.0003499999875202775,0.001449999981559813,0.00419999985024333
0.00044999999227002263,0.001449999981559813,0.00419999985024333
0.0005499999970197678,0.001449999981559813,0.00419999985024333
0.0006500000017695129,0.001449999981559813,0.00419999985024333
0.000750000006519258,0.001449999981559813,0.00419999985024333
0.0008500000112690032,0.001449999981559813,0.00419999985024333
0.0009500000160187483,0.001449999981559813,0.00419999985024333
0.0010499999625608325,0.001449999981559813,0.00419999985024333
0.0011500000255182385,0.001449999981559813,0.00419999985024333
0.0012499999720603228,0.001449999981559813,0.00419999985024333
0.0013500000350177288,0.001449999981559813,0.00419999985024333
0.001449999981559813,0.001449999981559813,0.00419999985024333
0.001550000044517219,0.001449999981559813,0.00419999985024333
0.0016499999910593033,0.001449999981559813,0.00419999985024333
0.0017500000540167093,0.001449999981559813,0.00419999985024333
0.0018500000005587935,0.001449999981559813,0.00419999985024333
0.0019499999471008778,0.001449999981559813,0.00419999985024333
0.002050000010058284,0.001449999981559813,0.00419999985024333
0.00215000007301569,0.001449999981559813,0.00419999985024333
0.0022499999031424522,0.001449999981559813,0.00419999985024333
0.0023499999660998583,0.001449999981559813,0.00419999985024333
0.0024500000290572643,0.001449999981559813,0.00419999985024333
0.0025500000920146704,0.001449999981559813,0.00419999985024333
0.0026499999221414328,0.001449999981559813,0.00419999985024333
0.002749999985098839,0.001449999981559813,0.00419999985024333
0.0028500002808868885,0.0014500000979751348,0.00419999985024333
0.003150030504912138,0.0014500137185677886,0.00419999985024333
0.0032501083333045244,0.0014500479446724057,0.00419999985024333
0.0033503309823572636,0.001450143987312913,0.00419999985024333
0.003450864925980568,0.0014503696002066135,0.00419999985024333
0.0035519099328666925,0.0014507992891594768,0.00419999985024333
0.0036524718161672354,0.0013509162236005068,0.00419999985024333
-0.002950003370642662,0.0015500016743317246,0.00419999985024333
-0.002850000746548176,0.0015500003937631845,0.00419999985024333
-0.0027500002179294825,0.001550000044517219,0.00419999985024333
-0.0026499999221414328,0.001550000044517219,0.00419999985024333
-0.0025500000920146704,0.001550000044517219,0.00419999985024333
-0.0024500000290572643,0.001550000044517219,0.00419999985024333
-0.0023499999660998583,0.001550000044517219,0.00419999985024333
-0.0022499999031424522,0.001550000044517219,0.00419999985024333
-0.0017500000540167093,0.001550000044517219,0.00419999985024333
-0.0016499999910593033,0.001550000044517219,0.00419999985024333
-0.001550000044517219,0.001550000044517219,0.00419999985024333
-0.001449999981559813,0.001550000044517219,0.00419999985024333
-0.0009500000160187483,0.001550000044517219,0.00419999985024333
-0.0008500000112690032,0.001550000044517219,0.00419999985024333
-0.000750000006519258,0.001550000044517219,0.00419999985024333
-0.0006500000017695129,0.001550000044517219,0.00419999985024333
-0.0001500000071246177,0.001550000044517219,0.00419999985024333
-4.999999873689376e-05,0.001550000044517219,0.00419999985024333
4.999999873689376e-05,0.001550000044517219,0.00419999985024333
0.0001500000071246177,0.001550000044517219,0.00419999985024333
0.0002500000118743628,0.001550000044517219,0.00419999985024333
0.0003499999875202775,0.001550000044517219,0.00419999985024333
0.00044999999227002263,0.001550000044517219,0.00419999985024333
0.0005499999970197678,0.001550000044517219,0.00419999985024333
0.0006500000017695129,0.001550000044517219,0.00419999985024333
0.000750000006519258,0.001550000044517219,0.00419999985024333
0.0008500000112690032,0.001550000044517219,0.00419999985024333
0.0009500000160187483,0.001550000044517219,0.00419999985024333
0.0010499999625608325,0.001550000044517219,0.00419999985024333
0.0011500000255182385,0.001550000044517219,0.00419999985024333
0.0012499999720603228,0.001550000044517219,0.00419999985024333
0.0013500000350177288,0.001550000044517219,0.00419999985024333
0.001449999981559813,0.001550000044517219,0.00419999985024333
0.001550000044517219,0.001550000044517219,0.00419999985024333
0.0016499999910593033,0.001550000044517219,0.00419999985024333
0.0017500000540167093,0.001550000044517219,0.00419999985024333
0.0018500000005587935,0.001550000044517219,0.00419999985024333
0.0019499999471008778,0.001550000044517219,0.00419999985024333
0.002050000010058284,0.001550000044517219,0.00419999985024333
0.00215000007301569,0.001550000044517219,0.00419999985024333
0.0022499999031424522,0.001550000044517219,0.00419999985024333
0.0023499999660998583,0.001550000044517219,0.00419999985024333
0.0024500000290572643,0.001550000044517219,0.00419999985024333
0.0025500000920146704,0.001550000044517219,0.00419999985024333
0.0026499999221414328,0.001550000044517219,0.00419999985024333
0.003350567538291216,0.0015502595342695713,0.00419999985024333
0.0034514397848397493,0.0015506468480452895,0.00419999985024333
0.0035519099328666925,0.0014507994055747986,0.00419999985024333
-0.0028500016778707504,0.001650000922381878,0.00419999985024333
-0.0027500002179294825,0.001650000223889947,0.00419999985024333
-0.0026500001549720764,0.0016499999910593033,0.00419999985024333
-0.0025500000920146704,0.0016499999910593033,0.00419999985024333
-0.0024500000290572643,0.0016499999910593033,0.00419999985024333
-0.0023499999660998583,0.0016499999910593033,0.00419999985024333
-0.0022499999031424522,0.0016499999910593033,0.00419999985024333
-0.00215000007301569,0.0016499999910593033,0.00419999985024333
-0.0018500000005587935,0.0016499999910593033,0.00419999985024333
-0.0017500000540167093,0.0016499999910593033,0.00419999985024333
-0.0016499999910593033,0.0016499999910593033,0.00419999985024333
-0.001550000044517219,0.0016499999910593033,0.00419999985024333
-0.001449999981559813,0.0016499999910593033,0.00419999985024333
-0.0009500000160187483,0.0016499999910593033,0.00419999985024333
-0.0008500000112690032,0.0016499999910593033,0.00419999985024333
-0.000750000006519258,0.0016499999910593033,0.00419999985024333
-0.0006500000017695129,0.0016499999910593033,0.00419999985024333
-0.0005499999970197678,0.0016499999910593033,0.00419999985024333
-4.999999873689376e-05,0.0016499999910593033,0.00419999985024333
4.999999873689376e-05,0.0016499999910593033,0.00419999985024333
0.0001500000071246177,0.0016499999910593033,0.00419999985024333
0.0002500000118743628,0.0016499999910593033,0.00419999985024333
0.0003499999875202775,0.0016499999910593033,0.00419999985024333
0.00044999999227002263,0.0016499999910593033,0.00419999985024333
0.0005499999970197678,0.0016499999910593033,0.00419999985024333
0.0006500000017695129,0.0016499999910593033,0.00419999985024333
0.000750000006519258,0.0016499999910593033,0.00419999985024333
0.0008500000112690032,0.0016499999910593033,0.00419999985024333
0.0009500000160187483,0.0016499999910593033,0.00419999985024333
0.0010499999625608325,0.0016499999910593033,0.00419999985024333
0.0011500000255182385,0.0016499999910593033,0.00419999985024333
0.0012499999720603228,0.0016499999910593033,0.00419999985024333
0.0013500000350177288,0.0016499999910593033,0.00419999985024333
0.001449999981559813,0.0016499999910593033,0.00419999985024333
0.001550000044517219,0.0016499999910593033,0.00419999985024333
0.0016499999910593033,0.0016499999910593033,0.00419999985024333
0.0017500000540167093,0.0016499999910593033,0.00419999985024333
0.0018500000005587935,0.0016499999910593033,0.00419999985024333
0.0019499999471008778,0.0016499999910593033,0.00419999985024333
0.002050000010058284,0.0016499999910593033,0.00419999985024333
0.00215000007301569,0.0016499999910593033,0.00419999985024333
0.0022499999031424522,0.0016499999910593033,0.00419999985024333
0.0023499999660998583,0.0016499999910593033,0.00419999985024333
0.0024500000290572643,0.0016499999910593033,0.00419999985024333
0.0025500000920146704,0.0016499999910593033,0.00419999985024333
0.0035531288012862206,0.0015513825928792357,0.00419999985024333
-0.0028500037733465433,0.001750002265907824,0.00419999985024333
-0.0027500009164214134,0.0017500005196779966,0.00419999985024333
-0.0026500001549720764,0.0017500000540167093,0.00419999985024333
-0.0025500000920146704,0.0017500000540167093,0.00419999985024333
-0.0024500000290572643,0.0017500000540167093,0.00419999985024333
-0.0023499999660998583,0.0017500000540167093,0.00419999985024333
-0.0022499999031424522,0.0017500000540167093,0.00419999985024333
-0.00215000007301569,0.0017500000540167093,0.00419999985024333
-0.002050000010058284,0.0017500000540167093,0.00419999985024333
-0.0019499999471008778,0.0017500000540167093,0.00419999985024333
-0.0018500000005587935,0.0017500000540167093,0.00419999985024333
-0.0017500000540167093,0.0017500000540167093,0.00419999985024333
-0.0016499999910593033,0.0017500000540167093,0.00419999985024333
-0.001550000044517219,0.0017500000540167093,0.00419999985024333
-0.001449999981559813,0.0017500000540167093,0.00419999985024333
-0.0013500000350177288,0.0017500000540167093,0.00419999985024333
-0.0010499999625608325,0.0017500000540167093,0.00419999985024333
-0.0009500000160187483,0.0017500000540167093,0.00419999985024333
-0.0008500000112690032,0.0017500000540167093,0.00419999985024333
-0.000750000006519258,0.0017500000540167093,0.00419999985024333
-0.0006500000017695129,0.0017500000540167093,0.00419999985024333
-0.0005499999970197678,0.0017500000540167093,0.00419999985024333
-4.999999873689376e-05,0.0017500000540167093,0.00419999985024333
4.999999873689376e-05,0.0017500000540167093,0.00419999985024333
0.0001500000071246177,0.0017500000540167093,0.00419999985024333
0.0002500000118743628,0.0017500000540167093,0.00419999985024333
0.0003499999875202775,0.0017500000540167093,0.00419999985024333
0.00044999999227002263,0.0017500000540167093,0.00419999985024333
0.0005499999970197678,0.0017500000540167093,0.00419999985024333
0.0006500000017695129,0.0017500000540167093,0.00419999985024333
0.000750000006519258,0.0017500000540167093,0.00419999985024333
0.0008500000112690032,0.0017500000540167093,0.00419999985024333
0.0009500000160187483,0.0017500000540167093,0.00419999985024333
0.0010499999625608325,0.0017500000540167093,0.00419999985024333
0.0011500000255182385,0.0017500000540167093,0.00419999985024333
0.0012499999720603228,0.0017500000540167093,0.00419999985024333
0.0013500000350177288,0.0017500000540167093,0.00419999985024333
0.001449999981559813,0.0017500000540167093,0.00419999985024333
0.001550000044517219,0.0017500000540167093,0.00419999985024333
0.0016499999910593033,0.0017500000540167093,0.00419999985024333
0.0017500000540167093,0.0017500000540167093,0.00419999985024333
0.0018500000005587935,0.0017500000540167093,0.00419999985024333
0.0019499999471008778,0.0017500000540167093,0.00419999985024333
0.002050000010058284,0.0017500000540167093,0.00419999985024333
0.00215000007301569,0.0017500000540167093,0.00419999985024333
0.0022499999031424522,0.0017500000540167093,0.00419999985024333
0.0023499999660998583,0.0017500000540167093,0.00419999985024333
0.0024500000290572643,0.0017500000540167093,0.00419999985024333
0.0025500000920146704,0.0017500000540167093,0.00419999985024333
0.0035544426646083593,0.0016520344652235508,0.00419999985024333
-0.0028500098269432783,0.0018500062869861722,0.00419999985024333
-0.0027500023134052753,0.0018500015139579773,0.00419999985024333
-0.00265000038780272,0.001850000349804759,0.00419999985024333
-0.0025500000920146704,0.0018500001169741154,0.00419999985024333
-0.0024500000290572643,0.0018500000005587935,0.00419999985024333
-0.0023499999660998583,0.0018500000005587935,0.00419999985024333
-0.0022499999031424522,0.0018500000005587935,0.00419999985024333
-0.00215000007301569,0.0018500000005587935,0.00419999985024333
-0.002050000010058284,0.0018500000005587935,0.00419999985024333
-0.0019499999471008778,0.0018500000005587935,0.00419999985024333
-0.0018500000005587935,0.0018500000005587935,0.00419999985024333
-0.0017500000540167093,0.0018500000005587935,0.00419999985024333
-0.0016499999910593033,0.0018500000005587935,0.00419999985024333
-0.001550000044517219,0.0018500000005587935,0.00419999985024333
-0.001449999981559813,0.0018500000005587935,0.00419999985024333
-0.0013500000350177288,0.0018500000005587935,0.00419999985024333
-0.0012499999720603228,0.0018500000005587935,0.00419999985024333
-0.0011500000255182385,0.0018500000005587935,0.00419999985024333
-0.0010499999625608325,0.0018500000005587935,0.00419999985024333
-0.0009500000160187483,0.0018500000005587935,0.00419999985024333
-0.0008500000112690032,0.0018500000005587935,0.00419999985024333
-0.000750000006519258,0.0018500000005587935,0.00419999985024333
-0.0006500000017695129,0.0018500000005587935,0.00419999985024333
-0.0005499999970197678,0.0018500000005587935,0.00419999985024333
-0.00044999999227002263,0.0018500000005587935,0.00419999985024333
-0.0001500000071246177,0.0018500000005587935,0.00419999985024333
-4.999999873689376e-05,0.0018500000005587935,0.00419999985024333
4.999999873689376e-05,0.0018500000005587935,0.00419999985024333
0.0001500000071246177,0.0018500000005587935,0.00419999985024333
0.0002500000118743628,0.0018500000005587935,0.00419999985024333
0.0003499999875202775,0.0018500000005587935,0.00419999985024333
0.00044999999227002263,0.0018500000005587935,0.00419999985024333
0.0005499999970197678,0.0018500000005587935,0.00419999985024333
0.0006500000017695129,0.0018500000005587935,0.00419999985024333
0.000750000006519258,0.0018500000005587935,0.00419999985024333
0.0008500000112690032,0.0018500000005587935,0.00419999985024333
0.0009500000160187483,0.0018500000005587935,0.00419999985024333
0.0010499999625608325,0.0018500000005587935,0.00419999985024333
0.0011500000255182385,0.0018500000005587935,0.00419999985024333
0.0012499999720603228,0.0018500000005587935,0.00419999985024333
0.0013500000350177288,0.0018500000005587935,0.00419999985024333
0.001449999981559813,0.0018500000005587935,0.00419999985024333
0.001550000044517219,0.0018500000005587935,0.00419999985024333
0.0016499999910593033,0.0018500000005587935,0.00419999985024333
0.0017500000540167093,0.0018500000005587935,0.00419999985024333
0.0018500000005587935,0.0018500000005587935,0.00419999985024333
0.0019499999471008778,0.0018500000005587935,0.00419999985024333
0.002050000010058284,0.0018500000005587935,0.00419999985024333
0.00215000007301569,0.0018500000005587935,0.00419999985024333
0.0022499999031424522,0.0018500000005587935,0.00419999985024333
0.0023499999660998583,0.0018500000005587935,0.00419999985024333
0.0024500000290572643,0.0018500000005587935,0.00419999985024333
0.0025500000920146704,0.0018500001169741154,0.00419999985024333
0.00265000038780272,0.001850000349804759,0.00419999985024333
-0.0029500829987227917,0.0019500546623021364,0.00419999985024333
-0.002850024728104472,0.0019500167109072208,0.00419999985024333
-0.002750006504356861,0.001950004487298429,0.00419999985024333
-0.0026500015519559383,0.001950001111254096,0.00419999985024333
-0.002550000324845314,0.0019500001799315214,0.00419999985024333
-0.0024500000290572643,0.0019500000635161996,0.00419999985024333
-0.0023499999660998583,0.0019500000635161996,0.00419999985024333
-0.0022499999031424522,0.0019499999471008778,0.00419999985024333
-0.00215000007301569,0.0019499999471008778,0.00419999985024333
-0.002050000010058284,0.0019499999471008778,0.00419999985024333
-0.0019499999471008778,0.0019499999471008778,0.00419999985024333
-0.0018500000005587935,0.0019499999471008778,0.00419999985024333
-0.0017500000540167093,0.0019499999471008778,0.00419999985024333
-0.0016499999910593033,0.0019499999471008778,0.00419999985024333
-0.001550000044517219,0.0019499999471008778,0.00419999985024333
-0.001449999981559813,0.0019499999471008778,0.00419999985024333
-0.0013500000350177288,0.0019499999471008778,0.00419999985024333
-0.0012499999720603228,0.0019499999471008778,0.00419999985024333
-0.0011500000255182385,0.0019499999471008778,0.00419999985024333
-0.0010499999625608325,0.0019499999471008778,0.00419999985024333
-0.0009500000160187483,0.0019499999471008778,0.00419999985024333
-0.0008500000112690032,0.0019499999471008778,0.00419999985024333
-0.000750000006519258,0.0019499999471008778,0.00419999985024333
-0.0006500000017695129,0.0019499999471008778,0.00419999985024333
-0.0005499999970197678,0.0019499999471008778,0.00419999985024333
-0.0002500000118743628,0.0019499999471008778,0.00419999985024333
-0.0001500000071246177,0.0019499999471008778,0.00419999985024333
-4.999999873689376e-05,0.0019499999471008778,0.00419999985024333
4.999999873689376e-05,0.0019499999471008778,0.00419999985024333
0.0001500000071246177,0.0019499999471008778,0.00419999985024333
0.0002500000118743628,0.0019499999471008778,0.00419999985024333
0.0003499999875202775,0.0019499999471008778,0.00419999985024333
0.00044999999227002263,0.0019499999471008778,0.00419999985024333
0.0005499999970197678,0.0019499999471008778,0.00419999985024333
0.0006500000017695129,0.0019499999471008778,0.00419999985024333
0.000750000006519258,0.0019499999471008778,0.00419999985024333
0.0008500000112690032,0.0019499999471008778,0.00419999985024333
0.0009500000160187483,0.0019499999471008778,0.00419999985024333
0.0010499999625608325,0.0019499999471008778,0.00419999985024333
0.0011500000255182385,0.0019499999471008778,0.00419999985024333
0.0012499999720603228,0.0019499999471008778,0.00419999985024333
0.0013500000350177288,0.0019499999471008778,0.00419999985024333
0.001449999981559813,0.0019499999471008778,0.00419999985024333
0.001550000044517219,0.0019499999471008778,0.00419999985024333
0.0016499999910593033,0.0019499999471008778,0.00419999985024333
0.0017500000540167093,0.0019499999471008778,0.00419999985024333
0.0018500000005587935,0.0019499999471008778,0.00419999985024333
0.0019499999471008778,0.0019499999471008778,0.00419999985024333
0.002050000010058284,0.0019499999471008778,0.00419999985024333
0.00215000007301569,0.0019499999471008778,0.00419999985024333
0.0022499999031424522,0.0019499999471008778,0.00419999985024333
0.0023499999660998583,0.0019500000635161996,0.00419999985024333
0.0024500000290572643,0.0019500000635161996,0.00419999985024333
0.002550000324845314,0.0019500001799315214,0.00419999985024333
0.0026500015519559383,0.001950001111254096,0.00419999985024333
-0.003050483763217926,0.0020503243431448936,0.00419999985024333
-0.0029501786921173334,0.002050122944638133,0.00419999985024333
-0.0028500580228865147,0.002050040988251567,0.00419999985024333
-0.0027500165160745382,0.00205001188442111,0.00419999985024333
-0.0026500041130930185,0.0020500030368566513,0.00419999985024333
-0.002550001023337245,0.0020500007085502148,0.00419999985024333
-0.002450000261887908,0.0020500002428889275,0.00419999985024333
-0.0023499999660998583,0.002050000010058284,0.00419999985024333
-0.0022499999031424522,0.002050000010058284,0.00419999985024333
-0.00215000007301569,0.002050000010058284,0.00419999985024333
-0.002050000010058284,0.002050000010058284,0.00419999985024333
-0.0019499999471008778,0.002050000010058284,0.00419999985024333
-0.0018500000005587935,0.002050000010058284,0.00419999985024333
-0.0017500000540167093,0.002050000010058284,0.00419999985024333
-0.0016499999910593033,0.002050000010058284,0.00419999985024333
-0.001550000044517219,0.002050000010058284,0.00419999985024333
-0.001449999981559813,0.002050000010058284,0.00419999985024333
-0.0013500000350177288,0.002050000010058284,0.00419999985024333
-0.0012499999720603228,0.002050000010058284,0.00419999985024333
-0.0011500000255182385,0.002050000010058284,0.00419999985024333
-0.0010499999625608325,0.002050000010058284,0.00419999985024333
-0.0009500000160187483,0.002050000010058284,0.00419999985024333
-0.0008500000112690032,0.002050000010058284,0.00419999985024333
-0.000750000006519258,0.002050000010058284,0.00419999985024333
-0.0006500000017695129,0.002050000010058284,0.00419999985024333
-0.0001500000071246177,0.002050000010058284,0.00419999985024333
-4.999999873689376e-05,0.002050000010058284,0.00419999985024333
4.999999873689376e-05,0.002050000010058284,0.00419999985024333
0.0001500000071246177,0.002050000010058284,0.00419999985024333
0.0002500000118743628,0.002050000010058284,0.00419999985024333
0.0003499999875202775,0.002050000010058284,0.00419999985024333
0.00044999999227002263,0.002050000010058284,0.00419999985024333
0.0005499999970197678,0.002050000010058284,0.00419999985024333
0.0006500000017695129,0.002050000010058284,0.00419999985024333
0.000750000006519258,0.002050000010058284,0.00419999985024333
0.0008500000112690032,0.002050000010058284,0.00419999985024333
0.0009500000160187483,0.002050000010058284,0.00419999985024333
0.0010499999625608325,0.002050000010058284,0.00419999985024333
0.0011500000255182385,0.002050000010058284,0.00419999985024333
0.0012499999720603228,0.002050000010058284,0.00419999985024333
0.0013500000350177288,0.002050000010058284,0.00419999985024333
0.001449999981559813,0.002050000010058284,0.00419999985024333
0.001550000044517219,0.002050000010058284,0.00419999985024333
0.0016499999910593033,0.002050000010058284,0.00419999985024333
0.0017500000540167093,0.002050000010058284,0.00419999985024333
0.0018500000005587935,0.002050000010058284,0.00419999985024333
0.0019499999471008778,0.002050000010058284,0.00419999985024333
0.002050000010058284,0.002050000010058284,0.00419999985024333
0.00215000007301569,0.002050000010058284,0.00419999985024333
0.0022499999031424522,0.002050000010058284,0.00419999985024333
0.0023499999660998583,0.002050000010058284,0.00419999985024333
0.002450000261887908,0.0020500002428889275,0.00419999985024333
0.002550001023337245,0.0020500007085502148,0.00419999985024333
0.0026500041130930185,0.0020500030368566513,0.00419999985024333
-0.0031519229523837566,0.0021513106767088175,0.00419999985024333
-0.0030508844647556543,0.0021506191696971655,0.00419999985024333
-0.0029503563418984413,0.0021502559538930655,0.00419999985024333
-0.0028501262422651052,0.0021500929724425077,0.00419999985024333
-0.0027500391006469727,0.002150029642507434,0.00419999985024333
-0.0026500108651816845,0.0021500082220882177,0.00419999985024333
-0.0025500026531517506,0.0021500021684914827,0.00419999985024333
-0.0024500004947185516,0.002150000538676977,0.00419999985024333
-0.002350000198930502,0.00215000007301569,0.00419999985024333
-0.002250000135973096,0.00215000007301569,0.00419999985024333
-0.00215000007301569,0.00215000007301569,0.00419999985024333
-0.002050000010058284,0.00215000007301569,0.00419999985024333
-0.0019499999471008778,0.00215000007301569,0.00419999985024333
-0.0018500000005587935,0.00215000007301569,0.00419999985024333
-0.0017500000540167093,0.00215000007301569,0.00419999985024333
-0.0016499999910593033,0.00215000007301569,0.00419999985024333
-0.001550000044517219,0.00215000007301569,0.00419999985024333
-0.001449999981559813,0.00215000007301569,0.00419999985024333
-0.0013500000350177288,0.00215000007301569,0.00419999985024333
-0.0012499999720603228,0.00215000007301569,0.00419999985024333
-0.0011500000255182385,0.00215000007301569,0.00419999985024333
-0.0010499999625608325,0.00215000007301569,0.00419999985024333
-0.0009500000160187483,0.00215000007301569,0.00419999985024333
-0.0008500000112690032,0.00215000007301569,0.00419999985024333
-0.000750000006519258,0.00215000007301569,0.00419999985024333
-0.0006500000017695129,0.00215000007301569,0.00419999985024333
-0.0001500000071246177,0.00215000007301569,0.00419999985024333
-4.999999873689376e-05,0.00215000007301569,0.00419999985024333
4.999999873689376e-05,0.00215000007301569,0.00419999985024333
0.0001500000071246177,0.00215000007301569,0.00419999985024333
0.0002500000118743628,0.00215000007301569,0.00419999985024333
0.0003499999875202775,0.00215000007301569,0.00419999985024333
0.00044999999227002263,0.00215000007301569,0.00419999985024333
0.0005499999970197678,0.00215000007301569,0.00419999985024333
0.0006500000017695129,0.00215000007301569,0.00419999985024333
0.000750000006519258,0.00215000007301569,0.00419999985024333
0.0008500000112690032,0.00215000007301569,0.00419999985024333
0.0009500000160187483,0.00215000007301569,0.00419999985024333
0.0010499999625608325,0.00215000007301569,0.00419999985024333
0.0011500000255182385,0.00215000007301569,0.00419999985024333
0.0012499999720603228,0.00215000007301569,0.00419999985024333
0.0013500000350177288,0.00215000007301569,0.00419999985024333
0.001449999981559813,0.00215000007301569,0.00419999985024333
0.001550000044517219,0.00215000007301569,0.00419999985024333
0.0016499999910593033,0.00215000007301569,0.00419999985024333
0.0017500000540167093,0.00215000007301569,0.00419999985024333
0.0018500000005587935,0.00215000007301569,0.00419999985024333
0.0019499999471008778,0.00215000007301569,0.00419999985024333
0.002050000010058284,0.00215000007301569,0.00419999985024333
0.00215000007301569,0.00215000007301569,0.00419999985024333
0.002250000135973096,0.00215000007301569,0.00419999985024333
0.002350000198930502,0.00215000007301569,0.00419999985024333
0.0024500004947185516,0.002150000538676977,0.00419999985024333
0.0025500026531517506,0.0021500021684914827,0.00419999985024333
-0.003152962075546384,0.00225210003554821,0.00419999985024333
-0.003051488194614649,0.002251087687909603,0.00419999985024333
-0.002950656460598111,0.0022504939697682858,0.00419999985024333
-0.00245000165887177,0.002250001532956958,0.00419999985024333
-0.0023500004317611456,0.0022500003688037395,0.00419999985024333
-0.002250000135973096,0.002250000135973096,0.00419999985024333
-0.00215000007301569,0.002250000135973096,0.00419999985024333
-0.002050000010058284,0.0022499999031424522,0.00419999985024333
-0.0019499999471008778,0.0022499999031424522,0.00419999985024333
-0.0018500000005587935,0.0022499999031424522,0.00419999985024333
-0.0017500000540167093,0.0022499999031424522,0.00419999985024333
-0.0016499999910593033,0.0022499999031424522,0.00419999985024333
-0.001550000044517219,0.0022499999031424522,0.00419999985024333
-0.001449999981559813,0.0022499999031424522,0.00419999985024333
-0.0013500000350177288,0.0022499999031424522,0.00419999985024333
-0.0012499999720603228,0.0022499999031424522,0.00419999985024333
-0.0011500000255182385,0.0022499999031424522,0.00419999985024333
-0.0010499999625608325,0.0022499999031424522,0.00419999985024333
-0.0009500000160187483,0.0022499999031424522,0.00419999985024333
-0.0008500000112690032,0.0022499999031424522,0.00419999985024333
-0.000750000006519258,0.0022499999031424522,0.00419999985024333
-0.0006500000017695129,0.0022499999031424522,0.00419999985024333
-0.0005499999970197678,0.0022499999031424522,0.00419999985024333
-0.0002500000118743628,0.0022499999031424522,0.00419999985024333
-0.0001500000071246177,0.0022499999031424522,0.00419999985024333
-4.999999873689376e-05,0.0022499999031424522,0.00419999985024333
4.999999873689376e-05,0.0022499999031424522,0.00419999985024333
0.0001500000071246177,0.0022499999031424522,0.00419999985024333
0.0002500000118743628,0.0022499999031424522,0.00419999985024333
0.0003499999875202775,0.0022499999031424522,0.00419999985024333
0.00044999999227002263,0.0022499999031424522,0.00419999985024333
0.0005499999970197678,0.0022499999031424522,0.00419999985024333
0.0006500000017695129,0.0022499999031424522,0.00419999985024333
0.000750000006519258,0.0022499999031424522,0.00419999985024333
0.0008500000112690032,0.0022499999031424522,0.00419999985024333
0.0009500000160187483,0.0022499999031424522,0.00419999985024333
0.0010499999625608325,0.0022499999031424522,0.00419999985024333
0.0011500000255182385,0.0022499999031424522,0.00419999985024333
0.0012499999720603228,0.0022499999031424522,0.00419999985024333
0.0013500000350177288,0.0022499999031424522,0.00419999985024333
0.001449999981559813,0.0022499999031424522,0.00419999985024333
0.0017500000540167093,0.0022499999031424522,0.00419999985024333
0.0018500000005587935,0.0022499999031424522,0.00419999985024333
0.0019499999471008778,0.0022499999031424522,0.00419999985024333
0.002050000010058284,0.0022499999031424522,0.00419999985024333
0.00215000007301569,0.002250000135973096,0.00419999985024333
0.002250000135973096,0.002250000135973096,0.00419999985024333
0.0023500004317611456,0.0022500003688037395,0.00419999985024333
0.00245000165887177,0.002250001532956958,0.00419999985024333
0.00255000707693398,0.0022500059567391872,0.00419999985024333
-0.0030523070599883795,0.0023517757654190063,0.00419999985024333
-0.0022500003688037395,0.0023500004317611456,0.00419999985024333
-0.00215000007301569,0.002350000198930502,0.00419999985024333
-0.002050000010058284,0.0023499999660998583,0.00419999985024333
-0.0019500000635161996,0.0023499999660998583,0.00419999985024333
-0.0018500000005587935,0.0023499999660998583,0.00419999985024333
-0.0017500000540167093,0.0023499999660998583,0.00419999985024333
-0.0016499999910593033,0.0023499999660998583,0.00419999985024333
-0.001550000044517219,0.0023499999660998583,0.00419999985024333
-0.001449999981559813,0.0023499999660998583,0.00419999985024333
-0.0013500000350177288,0.0023499999660998583,0.00419999985024333
-0.0012499999720603228,0.0023499999660998583,0.00419999985024333
-0.0011500000255182385,0.0023499999660998583,0.00419999985024333
-0.0010499999625608325,0.0023499999660998583,0.00419999985024333
-0.0009500000160187483,0.0023499999660998583,0.00419999985024333
-0.0008500000112690032,0.0023499999660998583,0.00419999985024333
-0.000750000006519258,0.0023499999660998583,0.00419999985024333
-0.0006500000017695129,0.0023499999660998583,0.00419999985024333
-0.0005499999970197678,0.0023499999660998583,0.00419999985024333
-0.00044999999227002263,0.0023499999660998583,0.00419999985024333
-0.0003499999875202775,0.0023499999660998583,0.00419999985024333
-0.0002500000118743628,0.0023499999660998583,0.00419999985024333
-0.0001500000071246177,0.0023499999660998583,0.00419999985024333
-4.999999873689376e-05,0.0023499999660998583,0.00419999985024333
4.999999873689376e-05,0.0023499999660998583,0.00419999985024333
0.0001500000071246177,0.0023499999660998583,0.00419999985024333
0.0002500000118743628,0.0023499999660998583,0.00419999985024333
0.0003499999875202775,0.0023499999660998583,0.00419999985024333
0.00044999999227002263,0.0023499999660998583,0.00419999985024333
0.0005499999970197678,0.0023499999660998583,0.00419999985024333
0.0006500000017695129,0.0023499999660998583,0.00419999985024333
0.000750000006519258,0.0023499999660998583,0.00419999985024333
0.0008500000112690032,0.0023499999660998583,0.00419999985024333
0.0009500000160187483,0.0023499999660998583,0.00419999985024333
0.0010499999625608325,0.0023499999660998583,0.00419999985024333
0.0011500000255182385,0.0023499999660998583,0.00419999985024333
0.0012499999720603228,0.0023499999660998583,0.00419999985024333
0.0013500000350177288,0.0023499999660998583,0.00419999985024333
0.0019500000635161996,0.0023499999660998583,0.00419999985024333
0.002050000010058284,0.0023499999660998583,0.00419999985024333
0.00215000007301569,0.002350000198930502,0.00419999985024333
0.0022500003688037395,0.0023500004317611456,0.00419999985024333
-0.002150000538676977,0.0024500004947185516,0.00419999985024333
-0.0020500002428889275,0.002450000261887908,0.00419999985024333
-0.0019500000635161996,0.0024500000290572643,0.00419999985024333
-0.0018500000005587935,0.0024500000290572643,0.00419999985024333
-0.0017500000540167093,0.0024500000290572643,0.00419999985024333
-0.0016499999910593033,0.0024500000290572643,0.00419999985024333
-0.001550000044517219,0.0024500000290572643,0.00419999985024333
-0.001449999981559813,0.0024500000290572643,0.00419999985024333
-0.0013500000350177288,0.0024500000290572643,0.00419999985024333
-0.0012499999720603228,0.0024500000290572643,0.00419999985024333
-0.0011500000255182385,0.0024500000290572643,0.00419999985024333
-0.0010499999625608325,0.0024500000290572643,0.00419999985024333
-0.0009500000160187483,0.0024500000290572643,0.00419999985024333
-0.0008500000112690032,0.0024500000290572643,0.00419999985024333
-0.000750000006519258,0.0024500000290572643,0.00419999985024333
-0.0006500000017695129,0.0024500000290572643,0.00419999985024333
-0.0005499999970197678,0.0024500000290572643,0.00419999985024333
-0.00044999999227002263,0.0024500000290572643,0.00419999985024333
-0.0003499999875202775,0.0024500000290572643,0.00419999985024333
-0.0002500000118743628,0.0024500000290572643,0.00419999985024333
-0.0001500000071246177,0.0024500000290572643,0.00419999985024333
-4.999999873689376e-05,0.0024500000290572643,0.00419999985024333
4.999999873689376e-05,0.0024500000290572643,0.00419999985024333
0.0001500000071246177,0.0024500000290572643,0.00419999985024333
0.0002500000118743628,0.0024500000290572643,0.00419999985024333
0.0003499999875202775,0.0024500000290572643,0.00419999985024333
0.00044999999227002263,0.0024500000290572643,0.00419999985024333
0.0005499999970197678,0.0024500000290572643,0.00419999985024333
0.0006500000017695129,0.0024500000290572643,0.00419999985024333
0.000750000006519258,0.0024500000290572643,0.00419999985024333
0.0008500000112690032,0.0024500000290572643,0.00419999985024333
0.0009500000160187483,0.0024500000290572643,0.00419999985024333
0.0010499999625608325,0.0024500000290572643,0.00419999985024333
0.0011500000255182385,0.0024500000290572643,0.00419999985024333
0.0012499999720603228,0.0024500000290572643,0.00419999985024333
0.0013500000350177288,0.0024500000290572643,0.00419999985024333
0.0020500002428889275,0.002450000261887908,0.00419999985024333
0.002150000538676977,0.0024500004947185516,0.00419999985024333
-0.0021500021684914827,0.0025500026531517506,0.00419999985024333
-0.0020500007085502148,0.002550001023337245,0.00419999985024333
-0.0019500001799315214,0.002550000324845314,0.00419999985024333
-0.0016499999910593033,0.0025500000920146704,0.00419999985024333
-0.001550000044517219,0.0025500000920146704,0.00419999985024333
-0.001449999981559813,0.0025500000920146704,0.00419999985024333
-0.0013500000350177288,0.0025500000920146704,0.00419999985024333
-0.0012499999720603228,0.0025500000920146704,0.00419999985024333
-0.0011500000255182385,0.0025500000920146704,0.00419999985024333
-0.0010499999625608325,0.0025500000920146704,0.00419999985024333
-0.0009500000160187483,0.0025500000920146704,0.00419999985024333
-0.0008500000112690032,0.0025500000920146704,0.00419999985024333
-0.000750000006519258,0.0025500000920146704,0.00419999985024333
-0.0006500000017695129,0.0025500000920146704,0.00419999985024333
-0.0005499999970197678,0.0025500000920146704,0.00419999985024333
-0.00044999999227002263,0.0025500000920146704,0.00419999985024333
-0.0003499999875202775,0.0025500000920146704,0.00419999985024333
-0.0002500000118743628,0.0025500000920146704,0.00419999985024333
-0.0001500000071246177,0.0025500000920146704,0.00419999985024333
-4.999999873689376e-05,0.0025500000920146704,0.00419999985024333
4.999999873689376e-05,0.0025500000920146704,0.00419999985024333
0.0001500000071246177,0.0025500000920146704,0.00419999985024333
0.0002500000118743628,0.0025500000920146704,0.00419999985024333
0.0003499999875202775,0.0025500000920146704,0.00419999985024333
0.00044999999227002263,0.0025500000920146704,0.00419999985024333
0.0005499999970197678,0.0025500000920146704,0.00419999985024333
0.0006500000017695129,0.0025500000920146704,0.00419999985024333
0.000750000006519258,0.0025500000920146704,0.00419999985024333
0.0008500000112690032,0.0025500000920146704,0.00419999985024333
0.0009500000160187483,0.0025500000920146704,0.00419999985024333
0.0010499999625608325,0.0025500000920146704,0.00419999985024333
0.0011500000255182385,0.0025500000920146704,0.00419999985024333
0.0012499999720603228,0.0025500000920146704,0.00419999985024333
0.0013500000350177288,0.0025500000920146704,0.00419999985024333
0.001449999981559813,0.0025500000920146704,0.00419999985024333
-0.0020500030368566513,0.0026500041130930185,0.00419999985024333
-0.001550000044517219,0.0026499999221414328,0.00419999985024333
-0.0012499999720603228,0.0026499999221414328,0.00419999985024333
-0.0011500000255182385,0.0026499999221414328,0.00419999985024333
-0.0010499999625608325,0.0026499999221414328,0.00419999985024333
-0.0009500000160187483,0.0026499999221414328,0.00419999985024333
-0.0008500000112690032,0.0026499999221414328,0.00419999985024333
-0.000750000006519258,0.0026499999221414328,0.00419999985024333
-0.0006500000017695129,0.0026499999221414328,0.00419999985024333
-0.0005499999970197678,0.0026499999221414328,0.00419999985024333
-0.00044999999227002263,0.0026499999221414328,0.00419999985024333
-0.0003499999875202775,0.0026499999221414328,0.00419999985024333
-0.0002500000118743628,0.0026499999221414328,0.00419999985024333
-0.0001500000071246177,0.0026499999221414328,0.00419999985024333
0.0001500000071246177,0.0026499999221414328,0.00419999985024333
0.0002500000118743628,0.0026499999221414328,0.00419999985024333
0.0003499999875202775,0.0026499999221414328,0.00419999985024333
0.00044999999227002263,0.0026499999221414328,0.00419999985024333
0.0005499999970197678,0.0026499999221414328,0.00419999985024333
0.0006500000017695129,0.0026499999221414328,0.00419999985024333
0.000750000006519258,0.0026499999221414328,0.00419999985024333
0.0008500000112690032,0.0026499999221414328,0.00419999985024333
0.0009500000160187483,0.0026499999221414328,0.00419999985024333
0.0010499999625608325,0.0026499999221414328,0.00419999985024333
0.0011500000255182385,0.0026499999221414328,0.00419999985024333
0.0012499999720603228,0.0026499999221414328,0.00419999985024333
0.0013500000350177288,0.0026499999221414328,0.00419999985024333
0.001449999981559813,0.0026499999221414328,0.00419999985024333
0.001550000044517219,0.0026499999221414328,0.00419999985024333
0.0016499999910593033,0.0026500001549720764,0.00419999985024333
-0.00205001188442111,0.0027500165160745382,0.00419999985024333
-0.0011500000255182385,0.002749999985098839,0.00419999985024333
-0.0010499999625608325,0.002749999985098839,0.00419999985024333
-0.000750000006519258,0.002749999985098839,0.00419999985024333
-0.0006500000017695129,0.002749999985098839,0.00419999985024333
-0.0005499999970197678,0.002749999985098839,0.00419999985024333
-0.00044999999227002263,0.002749999985098839,0.00419999985024333
-0.0003499999875202775,0.002749999985098839,0.00419999985024333
-0.0002500000118743628,0.002749999985098839,0.00419999985024333
0.0002500000118743628,0.002749999985098839,0.00419999985024333
0.0003499999875202775,0.002749999985098839,0.00419999985024333
0.00044999999227002263,0.002749999985098839,0.00419999985024333
0.0005499999970197678,0.002749999985098839,0.00419999985024333
0.0006500000017695129,0.002749999985098839,0.00419999985024333
0.000750000006519258,0.002749999985098839,0.00419999985024333
0.0008500000112690032,0.002749999985098839,0.00419999985024333
0.0009500000160187483,0.002749999985098839,0.00419999985024333
0.0010499999625608325,0.002749999985098839,0.00419999985024333
0.0011500000255182385,0.002749999985098839,0.00419999985024333
0.0012499999720603228,0.002749999985098839,0.00419999985024333
0.0013500000350177288,0.002749999985098839,0.00419999985024333
0.001449999981559813,0.002749999985098839,0.00419999985024333
0.001550000044517219,0.0027500002179294825,0.00419999985024333
0.001650000223889947,0.0027500002179294825,0.00419999985024333
0.0017500005196779966,0.0027500009164214134,0.00419999985024333
-0.001650000805966556,0.0028500016778707504,0.00419999985024333
-0.0011500000255182385,0.002850000048056245,0.00419999985024333
-0.0006500000017695129,0.002850000048056245,0.00419999985024333
-0.0005499999970197678,0.002850000048056245,0.00419999985024333
-0.00044999999227002263,0.002850000048056245,0.00419999985024333
-0.0003499999875202775,0.002850000048056245,0.00419999985024333
-0.0002500000118743628,0.002850000048056245,0.00419999985024333
0.0002500000118743628,0.002850000048056245,0.00419999985024333
0.0003499999875202775,0.002850000048056245,0.00419999985024333
0.00044999999227002263,0.002850000048056245,0.00419999985024333
0.0005499999970197678,0.002850000048056245,0.00419999985024333
0.0006500000017695129,0.002850000048056245,0.00419999985024333
0.000750000006519258,0.002850000048056245,0.00419999985024333
0.0008500000112690032,0.002850000048056245,0.00419999985024333
0.0009500000160187483,0.002850000048056245,0.00419999985024333
0.0010499999625608325,0.002850000048056245,0.00419999985024333
0.0011500000255182385,0.002850000048056245,0.00419999985024333
0.0012499999720603228,0.002850000048056245,0.00419999985024333
0.0013500000350177288,0.002850000048056245,0.00419999985024333
0.0014500000979751348,0.0028500002808868885,0.00419999985024333
0.0015500003937631845,0.002850000746548176,0.00419999985024333
0.001650000805966556,0.0028500016778707504,0.00419999985024333
0.001750002265907824,0.0028500037733465433,0.00419999985024333
-0.0015500016743317246,0.002950003370642662,0.00419999985024333
-0.0012500000884756446,0.0029500003438442945,0.00419999985024333
-0.0011500000255182385,0.002950000111013651,0.00419999985024333
-0.0006500000017695129,0.002950000111013651,0.00419999985024333
-0.0005499999970197678,0.002950000111013651,0.00419999985024333
-0.00044999999227002263,0.002950000111013651,0.00419999985024333
-0.0003499999875202775,0.002950000111013651,0.00419999985024333
-0.0002500000118743628,0.002950000111013651,0.00419999985024333
-0.0001500000071246177,0.002950000111013651,0.00419999985024333
0.0001500000071246177,0.002950000111013651,0.00419999985024333
0.0002500000118743628,0.002950000111013651,0.00419999985024333
0.0003499999875202775,0.002950000111013651,0.00419999985024333
0.00044999999227002263,0.002950000111013651,0.00419999985024333
0.0005499999970197678,0.002950000111013651,0.00419999985024333
0.0006500000017695129,0.002950000111013651,0.00419999985024333
0.000750000006519258,0.002950000111013651,0.00419999985024333
0.0008500000112690032,0.002950000111013651,0.00419999985024333
0.0009500000160187483,0.002950000111013651,0.00419999985024333
0.0010500000789761543,0.002950000111013651,0.00419999985024333
0.0011500000255182385,0.002950000111013651,0.00419999985024333
0.0012500000884756446,0.0029500003438442945,0.00419999985024333
0.0013500002678483725,0.002950000809505582,0.00419999985024333
0.0014500007964670658,0.002950001507997513,0.00419999985024333
0.0015500016743317246,0.002950003370642662,0.00419999985024333
0.0016500038327649236,0.0029500070959329605,0.00419999985024333
0.00175000901799649,0.002950015477836132,0.00419999985024333
-0.001150000374764204,0.003050000872462988,0.00419999985024333
-0.0010500001953914762,0.0030500006396323442,0.00419999985024333
-0.000750000006519258,0.003050000173971057,0.00419999985024333
-0.0006500000017695129,0.003050000173971057,0.00419999985024333
-0.0005499999970197678,0.003050000173971057,0.00419999985024333
-0.00044999999227002263,0.0030499999411404133,0.00419999985024333
-0.00035000001662410796,0.0030499999411404133,0.00419999985024333
-0.0002500000118743628,0.0030499999411404133,0.00419999985024333
-0.0001500000071246177,0.0030499999411404133,0.00419999985024333
-4.999999873689376e-05,0.0030499999411404133,0.00419999985024333
4.999999873689376e-05,0.0030499999411404133,0.00419999985024333
0.0001500000071246177,0.0030499999411404133,0.00419999985024333
0.0002500000118743628,0.0030499999411404133,0.00419999985024333
0.00035000001662410796,0.0030499999411404133,0.00419999985024333
0.00044999999227002263,0.0030499999411404133,0.00419999985024333
0.0005499999970197678,0.003050000173971057,0.00419999985024333
0.0006500000017695129,0.003050000173971057,0.00419999985024333
0.000750000006519258,0.003050000173971057,0.00419999985024333
0.0008500000694766641,0.003050000173971057,0.00419999985024333
0.0009500000742264092,0.0030500004068017006,0.00419999985024333
0.0010500001953914762,0.0030500006396323442,0.00419999985024333
0.001150000374764204,0.003050000872462988,0.00419999985024333
0.0012500006705522537,0.0030500018037855625,0.00419999985024333
0.0013500015484169126,0.0030500036664307117,0.00419999985024333
0.001450003357604146,0.003050007624551654,0.00419999985024333
0.0015500072622671723,0.003050015075132251,0.00419999985024333
0.0016500146593898535,0.003050028346478939,0.00419999985024333
0.0017500311369076371,0.003050055354833603,0.00419999985024333
-0.0010500008938834071,0.003150002798065543,0.00419999985024333
-0.0009500004816800356,0.0031500018667429686,0.00419999985024333
-0.0008500003023073077,0.0031500011682510376,0.00419999985024333
-0.0007500001811422408,0.0031500007025897503,0.00419999985024333
-0.0006500001181848347,0.0031500004697591066,0.00419999985024333
-0.0005500000552274287,0.0031500004697591066,0.00419999985024333
-0.00045000005047768354,0.003150000236928463,0.00419999985024333
-0.00035000001662410796,0.003150000236928463,0.00419999985024333
-0.0002500000118743628,0.0031500000040978193,0.00419999985024333
-0.0001500000071246177,0.0031500000040978193,0.00419999985024333
-5.0000002374872565e-05,0.0031500000040978193,0.00419999985024333
5.0000002374872565e-05,0.0031500000040978193,0.00419999985024333
0.0001500000071246177,0.0031500000040978193,0.00419999985024333
0.0002500000118743628,0.0031500000040978193,0.00419999985024333
0.00035000001662410796,0.003150000236928463,0.00419999985024333
0.00045000005047768354,0.003150000236928463,0.00419999985024333
0.0005500000552274287,0.0031500004697591066,0.00419999985024333
0.0006500001181848347,0.0031500004697591066,0.00419999985024333
0.0007500001811422408,0.0031500007025897503,0.00419999985024333
0.0008500003023073077,0.0031500011682510376,0.00419999985024333
0.0009500004816800356,0.0031500018667429686,0.00419999985024333
0.0010500008938834071,0.003150002798065543,0.00419999985024333
0.0011500016553327441,0.0031500046607106924,0.00419999985024333
0.001250003115274012,0.003150008153170347,0.00419999985024333
0.0015500271692872047,0.0031500577460974455,0.00419999985024333
0.0016500503988936543,0.0031501001212745905,0.00419999985024333
0.0017500948160886765,0.003150173230096698,0.00419999985024333
-0.0009500024025328457,0.0032500086817890406,0.00419999985024333
-0.0008500015246681869,0.0032500061206519604,0.00419999985024333
-0.0007500008796341717,0.003250004258006811,0.00419999985024333
-0.0006500005256384611,0.0032500028610229492,0.00419999985024333
-0.0005500003462657332,0.0032500021625310183,0.00419999985024333
-0.0004500002251006663,0.0032500014640390873,0.00419999985024333
-0.0003500001039355993,0.0032500009983778,0.00419999985024333
-0.0002500000409781933,0.0032500005327165127,0.00419999985024333
-0.00015000002167653292,0.0032500005327165127,0.00419999985024333
-5.000000601285137e-05,0.0032500005327165127,0.00419999985024333
5.000000601285137e-05,0.0032500005327165127,0.00419999985024333
0.00015000002167653292,0.0032500005327165127,0.00419999985024333
0.0002500000409781933,0.0032500005327165127,0.00419999985024333
0.0003500001039355993,0.0032500009983778,0.00419999985024333
0.0004500002251006663,0.0032500014640390873,0.00419999985024333
0.0005500003462657332,0.0032500021625310183,0.00419999985024333
0.0006500005256384611,0.0032500028610229492,0.00419999985024333
0.0007500008796341717,0.003250004258006811,0.00419999985024333
0.000850001466460526,0.0032500061206519604,0.00419999985024333
0.0009500024025328457,0.0032500086817890406,0.00419999985024333
0.0010500040370970964,0.0032500128727406263,0.00419999985024333
0.0011500068940222263,0.0032500200904905796,0.00419999985024333
0.001650152262300253,0.003250311827287078,0.00419999985024333
0.001750252558849752,0.0032504762057214975,0.00419999985024333
-0.000750004022847861,0.00335001852363348,0.00419999985024333
-0.0006500024464912713,0.003350013168528676,0.00419999985024333
-0.0005500016268342733,0.003350010374560952,0.00419999985024333
-0.00045000106911174953,0.003350007813423872,0.00419999985024333
5.00000205647666e-05,0.003350003156810999,0.00419999985024333
0.00015000007988419384,0.0033500026911497116,0.00419999985024333
0.0002500002447050065,0.0033500026911497116,0.00419999985024333
0.00035000056959688663,0.003350004553794861,0.00419999985024333
0.00045000106911174953,0.003350007813423872,0.00419999985024333
0.0005500016268342733,0.003350010374560952,0.00419999985024333
0.0006500024464912713,0.003350013168528676,0.00419999985024333
0.000750004022847861,0.00335001852363348,0.00419999985024333
0.0008500064141117036,0.0033500264398753643,0.00419999985024333
0.0009500099113211036,0.003350036684423685,0.00419999985024333
0.0010500155622139573,0.0033500513527542353,0.00419999985024333
0.0017505849245935678,0.0033511396031826735,0.00419999985024333
0.0018509464571252465,0.0033516993280500174,0.00419999985024333
0.00035000251955352724,0.0034500202164053917,0.00419999985024333
0.0004500045906752348,0.0034500337205827236,0.00419999985024333
0.0005500067491084337,0.003450044197961688,0.00419999985024333
0.0009500354062765837,0.00345013290643692,0.00419999985024333
0.0010500525822862983,0.003450177377089858,0.00419999985024333
0.0018509465735405684,0.0033516993280500174,0.00419999985024333
0.0004500171635299921,0.003550127847120166,0.00419999985024333
0.0010501533979550004,0.003550529247149825,0.00419999985024333
0.0017511701444163918,0.00345236505381763,0.00419999985024333
0.0004500554932747036,0.0036504208110272884,0.00419999985024333
0.0010503847151994705,0.0036513591185212135,0.00419999985024333
0.0004501553485170007,0.0037512017879635096,0.00419999985024333
0.0010508211562409997,0.0037529789842665195,0.00419999985024333
0.0011509830364957452,0.0037531976122409105,0.00419999985024333
0.0004503766540437937,0.0038529832381755114,0.00419999985024333
-0.0007501094951294363,-0.0040503693744540215,0.004149999935179949
-0.000812280981335789,-0.004069694317877293,0.004149999935179949
-0.0007440432673320174,-0.0040826802141964436,0.004149999935179949
-0.0006990691763348877,-0.004090622067451477,0.004149999935179949
-0.0007000307086855173,-0.004050239454954863,0.004149999935179949
-0.0006507937796413898,-0.004098580218851566,0.004149999935179949
-0.0006507648504339159,-0.004055122844874859,0.004149999935179949
-0.0006018193671479821,-0.004106057807803154,0.004149999935179949
-0.0006015475955791771,-0.004060958046466112,0.004149999935179949
-0.0005528564797714353,-0.004112937022000551,0.004149999935179949
-0.0005520712002180517,-0.00406571663916111,0.004149999935179949
-0.0005054801586084068,-0.004119031131267548,0.004149999935179949
-0.00050208973698318,-0.004067058674991131,0.004149999935179949
-0.00046185366227291524,-0.00412416597828269,0.004149999935179949
-0.00040010325028561056,-0.004100204445421696,0.004149999935179949
-0.0003945206117350608,-0.0041311318054795265,0.004149999935179949
-0.0003496729477774352,-0.004095697775483131,0.004149999935179949
-0.00034883059561252594,-0.004135238006711006,0.004149999935179949
-0.00029975242796353996,-0.004096618853509426,0.004149999935179949
-0.0002499177644494921,-0.004098955076187849,0.004149999935179949
-0.0002996773982886225,-0.004139090422540903,0.004149999935179949
-0.0002499302790965885,-0.004142391961067915,0.004149999935179949
-0.00020003924146294594,-0.004101275932043791,0.004149999935179949
-0.00015009641356300563,-0.004103195853531361,0.004149999935179949
-0.00020007468992844224,-0.004145099315792322,0.004149999935179949
-0.00015013216761872172,-0.004147208295762539,0.004149999935179949
-0.0001000976117211394,-0.004104607738554478,0.004149999935179949
-5.0058781198458746e-05,-0.004105450119823217,0.004149999935179949
-0.00010012446728069335,-0.004148717038333416,0.004149999935179949
-5.007310028304346e-05,-0.0041496227495372295,0.004149999935179949
-1.1777065630493803e-14,-0.004105743952095509,0.004149999935179949
5.0058781198458746e-05,-0.004105450119823217,0.004149999935179949
6.00952935417981e-17,-0.004149924963712692,0.004149999935179949
5.007310028304346e-05,-0.0041496227495372295,0.004149999935179949
0.0001000976117211394,-0.004104607738554478,0.004149999935179949
0.00010012446728069335,-0.004148717038333416,0.004149999935179949
0.00015009641356300563,-0.004103195853531361,0.004149999935179949
0.00015013216761872172,-0.004147208295762539,0.004149999935179949
0.00020007468992844224,-0.004145099315792322,0.004149999935179949
0.00020003924146294594,-0.004101275932043791,0.004149999935179949
0.0002499177644494921,-0.004098955076187849,0.004149999935179949
0.0002499302790965885,-0.004142391961067915,0.004149999935179949
0.00029975242796353996,-0.004096618853509426,0.004149999935179949
0.0003496729477774352,-0.004095697775483131,0.004149999935179949
0.0002996773982886225,-0.004139090422540903,0.004149999935179949
0.00034883059561252594,-0.004135238006711006,0.004149999935179949
0.00040010325028561056,-0.004100204445421696,0.004149999935179949
0.00046185366227291524,-0.00412416597828269,0.004149999935179949
0.0003945206117350608,-0.0041311318054795265,0.004149999935179949
0.0005054801586084068,-0.004119031131267548,0.004149999935179949
0.0005528564797714353,-0.004112937022000551,0.004149999935179949
0.0005520712002180517,-0.00406571663916111,0.004149999935179949
0.0006018193671479821,-0.004106057807803154,0.004149999935179949
0.0006015475955791771,-0.004060958046466112,0.004149999935179949
0.0006507937796413898,-0.004098580218851566,0.004149999935179949
0.0006507648504339159,-0.004055122844874859,0.004149999935179949
0.0006990691763348877,-0.004090622067451477,0.004149999935179949
0.0007000307086855173,-0.004050239454954863,0.004149999935179949
0.0007440432673320174,-0.0040826802141964436,0.004149999935179949
0.0007501094951294363,-0.0040503693744540215,0.004149999935179949
0.000812280981335789,-0.004069694317877293,0.004149999935179949
-0.0011512574274092913,-0.003954203333705664,0.004149999935179949
-0.0012131858384236693,-0.003968673292547464,0.004149999935179949
-0.0011450528400018811,-0.00398884154856205,0.004149999935179949
-0.0011018458753824234,-0.004001009743660688,0.004149999935179949
-0.001102012232877314,-0.003957401029765606,0.004149999935179949
-0.0010569107253104448,-0.00401312904432416,0.004149999935179949
-0.0010531151201575994,-0.003961959388107061,0.004149999935179949
-0.0010030699195340276,-0.003961911424994469,0.004149999935179949
-0.0009517184225842357,-0.00400690920650959,0.004149999935179949
-0.0009455597610212862,-0.004040769301354885,0.004149999935179949
-0.0010141112143173814,-0.004024183843284845,0.004149999935179949
-0.0009017452248372138,-0.0040077874436974525,0.004149999935179949
-0.0008521688869222999,-0.0040103415958583355,0.004149999935179949
-0.0009014313109219074,-0.00405085040256381,0.004149999935179949
-0.0008556304383091629,-0.004060779698193073,0.004149999935179949
-0.0008017232757993042,-0.004008588846772909,0.004149999935179949
-0.0007507536793127656,-0.004003775306046009,0.004149999935179949
-0.000700423785019666,-0.00400248309597373,0.004149999935179949
-0.0006507032085210085,-0.004004764370620251,0.004149999935179949
0.000700423785019666,-0.00400248309597373,0.004149999935179949
0.0006507032085210085,-0.004004764370620251,0.004149999935179949
0.0007507536793127656,-0.004003775306046009,0.004149999935179949
0.0008017232757993042,-0.004008588846772909,0.004149999935179949
0.0008521688869222999,-0.0040103415958583355,0.004149999935179949
0.0008556304383091629,-0.004060779698193073,0.004149999935179949
0.0009017452248372138,-0.0040077874436974525,0.004149999935179949
0.0009517184225842357,-0.00400690920650959,0.004149999935179949
0.0009014313109219074,-0.00405085040256381,0.004149999935179949
0.0009455597610212862,-0.004040769301354885,0.004149999935179949
0.0010141112143173814,-0.004024183843284845,0.004149999935179949
0.0010569107253104448,-0.00401312904432416,0.004149999935179949
0.0010531151201575994,-0.003961959388107061,0.004149999935179949
0.0011018458753824234,-0.004001009743660688,0.004149999935179949
0.001102012232877314,-0.003957401029765606,0.004149999935179949
0.0011450528400018811,-0.00398884154856205,0.004149999935179949
0.0011512574274092913,-0.003954203333705664,0.004149999935179949
0.0012131858384236693,-0.003968673292547464,0.004149999935179949
-0.0014512261841446161,-0.0038532118778675795,0.004149999935179949
-0.0015120687894523144,-0.0038646506145596504,0.004149999935179949
-0.0014455802738666534,-0.003890071762725711,0.004149999935179949
-0.0014051799662411213,-0.0039048141334205866,0.004149999935179949
-0.0014022878604009748,-0.0038562878035008907,0.004149999935179949
-0.0013638336677104235,-0.003919427748769522,0.004149999935179949
-0.0013019698671996593,-0.0039057976100593805,0.004149999935179949
-0.0012963225599378347,-0.003942309878766537,0.004149999935179949
-0.0012524004559963942,-0.0039073871448636055,0.004149999935179949
-0.0012551354011520743,-0.003955638036131859,0.004149999935179949
-0.00120242137927562,-0.003907738719135523,0.004149999935179949
-0.0011517147067934275,-0.0039057170506566763,0.004149999935179949
0.00120242137927562,-0.003907738719135523,0.004149999935179949
0.0011517147067934275,-0.0039057170506566763,0.004149999935179949
0.0012524004559963942,-0.0039073871448636055,0.004149999935179949
0.0012551354011520743,-0.003955638036131859,0.004149999935179949
0.0013019698671996593,-0.0039057976100593805,0.004149999935179949
0.0013638336677104235,-0.003919427748769522,0.004149999935179949
0.0012963225599378347,-0.003942309878766537,0.004149999935179949
0.0014051799662411213,-0.0039048141334205866,0.004149999935179949
0.0014455802738666534,-0.003890071762725711,0.004149999935179949
0.0014512261841446161,-0.0038532118778675795,0.004149999935179949
0.0015120687894523144,-0.0038646506145596504,0.004149999935179949
-0.0016561016673222184,-0.0037638971116393805,0.004149999935179949
-0.0017184516182169318,-0.003777479287236929,0.004149999935179949
-0.0016535905888304114,-0.0038062476087361574,0.004149999935179949
-0.0016051974380388856,-0.0037621823139488697,0.004149999935179949
-0.0015534866834059358,-0.0038084322586655617,0.004149999935179949
-0.001550472341477871,-0.003849415574222803,0.004149999935179949
-0.001615554909221828,-0.003822562051936984,0.004149999935179949
-0.0015025179600343108,-0.0038062818348407745,0.004149999935179949
-0.001451797434128821,-0.0038046229165047407,0.004149999935179949
0.0015025179600343108,-0.0038062818348407745,0.004149999935179949
0.001451797434128821,-0.0038046229165047407,0.004149999935179949
0.0015534866834059358,-0.0038084322586655617,0.004149999935179949
0.001550472341477871,-0.003849415574222803,0.004149999935179949
0.001615554909221828,-0.003822562051936984,0.004149999935179949
0.0016535905888304114,-0.0038062476087361574,0.004149999935179949
0.0016561016673222184,-0.0037638971116393805,0.004149999935179949
0.0017184516182169318,-0.003777479287236929,0.004149999935179949
-0.0018968197982758284,-0.0036911282222718,0.004149999935179949
-0.0019004212226718664,-0.0036507179029285908,0.004149999935179949
-0.001957734115421772,-0.0036591310054063797,0.004149999935179949
-0.001860236283391714,-0.0037096852902323008,0.004149999935179949
-0.0018012566724792123,-0.0037026891950517893,0.004149999935179949
-0.0017960574477910995,-0.0037411414086818695,0.004149999935179949
-0.001754339667968452,-0.0037094587460160255,0.004149999935179949
-0.0017579756677150726,-0.003759213723242283,0.004149999935179949
-0.0017061027465388179,-0.003713587298989296,0.004149999935179949
-0.0016551752341911197,-0.0037117023020982742,0.004149999935179949
0.0017061027465388179,-0.003713587298989296,0.004149999935179949
0.0016551752341911197,-0.0037117023020982742,0.004149999935179949
0.001754339667968452,-0.0037094587460160255,0.004149999935179949
0.0017579756677150726,-0.003759213723242283,0.004149999935179949
0.0017960574477910995,-0.0037411414086818695,0.004149999935179949
0.0018012566724792123,-0.0037026891950517893,0.004149999935179949
0.001860236283391714,-0.0037096852902323008,0.004149999935179949
0.0018968197982758284,-0.0036911282222718,0.004149999935179949
0.0019004212226718664,-0.0036507179029285908,0.004149999935179949
0.001957734115421772,-0.0036591310054063797,0.004149999935179949
-0.0020564075093716383,-0.003561181016266346,0.004149999935179949
-0.0021162619814276695,-0.0035698506981134415,0.004149999935179949
-0.0020548284519463778,-0.0036054900847375393,0.004149999935179949
-0.0019547035917639732,-0.003608525265008211,0.004149999935179949
-0.0020191806834191084,-0.0036255898885428905,0.004149999935179949
-0.002006941009312868,-0.0035624036099761724,0.004149999935179949
-0.001902359421364963,-0.0036042695865035057,0.004149999935179949
0.001902359421364963,-0.0036042695865035057,0.004149999935179949
0.0019547035917639732,-0.003608525265008211,0.004149999935179949
0.0020191806834191084,-0.0036255898885428905,0.004149999935179949
0.002006941009312868,-0.0035624036099761724,0.004149999935179949
0.0020548284519463778,-0.0036054900847375393,0.004149999935179949
0.0020564075093716383,-0.003561181016266346,0.004149999935179949
0.0021162619814276695,-0.0035698506981134415,0.004149999935179949
-0.002151204738765955,-0.0035488561261445284,0.004149999935179949
-0.0021539591252803802,-0.003506449982523918,0.004149999935179949
-0.0022101651411503553,-0.0035124539863318205,0.004149999935179949
-0.0022063390351831913,-0.0034598298370838165,0.004149999935179949
-0.002269848482683301,-0.0034741444978863,0.004149999935179949
-0.0021052847150713205,-0.003508936380967498,0.004149999935179949
-0.002055209130048752,-0.0035089957527816296,0.004149999935179949
0.0021052847150713205,-0.003508936380967498,0.004149999935179949
0.002055209130048752,-0.0035089957527816296,0.004149999935179949
0.0021539591252803802,-0.003506449982523918,0.004149999935179949
0.002151204738765955,-0.0035488561261445284,0.004149999935179949
0.0022101651411503553,-0.0035124539863318205,0.004149999935179949
0.002269848482683301,-0.0034741444978863,0.004149999935179949
-0.0024192442651838064,-0.0033718468621373177,0.004149999935179949
-0.0023608654737472534,-0.0034129724372178316,0.004149999935179949
-0.002305585891008377,-0.003408295102417469,0.004149999935179949
-0.0023035630583763123,-0.003451884025707841,0.004149999935179949
-0.0022573217283934355,-0.0034111361019313335,0.004149999935179949
0.002305585891008377,-0.003408295102417469,0.004149999935179949
0.0022573217283934355,-0.0034111361019313335,0.004149999935179949
0.0023608654737472534,-0.0034129724372178316,0.004149999935179949
0.0023035630583763123,-0.003451884025707841,0.004149999935179949
-0.002503805560991168,-0.003254898590967059,0.004149999935179949
-0.0024531728122383356,-0.003304289886727929,0.004149999935179949
-0.0024515956174582243,-0.0033484576269984245,0.004149999935179949
-0.0025069464463740587,-0.003307132748886943,0.004149999935179949
-0.002562526613473892,-0.0032642832957208157,0.004149999935179949
-0.002406332641839981,-0.00330873834900558,0.004149999935179949
0.0024531763046979904,-0.0033042938448488712,0.004149999935179949
0.0024515956174582243,-0.0033484576269984245,0.004149999935179949
0.0025069464463740587,-0.003307132748886943,0.004149999935179949
0.0025038577150553465,-0.00325495982542634,0.004149999935179949
0.002562526613473892,-0.0032642832957208157,0.004149999935179949
-0.0026107835583388805,-0.0031630233861505985,0.004149999935179949
-0.0025582059752196074,-0.00321018323302269,0.004149999935179949
-0.002617697464302182,-0.0032202100846916437,0.004149999935179949
-0.0026729274541139603,-0.0031744898296892643,0.004149999935179949
0.002558106556534767,-0.003210062626749277,0.004149999935179949
0.002617697464302182,-0.0032202100846916437,0.004149999935179949
0.0026729274541139603,-0.0031744898296892643,0.004149999935179949
-0.0027544142212718725,-0.003104077884927392,0.004149999935179949
-0.0028067752718925476,-0.003056812100112438,0.004149999935179949
-0.002702985191717744,-0.0031035346910357475,0.004149999935179949
-0.0026582630816847086,-0.0031098590698093176,0.004149999935179949
-0.0027027272153645754,-0.0031491518020629883,0.004149999935179949
0.0027029847260564566,-0.0031035342253744602,0.004149999935179949
0.002658260753378272,-0.00310985604301095,0.004149999935179949
0.0027544142212718725,-0.003104077884927392,0.004149999935179949
0.0027027272153645754,-0.0031491518020629883,0.004149999935179949
-0.002858424559235573,-0.003008541651070118,0.004149999935179949
-0.002909368835389614,-0.002959387144073844,0.004149999935179949
-0.0028012467082589865,-0.0030013162177056074,0.004149999935179949
0.002858424559235573,-0.003008541651070118,0.004149999935179949
-0.003008556319400668,-0.002858464140444994,0.004149999935179949
-0.002959360834211111,-0.002909306436777115,0.004149999935179949
-0.002902863547205925,-0.002902848646044731,0.004149999935179949
0.002959360834211111,-0.002909306436777115,0.004149999935179949
-0.00310407648794353,-0.002754394430667162,0.004149999935179949
-0.0030568058136850595,-0.0028067640960216522,0.004149999935179949
-0.0030013425275683403,-0.0028012790717184544,0.004149999935179949
0.0030568058136850595,-0.0028067640960216522,0.004149999935179949
-0.003103557275608182,-0.0027029896154999733,0.004149999935179949
-0.0031492181587964296,-0.002702729543671012,0.004149999935179949
-0.003174436977133155,-0.0026730401441454887,0.004149999935179949
-0.0031098411418497562,-0.002658320125192404,0.004149999935179949
0.0031492181587964296,-0.002702729543671012,0.004149999935179949
0.003174436977133155,-0.0026730401441454887,0.004149999935179949
-0.003210187191143632,-0.002558186650276184,0.004149999935179949
-0.0031630259472876787,-0.0026107914745807648,0.004149999935179949
-0.0032202675938606262,-0.0026176050305366516,0.004149999935179949
-0.0032642357982695103,-0.002562566427513957,0.004149999935179949
0.0032202675938606262,-0.0026176050305366516,0.004149999935179949
0.0031630254816263914,-0.002610791241750121,0.004149999935179949
0.0032101869583129883,-0.0025581864174455404,0.004149999935179949
0.0032642357982695103,-0.002562566427513957,0.004149999935179949
-0.0033042903523892164,-0.0024531397502869368,0.004149999935179949
-0.003254896029829979,-0.0025038239546120167,0.004149999935179949
-0.0033071718644350767,-0.002506963210180402,0.004149999935179949
-0.0033484180457890034,-0.00245152460411191,0.004149999935179949
0.0033071718644350767,-0.002506963210180402,0.004149999935179949
0.0032548957969993353,-0.002503823721781373,0.004149999935179949
0.0033042901195585728,-0.002453139517456293,0.004149999935179949
0.0033484180457890034,-0.00245152460411191,0.004149999935179949
-0.0034129363484680653,-0.0023609038908034563,0.004149999935179949
-0.0033718901686370373,-0.0024191602133214474,0.004149999935179949
-0.003308760467916727,-0.002406278857961297,0.004149999935179949
0.0033087602350860834,-0.0024062786251306534,0.004149999935179949
0.0033718901686370373,-0.0024191602133214474,0.004149999935179949
0.0034129363484680653,-0.0023609038908034563,0.004149999935179949
-0.0034083102364093065,-0.0023055996280163527,0.004149999935179949
-0.0034519508481025696,-0.0023035381454974413,0.004149999935179949
-0.0034741281997412443,-0.0022699658293277025,0.004149999935179949
-0.0034111321438103914,-0.002257385291159153,0.004149999935179949
0.0034083102364093065,-0.0023055996280163527,0.004149999935179949
0.0034519508481025696,-0.0023035381454974413,0.004149999935179949
0.0034111321438103914,-0.002257385291159153,0.004149999935179949
0.0034741281997412443,-0.0022699658293277025,0.004149999935179949
-0.0035064297262579203,-0.0021539591252803802,0.004149999935179949
-0.0034598216880112886,-0.002206366276368499,0.004149999935179949
-0.003512456314638257,-0.002210110891610384,0.004149999935179949
-0.0035488323774188757,-0.0021512305829674006,0.004149999935179949
0.0034598216880112886,-0.002206366276368499,0.004149999935179949
0.003512456314638257,-0.002210110891610384,0.004149999935179949
0.0035488323774188757,-0.0021512305829674006,0.004149999935179949
-0.003561149351298809,-0.002056477125734091,0.004149999935179949
-0.0036055061500519514,-0.002054929966107011,0.004149999935179949
-0.0035697573330253363,-0.0021162969060242176,0.004149999935179949
-0.003508880967274308,-0.002105310093611479,0.004149999935179949
-0.0035089589655399323,-0.0020552524365484715,0.004149999935179949
0.0035697573330253363,-0.0021162969060242176,0.004149999935179949
0.0035089589655399323,-0.0020552524365484715,0.004149999935179949
0.003561149351298809,-0.002056477125734091,0.004149999935179949
0.0036055061500519514,-0.002054929966107011,0.004149999935179949
-0.003562368918210268,-0.002007016446441412,0.004149999935179949
-0.0036255435552448034,-0.0020192835945636034,0.004149999935179949
-0.003608515253290534,-0.0019547417759895325,0.004149999935179949
-0.0036591587122529745,-0.0019577231723815203,0.004149999935179949
0.003562368918210268,-0.002007016446441412,0.004149999935179949
0.0036255435552448034,-0.0020192835945636034,0.004149999935179949
0.003608515253290534,-0.0019547417759895325,0.004149999935179949
0.0036591587122529745,-0.0019577231723815203,0.004149999935179949
-0.003650704398751259,-0.0019003996858373284,0.004149999935179949
-0.0036910867784172297,-0.0018967771902680397,0.004149999935179949
-0.003709652228280902,-0.0018602124182507396,0.004149999935179949
-0.003604256547987461,-0.0019023676868528128,0.004149999935179949
0.003604256547987461,-0.0019023676868528128,0.004149999935179949
0.003650704398751259,-0.0019003996858373284,0.004149999935179949
0.0036910867784172297,-0.0018967771902680397,0.004149999935179949
0.003709652228280902,-0.0018602124182507396,0.004149999935179949
-0.0037026747595518827,-0.0018012640066444874,0.004149999935179949
-0.0037411567755043507,-0.0017960703698918223,0.004149999935179949
-0.0037591548170894384,-0.00175803666934371,0.004149999935179949
-0.003709410550072789,-0.0017543842550367117,0.004149999935179949
0.0037026747595518827,-0.0018012640066444874,0.004149999935179949
0.0037411567755043507,-0.0017960703698918223,0.004149999935179949
0.003709410550072789,-0.0017543842550367117,0.004149999935179949
0.0037591548170894384,-0.00175803666934371,0.004149999935179949
-0.0037638647481799126,-0.0016561857191845775,0.004149999935179949
-0.003806270193308592,-0.0016536888433620334,0.004149999935179949
-0.0037773691583424807,-0.0017185346223413944,0.004149999935179949
-0.0037135137245059013,-0.001706166542135179,0.004149999935179949
-0.0037116592284291983,-0.0016552379820495844,0.004149999935179949
0.0037773691583424807,-0.0017185346223413944,0.004149999935179949
0.0037638647481799126,-0.0016561857191845775,0.004149999935179949
0.003806270193308592,-0.0016536888433620334,0.004149999935179949
-0.0037621590308845043,-0.0016052684513852,0.004149999935179949
-0.003822534577921033,-0.0016156412893906236,0.004149999935179949
-0.0038084436673671007,-0.0015535058919340372,0.004149999935179949
-0.003849445842206478,-0.001550446031615138,0.004149999935179949
0.0037621590308845043,-0.0016052684513852,0.004149999935179949
0.003822534577921033,-0.0016156412893906236,0.004149999935179949
0.003849445842206478,-0.001550446031615138,0.004149999935179949
-0.0038532151374965906,-0.0014512073248624802,0.004149999935179949
-0.003890017280355096,-0.001445562345907092,0.004149999935179949
-0.00386473024263978,-0.00151205831207335,0.004149999935179949
-0.0038063242100179195,-0.0015025176107883453,0.004149999935179949
-0.0038046417757868767,-0.0014517857925966382,0.004149999935179949
0.00386473024263978,-0.00151205831207335,0.004149999935179949
0.0038532151374965906,-0.0014512073248624802,0.004149999935179949
0.003890017280355096,-0.001445562345907092,0.004149999935179949
-0.003856295021250844,-0.0014022492105141282,0.004149999935179949
-0.003904815996065736,-0.0014051281614229083,0.004149999935179949
-0.003919469192624092,-0.0013637782540172338,0.004149999935179949
0.003856295021250844,-0.0014022492105141282,0.004149999935179949
0.003904815996065736,-0.0014051281614229083,0.004149999935179949
-0.003905785270035267,-0.0013019392499700189,0.004149999935179949
-0.0039422656409442425,-0.0012963205808773637,0.004149999935179949
-0.003955590073019266,-0.001255063689313829,0.004149999935179949
-0.00390735873952508,-0.0012523466721177101,0.004149999935179949
0.0039422656409442425,-0.0012963205808773637,0.004149999935179949
0.003955590073019266,-0.001255063689313829,0.004149999935179949
-0.003954196814447641,-0.001151238102465868,0.004149999935179949
-0.003988850861787796,-0.001145048183389008,0.004149999935179949
-0.003968661185353994,-0.0012131192488595843,0.004149999935179949
-0.003907722420990467,-0.0012023703893646598,0.004149999935179949
-0.003905703779309988,-0.0011516906088218093,0.004149999935179949
0.003968661185353994,-0.0012131192488595843,0.004149999935179949
0.003905703779309988,-0.0011516906088218093,0.004149999935179949
0.003954196814447641,-0.001151238102465868,0.004149999935179949
0.003988850861787796,-0.001145048183389008,0.004149999935179949
-0.003957372158765793,-0.0011020322563126683,0.004149999935179949
-0.004000975284725428,-0.0011018844088539481,0.004149999935179949
-0.004013061989098787,-0.0010569932637736201,0.004149999935179949
-0.003961912356317043,-0.001053148997016251,0.004149999935179949
0.003957372158765793,-0.0011020322563126683,0.004149999935179949
0.004000975284725428,-0.0011018844088539481,0.004149999935179949
0.003961912356317043,-0.001053148997016251,0.004149999935179949
0.004013061989098787,-0.0010569932637736201,0.004149999935179949
-0.004006912931799889,-0.0009516983409412205,0.004149999935179949
-0.003961873706430197,-0.0010030253324657679,0.004149999935179949
-0.00402413634583354,-0.001014002482406795,0.004149999935179949
-0.004040813073515892,-0.0009455752442590892,0.004149999935179949
0.003961873706430197,-0.0010030253324657679,0.004149999935179949
0.00402413634583354,-0.001014002482406795,0.004149999935179949
0.004006912931799889,-0.0009516983409412205,0.004149999935179949
0.004040813073515892,-0.0009455752442590892,0.004149999935179949
-0.00400778790935874,-0.0009017754346132278,0.004149999935179949
-0.004010327160358429,-0.0008522258140146732,0.004149999935179949
-0.004050857853144407,-0.0009014789247885346,0.004149999935179949
-0.004060761537402868,-0.0008557099499739707,0.004149999935179949
0.00400778790935874,-0.0009017754346132278,0.004149999935179949
0.004050857853144407,-0.0009014789247885346,0.004149999935179949
0.004010327160358429,-0.0008522258140146732,0.004149999935179949
0.004060761537402868,-0.0008557099499739707,0.004149999935179949
-0.004050388932228088,-0.0007501565851271152,0.004149999935179949
-0.004082739353179932,-0.0007440989720635116,0.004149999935179949
-0.0040696472860872746,-0.0008123378502205014,0.004149999935179949
-0.0040085637010633945,-0.000801773858256638,0.004149999935179949
-0.00400377856567502,-0.0007507940754294395,0.004149999935179949
0.0040085637010633945,-0.000801773858256638,0.004149999935179949
0.0040696472860872746,-0.0008123378502205014,0.004149999935179949
0.00400377856567502,-0.0007507940754294395,0.004149999935179949
0.004050388932228088,-0.0007501565851271152,0.004149999935179949
0.004082739353179932,-0.0007440989720635116,0.004149999935179949
-0.004050280433148146,-0.0007000499754212797,0.004149999935179949
-0.0040906802751123905,-0.0006990638794377446,0.004149999935179949
-0.004098624922335148,-0.0006508320802822709,0.004149999935179949
-0.004055161494761705,-0.0006508055375888944,0.004149999935179949
-0.004002505447715521,-0.0007004524813964963,0.004149999935179949
-0.004004790913313627,-0.0006507409270852804,0.004149999935179949
0.004002505447715521,-0.0007004524813964963,0.004149999935179949
0.004050280433148146,-0.0007000499754212797,0.004149999935179949
0.004004790913313627,-0.0006507409270852804,0.004149999935179949
0.004055161494761705,-0.0006508055375888944,0.004149999935179949
0.0040906802751123905,-0.0006990638794377446,0.004149999935179949
0.004098624922335148,-0.0006508320802822709,0.004149999935179949
-0.004060990177094936,-0.0006016208208166063,0.004149999935179949
-0.004106093663722277,-0.0006019019056111574,0.004149999935179949
-0.004112965427339077,-0.0005529765039682388,0.004149999935179949
-0.00406574085354805,-0.0005521716084331274,0.004149999935179949
0.004060990177094936,-0.0006016208208166063,0.004149999935179949
0.004106093663722277,-0.0006019019056111574,0.004149999935179949
0.00406574085354805,-0.0005521716084331274,0.004149999935179949
0.004112965427339077,-0.0005529765039682388,0.004149999935179949
-0.004067072179168463,-0.0005021976539865136,0.004149999935179949
-0.004119046498090029,-0.0005056136287748814,0.004149999935179949
-0.004124150611460209,-0.00046194365131668746,0.004149999935179949
0.004067072179168463,-0.0005021976539865136,0.004149999935179949
0.004119046498090029,-0.0005056136287748814,0.004149999935179949
-0.004100230522453785,-0.0004001676570624113,0.004149999935179949
-0.004131174646317959,-0.00039457817911170423,0.004149999935179949
-0.00413530645892024,-0.0003488838265184313,0.004149999935179949
-0.004095752723515034,-0.0003497161087580025,0.004149999935179949
0.004131174646317959,-0.00039457817911170423,0.004149999935179949
0.00413530645892024,-0.0003488838265184313,0.004149999935179949
-0.004139165859669447,-0.0002996563562192023,0.004149999935179949
-0.004096685443073511,-0.0002997536794282496,0.004149999935179949
-0.00414246553555131,-0.00024992815451696515,0.004149999935179949
-0.004099023062735796,-0.0002499204711057246,0.004149999935179949
0.004139165859669447,-0.0002996563562192023,0.004149999935179949
0.00414246553555131,-0.00024992815451696515,0.004149999935179949
-0.004145171493291855,-0.00020008794672321528,0.004149999935179949
-0.004101344384253025,-0.00020005181431770325,0.004149999935179949
-0.004147280473262072,-0.00015015728422440588,0.004149999935179949
-0.004103264305740595,-0.0001501184597145766,0.004149999935179949
0.004145171493291855,-0.00020008794672321528,0.004149999935179949
0.004147280473262072,-0.00015015728422440588,0.004149999935179949
-0.004148789681494236,-0.00010015776933869347,0.004149999935179949
-0.004104676656424999,-0.00010012587154051289,0.004149999935179949
-0.0041496967896819115,-5.011102257412858e-05,0.004149999935179949
-0.004105519503355026,-5.0087215640814975e-05,0.004149999935179949
0.004148789681494236,-0.00010015776933869347,0.004149999935179949
0.0041496967896819115,-5.011102257412858e-05,0.004149999935179949
-0.004105814266949892,-1.6238731248563454e-08,0.004149999935179949
-0.004105519503355026,5.008025618735701e-05,0.004149999935179949
-0.0041499994695186615,-3.878616183783379e-08,0.004149999935179949
-0.0041496967896819115,5.011102257412858e-05,0.004149999935179949
0.0041499994695186615,3.878616183783379e-08,0.004149999935179949
0.004105519503355026,5.008911102777347e-05,0.004149999935179949
0.0041496967896819115,5.011102257412858e-05,0.004149999935179949
-0.004104676656424999,0.0001001240816549398,0.004149999935179949
-0.004103264305740595,0.0001501179503975436,0.004149999935179949
-0.004148789681494236,0.00010015776933869347,0.004149999935179949
-0.004147280473262072,0.00015015728422440588,0.004149999935179949
0.004104676656424999,0.00010012643178924918,0.004149999935179949
0.004148789681494236,0.00010015776933869347,0.004149999935179949
0.004103264305740595,0.00015011861978564411,0.004149999935179949
0.004147280473262072,0.00015015728422440588,0.004149999935179949
-0.004101344384253025,0.00020005166879855096,0.004149999935179949
-0.004099023062735796,0.0002499204420018941,0.004149999935179949
-0.004145171493291855,0.00020008794672321528,0.004149999935179949
-0.00414246553555131,0.00024992815451696515,0.004149999935179949
0.004101344384253025,0.00020005185797344893,0.004149999935179949
0.004145171493291855,0.00020008794672321528,0.004149999935179949
0.004099023062735796,0.00024992050020955503,0.004149999935179949
0.00414246553555131,0.00024992815451696515,0.004149999935179949
-0.004096685443073511,0.0002997536794282496,0.004149999935179949
-0.004095752723515034,0.0003497161087580025,0.004149999935179949
-0.004139165859669447,0.0002996563562192023,0.004149999935179949
-0.00413530645892024,0.0003488838265184313,0.004149999935179949
0.004096685443073511,0.0002997536794282496,0.004149999935179949
0.004139165859669447,0.0002996563562192023,0.004149999935179949
0.004095752723515034,0.0003497161087580025,0.004149999935179949
0.00413530645892024,0.0003488838265184313,0.004149999935179949
-0.004100230522453785,0.0004001676570624113,0.004149999935179949
-0.004124150611460209,0.00046194365131668746,0.004149999935179949
-0.004131174646317959,0.00039457817911170423,0.004149999935179949
0.004100230522453785,0.0004001676570624113,0.004149999935179949
0.004131174646317959,0.00039457817911170423,0.004149999935179949
0.004124150611460209,0.00046194365131668746,0.004149999935179949
-0.004119046498090029,0.0005056136287748814,0.004149999935179949
-0.004112965427339077,0.0005529765039682388,0.004149999935179949
-0.004065744113177061,0.0005521720158867538,0.004149999935179949
0.004067073576152325,0.0005021978286094964,0.004149999935179949
0.004119046498090029,0.0005056136287748814,0.004149999935179949
0.004065745510160923,0.0005521721323020756,0.004149999935179949
0.004112965427339077,0.0005529765039682388,0.004149999935179949
-0.0040609873831272125,0.0006016205297783017,0.004149999935179949
-0.004106093663722277,0.0006019019056111574,0.004149999935179949
-0.004098624922335148,0.0006508320802822709,0.004149999935179949
-0.004055161029100418,0.0006508054793812335,0.004149999935179949
0.004060986451804638,0.0006016204133629799,0.004149999935179949
0.004106093663722277,0.0006019019056111574,0.004149999935179949
0.004055160563439131,0.0006508054793812335,0.004149999935179949
0.004098624922335148,0.0006508320802822709,0.004149999935179949
-0.004050280433148146,0.0007000499754212797,0.004149999935179949
-0.0040906802751123905,0.0006990638794377446,0.004149999935179949
-0.004082739353179932,0.0007440989720635116,0.004149999935179949
-0.004050388932228088,0.0007501565851271152,0.004149999935179949
-0.00400479044765234,0.0006507408688776195,0.004149999935179949
-0.004002505447715521,0.0007004524813964963,0.004149999935179949
-0.00400377856567502,0.0007507940754294395,0.004149999935179949
0.004050280433148146,0.0007000499754212797,0.004149999935179949
0.004050388932228088,0.0007501565851271152,0.004149999935179949
0.0040906802751123905,0.0006990638794377446,0.004149999935179949
0.004082739353179932,0.0007440989720635116,0.004149999935179949
-0.0040696472860872746,0.0008123378502205014,0.004149999935179949
-0.0040085637010633945,0.000801773858256638,0.004149999935179949
-0.004010327160358429,0.0008522258140146732,0.004149999935179949
-0.004060761537402868,0.0008557099499739707,0.004149999935179949
0.0040696472860872746,0.0008123378502205014,0.004149999935179949
0.004060761537402868,0.0008557099499739707,0.004149999935179949
-0.00400778790935874,0.0009017754346132278,0.004149999935179949
-0.004006912931799889,0.0009516983409412205,0.004149999935179949
-0.004050857853144407,0.0009014789247885346,0.004149999935179949
-0.004040813073515892,0.0009455752442590892,0.004149999935179949
0.004050857853144407,0.0009014789247885346,0.004149999935179949
0.004040813073515892,0.0009455752442590892,0.004149999935179949
-0.00402413634583354,0.001014002482406795,0.004149999935179949
-0.004013061989098787,0.0010569932637736201,0.004149999935179949
-0.003961912356317043,0.001053148997016251,0.004149999935179949
0.00402413634583354,0.001014002482406795,0.004149999935179949
0.003961912356317043,0.001053148997016251,0.004149999935179949
0.004013061989098787,0.0010569932637736201,0.004149999935179949
-0.003957372158765793,0.0011020322563126683,0.004149999935179949
-0.004000975284725428,0.0011018844088539481,0.004149999935179949
-0.003988850861787796,0.001145048183389008,0.004149999935179949
-0.003954196814447641,0.001151238102465868,0.004149999935179949
0.003957372158765793,0.0011020322563126683,0.004149999935179949
0.004000975284725428,0.0011018844088539481,0.004149999935179949
0.003954196814447641,0.001151238102465868,0.004149999935179949
0.003988850861787796,0.001145048183389008,0.004149999935179949
-0.003968661185353994,0.0012131192488595843,0.004149999935179949
-0.003907722420990467,0.0012023703893646598,0.004149999935179949
-0.003907358273863792,0.0012523466721177101,0.004149999935179949
-0.003905703779309988,0.0011516906088218093,0.004149999935179949
-0.003955590073019266,0.001255063689313829,0.004149999935179949
0.003968661185353994,0.0012131192488595843,0.004149999935179949
0.003907358273863792,0.0012523466721177101,0.004149999935179949
0.003955590073019266,0.001255063689313829,0.004149999935179949
-0.003905785270035267,0.0013019392499700189,0.004149999935179949
-0.003919469192624092,0.0013637782540172338,0.004149999935179949
-0.0039422656409442425,0.0012963205808773637,0.004149999935179949
0.003905785270035267,0.0013019392499700189,0.004149999935179949
0.0039422656409442425,0.0012963205808773637,0.004149999935179949
0.003919469192624092,0.0013637782540172338,0.004149999935179949
-0.003904815996065736,0.0014051281614229083,0.004149999935179949
-0.003890017280355096,0.001445562345907092,0.004149999935179949
-0.0038532151374965906,0.0014512073248624802,0.004149999935179949
0.003856295021250844,0.0014022492105141282,0.004149999935179949
0.003904815996065736,0.0014051281614229083,0.004149999935179949
0.0038532151374965906,0.0014512073248624802,0.004149999935179949
0.003890017280355096,0.001445562345907092,0.004149999935179949
-0.00386473024263978,0.00151205831207335,0.004149999935179949
-0.003804641542956233,0.0014517857925966382,0.004149999935179949
-0.0038063242100179195,0.0015025176107883453,0.004149999935179949
-0.0038084436673671007,0.0015535058919340372,0.004149999935179949
-0.003849445842206478,0.001550446031615138,0.004149999935179949
0.003804641542956233,0.0014517857925966382,0.004149999935179949
0.0038063242100179195,0.0015025176107883453,0.004149999935179949
0.00386473024263978,0.00151205831207335,0.004149999935179949
0.0038084436673671007,0.0015535058919340372,0.004149999935179949
0.003849445842206478,0.001550446031615138,0.004149999935179949
-0.003822534577921033,0.0016156412893906236,0.004149999935179949
-0.003806270193308592,0.0016536888433620334,0.004149999935179949
-0.0037638647481799126,0.0016561857191845775,0.004149999935179949
0.0037621590308845043,0.0016052684513852,0.004149999935179949
0.003822534577921033,0.0016156412893906236,0.004149999935179949
0.0037638647481799126,0.0016561857191845775,0.004149999935179949
0.003806270193308592,0.0016536888433620334,0.004149999935179949
-0.0037773691583424807,0.0017185346223413944,0.004149999935179949
-0.0037116592284291983,0.0016552379820495844,0.004149999935179949
-0.0037135137245059013,0.001706166542135179,0.004149999935179949
-0.003709410550072789,0.0017543842550367117,0.004149999935179949
-0.0037591548170894384,0.00175803666934371,0.004149999935179949
0.0037116592284291983,0.0016552379820495844,0.004149999935179949
0.0037135137245059013,0.001706166542135179,0.004149999935179949
0.0037773691583424807,0.0017185346223413944,0.004149999935179949
0.003709410550072789,0.0017543842550367117,0.004149999935179949
0.0037591548170894384,0.00175803666934371,0.004149999935179949
-0.0037026747595518827,0.0018012640066444874,0.004149999935179949
-0.003709652228280902,0.0018602124182507396,0.004149999935179949
-0.0037411567755043507,0.0017960703698918223,0.004149999935179949
0.0037026747595518827,0.0018012640066444874,0.004149999935179949
0.0037411567755043507,0.0017960703698918223,0.004149999935179949
0.003709652228280902,0.0018602124182507396,0.004149999935179949
-0.0036910867784172297,0.0018967771902680397,0.004149999935179949
-0.0036591587122529745,0.0019577231723815203,0.004149999935179949
-0.003608515253290534,0.0019547417759895325,0.004149999935179949
0.003604256547987461,0.0019023676868528128,0.004149999935179949
0.003650704398751259,0.0019003996858373284,0.004149999935179949
0.003608515253290534,0.0019547417759895325,0.004149999935179949
0.0036591587122529745,0.0019577231723815203,0.004149999935179949
0.0036910867784172297,0.0018967771902680397,0.004149999935179949
-0.0036255435552448034,0.0020192835945636034,0.004149999935179949
-0.003562368918210268,0.002007016446441412,0.004149999935179949
-0.0036055061500519514,0.002054929966107011,0.004149999935179949
-0.003561149351298809,0.002056477125734091,0.004149999935179949
0.003562368918210268,0.002007016446441412,0.004149999935179949
0.0036255435552448034,0.0020192835945636034,0.004149999935179949
0.003561149351298809,0.002056477125734091,0.004149999935179949
0.0036055061500519514,0.002054929966107011,0.004149999935179949
-0.0035697573330253363,0.0021162969060242176,0.004149999935179949
-0.0035089589655399323,0.0020552524365484715,0.004149999935179949
-0.003508880967274308,0.002105310093611479,0.004149999935179949
-0.0035064297262579203,0.0021539591252803802,0.004149999935179949
-0.0035488323774188757,0.0021512305829674006,0.004149999935179949
0.0035697573330253363,0.0021162969060242176,0.004149999935179949
0.0035488323774188757,0.0021512305829674006,0.004149999935179949
-0.003512456314638257,0.002210110891610384,0.004149999935179949
-0.0034741281997412443,0.0022699658293277025,0.004149999935179949
0.003512456314638257,0.002210110891610384,0.004149999935179949
0.0034741281997412443,0.0022699658293277025,0.004149999935179949
-0.0034111321438103914,0.002257385291159153,0.004149999935179949
-0.0034519508481025696,0.0023035381454974413,0.004149999935179949
-0.0034083102364093065,0.0023055996280163527,0.004149999935179949
-0.0034129363484680653,0.0023609038908034563,0.004149999935179949
0.0034519508481025696,0.0023035381454974413,0.004149999935179949
-0.0033718901686370373,0.0024191602133214474,0.004149999935179949
-0.00330876256339252,0.0024062807206064463,0.004149999935179949
-0.0033484180457890034,0.00245152460411191,0.004149999935179949
-0.0033042943105101585,0.002453143009915948,0.004149999935179949
0.0033484180457890034,0.00245152460411191,0.004149999935179949
-0.0033071718644350767,0.002506963210180402,0.004149999935179949
-0.00325495726428926,0.002503875410184264,0.004149999935179949
-0.0032642357982695103,0.002562566427513957,0.004149999935179949
0.0033071718644350767,0.002506963210180402,0.004149999935179949
0.0032642357982695103,0.002562566427513957,0.004149999935179949
-0.0032202675938606262,0.0026176050305366516,0.004149999935179949
-0.0032100665848702192,0.002558087930083275,0.004149999935179949
-0.0031630138400942087,0.0026107816956937313,0.004149999935179949
-0.003174436977133155,0.0026730401441454887,0.004149999935179949
0.0032202675938606262,0.0026176050305366516,0.004149999935179949
0.003174436977133155,0.0026730401441454887,0.004149999935179949
-0.0031098381150513887,0.0026583175640553236,0.004149999935179949
-0.0031035575084388256,0.0027029900811612606,0.004149999935179949
-0.00310407648794353,0.002754394430667162,0.004149999935179949
-0.0031492181587964296,0.002702729543671012,0.004149999935179949
0.0031098381150513887,0.0026583175640553236,0.004149999935179949
0.0031035575084388256,0.0027029900811612606,0.004149999935179949
0.0031492181587964296,0.002702729543671012,0.004149999935179949
0.00310407648794353,0.002754394430667162,0.004149999935179949
-0.003008556319400668,0.002858464140444994,0.004149999935179949
0.0030013190116733313,0.00280125648714602,0.004149999935179949
0.0030568058136850595,0.0028067640960216522,0.004149999935179949
0.003008556319400668,0.002858464140444994,0.004149999935179949
-0.002909368835389614,0.002959387144073844,0.004149999935179949
0.002959360834211111,0.002909306436777115,0.004149999935179949
-0.0028067752718925476,0.003056812100112438,0.004149999935179949
0.0028067752718925476,0.003056812100112438,0.004149999935179949
-0.0027027272153645754,0.0031491518020629883,0.004149999935179949
-0.0026729274541139603,0.0031744898296892643,0.004149999935179949
0.0027029842603951693,0.003103533759713173,0.004149999935179949
0.002658262848854065,0.003109858836978674,0.004149999935179949
0.0027544142212718725,0.003104077884927392,0.004149999935179949
0.0026729274541139603,0.0031744898296892643,0.004149999935179949
0.0027027272153645754,0.0031491518020629883,0.004149999935179949
-0.002610783325508237,0.003163023153319955,0.004149999935179949
-0.002617697464302182,0.0032202100846916437,0.004149999935179949
-0.002562526613473892,0.0032642832957208157,0.004149999935179949
0.002617697464302182,0.0032202100846916437,0.004149999935179949
0.002562526613473892,0.0032642832957208157,0.004149999935179949
-0.0025069464463740587,0.003307132748886943,0.004149999935179949
-0.0025038053281605244,0.0032548983581364155,0.004149999935179949
-0.0024531728122383356,0.0033042896538972855,0.004149999935179949
-0.0024515956174582243,0.0033484576269984245,0.004149999935179949
-0.0024063324090093374,0.0033087381161749363,0.004149999935179949
-0.0024192442651838064,0.0033718468621373177,0.004149999935179949
0.0024531728122383356,0.0033042896538972855,0.004149999935179949
0.0024515956174582243,0.0033484576269984245,0.004149999935179949
0.0025038053281605244,0.0032548983581364155,0.004149999935179949
0.0025069464463740587,0.003307132748886943,0.004149999935179949
-0.0023035630583763123,0.003451884025707841,0.004149999935179949
-0.002269848482683301,0.0034741444978863,0.004149999935179949
0.002269848482683301,0.0034741444978863,0.004149999935179949
0.0023035630583763123,0.003451884025707841,0.004149999935179949
-0.0022063390351831913,0.0034598298370838165,0.004149999935179949
-0.0022101651411503553,0.0035124539863318205,0.004149999935179949
-0.002151204738765955,0.0035488561261445284,0.004149999935179949
-0.0021162619814276695,0.0035698506981134415,0.004149999935179949
-0.0020564075093716383,0.003561181016266346,0.004149999935179949
0.002055209130048752,0.0035089957527816296,0.004149999935179949
0.0020564075093716383,0.003561181016266346,0.004149999935179949
0.0021162619814276695,0.0035698506981134415,0.004149999935179949
0.002151204738765955,0.0035488561261445284,0.004149999935179949
0.0022101651411503553,0.0035124539863318205,0.004149999935179949
-0.0020548284519463778,0.0036054900847375393,0.004149999935179949
-0.002006941009312868,0.0035624036099761724,0.004149999935179949
-0.0020191806834191084,0.0036255898885428905,0.004149999935179949
-0.0019547035917639732,0.003608525265008211,0.004149999935179949
-0.001957734115421772,0.0036591310054063797,0.004149999935179949
-0.001902359421364963,0.0036042695865035057,0.004149999935179949
-0.0019004212226718664,0.0036507179029285908,0.004149999935179949
0.001902359421364963,0.0036042695865035057,0.004149999935179949
0.0019547035917639732,0.003608525265008211,0.004149999935179949
0.0019004212226718664,0.0036507179029285908,0.004149999935179949
0.001957734115421772,0.0036591310054063797,0.004149999935179949
0.002006941009312868,0.0035624036099761724,0.004149999935179949
0.0020191806834191084,0.0036255898885428905,0.004149999935179949
0.0020548284519463778,0.0036054900847375393,0.004149999935179949
-0.0018968197982758284,0.0036911282222718,0.004149999935179949
-0.001860236283391714,0.0037096852902323008,0.004149999935179949
-0.0018012566724792123,0.0037026891950517893,0.004149999935179949
-0.001754339667968452,0.0037094587460160255,0.004149999935179949
-0.0017960574477910995,0.0037411414086818695,0.004149999935179949
-0.0017579756677150726,0.003759213723242283,0.004149999935179949
-0.0017184516182169318,0.003777479287236929,0.004149999935179949
-0.0016561016673222184,0.0037638971116393805,0.004149999935179949
0.0017061027465388179,0.003713587298989296,0.004149999935179949
0.0016551752341911197,0.0037117023020982742,0.004149999935179949
0.001754339667968452,0.0037094587460160255,0.004149999935179949
0.0016561016673222184,0.0037638971116393805,0.004149999935179949
0.0017184516182169318,0.003777479287236929,0.004149999935179949
0.0017579756677150726,0.003759213723242283,0.004149999935179949
0.0018012566724792123,0.0037026891950517893,0.004149999935179949
0.001860236283391714,0.0037096852902323008,0.004149999935179949
0.0017960574477910995,0.0037411414086818695,0.004149999935179949
0.0018968197982758284,0.0036911282222718,0.004149999935179949
-0.0016535905888304114,0.0038062476087361574,0.004149999935179949
-0.0016051974380388856,0.0037621823139488697,0.004149999935179949
-0.001615554909221828,0.003822562051936984,0.004149999935179949
-0.001550472341477871,0.003849415574222803,0.004149999935179949
-0.0015120687894523144,0.0038646506145596504,0.004149999935179949
-0.0014512261841446161,0.0038532118778675795,0.004149999935179949
0.0014512261841446161,0.0038532118778675795,0.004149999935179949
0.0015120687894523144,0.0038646506145596504,0.004149999935179949
0.001550472341477871,0.003849415574222803,0.004149999935179949
0.001615554909221828,0.003822562051936984,0.004149999935179949
0.0016535905888304114,0.0038062476087361574,0.004149999935179949
-0.0014455802738666534,0.003890071762725711,0.004149999935179949
-0.0014022878604009748,0.0038562878035008907,0.004149999935179949
-0.0014051799662411213,0.0039048141334205866,0.004149999935179949
-0.0012963225599378347,0.003942309878766537,0.004149999935179949
-0.0012551354011520743,0.003955638036131859,0.004149999935179949
-0.0012131858384236693,0.003968673292547464,0.004149999935179949
-0.0011512574274092913,0.003954203333705664,0.004149999935179949
0.00120242137927562,0.003907738719135523,0.004149999935179949
0.0011517147067934275,0.0039057170506566763,0.004149999935179949
0.0012524004559963942,0.0039073871448636055,0.004149999935179949
0.0011512574274092913,0.003954203333705664,0.004149999935179949
0.0012131858384236693,0.003968673292547464,0.004149999935179949
0.0012551354011520743,0.003955638036131859,0.004149999935179949
0.0013019698671996593,0.0039057976100593805,0.004149999935179949
0.0013638336677104235,0.003919427748769522,0.004149999935179949
0.0012963225599378347,0.003942309878766537,0.004149999935179949
0.0014022878604009748,0.0038562878035008907,0.004149999935179949
0.0014051799662411213,0.0039048141334205866,0.004149999935179949
0.0014455802738666534,0.003890071762725711,0.004149999935179949
-0.0011450528400018811,0.00398884154856205,0.004149999935179949
-0.001102012232877314,0.003957401029765606,0.004149999935179949
-0.0011018458753824234,0.004001009743660688,0.004149999935179949
-0.0010569107253104448,0.00401312904432416,0.004149999935179949
-0.0010531151201575994,0.003961959388107061,0.004149999935179949
-0.0010030699195340276,0.003961911424994469,0.004149999935179949
-0.0010141112143173814,0.004024183843284845,0.004149999935179949
-0.0009455597610212862,0.004040769301354885,0.004149999935179949
-0.0009014313109219074,0.00405085040256381,0.004149999935179949
-0.0008556304383091629,0.004060779698193073,0.004149999935179949
-0.000812280981335789,0.004069694317877293,0.004149999935179949
-0.0007501094951294363,0.0040503693744540215,0.004149999935179949
-0.0007000307086855173,0.004050239454954863,0.004149999935179949
-0.0006507648504339159,0.004055122844874859,0.004149999935179949
0.0006507032085210085,0.004004764370620251,0.004149999935179949
0.0006507647922262549,0.0040551223792135715,0.004149999935179949
0.0007000307086855173,0.004050239454954863,0.004149999935179949
0.0007501094951294363,0.0040503693744540215,0.004149999935179949
0.000812280981335789,0.004069694317877293,0.004149999935179949
0.0008556304383091629,0.004060779698193073,0.004149999935179949
0.0009014313109219074,0.00405085040256381,0.004149999935179949
0.0009455597610212862,0.004040769301354885,0.004149999935179949
0.0010141112143173814,0.004024183843284845,0.004149999935179949
0.0010569107253104448,0.00401312904432416,0.004149999935179949
0.0010531151201575994,0.003961959388107061,0.004149999935179949
0.001102012232877314,0.003957401029765606,0.004149999935179949
0.0011018458753824234,0.004001009743660688,0.004149999935179949
0.0011450528400018811,0.00398884154856205,0.004149999935179949
-0.0007440432673320174,0.0040826802141964436,0.004149999935179949
-0.0006990691763348877,0.004090622067451477,0.004149999935179949
-0.0006507937796413898,0.004098580218851566,0.004149999935179949
-0.0006015475955791771,0.004060958046466112,0.004149999935179949
-0.0006018193671479821,0.004106057807803154,0.004149999935179949
-0.0005528564797714353,0.004112937022000551,0.004149999935179949
-0.0005520712002180517,0.00406571663916111,0.004149999935179949
-0.00050208973698318,0.004067058674991131,0.004149999935179949
-0.0005054801586084068,0.004119031131267548,0.004149999935179949
-0.0003945206117350608,0.0041311318054795265,0.004149999935179949
-0.00034883059561252594,0.004135238006711006,0.004149999935179949
-0.0002996773982886225,0.004139090422540903,0.004149999935179949
-0.0002499302790965885,0.004142391961067915,0.004149999935179949
-0.00020007468992844224,0.004145099315792322,0.004149999935179949
-0.00015013216761872172,0.004147208295762539,0.004149999935179949
-0.00010012446728069335,0.004148717038333416,0.004149999935179949
-5.007310028304346e-05,0.0041496227495372295,0.004149999935179949
-6.00952935417981e-17,0.004149924963712692,0.004149999935179949
5.007310028304346e-05,0.0041496227495372295,0.004149999935179949
0.00010012446728069335,0.004148717038333416,0.004149999935179949
0.00015013216761872172,0.004147208295762539,0.004149999935179949
0.00020007468992844224,0.004145099315792322,0.004149999935179949
0.0002499302790965885,0.004142391961067915,0.004149999935179949
0.0003496729477774352,0.004095697775483131,0.004149999935179949
0.0002996773982886225,0.004139090422540903,0.004149999935179949
0.00034883059561252594,0.004135238006711006,0.004149999935179949
0.00040010325028561056,0.004100204445421696,0.004149999935179949
0.00046185366227291524,0.00412416597828269,0.004149999935179949
0.0003945206117350608,0.0041311318054795265,0.004149999935179949
0.0005020898533985019,0.0040670596063137054,0.004149999935179949
0.0005054801586084068,0.004119031131267548,0.004149999935179949
0.0005528564797714353,0.004112937022000551,0.004149999935179949
0.0005520715494640172,0.004065719898790121,0.004149999935179949
0.0006015473045408726,0.004060955252498388,0.004149999935179949
0.0006018193671479821,0.004106057807803154,0.004149999935179949
0.0006507937796413898,0.004098580218851566,0.004149999935179949
0.0006990691763348877,0.004090622067451477,0.004149999935179949
0.0007440432673320174,0.0040826802141964436,0.004149999935179949
-0.0006011452642269433,-0.004008273594081402,0.004149999935179949
-0.0005514564109034836,-0.004011135548353195,0.004149999935179949
-0.0005014888592995703,-0.0040120212361216545,0.004149999935179949
0.0005514564109034836,-0.004011135548353195,0.004149999935179949
0.0006011452642269433,-0.004008273594081402,0.004149999935179949
-0.0011018062941730022,-0.00390653358772397,0.004149999935179949
-0.0010521719232201576,-0.003908233717083931,0.004149999935179949
-0.0010021333582699299,-0.003908246289938688,0.004149999935179949
0.0010521719232201576,-0.003908233717083931,0.004149999935179949
0.0011018062941730022,-0.00390653358772397,0.004149999935179949
-0.0014019084628671408,-0.0038051698356866837,0.004149999935179949
-0.0016042274655774236,-0.0037097709719091654,0.004149999935179949
-0.0020050345920026302,-0.003508886555209756,0.004149999935179949
0.0020050345920026302,-0.003508886555209756,0.004149999935179949
-0.002205872442573309,-0.0034090231638401747,0.004149999935179949
-0.00250542932190001,-0.003206815803423524,0.004149999935179949
0.0025054446887224913,-0.003206835128366947,0.004149999935179949
-0.002608098089694977,-0.003109741723164916,0.004149999935179949
-0.003109736368060112,-0.002608124166727066,0.004149999935179949
-0.0032068167347460985,-0.002505427459254861,0.004149999935179949
0.0032068153377622366,-0.0025054265279322863,0.004149999935179949
-0.0034090171102434397,-0.0022059096954762936,0.004149999935179949
0.0034090171102434397,-0.0022059096954762936,0.004149999935179949
-0.0035088579170405865,-0.0020050834864377975,0.004149999935179949
0.0035088579170405865,-0.0020050834864377975,0.004149999935179949
-0.0037097465246915817,-0.0016042806673794985,0.004149999935179949
-0.0038051821757107973,-0.0014018833171576262,0.004149999935179949
-0.00390651123598218,-0.001101808506064117,0.004149999935179949
-0.003908203914761543,-0.0010521799558773637,0.004149999935179949
0.00390651123598218,-0.001101808506064117,0.004149999935179949
0.003908203914761543,-0.0010521799558773637,0.004149999935179949
-0.003908220212906599,-0.0010021169437095523,0.004149999935179949
0.003908220212906599,-0.0010021169437095523,0.004149999935179949
-0.0040082973428070545,-0.0006012014928273857,0.004149999935179949
-0.0040111537091434,-0.0005515285301953554,0.004149999935179949
0.0040082973428070545,-0.0006012014928273857,0.004149999935179949
0.0040111537091434,-0.0005515285301953554,0.004149999935179949
-0.00401203241199255,-0.0005015661008656025,0.004149999935179949
-0.004011156968772411,0.0005515289376489818,0.004149999935179949
0.0040120347402989864,0.0005015663919039071,0.004149999935179949
0.004011158365756273,0.0005515291122719646,0.004149999935179949
-0.004008295480161905,0.0006012013182044029,0.004149999935179949
-0.003908203914761543,0.0010521799558773637,0.004149999935179949
-0.00390651123598218,0.001101808506064117,0.004149999935179949
0.0038051821757107973,0.0014018833171576262,0.004149999935179949
0.0037097465246915817,0.0016042806673794985,0.004149999935179949
-0.0035088579170405865,0.0020050834864377975,0.004149999935179949
-0.003206835826858878,0.0025054430589079857,0.004149999935179949
-0.0031097230967134237,0.002608113456517458,0.004149999935179949
0.0020050345920026302,0.003508886555209756,0.004149999935179949
0.0010521719232201576,0.003908233717083931,0.004149999935179949
0.0011018062941730022,0.00390653358772397,0.004149999935179949
0.0005014890339225531,0.004012022167444229,0.004149999935179949
0.00055145681835711,0.004011138807982206,0.004149999935179949
0.0006011451478116214,0.004008271731436253,0.004149999935179949