solid walls
  facet normal 0 0 0
    outer loop
      vertex 4.15000000e-03 0.00000000e+00 0.00000000e+00
      vertex 4.14922922e-03 7.99803825e-05 0.00000000e+00
      vertex 4.14922922e-03 7.99803825e-05 8.20000000e-03
    endloop
  endfacet
  facet normal 0 0 0
    outer loop
      vertex 4.15000000e-03 0.00000000e+00 0.00000000e+00
      vertex 4.14922922e-03 7.99803825e-05 8.20000000e-03
      vertex 4.15000000e-03 0.00000000e+00 8.20000000e-03
    endloop
  endfacet
  facet normal 0 0 0
    outer loop
      vertex 4.14922922e-03 7.99803825e-05 0.00000000e+00
      vertex 4.14691718e-03 1.59931056e-04 0.00000000e+00
      vertex 4.14691718e-03 1.59931056e-04 8.20000000e-03
    endloop
  endfacet
  facet normal 0 0 0
    outer loop
      vertex 4.14922922e-03 7.99803825e-05 0.00000000e+00
      vertex 4.14691718e-03 1.59931056e-04 8.20000000e-03
      vertex 4.14922922e-03 7.99803825e-05 8.20000000e-03
    endloop
  endfacet
  facet normal 0 0 0
    outer loop
      vertex 4.14691718e-03 1.59931056e-04 0.00000000e+00
      vertex 4.14306472e-03 2.39822321e-04 0.00000000e+00
      vertex 4.14306472e-03 2.39822321e-04 8.20000000e-03
    endloop
  endfacet
  facet normal 0 0 0
    outer loop
      vertex 4.14691718e-03 1.59931056e-04 0.00000000e+00
      vertex 4.14306472e-03 2.39822321e-04 8.20000000e-03
      vertex 4.14691718e-03 1.59931056e-04 8.20000000e-03
    endloop
  endfacet
  facet normal 0 0 0
    outer loop
      vertex 4.14306472e-03 2.39822321e-04 0.00000000e+00
      vertex 4.13767328e-03 3.19624502e-04 0.00000000e+00
      vertex 4.13767328e-03 3.19624502e-04 8.20000000e-03
    endloop
  endfacet
  facet normal 0 0 0
    outer loop
      vertex 4.14306472e-03 2.39822321e-04 0.00000000e+00
      vertex 4.13767328e-03 3.19624502e-04 8.20000000e-03
      vertex 4.14306472e-03 2.39822321e-04 8.20000000e-03
    endloop
  endfacet
  facet normal 0 0 0
    outer loop
      vertex 4.13767328e-03 3.19624502e-04 0.00000000e+00
      vertex 4.13074487e-03 3.99307955e-04 0.00000000e+00
      vertex 4.13074487e-03 3.99307955e-04 8.20000000e-03
    endloop
  endfacet
  facet normal 0 0 0
    outer loop
      vertex 4.13767328e-03 3.19624502e-04 0.00000000e+00
      vertex 4.13074487e-03 3.99307955e-04 8.20000000e-03
      vertex 4.13767328e-03 3.19624502e-04 8.20000000e-03
    endloop
  endfacet
  facet normal 0 0 0
    outer loop
      vertex 4.13074487e-03 3.99307955e-04 0.00000000e+00
      vertex 4.12228205e-03 4.78843082e-04 0.00000000e+00
      vertex 4.12228205e-03 4.78843082e-04 8.20000000e-03
    endloop
  endfacet
  facet normal 0 0 0
    outer loop
      vertex 4.13074487e-03 3.99307955e-04 0.00000000e+00
      vertex 4.12228205e-03 4.78843082e-04 8.20000000e-03
      vertex 4.13074487e-03 3.99307955e-04 8.20000000e-03
    endloop
  endfacet
  facet normal 0 0 0
    outer loop
      vertex 4.12228205e-03 4.78843082e-04 0.00000000e+00
      vertex 4.11228797e-03 5.58200338e-04 0.00000000e+00
      vertex 4.11228797e-03 5.58200338e-04 8.20000000e-03
    endloop
  endfacet
  facet normal 0 0 0
    outer loop
      vertex 4.12228205e-03 4.78843082e-04 0.00000000e+00
      vertex 4.11228797e-03 5.58200338e-04 8.20000000e-03
      vertex 4.12228205e-03 4.78843082e-04 8.20000000e-03
    endloop
  endfacet
  facet normal 0 0 0
    outer loop
      vertex 4.11228797e-03 5.58200338e-04 0.00000000e+00
      vertex 4.10076635e-03 6.37350246e-04 0.00000000e+00
      vertex 4.10076635e-03 6.37350246e-04 8.20000000e-03
    endloop
  endfacet
  facet normal 0 0 0
    outer loop
      vertex 4.11228797e-03 5.58200338e-04 0.00000000e+00
      vertex 4.10076635e-03 6.37350246e-04 8.20000000e-03
      vertex 4.11228797e-03 5.58200338e-04 8.20000000e-03
    endloop
  endfacet
  facet normal 0 0 0
    outer loop
      vertex 4.10076635e-03 6.37350246e-04 0.00000000e+00
      vertex 4.08772146e-03 7.16263404e-04 0.00000000e+00
      vertex 4.08772146e-03 7.16263404e-04 8.20000000e-03
    endloop
  endfacet
  facet normal 0 0 0
    outer loop
      vertex 4.10076635e-03 6.37350246e-04 0.00000000e+00
      vertex 4.08772146e-03 7.16263404e-04 8.20000000e-03
      vertex 4.10076635e-03 6.37350246e-04 8.20000000e-03
    endloop
  endfacet
  facet normal 0 0 0
    outer loop
      vertex 4.08772146e-03 7.16263404e-04 0.00000000e+00
      vertex 4.07315815e-03 7.94910499e-04 0.00000000e+00
      vertex 4.07315815e-03 7.94910499e-04 8.20000000e-03
    endloop
  endfacet
  facet normal 0 0 0
    outer loop
      vertex 4.08772146e-03 7.16263404e-04 0.00000000e+00
      vertex 4.07315815e-03 7.94910499e-04 8.20000000e-03
      vertex 4.08772146e-03 7.16263404e-04 8.20000000e-03
    endloop
  endfacet
  facet normal 0 0 0
    outer loop
      vertex 4.07315815e-03 7.94910499e-04 0.00000000e+00
      vertex 4.05708182e-03 8.73262318e-04 0.00000000e+00
      vertex 4.05708182e-03 8.73262318e-04 8.20000000e-03
    endloop
  endfacet
  facet normal 0 0 0
    outer loop
      vertex 4.07315815e-03 7.94910499e-04 0.00000000e+00
      vertex 4.05708182e-03 8.73262318e-04 8.20000000e-03
      vertex 4.07315815e-03 7.94910499e-04 8.20000000e-03
    endloop
  endfacet
  facet normal 0 0 0
    outer loop
      vertex 4.05708182e-03 8.73262318e-04 0.00000000e+00
      vertex 4.03949846e-03 9.51289755e-04 0.00000000e+00
      vertex 4.03949846e-03 9.51289755e-04 8.20000000e-03
    endloop
  endfacet
  facet normal 0 0 0
    outer loop
      vertex 4.05708182e-03 8.73262318e-04 0.00000000e+00
      vertex 4.03949846e-03 9.51289755e-04 8.20000000e-03
      vertex 4.05708182e-03 8.73262318e-04 8.20000000e-03
    endloop
  endfacet
  facet normal 0 0 0
    outer loop
      vertex 4.03949846e-03 9.51289755e-04 0.00000000e+00
      vertex 4.02041459e-03 1.02896383e-03 0.00000000e+00
      vertex 4.02041459e-03 1.02896383e-03 8.20000000e-03
    endloop
  endfacet
  facet normal 0 0 0
    outer loop
      vertex 4.03949846e-03 9.51289755e-04 0.00000000e+00
      vertex 4.02041459e-03 1.02896383e-03 8.20000000e-03
      vertex 4.03949846e-03 9.51289755e-04 8.20000000e-03
    endloop
  endfacet
  facet normal 0 0 0
    outer loop
      vertex 4.02041459e-03 1.02896383e-03 0.00000000e+00
      vertex 3.99983729e-03 1.10625568e-03 0.00000000e+00
      vertex 3.99983729e-03 1.10625568e-03 8.20000000e-03
    endloop
  endfacet
  facet normal 0 0 0
    outer loop
      vertex 4.02041459e-03 1.02896383e-03 0.00000000e+00
      vertex 3.99983729e-03 1.10625568e-03 8.20000000e-03
      vertex 4.02041459e-03 1.02896383e-03 8.20000000e-03
    endloop
  endfacet
  facet normal 0 0 0
    outer loop
      vertex 3.99983729e-03 1.10625568e-03 0.00000000e+00
      vertex 3.97777422e-03 1.18313661e-03 0.00000000e+00
      vertex 3.97777422e-03 1.18313661e-03 8.20000000e-03
    endloop
  endfacet
  facet normal 0 0 0
    outer loop
      vertex 3.99983729e-03 1.10625568e-03 0.00000000e+00
      vertex 3.97777422e-03 1.18313661e-03 8.20000000e-03
      vertex 3.99983729e-03 1.10625568e-03 8.20000000e-03
    endloop
  endfacet
  facet normal 0 0 0
    outer loop
      vertex 3.97777422e-03 1.18313661e-03 0.00000000e+00
      vertex 3.95423357e-03 1.25957804e-03 0.00000000e+00
      vertex 3.95423357e-03 1.25957804e-03 8.20000000e-03
    endloop
  endfacet
  facet normal 0 0 0
    outer loop
      vertex 3.97777422e-03 1.18313661e-03 0.00000000e+00
      vertex 3.95423357e-03 1.25957804e-03 8.20000000e-03
      vertex 3.97777422e-03 1.18313661e-03 8.20000000e-03
    endloop
  endfacet
  facet normal 0 0 0
    outer loop
      vertex 3.95423357e-03 1.25957804e-03 0.00000000e+00
      vertex 3.92922409e-03 1.33555160e-03 0.00000000e+00
      vertex 3.92922409e-03 1.33555160e-03 8.20000000e-03
    endloop
  endfacet
  facet normal 0 0 0
    outer loop
      vertex 3.95423357e-03 1.25957804e-03 0.00000000e+00
      vertex 3.92922409e-03 1.33555160e-03 8.20000000e-03
      vertex 3.95423357e-03 1.25957804e-03 8.20000000e-03
    endloop
  endfacet
  facet normal 0 0 0
    outer loop
      vertex 3.92922409e-03 1.33555160e-03 0.00000000e+00
      vertex 3.90275505e-03 1.41102905e-03 0.00000000e+00
      vertex 3.90275505e-03 1.41102905e-03 8.20000000e-03
    endloop
  endfacet
  facet normal 0 0 0
    outer loop
      vertex 3.92922409e-03 1.33555160e-03 0.00000000e+00
      vertex 3.90275505e-03 1.41102905e-03 8.20000000e-03
      vertex 3.92922409e-03 1.33555160e-03 8.20000000e-03
    endloop
  endfacet
  facet normal 0 0 0
    outer loop
      vertex 3.90275505e-03 1.41102905e-03 0.00000000e+00
      vertex 3.87483631e-03 1.48598237e-03 0.00000000e+00
      vertex 3.87483631e-03 1.48598237e-03 8.20000000e-03
    endloop
  endfacet
  facet normal 0 0 0
    outer loop
      vertex 3.90275505e-03 1.41102905e-03 0.00000000e+00
      vertex 3.87483631e-03 1.48598237e-03 8.20000000e-03
      vertex 3.90275505e-03 1.41102905e-03 8.20000000e-03
    endloop
  endfacet
  facet normal 0 0 0
    outer loop
      vertex 3.87483631e-03 1.48598237e-03 0.00000000e+00
      vertex 3.84547822e-03 1.56038370e-03 0.00000000e+00
      vertex 3.84547822e-03 1.56038370e-03 8.20000000e-03
    endloop
  endfacet
  facet normal 0 0 0
    outer loop
      vertex 3.87483631e-03 1.48598237e-03 0.00000000e+00
      vertex 3.84547822e-03 1.56038370e-03 8.20000000e-03
      vertex 3.87483631e-03 1.48598237e-03 8.20000000e-03
    endloop
  endfacet
  facet normal 0 0 0
    outer loop
      vertex 3.84547822e-03 1.56038370e-03 0.00000000e+00
      vertex 3.81469169e-03 1.63420541e-03 0.00000000e+00
      vertex 3.81469169e-03 1.63420541e-03 8.20000000e-03
    endloop
  endfacet
  facet normal 0 0 0
    outer loop
      vertex 3.84547822e-03 1.56038370e-03 0.00000000e+00
      vertex 3.81469169e-03 1.63420541e-03 8.20000000e-03
      vertex 3.84547822e-03 1.56038370e-03 8.20000000e-03
    endloop
  endfacet
  facet normal 0 0 0
    outer loop
      vertex 3.81469169e-03 1.63420541e-03 0.00000000e+00
      vertex 3.78248816e-03 1.70742009e-03 0.00000000e+00
      vertex 3.78248816e-03 1.70742009e-03 8.20000000e-03
    endloop
  endfacet
  facet normal 0 0 0
    outer loop
      vertex 3.81469169e-03 1.63420541e-03 0.00000000e+00
      vertex 3.78248816e-03 1.70742009e-03 8.20000000e-03
      vertex 3.81469169e-03 1.63420541e-03 8.20000000e-03
    endloop
  endfacet
  facet normal 0 0 0
    outer loop
      vertex 3.78248816e-03 1.70742009e-03 0.00000000e+00
      vertex 3.74887959e-03 1.78000052e-03 0.00000000e+00
      vertex 3.74887959e-03 1.78000052e-03 8.20000000e-03
    endloop
  endfacet
  facet normal 0 0 0
    outer loop
      vertex 3.78248816e-03 1.70742009e-03 0.00000000e+00
      vertex 3.74887959e-03 1.78000052e-03 8.20000000e-03
      vertex 3.78248816e-03 1.70742009e-03 8.20000000e-03
    endloop
  endfacet
  facet normal 0 0 0
    outer loop
      vertex 3.74887959e-03 1.78000052e-03 0.00000000e+00
      vertex 3.71387846e-03 1.85191976e-03 0.00000000e+00
      vertex 3.71387846e-03 1.85191976e-03 8.20000000e-03
    endloop
  endfacet
  facet normal 0 0 0
    outer loop
      vertex 3.74887959e-03 1.78000052e-03 0.00000000e+00
      vertex 3.71387846e-03 1.85191976e-03 8.20000000e-03
      vertex 3.74887959e-03 1.78000052e-03 8.20000000e-03
    endloop
  endfacet
  facet normal 0 0 0
    outer loop
      vertex 3.71387846e-03 1.85191976e-03 0.00000000e+00
      vertex 3.67749778e-03 1.92315109e-03 0.00000000e+00
      vertex 3.67749778e-03 1.92315109e-03 8.20000000e-03
    endloop
  endfacet
  facet normal 0 0 0
    outer loop
      vertex 3.71387846e-03 1.85191976e-03 0.00000000e+00
      vertex 3.67749778e-03 1.92315109e-03 8.20000000e-03
      vertex 3.71387846e-03 1.85191976e-03 8.20000000e-03
    endloop
  endfacet
  facet normal 0 0 0
    outer loop
      vertex 3.67749778e-03 1.92315109e-03 0.00000000e+00
      vertex 3.63975106e-03 1.99366804e-03 0.00000000e+00
      vertex 3.63975106e-03 1.99366804e-03 8.20000000e-03
    endloop
  endfacet
  facet normal 0 0 0
    outer loop
      vertex 3.67749778e-03 1.92315109e-03 0.00000000e+00
      vertex 3.63975106e-03 1.99366804e-03 8.20000000e-03
      vertex 3.67749778e-03 1.92315109e-03 8.20000000e-03
    endloop
  endfacet
  facet normal 0 0 0
    outer loop
      vertex 3.63975106e-03 1.99366804e-03 0.00000000e+00
      vertex 3.60065232e-03 2.06344443e-03 0.00000000e+00
      vertex 3.60065232e-03 2.06344443e-03 8.20000000e-03
    endloop
  endfacet
  facet normal 0 0 0
    outer loop
      vertex 3.63975106e-03 1.99366804e-03 0.00000000e+00
      vertex 3.60065232e-03 2.06344443e-03 8.20000000e-03
      vertex 3.63975106e-03 1.99366804e-03 8.20000000e-03
    endloop
  endfacet
  facet normal 0 0 0
    outer loop
      vertex 3.60065232e-03 2.06344443e-03 0.00000000e+00
      vertex 3.56021608e-03 2.13245433e-03 0.00000000e+00
      vertex 3.56021608e-03 2.13245433e-03 8.20000000e-03
    endloop
  endfacet
  facet normal 0 0 0
    outer loop
      vertex 3.60065232e-03 2.06344443e-03 0.00000000e+00
      vertex 3.56021608e-03 2.13245433e-03 8.20000000e-03
      vertex 3.60065232e-03 2.06344443e-03 8.20000000e-03
    endloop
  endfacet
  facet normal 0 0 0
    outer loop
      vertex 3.56021608e-03 2.13245433e-03 0.00000000e+00
      vertex 3.51845737e-03 2.20067211e-03 0.00000000e+00
      vertex 3.51845737e-03 2.20067211e-03 8.20000000e-03
    endloop
  endfacet
  facet normal 0 0 0
    outer loop
      vertex 3.56021608e-03 2.13245433e-03 0.00000000e+00
      vertex 3.51845737e-03 2.20067211e-03 8.20000000e-03
      vertex 3.56021608e-03 2.13245433e-03 8.20000000e-03
    endloop
  endfacet
  facet normal 0 0 0
    outer loop
      vertex 3.51845737e-03 2.20067211e-03 0.00000000e+00
      vertex 3.47539170e-03 2.26807243e-03 0.00000000e+00
      vertex 3.47539170e-03 2.26807243e-03 8.20000000e-03
    endloop
  endfacet
  facet normal 0 0 0
    outer loop
      vertex 3.51845737e-03 2.20067211e-03 0.00000000e+00
      vertex 3.47539170e-03 2.26807243e-03 8.20000000e-03
      vertex 3.51845737e-03 2.20067211e-03 8.20000000e-03
    endloop
  endfacet
  facet normal 0 0 0
    outer loop
      vertex 3.47539170e-03 2.26807243e-03 0.00000000e+00
      vertex 3.43103506e-03 2.33463026e-03 0.00000000e+00
      vertex 3.43103506e-03 2.33463026e-03 8.20000000e-03
    endloop
  endfacet
  facet normal 0 0 0
    outer loop
      vertex 3.47539170e-03 2.26807243e-03 0.00000000e+00
      vertex 3.43103506e-03 2.33463026e-03 8.20000000e-03
      vertex 3.47539170e-03 2.26807243e-03 8.20000000e-03
    endloop
  endfacet
  facet normal 0 0 0
    outer loop
      vertex 3.43103506e-03 2.33463026e-03 0.00000000e+00
      vertex 3.38540393e-03 2.40032086e-03 0.00000000e+00
      vertex 3.38540393e-03 2.40032086e-03 8.20000000e-03
    endloop
  endfacet
  facet normal 0 0 0
    outer loop
      vertex 3.43103506e-03 2.33463026e-03 0.00000000e+00
      vertex 3.38540393e-03 2.40032086e-03 8.20000000e-03
      vertex 3.43103506e-03 2.33463026e-03 8.20000000e-03
    endloop
  endfacet
  facet normal 0 0 0
    outer loop
      vertex 3.38540393e-03 2.40032086e-03 0.00000000e+00
      vertex 3.33851526e-03 2.46511985e-03 0.00000000e+00
      vertex 3.33851526e-03 2.46511985e-03 8.20000000e-03
    endloop
  endfacet
  facet normal 0 0 0
    outer loop
      vertex 3.38540393e-03 2.40032086e-03 0.00000000e+00
      vertex 3.33851526e-03 2.46511985e-03 8.20000000e-03
      vertex 3.38540393e-03 2.40032086e-03 8.20000000e-03
    endloop
  endfacet
  facet normal 0 0 0
    outer loop
      vertex 3.33851526e-03 2.46511985e-03 0.00000000e+00
      vertex 3.29038647e-03 2.52900314e-03 0.00000000e+00
      vertex 3.29038647e-03 2.52900314e-03 8.20000000e-03
    endloop
  endfacet
  facet normal 0 0 0
    outer loop
      vertex 3.33851526e-03 2.46511985e-03 0.00000000e+00
      vertex 3.29038647e-03 2.52900314e-03 8.20000000e-03
      vertex 3.33851526e-03 2.46511985e-03 8.20000000e-03
    endloop
  endfacet
  facet normal 0 0 0
    outer loop
      vertex 3.29038647e-03 2.52900314e-03 0.00000000e+00
      vertex 3.24103543e-03 2.59194701e-03 0.00000000e+00
      vertex 3.24103543e-03 2.59194701e-03 8.20000000e-03
    endloop
  endfacet
  facet normal 0 0 0
    outer loop
      vertex 3.29038647e-03 2.52900314e-03 0.00000000e+00
      vertex 3.24103543e-03 2.59194701e-03 8.20000000e-03
      vertex 3.29038647e-03 2.52900314e-03 8.20000000e-03
    endloop
  endfacet
  facet normal 0 0 0
    outer loop
      vertex 3.24103543e-03 2.59194701e-03 0.00000000e+00
      vertex 3.19048049e-03 2.65392808e-03 0.00000000e+00
      vertex 3.19048049e-03 2.65392808e-03 8.20000000e-03
    endloop
  endfacet
  facet normal 0 0 0
    outer loop
      vertex 3.24103543e-03 2.59194701e-03 0.00000000e+00
      vertex 3.19048049e-03 2.65392808e-03 8.20000000e-03
      vertex 3.24103543e-03 2.59194701e-03 8.20000000e-03
    endloop
  endfacet
  facet normal 0 0 0
    outer loop
      vertex 3.19048049e-03 2.65392808e-03 0.00000000e+00
      vertex 3.13874040e-03 2.71492333e-03 0.00000000e+00
      vertex 3.13874040e-03 2.71492333e-03 8.20000000e-03
    endloop
  endfacet
  facet normal 0 0 0
    outer loop
      vertex 3.19048049e-03 2.65392808e-03 0.00000000e+00
      vertex 3.13874040e-03 2.71492333e-03 8.20000000e-03
      vertex 3.19048049e-03 2.65392808e-03 8.20000000e-03
    endloop
  endfacet
  facet normal 0 0 0
    outer loop
      vertex 3.13874040e-03 2.71492333e-03 0.00000000e+00
      vertex 3.08583441e-03 2.77491009e-03 0.00000000e+00
      vertex 3.08583441e-03 2.77491009e-03 8.20000000e-03
    endloop
  endfacet
  facet normal 0 0 0
    outer loop
      vertex 3.13874040e-03 2.71492333e-03 0.00000000e+00
      vertex 3.08583441e-03 2.77491009e-03 8.20000000e-03
      vertex 3.13874040e-03 2.71492333e-03 8.20000000e-03
    endloop
  endfacet
  facet normal 0 0 0
    outer loop
      vertex 3.08583441e-03 2.77491009e-03 0.00000000e+00
      vertex 3.03178215e-03 2.83386608e-03 0.00000000e+00
      vertex 3.03178215e-03 2.83386608e-03 8.20000000e-03
    endloop
  endfacet
  facet normal 0 0 0
    outer loop
      vertex 3.08583441e-03 2.77491009e-03 0.00000000e+00
      vertex 3.03178215e-03 2.83386608e-03 8.20000000e-03
      vertex 3.08583441e-03 2.77491009e-03 8.20000000e-03
    endloop
  endfacet
  facet normal 0 0 0
    outer loop
      vertex 3.03178215e-03 2.83386608e-03 0.00000000e+00
      vertex 2.97660371e-03 2.89176941e-03 0.00000000e+00
      vertex 2.97660371e-03 2.89176941e-03 8.20000000e-03
    endloop
  endfacet
  facet normal 0 0 0
    outer loop
      vertex 3.03178215e-03 2.83386608e-03 0.00000000e+00
      vertex 2.97660371e-03 2.89176941e-03 8.20000000e-03
      vertex 3.03178215e-03 2.83386608e-03 8.20000000e-03
    endloop
  endfacet
  facet normal 0 0 0
    outer loop
      vertex 2.97660371e-03 2.89176941e-03 0.00000000e+00
      vertex 2.92031959e-03 2.94859857e-03 0.00000000e+00
      vertex 2.92031959e-03 2.94859857e-03 8.20000000e-03
    endloop
  endfacet
  facet normal 0 0 0
    outer loop
      vertex 2.97660371e-03 2.89176941e-03 0.00000000e+00
      vertex 2.92031959e-03 2.94859857e-03 8.20000000e-03
      vertex 2.97660371e-03 2.89176941e-03 8.20000000e-03
    endloop
  endfacet
  facet normal 0 0 0
    outer loop
      vertex 2.92031959e-03 2.94859857e-03 0.00000000e+00
      vertex 2.86295068e-03 3.00433244e-03 0.00000000e+00
      vertex 2.86295068e-03 3.00433244e-03 8.20000000e-03
    endloop
  endfacet
  facet normal 0 0 0
    outer loop
      vertex 2.92031959e-03 2.94859857e-03 0.00000000e+00
      vertex 2.86295068e-03 3.00433244e-03 8.20000000e-03
      vertex 2.92031959e-03 2.94859857e-03 8.20000000e-03
    endloop
  endfacet
  facet normal 0 0 0
    outer loop
      vertex 2.86295068e-03 3.00433244e-03 0.00000000e+00
      vertex 2.80451831e-03 3.05895032e-03 0.00000000e+00
      vertex 2.80451831e-03 3.05895032e-03 8.20000000e-03
    endloop
  endfacet
  facet normal 0 0 0
    outer loop
      vertex 2.86295068e-03 3.00433244e-03 0.00000000e+00
      vertex 2.80451831e-03 3.05895032e-03 8.20000000e-03
      vertex 2.86295068e-03 3.00433244e-03 8.20000000e-03
    endloop
  endfacet
  facet normal 0 0 0
    outer loop
      vertex 2.80451831e-03 3.05895032e-03 0.00000000e+00
      vertex 2.74504417e-03 3.11243193e-03 0.00000000e+00
      vertex 2.74504417e-03 3.11243193e-03 8.20000000e-03
    endloop
  endfacet
  facet normal 0 0 0
    outer loop
      vertex 2.80451831e-03 3.05895032e-03 0.00000000e+00
      vertex 2.74504417e-03 3.11243193e-03 8.20000000e-03
      vertex 2.80451831e-03 3.05895032e-03 8.20000000e-03
    endloop
  endfacet
  facet normal 0 0 0
    outer loop
      vertex 2.74504417e-03 3.11243193e-03 0.00000000e+00
      vertex 2.68455036e-03 3.16475740e-03 0.00000000e+00
      vertex 2.68455036e-03 3.16475740e-03 8.20000000e-03
    endloop
  endfacet
  facet normal 0 0 0
    outer loop
      vertex 2.74504417e-03 3.11243193e-03 0.00000000e+00
      vertex 2.68455036e-03 3.16475740e-03 8.20000000e-03
      vertex 2.74504417e-03 3.11243193e-03 8.20000000e-03
    endloop
  endfacet
  facet normal 0 0 0
    outer loop
      vertex 2.68455036e-03 3.16475740e-03 0.00000000e+00
      vertex 2.62305935e-03 3.21590729e-03 0.00000000e+00
      vertex 2.62305935e-03 3.21590729e-03 8.20000000e-03
    endloop
  endfacet
  facet normal 0 0 0
    outer loop
      vertex 2.68455036e-03 3.16475740e-03 0.00000000e+00
      vertex 2.62305935e-03 3.21590729e-03 8.20000000e-03
      vertex 2.68455036e-03 3.16475740e-03 8.20000000e-03
    endloop
  endfacet
  facet normal 0 0 0
    outer loop
      vertex 2.62305935e-03 3.21590729e-03 0.00000000e+00
      vertex 2.56059398e-03 3.26586260e-03 0.00000000e+00
      vertex 2.56059398e-03 3.26586260e-03 8.20000000e-03
    endloop
  endfacet
  facet normal 0 0 0
    outer loop
      vertex 2.62305935e-03 3.21590729e-03 0.00000000e+00
      vertex 2.56059398e-03 3.26586260e-03 8.20000000e-03
      vertex 2.62305935e-03 3.21590729e-03 8.20000000e-03
    endloop
  endfacet
  facet normal 0 0 0
    outer loop
      vertex 2.56059398e-03 3.26586260e-03 0.00000000e+00
      vertex 2.49717745e-03 3.31460477e-03 0.00000000e+00
      vertex 2.49717745e-03 3.31460477e-03 8.20000000e-03
    endloop
  endfacet
  facet normal 0 0 0
    outer loop
      vertex 2.56059398e-03 3.26586260e-03 0.00000000e+00
      vertex 2.49717745e-03 3.31460477e-03 8.20000000e-03
      vertex 2.56059398e-03 3.26586260e-03 8.20000000e-03
    endloop
  endfacet
  facet normal 0 0 0
    outer loop
      vertex 2.49717745e-03 3.31460477e-03 0.00000000e+00
      vertex 2.43283332e-03 3.36211571e-03 0.00000000e+00
      vertex 2.43283332e-03 3.36211571e-03 8.20000000e-03
    endloop
  endfacet
  facet normal 0 0 0
    outer loop
      vertex 2.49717745e-03 3.31460477e-03 0.00000000e+00
      vertex 2.43283332e-03 3.36211571e-03 8.20000000e-03
      vertex 2.49717745e-03 3.31460477e-03 8.20000000e-03
    endloop
  endfacet
  facet normal 0 0 0
    outer loop
      vertex 2.43283332e-03 3.36211571e-03 0.00000000e+00
      vertex 2.36758550e-03 3.40837775e-03 0.00000000e+00
      vertex 2.36758550e-03 3.40837775e-03 8.20000000e-03
    endloop
  endfacet
  facet normal 0 0 0
    outer loop
      vertex 2.43283332e-03 3.36211571e-03 0.00000000e+00
      vertex 2.36758550e-03 3.40837775e-03 8.20000000e-03
      vertex 2.43283332e-03 3.36211571e-03 8.20000000e-03
    endloop
  endfacet
  facet normal 0 0 0
    outer loop
      vertex 2.36758550e-03 3.40837775e-03 0.00000000e+00
      vertex 2.30145821e-03 3.45337373e-03 0.00000000e+00
      vertex 2.30145821e-03 3.45337373e-03 8.20000000e-03
    endloop
  endfacet
  facet normal 0 0 0
    outer loop
      vertex 2.36758550e-03 3.40837775e-03 0.00000000e+00
      vertex 2.30145821e-03 3.45337373e-03 8.20000000e-03
      vertex 2.36758550e-03 3.40837775e-03 8.20000000e-03
    endloop
  endfacet
  facet normal 0 0 0
    outer loop
      vertex 2.30145821e-03 3.45337373e-03 0.00000000e+00
      vertex 2.23447603e-03 3.49708692e-03 0.00000000e+00
      vertex 2.23447603e-03 3.49708692e-03 8.20000000e-03
    endloop
  endfacet
  facet normal 0 0 0
    outer loop
      vertex 2.30145821e-03 3.45337373e-03 0.00000000e+00
      vertex 2.23447603e-03 3.49708692e-03 8.20000000e-03
      vertex 2.30145821e-03 3.45337373e-03 8.20000000e-03
    endloop
  endfacet
  facet normal 0 0 0
    outer loop
      vertex 2.23447603e-03 3.49708692e-03 0.00000000e+00
      vertex 2.16666382e-03 3.53950108e-03 0.00000000e+00
      vertex 2.16666382e-03 3.53950108e-03 8.20000000e-03
    endloop
  endfacet
  facet normal 0 0 0
    outer loop
      vertex 2.23447603e-03 3.49708692e-03 0.00000000e+00
      vertex 2.16666382e-03 3.53950108e-03 8.20000000e-03
      vertex 2.23447603e-03 3.49708692e-03 8.20000000e-03
    endloop
  endfacet
  facet normal 0 0 0
    outer loop
      vertex 2.16666382e-03 3.53950108e-03 0.00000000e+00
      vertex 2.09804680e-03 3.58060046e-03 0.00000000e+00
      vertex 2.09804680e-03 3.58060046e-03 8.20000000e-03
    endloop
  endfacet
  facet normal 0 0 0
    outer loop
      vertex 2.16666382e-03 3.53950108e-03 0.00000000e+00
      vertex 2.09804680e-03 3.58060046e-03 8.20000000e-03
      vertex 2.16666382e-03 3.53950108e-03 8.20000000e-03
    endloop
  endfacet
  facet normal 0 0 0
    outer loop
      vertex 2.09804680e-03 3.58060046e-03 0.00000000e+00
      vertex 2.02865043e-03 3.62036979e-03 0.00000000e+00
      vertex 2.02865043e-03 3.62036979e-03 8.20000000e-03
    endloop
  endfacet
  facet normal 0 0 0
    outer loop
      vertex 2.09804680e-03 3.58060046e-03 0.00000000e+00
      vertex 2.02865043e-03 3.62036979e-03 8.20000000e-03
      vertex 2.09804680e-03 3.58060046e-03 8.20000000e-03
    endloop
  endfacet
  facet normal 0 0 0
    outer loop
      vertex 2.02865043e-03 3.62036979e-03 0.00000000e+00
      vertex 1.95850050e-03 3.65879431e-03 0.00000000e+00
      vertex 1.95850050e-03 3.65879431e-03 8.20000000e-03
    endloop
  endfacet
  facet normal 0 0 0
    outer loop
      vertex 2.02865043e-03 3.62036979e-03 0.00000000e+00
      vertex 1.95850050e-03 3.65879431e-03 8.20000000e-03
      vertex 2.02865043e-03 3.62036979e-03 8.20000000e-03
    endloop
  endfacet
  facet normal 0 0 0
    outer loop
      vertex 1.95850050e-03 3.65879431e-03 0.00000000e+00
      vertex 1.88762307e-03 3.69585973e-03 0.00000000e+00
      vertex 1.88762307e-03 3.69585973e-03 8.20000000e-03
    endloop
  endfacet
  facet normal 0 0 0
    outer loop
      vertex 1.95850050e-03 3.65879431e-03 0.00000000e+00
      vertex 1.88762307e-03 3.69585973e-03 8.20000000e-03
      vertex 1.95850050e-03 3.65879431e-03 8.20000000e-03
    endloop
  endfacet
  facet normal 0 0 0
    outer loop
      vertex 1.88762307e-03 3.69585973e-03 0.00000000e+00
      vertex 1.81604447e-03 3.73155229e-03 0.00000000e+00
      vertex 1.81604447e-03 3.73155229e-03 8.20000000e-03
    endloop
  endfacet
  facet normal 0 0 0
    outer loop
      vertex 1.88762307e-03 3.69585973e-03 0.00000000e+00
      vertex 1.81604447e-03 3.73155229e-03 8.20000000e-03
      vertex 1.88762307e-03 3.69585973e-03 8.20000000e-03
    endloop
  endfacet
  facet normal 0 0 0
    outer loop
      vertex 1.81604447e-03 3.73155229e-03 0.00000000e+00
      vertex 1.74379127e-03 3.76585873e-03 0.00000000e+00
      vertex 1.74379127e-03 3.76585873e-03 8.20000000e-03
    endloop
  endfacet
  facet normal 0 0 0
    outer loop
      vertex 1.81604447e-03 3.73155229e-03 0.00000000e+00
      vertex 1.74379127e-03 3.76585873e-03 8.20000000e-03
      vertex 1.81604447e-03 3.73155229e-03 8.20000000e-03
    endloop
  endfacet
  facet normal 0 0 0
    outer loop
      vertex 1.74379127e-03 3.76585873e-03 0.00000000e+00
      vertex 1.67089033e-03 3.79876631e-03 0.00000000e+00
      vertex 1.67089033e-03 3.79876631e-03 8.20000000e-03
    endloop
  endfacet
  facet normal 0 0 0
    outer loop
      vertex 1.74379127e-03 3.76585873e-03 0.00000000e+00
      vertex 1.67089033e-03 3.79876631e-03 8.20000000e-03
      vertex 1.74379127e-03 3.76585873e-03 8.20000000e-03
    endloop
  endfacet
  facet normal 0 0 0
    outer loop
      vertex 1.67089033e-03 3.79876631e-03 0.00000000e+00
      vertex 1.59736873e-03 3.83026280e-03 0.00000000e+00
      vertex 1.59736873e-03 3.83026280e-03 8.20000000e-03
    endloop
  endfacet
  facet normal 0 0 0
    outer loop
      vertex 1.67089033e-03 3.79876631e-03 0.00000000e+00
      vertex 1.59736873e-03 3.83026280e-03 8.20000000e-03
      vertex 1.67089033e-03 3.79876631e-03 8.20000000e-03
    endloop
  endfacet
  facet normal 0 0 0
    outer loop
      vertex 1.59736873e-03 3.83026280e-03 0.00000000e+00
      vertex 1.52325376e-03 3.86033651e-03 0.00000000e+00
      vertex 1.52325376e-03 3.86033651e-03 8.20000000e-03
    endloop
  endfacet
  facet normal 0 0 0
    outer loop
      vertex 1.59736873e-03 3.83026280e-03 0.00000000e+00
      vertex 1.52325376e-03 3.86033651e-03 8.20000000e-03
      vertex 1.59736873e-03 3.83026280e-03 8.20000000e-03
    endloop
  endfacet
  facet normal 0 0 0
    outer loop
      vertex 1.52325376e-03 3.86033651e-03 0.00000000e+00
      vertex 1.44857297e-03 3.88897626e-03 0.00000000e+00
      vertex 1.44857297e-03 3.88897626e-03 8.20000000e-03
    endloop
  endfacet
  facet normal 0 0 0
    outer loop
      vertex 1.52325376e-03 3.86033651e-03 0.00000000e+00
      vertex 1.44857297e-03 3.88897626e-03 8.20000000e-03
      vertex 1.52325376e-03 3.86033651e-03 8.20000000e-03
    endloop
  endfacet
  facet normal 0 0 0
    outer loop
      vertex 1.44857297e-03 3.88897626e-03 0.00000000e+00
      vertex 1.37335410e-03 3.91617141e-03 0.00000000e+00
      vertex 1.37335410e-03 3.91617141e-03 8.20000000e-03
    endloop
  endfacet
  facet normal 0 0 0
    outer loop
      vertex 1.44857297e-03 3.88897626e-03 0.00000000e+00
      vertex 1.37335410e-03 3.91617141e-03 8.20000000e-03
      vertex 1.44857297e-03 3.88897626e-03 8.20000000e-03
    endloop
  endfacet
  facet normal 0 0 0
    outer loop
      vertex 1.37335410e-03 3.91617141e-03 0.00000000e+00
      vertex 1.29762508e-03 3.94191187e-03 0.00000000e+00
      vertex 1.29762508e-03 3.94191187e-03 8.20000000e-03
    endloop
  endfacet
  facet normal 0 0 0
    outer loop
      vertex 1.37335410e-03 3.91617141e-03 0.00000000e+00
      vertex 1.29762508e-03 3.94191187e-03 8.20000000e-03
      vertex 1.37335410e-03 3.91617141e-03 8.20000000e-03
    endloop
  endfacet
  facet normal 0 0 0
    outer loop
      vertex 1.29762508e-03 3.94191187e-03 0.00000000e+00
      vertex 1.22141404e-03 3.96618806e-03 0.00000000e+00
      vertex 1.22141404e-03 3.96618806e-03 8.20000000e-03
    endloop
  endfacet
  facet normal 0 0 0
    outer loop
      vertex 1.29762508e-03 3.94191187e-03 0.00000000e+00
      vertex 1.22141404e-03 3.96618806e-03 8.20000000e-03
      vertex 1.29762508e-03 3.94191187e-03 8.20000000e-03
    endloop
  endfacet
  facet normal 0 0 0
    outer loop
      vertex 1.22141404e-03 3.96618806e-03 0.00000000e+00
      vertex 1.14474930e-03 3.98899098e-03 0.00000000e+00
      vertex 1.14474930e-03 3.98899098e-03 8.20000000e-03
    endloop
  endfacet
  facet normal 0 0 0
    outer loop
      vertex 1.22141404e-03 3.96618806e-03 0.00000000e+00
      vertex 1.14474930e-03 3.98899098e-03 8.20000000e-03
      vertex 1.22141404e-03 3.96618806e-03 8.20000000e-03
    endloop
  endfacet
  facet normal 0 0 0
    outer loop
      vertex 1.14474930e-03 3.98899098e-03 0.00000000e+00
      vertex 1.06765933e-03 4.01031215e-03 0.00000000e+00
      vertex 1.06765933e-03 4.01031215e-03 8.20000000e-03
    endloop
  endfacet
  facet normal 0 0 0
    outer loop
      vertex 1.14474930e-03 3.98899098e-03 0.00000000e+00
      vertex 1.06765933e-03 4.01031215e-03 8.20000000e-03
      vertex 1.14474930e-03 3.98899098e-03 8.20000000e-03
    endloop
  endfacet
  facet normal 0 0 0
    outer loop
      vertex 1.06765933e-03 4.01031215e-03 0.00000000e+00
      vertex 9.90172769e-04 4.03014366e-03 0.00000000e+00
      vertex 9.90172769e-04 4.03014366e-03 8.20000000e-03
    endloop
  endfacet
  facet normal 0 0 0
    outer loop
      vertex 1.06765933e-03 4.01031215e-03 0.00000000e+00
      vertex 9.90172769e-04 4.03014366e-03 8.20000000e-03
      vertex 1.06765933e-03 4.01031215e-03 8.20000000e-03
    endloop
  endfacet
  facet normal 0 0 0
    outer loop
      vertex 9.90172769e-04 4.03014366e-03 0.00000000e+00
      vertex 9.12318399e-04 4.04847813e-03 0.00000000e+00
      vertex 9.12318399e-04 4.04847813e-03 8.20000000e-03
    endloop
  endfacet
  facet normal 0 0 0
    outer loop
      vertex 9.90172769e-04 4.03014366e-03 0.00000000e+00
      vertex 9.12318399e-04 4.04847813e-03 8.20000000e-03
      vertex 9.90172769e-04 4.03014366e-03 8.20000000e-03
    endloop
  endfacet
  facet normal 0 0 0
    outer loop
      vertex 9.12318399e-04 4.04847813e-03 0.00000000e+00
      vertex 8.34125140e-04 4.06530875e-03 0.00000000e+00
      vertex 8.34125140e-04 4.06530875e-03 8.20000000e-03
    endloop
  endfacet
  facet normal 0 0 0
    outer loop
      vertex 9.12318399e-04 4.04847813e-03 0.00000000e+00
      vertex 8.34125140e-04 4.06530875e-03 8.20000000e-03
      vertex 9.12318399e-04 4.04847813e-03 8.20000000e-03
    endloop
  endfacet
  facet normal 0 0 0
    outer loop
      vertex 8.34125140e-04 4.06530875e-03 0.00000000e+00
      vertex 7.55622038e-04 4.08062928e-03 0.00000000e+00
      vertex 7.55622038e-04 4.08062928e-03 8.20000000e-03
    endloop
  endfacet
  facet normal 0 0 0
    outer loop
      vertex 8.34125140e-04 4.06530875e-03 0.00000000e+00
      vertex 7.55622038e-04 4.08062928e-03 8.20000000e-03
      vertex 8.34125140e-04 4.06530875e-03 8.20000000e-03
    endloop
  endfacet
  facet normal 0 0 0
    outer loop
      vertex 7.55622038e-04 4.08062928e-03 0.00000000e+00
      vertex 6.76838253e-04 4.09443402e-03 0.00000000e+00
      vertex 6.76838253e-04 4.09443402e-03 8.20000000e-03
    endloop
  endfacet
  facet normal 0 0 0
    outer loop
      vertex 7.55622038e-04 4.08062928e-03 0.00000000e+00
      vertex 6.76838253e-04 4.09443402e-03 8.20000000e-03
      vertex 7.55622038e-04 4.08062928e-03 8.20000000e-03
    endloop
  endfacet
  facet normal 0 0 0
    outer loop
      vertex 6.76838253e-04 4.09443402e-03 0.00000000e+00
      vertex 5.97803050e-04 4.10671785e-03 0.00000000e+00
      vertex 5.97803050e-04 4.10671785e-03 8.20000000e-03
    endloop
  endfacet
  facet normal 0 0 0
    outer loop
      vertex 6.76838253e-04 4.09443402e-03 0.00000000e+00
      vertex 5.97803050e-04 4.10671785e-03 8.20000000e-03
      vertex 6.76838253e-04 4.09443402e-03 8.20000000e-03
    endloop
  endfacet
  facet normal 0 0 0
    outer loop
      vertex 5.97803050e-04 4.10671785e-03 0.00000000e+00
      vertex 5.18545788e-04 4.11747620e-03 0.00000000e+00
      vertex 5.18545788e-04 4.11747620e-03 8.20000000e-03
    endloop
  endfacet
  facet normal 0 0 0
    outer loop
      vertex 5.97803050e-04 4.10671785e-03 0.00000000e+00
      vertex 5.18545788e-04 4.11747620e-03 8.20000000e-03
      vertex 5.97803050e-04 4.10671785e-03 8.20000000e-03
    endloop
  endfacet
  facet normal 0 0 0
    outer loop
      vertex 5.18545788e-04 4.11747620e-03 0.00000000e+00
      vertex 4.39095907e-04 4.12670508e-03 0.00000000e+00
      vertex 4.39095907e-04 4.12670508e-03 8.20000000e-03
    endloop
  endfacet
  facet normal 0 0 0
    outer loop
      vertex 5.18545788e-04 4.11747620e-03 0.00000000e+00
      vertex 4.39095907e-04 4.12670508e-03 8.20000000e-03
      vertex 5.18545788e-04 4.11747620e-03 8.20000000e-03
    endloop
  endfacet
  facet normal 0 0 0
    outer loop
      vertex 4.39095907e-04 4.12670508e-03 0.00000000e+00
      vertex 3.59482921e-04 4.13440105e-03 0.00000000e+00
      vertex 3.59482921e-04 4.13440105e-03 8.20000000e-03
    endloop
  endfacet
  facet normal 0 0 0
    outer loop
      vertex 4.39095907e-04 4.12670508e-03 0.00000000e+00
      vertex 3.59482921e-04 4.13440105e-03 8.20000000e-03
      vertex 4.39095907e-04 4.12670508e-03 8.20000000e-03
    endloop
  endfacet
  facet normal 0 0 0
    outer loop
      vertex 3.59482921e-04 4.13440105e-03 0.00000000e+00
      vertex 2.79736400e-04 4.14056126e-03 0.00000000e+00
      vertex 2.79736400e-04 4.14056126e-03 8.20000000e-03
    endloop
  endfacet
  facet normal 0 0 0
    outer loop
      vertex 3.59482921e-04 4.13440105e-03 0.00000000e+00
      vertex 2.79736400e-04 4.14056126e-03 8.20000000e-03
      vertex 3.59482921e-04 4.13440105e-03 8.20000000e-03
    endloop
  endfacet
  facet normal 0 0 0
    outer loop
      vertex 2.79736400e-04 4.14056126e-03 0.00000000e+00
      vertex 1.99885970e-04 4.14518342e-03 0.00000000e+00
      vertex 1.99885970e-04 4.14518342e-03 8.20000000e-03
    endloop
  endfacet
  facet normal 0 0 0
    outer loop
      vertex 2.79736400e-04 4.14056126e-03 0.00000000e+00
      vertex 1.99885970e-04 4.14518342e-03 8.20000000e-03
      vertex 2.79736400e-04 4.14056126e-03 8.20000000e-03
    endloop
  endfacet
  facet normal 0 0 0
    outer loop
      vertex 1.99885970e-04 4.14518342e-03 0.00000000e+00
      vertex 1.19961289e-04 4.14826582e-03 0.00000000e+00
      vertex 1.19961289e-04 4.14826582e-03 8.20000000e-03
    endloop
  endfacet
  facet normal 0 0 0
    outer loop
      vertex 1.99885970e-04 4.14518342e-03 0.00000000e+00
      vertex 1.19961289e-04 4.14826582e-03 8.20000000e-03
      vertex 1.99885970e-04 4.14518342e-03 8.20000000e-03
    endloop
  endfacet
  facet normal 0 0 0
    outer loop
      vertex 1.19961289e-04 4.14826582e-03 0.00000000e+00
      vertex 3.99920482e-05 4.14980730e-03 0.00000000e+00
      vertex 3.99920482e-05 4.14980730e-03 8.20000000e-03
    endloop
  endfacet
  facet normal 0 0 0
    outer loop
      vertex 1.19961289e-04 4.14826582e-03 0.00000000e+00
      vertex 3.99920482e-05 4.14980730e-03 8.20000000e-03
      vertex 1.19961289e-04 4.14826582e-03 8.20000000e-03
    endloop
  endfacet
  facet normal 0 0 0
    outer loop
      vertex 3.99920482e-05 4.14980730e-03 0.00000000e+00
      vertex -3.99920482e-05 4.14980730e-03 0.00000000e+00
      vertex -3.99920482e-05 4.14980730e-03 8.20000000e-03
    endloop
  endfacet
  facet normal 0 0 0
    outer loop
      vertex 3.99920482e-05 4.14980730e-03 0.00000000e+00
      vertex -3.99920482e-05 4.14980730e-03 8.20000000e-03
      vertex 3.99920482e-05 4.14980730e-03 8.20000000e-03
    endloop
  endfacet
  facet normal 0 0 0
    outer loop
      vertex -3.99920482e-05 4.14980730e-03 0.00000000e+00
      vertex -1.19961289e-04 4.14826582e-03 0.00000000e+00
      vertex -1.19961289e-04 4.14826582e-03 8.20000000e-03
    endloop
  endfacet
  facet normal 0 0 0
    outer loop
      vertex -3.99920482e-05 4.14980730e-03 0.00000000e+00
      vertex -1.19961289e-04 4.14826582e-03 8.20000000e-03
      vertex -3.99920482e-05 4.14980730e-03 8.20000000e-03
    endloop
  endfacet
  facet normal 0 0 0
    outer loop
      vertex -1.19961289e-04 4.14826582e-03 0.00000000e+00
      vertex -1.99885970e-04 4.14518342e-03 0.00000000e+00
      vertex -1.99885970e-04 4.14518342e-03 8.20000000e-03
    endloop
  endfacet
  facet normal 0 0 0
    outer loop
      vertex -1.19961289e-04 4.14826582e-03 0.00000000e+00
      vertex -1.99885970e-04 4.14518342e-03 8.20000000e-03
      vertex -1.19961289e-04 4.14826582e-03 8.20000000e-03
    endloop
  endfacet
  facet normal 0 0 0
    outer loop
      vertex -1.99885970e-04 4.14518342e-03 0.00000000e+00
      vertex -2.79736400e-04 4.14056126e-03 0.00000000e+00
      vertex -2.79736400e-04 4.14056126e-03 8.20000000e-03
    endloop
  endfacet
  facet normal 0 0 0
    outer loop
      vertex -1.99885970e-04 4.14518342e-03 0.00000000e+00
      vertex -2.79736400e-04 4.14056126e-03 8.20000000e-03
      vertex -1.99885970e-04 4.14518342e-03 8.20000000e-03
    endloop
  endfacet
  facet normal 0 0 0
    outer loop
      vertex -2.79736400e-04 4.14056126e-03 0.00000000e+00
      vertex -3.59482921e-04 4.13440105e-03 0.00000000e+00
      vertex -3.59482921e-04 4.13440105e-03 8.20000000e-03
    endloop
  endfacet
  facet normal 0 0 0
    outer loop
      vertex -2.79736400e-04 4.14056126e-03 0.00000000e+00
      vertex -3.59482921e-04 4.13440105e-03 8.20000000e-03
      vertex -2.79736400e-04 4.14056126e-03 8.20000000e-03
    endloop
  endfacet
  facet normal 0 0 0
    outer loop
      vertex -3.59482921e-04 4.13440105e-03 0.00000000e+00
      vertex -4.39095907e-04 4.12670508e-03 0.00000000e+00
      vertex -4.39095907e-04 4.12670508e-03 8.20000000e-03
    endloop
  endfacet
  facet normal 0 0 0
    outer loop
      vertex -3.59482921e-04 4.13440105e-03 0.00000000e+00
      vertex -4.39095907e-04 4.12670508e-03 8.20000000e-03
      vertex -3.59482921e-04 4.13440105e-03 8.20000000e-03
    endloop
  endfacet
  facet normal 0 0 0
    outer loop
      vertex -4.39095907e-04 4.12670508e-03 0.00000000e+00
      vertex -5.18545788e-04 4.11747620e-03 0.00000000e+00
      vertex -5.18545788e-04 4.11747620e-03 8.20000000e-03
    endloop
  endfacet
  facet normal 0 0 0
    outer loop
      vertex -4.39095907e-04 4.12670508e-03 0.00000000e+00
      vertex -5.18545788e-04 4.11747620e-03 8.20000000e-03
      vertex -4.39095907e-04 4.12670508e-03 8.20000000e-03
    endloop
  endfacet
  facet normal 0 0 0
    outer loop
      vertex -5.18545788e-04 4.11747620e-03 0.00000000e+00
      vertex -5.97803050e-04 4.10671785e-03 0.00000000e+00
      vertex -5.97803050e-04 4.10671785e-03 8.20000000e-03
    endloop
  endfacet
  facet normal 0 0 0
    outer loop
      vertex -5.18545788e-04 4.11747620e-03 0.00000000e+00
      vertex -5.97803050e-04 4.10671785e-03 8.20000000e-03
      vertex -5.18545788e-04 4.11747620e-03 8.20000000e-03
    endloop
  endfacet
  facet normal 0 0 0
    outer loop
      vertex -5.97803050e-04 4.10671785e-03 0.00000000e+00
      vertex -6.76838253e-04 4.09443402e-03 0.00000000e+00
      vertex -6.76838253e-04 4.09443402e-03 8.20000000e-03
    endloop
  endfacet
  facet normal 0 0 0
    outer loop
      vertex -5.97803050e-04 4.10671785e-03 0.00000000e+00
      vertex -6.76838253e-04 4.09443402e-03 8.20000000e-03
      vertex -5.97803050e-04 4.10671785e-03 8.20000000e-03
    endloop
  endfacet
  facet normal 0 0 0
    outer loop
      vertex -6.76838253e-04 4.09443402e-03 0.00000000e+00
      vertex -7.55622038e-04 4.08062928e-03 0.00000000e+00
      vertex -7.55622038e-04 4.08062928e-03 8.20000000e-03
    endloop
  endfacet
  facet normal 0 0 0
    outer loop
      vertex -6.76838253e-04 4.09443402e-03 0.00000000e+00
      vertex -7.55622038e-04 4.08062928e-03 8.20000000e-03
      vertex -6.76838253e-04 4.09443402e-03 8.20000000e-03
    endloop
  endfacet
  facet normal 0 0 0
    outer loop
      vertex -7.55622038e-04 4.08062928e-03 0.00000000e+00
      vertex -8.34125140e-04 4.06530875e-03 0.00000000e+00
      vertex -8.34125140e-04 4.06530875e-03 8.20000000e-03
    endloop
  endfacet
  facet normal 0 0 0
    outer loop
      vertex -7.55622038e-04 4.08062928e-03 0.00000000e+00
      vertex -8.34125140e-04 4.06530875e-03 8.20000000e-03
      vertex -7.55622038e-04 4.08062928e-03 8.20000000e-03
    endloop
  endfacet
  facet normal 0 0 0
    outer loop
      vertex -8.34125140e-04 4.06530875e-03 0.00000000e+00
      vertex -9.12318399e-04 4.04847813e-03 0.00000000e+00
      vertex -9.12318399e-04 4.04847813e-03 8.20000000e-03
    endloop
  endfacet
  facet normal 0 0 0
    outer loop
      vertex -8.34125140e-04 4.06530875e-03 0.00000000e+00
      vertex -9.12318399e-04 4.04847813e-03 8.20000000e-03
      vertex -8.34125140e-04 4.06530875e-03 8.20000000e-03
    endloop
  endfacet
  facet normal 0 0 0
    outer loop
      vertex -9.12318399e-04 4.04847813e-03 0.00000000e+00
      vertex -9.90172769e-04 4.03014366e-03 0.00000000e+00
      vertex -9.90172769e-04 4.03014366e-03 8.20000000e-03
    endloop
  endfacet
  facet normal 0 0 0
    outer loop
      vertex -9.12318399e-04 4.04847813e-03 0.00000000e+00
      vertex -9.90172769e-04 4.03014366e-03 8.20000000e-03
      vertex -9.12318399e-04 4.04847813e-03 8.20000000e-03
    endloop
  endfacet
  facet normal 0 0 0
    outer loop
      vertex -9.90172769e-04 4.03014366e-03 0.00000000e+00
      vertex -1.06765933e-03 4.01031215e-03 0.00000000e+00
      vertex -1.06765933e-03 4.01031215e-03 8.20000000e-03
    endloop
  endfacet
  facet normal 0 0 0
    outer loop
      vertex -9.90172769e-04 4.03014366e-03 0.00000000e+00
      vertex -1.06765933e-03 4.01031215e-03 8.20000000e-03
      vertex -9.90172769e-04 4.03014366e-03 8.20000000e-03
    endloop
  endfacet
  facet normal 0 0 0
    outer loop
      vertex -1.06765933e-03 4.01031215e-03 0.00000000e+00
      vertex -1.14474930e-03 3.98899098e-03 0.00000000e+00
      vertex -1.14474930e-03 3.98899098e-03 8.20000000e-03
    endloop
  endfacet
  facet normal 0 0 0
    outer loop
      vertex -1.06765933e-03 4.01031215e-03 0.00000000e+00
      vertex -1.14474930e-03 3.98899098e-03 8.20000000e-03
      vertex -1.06765933e-03 4.01031215e-03 8.20000000e-03
    endloop
  endfacet
  facet normal 0 0 0
    outer loop
      vertex -1.14474930e-03 3.98899098e-03 0.00000000e+00
      vertex -1.22141404e-03 3.96618806e-03 0.00000000e+00
      vertex -1.22141404e-03 3.96618806e-03 8.20000000e-03
    endloop
  endfacet
  facet normal 0 0 0
    outer loop
      vertex -1.14474930e-03 3.98899098e-03 0.00000000e+00
      vertex -1.22141404e-03 3.96618806e-03 8.20000000e-03
      vertex -1.14474930e-03 3.98899098e-03 8.20000000e-03
    endloop
  endfacet
  facet normal 0 0 0
    outer loop
      vertex -1.22141404e-03 3.96618806e-03 0.00000000e+00
      vertex -1.29762508e-03 3.94191187e-03 0.00000000e+00
      vertex -1.29762508e-03 3.94191187e-03 8.20000000e-03
    endloop
  endfacet
  facet normal 0 0 0
    outer loop
      vertex -1.22141404e-03 3.96618806e-03 0.00000000e+00
      vertex -1.29762508e-03 3.94191187e-03 8.20000000e-03
      vertex -1.22141404e-03 3.96618806e-03 8.20000000e-03
    endloop
  endfacet
  facet normal 0 0 0
    outer loop
      vertex -1.29762508e-03 3.94191187e-03 0.00000000e+00
      vertex -1.37335410e-03 3.91617141e-03 0.00000000e+00
      vertex -1.37335410e-03 3.91617141e-03 8.20000000e-03
    endloop
  endfacet
  facet normal 0 0 0
    outer loop
      vertex -1.29762508e-03 3.94191187e-03 0.00000000e+00
      vertex -1.37335410e-03 3.91617141e-03 8.20000000e-03
      vertex -1.29762508e-03 3.94191187e-03 8.20000000e-03
    endloop
  endfacet
  facet normal 0 0 0
    outer loop
      vertex -1.37335410e-03 3.91617141e-03 0.00000000e+00
      vertex -1.44857297e-03 3.88897626e-03 0.00000000e+00
      vertex -1.44857297e-03 3.88897626e-03 8.20000000e-03
    endloop
  endfacet
  facet normal 0 0 0
    outer loop
      vertex -1.37335410e-03 3.91617141e-03 0.00000000e+00
      vertex -1.44857297e-03 3.88897626e-03 8.20000000e-03
      vertex -1.37335410e-03 3.91617141e-03 8.20000000e-03
    endloop
  endfacet
  facet normal 0 0 0
    outer loop
      vertex -1.44857297e-03 3.88897626e-03 0.00000000e+00
      vertex -1.52325376e-03 3.86033651e-03 0.00000000e+00
      vertex -1.52325376e-03 3.86033651e-03 8.20000000e-03
    endloop
  endfacet
  facet normal 0 0 0
    outer loop
      vertex -1.44857297e-03 3.88897626e-03 0.00000000e+00
      vertex -1.52325376e-03 3.86033651e-03 8.20000000e-03
      vertex -1.44857297e-03 3.88897626e-03 8.20000000e-03
    endloop
  endfacet
  facet normal 0 0 0
    outer loop
      vertex -1.52325376e-03 3.86033651e-03 0.00000000e+00
      vertex -1.59736873e-03 3.83026280e-03 0.00000000e+00
      vertex -1.59736873e-03 3.83026280e-03 8.20000000e-03
    endloop
  endfacet
  facet normal 0 0 0
    outer loop
      vertex -1.52325376e-03 3.86033651e-03 0.00000000e+00
      vertex -1.59736873e-03 3.83026280e-03 8.20000000e-03
      vertex -1.52325376e-03 3.86033651e-03 8.20000000e-03
    endloop
  endfacet
  facet normal 0 0 0
    outer loop
      vertex -1.59736873e-03 3.83026280e-03 0.00000000e+00
      vertex -1.67089033e-03 3.79876631e-03 0.00000000e+00
      vertex -1.67089033e-03 3.79876631e-03 8.20000000e-03
    endloop
  endfacet
  facet normal 0 0 0
    outer loop
      vertex -1.59736873e-03 3.83026280e-03 0.00000000e+00
      vertex -1.67089033e-03 3.79876631e-03 8.20000000e-03
      vertex -1.59736873e-03 3.83026280e-03 8.20000000e-03
    endloop
  endfacet
  facet normal 0 0 0
    outer loop
      vertex -1.67089033e-03 3.79876631e-03 0.00000000e+00
      vertex -1.74379127e-03 3.76585873e-03 0.00000000e+00
      vertex -1.74379127e-03 3.76585873e-03 8.20000000e-03
    endloop
  endfacet
  facet normal 0 0 0
    outer loop
      vertex -1.67089033e-03 3.79876631e-03 0.00000000e+00
      vertex -1.74379127e-03 3.76585873e-03 8.20000000e-03
      vertex -1.67089033e-03 3.79876631e-03 8.20000000e-03
    endloop
  endfacet
  facet normal 0 0 0
    outer loop
      vertex -1.74379127e-03 3.76585873e-03 0.00000000e+00
      vertex -1.81604447e-03 3.73155229e-03 0.00000000e+00
      vertex -1.81604447e-03 3.73155229e-03 8.20000000e-03
    endloop
  endfacet
  facet normal 0 0 0
    outer loop
      vertex -1.74379127e-03 3.76585873e-03 0.00000000e+00
      vertex -1.81604447e-03 3.73155229e-03 8.20000000e-03
      vertex -1.74379127e-03 3.76585873e-03 8.20000000e-03
    endloop
  endfacet
  facet normal 0 0 0
    outer loop
      vertex -1.81604447e-03 3.73155229e-03 0.00000000e+00
      vertex -1.88762307e-03 3.69585973e-03 0.00000000e+00
      vertex -1.88762307e-03 3.69585973e-03 8.20000000e-03
    endloop
  endfacet
  facet normal 0 0 0
    outer loop
      vertex -1.81604447e-03 3.73155229e-03 0.00000000e+00
      vertex -1.88762307e-03 3.69585973e-03 8.20000000e-03
      vertex -1.81604447e-03 3.73155229e-03 8.20000000e-03
    endloop
  endfacet
  facet normal 0 0 0
    outer loop
      vertex -1.88762307e-03 3.69585973e-03 0.00000000e+00
      vertex -1.95850050e-03 3.65879431e-03 0.00000000e+00
      vertex -1.95850050e-03 3.65879431e-03 8.20000000e-03
    endloop
  endfacet
  facet normal 0 0 0
    outer loop
      vertex -1.88762307e-03 3.69585973e-03 0.00000000e+00
      vertex -1.95850050e-03 3.65879431e-03 8.20000000e-03
      vertex -1.88762307e-03 3.69585973e-03 8.20000000e-03
    endloop
  endfacet
  facet normal 0 0 0
    outer loop
      vertex -1.95850050e-03 3.65879431e-03 0.00000000e+00
      vertex -2.02865043e-03 3.62036979e-03 0.00000000e+00
      vertex -2.02865043e-03 3.62036979e-03 8.20000000e-03
    endloop
  endfacet
  facet normal 0 0 0
    outer loop
      vertex -1.95850050e-03 3.65879431e-03 0.00000000e+00
      vertex -2.02865043e-03 3.62036979e-03 8.20000000e-03
      vertex -1.95850050e-03 3.65879431e-03 8.20000000e-03
    endloop
  endfacet
  facet normal 0 0 0
    outer loop
      vertex -2.02865043e-03 3.62036979e-03 0.00000000e+00
      vertex -2.09804680e-03 3.58060046e-03 0.00000000e+00
      vertex -2.09804680e-03 3.58060046e-03 8.20000000e-03
    endloop
  endfacet
  facet normal 0 0 0
    outer loop
      vertex -2.02865043e-03 3.62036979e-03 0.00000000e+00
      vertex -2.09804680e-03 3.58060046e-03 8.20000000e-03
      vertex -2.02865043e-03 3.62036979e-03 8.20000000e-03
    endloop
  endfacet
  facet normal 0 0 0
    outer loop
      vertex -2.09804680e-03 3.58060046e-03 0.00000000e+00
      vertex -2.16666382e-03 3.53950108e-03 0.00000000e+00
      vertex -2.16666382e-03 3.53950108e-03 8.20000000e-03
    endloop
  endfacet
  facet normal 0 0 0
    outer loop
      vertex -2.09804680e-03 3.58060046e-03 0.00000000e+00
      vertex -2.16666382e-03 3.53950108e-03 8.20000000e-03
      vertex -2.09804680e-03 3.58060046e-03 8.20000000e-03
    endloop
  endfacet
  facet normal 0 0 0
    outer loop
      vertex -2.16666382e-03 3.53950108e-03 0.00000000e+00
      vertex -2.23447603e-03 3.49708692e-03 0.00000000e+00
      vertex -2.23447603e-03 3.49708692e-03 8.20000000e-03
    endloop
  endfacet
  facet normal 0 0 0
    outer loop
      vertex -2.16666382e-03 3.53950108e-03 0.00000000e+00
      vertex -2.23447603e-03 3.49708692e-03 8.20000000e-03
      vertex -2.16666382e-03 3.53950108e-03 8.20000000e-03
    endloop
  endfacet
  facet normal 0 0 0
    outer loop
      vertex -2.23447603e-03 3.49708692e-03 0.00000000e+00
      vertex -2.30145821e-03 3.45337373e-03 0.00000000e+00
      vertex -2.30145821e-03 3.45337373e-03 8.20000000e-03
    endloop
  endfacet
  facet normal 0 0 0
    outer loop
      vertex -2.23447603e-03 3.49708692e-03 0.00000000e+00
      vertex -2.30145821e-03 3.45337373e-03 8.20000000e-03
      vertex -2.23447603e-03 3.49708692e-03 8.20000000e-03
    endloop
  endfacet
  facet normal 0 0 0
    outer loop
      vertex -2.30145821e-03 3.45337373e-03 0.00000000e+00
      vertex -2.36758550e-03 3.40837775e-03 0.00000000e+00
      vertex -2.36758550e-03 3.40837775e-03 8.20000000e-03
    endloop
  endfacet
  facet normal 0 0 0
    outer loop
      vertex -2.30145821e-03 3.45337373e-03 0.00000000e+00
      vertex -2.36758550e-03 3.40837775e-03 8.20000000e-03
      vertex -2.30145821e-03 3.45337373e-03 8.20000000e-03
    endloop
  endfacet
  facet normal 0 0 0
    outer loop
      vertex -2.36758550e-03 3.40837775e-03 0.00000000e+00
      vertex -2.43283332e-03 3.36211571e-03 0.00000000e+00
      vertex -2.43283332e-03 3.36211571e-03 8.20000000e-03
    endloop
  endfacet
  facet normal 0 0 0
    outer loop
      vertex -2.36758550e-03 3.40837775e-03 0.00000000e+00
      vertex -2.43283332e-03 3.36211571e-03 8.20000000e-03
      vertex -2.36758550e-03 3.40837775e-03 8.20000000e-03
    endloop
  endfacet
  facet normal 0 0 0
    outer loop
      vertex -2.43283332e-03 3.36211571e-03 0.00000000e+00
      vertex -2.49717745e-03 3.31460477e-03 0.00000000e+00
      vertex -2.49717745e-03 3.31460477e-03 8.20000000e-03
    endloop
  endfacet
  facet normal 0 0 0
    outer loop
      vertex -2.43283332e-03 3.36211571e-03 0.00000000e+00
      vertex -2.49717745e-03 3.31460477e-03 8.20000000e-03
      vertex -2.43283332e-03 3.36211571e-03 8.20000000e-03
    endloop
  endfacet
  facet normal 0 0 0
    outer loop
      vertex -2.49717745e-03 3.31460477e-03 0.00000000e+00
      vertex -2.56059398e-03 3.26586260e-03 0.00000000e+00
      vertex -2.56059398e-03 3.26586260e-03 8.20000000e-03
    endloop
  endfacet
  facet normal 0 0 0
    outer loop
      vertex -2.49717745e-03 3.31460477e-03 0.00000000e+00
      vertex -2.56059398e-03 3.26586260e-03 8.20000000e-03
      vertex -2.49717745e-03 3.31460477e-03 8.20000000e-03
    endloop
  endfacet
  facet normal 0 0 0
    outer loop
      vertex -2.56059398e-03 3.26586260e-03 0.00000000e+00
      vertex -2.62305935e-03 3.21590729e-03 0.00000000e+00
      vertex -2.62305935e-03 3.21590729e-03 8.20000000e-03
    endloop
  endfacet
  facet normal 0 0 0
    outer loop
      vertex -2.56059398e-03 3.26586260e-03 0.00000000e+00
      vertex -2.62305935e-03 3.21590729e-03 8.20000000e-03
      vertex -2.56059398e-03 3.26586260e-03 8.20000000e-03
    endloop
  endfacet
  facet normal 0 0 0
    outer loop
      vertex -2.62305935e-03 3.21590729e-03 0.00000000e+00
      vertex -2.68455036e-03 3.16475740e-03 0.00000000e+00
      vertex -2.68455036e-03 3.16475740e-03 8.20000000e-03
    endloop
  endfacet
  facet normal 0 0 0
    outer loop
      vertex -2.62305935e-03 3.21590729e-03 0.00000000e+00
      vertex -2.68455036e-03 3.16475740e-03 8.20000000e-03
      vertex -2.62305935e-03 3.21590729e-03 8.20000000e-03
    endloop
  endfacet
  facet normal 0 0 0
    outer loop
      vertex -2.68455036e-03 3.16475740e-03 0.00000000e+00
      vertex -2.74504417e-03 3.11243193e-03 0.00000000e+00
      vertex -2.74504417e-03 3.11243193e-03 8.20000000e-03
    endloop
  endfacet
  facet normal 0 0 0
    outer loop
      vertex -2.68455036e-03 3.16475740e-03 0.00000000e+00
      vertex -2.74504417e-03 3.11243193e-03 8.20000000e-03
      vertex -2.68455036e-03 3.16475740e-03 8.20000000e-03
    endloop
  endfacet
  facet normal 0 0 0
    outer loop
      vertex -2.74504417e-03 3.11243193e-03 0.00000000e+00
      vertex -2.80451831e-03 3.05895032e-03 0.00000000e+00
      vertex -2.80451831e-03 3.05895032e-03 8.20000000e-03
    endloop
  endfacet
  facet normal 0 0 0
    outer loop
      vertex -2.74504417e-03 3.11243193e-03 0.00000000e+00
      vertex -2.80451831e-03 3.05895032e-03 8.20000000e-03
      vertex -2.74504417e-03 3.11243193e-03 8.20000000e-03
    endloop
  endfacet
  facet normal 0 0 0
    outer loop
      vertex -2.80451831e-03 3.05895032e-03 0.00000000e+00
      vertex -2.86295068e-03 3.00433244e-03 0.00000000e+00
      vertex -2.86295068e-03 3.00433244e-03 8.20000000e-03
    endloop
  endfacet
  facet normal 0 0 0
    outer loop
      vertex -2.80451831e-03 3.05895032e-03 0.00000000e+00
      vertex -2.86295068e-03 3.00433244e-03 8.20000000e-03
      vertex -2.80451831e-03 3.05895032e-03 8.20000000e-03
    endloop
  endfacet
  facet normal 0 0 0
    outer loop
      vertex -2.86295068e-03 3.00433244e-03 0.00000000e+00
      vertex -2.92031959e-03 2.94859857e-03 0.00000000e+00
      vertex -2.92031959e-03 2.94859857e-03 8.20000000e-03
    endloop
  endfacet
  facet normal 0 0 0
    outer loop
      vertex -2.86295068e-03 3.00433244e-03 0.00000000e+00
      vertex -2.92031959e-03 2.94859857e-03 8.20000000e-03
      vertex -2.86295068e-03 3.00433244e-03 8.20000000e-03
    endloop
  endfacet
  facet normal 0 0 0
    outer loop
      vertex -2.92031959e-03 2.94859857e-03 0.00000000e+00
      vertex -2.97660371e-03 2.89176941e-03 0.00000000e+00
      vertex -2.97660371e-03 2.89176941e-03 8.20000000e-03
    endloop
  endfacet
  facet normal 0 0 0
    outer loop
      vertex -2.92031959e-03 2.94859857e-03 0.00000000e+00
      vertex -2.97660371e-03 2.89176941e-03 8.20000000e-03
      vertex -2.92031959e-03 2.94859857e-03 8.20000000e-03
    endloop
  endfacet
  facet normal 0 0 0
    outer loop
      vertex -2.97660371e-03 2.89176941e-03 0.00000000e+00
      vertex -3.03178215e-03 2.83386608e-03 0.00000000e+00
      vertex -3.03178215e-03 2.83386608e-03 8.20000000e-03
    endloop
  endfacet
  facet normal 0 0 0
    outer loop
      vertex -2.97660371e-03 2.89176941e-03 0.00000000e+00
      vertex -3.03178215e-03 2.83386608e-03 8.20000000e-03
      vertex -2.97660371e-03 2.89176941e-03 8.20000000e-03
    endloop
  endfacet
  facet normal 0 0 0
    outer loop
      vertex -3.03178215e-03 2.83386608e-03 0.00000000e+00
      vertex -3.08583441e-03 2.77491009e-03 0.00000000e+00
      vertex -3.08583441e-03 2.77491009e-03 8.20000000e-03
    endloop
  endfacet
  facet normal 0 0 0
    outer loop
      vertex -3.03178215e-03 2.83386608e-03 0.00000000e+00
      vertex -3.08583441e-03 2.77491009e-03 8.20000000e-03
      vertex -3.03178215e-03 2.83386608e-03 8.20000000e-03
    endloop
  endfacet
  facet normal 0 0 0
    outer loop
      vertex -3.08583441e-03 2.77491009e-03 0.00000000e+00
      vertex -3.13874040e-03 2.71492333e-03 0.00000000e+00
      vertex -3.13874040e-03 2.71492333e-03 8.20000000e-03
    endloop
  endfacet
  facet normal 0 0 0
    outer loop
      vertex -3.08583441e-03 2.77491009e-03 0.00000000e+00
      vertex -3.13874040e-03 2.71492333e-03 8.20000000e-03
      vertex -3.08583441e-03 2.77491009e-03 8.20000000e-03
    endloop
  endfacet
  facet normal 0 0 0
    outer loop
      vertex -3.13874040e-03 2.71492333e-03 0.00000000e+00
      vertex -3.19048049e-03 2.65392808e-03 0.00000000e+00
      vertex -3.19048049e-03 2.65392808e-03 8.20000000e-03
    endloop
  endfacet
  facet normal 0 0 0
    outer loop
      vertex -3.13874040e-03 2.71492333e-03 0.00000000e+00
      vertex -3.19048049e-03 2.65392808e-03 8.20000000e-03
      vertex -3.13874040e-03 2.71492333e-03 8.20000000e-03
    endloop
  endfacet
  facet normal 0 0 0
    outer loop
      vertex -3.19048049e-03 2.65392808e-03 0.00000000e+00
      vertex -3.24103543e-03 2.59194701e-03 0.00000000e+00
      vertex -3.24103543e-03 2.59194701e-03 8.20000000e-03
    endloop
  endfacet
  facet normal 0 0 0
    outer loop
      vertex -3.19048049e-03 2.65392808e-03 0.00000000e+00
      vertex -3.24103543e-03 2.59194701e-03 8.20000000e-03
      vertex -3.19048049e-03 2.65392808e-03 8.20000000e-03
    endloop
  endfacet
  facet normal 0 0 0
    outer loop
      vertex -3.24103543e-03 2.59194701e-03 0.00000000e+00
      vertex -3.29038647e-03 2.52900314e-03 0.00000000e+00
      vertex -3.29038647e-03 2.52900314e-03 8.20000000e-03
    endloop
  endfacet
  facet normal 0 0 0
    outer loop
      vertex -3.24103543e-03 2.59194701e-03 0.00000000e+00
      vertex -3.29038647e-03 2.52900314e-03 8.20000000e-03
      vertex -3.24103543e-03 2.59194701e-03 8.20000000e-03
    endloop
  endfacet
  facet normal 0 0 0
    outer loop
      vertex -3.29038647e-03 2.52900314e-03 0.00000000e+00
      vertex -3.33851526e-03 2.46511985e-03 0.00000000e+00
      vertex -3.33851526e-03 2.46511985e-03 8.20000000e-03
    endloop
  endfacet
  facet normal 0 0 0
    outer loop
      vertex -3.29038647e-03 2.52900314e-03 0.00000000e+00
      vertex -3.33851526e-03 2.46511985e-03 8.20000000e-03
      vertex -3.29038647e-03 2.52900314e-03 8.20000000e-03
    endloop
  endfacet
  facet normal 0 0 0
    outer loop
      vertex -3.33851526e-03 2.46511985e-03 0.00000000e+00
      vertex -3.38540393e-03 2.40032086e-03 0.00000000e+00
      vertex -3.38540393e-03 2.40032086e-03 8.20000000e-03
    endloop
  endfacet
  facet normal 0 0 0
    outer loop
      vertex -3.33851526e-03 2.46511985e-03 0.00000000e+00
      vertex -3.38540393e-03 2.40032086e-03 8.20000000e-03
      vertex -3.33851526e-03 2.46511985e-03 8.20000000e-03
    endloop
  endfacet
  facet normal 0 0 0
    outer loop
      vertex -3.38540393e-03 2.40032086e-03 0.00000000e+00
      vertex -3.43103506e-03 2.33463026e-03 0.00000000e+00
      vertex -3.43103506e-03 2.33463026e-03 8.20000000e-03
    endloop
  endfacet
  facet normal 0 0 0
    outer loop
      vertex -3.38540393e-03 2.40032086e-03 0.00000000e+00
      vertex -3.43103506e-03 2.33463026e-03 8.20000000e-03
      vertex -3.38540393e-03 2.40032086e-03 8.20000000e-03
    endloop
  endfacet
  facet normal 0 0 0
    outer loop
      vertex -3.43103506e-03 2.33463026e-03 0.00000000e+00
      vertex -3.47539170e-03 2.26807243e-03 0.00000000e+00
      vertex -3.47539170e-03 2.26807243e-03 8.20000000e-03
    endloop
  endfacet
  facet normal 0 0 0
    outer loop
      vertex -3.43103506e-03 2.33463026e-03 0.00000000e+00
      vertex -3.47539170e-03 2.26807243e-03 8.20000000e-03
      vertex -3.43103506e-03 2.33463026e-03 8.20000000e-03
    endloop
  endfacet
  facet normal 0 0 0
    outer loop
      vertex -3.47539170e-03 2.26807243e-03 0.00000000e+00
      vertex -3.51845737e-03 2.20067211e-03 0.00000000e+00
      vertex -3.51845737e-03 2.20067211e-03 8.20000000e-03
    endloop
  endfacet
  facet normal 0 0 0
    outer loop
      vertex -3.47539170e-03 2.26807243e-03 0.00000000e+00
      vertex -3.51845737e-03 2.20067211e-03 8.20000000e-03
      vertex -3.47539170e-03 2.26807243e-03 8.20000000e-03
    endloop
  endfacet
  facet normal 0 0 0
    outer loop
      vertex -3.51845737e-03 2.20067211e-03 0.00000000e+00
      vertex -3.56021608e-03 2.13245433e-03 0.00000000e+00
      vertex -3.56021608e-03 2.13245433e-03 8.20000000e-03
    endloop
  endfacet
  facet normal 0 0 0
    outer loop
      vertex -3.51845737e-03 2.20067211e-03 0.00000000e+00
      vertex -3.56021608e-03 2.13245433e-03 8.20000000e-03
      vertex -3.51845737e-03 2.20067211e-03 8.20000000e-03
    endloop
  endfacet
  facet normal 0 0 0
    outer loop
      vertex -3.56021608e-03 2.13245433e-03 0.00000000e+00
      vertex -3.60065232e-03 2.06344443e-03 0.00000000e+00
      vertex -3.60065232e-03 2.06344443e-03 8.20000000e-03
    endloop
  endfacet
  facet normal 0 0 0
    outer loop
      vertex -3.56021608e-03 2.13245433e-03 0.00000000e+00
      vertex -3.60065232e-03 2.06344443e-03 8.20000000e-03
      vertex -3.56021608e-03 2.13245433e-03 8.20000000e-03
    endloop
  endfacet
  facet normal 0 0 0
    outer loop
      vertex -3.60065232e-03 2.06344443e-03 0.00000000e+00
      vertex -3.63975106e-03 1.99366804e-03 0.00000000e+00
      vertex -3.63975106e-03 1.99366804e-03 8.20000000e-03
    endloop
  endfacet
  facet normal 0 0 0
    outer loop
      vertex -3.60065232e-03 2.06344443e-03 0.00000000e+00
      vertex -3.63975106e-03 1.99366804e-03 8.20000000e-03
      vertex -3.60065232e-03 2.06344443e-03 8.20000000e-03
    endloop
  endfacet
  facet normal 0 0 0
    outer loop
      vertex -3.63975106e-03 1.99366804e-03 0.00000000e+00
      vertex -3.67749778e-03 1.92315109e-03 0.00000000e+00
      vertex -3.67749778e-03 1.92315109e-03 8.20000000e-03
    endloop
  endfacet
  facet normal 0 0 0
    outer loop
      vertex -3.63975106e-03 1.99366804e-03 0.00000000e+00
      vertex -3.67749778e-03 1.92315109e-03 8.20000000e-03
      vertex -3.63975106e-03 1.99366804e-03 8.20000000e-03
    endloop
  endfacet
  facet normal 0 0 0
    outer loop
      vertex -3.67749778e-03 1.92315109e-03 0.00000000e+00
      vertex -3.71387846e-03 1.85191976e-03 0.00000000e+00
      vertex -3.71387846e-03 1.85191976e-03 8.20000000e-03
    endloop
  endfacet
  facet normal 0 0 0
    outer loop
      vertex -3.67749778e-03 1.92315109e-03 0.00000000e+00
      vertex -3.71387846e-03 1.85191976e-03 8.20000000e-03
      vertex -3.67749778e-03 1.92315109e-03 8.20000000e-03
    endloop
  endfacet
  facet normal 0 0 0
    outer loop
      vertex -3.71387846e-03 1.85191976e-03 0.00000000e+00
      vertex -3.74887959e-03 1.78000052e-03 0.00000000e+00
      vertex -3.74887959e-03 1.78000052e-03 8.20000000e-03
    endloop
  endfacet
  facet normal 0 0 0
    outer loop
      vertex -3.71387846e-03 1.85191976e-03 0.00000000e+00
      vertex -3.74887959e-03 1.78000052e-03 8.20000000e-03
      vertex -3.71387846e-03 1.85191976e-03 8.20000000e-03
    endloop
  endfacet
  facet normal 0 0 0
    outer loop
      vertex -3.74887959e-03 1.78000052e-03 0.00000000e+00
      vertex -3.78248816e-03 1.70742009e-03 0.00000000e+00
      vertex -3.78248816e-03 1.70742009e-03 8.20000000e-03
    endloop
  endfacet
  facet normal 0 0 0
    outer loop
      vertex -3.74887959e-03 1.78000052e-03 0.00000000e+00
      vertex -3.78248816e-03 1.70742009e-03 8.20000000e-03
      vertex -3.74887959e-03 1.78000052e-03 8.20000000e-03
    endloop
  endfacet
  facet normal 0 0 0
    outer loop
      vertex -3.78248816e-03 1.70742009e-03 0.00000000e+00
      vertex -3.81469169e-03 1.63420541e-03 0.00000000e+00
      vertex -3.81469169e-03 1.63420541e-03 8.20000000e-03
    endloop
  endfacet
  facet normal 0 0 0
    outer loop
      vertex -3.78248816e-03 1.70742009e-03 0.00000000e+00
      vertex -3.81469169e-03 1.63420541e-03 8.20000000e-03
      vertex -3.78248816e-03 1.70742009e-03 8.20000000e-03
    endloop
  endfacet
  facet normal 0 0 0
    outer loop
      vertex -3.81469169e-03 1.63420541e-03 0.00000000e+00
      vertex -3.84547822e-03 1.56038370e-03 0.00000000e+00
      vertex -3.84547822e-03 1.56038370e-03 8.20000000e-03
    endloop
  endfacet
  facet normal 0 0 0
    outer loop
      vertex -3.81469169e-03 1.63420541e-03 0.00000000e+00
      vertex -3.84547822e-03 1.56038370e-03 8.20000000e-03
      vertex -3.81469169e-03 1.63420541e-03 8.20000000e-03
    endloop
  endfacet
  facet normal 0 0 0
    outer loop
      vertex -3.84547822e-03 1.56038370e-03 0.00000000e+00
      vertex -3.87483631e-03 1.48598237e-03 0.00000000e+00
      vertex -3.87483631e-03 1.48598237e-03 8.20000000e-03
    endloop
  endfacet
  facet normal 0 0 0
    outer loop
      vertex -3.84547822e-03 1.56038370e-03 0.00000000e+00
      vertex -3.87483631e-03 1.48598237e-03 8.20000000e-03
      vertex -3.84547822e-03 1.56038370e-03 8.20000000e-03
    endloop
  endfacet
  facet normal 0 0 0
    outer loop
      vertex -3.87483631e-03 1.48598237e-03 0.00000000e+00
      vertex -3.90275505e-03 1.41102905e-03 0.00000000e+00
      vertex -3.90275505e-03 1.41102905e-03 8.20000000e-03
    endloop
  endfacet
  facet normal 0 0 0
    outer loop
      vertex -3.87483631e-03 1.48598237e-03 0.00000000e+00
      vertex -3.90275505e-03 1.41102905e-03 8.20000000e-03
      vertex -3.87483631e-03 1.48598237e-03 8.20000000e-03
    endloop
  endfacet
  facet normal 0 0 0
    outer loop
      vertex -3.90275505e-03 1.41102905e-03 0.00000000e+00
      vertex -3.92922409e-03 1.33555160e-03 0.00000000e+00
      vertex -3.92922409e-03 1.33555160e-03 8.20000000e-03
    endloop
  endfacet
  facet normal 0 0 0
    outer loop
      vertex -3.90275505e-03 1.41102905e-03 0.00000000e+00
      vertex -3.92922409e-03 1.33555160e-03 8.20000000e-03
      vertex -3.90275505e-03 1.41102905e-03 8.20000000e-03
    endloop
  endfacet
  facet normal 0 0 0
    outer loop
      vertex -3.92922409e-03 1.33555160e-03 0.00000000e+00
      vertex -3.95423357e-03 1.25957804e-03 0.00000000e+00
      vertex -3.95423357e-03 1.25957804e-03 8.20000000e-03
    endloop
  endfacet
  facet normal 0 0 0
    outer loop
      vertex -3.92922409e-03 1.33555160e-03 0.00000000e+00
      vertex -3.95423357e-03 1.25957804e-03 8.20000000e-03
      vertex -3.92922409e-03 1.33555160e-03 8.20000000e-03
    endloop
  endfacet
  facet normal 0 0 0
    outer loop
      vertex -3.95423357e-03 1.25957804e-03 0.00000000e+00
      vertex -3.97777422e-03 1.18313661e-03 0.00000000e+00
      vertex -3.97777422e-03 1.18313661e-03 8.20000000e-03
    endloop
  endfacet
  facet normal 0 0 0
    outer loop
      vertex -3.95423357e-03 1.25957804e-03 0.00000000e+00
      vertex -3.97777422e-03 1.18313661e-03 8.20000000e-03
      vertex -3.95423357e-03 1.25957804e-03 8.20000000e-03
    endloop
  endfacet
  facet normal 0 0 0
    outer loop
      vertex -3.97777422e-03 1.18313661e-03 0.00000000e+00
      vertex -3.99983729e-03 1.10625568e-03 0.00000000e+00
      vertex -3.99983729e-03 1.10625568e-03 8.20000000e-03
    endloop
  endfacet
  facet normal 0 0 0
    outer loop
      vertex -3.97777422e-03 1.18313661e-03 0.00000000e+00
      vertex -3.99983729e-03 1.10625568e-03 8.20000000e-03
      vertex -3.97777422e-03 1.18313661e-03 8.20000000e-03
    endloop
  endfacet
  facet normal 0 0 0
    outer loop
      vertex -3.99983729e-03 1.10625568e-03 0.00000000e+00
      vertex -4.02041459e-03 1.02896383e-03 0.00000000e+00
      vertex -4.02041459e-03 1.02896383e-03 8.20000000e-03
    endloop
  endfacet
  facet normal 0 0 0
    outer loop
      vertex -3.99983729e-03 1.10625568e-03 0.00000000e+00
      vertex -4.02041459e-03 1.02896383e-03 8.20000000e-03
      vertex -3.99983729e-03 1.10625568e-03 8.20000000e-03
    endloop
  endfacet
  facet normal 0 0 0
    outer loop
      vertex -4.02041459e-03 1.02896383e-03 0.00000000e+00
      vertex -4.03949846e-03 9.51289755e-04 0.00000000e+00
      vertex -4.03949846e-03 9.51289755e-04 8.20000000e-03
    endloop
  endfacet
  facet normal 0 0 0
    outer loop
      vertex -4.02041459e-03 1.02896383e-03 0.00000000e+00
      vertex -4.03949846e-03 9.51289755e-04 8.20000000e-03
      vertex -4.02041459e-03 1.02896383e-03 8.20000000e-03
    endloop
  endfacet
  facet normal 0 0 0
    outer loop
      vertex -4.03949846e-03 9.51289755e-04 0.00000000e+00
      vertex -4.05708182e-03 8.73262318e-04 0.00000000e+00
      vertex -4.05708182e-03 8.73262318e-04 8.20000000e-03
    endloop
  endfacet
  facet normal 0 0 0
    outer loop
      vertex -4.03949846e-03 9.51289755e-04 0.00000000e+00
      vertex -4.05708182e-03 8.73262318e-04 8.20000000e-03
      vertex -4.03949846e-03 9.51289755e-04 8.20000000e-03
    endloop
  endfacet
  facet normal 0 0 0
    outer loop
      vertex -4.05708182e-03 8.73262318e-04 0.00000000e+00
      vertex -4.07315815e-03 7.94910499e-04 0.00000000e+00
      vertex -4.07315815e-03 7.94910499e-04 8.20000000e-03
    endloop
  endfacet
  facet normal 0 0 0
    outer loop
      vertex -4.05708182e-03 8.73262318e-04 0.00000000e+00
      vertex -4.07315815e-03 7.94910499e-04 8.20000000e-03
      vertex -4.05708182e-03 8.73262318e-04 8.20000000e-03
    endloop
  endfacet
  facet normal 0 0 0
    outer loop
      vertex -4.07315815e-03 7.94910499e-04 0.00000000e+00
      vertex -4.08772146e-03 7.16263404e-04 0.00000000e+00
      vertex -4.08772146e-03 7.16263404e-04 8.20000000e-03
    endloop
  endfacet
  facet normal 0 0 0
    outer loop
      vertex -4.07315815e-03 7.94910499e-04 0.00000000e+00
      vertex -4.08772146e-03 7.16263404e-04 8.20000000e-03
      vertex -4.07315815e-03 7.94910499e-04 8.20000000e-03
    endloop
  endfacet
  facet normal 0 0 0
    outer loop
      vertex -4.08772146e-03 7.16263404e-04 0.00000000e+00
      vertex -4.10076635e-03 6.37350246e-04 0.00000000e+00
      vertex -4.10076635e-03 6.37350246e-04 8.20000000e-03
    endloop
  endfacet
  facet normal 0 0 0
    outer loop
      vertex -4.08772146e-03 7.16263404e-04 0.00000000e+00
      vertex -4.10076635e-03 6.37350246e-04 8.20000000e-03
      vertex -4.08772146e-03 7.16263404e-04 8.20000000e-03
    endloop
  endfacet
  facet normal 0 0 0
    outer loop
      vertex -4.10076635e-03 6.37350246e-04 0.00000000e+00
      vertex -4.11228797e-03 5.58200338e-04 0.00000000e+00
      vertex -4.11228797e-03 5.58200338e-04 8.20000000e-03
    endloop
  endfacet
  facet normal 0 0 0
    outer loop
      vertex -4.10076635e-03 6.37350246e-04 0.00000000e+00
      vertex -4.11228797e-03 5.58200338e-04 8.20000000e-03
      vertex -4.10076635e-03 6.37350246e-04 8.20000000e-03
    endloop
  endfacet
  facet normal 0 0 0
    outer loop
      vertex -4.11228797e-03 5.58200338e-04 0.00000000e+00
      vertex -4.12228205e-03 4.78843082e-04 0.00000000e+00
      vertex -4.12228205e-03 4.78843082e-04 8.20000000e-03
    endloop
  endfacet
  facet normal 0 0 0
    outer loop
      vertex -4.11228797e-03 5.58200338e-04 0.00000000e+00
      vertex -4.12228205e-03 4.78843082e-04 8.20000000e-03
      vertex -4.11228797e-03 5.58200338e-04 8.20000000e-03
    endloop
  endfacet
  facet normal 0 0 0
    outer loop
      vertex -4.12228205e-03 4.78843082e-04 0.00000000e+00
      vertex -4.13074487e-03 3.99307955e-04 0.00000000e+00
      vertex -4.13074487e-03 3.99307955e-04 8.20000000e-03
    endloop
  endfacet
  facet normal 0 0 0
    outer loop
      vertex -4.12228205e-03 4.78843082e-04 0.00000000e+00
      vertex -4.13074487e-03 3.99307955e-04 8.20000000e-03
      vertex -4.12228205e-03 4.78843082e-04 8.20000000e-03
    endloop
  endfacet
  facet normal 0 0 0
    outer loop
      vertex -4.13074487e-03 3.99307955e-04 0.00000000e+00
      vertex -4.13767328e-03 3.19624502e-04 0.00000000e+00
      vertex -4.13767328e-03 3.19624502e-04 8.20000000e-03
    endloop
  endfacet
  facet normal 0 0 0
    outer loop
      vertex -4.13074487e-03 3.99307955e-04 0.00000000e+00
      vertex -4.13767328e-03 3.19624502e-04 8.20000000e-03
      vertex -4.13074487e-03 3.99307955e-04 8.20000000e-03
    endloop
  endfacet
  facet normal 0 0 0
    outer loop
      vertex -4.13767328e-03 3.19624502e-04 0.00000000e+00
      vertex -4.14306472e-03 2.39822321e-04 0.00000000e+00
      vertex -4.14306472e-03 2.39822321e-04 8.20000000e-03
    endloop
  endfacet
  facet normal 0 0 0
    outer loop
      vertex -4.13767328e-03 3.19624502e-04 0.00000000e+00
      vertex -4.14306472e-03 2.39822321e-04 8.20000000e-03
      vertex -4.13767328e-03 3.19624502e-04 8.20000000e-03
    endloop
  endfacet
  facet normal 0 0 0
    outer loop
      vertex -4.14306472e-03 2.39822321e-04 0.00000000e+00
      vertex -4.14691718e-03 1.59931056e-04 0.00000000e+00
      vertex -4.14691718e-03 1.59931056e-04 8.20000000e-03
    endloop
  endfacet
  facet normal 0 0 0
    outer loop
      vertex -4.14306472e-03 2.39822321e-04 0.00000000e+00
      vertex -4.14691718e-03 1.59931056e-04 8.20000000e-03
      vertex -4.14306472e-03 2.39822321e-04 8.20000000e-03
    endloop
  endfacet
  facet normal 0 0 0
    outer loop
      vertex -4.14691718e-03 1.59931056e-04 0.00000000e+00
      vertex -4.14922922e-03 7.99803825e-05 0.00000000e+00
      vertex -4.14922922e-03 7.99803825e-05 8.20000000e-03
    endloop
  endfacet
  facet normal 0 0 0
    outer loop
      vertex -4.14691718e-03 1.59931056e-04 0.00000000e+00
      vertex -4.14922922e-03 7.99803825e-05 8.20000000e-03
      vertex -4.14691718e-03 1.59931056e-04 8.20000000e-03
    endloop
  endfacet
  facet normal 0 0 0
    outer loop
      vertex -4.14922922e-03 7.99803825e-05 0.00000000e+00
      vertex -4.15000000e-03 5.08228422e-19 0.00000000e+00
      vertex -4.15000000e-03 5.08228422e-19 8.20000000e-03
    endloop
  endfacet
  facet normal 0 0 0
    outer loop
      vertex -4.14922922e-03 7.99803825e-05 0.00000000e+00
      vertex -4.15000000e-03 5.08228422e-19 8.20000000e-03
      vertex -4.14922922e-03 7.99803825e-05 8.20000000e-03
    endloop
  endfacet
  facet normal 0 0 0
    outer loop
      vertex -4.15000000e-03 5.08228422e-19 0.00000000e+00
      vertex -4.14922922e-03 -7.99803825e-05 0.00000000e+00
      vertex -4.14922922e-03 -7.99803825e-05 8.20000000e-03
    endloop
  endfacet
  facet normal 0 0 0
    outer loop
      vertex -4.15000000e-03 5.08228422e-19 0.00000000e+00
      vertex -4.14922922e-03 -7.99803825e-05 8.20000000e-03
      vertex -4.15000000e-03 5.08228422e-19 8.20000000e-03
    endloop
  endfacet
  facet normal 0 0 0
    outer loop
      vertex -4.14922922e-03 -7.99803825e-05 0.00000000e+00
      vertex -4.14691718e-03 -1.59931056e-04 0.00000000e+00
      vertex -4.14691718e-03 -1.59931056e-04 8.20000000e-03
    endloop
  endfacet
  facet normal 0 0 0
    outer loop
      vertex -4.14922922e-03 -7.99803825e-05 0.00000000e+00
      vertex -4.14691718e-03 -1.59931056e-04 8.20000000e-03
      vertex -4.14922922e-03 -7.99803825e-05 8.20000000e-03
    endloop
  endfacet
  facet normal 0 0 0
    outer loop
      vertex -4.14691718e-03 -1.59931056e-04 0.00000000e+00
      vertex -4.14306472e-03 -2.39822321e-04 0.00000000e+00
      vertex -4.14306472e-03 -2.39822321e-04 8.20000000e-03
    endloop
  endfacet
  facet normal 0 0 0
    outer loop
      vertex -4.14691718e-03 -1.59931056e-04 0.00000000e+00
      vertex -4.14306472e-03 -2.39822321e-04 8.20000000e-03
      vertex -4.14691718e-03 -1.59931056e-04 8.20000000e-03
    endloop
  endfacet
  facet normal 0 0 0
    outer loop
      vertex -4.14306472e-03 -2.39822321e-04 0.00000000e+00
      vertex -4.13767328e-03 -3.19624502e-04 0.00000000e+00
      vertex -4.13767328e-03 -3.19624502e-04 8.20000000e-03
    endloop
  endfacet
  facet normal 0 0 0
    outer loop
      vertex -4.14306472e-03 -2.39822321e-04 0.00000000e+00
      vertex -4.13767328e-03 -3.19624502e-04 8.20000000e-03
      vertex -4.14306472e-03 -2.39822321e-04 8.20000000e-03
    endloop
  endfacet
  facet normal 0 0 0
    outer loop
      vertex -4.13767328e-03 -3.19624502e-04 0.00000000e+00
      vertex -4.13074487e-03 -3.99307955e-04 0.00000000e+00
      vertex -4.13074487e-03 -3.99307955e-04 8.20000000e-03
    endloop
  endfacet
  facet normal 0 0 0
    outer loop
      vertex -4.13767328e-03 -3.19624502e-04 0.00000000e+00
      vertex -4.13074487e-03 -3.99307955e-04 8.20000000e-03
      vertex -4.13767328e-03 -3.19624502e-04 8.20000000e-03
    endloop
  endfacet
  facet normal 0 0 0
    outer loop
      vertex -4.13074487e-03 -3.99307955e-04 0.00000000e+00
      vertex -4.12228205e-03 -4.78843082e-04 0.00000000e+00
      vertex -4.12228205e-03 -4.78843082e-04 8.20000000e-03
    endloop
  endfacet
  facet normal 0 0 0
    outer loop
      vertex -4.13074487e-03 -3.99307955e-04 0.00000000e+00
      vertex -4.12228205e-03 -4.78843082e-04 8.20000000e-03
      vertex -4.13074487e-03 -3.99307955e-04 8.20000000e-03
    endloop
  endfacet
  facet normal 0 0 0
    outer loop
      vertex -4.12228205e-03 -4.78843082e-04 0.00000000e+00
      vertex -4.11228797e-03 -5.58200338e-04 0.00000000e+00
      vertex -4.11228797e-03 -5.58200338e-04 8.20000000e-03
    endloop
  endfacet
  facet normal 0 0 0
    outer loop
      vertex -4.12228205e-03 -4.78843082e-04 0.00000000e+00
      vertex -4.11228797e-03 -5.58200338e-04 8.20000000e-03
      vertex -4.12228205e-03 -4.78843082e-04 8.20000000e-03
    endloop
  endfacet
  facet normal 0 0 0
    outer loop
      vertex -4.11228797e-03 -5.58200338e-04 0.00000000e+00
      vertex -4.10076635e-03 -6.37350246e-04 0.00000000e+00
      vertex -4.10076635e-03 -6.37350246e-04 8.20000000e-03
    endloop
  endfacet
  facet normal 0 0 0
    outer loop
      vertex -4.11228797e-03 -5.58200338e-04 0.00000000e+00
      vertex -4.10076635e-03 -6.37350246e-04 8.20000000e-03
      vertex -4.11228797e-03 -5.58200338e-04 8.20000000e-03
    endloop
  endfacet
  facet normal 0 0 0
    outer loop
      vertex -4.10076635e-03 -6.37350246e-04 0.00000000e+00
      vertex -4.08772146e-03 -7.16263404e-04 0.00000000e+00
      vertex -4.08772146e-03 -7.16263404e-04 8.20000000e-03
    endloop
  endfacet
  facet normal 0 0 0
    outer loop
      vertex -4.10076635e-03 -6.37350246e-04 0.00000000e+00
      vertex -4.08772146e-03 -7.16263404e-04 8.20000000e-03
      vertex -4.10076635e-03 -6.37350246e-04 8.20000000e-03
    endloop
  endfacet
  facet normal 0 0 0
    outer loop
      vertex -4.08772146e-03 -7.16263404e-04 0.00000000e+00
      vertex -4.07315815e-03 -7.94910499e-04 0.00000000e+00
      vertex -4.07315815e-03 -7.94910499e-04 8.20000000e-03
    endloop
  endfacet
  facet normal 0 0 0
    outer loop
      vertex -4.08772146e-03 -7.16263404e-04 0.00000000e+00
      vertex -4.07315815e-03 -7.94910499e-04 8.20000000e-03
      vertex -4.08772146e-03 -7.16263404e-04 8.20000000e-03
    endloop
  endfacet
  facet normal 0 0 0
    outer loop
      vertex -4.07315815e-03 -7.94910499e-04 0.00000000e+00
      vertex -4.05708182e-03 -8.73262318e-04 0.00000000e+00
      vertex -4.05708182e-03 -8.73262318e-04 8.20000000e-03
    endloop
  endfacet
  facet normal 0 0 0
    outer loop
      vertex -4.07315815e-03 -7.94910499e-04 0.00000000e+00
      vertex -4.05708182e-03 -8.73262318e-04 8.20000000e-03
      vertex -4.07315815e-03 -7.94910499e-04 8.20000000e-03
    endloop
  endfacet
  facet normal 0 0 0
    outer loop
      vertex -4.05708182e-03 -8.73262318e-04 0.00000000e+00
      vertex -4.03949846e-03 -9.51289755e-04 0.00000000e+00
      vertex -4.03949846e-03 -9.51289755e-04 8.20000000e-03
    endloop
  endfacet
  facet normal 0 0 0
    outer loop
      vertex -4.05708182e-03 -8.73262318e-04 0.00000000e+00
      vertex -4.03949846e-03 -9.51289755e-04 8.20000000e-03
      vertex -4.05708182e-03 -8.73262318e-04 8.20000000e-03
    endloop
  endfacet
  facet normal 0 0 0
    outer loop
      vertex -4.03949846e-03 -9.51289755e-04 0.00000000e+00
      vertex -4.02041459e-03 -1.02896383e-03 0.00000000e+00
      vertex -4.02041459e-03 -1.02896383e-03 8.20000000e-03
    endloop
  endfacet
  facet normal 0 0 0
    outer loop
      vertex -4.03949846e-03 -9.51289755e-04 0.00000000e+00
      vertex -4.02041459e-03 -1.02896383e-03 8.20000000e-03
      vertex -4.03949846e-03 -9.51289755e-04 8.20000000e-03
    endloop
  endfacet
  facet normal 0 0 0
    outer loop
      vertex -4.02041459e-03 -1.02896383e-03 0.00000000e+00
      vertex -3.99983729e-03 -1.10625568e-03 0.00000000e+00
      vertex -3.99983729e-03 -1.10625568e-03 8.20000000e-03
    endloop
  endfacet
  facet normal 0 0 0
    outer loop
      vertex -4.02041459e-03 -1.02896383e-03 0.00000000e+00
      vertex -3.99983729e-03 -1.10625568e-03 8.20000000e-03
      vertex -4.02041459e-03 -1.02896383e-03 8.20000000e-03
    endloop
  endfacet
  facet normal 0 0 0
    outer loop
      vertex -3.99983729e-03 -1.10625568e-03 0.00000000e+00
      vertex -3.97777422e-03 -1.18313661e-03 0.00000000e+00
      vertex -3.97777422e-03 -1.18313661e-03 8.20000000e-03
    endloop
  endfacet
  facet normal 0 0 0
    outer loop
      vertex -3.99983729e-03 -1.10625568e-03 0.00000000e+00
      vertex -3.97777422e-03 -1.18313661e-03 8.20000000e-03
      vertex -3.99983729e-03 -1.10625568e-03 8.20000000e-03
    endloop
  endfacet
  facet normal 0 0 0
    outer loop
      vertex -3.97777422e-03 -1.18313661e-03 0.00000000e+00
      vertex -3.95423357e-03 -1.25957804e-03 0.00000000e+00
      vertex -3.95423357e-03 -1.25957804e-03 8.20000000e-03
    endloop
  endfacet
  facet normal 0 0 0
    outer loop
      vertex -3.97777422e-03 -1.18313661e-03 0.00000000e+00
      vertex -3.95423357e-03 -1.25957804e-03 8.20000000e-03
      vertex -3.97777422e-03 -1.18313661e-03 8.20000000e-03
    endloop
  endfacet
  facet normal 0 0 0
    outer loop
      vertex -3.95423357e-03 -1.25957804e-03 0.00000000e+00
      vertex -3.92922409e-03 -1.33555160e-03 0.00000000e+00
      vertex -3.92922409e-03 -1.33555160e-03 8.20000000e-03
    endloop
  endfacet
  facet normal 0 0 0
    outer loop
      vertex -3.95423357e-03 -1.25957804e-03 0.00000000e+00
      vertex -3.92922409e-03 -1.33555160e-03 8.20000000e-03
      vertex -3.95423357e-03 -1.25957804e-03 8.20000000e-03
    endloop
  endfacet
  facet normal 0 0 0
    outer loop
      vertex -3.92922409e-03 -1.33555160e-03 0.00000000e+00
      vertex -3.90275505e-03 -1.41102905e-03 0.00000000e+00
      vertex -3.90275505e-03 -1.41102905e-03 8.20000000e-03
    endloop
  endfacet
  facet normal 0 0 0
    outer loop
      vertex -3.92922409e-03 -1.33555160e-03 0.00000000e+00
      vertex -3.90275505e-03 -1.41102905e-03 8.20000000e-03
      vertex -3.92922409e-03 -1.33555160e-03 8.20000000e-03
    endloop
  endfacet
  facet normal 0 0 0
    outer loop
      vertex -3.90275505e-03 -1.41102905e-03 0.00000000e+00
      vertex -3.87483631e-03 -1.48598237e-03 0.00000000e+00
      vertex -3.87483631e-03 -1.48598237e-03 8.20000000e-03
    endloop
  endfacet
  facet normal 0 0 0
    outer loop
      vertex -3.90275505e-03 -1.41102905e-03 0.00000000e+00
      vertex -3.87483631e-03 -1.48598237e-03 8.20000000e-03
      vertex -3.90275505e-03 -1.41102905e-03 8.20000000e-03
    endloop
  endfacet
  facet normal 0 0 0
    outer loop
      vertex -3.87483631e-03 -1.48598237e-03 0.00000000e+00
      vertex -3.84547822e-03 -1.56038370e-03 0.00000000e+00
      vertex -3.84547822e-03 -1.56038370e-03 8.20000000e-03
    endloop
  endfacet
  facet normal 0 0 0
    outer loop
      vertex -3.87483631e-03 -1.48598237e-03 0.00000000e+00
      vertex -3.84547822e-03 -1.56038370e-03 8.20000000e-03
      vertex -3.87483631e-03 -1.48598237e-03 8.20000000e-03
    endloop
  endfacet
  facet normal 0 0 0
    outer loop
      vertex -3.84547822e-03 -1.56038370e-03 0.00000000e+00
      vertex -3.81469169e-03 -1.63420541e-03 0.00000000e+00
      vertex -3.81469169e-03 -1.63420541e-03 8.20000000e-03
    endloop
  endfacet
  facet normal 0 0 0
    outer loop
      vertex -3.84547822e-03 -1.56038370e-03 0.00000000e+00
      vertex -3.81469169e-03 -1.63420541e-03 8.20000000e-03
      vertex -3.84547822e-03 -1.56038370e-03 8.20000000e-03
    endloop
  endfacet
  facet normal 0 0 0
    outer loop
      vertex -3.81469169e-03 -1.63420541e-03 0.00000000e+00
      vertex -3.78248816e-03 -1.70742009e-03 0.00000000e+00
      vertex -3.78248816e-03 -1.70742009e-03 8.20000000e-03
    endloop
  endfacet
  facet normal 0 0 0
    outer loop
      vertex -3.81469169e-03 -1.63420541e-03 0.00000000e+00
      vertex -3.78248816e-03 -1.70742009e-03 8.20000000e-03
      vertex -3.81469169e-03 -1.63420541e-03 8.20000000e-03
    endloop
  endfacet
  facet normal 0 0 0
    outer loop
      vertex -3.78248816e-03 -1.70742009e-03 0.00000000e+00
      vertex -3.74887959e-03 -1.78000052e-03 0.00000000e+00
      vertex -3.74887959e-03 -1.78000052e-03 8.20000000e-03
    endloop
  endfacet
  facet normal 0 0 0
    outer loop
      vertex -3.78248816e-03 -1.70742009e-03 0.00000000e+00
      vertex -3.74887959e-03 -1.78000052e-03 8.20000000e-03
      vertex -3.78248816e-03 -1.70742009e-03 8.20000000e-03
    endloop
  endfacet
  facet normal 0 0 0
    outer loop
      vertex -3.74887959e-03 -1.78000052e-03 0.00000000e+00
      vertex -3.71387846e-03 -1.85191976e-03 0.00000000e+00
      vertex -3.71387846e-03 -1.85191976e-03 8.20000000e-03
    endloop
  endfacet
  facet normal 0 0 0
    outer loop
      vertex -3.74887959e-03 -1.78000052e-03 0.00000000e+00
      vertex -3.71387846e-03 -1.85191976e-03 8.20000000e-03
      vertex -3.74887959e-03 -1.78000052e-03 8.20000000e-03
    endloop
  endfacet
  facet normal 0 0 0
    outer loop
      vertex -3.71387846e-03 -1.85191976e-03 0.00000000e+00
      vertex -3.67749778e-03 -1.92315109e-03 0.00000000e+00
      vertex -3.67749778e-03 -1.92315109e-03 8.20000000e-03
    endloop
  endfacet
  facet normal 0 0 0
    outer loop
      vertex -3.71387846e-03 -1.85191976e-03 0.00000000e+00
      vertex -3.67749778e-03 -1.92315109e-03 8.20000000e-03
      vertex -3.71387846e-03 -1.85191976e-03 8.20000000e-03
    endloop
  endfacet
  facet normal 0 0 0
    outer loop
      vertex -3.67749778e-03 -1.92315109e-03 0.00000000e+00
      vertex -3.63975106e-03 -1.99366804e-03 0.00000000e+00
      vertex -3.63975106e-03 -1.99366804e-03 8.20000000e-03
    endloop
  endfacet
  facet normal 0 0 0
    outer loop
      vertex -3.67749778e-03 -1.92315109e-03 0.00000000e+00
      vertex -3.63975106e-03 -1.99366804e-03 8.20000000e-03
      vertex -3.67749778e-03 -1.92315109e-03 8.20000000e-03
    endloop
  endfacet
  facet normal 0 0 0
    outer loop
      vertex -3.63975106e-03 -1.99366804e-03 0.00000000e+00
      vertex -3.60065232e-03 -2.06344443e-03 0.00000000e+00
      vertex -3.60065232e-03 -2.06344443e-03 8.20000000e-03
    endloop
  endfacet
  facet normal 0 0 0
    outer loop
      vertex -3.63975106e-03 -1.99366804e-03 0.00000000e+00
      vertex -3.60065232e-03 -2.06344443e-03 8.20000000e-03
      vertex -3.63975106e-03 -1.99366804e-03 8.20000000e-03
    endloop
  endfacet
  facet normal 0 0 0
    outer loop
      vertex -3.60065232e-03 -2.06344443e-03 0.00000000e+00
      vertex -3.56021608e-03 -2.13245433e-03 0.00000000e+00
      vertex -3.56021608e-03 -2.13245433e-03 8.20000000e-03
    endloop
  endfacet
  facet normal 0 0 0
    outer loop
      vertex -3.60065232e-03 -2.06344443e-03 0.00000000e+00
      vertex -3.56021608e-03 -2.13245433e-03 8.20000000e-03
      vertex -3.60065232e-03 -2.06344443e-03 8.20000000e-03
    endloop
  endfacet
  facet normal 0 0 0
    outer loop
      vertex -3.56021608e-03 -2.13245433e-03 0.00000000e+00
      vertex -3.51845737e-03 -2.20067211e-03 0.00000000e+00
      vertex -3.51845737e-03 -2.20067211e-03 8.20000000e-03
    endloop
  endfacet
  facet normal 0 0 0
    outer loop
      vertex -3.56021608e-03 -2.13245433e-03 0.00000000e+00
      vertex -3.51845737e-03 -2.20067211e-03 8.20000000e-03
      vertex -3.56021608e-03 -2.13245433e-03 8.20000000e-03
    endloop
  endfacet
  facet normal 0 0 0
    outer loop
      vertex -3.51845737e-03 -2.20067211e-03 0.00000000e+00
      vertex -3.47539170e-03 -2.26807243e-03 0.00000000e+00
      vertex -3.47539170e-03 -2.26807243e-03 8.20000000e-03
    endloop
  endfacet
  facet normal 0 0 0
    outer loop
      vertex -3.51845737e-03 -2.20067211e-03 0.00000000e+00
      vertex -3.47539170e-03 -2.26807243e-03 8.20000000e-03
      vertex -3.51845737e-03 -2.20067211e-03 8.20000000e-03
    endloop
  endfacet
  facet normal 0 0 0
    outer loop
      vertex -3.47539170e-03 -2.26807243e-03 0.00000000e+00
      vertex -3.43103506e-03 -2.33463026e-03 0.00000000e+00
      vertex -3.43103506e-03 -2.33463026e-03 8.20000000e-03
    endloop
  endfacet
  facet normal 0 0 0
    outer loop
      vertex -3.47539170e-03 -2.26807243e-03 0.00000000e+00
      vertex -3.43103506e-03 -2.33463026e-03 8.20000000e-03
      vertex -3.47539170e-03 -2.26807243e-03 8.20000000e-03
    endloop
  endfacet
  facet normal 0 0 0
    outer loop
      vertex -3.43103506e-03 -2.33463026e-03 0.00000000e+00
      vertex -3.38540393e-03 -2.40032086e-03 0.00000000e+00
      vertex -3.38540393e-03 -2.40032086e-03 8.20000000e-03
    endloop
  endfacet
  facet normal 0 0 0
    outer loop
      vertex -3.43103506e-03 -2.33463026e-03 0.00000000e+00
      vertex -3.38540393e-03 -2.40032086e-03 8.20000000e-03
      vertex -3.43103506e-03 -2.33463026e-03 8.20000000e-03
    endloop
  endfacet
  facet normal 0 0 0
    outer loop
      vertex -3.38540393e-03 -2.40032086e-03 0.00000000e+00
      vertex -3.33851526e-03 -2.46511985e-03 0.00000000e+00
      vertex -3.33851526e-03 -2.46511985e-03 8.20000000e-03
    endloop
  endfacet
  facet normal 0 0 0
    outer loop
      vertex -3.38540393e-03 -2.40032086e-03 0.00000000e+00
      vertex -3.33851526e-03 -2.46511985e-03 8.20000000e-03
      vertex -3.38540393e-03 -2.40032086e-03 8.20000000e-03
    endloop
  endfacet
  facet normal 0 0 0
    outer loop
      vertex -3.33851526e-03 -2.46511985e-03 0.00000000e+00
      vertex -3.29038647e-03 -2.52900314e-03 0.00000000e+00
      vertex -3.29038647e-03 -2.52900314e-03 8.20000000e-03
    endloop
  endfacet
  facet normal 0 0 0
    outer loop
      vertex -3.33851526e-03 -2.46511985e-03 0.00000000e+00
      vertex -3.29038647e-03 -2.52900314e-03 8.20000000e-03
      vertex -3.33851526e-03 -2.46511985e-03 8.20000000e-03
    endloop
  endfacet
  facet normal 0 0 0
    outer loop
      vertex -3.29038647e-03 -2.52900314e-03 0.00000000e+00
      vertex -3.24103543e-03 -2.59194701e-03 0.00000000e+00
      vertex -3.24103543e-03 -2.59194701e-03 8.20000000e-03
    endloop
  endfacet
  facet normal 0 0 0
    outer loop
      vertex -3.29038647e-03 -2.52900314e-03 0.00000000e+00
      vertex -3.24103543e-03 -2.59194701e-03 8.20000000e-03
      vertex -3.29038647e-03 -2.52900314e-03 8.20000000e-03
    endloop
  endfacet
  facet normal 0 0 0
    outer loop
      vertex -3.24103543e-03 -2.59194701e-03 0.00000000e+00
      vertex -3.19048049e-03 -2.65392808e-03 0.00000000e+00
      vertex -3.19048049e-03 -2.65392808e-03 8.20000000e-03
    endloop
  endfacet
  facet normal 0 0 0
    outer loop
      vertex -3.24103543e-03 -2.59194701e-03 0.00000000e+00
      vertex -3.19048049e-03 -2.65392808e-03 8.20000000e-03
      vertex -3.24103543e-03 -2.59194701e-03 8.20000000e-03
    endloop
  endfacet
  facet normal 0 0 0
    outer loop
      vertex -3.19048049e-03 -2.65392808e-03 0.00000000e+00
      vertex -3.13874040e-03 -2.71492333e-03 0.00000000e+00
      vertex -3.13874040e-03 -2.71492333e-03 8.20000000e-03
    endloop
  endfacet
  facet normal 0 0 0
    outer loop
      vertex -3.19048049e-03 -2.65392808e-03 0.00000000e+00
      vertex -3.13874040e-03 -2.71492333e-03 8.20000000e-03
      vertex -3.19048049e-03 -2.65392808e-03 8.20000000e-03
    endloop
  endfacet
  facet normal 0 0 0
    outer loop
      vertex -3.13874040e-03 -2.71492333e-03 0.00000000e+00
      vertex -3.08583441e-03 -2.77491009e-03 0.00000000e+00
      vertex -3.08583441e-03 -2.77491009e-03 8.20000000e-03
    endloop
  endfacet
  facet normal 0 0 0
    outer loop
      vertex -3.13874040e-03 -2.71492333e-03 0.00000000e+00
      vertex -3.08583441e-03 -2.77491009e-03 8.20000000e-03
      vertex -3.13874040e-03 -2.71492333e-03 8.20000000e-03
    endloop
  endfacet
  facet normal 0 0 0
    outer loop
      vertex -3.08583441e-03 -2.77491009e-03 0.00000000e+00
      vertex -3.03178215e-03 -2.83386608e-03 0.00000000e+00
      vertex -3.03178215e-03 -2.83386608e-03 8.20000000e-03
    endloop
  endfacet
  facet normal 0 0 0
    outer loop
      vertex -3.08583441e-03 -2.77491009e-03 0.00000000e+00
      vertex -3.03178215e-03 -2.83386608e-03 8.20000000e-03
      vertex -3.08583441e-03 -2.77491009e-03 8.20000000e-03
    endloop
  endfacet
  facet normal 0 0 0
    outer loop
      vertex -3.03178215e-03 -2.83386608e-03 0.00000000e+00
      vertex -2.97660371e-03 -2.89176941e-03 0.00000000e+00
      vertex -2.97660371e-03 -2.89176941e-03 8.20000000e-03
    endloop
  endfacet
  facet normal 0 0 0
    outer loop
      vertex -3.03178215e-03 -2.83386608e-03 0.00000000e+00
      vertex -2.97660371e-03 -2.89176941e-03 8.20000000e-03
      vertex -3.03178215e-03 -2.83386608e-03 8.20000000e-03
    endloop
  endfacet
  facet normal 0 0 0
    outer loop
      vertex -2.97660371e-03 -2.89176941e-03 0.00000000e+00
      vertex -2.92031959e-03 -2.94859857e-03 0.00000000e+00
      vertex -2.92031959e-03 -2.94859857e-03 8.20000000e-03
    endloop
  endfacet
  facet normal 0 0 0
    outer loop
      vertex -2.97660371e-03 -2.89176941e-03 0.00000000e+00
      vertex -2.92031959e-03 -2.94859857e-03 8.20000000e-03
      vertex -2.97660371e-03 -2.89176941e-03 8.20000000e-03
    endloop
  endfacet
  facet normal 0 0 0
    outer loop
      vertex -2.92031959e-03 -2.94859857e-03 0.00000000e+00
      vertex -2.86295068e-03 -3.00433244e-03 0.00000000e+00
      vertex -2.86295068e-03 -3.00433244e-03 8.20000000e-03
    endloop
  endfacet
  facet normal 0 0 0
    outer loop
      vertex -2.92031959e-03 -2.94859857e-03 0.00000000e+00
      vertex -2.86295068e-03 -3.00433244e-03 8.20000000e-03
      vertex -2.92031959e-03 -2.94859857e-03 8.20000000e-03
    endloop
  endfacet
  facet normal 0 0 0
    outer loop
      vertex -2.86295068e-03 -3.00433244e-03 0.00000000e+00
      vertex -2.80451831e-03 -3.05895032e-03 0.00000000e+00
      vertex -2.80451831e-03 -3.05895032e-03 8.20000000e-03
    endloop
  endfacet
  facet normal 0 0 0
    outer loop
      vertex -2.86295068e-03 -3.00433244e-03 0.00000000e+00
      vertex -2.80451831e-03 -3.05895032e-03 8.20000000e-03
      vertex -2.86295068e-03 -3.00433244e-03 8.20000000e-03
    endloop
  endfacet
  facet normal 0 0 0
    outer loop
      vertex -2.80451831e-03 -3.05895032e-03 0.00000000e+00
      vertex -2.74504417e-03 -3.11243193e-03 0.00000000e+00
      vertex -2.74504417e-03 -3.11243193e-03 8.20000000e-03
    endloop
  endfacet
  facet normal 0 0 0
    outer loop
      vertex -2.80451831e-03 -3.05895032e-03 0.00000000e+00
      vertex -2.74504417e-03 -3.11243193e-03 8.20000000e-03
      vertex -2.80451831e-03 -3.05895032e-03 8.20000000e-03
    endloop
  endfacet
  facet normal 0 0 0
    outer loop
      vertex -2.74504417e-03 -3.11243193e-03 0.00000000e+00
      vertex -2.68455036e-03 -3.16475740e-03 0.00000000e+00
      vertex -2.68455036e-03 -3.16475740e-03 8.20000000e-03
    endloop
  endfacet
  facet normal 0 0 0
    outer loop
      vertex -2.74504417e-03 -3.11243193e-03 0.00000000e+00
      vertex -2.68455036e-03 -3.16475740e-03 8.20000000e-03
      vertex -2.74504417e-03 -3.11243193e-03 8.20000000e-03
    endloop
  endfacet
  facet normal 0 0 0
    outer loop
      vertex -2.68455036e-03 -3.16475740e-03 0.00000000e+00
      vertex -2.62305935e-03 -3.21590729e-03 0.00000000e+00
      vertex -2.62305935e-03 -3.21590729e-03 8.20000000e-03
    endloop
  endfacet
  facet normal 0 0 0
    outer loop
      vertex -2.68455036e-03 -3.16475740e-03 0.00000000e+00
      vertex -2.62305935e-03 -3.21590729e-03 8.20000000e-03
      vertex -2.68455036e-03 -3.16475740e-03 8.20000000e-03
    endloop
  endfacet
  facet normal 0 0 0
    outer loop
      vertex -2.62305935e-03 -3.21590729e-03 0.00000000e+00
      vertex -2.56059398e-03 -3.26586260e-03 0.00000000e+00
      vertex -2.56059398e-03 -3.26586260e-03 8.20000000e-03
    endloop
  endfacet
  facet normal 0 0 0
    outer loop
      vertex -2.62305935e-03 -3.21590729e-03 0.00000000e+00
      vertex -2.56059398e-03 -3.26586260e-03 8.20000000e-03
      vertex -2.62305935e-03 -3.21590729e-03 8.20000000e-03
    endloop
  endfacet
  facet normal 0 0 0
    outer loop
      vertex -2.56059398e-03 -3.26586260e-03 0.00000000e+00
      vertex -2.49717745e-03 -3.31460477e-03 0.00000000e+00
      vertex -2.49717745e-03 -3.31460477e-03 8.20000000e-03
    endloop
  endfacet
  facet normal 0 0 0
    outer loop
      vertex -2.56059398e-03 -3.26586260e-03 0.00000000e+00
      vertex -2.49717745e-03 -3.31460477e-03 8.20000000e-03
      vertex -2.56059398e-03 -3.26586260e-03 8.20000000e-03
    endloop
  endfacet
  facet normal 0 0 0
    outer loop
      vertex -2.49717745e-03 -3.31460477e-03 0.00000000e+00
      vertex -2.43283332e-03 -3.36211571e-03 0.00000000e+00
      vertex -2.43283332e-03 -3.36211571e-03 8.20000000e-03
    endloop
  endfacet
  facet normal 0 0 0
    outer loop
      vertex -2.49717745e-03 -3.31460477e-03 0.00000000e+00
      vertex -2.43283332e-03 -3.36211571e-03 8.20000000e-03
      vertex -2.49717745e-03 -3.31460477e-03 8.20000000e-03
    endloop
  endfacet
  facet normal 0 0 0
    outer loop
      vertex -2.43283332e-03 -3.36211571e-03 0.00000000e+00
      vertex -2.36758550e-03 -3.40837775e-03 0.00000000e+00
      vertex -2.36758550e-03 -3.40837775e-03 8.20000000e-03
    endloop
  endfacet
  facet normal 0 0 0
    outer loop
      vertex -2.43283332e-03 -3.36211571e-03 0.00000000e+00
      vertex -2.36758550e-03 -3.40837775e-03 8.20000000e-03
      vertex -2.43283332e-03 -3.36211571e-03 8.20000000e-03
    endloop
  endfacet
  facet normal 0 0 0
    outer loop
      vertex -2.36758550e-03 -3.40837775e-03 0.00000000e+00
      vertex -2.30145821e-03 -3.45337373e-03 0.00000000e+00
      vertex -2.30145821e-03 -3.45337373e-03 8.20000000e-03
    endloop
  endfacet
  facet normal 0 0 0
    outer loop
      vertex -2.36758550e-03 -3.40837775e-03 0.00000000e+00
      vertex -2.30145821e-03 -3.45337373e-03 8.20000000e-03
      vertex -2.36758550e-03 -3.40837775e-03 8.20000000e-03
    endloop
  endfacet
  facet normal 0 0 0
    outer loop
      vertex -2.30145821e-03 -3.45337373e-03 0.00000000e+00
      vertex -2.23447603e-03 -3.49708692e-03 0.00000000e+00
      vertex -2.23447603e-03 -3.49708692e-03 8.20000000e-03
    endloop
  endfacet
  facet normal 0 0 0
    outer loop
      vertex -2.30145821e-03 -3.45337373e-03 0.00000000e+00
      vertex -2.23447603e-03 -3.49708692e-03 8.20000000e-03
      vertex -2.30145821e-03 -3.45337373e-03 8.20000000e-03
    endloop
  endfacet
  facet normal 0 0 0
    outer loop
      vertex -2.23447603e-03 -3.49708692e-03 0.00000000e+00
      vertex -2.16666382e-03 -3.53950108e-03 0.00000000e+00
      vertex -2.16666382e-03 -3.53950108e-03 8.20000000e-03
    endloop
  endfacet
  facet normal 0 0 0
    outer loop
      vertex -2.23447603e-03 -3.49708692e-03 0.00000000e+00
      vertex -2.16666382e-03 -3.53950108e-03 8.20000000e-03
      vertex -2.23447603e-03 -3.49708692e-03 8.20000000e-03
    endloop
  endfacet
  facet normal 0 0 0
    outer loop
      vertex -2.16666382e-03 -3.53950108e-03 0.00000000e+00
      vertex -2.09804680e-03 -3.58060046e-03 0.00000000e+00
      vertex -2.09804680e-03 -3.58060046e-03 8.20000000e-03
    endloop
  endfacet
  facet normal 0 0 0
    outer loop
      vertex -2.16666382e-03 -3.53950108e-03 0.00000000e+00
      vertex -2.09804680e-03 -3.58060046e-03 8.20000000e-03
      vertex -2.16666382e-03 -3.53950108e-03 8.20000000e-03
    endloop
  endfacet
  facet normal 0 0 0
    outer loop
      vertex -2.09804680e-03 -3.58060046e-03 0.00000000e+00
      vertex -2.02865043e-03 -3.62036979e-03 0.00000000e+00
      vertex -2.02865043e-03 -3.62036979e-03 8.20000000e-03
    endloop
  endfacet
  facet normal 0 0 0
    outer loop
      vertex -2.09804680e-03 -3.58060046e-03 0.00000000e+00
      vertex -2.02865043e-03 -3.62036979e-03 8.20000000e-03
      vertex -2.09804680e-03 -3.58060046e-03 8.20000000e-03
    endloop
  endfacet
  facet normal 0 0 0
    outer loop
      vertex -2.02865043e-03 -3.62036979e-03 0.00000000e+00
      vertex -1.95850050e-03 -3.65879431e-03 0.00000000e+00
      vertex -1.95850050e-03 -3.65879431e-03 8.20000000e-03
    endloop
  endfacet
  facet normal 0 0 0
    outer loop
      vertex -2.02865043e-03 -3.62036979e-03 0.00000000e+00
      vertex -1.95850050e-03 -3.65879431e-03 8.20000000e-03
      vertex -2.02865043e-03 -3.62036979e-03 8.20000000e-03
    endloop
  endfacet
  facet normal 0 0 0
    outer loop
      vertex -1.95850050e-03 -3.65879431e-03 0.00000000e+00
      vertex -1.88762307e-03 -3.69585973e-03 0.00000000e+00
      vertex -1.88762307e-03 -3.69585973e-03 8.20000000e-03
    endloop
  endfacet
  facet normal 0 0 0
    outer loop
      vertex -1.95850050e-03 -3.65879431e-03 0.00000000e+00
      vertex -1.88762307e-03 -3.69585973e-03 8.20000000e-03
      vertex -1.95850050e-03 -3.65879431e-03 8.20000000e-03
    endloop
  endfacet
  facet normal 0 0 0
    outer loop
      vertex -1.88762307e-03 -3.69585973e-03 0.00000000e+00
      vertex -1.81604447e-03 -3.73155229e-03 0.00000000e+00
      vertex -1.81604447e-03 -3.73155229e-03 8.20000000e-03
    endloop
  endfacet
  facet normal 0 0 0
    outer loop
      vertex -1.88762307e-03 -3.69585973e-03 0.00000000e+00
      vertex -1.81604447e-03 -3.73155229e-03 8.20000000e-03
      vertex -1.88762307e-03 -3.69585973e-03 8.20000000e-03
    endloop
  endfacet
  facet normal 0 0 0
    outer loop
      vertex -1.81604447e-03 -3.73155229e-03 0.00000000e+00
      vertex -1.74379127e-03 -3.76585873e-03 0.00000000e+00
      vertex -1.74379127e-03 -3.76585873e-03 8.20000000e-03
    endloop
  endfacet
  facet normal 0 0 0
    outer loop
      vertex -1.81604447e-03 -3.73155229e-03 0.00000000e+00
      vertex -1.74379127e-03 -3.76585873e-03 8.20000000e-03
      vertex -1.81604447e-03 -3.73155229e-03 8.20000000e-03
    endloop
  endfacet
  facet normal 0 0 0
    outer loop
      vertex -1.74379127e-03 -3.76585873e-03 0.00000000e+00
      vertex -1.67089033e-03 -3.79876631e-03 0.00000000e+00
      vertex -1.67089033e-03 -3.79876631e-03 8.20000000e-03
    endloop
  endfacet
  facet normal 0 0 0
    outer loop
      vertex -1.74379127e-03 -3.76585873e-03 0.00000000e+00
      vertex -1.67089033e-03 -3.79876631e-03 8.20000000e-03
      vertex -1.74379127e-03 -3.76585873e-03 8.20000000e-03
    endloop
  endfacet
  facet normal 0 0 0
    outer loop
      vertex -1.67089033e-03 -3.79876631e-03 0.00000000e+00
      vertex -1.59736873e-03 -3.83026280e-03 0.00000000e+00
      vertex -1.59736873e-03 -3.83026280e-03 8.20000000e-03
    endloop
  endfacet
  facet normal 0 0 0
    outer loop
      vertex -1.67089033e-03 -3.79876631e-03 0.00000000e+00
      vertex -1.59736873e-03 -3.83026280e-03 8.20000000e-03
      vertex -1.67089033e-03 -3.79876631e-03 8.20000000e-03
    endloop
  endfacet
  facet normal 0 0 0
    outer loop
      vertex -1.59736873e-03 -3.83026280e-03 0.00000000e+00
      vertex -1.52325376e-03 -3.86033651e-03 0.00000000e+00
      vertex -1.52325376e-03 -3.86033651e-03 8.20000000e-03
    endloop
  endfacet
  facet normal 0 0 0
    outer loop
      vertex -1.59736873e-03 -3.83026280e-03 0.00000000e+00
      vertex -1.52325376e-03 -3.86033651e-03 8.20000000e-03
      vertex -1.59736873e-03 -3.83026280e-03 8.20000000e-03
    endloop
  endfacet
  facet normal 0 0 0
    outer loop
      vertex -1.52325376e-03 -3.86033651e-03 0.00000000e+00
      vertex -1.44857297e-03 -3.88897626e-03 0.00000000e+00
      vertex -1.44857297e-03 -3.88897626e-03 8.20000000e-03
    endloop
  endfacet
  facet normal 0 0 0
    outer loop
      vertex -1.52325376e-03 -3.86033651e-03 0.00000000e+00
      vertex -1.44857297e-03 -3.88897626e-03 8.20000000e-03
      vertex -1.52325376e-03 -3.86033651e-03 8.20000000e-03
    endloop
  endfacet
  facet normal 0 0 0
    outer loop
      vertex -1.44857297e-03 -3.88897626e-03 0.00000000e+00
      vertex -1.37335410e-03 -3.91617141e-03 0.00000000e+00
      vertex -1.37335410e-03 -3.91617141e-03 8.20000000e-03
    endloop
  endfacet
  facet normal 0 0 0
    outer loop
      vertex -1.44857297e-03 -3.88897626e-03 0.00000000e+00
      vertex -1.37335410e-03 -3.91617141e-03 8.20000000e-03
      vertex -1.44857297e-03 -3.88897626e-03 8.20000000e-03
    endloop
  endfacet
  facet normal 0 0 0
    outer loop
      vertex -1.37335410e-03 -3.91617141e-03 0.00000000e+00
      vertex -1.29762508e-03 -3.94191187e-03 0.00000000e+00
      vertex -1.29762508e-03 -3.94191187e-03 8.20000000e-03
    endloop
  endfacet
  facet normal 0 0 0
    outer loop
      vertex -1.37335410e-03 -3.91617141e-03 0.00000000e+00
      vertex -1.29762508e-03 -3.94191187e-03 8.20000000e-03
      vertex -1.37335410e-03 -3.91617141e-03 8.20000000e-03
    endloop
  endfacet
  facet normal 0 0 0
    outer loop
      vertex -1.29762508e-03 -3.94191187e-03 0.00000000e+00
      vertex -1.22141404e-03 -3.96618806e-03 0.00000000e+00
      vertex -1.22141404e-03 -3.96618806e-03 8.20000000e-03
    endloop
  endfacet
  facet normal 0 0 0
    outer loop
      vertex -1.29762508e-03 -3.94191187e-03 0.00000000e+00
      vertex -1.22141404e-03 -3.96618806e-03 8.20000000e-03
      vertex -1.29762508e-03 -3.94191187e-03 8.20000000e-03
    endloop
  endfacet
  facet normal 0 0 0
    outer loop
      vertex -1.22141404e-03 -3.96618806e-03 0.00000000e+00
      vertex -1.14474930e-03 -3.98899098e-03 0.00000000e+00
      vertex -1.14474930e-03 -3.98899098e-03 8.20000000e-03
    endloop
  endfacet
  facet normal 0 0 0
    outer loop
      vertex -1.22141404e-03 -3.96618806e-03 0.00000000e+00
      vertex -1.14474930e-03 -3.98899098e-03 8.20000000e-03
      vertex -1.22141404e-03 -3.96618806e-03 8.20000000e-03
    endloop
  endfacet
  facet normal 0 0 0
    outer loop
      vertex -1.14474930e-03 -3.98899098e-03 0.00000000e+00
      vertex -1.06765933e-03 -4.01031215e-03 0.00000000e+00
      vertex -1.06765933e-03 -4.01031215e-03 8.20000000e-03
    endloop
  endfacet
  facet normal 0 0 0
    outer loop
      vertex -1.14474930e-03 -3.98899098e-03 0.00000000e+00
      vertex -1.06765933e-03 -4.01031215e-03 8.20000000e-03
      vertex -1.14474930e-03 -3.98899098e-03 8.20000000e-03
    endloop
  endfacet
  facet normal 0 0 0
    outer loop
      vertex -1.06765933e-03 -4.01031215e-03 0.00000000e+00
      vertex -9.90172769e-04 -4.03014366e-03 0.00000000e+00
      vertex -9.90172769e-04 -4.03014366e-03 8.20000000e-03
    endloop
  endfacet
  facet normal 0 0 0
    outer loop
      vertex -1.06765933e-03 -4.01031215e-03 0.00000000e+00
      vertex -9.90172769e-04 -4.03014366e-03 8.20000000e-03
      vertex -1.06765933e-03 -4.01031215e-03 8.20000000e-03
    endloop
  endfacet
  facet normal 0 0 0
    outer loop
      vertex -9.90172769e-04 -4.03014366e-03 0.00000000e+00
      vertex -9.12318399e-04 -4.04847813e-03 0.00000000e+00
      vertex -9.12318399e-04 -4.04847813e-03 8.20000000e-03
    endloop
  endfacet
  facet normal 0 0 0
    outer loop
      vertex -9.90172769e-04 -4.03014366e-03 0.00000000e+00
      vertex -9.12318399e-04 -4.04847813e-03 8.20000000e-03
      vertex -9.90172769e-04 -4.03014366e-03 8.20000000e-03
    endloop
  endfacet
  facet normal 0 0 0
    outer loop
      vertex -9.12318399e-04 -4.04847813e-03 0.00000000e+00
      vertex -8.34125140e-04 -4.06530875e-03 0.00000000e+00
      vertex -8.34125140e-04 -4.06530875e-03 8.20000000e-03
    endloop
  endfacet
  facet normal 0 0 0
    outer loop
      vertex -9.12318399e-04 -4.04847813e-03 0.00000000e+00
      vertex -8.34125140e-04 -4.06530875e-03 8.20000000e-03
      vertex -9.12318399e-04 -4.04847813e-03 8.20000000e-03
    endloop
  endfacet
  facet normal 0 0 0
    outer loop
      vertex -8.34125140e-04 -4.06530875e-03 0.00000000e+00
      vertex -7.55622038e-04 -4.08062928e-03 0.00000000e+00
      vertex -7.55622038e-04 -4.08062928e-03 8.20000000e-03
    endloop
  endfacet
  facet normal 0 0 0
    outer loop
      vertex -8.34125140e-04 -4.06530875e-03 0.00000000e+00
      vertex -7.55622038e-04 -4.08062928e-03 8.20000000e-03
      vertex -8.34125140e-04 -4.06530875e-03 8.20000000e-03
    endloop
  endfacet
  facet normal 0 0 0
    outer loop
      vertex -7.55622038e-04 -4.08062928e-03 0.00000000e+00
      vertex -6.76838253e-04 -4.09443402e-03 0.00000000e+00
      vertex -6.76838253e-04 -4.09443402e-03 8.20000000e-03
    endloop
  endfacet
  facet normal 0 0 0
    outer loop
      vertex -7.55622038e-04 -4.08062928e-03 0.00000000e+00
      vertex -6.76838253e-04 -4.09443402e-03 8.20000000e-03
      vertex -7.55622038e-04 -4.08062928e-03 8.20000000e-03
    endloop
  endfacet
  facet normal 0 0 0
    outer loop
      vertex -6.76838253e-04 -4.09443402e-03 0.00000000e+00
      vertex -5.97803050e-04 -4.10671785e-03 0.00000000e+00
      vertex -5.97803050e-04 -4.10671785e-03 8.20000000e-03
    endloop
  endfacet
  facet normal 0 0 0
    outer loop
      vertex -6.76838253e-04 -4.09443402e-03 0.00000000e+00
      vertex -5.97803050e-04 -4.10671785e-03 8.20000000e-03
      vertex -6.76838253e-04 -4.09443402e-03 8.20000000e-03
    endloop
  endfacet
  facet normal 0 0 0
    outer loop
      vertex -5.97803050e-04 -4.10671785e-03 0.00000000e+00
      vertex -5.18545788e-04 -4.11747620e-03 0.00000000e+00
      vertex -5.18545788e-04 -4.11747620e-03 8.20000000e-03
    endloop
  endfacet
  facet normal 0 0 0
    outer loop
      vertex -5.97803050e-04 -4.10671785e-03 0.00000000e+00
      vertex -5.18545788e-04 -4.11747620e-03 8.20000000e-03
      vertex -5.97803050e-04 -4.10671785e-03 8.20000000e-03
    endloop
  endfacet
  facet normal 0 0 0
    outer loop
      vertex -5.18545788e-04 -4.11747620e-03 0.00000000e+00
      vertex -4.39095907e-04 -4.12670508e-03 0.00000000e+00
      vertex -4.39095907e-04 -4.12670508e-03 8.20000000e-03
    endloop
  endfacet
  facet normal 0 0 0
    outer loop
      vertex -5.18545788e-04 -4.11747620e-03 0.00000000e+00
      vertex -4.39095907e-04 -4.12670508e-03 8.20000000e-03
      vertex -5.18545788e-04 -4.11747620e-03 8.20000000e-03
    endloop
  endfacet
  facet normal 0 0 0
    outer loop
      vertex -4.39095907e-04 -4.12670508e-03 0.00000000e+00
      vertex -3.59482921e-04 -4.13440105e-03 0.00000000e+00
      vertex -3.59482921e-04 -4.13440105e-03 8.20000000e-03
    endloop
  endfacet
  facet normal 0 0 0
    outer loop
      vertex -4.39095907e-04 -4.12670508e-03 0.00000000e+00
      vertex -3.59482921e-04 -4.13440105e-03 8.20000000e-03
      vertex -4.39095907e-04 -4.12670508e-03 8.20000000e-03
    endloop
  endfacet
  facet normal 0 0 0
    outer loop
      vertex -3.59482921e-04 -4.13440105e-03 0.00000000e+00
      vertex -2.79736400e-04 -4.14056126e-03 0.00000000e+00
      vertex -2.79736400e-04 -4.14056126e-03 8.20000000e-03
    endloop
  endfacet
  facet normal 0 0 0
    outer loop
      vertex -3.59482921e-04 -4.13440105e-03 0.00000000e+00
      vertex -2.79736400e-04 -4.14056126e-03 8.20000000e-03
      vertex -3.59482921e-04 -4.13440105e-03 8.20000000e-03
    endloop
  endfacet
  facet normal 0 0 0
    outer loop
      vertex -2.79736400e-04 -4.14056126e-03 0.00000000e+00
      vertex -1.99885970e-04 -4.14518342e-03 0.00000000e+00
      vertex -1.99885970e-04 -4.14518342e-03 8.20000000e-03
    endloop
  endfacet
  facet normal 0 0 0
    outer loop
      vertex -2.79736400e-04 -4.14056126e-03 0.00000000e+00
      vertex -1.99885970e-04 -4.14518342e-03 8.20000000e-03
      vertex -2.79736400e-04 -4.14056126e-03 8.20000000e-03
    endloop
  endfacet
  facet normal 0 0 0
    outer loop
      vertex -1.99885970e-04 -4.14518342e-03 0.00000000e+00
      vertex -1.19961289e-04 -4.14826582e-03 0.00000000e+00
      vertex -1.19961289e-04 -4.14826582e-03 8.20000000e-03
    endloop
  endfacet
  facet normal 0 0 0
    outer loop
      vertex -1.99885970e-04 -4.14518342e-03 0.00000000e+00
      vertex -1.19961289e-04 -4.14826582e-03 8.20000000e-03
      vertex -1.99885970e-04 -4.14518342e-03 8.20000000e-03
    endloop
  endfacet
  facet normal 0 0 0
    outer loop
      vertex -1.19961289e-04 -4.14826582e-03 0.00000000e+00
      vertex -3.99920482e-05 -4.14980730e-03 0.00000000e+00
      vertex -3.99920482e-05 -4.14980730e-03 8.20000000e-03
    endloop
  endfacet
  facet normal 0 0 0
    outer loop
      vertex -1.19961289e-04 -4.14826582e-03 0.00000000e+00
      vertex -3.99920482e-05 -4.14980730e-03 8.20000000e-03
      vertex -1.19961289e-04 -4.14826582e-03 8.20000000e-03
    endloop
  endfacet
  facet normal 0 0 0
    outer loop
      vertex -3.99920482e-05 -4.14980730e-03 0.00000000e+00
      vertex 3.99920482e-05 -4.14980730e-03 0.00000000e+00
      vertex 3.99920482e-05 -4.14980730e-03 8.20000000e-03
    endloop
  endfacet
  facet normal 0 0 0
    outer loop
      vertex -3.99920482e-05 -4.14980730e-03 0.00000000e+00
      vertex 3.99920482e-05 -4.14980730e-03 8.20000000e-03
      vertex -3.99920482e-05 -4.14980730e-03 8.20000000e-03
    endloop
  endfacet
  facet normal 0 0 0
    outer loop
      vertex 3.99920482e-05 -4.14980730e-03 0.00000000e+00
      vertex 1.19961289e-04 -4.14826582e-03 0.00000000e+00
      vertex 1.19961289e-04 -4.14826582e-03 8.20000000e-03
    endloop
  endfacet
  facet normal 0 0 0
    outer loop
      vertex 3.99920482e-05 -4.14980730e-03 0.00000000e+00
      vertex 1.19961289e-04 -4.14826582e-03 8.20000000e-03
      vertex 3.99920482e-05 -4.14980730e-03 8.20000000e-03
    endloop
  endfacet
  facet normal 0 0 0
    outer loop
      vertex 1.19961289e-04 -4.14826582e-03 0.00000000e+00
      vertex 1.99885970e-04 -4.14518342e-03 0.00000000e+00
      vertex 1.99885970e-04 -4.14518342e-03 8.20000000e-03
    endloop
  endfacet
  facet normal 0 0 0
    outer loop
      vertex 1.19961289e-04 -4.14826582e-03 0.00000000e+00
      vertex 1.99885970e-04 -4.14518342e-03 8.20000000e-03
      vertex 1.19961289e-04 -4.14826582e-03 8.20000000e-03
    endloop
  endfacet
  facet normal 0 0 0
    outer loop
      vertex 1.99885970e-04 -4.14518342e-03 0.00000000e+00
      vertex 2.79736400e-04 -4.14056126e-03 0.00000000e+00
      vertex 2.79736400e-04 -4.14056126e-03 8.20000000e-03
    endloop
  endfacet
  facet normal 0 0 0
    outer loop
      vertex 1.99885970e-04 -4.14518342e-03 0.00000000e+00
      vertex 2.79736400e-04 -4.14056126e-03 8.20000000e-03
      vertex 1.99885970e-04 -4.14518342e-03 8.20000000e-03
    endloop
  endfacet
  facet normal 0 0 0
    outer loop
      vertex 2.79736400e-04 -4.14056126e-03 0.00000000e+00
      vertex 3.59482921e-04 -4.13440105e-03 0.00000000e+00
      vertex 3.59482921e-04 -4.13440105e-03 8.20000000e-03
    endloop
  endfacet
  facet normal 0 0 0
    outer loop
      vertex 2.79736400e-04 -4.14056126e-03 0.00000000e+00
      vertex 3.59482921e-04 -4.13440105e-03 8.20000000e-03
      vertex 2.79736400e-04 -4.14056126e-03 8.20000000e-03
    endloop
  endfacet
  facet normal 0 0 0
    outer loop
      vertex 3.59482921e-04 -4.13440105e-03 0.00000000e+00
      vertex 4.39095907e-04 -4.12670508e-03 0.00000000e+00
      vertex 4.39095907e-04 -4.12670508e-03 8.20000000e-03
    endloop
  endfacet
  facet normal 0 0 0
    outer loop
      vertex 3.59482921e-04 -4.13440105e-03 0.00000000e+00
      vertex 4.39095907e-04 -4.12670508e-03 8.20000000e-03
      vertex 3.59482921e-04 -4.13440105e-03 8.20000000e-03
    endloop
  endfacet
  facet normal 0 0 0
    outer loop
      vertex 4.39095907e-04 -4.12670508e-03 0.00000000e+00
      vertex 5.18545788e-04 -4.11747620e-03 0.00000000e+00
      vertex 5.18545788e-04 -4.11747620e-03 8.20000000e-03
    endloop
  endfacet
  facet normal 0 0 0
    outer loop
      vertex 4.39095907e-04 -4.12670508e-03 0.00000000e+00
      vertex 5.18545788e-04 -4.11747620e-03 8.20000000e-03
      vertex 4.39095907e-04 -4.12670508e-03 8.20000000e-03
    endloop
  endfacet
  facet normal 0 0 0
    outer loop
      vertex 5.18545788e-04 -4.11747620e-03 0.00000000e+00
      vertex 5.97803050e-04 -4.10671785e-03 0.00000000e+00
      vertex 5.97803050e-04 -4.10671785e-03 8.20000000e-03
    endloop
  endfacet
  facet normal 0 0 0
    outer loop
      vertex 5.18545788e-04 -4.11747620e-03 0.00000000e+00
      vertex 5.97803050e-04 -4.10671785e-03 8.20000000e-03
      vertex 5.18545788e-04 -4.11747620e-03 8.20000000e-03
    endloop
  endfacet
  facet normal 0 0 0
    outer loop
      vertex 5.97803050e-04 -4.10671785e-03 0.00000000e+00
      vertex 6.76838253e-04 -4.09443402e-03 0.00000000e+00
      vertex 6.76838253e-04 -4.09443402e-03 8.20000000e-03
    endloop
  endfacet
  facet normal 0 0 0
    outer loop
      vertex 5.97803050e-04 -4.10671785e-03 0.00000000e+00
      vertex 6.76838253e-04 -4.09443402e-03 8.20000000e-03
      vertex 5.97803050e-04 -4.10671785e-03 8.20000000e-03
    endloop
  endfacet
  facet normal 0 0 0
    outer loop
      vertex 6.76838253e-04 -4.09443402e-03 0.00000000e+00
      vertex 7.55622038e-04 -4.08062928e-03 0.00000000e+00
      vertex 7.55622038e-04 -4.08062928e-03 8.20000000e-03
    endloop
  endfacet
  facet normal 0 0 0
    outer loop
      vertex 6.76838253e-04 -4.09443402e-03 0.00000000e+00
      vertex 7.55622038e-04 -4.08062928e-03 8.20000000e-03
      vertex 6.76838253e-04 -4.09443402e-03 8.20000000e-03
    endloop
  endfacet
  facet normal 0 0 0
    outer loop
      vertex 7.55622038e-04 -4.08062928e-03 0.00000000e+00
      vertex 8.34125140e-04 -4.06530875e-03 0.00000000e+00
      vertex 8.34125140e-04 -4.06530875e-03 8.20000000e-03
    endloop
  endfacet
  facet normal 0 0 0
    outer loop
      vertex 7.55622038e-04 -4.08062928e-03 0.00000000e+00
      vertex 8.34125140e-04 -4.06530875e-03 8.20000000e-03
      vertex 7.55622038e-04 -4.08062928e-03 8.20000000e-03
    endloop
  endfacet
  facet normal 0 0 0
    outer loop
      vertex 8.34125140e-04 -4.06530875e-03 0.00000000e+00
      vertex 9.12318399e-04 -4.04847813e-03 0.00000000e+00
      vertex 9.12318399e-04 -4.04847813e-03 8.20000000e-03
    endloop
  endfacet
  facet normal 0 0 0
    outer loop
      vertex 8.34125140e-04 -4.06530875e-03 0.00000000e+00
      vertex 9.12318399e-04 -4.04847813e-03 8.20000000e-03
      vertex 8.34125140e-04 -4.06530875e-03 8.20000000e-03
    endloop
  endfacet
  facet normal 0 0 0
    outer loop
      vertex 9.12318399e-04 -4.04847813e-03 0.00000000e+00
      vertex 9.90172769e-04 -4.03014366e-03 0.00000000e+00
      vertex 9.90172769e-04 -4.03014366e-03 8.20000000e-03
    endloop
  endfacet
  facet normal 0 0 0
    outer loop
      vertex 9.12318399e-04 -4.04847813e-03 0.00000000e+00
      vertex 9.90172769e-04 -4.03014366e-03 8.20000000e-03
      vertex 9.12318399e-04 -4.04847813e-03 8.20000000e-03
    endloop
  endfacet
  facet normal 0 0 0
    outer loop
      vertex 9.90172769e-04 -4.03014366e-03 0.00000000e+00
      vertex 1.06765933e-03 -4.01031215e-03 0.00000000e+00
      vertex 1.06765933e-03 -4.01031215e-03 8.20000000e-03
    endloop
  endfacet
  facet normal 0 0 0
    outer loop
      vertex 9.90172769e-04 -4.03014366e-03 0.00000000e+00
      vertex 1.06765933e-03 -4.01031215e-03 8.20000000e-03
      vertex 9.90172769e-04 -4.03014366e-03 8.20000000e-03
    endloop
  endfacet
  facet normal 0 0 0
    outer loop
      vertex 1.06765933e-03 -4.01031215e-03 0.00000000e+00
      vertex 1.14474930e-03 -3.98899098e-03 0.00000000e+00
      vertex 1.14474930e-03 -3.98899098e-03 8.20000000e-03
    endloop
  endfacet
  facet normal 0 0 0
    outer loop
      vertex 1.06765933e-03 -4.01031215e-03 0.00000000e+00
      vertex 1.14474930e-03 -3.98899098e-03 8.20000000e-03
      vertex 1.06765933e-03 -4.01031215e-03 8.20000000e-03
    endloop
  endfacet
  facet normal 0 0 0
    outer loop
      vertex 1.14474930e-03 -3.98899098e-03 0.00000000e+00
      vertex 1.22141404e-03 -3.96618806e-03 0.00000000e+00
      vertex 1.22141404e-03 -3.96618806e-03 8.20000000e-03
    endloop
  endfacet
  facet normal 0 0 0
    outer loop
      vertex 1.14474930e-03 -3.98899098e-03 0.00000000e+00
      vertex 1.22141404e-03 -3.96618806e-03 8.20000000e-03
      vertex 1.14474930e-03 -3.98899098e-03 8.20000000e-03
    endloop
  endfacet
  facet normal 0 0 0
    outer loop
      vertex 1.22141404e-03 -3.96618806e-03 0.00000000e+00
      vertex 1.29762508e-03 -3.94191187e-03 0.00000000e+00
      vertex 1.29762508e-03 -3.94191187e-03 8.20000000e-03
    endloop
  endfacet
  facet normal 0 0 0
    outer loop
      vertex 1.22141404e-03 -3.96618806e-03 0.00000000e+00
      vertex 1.29762508e-03 -3.94191187e-03 8.20000000e-03
      vertex 1.22141404e-03 -3.96618806e-03 8.20000000e-03
    endloop
  endfacet
  facet normal 0 0 0
    outer loop
      vertex 1.29762508e-03 -3.94191187e-03 0.00000000e+00
      vertex 1.37335410e-03 -3.91617141e-03 0.00000000e+00
      vertex 1.37335410e-03 -3.91617141e-03 8.20000000e-03
    endloop
  endfacet
  facet normal 0 0 0
    outer loop
      vertex 1.29762508e-03 -3.94191187e-03 0.00000000e+00
      vertex 1.37335410e-03 -3.91617141e-03 8.20000000e-03
      vertex 1.29762508e-03 -3.94191187e-03 8.20000000e-03
    endloop
  endfacet
  facet normal 0 0 0
    outer loop
      vertex 1.37335410e-03 -3.91617141e-03 0.00000000e+00
      vertex 1.44857297e-03 -3.88897626e-03 0.00000000e+00
      vertex 1.44857297e-03 -3.88897626e-03 8.20000000e-03
    endloop
  endfacet
  facet normal 0 0 0
    outer loop
      vertex 1.37335410e-03 -3.91617141e-03 0.00000000e+00
      vertex 1.44857297e-03 -3.88897626e-03 8.20000000e-03
      vertex 1.37335410e-03 -3.91617141e-03 8.20000000e-03
    endloop
  endfacet
  facet normal 0 0 0
    outer loop
      vertex 1.44857297e-03 -3.88897626e-03 0.00000000e+00
      vertex 1.52325376e-03 -3.86033651e-03 0.00000000e+00
      vertex 1.52325376e-03 -3.86033651e-03 8.20000000e-03
    endloop
  endfacet
  facet normal 0 0 0
    outer loop
      vertex 1.44857297e-03 -3.88897626e-03 0.00000000e+00
      vertex 1.52325376e-03 -3.86033651e-03 8.20000000e-03
      vertex 1.44857297e-03 -3.88897626e-03 8.20000000e-03
    endloop
  endfacet
  facet normal 0 0 0
    outer loop
      vertex 1.52325376e-03 -3.86033651e-03 0.00000000e+00
      vertex 1.59736873e-03 -3.83026280e-03 0.00000000e+00
      vertex 1.59736873e-03 -3.83026280e-03 8.20000000e-03
    endloop
  endfacet
  facet normal 0 0 0
    outer loop
      vertex 1.52325376e-03 -3.86033651e-03 0.00000000e+00
      vertex 1.59736873e-03 -3.83026280e-03 8.20000000e-03
      vertex 1.52325376e-03 -3.86033651e-03 8.20000000e-03
    endloop
  endfacet
  facet normal 0 0 0
    outer loop
      vertex 1.59736873e-03 -3.83026280e-03 0.00000000e+00
      vertex 1.67089033e-03 -3.79876631e-03 0.00000000e+00
      vertex 1.67089033e-03 -3.79876631e-03 8.20000000e-03
    endloop
  endfacet
  facet normal 0 0 0
    outer loop
      vertex 1.59736873e-03 -3.83026280e-03 0.00000000e+00
      vertex 1.67089033e-03 -3.79876631e-03 8.20000000e-03
      vertex 1.59736873e-03 -3.83026280e-03 8.20000000e-03
    endloop
  endfacet
  facet normal 0 0 0
    outer loop
      vertex 1.67089033e-03 -3.79876631e-03 0.00000000e+00
      vertex 1.74379127e-03 -3.76585873e-03 0.00000000e+00
      vertex 1.74379127e-03 -3.76585873e-03 8.20000000e-03
    endloop
  endfacet
  facet normal 0 0 0
    outer loop
      vertex 1.67089033e-03 -3.79876631e-03 0.00000000e+00
      vertex 1.74379127e-03 -3.76585873e-03 8.20000000e-03
      vertex 1.67089033e-03 -3.79876631e-03 8.20000000e-03
    endloop
  endfacet
  facet normal 0 0 0
    outer loop
      vertex 1.74379127e-03 -3.76585873e-03 0.00000000e+00
      vertex 1.81604447e-03 -3.73155229e-03 0.00000000e+00
      vertex 1.81604447e-03 -3.73155229e-03 8.20000000e-03
    endloop
  endfacet
  facet normal 0 0 0
    outer loop
      vertex 1.74379127e-03 -3.76585873e-03 0.00000000e+00
      vertex 1.81604447e-03 -3.73155229e-03 8.20000000e-03
      vertex 1.74379127e-03 -3.76585873e-03 8.20000000e-03
    endloop
  endfacet
  facet normal 0 0 0
    outer loop
      vertex 1.81604447e-03 -3.73155229e-03 0.00000000e+00
      vertex 1.88762307e-03 -3.69585973e-03 0.00000000e+00
      vertex 1.88762307e-03 -3.69585973e-03 8.20000000e-03
    endloop
  endfacet
  facet normal 0 0 0
    outer loop
      vertex 1.81604447e-03 -3.73155229e-03 0.00000000e+00
      vertex 1.88762307e-03 -3.69585973e-03 8.20000000e-03
      vertex 1.81604447e-03 -3.73155229e-03 8.20000000e-03
    endloop
  endfacet
  facet normal 0 0 0
    outer loop
      vertex 1.88762307e-03 -3.69585973e-03 0.00000000e+00
      vertex 1.95850050e-03 -3.65879431e-03 0.00000000e+00
      vertex 1.95850050e-03 -3.65879431e-03 8.20000000e-03
    endloop
  endfacet
  facet normal 0 0 0
    outer loop
      vertex 1.88762307e-03 -3.69585973e-03 0.00000000e+00
      vertex 1.95850050e-03 -3.65879431e-03 8.20000000e-03
      vertex 1.88762307e-03 -3.69585973e-03 8.20000000e-03
    endloop
  endfacet
  facet normal 0 0 0
    outer loop
      vertex 1.95850050e-03 -3.65879431e-03 0.00000000e+00
      vertex 2.02865043e-03 -3.62036979e-03 0.00000000e+00
      vertex 2.02865043e-03 -3.62036979e-03 8.20000000e-03
    endloop
  endfacet
  facet normal 0 0 0
    outer loop
      vertex 1.95850050e-03 -3.65879431e-03 0.00000000e+00
      vertex 2.02865043e-03 -3.62036979e-03 8.20000000e-03
      vertex 1.95850050e-03 -3.65879431e-03 8.20000000e-03
    endloop
  endfacet
  facet normal 0 0 0
    outer loop
      vertex 2.02865043e-03 -3.62036979e-03 0.00000000e+00
      vertex 2.09804680e-03 -3.58060046e-03 0.00000000e+00
      vertex 2.09804680e-03 -3.58060046e-03 8.20000000e-03
    endloop
  endfacet
  facet normal 0 0 0
    outer loop
      vertex 2.02865043e-03 -3.62036979e-03 0.00000000e+00
      vertex 2.09804680e-03 -3.58060046e-03 8.20000000e-03
      vertex 2.02865043e-03 -3.62036979e-03 8.20000000e-03
    endloop
  endfacet
  facet normal 0 0 0
    outer loop
      vertex 2.09804680e-03 -3.58060046e-03 0.00000000e+00
      vertex 2.16666382e-03 -3.53950108e-03 0.00000000e+00
      vertex 2.16666382e-03 -3.53950108e-03 8.20000000e-03
    endloop
  endfacet
  facet normal 0 0 0
    outer loop
      vertex 2.09804680e-03 -3.58060046e-03 0.00000000e+00
      vertex 2.16666382e-03 -3.53950108e-03 8.20000000e-03
      vertex 2.09804680e-03 -3.58060046e-03 8.20000000e-03
    endloop
  endfacet
  facet normal 0 0 0
    outer loop
      vertex 2.16666382e-03 -3.53950108e-03 0.00000000e+00
      vertex 2.23447603e-03 -3.49708692e-03 0.00000000e+00
      vertex 2.23447603e-03 -3.49708692e-03 8.20000000e-03
    endloop
  endfacet
  facet normal 0 0 0
    outer loop
      vertex 2.16666382e-03 -3.53950108e-03 0.00000000e+00
      vertex 2.23447603e-03 -3.49708692e-03 8.20000000e-03
      vertex 2.16666382e-03 -3.53950108e-03 8.20000000e-03
    endloop
  endfacet
  facet normal 0 0 0
    outer loop
      vertex 2.23447603e-03 -3.49708692e-03 0.00000000e+00
      vertex 2.30145821e-03 -3.45337373e-03 0.00000000e+00
      vertex 2.30145821e-03 -3.45337373e-03 8.20000000e-03
    endloop
  endfacet
  facet normal 0 0 0
    outer loop
      vertex 2.23447603e-03 -3.49708692e-03 0.00000000e+00
      vertex 2.30145821e-03 -3.45337373e-03 8.20000000e-03
      vertex 2.23447603e-03 -3.49708692e-03 8.20000000e-03
    endloop
  endfacet
  facet normal 0 0 0
    outer loop
      vertex 2.30145821e-03 -3.45337373e-03 0.00000000e+00
      vertex 2.36758550e-03 -3.40837775e-03 0.00000000e+00
      vertex 2.36758550e-03 -3.40837775e-03 8.20000000e-03
    endloop
  endfacet
  facet normal 0 0 0
    outer loop
      vertex 2.30145821e-03 -3.45337373e-03 0.00000000e+00
      vertex 2.36758550e-03 -3.40837775e-03 8.20000000e-03
      vertex 2.30145821e-03 -3.45337373e-03 8.20000000e-03
    endloop
  endfacet
  facet normal 0 0 0
    outer loop
      vertex 2.36758550e-03 -3.40837775e-03 0.00000000e+00
      vertex 2.43283332e-03 -3.36211571e-03 0.00000000e+00
      vertex 2.43283332e-03 -3.36211571e-03 8.20000000e-03
    endloop
  endfacet
  facet normal 0 0 0
    outer loop
      vertex 2.36758550e-03 -3.40837775e-03 0.00000000e+00
      vertex 2.43283332e-03 -3.36211571e-03 8.20000000e-03
      vertex 2.36758550e-03 -3.40837775e-03 8.20000000e-03
    endloop
  endfacet
  facet normal 0 0 0
    outer loop
      vertex 2.43283332e-03 -3.36211571e-03 0.00000000e+00
      vertex 2.49717745e-03 -3.31460477e-03 0.00000000e+00
      vertex 2.49717745e-03 -3.31460477e-03 8.20000000e-03
    endloop
  endfacet
  facet normal 0 0 0
    outer loop
      vertex 2.43283332e-03 -3.36211571e-03 0.00000000e+00
      vertex 2.49717745e-03 -3.31460477e-03 8.20000000e-03
      vertex 2.43283332e-03 -3.36211571e-03 8.20000000e-03
    endloop
  endfacet
  facet normal 0 0 0
    outer loop
      vertex 2.49717745e-03 -3.31460477e-03 0.00000000e+00
      vertex 2.56059398e-03 -3.26586260e-03 0.00000000e+00
      vertex 2.56059398e-03 -3.26586260e-03 8.20000000e-03
    endloop
  endfacet
  facet normal 0 0 0
    outer loop
      vertex 2.49717745e-03 -3.31460477e-03 0.00000000e+00
      vertex 2.56059398e-03 -3.26586260e-03 8.20000000e-03
      vertex 2.49717745e-03 -3.31460477e-03 8.20000000e-03
    endloop
  endfacet
  facet normal 0 0 0
    outer loop
      vertex 2.56059398e-03 -3.26586260e-03 0.00000000e+00
      vertex 2.62305935e-03 -3.21590729e-03 0.00000000e+00
      vertex 2.62305935e-03 -3.21590729e-03 8.20000000e-03
    endloop
  endfacet
  facet normal 0 0 0
    outer loop
      vertex 2.56059398e-03 -3.26586260e-03 0.00000000e+00
      vertex 2.62305935e-03 -3.21590729e-03 8.20000000e-03
      vertex 2.56059398e-03 -3.26586260e-03 8.20000000e-03
    endloop
  endfacet
  facet normal 0 0 0
    outer loop
      vertex 2.62305935e-03 -3.21590729e-03 0.00000000e+00
      vertex 2.68455036e-03 -3.16475740e-03 0.00000000e+00
      vertex 2.68455036e-03 -3.16475740e-03 8.20000000e-03
    endloop
  endfacet
  facet normal 0 0 0
    outer loop
      vertex 2.62305935e-03 -3.21590729e-03 0.00000000e+00
      vertex 2.68455036e-03 -3.16475740e-03 8.20000000e-03
      vertex 2.62305935e-03 -3.21590729e-03 8.20000000e-03
    endloop
  endfacet
  facet normal 0 0 0
    outer loop
      vertex 2.68455036e-03 -3.16475740e-03 0.00000000e+00
      vertex 2.74504417e-03 -3.11243193e-03 0.00000000e+00
      vertex 2.74504417e-03 -3.11243193e-03 8.20000000e-03
    endloop
  endfacet
  facet normal 0 0 0
    outer loop
      vertex 2.68455036e-03 -3.16475740e-03 0.00000000e+00
      vertex 2.74504417e-03 -3.11243193e-03 8.20000000e-03
      vertex 2.68455036e-03 -3.16475740e-03 8.20000000e-03
    endloop
  endfacet
  facet normal 0 0 0
    outer loop
      vertex 2.74504417e-03 -3.11243193e-03 0.00000000e+00
      vertex 2.80451831e-03 -3.05895032e-03 0.00000000e+00
      vertex 2.80451831e-03 -3.05895032e-03 8.20000000e-03
    endloop
  endfacet
  facet normal 0 0 0
    outer loop
      vertex 2.74504417e-03 -3.11243193e-03 0.00000000e+00
      vertex 2.80451831e-03 -3.05895032e-03 8.20000000e-03
      vertex 2.74504417e-03 -3.11243193e-03 8.20000000e-03
    endloop
  endfacet
  facet normal 0 0 0
    outer loop
      vertex 2.80451831e-03 -3.05895032e-03 0.00000000e+00
      vertex 2.86295068e-03 -3.00433244e-03 0.00000000e+00
      vertex 2.86295068e-03 -3.00433244e-03 8.20000000e-03
    endloop
  endfacet
  facet normal 0 0 0
    outer loop
      vertex 2.80451831e-03 -3.05895032e-03 0.00000000e+00
      vertex 2.86295068e-03 -3.00433244e-03 8.20000000e-03
      vertex 2.80451831e-03 -3.05895032e-03 8.20000000e-03
    endloop
  endfacet
  facet normal 0 0 0
    outer loop
      vertex 2.86295068e-03 -3.00433244e-03 0.00000000e+00
      vertex 2.92031959e-03 -2.94859857e-03 0.00000000e+00
      vertex 2.92031959e-03 -2.94859857e-03 8.20000000e-03
    endloop
  endfacet
  facet normal 0 0 0
    outer loop
      vertex 2.86295068e-03 -3.00433244e-03 0.00000000e+00
      vertex 2.92031959e-03 -2.94859857e-03 8.20000000e-03
      vertex 2.86295068e-03 -3.00433244e-03 8.20000000e-03
    endloop
  endfacet
  facet normal 0 0 0
    outer loop
      vertex 2.92031959e-03 -2.94859857e-03 0.00000000e+00
      vertex 2.97660371e-03 -2.89176941e-03 0.00000000e+00
      vertex 2.97660371e-03 -2.89176941e-03 8.20000000e-03
    endloop
  endfacet
  facet normal 0 0 0
    outer loop
      vertex 2.92031959e-03 -2.94859857e-03 0.00000000e+00
      vertex 2.97660371e-03 -2.89176941e-03 8.20000000e-03
      vertex 2.92031959e-03 -2.94859857e-03 8.20000000e-03
    endloop
  endfacet
  facet normal 0 0 0
    outer loop
      vertex 2.97660371e-03 -2.89176941e-03 0.00000000e+00
      vertex 3.03178215e-03 -2.83386608e-03 0.00000000e+00
      vertex 3.03178215e-03 -2.83386608e-03 8.20000000e-03
    endloop
  endfacet
  facet normal 0 0 0
    outer loop
      vertex 2.97660371e-03 -2.89176941e-03 0.00000000e+00
      vertex 3.03178215e-03 -2.83386608e-03 8.20000000e-03
      vertex 2.97660371e-03 -2.89176941e-03 8.20000000e-03
    endloop
  endfacet
  facet normal 0 0 0
    outer loop
      vertex 3.03178215e-03 -2.83386608e-03 0.00000000e+00
      vertex 3.08583441e-03 -2.77491009e-03 0.00000000e+00
      vertex 3.08583441e-03 -2.77491009e-03 8.20000000e-03
    endloop
  endfacet
  facet normal 0 0 0
    outer loop
      vertex 3.03178215e-03 -2.83386608e-03 0.00000000e+00
      vertex 3.08583441e-03 -2.77491009e-03 8.20000000e-03
      vertex 3.03178215e-03 -2.83386608e-03 8.20000000e-03
    endloop
  endfacet
  facet normal 0 0 0
    outer loop
      vertex 3.08583441e-03 -2.77491009e-03 0.00000000e+00
      vertex 3.13874040e-03 -2.71492333e-03 0.00000000e+00
      vertex 3.13874040e-03 -2.71492333e-03 8.20000000e-03
    endloop
  endfacet
  facet normal 0 0 0
    outer loop
      vertex 3.08583441e-03 -2.77491009e-03 0.00000000e+00
      vertex 3.13874040e-03 -2.71492333e-03 8.20000000e-03
      vertex 3.08583441e-03 -2.77491009e-03 8.20000000e-03
    endloop
  endfacet
  facet normal 0 0 0
    outer loop
      vertex 3.13874040e-03 -2.71492333e-03 0.00000000e+00
      vertex 3.19048049e-03 -2.65392808e-03 0.00000000e+00
      vertex 3.19048049e-03 -2.65392808e-03 8.20000000e-03
    endloop
  endfacet
  facet normal 0 0 0
    outer loop
      vertex 3.13874040e-03 -2.71492333e-03 0.00000000e+00
      vertex 3.19048049e-03 -2.65392808e-03 8.20000000e-03
      vertex 3.13874040e-03 -2.71492333e-03 8.20000000e-03
    endloop
  endfacet
  facet normal 0 0 0
    outer loop
      vertex 3.19048049e-03 -2.65392808e-03 0.00000000e+00
      vertex 3.24103543e-03 -2.59194701e-03 0.00000000e+00
      vertex 3.24103543e-03 -2.59194701e-03 8.20000000e-03
    endloop
  endfacet
  facet normal 0 0 0
    outer loop
      vertex 3.19048049e-03 -2.65392808e-03 0.00000000e+00
      vertex 3.24103543e-03 -2.59194701e-03 8.20000000e-03
      vertex 3.19048049e-03 -2.65392808e-03 8.20000000e-03
    endloop
  endfacet
  facet normal 0 0 0
    outer loop
      vertex 3.24103543e-03 -2.59194701e-03 0.00000000e+00
      vertex 3.29038647e-03 -2.52900314e-03 0.00000000e+00
      vertex 3.29038647e-03 -2.52900314e-03 8.20000000e-03
    endloop
  endfacet
  facet normal 0 0 0
    outer loop
      vertex 3.24103543e-03 -2.59194701e-03 0.00000000e+00
      vertex 3.29038647e-03 -2.52900314e-03 8.20000000e-03
      vertex 3.24103543e-03 -2.59194701e-03 8.20000000e-03
    endloop
  endfacet
  facet normal 0 0 0
    outer loop
      vertex 3.29038647e-03 -2.52900314e-03 0.00000000e+00
      vertex 3.33851526e-03 -2.46511985e-03 0.00000000e+00
      vertex 3.33851526e-03 -2.46511985e-03 8.20000000e-03
    endloop
  endfacet
  facet normal 0 0 0
    outer loop
      vertex 3.29038647e-03 -2.52900314e-03 0.00000000e+00
      vertex 3.33851526e-03 -2.46511985e-03 8.20000000e-03
      vertex 3.29038647e-03 -2.52900314e-03 8.20000000e-03
    endloop
  endfacet
  facet normal 0 0 0
    outer loop
      vertex 3.33851526e-03 -2.46511985e-03 0.00000000e+00
      vertex 3.38540393e-03 -2.40032086e-03 0.00000000e+00
      vertex 3.38540393e-03 -2.40032086e-03 8.20000000e-03
    endloop
  endfacet
  facet normal 0 0 0
    outer loop
      vertex 3.33851526e-03 -2.46511985e-03 0.00000000e+00
      vertex 3.38540393e-03 -2.40032086e-03 8.20000000e-03
      vertex 3.33851526e-03 -2.46511985e-03 8.20000000e-03
    endloop
  endfacet
  facet normal 0 0 0
    outer loop
      vertex 3.38540393e-03 -2.40032086e-03 0.00000000e+00
      vertex 3.43103506e-03 -2.33463026e-03 0.00000000e+00
      vertex 3.43103506e-03 -2.33463026e-03 8.20000000e-03
    endloop
  endfacet
  facet normal 0 0 0
    outer loop
      vertex 3.38540393e-03 -2.40032086e-03 0.00000000e+00
      vertex 3.43103506e-03 -2.33463026e-03 8.20000000e-03
      vertex 3.38540393e-03 -2.40032086e-03 8.20000000e-03
    endloop
  endfacet
  facet normal 0 0 0
    outer loop
      vertex 3.43103506e-03 -2.33463026e-03 0.00000000e+00
      vertex 3.47539170e-03 -2.26807243e-03 0.00000000e+00
      vertex 3.47539170e-03 -2.26807243e-03 8.20000000e-03
    endloop
  endfacet
  facet normal 0 0 0
    outer loop
      vertex 3.43103506e-03 -2.33463026e-03 0.00000000e+00
      vertex 3.47539170e-03 -2.26807243e-03 8.20000000e-03
      vertex 3.43103506e-03 -2.33463026e-03 8.20000000e-03
    endloop
  endfacet
  facet normal 0 0 0
    outer loop
      vertex 3.47539170e-03 -2.26807243e-03 0.00000000e+00
      vertex 3.51845737e-03 -2.20067211e-03 0.00000000e+00
      vertex 3.51845737e-03 -2.20067211e-03 8.20000000e-03
    endloop
  endfacet
  facet normal 0 0 0
    outer loop
      vertex 3.47539170e-03 -2.26807243e-03 0.00000000e+00
      vertex 3.51845737e-03 -2.20067211e-03 8.20000000e-03
      vertex 3.47539170e-03 -2.26807243e-03 8.20000000e-03
    endloop
  endfacet
  facet normal 0 0 0
    outer loop
      vertex 3.51845737e-03 -2.20067211e-03 0.00000000e+00
      vertex 3.56021608e-03 -2.13245433e-03 0.00000000e+00
      vertex 3.56021608e-03 -2.13245433e-03 8.20000000e-03
    endloop
  endfacet
  facet normal 0 0 0
    outer loop
      vertex 3.51845737e-03 -2.20067211e-03 0.00000000e+00
      vertex 3.56021608e-03 -2.13245433e-03 8.20000000e-03
      vertex 3.51845737e-03 -2.20067211e-03 8.20000000e-03
    endloop
  endfacet
  facet normal 0 0 0
    outer loop
      vertex 3.56021608e-03 -2.13245433e-03 0.00000000e+00
      vertex 3.60065232e-03 -2.06344443e-03 0.00000000e+00
      vertex 3.60065232e-03 -2.06344443e-03 8.20000000e-03
    endloop
  endfacet
  facet normal 0 0 0
    outer loop
      vertex 3.56021608e-03 -2.13245433e-03 0.00000000e+00
      vertex 3.60065232e-03 -2.06344443e-03 8.20000000e-03
      vertex 3.56021608e-03 -2.13245433e-03 8.20000000e-03
    endloop
  endfacet
  facet normal 0 0 0
    outer loop
      vertex 3.60065232e-03 -2.06344443e-03 0.00000000e+00
      vertex 3.63975106e-03 -1.99366804e-03 0.00000000e+00
      vertex 3.63975106e-03 -1.99366804e-03 8.20000000e-03
    endloop
  endfacet
  facet normal 0 0 0
    outer loop
      vertex 3.60065232e-03 -2.06344443e-03 0.00000000e+00
      vertex 3.63975106e-03 -1.99366804e-03 8.20000000e-03
      vertex 3.60065232e-03 -2.06344443e-03 8.20000000e-03
    endloop
  endfacet
  facet normal 0 0 0
    outer loop
      vertex 3.63975106e-03 -1.99366804e-03 0.00000000e+00
      vertex 3.67749778e-03 -1.92315109e-03 0.00000000e+00
      vertex 3.67749778e-03 -1.92315109e-03 8.20000000e-03
    endloop
  endfacet
  facet normal 0 0 0
    outer loop
      vertex 3.63975106e-03 -1.99366804e-03 0.00000000e+00
      vertex 3.67749778e-03 -1.92315109e-03 8.20000000e-03
      vertex 3.63975106e-03 -1.99366804e-03 8.20000000e-03
    endloop
  endfacet
  facet normal 0 0 0
    outer loop
      vertex 3.67749778e-03 -1.92315109e-03 0.00000000e+00
      vertex 3.71387846e-03 -1.85191976e-03 0.00000000e+00
      vertex 3.71387846e-03 -1.85191976e-03 8.20000000e-03
    endloop
  endfacet
  facet normal 0 0 0
    outer loop
      vertex 3.67749778e-03 -1.92315109e-03 0.00000000e+00
      vertex 3.71387846e-03 -1.85191976e-03 8.20000000e-03
      vertex 3.67749778e-03 -1.92315109e-03 8.20000000e-03
    endloop
  endfacet
  facet normal 0 0 0
    outer loop
      vertex 3.71387846e-03 -1.85191976e-03 0.00000000e+00
      vertex 3.74887959e-03 -1.78000052e-03 0.00000000e+00
      vertex 3.74887959e-03 -1.78000052e-03 8.20000000e-03
    endloop
  endfacet
  facet normal 0 0 0
    outer loop
      vertex 3.71387846e-03 -1.85191976e-03 0.00000000e+00
      vertex 3.74887959e-03 -1.78000052e-03 8.20000000e-03
      vertex 3.71387846e-03 -1.85191976e-03 8.20000000e-03
    endloop
  endfacet
  facet normal 0 0 0
    outer loop
      vertex 3.74887959e-03 -1.78000052e-03 0.00000000e+00
      vertex 3.78248816e-03 -1.70742009e-03 0.00000000e+00
      vertex 3.78248816e-03 -1.70742009e-03 8.20000000e-03
    endloop
  endfacet
  facet normal 0 0 0
    outer loop
      vertex 3.74887959e-03 -1.78000052e-03 0.00000000e+00
      vertex 3.78248816e-03 -1.70742009e-03 8.20000000e-03
      vertex 3.74887959e-03 -1.78000052e-03 8.20000000e-03
    endloop
  endfacet
  facet normal 0 0 0
    outer loop
      vertex 3.78248816e-03 -1.70742009e-03 0.00000000e+00
      vertex 3.81469169e-03 -1.63420541e-03 0.00000000e+00
      vertex 3.81469169e-03 -1.63420541e-03 8.20000000e-03
    endloop
  endfacet
  facet normal 0 0 0
    outer loop
      vertex 3.78248816e-03 -1.70742009e-03 0.00000000e+00
      vertex 3.81469169e-03 -1.63420541e-03 8.20000000e-03
      vertex 3.78248816e-03 -1.70742009e-03 8.20000000e-03
    endloop
  endfacet
  facet normal 0 0 0
    outer loop
      vertex 3.81469169e-03 -1.63420541e-03 0.00000000e+00
      vertex 3.84547822e-03 -1.56038370e-03 0.00000000e+00
      vertex 3.84547822e-03 -1.56038370e-03 8.20000000e-03
    endloop
  endfacet
  facet normal 0 0 0
    outer loop
      vertex 3.81469169e-03 -1.63420541e-03 0.00000000e+00
      vertex 3.84547822e-03 -1.56038370e-03 8.20000000e-03
      vertex 3.81469169e-03 -1.63420541e-03 8.20000000e-03
    endloop
  endfacet
  facet normal 0 0 0
    outer loop
      vertex 3.84547822e-03 -1.56038370e-03 0.00000000e+00
      vertex 3.87483631e-03 -1.48598237e-03 0.00000000e+00
      vertex 3.87483631e-03 -1.48598237e-03 8.20000000e-03
    endloop
  endfacet
  facet normal 0 0 0
    outer loop
      vertex 3.84547822e-03 -1.56038370e-03 0.00000000e+00
      vertex 3.87483631e-03 -1.48598237e-03 8.20000000e-03
      vertex 3.84547822e-03 -1.56038370e-03 8.20000000e-03
    endloop
  endfacet
  facet normal 0 0 0
    outer loop
      vertex 3.87483631e-03 -1.48598237e-03 0.00000000e+00
      vertex 3.90275505e-03 -1.41102905e-03 0.00000000e+00
      vertex 3.90275505e-03 -1.41102905e-03 8.20000000e-03
    endloop
  endfacet
  facet normal 0 0 0
    outer loop
      vertex 3.87483631e-03 -1.48598237e-03 0.00000000e+00
      vertex 3.90275505e-03 -1.41102905e-03 8.20000000e-03
      vertex 3.87483631e-03 -1.48598237e-03 8.20000000e-03
    endloop
  endfacet
  facet normal 0 0 0
    outer loop
      vertex 3.90275505e-03 -1.41102905e-03 0.00000000e+00
      vertex 3.92922409e-03 -1.33555160e-03 0.00000000e+00
      vertex 3.92922409e-03 -1.33555160e-03 8.20000000e-03
    endloop
  endfacet
  facet normal 0 0 0
    outer loop
      vertex 3.90275505e-03 -1.41102905e-03 0.00000000e+00
      vertex 3.92922409e-03 -1.33555160e-03 8.20000000e-03
      vertex 3.90275505e-03 -1.41102905e-03 8.20000000e-03
    endloop
  endfacet
  facet normal 0 0 0
    outer loop
      vertex 3.92922409e-03 -1.33555160e-03 0.00000000e+00
      vertex 3.95423357e-03 -1.25957804e-03 0.00000000e+00
      vertex 3.95423357e-03 -1.25957804e-03 8.20000000e-03
    endloop
  endfacet
  facet normal 0 0 0
    outer loop
      vertex 3.92922409e-03 -1.33555160e-03 0.00000000e+00
      vertex 3.95423357e-03 -1.25957804e-03 8.20000000e-03
      vertex 3.92922409e-03 -1.33555160e-03 8.20000000e-03
    endloop
  endfacet
  facet normal 0 0 0
    outer loop
      vertex 3.95423357e-03 -1.25957804e-03 0.00000000e+00
      vertex 3.97777422e-03 -1.18313661e-03 0.00000000e+00
      vertex 3.97777422e-03 -1.18313661e-03 8.20000000e-03
    endloop
  endfacet
  facet normal 0 0 0
    outer loop
      vertex 3.95423357e-03 -1.25957804e-03 0.00000000e+00
      vertex 3.97777422e-03 -1.18313661e-03 8.20000000e-03
      vertex 3.95423357e-03 -1.25957804e-03 8.20000000e-03
    endloop
  endfacet
  facet normal 0 0 0
    outer loop
      vertex 3.97777422e-03 -1.18313661e-03 0.00000000e+00
      vertex 3.99983729e-03 -1.10625568e-03 0.00000000e+00
      vertex 3.99983729e-03 -1.10625568e-03 8.20000000e-03
    endloop
  endfacet
  facet normal 0 0 0
    outer loop
      vertex 3.97777422e-03 -1.18313661e-03 0.00000000e+00
      vertex 3.99983729e-03 -1.10625568e-03 8.20000000e-03
      vertex 3.97777422e-03 -1.18313661e-03 8.20000000e-03
    endloop
  endfacet
  facet normal 0 0 0
    outer loop
      vertex 3.99983729e-03 -1.10625568e-03 0.00000000e+00
      vertex 4.02041459e-03 -1.02896383e-03 0.00000000e+00
      vertex 4.02041459e-03 -1.02896383e-03 8.20000000e-03
    endloop
  endfacet
  facet normal 0 0 0
    outer loop
      vertex 3.99983729e-03 -1.10625568e-03 0.00000000e+00
      vertex 4.02041459e-03 -1.02896383e-03 8.20000000e-03
      vertex 3.99983729e-03 -1.10625568e-03 8.20000000e-03
    endloop
  endfacet
  facet normal 0 0 0
    outer loop
      vertex 4.02041459e-03 -1.02896383e-03 0.00000000e+00
      vertex 4.03949846e-03 -9.51289755e-04 0.00000000e+00
      vertex 4.03949846e-03 -9.51289755e-04 8.20000000e-03
    endloop
  endfacet
  facet normal 0 0 0
    outer loop
      vertex 4.02041459e-03 -1.02896383e-03 0.00000000e+00
      vertex 4.03949846e-03 -9.51289755e-04 8.20000000e-03
      vertex 4.02041459e-03 -1.02896383e-03 8.20000000e-03
    endloop
  endfacet
  facet normal 0 0 0
    outer loop
      vertex 4.03949846e-03 -9.51289755e-04 0.00000000e+00
      vertex 4.05708182e-03 -8.73262318e-04 0.00000000e+00
      vertex 4.05708182e-03 -8.73262318e-04 8.20000000e-03
    endloop
  endfacet
  facet normal 0 0 0
    outer loop
      vertex 4.03949846e-03 -9.51289755e-04 0.00000000e+00
      vertex 4.05708182e-03 -8.73262318e-04 8.20000000e-03
      vertex 4.03949846e-03 -9.51289755e-04 8.20000000e-03
    endloop
  endfacet
  facet normal 0 0 0
    outer loop
      vertex 4.05708182e-03 -8.73262318e-04 0.00000000e+00
      vertex 4.07315815e-03 -7.94910499e-04 0.00000000e+00
      vertex 4.07315815e-03 -7.94910499e-04 8.20000000e-03
    endloop
  endfacet
  facet normal 0 0 0
    outer loop
      vertex 4.05708182e-03 -8.73262318e-04 0.00000000e+00
      vertex 4.07315815e-03 -7.94910499e-04 8.20000000e-03
      vertex 4.05708182e-03 -8.73262318e-04 8.20000000e-03
    endloop
  endfacet
  facet normal 0 0 0
    outer loop
      vertex 4.07315815e-03 -7.94910499e-04 0.00000000e+00
      vertex 4.08772146e-03 -7.16263404e-04 0.00000000e+00
      vertex 4.08772146e-03 -7.16263404e-04 8.20000000e-03
    endloop
  endfacet
  facet normal 0 0 0
    outer loop
      vertex 4.07315815e-03 -7.94910499e-04 0.00000000e+00
      vertex 4.08772146e-03 -7.16263404e-04 8.20000000e-03
      vertex 4.07315815e-03 -7.94910499e-04 8.20000000e-03
    endloop
  endfacet
  facet normal 0 0 0
    outer loop
      vertex 4.08772146e-03 -7.16263404e-04 0.00000000e+00
      vertex 4.10076635e-03 -6.37350246e-04 0.00000000e+00
      vertex 4.10076635e-03 -6.37350246e-04 8.20000000e-03
    endloop
  endfacet
  facet normal 0 0 0
    outer loop
      vertex 4.08772146e-03 -7.16263404e-04 0.00000000e+00
      vertex 4.10076635e-03 -6.37350246e-04 8.20000000e-03
      vertex 4.08772146e-03 -7.16263404e-04 8.20000000e-03
    endloop
  endfacet
  facet normal 0 0 0
    outer loop
      vertex 4.10076635e-03 -6.37350246e-04 0.00000000e+00
      vertex 4.11228797e-03 -5.58200338e-04 0.00000000e+00
      vertex 4.11228797e-03 -5.58200338e-04 8.20000000e-03
    endloop
  endfacet
  facet normal 0 0 0
    outer loop
      vertex 4.10076635e-03 -6.37350246e-04 0.00000000e+00
      vertex 4.11228797e-03 -5.58200338e-04 8.20000000e-03
      vertex 4.10076635e-03 -6.37350246e-04 8.20000000e-03
    endloop
  endfacet
  facet normal 0 0 0
    outer loop
      vertex 4.11228797e-03 -5.58200338e-04 0.00000000e+00
      vertex 4.12228205e-03 -4.78843082e-04 0.00000000e+00
      vertex 4.12228205e-03 -4.78843082e-04 8.20000000e-03
    endloop
  endfacet
  facet normal 0 0 0
    outer loop
      vertex 4.11228797e-03 -5.58200338e-04 0.00000000e+00
      vertex 4.12228205e-03 -4.78843082e-04 8.20000000e-03
      vertex 4.11228797e-03 -5.58200338e-04 8.20000000e-03
    endloop
  endfacet
  facet normal 0 0 0
    outer loop
      vertex 4.12228205e-03 -4.78843082e-04 0.00000000e+00
      vertex 4.13074487e-03 -3.99307955e-04 0.00000000e+00
      vertex 4.13074487e-03 -3.99307955e-04 8.20000000e-03
    endloop
  endfacet
  facet normal 0 0 0
    outer loop
      vertex 4.12228205e-03 -4.78843082e-04 0.00000000e+00
      vertex 4.13074487e-03 -3.99307955e-04 8.20000000e-03
      vertex 4.12228205e-03 -4.78843082e-04 8.20000000e-03
    endloop
  endfacet
  facet normal 0 0 0
    outer loop
      vertex 4.13074487e-03 -3.99307955e-04 0.00000000e+00
      vertex 4.13767328e-03 -3.19624502e-04 0.00000000e+00
      vertex 4.13767328e-03 -3.19624502e-04 8.20000000e-03
    endloop
  endfacet
  facet normal 0 0 0
    outer loop
      vertex 4.13074487e-03 -3.99307955e-04 0.00000000e+00
      vertex 4.13767328e-03 -3.19624502e-04 8.20000000e-03
      vertex 4.13074487e-03 -3.99307955e-04 8.20000000e-03
    endloop
  endfacet
  facet normal 0 0 0
    outer loop
      vertex 4.13767328e-03 -3.19624502e-04 0.00000000e+00
      vertex 4.14306472e-03 -2.39822321e-04 0.00000000e+00
      vertex 4.14306472e-03 -2.39822321e-04 8.20000000e-03
    endloop
  endfacet
  facet normal 0 0 0
    outer loop
      vertex 4.13767328e-03 -3.19624502e-04 0.00000000e+00
      vertex 4.14306472e-03 -2.39822321e-04 8.20000000e-03
      vertex 4.13767328e-03 -3.19624502e-04 8.20000000e-03
    endloop
  endfacet
  facet normal 0 0 0
    outer loop
      vertex 4.14306472e-03 -2.39822321e-04 0.00000000e+00
      vertex 4.14691718e-03 -1.59931056e-04 0.00000000e+00
      vertex 4.14691718e-03 -1.59931056e-04 8.20000000e-03
    endloop
  endfacet
  facet normal 0 0 0
    outer loop
      vertex 4.14306472e-03 -2.39822321e-04 0.00000000e+00
      vertex 4.14691718e-03 -1.59931056e-04 8.20000000e-03
      vertex 4.14306472e-03 -2.39822321e-04 8.20000000e-03
    endloop
  endfacet
  facet normal 0 0 0
    outer loop
      vertex 4.14691718e-03 -1.59931056e-04 0.00000000e+00
      vertex 4.14922922e-03 -7.99803825e-05 0.00000000e+00
      vertex 4.14922922e-03 -7.99803825e-05 8.20000000e-03
    endloop
  endfacet
  facet normal 0 0 0
    outer loop
      vertex 4.14691718e-03 -1.59931056e-04 0.00000000e+00
      vertex 4.14922922e-03 -7.99803825e-05 8.20000000e-03
      vertex 4.14691718e-03 -1.59931056e-04 8.20000000e-03
    endloop
  endfacet
  facet normal 0 0 0
    outer loop
      vertex 4.14922922e-03 -7.99803825e-05 0.00000000e+00
      vertex 4.15000000e-03 0.00000000e+00 0.00000000e+00
      vertex 4.15000000e-03 0.00000000e+00 8.20000000e-03
    endloop
  endfacet
  facet normal 0 0 0
    outer loop
      vertex 4.14922922e-03 -7.99803825e-05 0.00000000e+00
      vertex 4.15000000e-03 0.00000000e+00 8.20000000e-03
      vertex 4.14922922e-03 -7.99803825e-05 8.20000000e-03
    endloop
  endfacet
  facet normal 0 0 0
    outer loop
      vertex 0.00000000e+00 0.00000000e+00 0.00000000e+00
      vertex 4.14922922e-03 7.99803825e-05 0.00000000e+00
      vertex 4.15000000e-03 0.00000000e+00 0.00000000e+00
    endloop
  endfacet
  facet normal 0 0 0
    outer loop
      vertex 0.00000000e+00 0.00000000e+00 0.00000000e+00
      vertex 4.14691718e-03 1.59931056e-04 0.00000000e+00
      vertex 4.14922922e-03 7.99803825e-05 0.00000000e+00
    endloop
  endfacet
  facet normal 0 0 0
    outer loop
      vertex 0.00000000e+00 0.00000000e+00 0.00000000e+00
      vertex 4.14306472e-03 2.39822321e-04 0.00000000e+00
      vertex 4.14691718e-03 1.59931056e-04 0.00000000e+00
    endloop
  endfacet
  facet normal 0 0 0
    outer loop
      vertex 0.00000000e+00 0.00000000e+00 0.00000000e+00
      vertex 4.13767328e-03 3.19624502e-04 0.00000000e+00
      vertex 4.14306472e-03 2.39822321e-04 0.00000000e+00
    endloop
  endfacet
  facet normal 0 0 0
    outer loop
      vertex 0.00000000e+00 0.00000000e+00 0.00000000e+00
      vertex 4.13074487e-03 3.99307955e-04 0.00000000e+00
      vertex 4.13767328e-03 3.19624502e-04 0.00000000e+00
    endloop
  endfacet
  facet normal 0 0 0
    outer loop
      vertex 0.00000000e+00 0.00000000e+00 0.00000000e+00
      vertex 4.12228205e-03 4.78843082e-04 0.00000000e+00
      vertex 4.13074487e-03 3.99307955e-04 0.00000000e+00
    endloop
  endfacet
  facet normal 0 0 0
    outer loop
      vertex 0.00000000e+00 0.00000000e+00 0.00000000e+00
      vertex 4.11228797e-03 5.58200338e-04 0.00000000e+00
      vertex 4.12228205e-03 4.78843082e-04 0.00000000e+00
    endloop
  endfacet
  facet normal 0 0 0
    outer loop
      vertex 0.00000000e+00 0.00000000e+00 0.00000000e+00
      vertex 4.10076635e-03 6.37350246e-04 0.00000000e+00
      vertex 4.11228797e-03 5.58200338e-04 0.00000000e+00
    endloop
  endfacet
  facet normal 0 0 0
    outer loop
      vertex 0.00000000e+00 0.00000000e+00 0.00000000e+00
      vertex 4.08772146e-03 7.16263404e-04 0.00000000e+00
      vertex 4.10076635e-03 6.37350246e-04 0.00000000e+00
    endloop
  endfacet
  facet normal 0 0 0
    outer loop
      vertex 0.00000000e+00 0.00000000e+00 0.00000000e+00
      vertex 4.07315815e-03 7.94910499e-04 0.00000000e+00
      vertex 4.08772146e-03 7.16263404e-04 0.00000000e+00
    endloop
  endfacet
  facet normal 0 0 0
    outer loop
      vertex 0.00000000e+00 0.00000000e+00 0.00000000e+00
      vertex 4.05708182e-03 8.73262318e-04 0.00000000e+00
      vertex 4.07315815e-03 7.94910499e-04 0.00000000e+00
    endloop
  endfacet
  facet normal 0 0 0
    outer loop
      vertex 0.00000000e+00 0.00000000e+00 0.00000000e+00
      vertex 4.03949846e-03 9.51289755e-04 0.00000000e+00
      vertex 4.05708182e-03 8.73262318e-04 0.00000000e+00
    endloop
  endfacet
  facet normal 0 0 0
    outer loop
      vertex 0.00000000e+00 0.00000000e+00 0.00000000e+00
      vertex 4.02041459e-03 1.02896383e-03 0.00000000e+00
      vertex 4.03949846e-03 9.51289755e-04 0.00000000e+00
    endloop
  endfacet
  facet normal 0 0 0
    outer loop
      vertex 0.00000000e+00 0.00000000e+00 0.00000000e+00
      vertex 3.99983729e-03 1.10625568e-03 0.00000000e+00
      vertex 4.02041459e-03 1.02896383e-03 0.00000000e+00
    endloop
  endfacet
  facet normal 0 0 0
    outer loop
      vertex 0.00000000e+00 0.00000000e+00 0.00000000e+00
      vertex 3.97777422e-03 1.18313661e-03 0.00000000e+00
      vertex 3.99983729e-03 1.10625568e-03 0.00000000e+00
    endloop
  endfacet
  facet normal 0 0 0
    outer loop
      vertex 0.00000000e+00 0.00000000e+00 0.00000000e+00
      vertex 3.95423357e-03 1.25957804e-03 0.00000000e+00
      vertex 3.97777422e-03 1.18313661e-03 0.00000000e+00
    endloop
  endfacet
  facet normal 0 0 0
    outer loop
      vertex 0.00000000e+00 0.00000000e+00 0.00000000e+00
      vertex 3.92922409e-03 1.33555160e-03 0.00000000e+00
      vertex 3.95423357e-03 1.25957804e-03 0.00000000e+00
    endloop
  endfacet
  facet normal 0 0 0
    outer loop
      vertex 0.00000000e+00 0.00000000e+00 0.00000000e+00
      vertex 3.90275505e-03 1.41102905e-03 0.00000000e+00
      vertex 3.92922409e-03 1.33555160e-03 0.00000000e+00
    endloop
  endfacet
  facet normal 0 0 0
    outer loop
      vertex 0.00000000e+00 0.00000000e+00 0.00000000e+00
      vertex 3.87483631e-03 1.48598237e-03 0.00000000e+00
      vertex 3.90275505e-03 1.41102905e-03 0.00000000e+00
    endloop
  endfacet
  facet normal 0 0 0
    outer loop
      vertex 0.00000000e+00 0.00000000e+00 0.00000000e+00
      vertex 3.84547822e-03 1.56038370e-03 0.00000000e+00
      vertex 3.87483631e-03 1.48598237e-03 0.00000000e+00
    endloop
  endfacet
  facet normal 0 0 0
    outer loop
      vertex 0.00000000e+00 0.00000000e+00 0.00000000e+00
      vertex 3.81469169e-03 1.63420541e-03 0.00000000e+00
      vertex 3.84547822e-03 1.56038370e-03 0.00000000e+00
    endloop
  endfacet
  facet normal 0 0 0
    outer loop
      vertex 0.00000000e+00 0.00000000e+00 0.00000000e+00
      vertex 3.78248816e-03 1.70742009e-03 0.00000000e+00
      vertex 3.81469169e-03 1.63420541e-03 0.00000000e+00
    endloop
  endfacet
  facet normal 0 0 0
    outer loop
      vertex 0.00000000e+00 0.00000000e+00 0.00000000e+00
      vertex 3.74887959e-03 1.78000052e-03 0.00000000e+00
      vertex 3.78248816e-03 1.70742009e-03 0.00000000e+00
    endloop
  endfacet
  facet normal 0 0 0
    outer loop
      vertex 0.00000000e+00 0.00000000e+00 0.00000000e+00
      vertex 3.71387846e-03 1.85191976e-03 0.00000000e+00
      vertex 3.74887959e-03 1.78000052e-03 0.00000000e+00
    endloop
  endfacet
  facet normal 0 0 0
    outer loop
      vertex 0.00000000e+00 0.00000000e+00 0.00000000e+00
      vertex 3.67749778e-03 1.92315109e-03 0.00000000e+00
      vertex 3.71387846e-03 1.85191976e-03 0.00000000e+00
    endloop
  endfacet
  facet normal 0 0 0
    outer loop
      vertex 0.00000000e+00 0.00000000e+00 0.00000000e+00
      vertex 3.63975106e-03 1.99366804e-03 0.00000000e+00
      vertex 3.67749778e-03 1.92315109e-03 0.00000000e+00
    endloop
  endfacet
  facet normal 0 0 0
    outer loop
      vertex 0.00000000e+00 0.00000000e+00 0.00000000e+00
      vertex 3.60065232e-03 2.06344443e-03 0.00000000e+00
      vertex 3.63975106e-03 1.99366804e-03 0.00000000e+00
    endloop
  endfacet
  facet normal 0 0 0
    outer loop
      vertex 0.00000000e+00 0.00000000e+00 0.00000000e+00
      vertex 3.56021608e-03 2.13245433e-03 0.00000000e+00
      vertex 3.60065232e-03 2.06344443e-03 0.00000000e+00
    endloop
  endfacet
  facet normal 0 0 0
    outer loop
      vertex 0.00000000e+00 0.00000000e+00 0.00000000e+00
      vertex 3.51845737e-03 2.20067211e-03 0.00000000e+00
      vertex 3.56021608e-03 2.13245433e-03 0.00000000e+00
    endloop
  endfacet
  facet normal 0 0 0
    outer loop
      vertex 0.00000000e+00 0.00000000e+00 0.00000000e+00
      vertex 3.47539170e-03 2.26807243e-03 0.00000000e+00
      vertex 3.51845737e-03 2.20067211e-03 0.00000000e+00
    endloop
  endfacet
  facet normal 0 0 0
    outer loop
      vertex 0.00000000e+00 0.00000000e+00 0.00000000e+00
      vertex 3.43103506e-03 2.33463026e-03 0.00000000e+00
      vertex 3.47539170e-03 2.26807243e-03 0.00000000e+00
    endloop
  endfacet
  facet normal 0 0 0
    outer loop
      vertex 0.00000000e+00 0.00000000e+00 0.00000000e+00
      vertex 3.38540393e-03 2.40032086e-03 0.00000000e+00
      vertex 3.43103506e-03 2.33463026e-03 0.00000000e+00
    endloop
  endfacet
  facet normal 0 0 0
    outer loop
      vertex 0.00000000e+00 0.00000000e+00 0.00000000e+00
      vertex 3.33851526e-03 2.46511985e-03 0.00000000e+00
      vertex 3.38540393e-03 2.40032086e-03 0.00000000e+00
    endloop
  endfacet
  facet normal 0 0 0
    outer loop
      vertex 0.00000000e+00 0.00000000e+00 0.00000000e+00
      vertex 3.29038647e-03 2.52900314e-03 0.00000000e+00
      vertex 3.33851526e-03 2.46511985e-03 0.00000000e+00
    endloop
  endfacet
  facet normal 0 0 0
    outer loop
      vertex 0.00000000e+00 0.00000000e+00 0.00000000e+00
      vertex 3.24103543e-03 2.59194701e-03 0.00000000e+00
      vertex 3.29038647e-03 2.52900314e-03 0.00000000e+00
    endloop
  endfacet
  facet normal 0 0 0
    outer loop
      vertex 0.00000000e+00 0.00000000e+00 0.00000000e+00
      vertex 3.19048049e-03 2.65392808e-03 0.00000000e+00
      vertex 3.24103543e-03 2.59194701e-03 0.00000000e+00
    endloop
  endfacet
  facet normal 0 0 0
    outer loop
      vertex 0.00000000e+00 0.00000000e+00 0.00000000e+00
      vertex 3.13874040e-03 2.71492333e-03 0.00000000e+00
      vertex 3.19048049e-03 2.65392808e-03 0.00000000e+00
    endloop
  endfacet
  facet normal 0 0 0
    outer loop
      vertex 0.00000000e+00 0.00000000e+00 0.00000000e+00
      vertex 3.08583441e-03 2.77491009e-03 0.00000000e+00
      vertex 3.13874040e-03 2.71492333e-03 0.00000000e+00
    endloop
  endfacet
  facet normal 0 0 0
    outer loop
      vertex 0.00000000e+00 0.00000000e+00 0.00000000e+00
      vertex 3.03178215e-03 2.83386608e-03 0.00000000e+00
      vertex 3.08583441e-03 2.77491009e-03 0.00000000e+00
    endloop
  endfacet
  facet normal 0 0 0
    outer loop
      vertex 0.00000000e+00 0.00000000e+00 0.00000000e+00
      vertex 2.97660371e-03 2.89176941e-03 0.00000000e+00
      vertex 3.03178215e-03 2.83386608e-03 0.00000000e+00
    endloop
  endfacet
  facet normal 0 0 0
    outer loop
      vertex 0.00000000e+00 0.00000000e+00 0.00000000e+00
      vertex 2.92031959e-03 2.94859857e-03 0.00000000e+00
      vertex 2.97660371e-03 2.89176941e-03 0.00000000e+00
    endloop
  endfacet
  facet normal 0 0 0
    outer loop
      vertex 0.00000000e+00 0.00000000e+00 0.00000000e+00
      vertex 2.86295068e-03 3.00433244e-03 0.00000000e+00
      vertex 2.92031959e-03 2.94859857e-03 0.00000000e+00
    endloop
  endfacet
  facet normal 0 0 0
    outer loop
      vertex 0.00000000e+00 0.00000000e+00 0.00000000e+00
      vertex 2.80451831e-03 3.05895032e-03 0.00000000e+00
      vertex 2.86295068e-03 3.00433244e-03 0.00000000e+00
    endloop
  endfacet
  facet normal 0 0 0
    outer loop
      vertex 0.00000000e+00 0.00000000e+00 0.00000000e+00
      vertex 2.74504417e-03 3.11243193e-03 0.00000000e+00
      vertex 2.80451831e-03 3.05895032e-03 0.00000000e+00
    endloop
  endfacet
  facet normal 0 0 0
    outer loop
      vertex 0.00000000e+00 0.00000000e+00 0.00000000e+00
      vertex 2.68455036e-03 3.16475740e-03 0.00000000e+00
      vertex 2.74504417e-03 3.11243193e-03 0.00000000e+00
    endloop
  endfacet
  facet normal 0 0 0
    outer loop
      vertex 0.00000000e+00 0.00000000e+00 0.00000000e+00
      vertex 2.62305935e-03 3.21590729e-03 0.00000000e+00
      vertex 2.68455036e-03 3.16475740e-03 0.00000000e+00
    endloop
  endfacet
  facet normal 0 0 0
    outer loop
      vertex 0.00000000e+00 0.00000000e+00 0.00000000e+00
      vertex 2.56059398e-03 3.26586260e-03 0.00000000e+00
      vertex 2.62305935e-03 3.21590729e-03 0.00000000e+00
    endloop
  endfacet
  facet normal 0 0 0
    outer loop
      vertex 0.00000000e+00 0.00000000e+00 0.00000000e+00
      vertex 2.49717745e-03 3.31460477e-03 0.00000000e+00
      vertex 2.56059398e-03 3.26586260e-03 0.00000000e+00
    endloop
  endfacet
  facet normal 0 0 0
    outer loop
      vertex 0.00000000e+00 0.00000000e+00 0.00000000e+00
      vertex 2.43283332e-03 3.36211571e-03 0.00000000e+00
      vertex 2.49717745e-03 3.31460477e-03 0.00000000e+00
    endloop
  endfacet
  facet normal 0 0 0
    outer loop
      vertex 0.00000000e+00 0.00000000e+00 0.00000000e+00
      vertex 2.36758550e-03 3.40837775e-03 0.00000000e+00
      vertex 2.43283332e-03 3.36211571e-03 0.00000000e+00
    endloop
  endfacet
  facet normal 0 0 0
    outer loop
      vertex 0.00000000e+00 0.00000000e+00 0.00000000e+00
      vertex 2.30145821e-03 3.45337373e-03 0.00000000e+00
      vertex 2.36758550e-03 3.40837775e-03 0.00000000e+00
    endloop
  endfacet
  facet normal 0 0 0
    outer loop
      vertex 0.00000000e+00 0.00000000e+00 0.00000000e+00
      vertex 2.23447603e-03 3.49708692e-03 0.00000000e+00
      vertex 2.30145821e-03 3.45337373e-03 0.00000000e+00
    endloop
  endfacet
  facet normal 0 0 0
    outer loop
      vertex 0.00000000e+00 0.00000000e+00 0.00000000e+00
      vertex 2.16666382e-03 3.53950108e-03 0.00000000e+00
      vertex 2.23447603e-03 3.49708692e-03 0.00000000e+00
    endloop
  endfacet
  facet normal 0 0 0
    outer loop
      vertex 0.00000000e+00 0.00000000e+00 0.00000000e+00
      vertex 2.09804680e-03 3.58060046e-03 0.00000000e+00
      vertex 2.16666382e-03 3.53950108e-03 0.00000000e+00
    endloop
  endfacet
  facet normal 0 0 0
    outer loop
      vertex 0.00000000e+00 0.00000000e+00 0.00000000e+00
      vertex 2.02865043e-03 3.62036979e-03 0.00000000e+00
      vertex 2.09804680e-03 3.58060046e-03 0.00000000e+00
    endloop
  endfacet
  facet normal 0 0 0
    outer loop
      vertex 0.00000000e+00 0.00000000e+00 0.00000000e+00
      vertex 1.95850050e-03 3.65879431e-03 0.00000000e+00
      vertex 2.02865043e-03 3.62036979e-03 0.00000000e+00
    endloop
  endfacet
  facet normal 0 0 0
    outer loop
      vertex 0.00000000e+00 0.00000000e+00 0.00000000e+00
      vertex 1.88762307e-03 3.69585973e-03 0.00000000e+00
      vertex 1.95850050e-03 3.65879431e-03 0.00000000e+00
    endloop
  endfacet
  facet normal 0 0 0
    outer loop
      vertex 0.00000000e+00 0.00000000e+00 0.00000000e+00
      vertex 1.81604447e-03 3.73155229e-03 0.00000000e+00
      vertex 1.88762307e-03 3.69585973e-03 0.00000000e+00
    endloop
  endfacet
  facet normal 0 0 0
    outer loop
      vertex 0.00000000e+00 0.00000000e+00 0.00000000e+00
      vertex 1.74379127e-03 3.76585873e-03 0.00000000e+00
      vertex 1.81604447e-03 3.73155229e-03 0.00000000e+00
    endloop
  endfacet
  facet normal 0 0 0
    outer loop
      vertex 0.00000000e+00 0.00000000e+00 0.00000000e+00
      vertex 1.67089033e-03 3.79876631e-03 0.00000000e+00
      vertex 1.74379127e-03 3.76585873e-03 0.00000000e+00
    endloop
  endfacet
  facet normal 0 0 0
    outer loop
      vertex 0.00000000e+00 0.00000000e+00 0.00000000e+00
      vertex 1.59736873e-03 3.83026280e-03 0.00000000e+00
      vertex 1.67089033e-03 3.79876631e-03 0.00000000e+00
    endloop
  endfacet
  facet normal 0 0 0
    outer loop
      vertex 0.00000000e+00 0.00000000e+00 0.00000000e+00
      vertex 1.52325376e-03 3.86033651e-03 0.00000000e+00
      vertex 1.59736873e-03 3.83026280e-03 0.00000000e+00
    endloop
  endfacet
  facet normal 0 0 0
    outer loop
      vertex 0.00000000e+00 0.00000000e+00 0.00000000e+00
      vertex 1.44857297e-03 3.88897626e-03 0.00000000e+00
      vertex 1.52325376e-03 3.86033651e-03 0.00000000e+00
    endloop
  endfacet
  facet normal 0 0 0
    outer loop
      vertex 0.00000000e+00 0.00000000e+00 0.00000000e+00
      vertex 1.37335410e-03 3.91617141e-03 0.00000000e+00
      vertex 1.44857297e-03 3.88897626e-03 0.00000000e+00
    endloop
  endfacet
  facet normal 0 0 0
    outer loop
      vertex 0.00000000e+00 0.00000000e+00 0.00000000e+00
      vertex 1.29762508e-03 3.94191187e-03 0.00000000e+00
      vertex 1.37335410e-03 3.91617141e-03 0.00000000e+00
    endloop
  endfacet
  facet normal 0 0 0
    outer loop
      vertex 0.00000000e+00 0.00000000e+00 0.00000000e+00
      vertex 1.22141404e-03 3.96618806e-03 0.00000000e+00
      vertex 1.29762508e-03 3.94191187e-03 0.00000000e+00
    endloop
  endfacet
  facet normal 0 0 0
    outer loop
      vertex 0.00000000e+00 0.00000000e+00 0.00000000e+00
      vertex 1.14474930e-03 3.98899098e-03 0.00000000e+00
      vertex 1.22141404e-03 3.96618806e-03 0.00000000e+00
    endloop
  endfacet
  facet normal 0 0 0
    outer loop
      vertex 0.00000000e+00 0.00000000e+00 0.00000000e+00
      vertex 1.06765933e-03 4.01031215e-03 0.00000000e+00
      vertex 1.14474930e-03 3.98899098e-03 0.00000000e+00
    endloop
  endfacet
  facet normal 0 0 0
    outer loop
      vertex 0.00000000e+00 0.00000000e+00 0.00000000e+00
      vertex 9.90172769e-04 4.03014366e-03 0.00000000e+00
      vertex 1.06765933e-03 4.01031215e-03 0.00000000e+00
    endloop
  endfacet
  facet normal 0 0 0
    outer loop
      vertex 0.00000000e+00 0.00000000e+00 0.00000000e+00
      vertex 9.12318399e-04 4.04847813e-03 0.00000000e+00
      vertex 9.90172769e-04 4.03014366e-03 0.00000000e+00
    endloop
  endfacet
  facet normal 0 0 0
    outer loop
      vertex 0.00000000e+00 0.00000000e+00 0.00000000e+00
      vertex 8.34125140e-04 4.06530875e-03 0.00000000e+00
      vertex 9.12318399e-04 4.04847813e-03 0.00000000e+00
    endloop
  endfacet
  facet normal 0 0 0
    outer loop
      vertex 0.00000000e+00 0.00000000e+00 0.00000000e+00
      vertex 7.55622038e-04 4.08062928e-03 0.00000000e+00
      vertex 8.34125140e-04 4.06530875e-03 0.00000000e+00
    endloop
  endfacet
  facet normal 0 0 0
    outer loop
      vertex 0.00000000e+00 0.00000000e+00 0.00000000e+00
      vertex 6.76838253e-04 4.09443402e-03 0.00000000e+00
      vertex 7.55622038e-04 4.08062928e-03 0.00000000e+00
    endloop
  endfacet
  facet normal 0 0 0
    outer loop
      vertex 0.00000000e+00 0.00000000e+00 0.00000000e+00
      vertex 5.97803050e-04 4.10671785e-03 0.00000000e+00
      vertex 6.76838253e-04 4.09443402e-03 0.00000000e+00
    endloop
  endfacet
  facet normal 0 0 0
    outer loop
      vertex 0.00000000e+00 0.00000000e+00 0.00000000e+00
      vertex 5.18545788e-04 4.11747620e-03 0.00000000e+00
      vertex 5.97803050e-04 4.10671785e-03 0.00000000e+00
    endloop
  endfacet
  facet normal 0 0 0
    outer loop
      vertex 0.00000000e+00 0.00000000e+00 0.00000000e+00
      vertex 4.39095907e-04 4.12670508e-03 0.00000000e+00
      vertex 5.18545788e-04 4.11747620e-03 0.00000000e+00
    endloop
  endfacet
  facet normal 0 0 0
    outer loop
      vertex 0.00000000e+00 0.00000000e+00 0.00000000e+00
      vertex 3.59482921e-04 4.13440105e-03 0.00000000e+00
      vertex 4.39095907e-04 4.12670508e-03 0.00000000e+00
    endloop
  endfacet
  facet normal 0 0 0
    outer loop
      vertex 0.00000000e+00 0.00000000e+00 0.00000000e+00
      vertex 2.79736400e-04 4.14056126e-03 0.00000000e+00
      vertex 3.59482921e-04 4.13440105e-03 0.00000000e+00
    endloop
  endfacet
  facet normal 0 0 0
    outer loop
      vertex 0.00000000e+00 0.00000000e+00 0.00000000e+00
      vertex 1.99885970e-04 4.14518342e-03 0.00000000e+00
      vertex 2.79736400e-04 4.14056126e-03 0.00000000e+00
    endloop
  endfacet
  facet normal 0 0 0
    outer loop
      vertex 0.00000000e+00 0.00000000e+00 0.00000000e+00
      vertex 1.19961289e-04 4.14826582e-03 0.00000000e+00
      vertex 1.99885970e-04 4.14518342e-03 0.00000000e+00
    endloop
  endfacet
  facet normal 0 0 0
    outer loop
      vertex 0.00000000e+00 0.00000000e+00 0.00000000e+00
      vertex 3.99920482e-05 4.14980730e-03 0.00000000e+00
      vertex 1.19961289e-04 4.14826582e-03 0.00000000e+00
    endloop
  endfacet
  facet normal 0 0 0
    outer loop
      vertex 0.00000000e+00 0.00000000e+00 0.00000000e+00
      vertex -3.99920482e-05 4.14980730e-03 0.00000000e+00
      vertex 3.99920482e-05 4.14980730e-03 0.00000000e+00
    endloop
  endfacet
  facet normal 0 0 0
    outer loop
      vertex 0.00000000e+00 0.00000000e+00 0.00000000e+00
      vertex -1.19961289e-04 4.14826582e-03 0.00000000e+00
      vertex -3.99920482e-05 4.14980730e-03 0.00000000e+00
    endloop
  endfacet
  facet normal 0 0 0
    outer loop
      vertex 0.00000000e+00 0.00000000e+00 0.00000000e+00
      vertex -1.99885970e-04 4.14518342e-03 0.00000000e+00
      vertex -1.19961289e-04 4.14826582e-03 0.00000000e+00
    endloop
  endfacet
  facet normal 0 0 0
    outer loop
      vertex 0.00000000e+00 0.00000000e+00 0.00000000e+00
      vertex -2.79736400e-04 4.14056126e-03 0.00000000e+00
      vertex -1.99885970e-04 4.14518342e-03 0.00000000e+00
    endloop
  endfacet
  facet normal 0 0 0
    outer loop
      vertex 0.00000000e+00 0.00000000e+00 0.00000000e+00
      vertex -3.59482921e-04 4.13440105e-03 0.00000000e+00
      vertex -2.79736400e-04 4.14056126e-03 0.00000000e+00
    endloop
  endfacet
  facet normal 0 0 0
    outer loop
      vertex 0.00000000e+00 0.00000000e+00 0.00000000e+00
      vertex -4.39095907e-04 4.12670508e-03 0.00000000e+00
      vertex -3.59482921e-04 4.13440105e-03 0.00000000e+00
    endloop
  endfacet
  facet normal 0 0 0
    outer loop
      vertex 0.00000000e+00 0.00000000e+00 0.00000000e+00
      vertex -5.18545788e-04 4.11747620e-03 0.00000000e+00
      vertex -4.39095907e-04 4.12670508e-03 0.00000000e+00
    endloop
  endfacet
  facet normal 0 0 0
    outer loop
      vertex 0.00000000e+00 0.00000000e+00 0.00000000e+00
      vertex -5.97803050e-04 4.10671785e-03 0.00000000e+00
      vertex -5.18545788e-04 4.11747620e-03 0.00000000e+00
    endloop
  endfacet
  facet normal 0 0 0
    outer loop
      vertex 0.00000000e+00 0.00000000e+00 0.00000000e+00
      vertex -6.76838253e-04 4.09443402e-03 0.00000000e+00
      vertex -5.97803050e-04 4.10671785e-03 0.00000000e+00
    endloop
  endfacet
  facet normal 0 0 0
    outer loop
      vertex 0.00000000e+00 0.00000000e+00 0.00000000e+00
      vertex -7.55622038e-04 4.08062928e-03 0.00000000e+00
      vertex -6.76838253e-04 4.09443402e-03 0.00000000e+00
    endloop
  endfacet
  facet normal 0 0 0
    outer loop
      vertex 0.00000000e+00 0.00000000e+00 0.00000000e+00
      vertex -8.34125140e-04 4.06530875e-03 0.00000000e+00
      vertex -7.55622038e-04 4.08062928e-03 0.00000000e+00
    endloop
  endfacet
  facet normal 0 0 0
    outer loop
      vertex 0.00000000e+00 0.00000000e+00 0.00000000e+00
      vertex -9.12318399e-04 4.04847813e-03 0.00000000e+00
      vertex -8.34125140e-04 4.06530875e-03 0.00000000e+00
    endloop
  endfacet
  facet normal 0 0 0
    outer loop
      vertex 0.00000000e+00 0.00000000e+00 0.00000000e+00
      vertex -9.90172769e-04 4.03014366e-03 0.00000000e+00
      vertex -9.12318399e-04 4.04847813e-03 0.00000000e+00
    endloop
  endfacet
  facet normal 0 0 0
    outer loop
      vertex 0.00000000e+00 0.00000000e+00 0.00000000e+00
      vertex -1.06765933e-03 4.01031215e-03 0.00000000e+00
      vertex -9.90172769e-04 4.03014366e-03 0.00000000e+00
    endloop
  endfacet
  facet normal 0 0 0
    outer loop
      vertex 0.00000000e+00 0.00000000e+00 0.00000000e+00
      vertex -1.14474930e-03 3.98899098e-03 0.00000000e+00
      vertex -1.06765933e-03 4.01031215e-03 0.00000000e+00
    endloop
  endfacet
  facet normal 0 0 0
    outer loop
      vertex 0.00000000e+00 0.00000000e+00 0.00000000e+00
      vertex -1.22141404e-03 3.96618806e-03 0.00000000e+00
      vertex -1.14474930e-03 3.98899098e-03 0.00000000e+00
    endloop
  endfacet
  facet normal 0 0 0
    outer loop
      vertex 0.00000000e+00 0.00000000e+00 0.00000000e+00
      vertex -1.29762508e-03 3.94191187e-03 0.00000000e+00
      vertex -1.22141404e-03 3.96618806e-03 0.00000000e+00
    endloop
  endfacet
  facet normal 0 0 0
    outer loop
      vertex 0.00000000e+00 0.00000000e+00 0.00000000e+00
      vertex -1.37335410e-03 3.91617141e-03 0.00000000e+00
      vertex -1.29762508e-03 3.94191187e-03 0.00000000e+00
    endloop
  endfacet
  facet normal 0 0 0
    outer loop
      vertex 0.00000000e+00 0.00000000e+00 0.00000000e+00
      vertex -1.44857297e-03 3.88897626e-03 0.00000000e+00
      vertex -1.37335410e-03 3.91617141e-03 0.00000000e+00
    endloop
  endfacet
  facet normal 0 0 0
    outer loop
      vertex 0.00000000e+00 0.00000000e+00 0.00000000e+00
      vertex -1.52325376e-03 3.86033651e-03 0.00000000e+00
      vertex -1.44857297e-03 3.88897626e-03 0.00000000e+00
    endloop
  endfacet
  facet normal 0 0 0
    outer loop
      vertex 0.00000000e+00 0.00000000e+00 0.00000000e+00
      vertex -1.59736873e-03 3.83026280e-03 0.00000000e+00
      vertex -1.52325376e-03 3.86033651e-03 0.00000000e+00
    endloop
  endfacet
  facet normal 0 0 0
    outer loop
      vertex 0.00000000e+00 0.00000000e+00 0.00000000e+00
      vertex -1.67089033e-03 3.79876631e-03 0.00000000e+00
      vertex -1.59736873e-03 3.83026280e-03 0.00000000e+00
    endloop
  endfacet
  facet normal 0 0 0
    outer loop
      vertex 0.00000000e+00 0.00000000e+00 0.00000000e+00
      vertex -1.74379127e-03 3.76585873e-03 0.00000000e+00
      vertex -1.67089033e-03 3.79876631e-03 0.00000000e+00
    endloop
  endfacet
  facet normal 0 0 0
    outer loop
      vertex 0.00000000e+00 0.00000000e+00 0.00000000e+00
      vertex -1.81604447e-03 3.73155229e-03 0.00000000e+00
      vertex -1.74379127e-03 3.76585873e-03 0.00000000e+00
    endloop
  endfacet
  facet normal 0 0 0
    outer loop
      vertex 0.00000000e+00 0.00000000e+00 0.00000000e+00
      vertex -1.88762307e-03 3.69585973e-03 0.00000000e+00
      vertex -1.81604447e-03 3.73155229e-03 0.00000000e+00
    endloop
  endfacet
  facet normal 0 0 0
    outer loop
      vertex 0.00000000e+00 0.00000000e+00 0.00000000e+00
      vertex -1.95850050e-03 3.65879431e-03 0.00000000e+00
      vertex -1.88762307e-03 3.69585973e-03 0.00000000e+00
    endloop
  endfacet
  facet normal 0 0 0
    outer loop
      vertex 0.00000000e+00 0.00000000e+00 0.00000000e+00
      vertex -2.02865043e-03 3.62036979e-03 0.00000000e+00
      vertex -1.95850050e-03 3.65879431e-03 0.00000000e+00
    endloop
  endfacet
  facet normal 0 0 0
    outer loop
      vertex 0.00000000e+00 0.00000000e+00 0.00000000e+00
      vertex -2.09804680e-03 3.58060046e-03 0.00000000e+00
      vertex -2.02865043e-03 3.62036979e-03 0.00000000e+00
    endloop
  endfacet
  facet normal 0 0 0
    outer loop
      vertex 0.00000000e+00 0.00000000e+00 0.00000000e+00
      vertex -2.16666382e-03 3.53950108e-03 0.00000000e+00
      vertex -2.09804680e-03 3.58060046e-03 0.00000000e+00
    endloop
  endfacet
  facet normal 0 0 0
    outer loop
      vertex 0.00000000e+00 0.00000000e+00 0.00000000e+00
      vertex -2.23447603e-03 3.49708692e-03 0.00000000e+00
      vertex -2.16666382e-03 3.53950108e-03 0.00000000e+00
    endloop
  endfacet
  facet normal 0 0 0
    outer loop
      vertex 0.00000000e+00 0.00000000e+00 0.00000000e+00
      vertex -2.30145821e-03 3.45337373e-03 0.00000000e+00
      vertex -2.23447603e-03 3.49708692e-03 0.00000000e+00
    endloop
  endfacet
  facet normal 0 0 0
    outer loop
      vertex 0.00000000e+00 0.00000000e+00 0.00000000e+00
      vertex -2.36758550e-03 3.40837775e-03 0.00000000e+00
      vertex -2.30145821e-03 3.45337373e-03 0.00000000e+00
    endloop
  endfacet
  facet normal 0 0 0
    outer loop
      vertex 0.00000000e+00 0.00000000e+00 0.00000000e+00
      vertex -2.43283332e-03 3.36211571e-03 0.00000000e+00
      vertex -2.36758550e-03 3.40837775e-03 0.00000000e+00
    endloop
  endfacet
  facet normal 0 0 0
    outer loop
      vertex 0.00000000e+00 0.00000000e+00 0.00000000e+00
      vertex -2.49717745e-03 3.31460477e-03 0.00000000e+00
      vertex -2.43283332e-03 3.36211571e-03 0.00000000e+00
    endloop
  endfacet
  facet normal 0 0 0
    outer loop
      vertex 0.00000000e+00 0.00000000e+00 0.00000000e+00
      vertex -2.56059398e-03 3.26586260e-03 0.00000000e+00
      vertex -2.49717745e-03 3.31460477e-03 0.00000000e+00
    endloop
  endfacet
  facet normal 0 0 0
    outer loop
      vertex 0.00000000e+00 0.00000000e+00 0.00000000e+00
      vertex -2.62305935e-03 3.21590729e-03 0.00000000e+00
      vertex -2.56059398e-03 3.26586260e-03 0.00000000e+00
    endloop
  endfacet
  facet normal 0 0 0
    outer loop
      vertex 0.00000000e+00 0.00000000e+00 0.00000000e+00
      vertex -2.68455036e-03 3.16475740e-03 0.00000000e+00
      vertex -2.62305935e-03 3.21590729e-03 0.00000000e+00
    endloop
  endfacet
  facet normal 0 0 0
    outer loop
      vertex 0.00000000e+00 0.00000000e+00 0.00000000e+00
      vertex -2.74504417e-03 3.11243193e-03 0.00000000e+00
      vertex -2.68455036e-03 3.16475740e-03 0.00000000e+00
    endloop
  endfacet
  facet normal 0 0 0
    outer loop
      vertex 0.00000000e+00 0.00000000e+00 0.00000000e+00
      vertex -2.80451831e-03 3.05895032e-03 0.00000000e+00
      vertex -2.74504417e-03 3.11243193e-03 0.00000000e+00
    endloop
  endfacet
  facet normal 0 0 0
    outer loop
      vertex 0.00000000e+00 0.00000000e+00 0.00000000e+00
      vertex -2.86295068e-03 3.00433244e-03 0.00000000e+00
      vertex -2.80451831e-03 3.05895032e-03 0.00000000e+00
    endloop
  endfacet
  facet normal 0 0 0
    outer loop
      vertex 0.00000000e+00 0.00000000e+00 0.00000000e+00
      vertex -2.92031959e-03 2.94859857e-03 0.00000000e+00
      vertex -2.86295068e-03 3.00433244e-03 0.00000000e+00
    endloop
  endfacet
  facet normal 0 0 0
    outer loop
      vertex 0.00000000e+00 0.00000000e+00 0.00000000e+00
      vertex -2.97660371e-03 2.89176941e-03 0.00000000e+00
      vertex -2.92031959e-03 2.94859857e-03 0.00000000e+00
    endloop
  endfacet
  facet normal 0 0 0
    outer loop
      vertex 0.00000000e+00 0.00000000e+00 0.00000000e+00
      vertex -3.03178215e-03 2.83386608e-03 0.00000000e+00
      vertex -2.97660371e-03 2.89176941e-03 0.00000000e+00
    endloop
  endfacet
  facet normal 0 0 0
    outer loop
      vertex 0.00000000e+00 0.00000000e+00 0.00000000e+00
      vertex -3.08583441e-03 2.77491009e-03 0.00000000e+00
      vertex -3.03178215e-03 2.83386608e-03 0.00000000e+00
    endloop
  endfacet
  facet normal 0 0 0
    outer loop
      vertex 0.00000000e+00 0.00000000e+00 0.00000000e+00
      vertex -3.13874040e-03 2.71492333e-03 0.00000000e+00
      vertex -3.08583441e-03 2.77491009e-03 0.00000000e+00
    endloop
  endfacet
  facet normal 0 0 0
    outer loop
      vertex 0.00000000e+00 0.00000000e+00 0.00000000e+00
      vertex -3.19048049e-03 2.65392808e-03 0.00000000e+00
      vertex -3.13874040e-03 2.71492333e-03 0.00000000e+00
    endloop
  endfacet
  facet normal 0 0 0
    outer loop
      vertex 0.00000000e+00 0.00000000e+00 0.00000000e+00
      vertex -3.24103543e-03 2.59194701e-03 0.00000000e+00
      vertex -3.19048049e-03 2.65392808e-03 0.00000000e+00
    endloop
  endfacet
  facet normal 0 0 0
    outer loop
      vertex 0.00000000e+00 0.00000000e+00 0.00000000e+00
      vertex -3.29038647e-03 2.52900314e-03 0.00000000e+00
      vertex -3.24103543e-03 2.59194701e-03 0.00000000e+00
    endloop
  endfacet
  facet normal 0 0 0
    outer loop
      vertex 0.00000000e+00 0.00000000e+00 0.00000000e+00
      vertex -3.33851526e-03 2.46511985e-03 0.00000000e+00
      vertex -3.29038647e-03 2.52900314e-03 0.00000000e+00
    endloop
  endfacet
  facet normal 0 0 0
    outer loop
      vertex 0.00000000e+00 0.00000000e+00 0.00000000e+00
      vertex -3.38540393e-03 2.40032086e-03 0.00000000e+00
      vertex -3.33851526e-03 2.46511985e-03 0.00000000e+00
    endloop
  endfacet
  facet normal 0 0 0
    outer loop
      vertex 0.00000000e+00 0.00000000e+00 0.00000000e+00
      vertex -3.43103506e-03 2.33463026e-03 0.00000000e+00
      vertex -3.38540393e-03 2.40032086e-03 0.00000000e+00
    endloop
  endfacet
  facet normal 0 0 0
    outer loop
      vertex 0.00000000e+00 0.00000000e+00 0.00000000e+00
      vertex -3.47539170e-03 2.26807243e-03 0.00000000e+00
      vertex -3.43103506e-03 2.33463026e-03 0.00000000e+00
    endloop
  endfacet
  facet normal 0 0 0
    outer loop
      vertex 0.00000000e+00 0.00000000e+00 0.00000000e+00
      vertex -3.51845737e-03 2.20067211e-03 0.00000000e+00
      vertex -3.47539170e-03 2.26807243e-03 0.00000000e+00
    endloop
  endfacet
  facet normal 0 0 0
    outer loop
      vertex 0.00000000e+00 0.00000000e+00 0.00000000e+00
      vertex -3.56021608e-03 2.13245433e-03 0.00000000e+00
      vertex -3.51845737e-03 2.20067211e-03 0.00000000e+00
    endloop
  endfacet
  facet normal 0 0 0
    outer loop
      vertex 0.00000000e+00 0.00000000e+00 0.00000000e+00
      vertex -3.60065232e-03 2.06344443e-03 0.00000000e+00
      vertex -3.56021608e-03 2.13245433e-03 0.00000000e+00
    endloop
  endfacet
  facet normal 0 0 0
    outer loop
      vertex 0.00000000e+00 0.00000000e+00 0.00000000e+00
      vertex -3.63975106e-03 1.99366804e-03 0.00000000e+00
      vertex -3.60065232e-03 2.06344443e-03 0.00000000e+00
    endloop
  endfacet
  facet normal 0 0 0
    outer loop
      vertex 0.00000000e+00 0.00000000e+00 0.00000000e+00
      vertex -3.67749778e-03 1.92315109e-03 0.00000000e+00
      vertex -3.63975106e-03 1.99366804e-03 0.00000000e+00
    endloop
  endfacet
  facet normal 0 0 0
    outer loop
      vertex 0.00000000e+00 0.00000000e+00 0.00000000e+00
      vertex -3.71387846e-03 1.85191976e-03 0.00000000e+00
      vertex -3.67749778e-03 1.92315109e-03 0.00000000e+00
    endloop
  endfacet
  facet normal 0 0 0
    outer loop
      vertex 0.00000000e+00 0.00000000e+00 0.00000000e+00
      vertex -3.74887959e-03 1.78000052e-03 0.00000000e+00
      vertex -3.71387846e-03 1.85191976e-03 0.00000000e+00
    endloop
  endfacet
  facet normal 0 0 0
    outer loop
      vertex 0.00000000e+00 0.00000000e+00 0.00000000e+00
      vertex -3.78248816e-03 1.70742009e-03 0.00000000e+00
      vertex -3.74887959e-03 1.78000052e-03 0.00000000e+00
    endloop
  endfacet
  facet normal 0 0 0
    outer loop
      vertex 0.00000000e+00 0.00000000e+00 0.00000000e+00
      vertex -3.81469169e-03 1.63420541e-03 0.00000000e+00
      vertex -3.78248816e-03 1.70742009e-03 0.00000000e+00
    endloop
  endfacet
  facet normal 0 0 0
    outer loop
      vertex 0.00000000e+00 0.00000000e+00 0.00000000e+00
      vertex -3.84547822e-03 1.56038370e-03 0.00000000e+00
      vertex -3.81469169e-03 1.63420541e-03 0.00000000e+00
    endloop
  endfacet
  facet normal 0 0 0
    outer loop
      vertex 0.00000000e+00 0.00000000e+00 0.00000000e+00
      vertex -3.87483631e-03 1.48598237e-03 0.00000000e+00
      vertex -3.84547822e-03 1.56038370e-03 0.00000000e+00
    endloop
  endfacet
  facet normal 0 0 0
    outer loop
      vertex 0.00000000e+00 0.00000000e+00 0.00000000e+00
      vertex -3.90275505e-03 1.41102905e-03 0.00000000e+00
      vertex -3.87483631e-03 1.48598237e-03 0.00000000e+00
    endloop
  endfacet
  facet normal 0 0 0
    outer loop
      vertex 0.00000000e+00 0.00000000e+00 0.00000000e+00
      vertex -3.92922409e-03 1.33555160e-03 0.00000000e+00
      vertex -3.90275505e-03 1.41102905e-03 0.00000000e+00
    endloop
  endfacet
  facet normal 0 0 0
    outer loop
      vertex 0.00000000e+00 0.00000000e+00 0.00000000e+00
      vertex -3.95423357e-03 1.25957804e-03 0.00000000e+00
      vertex -3.92922409e-03 1.33555160e-03 0.00000000e+00
    endloop
  endfacet
  facet normal 0 0 0
    outer loop
      vertex 0.00000000e+00 0.00000000e+00 0.00000000e+00
      vertex -3.97777422e-03 1.18313661e-03 0.00000000e+00
      vertex -3.95423357e-03 1.25957804e-03 0.00000000e+00
    endloop
  endfacet
  facet normal 0 0 0
    outer loop
      vertex 0.00000000e+00 0.00000000e+00 0.00000000e+00
      vertex -3.99983729e-03 1.10625568e-03 0.00000000e+00
      vertex -3.97777422e-03 1.18313661e-03 0.00000000e+00
    endloop
  endfacet
  facet normal 0 0 0
    outer loop
      vertex 0.00000000e+00 0.00000000e+00 0.00000000e+00
      vertex -4.02041459e-03 1.02896383e-03 0.00000000e+00
      vertex -3.99983729e-03 1.10625568e-03 0.00000000e+00
    endloop
  endfacet
  facet normal 0 0 0
    outer loop
      vertex 0.00000000e+00 0.00000000e+00 0.00000000e+00
      vertex -4.03949846e-03 9.51289755e-04 0.00000000e+00
      vertex -4.02041459e-03 1.02896383e-03 0.00000000e+00
    endloop
  endfacet
  facet normal 0 0 0
    outer loop
      vertex 0.00000000e+00 0.00000000e+00 0.00000000e+00
      vertex -4.05708182e-03 8.73262318e-04 0.00000000e+00
      vertex -4.03949846e-03 9.51289755e-04 0.00000000e+00
    endloop
  endfacet
  facet normal 0 0 0
    outer loop
      vertex 0.00000000e+00 0.00000000e+00 0.00000000e+00
      vertex -4.07315815e-03 7.94910499e-04 0.00000000e+00
      vertex -4.05708182e-03 8.73262318e-04 0.00000000e+00
    endloop
  endfacet
  facet normal 0 0 0
    outer loop
      vertex 0.00000000e+00 0.00000000e+00 0.00000000e+00
      vertex -4.08772146e-03 7.16263404e-04 0.00000000e+00
      vertex -4.07315815e-03 7.94910499e-04 0.00000000e+00
    endloop
  endfacet
  facet normal 0 0 0
    outer loop
      vertex 0.00000000e+00 0.00000000e+00 0.00000000e+00
      vertex -4.10076635e-03 6.37350246e-04 0.00000000e+00
      vertex -4.08772146e-03 7.16263404e-04 0.00000000e+00
    endloop
  endfacet
  facet normal 0 0 0
    outer loop
      vertex 0.00000000e+00 0.00000000e+00 0.00000000e+00
      vertex -4.11228797e-03 5.58200338e-04 0.00000000e+00
      vertex -4.10076635e-03 6.37350246e-04 0.00000000e+00
    endloop
  endfacet
  facet normal 0 0 0
    outer loop
      vertex 0.00000000e+00 0.00000000e+00 0.00000000e+00
      vertex -4.12228205e-03 4.78843082e-04 0.00000000e+00
      vertex -4.11228797e-03 5.58200338e-04 0.00000000e+00
    endloop
  endfacet
  facet normal 0 0 0
    outer loop
      vertex 0.00000000e+00 0.00000000e+00 0.00000000e+00
      vertex -4.13074487e-03 3.99307955e-04 0.00000000e+00
      vertex -4.12228205e-03 4.78843082e-04 0.00000000e+00
    endloop
  endfacet
  facet normal 0 0 0
    outer loop
      vertex 0.00000000e+00 0.00000000e+00 0.00000000e+00
      vertex -4.13767328e-03 3.19624502e-04 0.00000000e+00
      vertex -4.13074487e-03 3.99307955e-04 0.00000000e+00
    endloop
  endfacet
  facet normal 0 0 0
    outer loop
      vertex 0.00000000e+00 0.00000000e+00 0.00000000e+00
      vertex -4.14306472e-03 2.39822321e-04 0.00000000e+00
      vertex -4.13767328e-03 3.19624502e-04 0.00000000e+00
    endloop
  endfacet
  facet normal 0 0 0
    outer loop
      vertex 0.00000000e+00 0.00000000e+00 0.00000000e+00
      vertex -4.14691718e-03 1.59931056e-04 0.00000000e+00
      vertex -4.14306472e-03 2.39822321e-04 0.00000000e+00
    endloop
  endfacet
  facet normal 0 0 0
    outer loop
      vertex 0.00000000e+00 0.00000000e+00 0.00000000e+00
      vertex -4.14922922e-03 7.99803825e-05 0.00000000e+00
      vertex -4.14691718e-03 1.59931056e-04 0.00000000e+00
    endloop
  endfacet
  facet normal 0 0 0
    outer loop
      vertex 0.00000000e+00 0.00000000e+00 0.00000000e+00
      vertex -4.15000000e-03 5.08228422e-19 0.00000000e+00
      vertex -4.14922922e-03 7.99803825e-05 0.00000000e+00
    endloop
  endfacet
  facet normal 0 0 0
    outer loop
      vertex 0.00000000e+00 0.00000000e+00 0.00000000e+00
      vertex -4.14922922e-03 -7.99803825e-05 0.00000000e+00
      vertex -4.15000000e-03 5.08228422e-19 0.00000000e+00
    endloop
  endfacet
  facet normal 0 0 0
    outer loop
      vertex 0.00000000e+00 0.00000000e+00 0.00000000e+00
      vertex -4.14691718e-03 -1.59931056e-04 0.00000000e+00
      vertex -4.14922922e-03 -7.99803825e-05 0.00000000e+00
    endloop
  endfacet
  facet normal 0 0 0
    outer loop
      vertex 0.00000000e+00 0.00000000e+00 0.00000000e+00
      vertex -4.14306472e-03 -2.39822321e-04 0.00000000e+00
      vertex -4.14691718e-03 -1.59931056e-04 0.00000000e+00
    endloop
  endfacet
  facet normal 0 0 0
    outer loop
      vertex 0.00000000e+00 0.00000000e+00 0.00000000e+00
      vertex -4.13767328e-03 -3.19624502e-04 0.00000000e+00
      vertex -4.14306472e-03 -2.39822321e-04 0.00000000e+00
    endloop
  endfacet
  facet normal 0 0 0
    outer loop
      vertex 0.00000000e+00 0.00000000e+00 0.00000000e+00
      vertex -4.13074487e-03 -3.99307955e-04 0.00000000e+00
      vertex -4.13767328e-03 -3.19624502e-04 0.00000000e+00
    endloop
  endfacet
  facet normal 0 0 0
    outer loop
      vertex 0.00000000e+00 0.00000000e+00 0.00000000e+00
      vertex -4.12228205e-03 -4.78843082e-04 0.00000000e+00
      vertex -4.13074487e-03 -3.99307955e-04 0.00000000e+00
    endloop
  endfacet
  facet normal 0 0 0
    outer loop
      vertex 0.00000000e+00 0.00000000e+00 0.00000000e+00
      vertex -4.11228797e-03 -5.58200338e-04 0.00000000e+00
      vertex -4.12228205e-03 -4.78843082e-04 0.00000000e+00
    endloop
  endfacet
  facet normal 0 0 0
    outer loop
      vertex 0.00000000e+00 0.00000000e+00 0.00000000e+00
      vertex -4.10076635e-03 -6.37350246e-04 0.00000000e+00
      vertex -4.11228797e-03 -5.58200338e-04 0.00000000e+00
    endloop
  endfacet
  facet normal 0 0 0
    outer loop
      vertex 0.00000000e+00 0.00000000e+00 0.00000000e+00
      vertex -4.08772146e-03 -7.16263404e-04 0.00000000e+00
      vertex -4.10076635e-03 -6.37350246e-04 0.00000000e+00
    endloop
  endfacet
  facet normal 0 0 0
    outer loop
      vertex 0.00000000e+00 0.00000000e+00 0.00000000e+00
      vertex -4.07315815e-03 -7.94910499e-04 0.00000000e+00
      vertex -4.08772146e-03 -7.16263404e-04 0.00000000e+00
    endloop
  endfacet
  facet normal 0 0 0
    outer loop
      vertex 0.00000000e+00 0.00000000e+00 0.00000000e+00
      vertex -4.05708182e-03 -8.73262318e-04 0.00000000e+00
      vertex -4.07315815e-03 -7.94910499e-04 0.00000000e+00
    endloop
  endfacet
  facet normal 0 0 0
    outer loop
      vertex 0.00000000e+00 0.00000000e+00 0.00000000e+00
      vertex -4.03949846e-03 -9.51289755e-04 0.00000000e+00
      vertex -4.05708182e-03 -8.73262318e-04 0.00000000e+00
    endloop
  endfacet
  facet normal 0 0 0
    outer loop
      vertex 0.00000000e+00 0.00000000e+00 0.00000000e+00
      vertex -4.02041459e-03 -1.02896383e-03 0.00000000e+00
      vertex -4.03949846e-03 -9.51289755e-04 0.00000000e+00
    endloop
  endfacet
  facet normal 0 0 0
    outer loop
      vertex 0.00000000e+00 0.00000000e+00 0.00000000e+00
      vertex -3.99983729e-03 -1.10625568e-03 0.00000000e+00
      vertex -4.02041459e-03 -1.02896383e-03 0.00000000e+00
    endloop
  endfacet
  facet normal 0 0 0
    outer loop
      vertex 0.00000000e+00 0.00000000e+00 0.00000000e+00
      vertex -3.97777422e-03 -1.18313661e-03 0.00000000e+00
      vertex -3.99983729e-03 -1.10625568e-03 0.00000000e+00
    endloop
  endfacet
  facet normal 0 0 0
    outer loop
      vertex 0.00000000e+00 0.00000000e+00 0.00000000e+00
      vertex -3.95423357e-03 -1.25957804e-03 0.00000000e+00
      vertex -3.97777422e-03 -1.18313661e-03 0.00000000e+00
    endloop
  endfacet
  facet normal 0 0 0
    outer loop
      vertex 0.00000000e+00 0.00000000e+00 0.00000000e+00
      vertex -3.92922409e-03 -1.33555160e-03 0.00000000e+00
      vertex -3.95423357e-03 -1.25957804e-03 0.00000000e+00
    endloop
  endfacet
  facet normal 0 0 0
    outer loop
      vertex 0.00000000e+00 0.00000000e+00 0.00000000e+00
      vertex -3.90275505e-03 -1.41102905e-03 0.00000000e+00
      vertex -3.92922409e-03 -1.33555160e-03 0.00000000e+00
    endloop
  endfacet
  facet normal 0 0 0
    outer loop
      vertex 0.00000000e+00 0.00000000e+00 0.00000000e+00
      vertex -3.87483631e-03 -1.48598237e-03 0.00000000e+00
      vertex -3.90275505e-03 -1.41102905e-03 0.00000000e+00
    endloop
  endfacet
  facet normal 0 0 0
    outer loop
      vertex 0.00000000e+00 0.00000000e+00 0.00000000e+00
      vertex -3.84547822e-03 -1.56038370e-03 0.00000000e+00
      vertex -3.87483631e-03 -1.48598237e-03 0.00000000e+00
    endloop
  endfacet
  facet normal 0 0 0
    outer loop
      vertex 0.00000000e+00 0.00000000e+00 0.00000000e+00
      vertex -3.81469169e-03 -1.63420541e-03 0.00000000e+00
      vertex -3.84547822e-03 -1.56038370e-03 0.00000000e+00
    endloop
  endfacet
  facet normal 0 0 0
    outer loop
      vertex 0.00000000e+00 0.00000000e+00 0.00000000e+00
      vertex -3.78248816e-03 -1.70742009e-03 0.00000000e+00
      vertex -3.81469169e-03 -1.63420541e-03 0.00000000e+00
    endloop
  endfacet
  facet normal 0 0 0
    outer loop
      vertex 0.00000000e+00 0.00000000e+00 0.00000000e+00
      vertex -3.74887959e-03 -1.78000052e-03 0.00000000e+00
      vertex -3.78248816e-03 -1.70742009e-03 0.00000000e+00
    endloop
  endfacet
  facet normal 0 0 0
    outer loop
      vertex 0.00000000e+00 0.00000000e+00 0.00000000e+00
      vertex -3.71387846e-03 -1.85191976e-03 0.00000000e+00
      vertex -3.74887959e-03 -1.78000052e-03 0.00000000e+00
    endloop
  endfacet
  facet normal 0 0 0
    outer loop
      vertex 0.00000000e+00 0.00000000e+00 0.00000000e+00
      vertex -3.67749778e-03 -1.92315109e-03 0.00000000e+00
      vertex -3.71387846e-03 -1.85191976e-03 0.00000000e+00
    endloop
  endfacet
  facet normal 0 0 0
    outer loop
      vertex 0.00000000e+00 0.00000000e+00 0.00000000e+00
      vertex -3.63975106e-03 -1.99366804e-03 0.00000000e+00
      vertex -3.67749778e-03 -1.92315109e-03 0.00000000e+00
    endloop
  endfacet
  facet normal 0 0 0
    outer loop
      vertex 0.00000000e+00 0.00000000e+00 0.00000000e+00
      vertex -3.60065232e-03 -2.06344443e-03 0.00000000e+00
      vertex -3.63975106e-03 -1.99366804e-03 0.00000000e+00
    endloop
  endfacet
  facet normal 0 0 0
    outer loop
      vertex 0.00000000e+00 0.00000000e+00 0.00000000e+00
      vertex -3.56021608e-03 -2.13245433e-03 0.00000000e+00
      vertex -3.60065232e-03 -2.06344443e-03 0.00000000e+00
    endloop
  endfacet
  facet normal 0 0 0
    outer loop
      vertex 0.00000000e+00 0.00000000e+00 0.00000000e+00
      vertex -3.51845737e-03 -2.20067211e-03 0.00000000e+00
      vertex -3.56021608e-03 -2.13245433e-03 0.00000000e+00
    endloop
  endfacet
  facet normal 0 0 0
    outer loop
      vertex 0.00000000e+00 0.00000000e+00 0.00000000e+00
      vertex -3.47539170e-03 -2.26807243e-03 0.00000000e+00
      vertex -3.51845737e-03 -2.20067211e-03 0.00000000e+00
    endloop
  endfacet
  facet normal 0 0 0
    outer loop
      vertex 0.00000000e+00 0.00000000e+00 0.00000000e+00
      vertex -3.43103506e-03 -2.33463026e-03 0.00000000e+00
      vertex -3.47539170e-03 -2.26807243e-03 0.00000000e+00
    endloop
  endfacet
  facet normal 0 0 0
    outer loop
      vertex 0.00000000e+00 0.00000000e+00 0.00000000e+00
      vertex -3.38540393e-03 -2.40032086e-03 0.00000000e+00
      vertex -3.43103506e-03 -2.33463026e-03 0.00000000e+00
    endloop
  endfacet
  facet normal 0 0 0
    outer loop
      vertex 0.00000000e+00 0.00000000e+00 0.00000000e+00
      vertex -3.33851526e-03 -2.46511985e-03 0.00000000e+00
      vertex -3.38540393e-03 -2.40032086e-03 0.00000000e+00
    endloop
  endfacet
  facet normal 0 0 0
    outer loop
      vertex 0.00000000e+00 0.00000000e+00 0.00000000e+00
      vertex -3.29038647e-03 -2.52900314e-03 0.00000000e+00
      vertex -3.33851526e-03 -2.46511985e-03 0.00000000e+00
    endloop
  endfacet
  facet normal 0 0 0
    outer loop
      vertex 0.00000000e+00 0.00000000e+00 0.00000000e+00
      vertex -3.24103543e-03 -2.59194701e-03 0.00000000e+00
      vertex -3.29038647e-03 -2.52900314e-03 0.00000000e+00
    endloop
  endfacet
  facet normal 0 0 0
    outer loop
      vertex 0.00000000e+00 0.00000000e+00 0.00000000e+00
      vertex -3.19048049e-03 -2.65392808e-03 0.00000000e+00
      vertex -3.24103543e-03 -2.59194701e-03 0.00000000e+00
    endloop
  endfacet
  facet normal 0 0 0
    outer loop
      vertex 0.00000000e+00 0.00000000e+00 0.00000000e+00
      vertex -3.13874040e-03 -2.71492333e-03 0.00000000e+00
      vertex -3.19048049e-03 -2.65392808e-03 0.00000000e+00
    endloop
  endfacet
  facet normal 0 0 0
    outer loop
      vertex 0.00000000e+00 0.00000000e+00 0.00000000e+00
      vertex -3.08583441e-03 -2.77491009e-03 0.00000000e+00
      vertex -3.13874040e-03 -2.71492333e-03 0.00000000e+00
    endloop
  endfacet
  facet normal 0 0 0
    outer loop
      vertex 0.00000000e+00 0.00000000e+00 0.00000000e+00
      vertex -3.03178215e-03 -2.83386608e-03 0.00000000e+00
      vertex -3.08583441e-03 -2.77491009e-03 0.00000000e+00
    endloop
  endfacet
  facet normal 0 0 0
    outer loop
      vertex 0.00000000e+00 0.00000000e+00 0.00000000e+00
      vertex -2.97660371e-03 -2.89176941e-03 0.00000000e+00
      vertex -3.03178215e-03 -2.83386608e-03 0.00000000e+00
    endloop
  endfacet
  facet normal 0 0 0
    outer loop
      vertex 0.00000000e+00 0.00000000e+00 0.00000000e+00
      vertex -2.92031959e-03 -2.94859857e-03 0.00000000e+00
      vertex -2.97660371e-03 -2.89176941e-03 0.00000000e+00
    endloop
  endfacet
  facet normal 0 0 0
    outer loop
      vertex 0.00000000e+00 0.00000000e+00 0.00000000e+00
      vertex -2.86295068e-03 -3.00433244e-03 0.00000000e+00
      vertex -2.92031959e-03 -2.94859857e-03 0.00000000e+00
    endloop
  endfacet
  facet normal 0 0 0
    outer loop
      vertex 0.00000000e+00 0.00000000e+00 0.00000000e+00
      vertex -2.80451831e-03 -3.05895032e-03 0.00000000e+00
      vertex -2.86295068e-03 -3.00433244e-03 0.00000000e+00
    endloop
  endfacet
  facet normal 0 0 0
    outer loop
      vertex 0.00000000e+00 0.00000000e+00 0.00000000e+00
      vertex -2.74504417e-03 -3.11243193e-03 0.00000000e+00
      vertex -2.80451831e-03 -3.05895032e-03 0.00000000e+00
    endloop
  endfacet
  facet normal 0 0 0
    outer loop
      vertex 0.00000000e+00 0.00000000e+00 0.00000000e+00
      vertex -2.68455036e-03 -3.16475740e-03 0.00000000e+00
      vertex -2.74504417e-03 -3.11243193e-03 0.00000000e+00
    endloop
  endfacet
  facet normal 0 0 0
    outer loop
      vertex 0.00000000e+00 0.00000000e+00 0.00000000e+00
      vertex -2.62305935e-03 -3.21590729e-03 0.00000000e+00
      vertex -2.68455036e-03 -3.16475740e-03 0.00000000e+00
    endloop
  endfacet
  facet normal 0 0 0
    outer loop
      vertex 0.00000000e+00 0.00000000e+00 0.00000000e+00
      vertex -2.56059398e-03 -3.26586260e-03 0.00000000e+00
      vertex -2.62305935e-03 -3.21590729e-03 0.00000000e+00
    endloop
  endfacet
  facet normal 0 0 0
    outer loop
      vertex 0.00000000e+00 0.00000000e+00 0.00000000e+00
      vertex -2.49717745e-03 -3.31460477e-03 0.00000000e+00
      vertex -2.56059398e-03 -3.26586260e-03 0.00000000e+00
    endloop
  endfacet
  facet normal 0 0 0
    outer loop
      vertex 0.00000000e+00 0.00000000e+00 0.00000000e+00
      vertex -2.43283332e-03 -3.36211571e-03 0.00000000e+00
      vertex -2.49717745e-03 -3.31460477e-03 0.00000000e+00
    endloop
  endfacet
  facet normal 0 0 0
    outer loop
      vertex 0.00000000e+00 0.00000000e+00 0.00000000e+00
      vertex -2.36758550e-03 -3.40837775e-03 0.00000000e+00
      vertex -2.43283332e-03 -3.36211571e-03 0.00000000e+00
    endloop
  endfacet
  facet normal 0 0 0
    outer loop
      vertex 0.00000000e+00 0.00000000e+00 0.00000000e+00
      vertex -2.30145821e-03 -3.45337373e-03 0.00000000e+00
      vertex -2.36758550e-03 -3.40837775e-03 0.00000000e+00
    endloop
  endfacet
  facet normal 0 0 0
    outer loop
      vertex 0.00000000e+00 0.00000000e+00 0.00000000e+00
      vertex -2.23447603e-03 -3.49708692e-03 0.00000000e+00
      vertex -2.30145821e-03 -3.45337373e-03 0.00000000e+00
    endloop
  endfacet
  facet normal 0 0 0
    outer loop
      vertex 0.00000000e+00 0.00000000e+00 0.00000000e+00
      vertex -2.16666382e-03 -3.53950108e-03 0.00000000e+00
      vertex -2.23447603e-03 -3.49708692e-03 0.00000000e+00
    endloop
  endfacet
  facet normal 0 0 0
    outer loop
      vertex 0.00000000e+00 0.00000000e+00 0.00000000e+00
      vertex -2.09804680e-03 -3.58060046e-03 0.00000000e+00
      vertex -2.16666382e-03 -3.53950108e-03 0.00000000e+00
    endloop
  endfacet
  facet normal 0 0 0
    outer loop
      vertex 0.00000000e+00 0.00000000e+00 0.00000000e+00
      vertex -2.02865043e-03 -3.62036979e-03 0.00000000e+00
      vertex -2.09804680e-03 -3.58060046e-03 0.00000000e+00
    endloop
  endfacet
  facet normal 0 0 0
    outer loop
      vertex 0.00000000e+00 0.00000000e+00 0.00000000e+00
      vertex -1.95850050e-03 -3.65879431e-03 0.00000000e+00
      vertex -2.02865043e-03 -3.62036979e-03 0.00000000e+00
    endloop
  endfacet
  facet normal 0 0 0
    outer loop
      vertex 0.00000000e+00 0.00000000e+00 0.00000000e+00
      vertex -1.88762307e-03 -3.69585973e-03 0.00000000e+00
      vertex -1.95850050e-03 -3.65879431e-03 0.00000000e+00
    endloop
  endfacet
  facet normal 0 0 0
    outer loop
      vertex 0.00000000e+00 0.00000000e+00 0.00000000e+00
      vertex -1.81604447e-03 -3.73155229e-03 0.00000000e+00
      vertex -1.88762307e-03 -3.69585973e-03 0.00000000e+00
    endloop
  endfacet
  facet normal 0 0 0
    outer loop
      vertex 0.00000000e+00 0.00000000e+00 0.00000000e+00
      vertex -1.74379127e-03 -3.76585873e-03 0.00000000e+00
      vertex -1.81604447e-03 -3.73155229e-03 0.00000000e+00
    endloop
  endfacet
  facet normal 0 0 0
    outer loop
      vertex 0.00000000e+00 0.00000000e+00 0.00000000e+00
      vertex -1.67089033e-03 -3.79876631e-03 0.00000000e+00
      vertex -1.74379127e-03 -3.76585873e-03 0.00000000e+00
    endloop
  endfacet
  facet normal 0 0 0
    outer loop
      vertex 0.00000000e+00 0.00000000e+00 0.00000000e+00
      vertex -1.59736873e-03 -3.83026280e-03 0.00000000e+00
      vertex -1.67089033e-03 -3.79876631e-03 0.00000000e+00
    endloop
  endfacet
  facet normal 0 0 0
    outer loop
      vertex 0.00000000e+00 0.00000000e+00 0.00000000e+00
      vertex -1.52325376e-03 -3.86033651e-03 0.00000000e+00
      vertex -1.59736873e-03 -3.83026280e-03 0.00000000e+00
    endloop
  endfacet
  facet normal 0 0 0
    outer loop
      vertex 0.00000000e+00 0.00000000e+00 0.00000000e+00
      vertex -1.44857297e-03 -3.88897626e-03 0.00000000e+00
      vertex -1.52325376e-03 -3.86033651e-03 0.00000000e+00
    endloop
  endfacet
  facet normal 0 0 0
    outer loop
      vertex 0.00000000e+00 0.00000000e+00 0.00000000e+00
      vertex -1.37335410e-03 -3.91617141e-03 0.00000000e+00
      vertex -1.44857297e-03 -3.88897626e-03 0.00000000e+00
    endloop
  endfacet
  facet normal 0 0 0
    outer loop
      vertex 0.00000000e+00 0.00000000e+00 0.00000000e+00
      vertex -1.29762508e-03 -3.94191187e-03 0.00000000e+00
      vertex -1.37335410e-03 -3.91617141e-03 0.00000000e+00
    endloop
  endfacet
  facet normal 0 0 0
    outer loop
      vertex 0.00000000e+00 0.00000000e+00 0.00000000e+00
      vertex -1.22141404e-03 -3.96618806e-03 0.00000000e+00
      vertex -1.29762508e-03 -3.94191187e-03 0.00000000e+00
    endloop
  endfacet
  facet normal 0 0 0
    outer loop
      vertex 0.00000000e+00 0.00000000e+00 0.00000000e+00
      vertex -1.14474930e-03 -3.98899098e-03 0.00000000e+00
      vertex -1.22141404e-03 -3.96618806e-03 0.00000000e+00
    endloop
  endfacet
  facet normal 0 0 0
    outer loop
      vertex 0.00000000e+00 0.00000000e+00 0.00000000e+00
      vertex -1.06765933e-03 -4.01031215e-03 0.00000000e+00
      vertex -1.14474930e-03 -3.98899098e-03 0.00000000e+00
    endloop
  endfacet
  facet normal 0 0 0
    outer loop
      vertex 0.00000000e+00 0.00000000e+00 0.00000000e+00
      vertex -9.90172769e-04 -4.03014366e-03 0.00000000e+00
      vertex -1.06765933e-03 -4.01031215e-03 0.00000000e+00
    endloop
  endfacet
  facet normal 0 0 0
    outer loop
      vertex 0.00000000e+00 0.00000000e+00 0.00000000e+00
      vertex -9.12318399e-04 -4.04847813e-03 0.00000000e+00
      vertex -9.90172769e-04 -4.03014366e-03 0.00000000e+00
    endloop
  endfacet
  facet normal 0 0 0
    outer loop
      vertex 0.00000000e+00 0.00000000e+00 0.00000000e+00
      vertex -8.34125140e-04 -4.06530875e-03 0.00000000e+00
      vertex -9.12318399e-04 -4.04847813e-03 0.00000000e+00
    endloop
  endfacet
  facet normal 0 0 0
    outer loop
      vertex 0.00000000e+00 0.00000000e+00 0.00000000e+00
      vertex -7.55622038e-04 -4.08062928e-03 0.00000000e+00
      vertex -8.34125140e-04 -4.06530875e-03 0.00000000e+00
    endloop
  endfacet
  facet normal 0 0 0
    outer loop
      vertex 0.00000000e+00 0.00000000e+00 0.00000000e+00
      vertex -6.76838253e-04 -4.09443402e-03 0.00000000e+00
      vertex -7.55622038e-04 -4.08062928e-03 0.00000000e+00
    endloop
  endfacet
  facet normal 0 0 0
    outer loop
      vertex 0.00000000e+00 0.00000000e+00 0.00000000e+00
      vertex -5.97803050e-04 -4.10671785e-03 0.00000000e+00
      vertex -6.76838253e-04 -4.09443402e-03 0.00000000e+00
    endloop
  endfacet
  facet normal 0 0 0
    outer loop
      vertex 0.00000000e+00 0.00000000e+00 0.00000000e+00
      vertex -5.18545788e-04 -4.11747620e-03 0.00000000e+00
      vertex -5.97803050e-04 -4.10671785e-03 0.00000000e+00
    endloop
  endfacet
  facet normal 0 0 0
    outer loop
      vertex 0.00000000e+00 0.00000000e+00 0.00000000e+00
      vertex -4.39095907e-04 -4.12670508e-03 0.00000000e+00
      vertex -5.18545788e-04 -4.11747620e-03 0.00000000e+00
    endloop
  endfacet
  facet normal 0 0 0
    outer loop
      vertex 0.00000000e+00 0.00000000e+00 0.00000000e+00
      vertex -3.59482921e-04 -4.13440105e-03 0.00000000e+00
      vertex -4.39095907e-04 -4.12670508e-03 0.00000000e+00
    endloop
  endfacet
  facet normal 0 0 0
    outer loop
      vertex 0.00000000e+00 0.00000000e+00 0.00000000e+00
      vertex -2.79736400e-04 -4.14056126e-03 0.00000000e+00
      vertex -3.59482921e-04 -4.13440105e-03 0.00000000e+00
    endloop
  endfacet
  facet normal 0 0 0
    outer loop
      vertex 0.00000000e+00 0.00000000e+00 0.00000000e+00
      vertex -1.99885970e-04 -4.14518342e-03 0.00000000e+00
      vertex -2.79736400e-04 -4.14056126e-03 0.00000000e+00
    endloop
  endfacet
  facet normal 0 0 0
    outer loop
      vertex 0.00000000e+00 0.00000000e+00 0.00000000e+00
      vertex -1.19961289e-04 -4.14826582e-03 0.00000000e+00
      vertex -1.99885970e-04 -4.14518342e-03 0.00000000e+00
    endloop
  endfacet
  facet normal 0 0 0
    outer loop
      vertex 0.00000000e+00 0.00000000e+00 0.00000000e+00
      vertex -3.99920482e-05 -4.14980730e-03 0.00000000e+00
      vertex -1.19961289e-04 -4.14826582e-03 0.00000000e+00
    endloop
  endfacet
  facet normal 0 0 0
    outer loop
      vertex 0.00000000e+00 0.00000000e+00 0.00000000e+00
      vertex 3.99920482e-05 -4.14980730e-03 0.00000000e+00
      vertex -3.99920482e-05 -4.14980730e-03 0.00000000e+00
    endloop
  endfacet
  facet normal 0 0 0
    outer loop
      vertex 0.00000000e+00 0.00000000e+00 0.00000000e+00
      vertex 1.19961289e-04 -4.14826582e-03 0.00000000e+00
      vertex 3.99920482e-05 -4.14980730e-03 0.00000000e+00
    endloop
  endfacet
  facet normal 0 0 0
    outer loop
      vertex 0.00000000e+00 0.00000000e+00 0.00000000e+00
      vertex 1.99885970e-04 -4.14518342e-03 0.00000000e+00
      vertex 1.19961289e-04 -4.14826582e-03 0.00000000e+00
    endloop
  endfacet
  facet normal 0 0 0
    outer loop
      vertex 0.00000000e+00 0.00000000e+00 0.00000000e+00
      vertex 2.79736400e-04 -4.14056126e-03 0.00000000e+00
      vertex 1.99885970e-04 -4.14518342e-03 0.00000000e+00
    endloop
  endfacet
  facet normal 0 0 0
    outer loop
      vertex 0.00000000e+00 0.00000000e+00 0.00000000e+00
      vertex 3.59482921e-04 -4.13440105e-03 0.00000000e+00
      vertex 2.79736400e-04 -4.14056126e-03 0.00000000e+00
    endloop
  endfacet
  facet normal 0 0 0
    outer loop
      vertex 0.00000000e+00 0.00000000e+00 0.00000000e+00
      vertex 4.39095907e-04 -4.12670508e-03 0.00000000e+00
      vertex 3.59482921e-04 -4.13440105e-03 0.00000000e+00
    endloop
  endfacet
  facet normal 0 0 0
    outer loop
      vertex 0.00000000e+00 0.00000000e+00 0.00000000e+00
      vertex 5.18545788e-04 -4.11747620e-03 0.00000000e+00
      vertex 4.39095907e-04 -4.12670508e-03 0.00000000e+00
    endloop
  endfacet
  facet normal 0 0 0
    outer loop
      vertex 0.00000000e+00 0.00000000e+00 0.00000000e+00
      vertex 5.97803050e-04 -4.10671785e-03 0.00000000e+00
      vertex 5.18545788e-04 -4.11747620e-03 0.00000000e+00
    endloop
  endfacet
  facet normal 0 0 0
    outer loop
      vertex 0.00000000e+00 0.00000000e+00 0.00000000e+00
      vertex 6.76838253e-04 -4.09443402e-03 0.00000000e+00
      vertex 5.97803050e-04 -4.10671785e-03 0.00000000e+00
    endloop
  endfacet
  facet normal 0 0 0
    outer loop
      vertex 0.00000000e+00 0.00000000e+00 0.00000000e+00
      vertex 7.55622038e-04 -4.08062928e-03 0.00000000e+00
      vertex 6.76838253e-04 -4.09443402e-03 0.00000000e+00
    endloop
  endfacet
  facet normal 0 0 0
    outer loop
      vertex 0.00000000e+00 0.00000000e+00 0.00000000e+00
      vertex 8.34125140e-04 -4.06530875e-03 0.00000000e+00
      vertex 7.55622038e-04 -4.08062928e-03 0.00000000e+00
    endloop
  endfacet
  facet normal 0 0 0
    outer loop
      vertex 0.00000000e+00 0.00000000e+00 0.00000000e+00
      vertex 9.12318399e-04 -4.04847813e-03 0.00000000e+00
      vertex 8.34125140e-04 -4.06530875e-03 0.00000000e+00
    endloop
  endfacet
  facet normal 0 0 0
    outer loop
      vertex 0.00000000e+00 0.00000000e+00 0.00000000e+00
      vertex 9.90172769e-04 -4.03014366e-03 0.00000000e+00
      vertex 9.12318399e-04 -4.04847813e-03 0.00000000e+00
    endloop
  endfacet
  facet normal 0 0 0
    outer loop
      vertex 0.00000000e+00 0.00000000e+00 0.00000000e+00
      vertex 1.06765933e-03 -4.01031215e-03 0.00000000e+00
      vertex 9.90172769e-04 -4.03014366e-03 0.00000000e+00
    endloop
  endfacet
  facet normal 0 0 0
    outer loop
      vertex 0.00000000e+00 0.00000000e+00 0.00000000e+00
      vertex 1.14474930e-03 -3.98899098e-03 0.00000000e+00
      vertex 1.06765933e-03 -4.01031215e-03 0.00000000e+00
    endloop
  endfacet
  facet normal 0 0 0
    outer loop
      vertex 0.00000000e+00 0.00000000e+00 0.00000000e+00
      vertex 1.22141404e-03 -3.96618806e-03 0.00000000e+00
      vertex 1.14474930e-03 -3.98899098e-03 0.00000000e+00
    endloop
  endfacet
  facet normal 0 0 0
    outer loop
      vertex 0.00000000e+00 0.00000000e+00 0.00000000e+00
      vertex 1.29762508e-03 -3.94191187e-03 0.00000000e+00
      vertex 1.22141404e-03 -3.96618806e-03 0.00000000e+00
    endloop
  endfacet
  facet normal 0 0 0
    outer loop
      vertex 0.00000000e+00 0.00000000e+00 0.00000000e+00
      vertex 1.37335410e-03 -3.91617141e-03 0.00000000e+00
      vertex 1.29762508e-03 -3.94191187e-03 0.00000000e+00
    endloop
  endfacet
  facet normal 0 0 0
    outer loop
      vertex 0.00000000e+00 0.00000000e+00 0.00000000e+00
      vertex 1.44857297e-03 -3.88897626e-03 0.00000000e+00
      vertex 1.37335410e-03 -3.91617141e-03 0.00000000e+00
    endloop
  endfacet
  facet normal 0 0 0
    outer loop
      vertex 0.00000000e+00 0.00000000e+00 0.00000000e+00
      vertex 1.52325376e-03 -3.86033651e-03 0.00000000e+00
      vertex 1.44857297e-03 -3.88897626e-03 0.00000000e+00
    endloop
  endfacet
  facet normal 0 0 0
    outer loop
      vertex 0.00000000e+00 0.00000000e+00 0.00000000e+00
      vertex 1.59736873e-03 -3.83026280e-03 0.00000000e+00
      vertex 1.52325376e-03 -3.86033651e-03 0.00000000e+00
    endloop
  endfacet
  facet normal 0 0 0
    outer loop
      vertex 0.00000000e+00 0.00000000e+00 0.00000000e+00
      vertex 1.67089033e-03 -3.79876631e-03 0.00000000e+00
      vertex 1.59736873e-03 -3.83026280e-03 0.00000000e+00
    endloop
  endfacet
  facet normal 0 0 0
    outer loop
      vertex 0.00000000e+00 0.00000000e+00 0.00000000e+00
      vertex 1.74379127e-03 -3.76585873e-03 0.00000000e+00
      vertex 1.67089033e-03 -3.79876631e-03 0.00000000e+00
    endloop
  endfacet
  facet normal 0 0 0
    outer loop
      vertex 0.00000000e+00 0.00000000e+00 0.00000000e+00
      vertex 1.81604447e-03 -3.73155229e-03 0.00000000e+00
      vertex 1.74379127e-03 -3.76585873e-03 0.00000000e+00
    endloop
  endfacet
  facet normal 0 0 0
    outer loop
      vertex 0.00000000e+00 0.00000000e+00 0.00000000e+00
      vertex 1.88762307e-03 -3.69585973e-03 0.00000000e+00
      vertex 1.81604447e-03 -3.73155229e-03 0.00000000e+00
    endloop
  endfacet
  facet normal 0 0 0
    outer loop
      vertex 0.00000000e+00 0.00000000e+00 0.00000000e+00
      vertex 1.95850050e-03 -3.65879431e-03 0.00000000e+00
      vertex 1.88762307e-03 -3.69585973e-03 0.00000000e+00
    endloop
  endfacet
  facet normal 0 0 0
    outer loop
      vertex 0.00000000e+00 0.00000000e+00 0.00000000e+00
      vertex 2.02865043e-03 -3.62036979e-03 0.00000000e+00
      vertex 1.95850050e-03 -3.65879431e-03 0.00000000e+00
    endloop
  endfacet
  facet normal 0 0 0
    outer loop
      vertex 0.00000000e+00 0.00000000e+00 0.00000000e+00
      vertex 2.09804680e-03 -3.58060046e-03 0.00000000e+00
      vertex 2.02865043e-03 -3.62036979e-03 0.00000000e+00
    endloop
  endfacet
  facet normal 0 0 0
    outer loop
      vertex 0.00000000e+00 0.00000000e+00 0.00000000e+00
      vertex 2.16666382e-03 -3.53950108e-03 0.00000000e+00
      vertex 2.09804680e-03 -3.58060046e-03 0.00000000e+00
    endloop
  endfacet
  facet normal 0 0 0
    outer loop
      vertex 0.00000000e+00 0.00000000e+00 0.00000000e+00
      vertex 2.23447603e-03 -3.49708692e-03 0.00000000e+00
      vertex 2.16666382e-03 -3.53950108e-03 0.00000000e+00
    endloop
  endfacet
  facet normal 0 0 0
    outer loop
      vertex 0.00000000e+00 0.00000000e+00 0.00000000e+00
      vertex 2.30145821e-03 -3.45337373e-03 0.00000000e+00
      vertex 2.23447603e-03 -3.49708692e-03 0.00000000e+00
    endloop
  endfacet
  facet normal 0 0 0
    outer loop
      vertex 0.00000000e+00 0.00000000e+00 0.00000000e+00
      vertex 2.36758550e-03 -3.40837775e-03 0.00000000e+00
      vertex 2.30145821e-03 -3.45337373e-03 0.00000000e+00
    endloop
  endfacet
  facet normal 0 0 0
    outer loop
      vertex 0.00000000e+00 0.00000000e+00 0.00000000e+00
      vertex 2.43283332e-03 -3.36211571e-03 0.00000000e+00
      vertex 2.36758550e-03 -3.40837775e-03 0.00000000e+00
    endloop
  endfacet
  facet normal 0 0 0
    outer loop
      vertex 0.00000000e+00 0.00000000e+00 0.00000000e+00
      vertex 2.49717745e-03 -3.31460477e-03 0.00000000e+00
      vertex 2.43283332e-03 -3.36211571e-03 0.00000000e+00
    endloop
  endfacet
  facet normal 0 0 0
    outer loop
      vertex 0.00000000e+00 0.00000000e+00 0.00000000e+00
      vertex 2.56059398e-03 -3.26586260e-03 0.00000000e+00
      vertex 2.49717745e-03 -3.31460477e-03 0.00000000e+00
    endloop
  endfacet
  facet normal 0 0 0
    outer loop
      vertex 0.00000000e+00 0.00000000e+00 0.00000000e+00
      vertex 2.62305935e-03 -3.21590729e-03 0.00000000e+00
      vertex 2.56059398e-03 -3.26586260e-03 0.00000000e+00
    endloop
  endfacet
  facet normal 0 0 0
    outer loop
      vertex 0.00000000e+00 0.00000000e+00 0.00000000e+00
      vertex 2.68455036e-03 -3.16475740e-03 0.00000000e+00
      vertex 2.62305935e-03 -3.21590729e-03 0.00000000e+00
    endloop
  endfacet
  facet normal 0 0 0
    outer loop
      vertex 0.00000000e+00 0.00000000e+00 0.00000000e+00
      vertex 2.74504417e-03 -3.11243193e-03 0.00000000e+00
      vertex 2.68455036e-03 -3.16475740e-03 0.00000000e+00
    endloop
  endfacet
  facet normal 0 0 0
    outer loop
      vertex 0.00000000e+00 0.00000000e+00 0.00000000e+00
      vertex 2.80451831e-03 -3.05895032e-03 0.00000000e+00
      vertex 2.74504417e-03 -3.11243193e-03 0.00000000e+00
    endloop
  endfacet
  facet normal 0 0 0
    outer loop
      vertex 0.00000000e+00 0.00000000e+00 0.00000000e+00
      vertex 2.86295068e-03 -3.00433244e-03 0.00000000e+00
      vertex 2.80451831e-03 -3.05895032e-03 0.00000000e+00
    endloop
  endfacet
  facet normal 0 0 0
    outer loop
      vertex 0.00000000e+00 0.00000000e+00 0.00000000e+00
      vertex 2.92031959e-03 -2.94859857e-03 0.00000000e+00
      vertex 2.86295068e-03 -3.00433244e-03 0.00000000e+00
    endloop
  endfacet
  facet normal 0 0 0
    outer loop
      vertex 0.00000000e+00 0.00000000e+00 0.00000000e+00
      vertex 2.97660371e-03 -2.89176941e-03 0.00000000e+00
      vertex 2.92031959e-03 -2.94859857e-03 0.00000000e+00
    endloop
  endfacet
  facet normal 0 0 0
    outer loop
      vertex 0.00000000e+00 0.00000000e+00 0.00000000e+00
      vertex 3.03178215e-03 -2.83386608e-03 0.00000000e+00
      vertex 2.97660371e-03 -2.89176941e-03 0.00000000e+00
    endloop
  endfacet
  facet normal 0 0 0
    outer loop
      vertex 0.00000000e+00 0.00000000e+00 0.00000000e+00
      vertex 3.08583441e-03 -2.77491009e-03 0.00000000e+00
      vertex 3.03178215e-03 -2.83386608e-03 0.00000000e+00
    endloop
  endfacet
  facet normal 0 0 0
    outer loop
      vertex 0.00000000e+00 0.00000000e+00 0.00000000e+00
      vertex 3.13874040e-03 -2.71492333e-03 0.00000000e+00
      vertex 3.08583441e-03 -2.77491009e-03 0.00000000e+00
    endloop
  endfacet
  facet normal 0 0 0
    outer loop
      vertex 0.00000000e+00 0.00000000e+00 0.00000000e+00
      vertex 3.19048049e-03 -2.65392808e-03 0.00000000e+00
      vertex 3.13874040e-03 -2.71492333e-03 0.00000000e+00
    endloop
  endfacet
  facet normal 0 0 0
    outer loop
      vertex 0.00000000e+00 0.00000000e+00 0.00000000e+00
      vertex 3.24103543e-03 -2.59194701e-03 0.00000000e+00
      vertex 3.19048049e-03 -2.65392808e-03 0.00000000e+00
    endloop
  endfacet
  facet normal 0 0 0
    outer loop
      vertex 0.00000000e+00 0.00000000e+00 0.00000000e+00
      vertex 3.29038647e-03 -2.52900314e-03 0.00000000e+00
      vertex 3.24103543e-03 -2.59194701e-03 0.00000000e+00
    endloop
  endfacet
  facet normal 0 0 0
    outer loop
      vertex 0.00000000e+00 0.00000000e+00 0.00000000e+00
      vertex 3.33851526e-03 -2.46511985e-03 0.00000000e+00
      vertex 3.29038647e-03 -2.52900314e-03 0.00000000e+00
    endloop
  endfacet
  facet normal 0 0 0
    outer loop
      vertex 0.00000000e+00 0.00000000e+00 0.00000000e+00
      vertex 3.38540393e-03 -2.40032086e-03 0.00000000e+00
      vertex 3.33851526e-03 -2.46511985e-03 0.00000000e+00
    endloop
  endfacet
  facet normal 0 0 0
    outer loop
      vertex 0.00000000e+00 0.00000000e+00 0.00000000e+00
      vertex 3.43103506e-03 -2.33463026e-03 0.00000000e+00
      vertex 3.38540393e-03 -2.40032086e-03 0.00000000e+00
    endloop
  endfacet
  facet normal 0 0 0
    outer loop
      vertex 0.00000000e+00 0.00000000e+00 0.00000000e+00
      vertex 3.47539170e-03 -2.26807243e-03 0.00000000e+00
      vertex 3.43103506e-03 -2.33463026e-03 0.00000000e+00
    endloop
  endfacet
  facet normal 0 0 0
    outer loop
      vertex 0.00000000e+00 0.00000000e+00 0.00000000e+00
      vertex 3.51845737e-03 -2.20067211e-03 0.00000000e+00
      vertex 3.47539170e-03 -2.26807243e-03 0.00000000e+00
    endloop
  endfacet
  facet normal 0 0 0
    outer loop
      vertex 0.00000000e+00 0.00000000e+00 0.00000000e+00
      vertex 3.56021608e-03 -2.13245433e-03 0.00000000e+00
      vertex 3.51845737e-03 -2.20067211e-03 0.00000000e+00
    endloop
  endfacet
  facet normal 0 0 0
    outer loop
      vertex 0.00000000e+00 0.00000000e+00 0.00000000e+00
      vertex 3.60065232e-03 -2.06344443e-03 0.00000000e+00
      vertex 3.56021608e-03 -2.13245433e-03 0.00000000e+00
    endloop
  endfacet
  facet normal 0 0 0
    outer loop
      vertex 0.00000000e+00 0.00000000e+00 0.00000000e+00
      vertex 3.63975106e-03 -1.99366804e-03 0.00000000e+00
      vertex 3.60065232e-03 -2.06344443e-03 0.00000000e+00
    endloop
  endfacet
  facet normal 0 0 0
    outer loop
      vertex 0.00000000e+00 0.00000000e+00 0.00000000e+00
      vertex 3.67749778e-03 -1.92315109e-03 0.00000000e+00
      vertex 3.63975106e-03 -1.99366804e-03 0.00000000e+00
    endloop
  endfacet
  facet normal 0 0 0
    outer loop
      vertex 0.00000000e+00 0.00000000e+00 0.00000000e+00
      vertex 3.71387846e-03 -1.85191976e-03 0.00000000e+00
      vertex 3.67749778e-03 -1.92315109e-03 0.00000000e+00
    endloop
  endfacet
  facet normal 0 0 0
    outer loop
      vertex 0.00000000e+00 0.00000000e+00 0.00000000e+00
      vertex 3.74887959e-03 -1.78000052e-03 0.00000000e+00
      vertex 3.71387846e-03 -1.85191976e-03 0.00000000e+00
    endloop
  endfacet
  facet normal 0 0 0
    outer loop
      vertex 0.00000000e+00 0.00000000e+00 0.00000000e+00
      vertex 3.78248816e-03 -1.70742009e-03 0.00000000e+00
      vertex 3.74887959e-03 -1.78000052e-03 0.00000000e+00
    endloop
  endfacet
  facet normal 0 0 0
    outer loop
      vertex 0.00000000e+00 0.00000000e+00 0.00000000e+00
      vertex 3.81469169e-03 -1.63420541e-03 0.00000000e+00
      vertex 3.78248816e-03 -1.70742009e-03 0.00000000e+00
    endloop
  endfacet
  facet normal 0 0 0
    outer loop
      vertex 0.00000000e+00 0.00000000e+00 0.00000000e+00
      vertex 3.84547822e-03 -1.56038370e-03 0.00000000e+00
      vertex 3.81469169e-03 -1.63420541e-03 0.00000000e+00
    endloop
  endfacet
  facet normal 0 0 0
    outer loop
      vertex 0.00000000e+00 0.00000000e+00 0.00000000e+00
      vertex 3.87483631e-03 -1.48598237e-03 0.00000000e+00
      vertex 3.84547822e-03 -1.56038370e-03 0.00000000e+00
    endloop
  endfacet
  facet normal 0 0 0
    outer loop
      vertex 0.00000000e+00 0.00000000e+00 0.00000000e+00
      vertex 3.90275505e-03 -1.41102905e-03 0.00000000e+00
      vertex 3.87483631e-03 -1.48598237e-03 0.00000000e+00
    endloop
  endfacet
  facet normal 0 0 0
    outer loop
      vertex 0.00000000e+00 0.00000000e+00 0.00000000e+00
      vertex 3.92922409e-03 -1.33555160e-03 0.00000000e+00
      vertex 3.90275505e-03 -1.41102905e-03 0.00000000e+00
    endloop
  endfacet
  facet normal 0 0 0
    outer loop
      vertex 0.00000000e+00 0.00000000e+00 0.00000000e+00
      vertex 3.95423357e-03 -1.25957804e-03 0.00000000e+00
      vertex 3.92922409e-03 -1.33555160e-03 0.00000000e+00
    endloop
  endfacet
  facet normal 0 0 0
    outer loop
      vertex 0.00000000e+00 0.00000000e+00 0.00000000e+00
      vertex 3.97777422e-03 -1.18313661e-03 0.00000000e+00
      vertex 3.95423357e-03 -1.25957804e-03 0.00000000e+00
    endloop
  endfacet
  facet normal 0 0 0
    outer loop
      vertex 0.00000000e+00 0.00000000e+00 0.00000000e+00
      vertex 3.99983729e-03 -1.10625568e-03 0.00000000e+00
      vertex 3.97777422e-03 -1.18313661e-03 0.00000000e+00
    endloop
  endfacet
  facet normal 0 0 0
    outer loop
      vertex 0.00000000e+00 0.00000000e+00 0.00000000e+00
      vertex 4.02041459e-03 -1.02896383e-03 0.00000000e+00
      vertex 3.99983729e-03 -1.10625568e-03 0.00000000e+00
    endloop
  endfacet
  facet normal 0 0 0
    outer loop
      vertex 0.00000000e+00 0.00000000e+00 0.00000000e+00
      vertex 4.03949846e-03 -9.51289755e-04 0.00000000e+00
      vertex 4.02041459e-03 -1.02896383e-03 0.00000000e+00
    endloop
  endfacet
  facet normal 0 0 0
    outer loop
      vertex 0.00000000e+00 0.00000000e+00 0.00000000e+00
      vertex 4.05708182e-03 -8.73262318e-04 0.00000000e+00
      vertex 4.03949846e-03 -9.51289755e-04 0.00000000e+00
    endloop
  endfacet
  facet normal 0 0 0
    outer loop
      vertex 0.00000000e+00 0.00000000e+00 0.00000000e+00
      vertex 4.07315815e-03 -7.94910499e-04 0.00000000e+00
      vertex 4.05708182e-03 -8.73262318e-04 0.00000000e+00
    endloop
  endfacet
  facet normal 0 0 0
    outer loop
      vertex 0.00000000e+00 0.00000000e+00 0.00000000e+00
      vertex 4.08772146e-03 -7.16263404e-04 0.00000000e+00
      vertex 4.07315815e-03 -7.94910499e-04 0.00000000e+00
    endloop
  endfacet
  facet normal 0 0 0
    outer loop
      vertex 0.00000000e+00 0.00000000e+00 0.00000000e+00
      vertex 4.10076635e-03 -6.37350246e-04 0.00000000e+00
      vertex 4.08772146e-03 -7.16263404e-04 0.00000000e+00
    endloop
  endfacet
  facet normal 0 0 0
    outer loop
      vertex 0.00000000e+00 0.00000000e+00 0.00000000e+00
      vertex 4.11228797e-03 -5.58200338e-04 0.00000000e+00
      vertex 4.10076635e-03 -6.37350246e-04 0.00000000e+00
    endloop
  endfacet
  facet normal 0 0 0
    outer loop
      vertex 0.00000000e+00 0.00000000e+00 0.00000000e+00
      vertex 4.12228205e-03 -4.78843082e-04 0.00000000e+00
      vertex 4.11228797e-03 -5.58200338e-04 0.00000000e+00
    endloop
  endfacet
  facet normal 0 0 0
    outer loop
      vertex 0.00000000e+00 0.00000000e+00 0.00000000e+00
      vertex 4.13074487e-03 -3.99307955e-04 0.00000000e+00
      vertex 4.12228205e-03 -4.78843082e-04 0.00000000e+00
    endloop
  endfacet
  facet normal 0 0 0
    outer loop
      vertex 0.00000000e+00 0.00000000e+00 0.00000000e+00
      vertex 4.13767328e-03 -3.19624502e-04 0.00000000e+00
      vertex 4.13074487e-03 -3.99307955e-04 0.00000000e+00
    endloop
  endfacet
  facet normal 0 0 0
    outer loop
      vertex 0.00000000e+00 0.00000000e+00 0.00000000e+00
      vertex 4.14306472e-03 -2.39822321e-04 0.00000000e+00
      vertex 4.13767328e-03 -3.19624502e-04 0.00000000e+00
    endloop
  endfacet
  facet normal 0 0 0
    outer loop
      vertex 0.00000000e+00 0.00000000e+00 0.00000000e+00
      vertex 4.14691718e-03 -1.59931056e-04 0.00000000e+00
      vertex 4.14306472e-03 -2.39822321e-04 0.00000000e+00
    endloop
  endfacet
  facet normal 0 0 0
    outer loop
      vertex 0.00000000e+00 0.00000000e+00 0.00000000e+00
      vertex 4.14922922e-03 -7.99803825e-05 0.00000000e+00
      vertex 4.14691718e-03 -1.59931056e-04 0.00000000e+00
    endloop
  endfacet
  facet normal 0 0 0
    outer loop
      vertex 0.00000000e+00 0.00000000e+00 0.00000000e+00
      vertex 4.15000000e-03 0.00000000e+00 0.00000000e+00
      vertex 4.14922922e-03 -7.99803825e-05 0.00000000e+00
    endloop
  endfacet
endsolid walls
solid atmosphere
  facet normal 0 0 0
    outer loop
      vertex 0.00000000e+00 0.00000000e+00 8.20000000e-03
      vertex 4.15000000e-03 0.00000000e+00 8.20000000e-03
      vertex 4.14922922e-03 7.99803825e-05 8.20000000e-03
    endloop
  endfacet
  facet normal 0 0 0
    outer loop
      vertex 0.00000000e+00 0.00000000e+00 8.20000000e-03
      vertex 4.14922922e-03 7.99803825e-05 8.20000000e-03
      vertex 4.14691718e-03 1.59931056e-04 8.20000000e-03
    endloop
  endfacet
  facet normal 0 0 0
    outer loop
      vertex 0.00000000e+00 0.00000000e+00 8.20000000e-03
      vertex 4.14691718e-03 1.59931056e-04 8.20000000e-03
      vertex 4.14306472e-03 2.39822321e-04 8.20000000e-03
    endloop
  endfacet
  facet normal 0 0 0
    outer loop
      vertex 0.00000000e+00 0.00000000e+00 8.20000000e-03
      vertex 4.14306472e-03 2.39822321e-04 8.20000000e-03
      vertex 4.13767328e-03 3.19624502e-04 8.20000000e-03
    endloop
  endfacet
  facet normal 0 0 0
    outer loop
      vertex 0.00000000e+00 0.00000000e+00 8.20000000e-03
      vertex 4.13767328e-03 3.19624502e-04 8.20000000e-03
      vertex 4.13074487e-03 3.99307955e-04 8.20000000e-03
    endloop
  endfacet
  facet normal 0 0 0
    outer loop
      vertex 0.00000000e+00 0.00000000e+00 8.20000000e-03
      vertex 4.13074487e-03 3.99307955e-04 8.20000000e-03
      vertex 4.12228205e-03 4.78843082e-04 8.20000000e-03
    endloop
  endfacet
  facet normal 0 0 0
    outer loop
      vertex 0.00000000e+00 0.00000000e+00 8.20000000e-03
      vertex 4.12228205e-03 4.78843082e-04 8.20000000e-03
      vertex 4.11228797e-03 5.58200338e-04 8.20000000e-03
    endloop
  endfacet
  facet normal 0 0 0
    outer loop
      vertex 0.00000000e+00 0.00000000e+00 8.20000000e-03
      vertex 4.11228797e-03 5.58200338e-04 8.20000000e-03
      vertex 4.10076635e-03 6.37350246e-04 8.20000000e-03
    endloop
  endfacet
  facet normal 0 0 0
    outer loop
      vertex 0.00000000e+00 0.00000000e+00 8.20000000e-03
      vertex 4.10076635e-03 6.37350246e-04 8.20000000e-03
      vertex 4.08772146e-03 7.16263404e-04 8.20000000e-03
    endloop
  endfacet
  facet normal 0 0 0
    outer loop
      vertex 0.00000000e+00 0.00000000e+00 8.20000000e-03
      vertex 4.08772146e-03 7.16263404e-04 8.20000000e-03
      vertex 4.07315815e-03 7.94910499e-04 8.20000000e-03
    endloop
  endfacet
  facet normal 0 0 0
    outer loop
      vertex 0.00000000e+00 0.00000000e+00 8.20000000e-03
      vertex 4.07315815e-03 7.94910499e-04 8.20000000e-03
      vertex 4.05708182e-03 8.73262318e-04 8.20000000e-03
    endloop
  endfacet
  facet normal 0 0 0
    outer loop
      vertex 0.00000000e+00 0.00000000e+00 8.20000000e-03
      vertex 4.05708182e-03 8.73262318e-04 8.20000000e-03
      vertex 4.03949846e-03 9.51289755e-04 8.20000000e-03
    endloop
  endfacet
  facet normal 0 0 0
    outer loop
      vertex 0.00000000e+00 0.00000000e+00 8.20000000e-03
      vertex 4.03949846e-03 9.51289755e-04 8.20000000e-03
      vertex 4.02041459e-03 1.02896383e-03 8.20000000e-03
    endloop
  endfacet
  facet normal 0 0 0
    outer loop
      vertex 0.00000000e+00 0.00000000e+00 8.20000000e-03
      vertex 4.02041459e-03 1.02896383e-03 8.20000000e-03
      vertex 3.99983729e-03 1.10625568e-03 8.20000000e-03
    endloop
  endfacet
  facet normal 0 0 0
    outer loop
      vertex 0.00000000e+00 0.00000000e+00 8.20000000e-03
      vertex 3.99983729e-03 1.10625568e-03 8.20000000e-03
      vertex 3.97777422e-03 1.18313661e-03 8.20000000e-03
    endloop
  endfacet
  facet normal 0 0 0
    outer loop
      vertex 0.00000000e+00 0.00000000e+00 8.20000000e-03
      vertex 3.97777422e-03 1.18313661e-03 8.20000000e-03
      vertex 3.95423357e-03 1.25957804e-03 8.20000000e-03
    endloop
  endfacet
  facet normal 0 0 0
    outer loop
      vertex 0.00000000e+00 0.00000000e+00 8.20000000e-03
      vertex 3.95423357e-03 1.25957804e-03 8.20000000e-03
      vertex 3.92922409e-03 1.33555160e-03 8.20000000e-03
    endloop
  endfacet
  facet normal 0 0 0
    outer loop
      vertex 0.00000000e+00 0.00000000e+00 8.20000000e-03
      vertex 3.92922409e-03 1.33555160e-03 8.20000000e-03
      vertex 3.90275505e-03 1.41102905e-03 8.20000000e-03
    endloop
  endfacet
  facet normal 0 0 0
    outer loop
      vertex 0.00000000e+00 0.00000000e+00 8.20000000e-03
      vertex 3.90275505e-03 1.41102905e-03 8.20000000e-03
      vertex 3.87483631e-03 1.48598237e-03 8.20000000e-03
    endloop
  endfacet
  facet normal 0 0 0
    outer loop
      vertex 0.00000000e+00 0.00000000e+00 8.20000000e-03
      vertex 3.87483631e-03 1.48598237e-03 8.20000000e-03
      vertex 3.84547822e-03 1.56038370e-03 8.20000000e-03
    endloop
  endfacet
  facet normal 0 0 0
    outer loop
      vertex 0.00000000e+00 0.00000000e+00 8.20000000e-03
      vertex 3.84547822e-03 1.56038370e-03 8.20000000e-03
      vertex 3.81469169e-03 1.63420541e-03 8.20000000e-03
    endloop
  endfacet
  facet normal 0 0 0
    outer loop
      vertex 0.00000000e+00 0.00000000e+00 8.20000000e-03
      vertex 3.81469169e-03 1.63420541e-03 8.20000000e-03
      vertex 3.78248816e-03 1.70742009e-03 8.20000000e-03
    endloop
  endfacet
  facet normal 0 0 0
    outer loop
      vertex 0.00000000e+00 0.00000000e+00 8.20000000e-03
      vertex 3.78248816e-03 1.70742009e-03 8.20000000e-03
      vertex 3.74887959e-03 1.78000052e-03 8.20000000e-03
    endloop
  endfacet
  facet normal 0 0 0
    outer loop
      vertex 0.00000000e+00 0.00000000e+00 8.20000000e-03
      vertex 3.74887959e-03 1.78000052e-03 8.20000000e-03
      vertex 3.71387846e-03 1.85191976e-03 8.20000000e-03
    endloop
  endfacet
  facet normal 0 0 0
    outer loop
      vertex 0.00000000e+00 0.00000000e+00 8.20000000e-03
      vertex 3.71387846e-03 1.85191976e-03 8.20000000e-03
      vertex 3.67749778e-03 1.92315109e-03 8.20000000e-03
    endloop
  endfacet
  facet normal 0 0 0
    outer loop
      vertex 0.00000000e+00 0.00000000e+00 8.20000000e-03
      vertex 3.67749778e-03 1.92315109e-03 8.20000000e-03
      vertex 3.63975106e-03 1.99366804e-03 8.20000000e-03
    endloop
  endfacet
  facet normal 0 0 0
    outer loop
      vertex 0.00000000e+00 0.00000000e+00 8.20000000e-03
      vertex 3.63975106e-03 1.99366804e-03 8.20000000e-03
      vertex 3.60065232e-03 2.06344443e-03 8.20000000e-03
    endloop
  endfacet
  facet normal 0 0 0
    outer loop
      vertex 0.00000000e+00 0.00000000e+00 8.20000000e-03
      vertex 3.60065232e-03 2.06344443e-03 8.20000000e-03
      vertex 3.56021608e-03 2.13245433e-03 8.20000000e-03
    endloop
  endfacet
  facet normal 0 0 0
    outer loop
      vertex 0.00000000e+00 0.00000000e+00 8.20000000e-03
      vertex 3.56021608e-03 2.13245433e-03 8.20000000e-03
      vertex 3.51845737e-03 2.20067211e-03 8.20000000e-03
    endloop
  endfacet
  facet normal 0 0 0
    outer loop
      vertex 0.00000000e+00 0.00000000e+00 8.20000000e-03
      vertex 3.51845737e-03 2.20067211e-03 8.20000000e-03
      vertex 3.47539170e-03 2.26807243e-03 8.20000000e-03
    endloop
  endfacet
  facet normal 0 0 0
    outer loop
      vertex 0.00000000e+00 0.00000000e+00 8.20000000e-03
      vertex 3.47539170e-03 2.26807243e-03 8.20000000e-03
      vertex 3.43103506e-03 2.33463026e-03 8.20000000e-03
    endloop
  endfacet
  facet normal 0 0 0
    outer loop
      vertex 0.00000000e+00 0.00000000e+00 8.20000000e-03
      vertex 3.43103506e-03 2.33463026e-03 8.20000000e-03
      vertex 3.38540393e-03 2.40032086e-03 8.20000000e-03
    endloop
  endfacet
  facet normal 0 0 0
    outer loop
      vertex 0.00000000e+00 0.00000000e+00 8.20000000e-03
      vertex 3.38540393e-03 2.40032086e-03 8.20000000e-03
      vertex 3.33851526e-03 2.46511985e-03 8.20000000e-03
    endloop
  endfacet
  facet normal 0 0 0
    outer loop
      vertex 0.00000000e+00 0.00000000e+00 8.20000000e-03
      vertex 3.33851526e-03 2.46511985e-03 8.20000000e-03
      vertex 3.29038647e-03 2.52900314e-03 8.20000000e-03
    endloop
  endfacet
  facet normal 0 0 0
    outer loop
      vertex 0.00000000e+00 0.00000000e+00 8.20000000e-03
      vertex 3.29038647e-03 2.52900314e-03 8.20000000e-03
      vertex 3.24103543e-03 2.59194701e-03 8.20000000e-03
    endloop
  endfacet
  facet normal 0 0 0
    outer loop
      vertex 0.00000000e+00 0.00000000e+00 8.20000000e-03
      vertex 3.24103543e-03 2.59194701e-03 8.20000000e-03
      vertex 3.19048049e-03 2.65392808e-03 8.20000000e-03
    endloop
  endfacet
  facet normal 0 0 0
    outer loop
      vertex 0.00000000e+00 0.00000000e+00 8.20000000e-03
      vertex 3.19048049e-03 2.65392808e-03 8.20000000e-03
      vertex 3.13874040e-03 2.71492333e-03 8.20000000e-03
    endloop
  endfacet
  facet normal 0 0 0
    outer loop
      vertex 0.00000000e+00 0.00000000e+00 8.20000000e-03
      vertex 3.13874040e-03 2.71492333e-03 8.20000000e-03
      vertex 3.08583441e-03 2.77491009e-03 8.20000000e-03
    endloop
  endfacet
  facet normal 0 0 0
    outer loop
      vertex 0.00000000e+00 0.00000000e+00 8.20000000e-03
      vertex 3.08583441e-03 2.77491009e-03 8.20000000e-03
      vertex 3.03178215e-03 2.83386608e-03 8.20000000e-03
    endloop
  endfacet
  facet normal 0 0 0
    outer loop
      vertex 0.00000000e+00 0.00000000e+00 8.20000000e-03
      vertex 3.03178215e-03 2.83386608e-03 8.20000000e-03
      vertex 2.97660371e-03 2.89176941e-03 8.20000000e-03
    endloop
  endfacet
  facet normal 0 0 0
    outer loop
      vertex 0.00000000e+00 0.00000000e+00 8.20000000e-03
      vertex 2.97660371e-03 2.89176941e-03 8.20000000e-03
      vertex 2.92031959e-03 2.94859857e-03 8.20000000e-03
    endloop
  endfacet
  facet normal 0 0 0
    outer loop
      vertex 0.00000000e+00 0.00000000e+00 8.20000000e-03
      vertex 2.92031959e-03 2.94859857e-03 8.20000000e-03
      vertex 2.86295068e-03 3.00433244e-03 8.20000000e-03
    endloop
  endfacet
  facet normal 0 0 0
    outer loop
      vertex 0.00000000e+00 0.00000000e+00 8.20000000e-03
      vertex 2.86295068e-03 3.00433244e-03 8.20000000e-03
      vertex 2.80451831e-03 3.05895032e-03 8.20000000e-03
    endloop
  endfacet
  facet normal 0 0 0
    outer loop
      vertex 0.00000000e+00 0.00000000e+00 8.20000000e-03
      vertex 2.80451831e-03 3.05895032e-03 8.20000000e-03
      vertex 2.74504417e-03 3.11243193e-03 8.20000000e-03
    endloop
  endfacet
  facet normal 0 0 0
    outer loop
      vertex 0.00000000e+00 0.00000000e+00 8.20000000e-03
      vertex 2.74504417e-03 3.11243193e-03 8.20000000e-03
      vertex 2.68455036e-03 3.16475740e-03 8.20000000e-03
    endloop
  endfacet
  facet normal 0 0 0
    outer loop
      vertex 0.00000000e+00 0.00000000e+00 8.20000000e-03
      vertex 2.68455036e-03 3.16475740e-03 8.20000000e-03
      vertex 2.62305935e-03 3.21590729e-03 8.20000000e-03
    endloop
  endfacet
  facet normal 0 0 0
    outer loop
      vertex 0.00000000e+00 0.00000000e+00 8.20000000e-03
      vertex 2.62305935e-03 3.21590729e-03 8.20000000e-03
      vertex 2.56059398e-03 3.26586260e-03 8.20000000e-03
    endloop
  endfacet
  facet normal 0 0 0
    outer loop
      vertex 0.00000000e+00 0.00000000e+00 8.20000000e-03
      vertex 2.56059398e-03 3.26586260e-03 8.20000000e-03
      vertex 2.49717745e-03 3.31460477e-03 8.20000000e-03
    endloop
  endfacet
  facet normal 0 0 0
    outer loop
      vertex 0.00000000e+00 0.00000000e+00 8.20000000e-03
      vertex 2.49717745e-03 3.31460477e-03 8.20000000e-03
      vertex 2.43283332e-03 3.36211571e-03 8.20000000e-03
    endloop
  endfacet
  facet normal 0 0 0
    outer loop
      vertex 0.00000000e+00 0.00000000e+00 8.20000000e-03
      vertex 2.43283332e-03 3.36211571e-03 8.20000000e-03
      vertex 2.36758550e-03 3.40837775e-03 8.20000000e-03
    endloop
  endfacet
  facet normal 0 0 0
    outer loop
      vertex 0.00000000e+00 0.00000000e+00 8.20000000e-03
      vertex 2.36758550e-03 3.40837775e-03 8.20000000e-03
      vertex 2.30145821e-03 3.45337373e-03 8.20000000e-03
    endloop
  endfacet
  facet normal 0 0 0
    outer loop
      vertex 0.00000000e+00 0.00000000e+00 8.20000000e-03
      vertex 2.30145821e-03 3.45337373e-03 8.20000000e-03
      vertex 2.23447603e-03 3.49708692e-03 8.20000000e-03
    endloop
  endfacet
  facet normal 0 0 0
    outer loop
      vertex 0.00000000e+00 0.00000000e+00 8.20000000e-03
      vertex 2.23447603e-03 3.49708692e-03 8.20000000e-03
      vertex 2.16666382e-03 3.53950108e-03 8.20000000e-03
    endloop
  endfacet
  facet normal 0 0 0
    outer loop
      vertex 0.00000000e+00 0.00000000e+00 8.20000000e-03
      vertex 2.16666382e-03 3.53950108e-03 8.20000000e-03
      vertex 2.09804680e-03 3.58060046e-03 8.20000000e-03
    endloop
  endfacet
  facet normal 0 0 0
    outer loop
      vertex 0.00000000e+00 0.00000000e+00 8.20000000e-03
      vertex 2.09804680e-03 3.58060046e-03 8.20000000e-03
      vertex 2.02865043e-03 3.62036979e-03 8.20000000e-03
    endloop
  endfacet
  facet normal 0 0 0
    outer loop
      vertex 0.00000000e+00 0.00000000e+00 8.20000000e-03
      vertex 2.02865043e-03 3.62036979e-03 8.20000000e-03
      vertex 1.95850050e-03 3.65879431e-03 8.20000000e-03
    endloop
  endfacet
  facet normal 0 0 0
    outer loop
      vertex 0.00000000e+00 0.00000000e+00 8.20000000e-03
      vertex 1.95850050e-03 3.65879431e-03 8.20000000e-03
      vertex 1.88762307e-03 3.69585973e-03 8.20000000e-03
    endloop
  endfacet
  facet normal 0 0 0
    outer loop
      vertex 0.00000000e+00 0.00000000e+00 8.20000000e-03
      vertex 1.88762307e-03 3.69585973e-03 8.20000000e-03
      vertex 1.81604447e-03 3.73155229e-03 8.20000000e-03
    endloop
  endfacet
  facet normal 0 0 0
    outer loop
      vertex 0.00000000e+00 0.00000000e+00 8.20000000e-03
      vertex 1.81604447e-03 3.73155229e-03 8.20000000e-03
      vertex 1.74379127e-03 3.76585873e-03 8.20000000e-03
    endloop
  endfacet
  facet normal 0 0 0
    outer loop
      vertex 0.00000000e+00 0.00000000e+00 8.20000000e-03
      vertex 1.74379127e-03 3.76585873e-03 8.20000000e-03
      vertex 1.67089033e-03 3.79876631e-03 8.20000000e-03
    endloop
  endfacet
  facet normal 0 0 0
    outer loop
      vertex 0.00000000e+00 0.00000000e+00 8.20000000e-03
      vertex 1.67089033e-03 3.79876631e-03 8.20000000e-03
      vertex 1.59736873e-03 3.83026280e-03 8.20000000e-03
    endloop
  endfacet
  facet normal 0 0 0
    outer loop
      vertex 0.00000000e+00 0.00000000e+00 8.20000000e-03
      vertex 1.59736873e-03 3.83026280e-03 8.20000000e-03
      vertex 1.52325376e-03 3.86033651e-03 8.20000000e-03
    endloop
  endfacet
  facet normal 0 0 0
    outer loop
      vertex 0.00000000e+00 0.00000000e+00 8.20000000e-03
      vertex 1.52325376e-03 3.86033651e-03 8.20000000e-03
      vertex 1.44857297e-03 3.88897626e-03 8.20000000e-03
    endloop
  endfacet
  facet normal 0 0 0
    outer loop
      vertex 0.00000000e+00 0.00000000e+00 8.20000000e-03
      vertex 1.44857297e-03 3.88897626e-03 8.20000000e-03
      vertex 1.37335410e-03 3.91617141e-03 8.20000000e-03
    endloop
  endfacet
  facet normal 0 0 0
    outer loop
      vertex 0.00000000e+00 0.00000000e+00 8.20000000e-03
      vertex 1.37335410e-03 3.91617141e-03 8.20000000e-03
      vertex 1.29762508e-03 3.94191187e-03 8.20000000e-03
    endloop
  endfacet
  facet normal 0 0 0
    outer loop
      vertex 0.00000000e+00 0.00000000e+00 8.20000000e-03
      vertex 1.29762508e-03 3.94191187e-03 8.20000000e-03
      vertex 1.22141404e-03 3.96618806e-03 8.20000000e-03
    endloop
  endfacet
  facet normal 0 0 0
    outer loop
      vertex 0.00000000e+00 0.00000000e+00 8.20000000e-03
      vertex 1.22141404e-03 3.96618806e-03 8.20000000e-03
      vertex 1.14474930e-03 3.98899098e-03 8.20000000e-03
    endloop
  endfacet
  facet normal 0 0 0
    outer loop
      vertex 0.00000000e+00 0.00000000e+00 8.20000000e-03
      vertex 1.14474930e-03 3.98899098e-03 8.20000000e-03
      vertex 1.06765933e-03 4.01031215e-03 8.20000000e-03
    endloop
  endfacet
  facet normal 0 0 0
    outer loop
      vertex 0.00000000e+00 0.00000000e+00 8.20000000e-03
      vertex 1.06765933e-03 4.01031215e-03 8.20000000e-03
      vertex 9.90172769e-04 4.03014366e-03 8.20000000e-03
    endloop
  endfacet
  facet normal 0 0 0
    outer loop
      vertex 0.00000000e+00 0.00000000e+00 8.20000000e-03
      vertex 9.90172769e-04 4.03014366e-03 8.20000000e-03
      vertex 9.12318399e-04 4.04847813e-03 8.20000000e-03
    endloop
  endfacet
  facet normal 0 0 0
    outer loop
      vertex 0.00000000e+00 0.00000000e+00 8.20000000e-03
      vertex 9.12318399e-04 4.04847813e-03 8.20000000e-03
      vertex 8.34125140e-04 4.06530875e-03 8.20000000e-03
    endloop
  endfacet
  facet normal 0 0 0
    outer loop
      vertex 0.00000000e+00 0.00000000e+00 8.20000000e-03
      vertex 8.34125140e-04 4.06530875e-03 8.20000000e-03
      vertex 7.55622038e-04 4.08062928e-03 8.20000000e-03
    endloop
  endfacet
  facet normal 0 0 0
    outer loop
      vertex 0.00000000e+00 0.00000000e+00 8.20000000e-03
      vertex 7.55622038e-04 4.08062928e-03 8.20000000e-03
      vertex 6.76838253e-04 4.09443402e-03 8.20000000e-03
    endloop
  endfacet
  facet normal 0 0 0
    outer loop
      vertex 0.00000000e+00 0.00000000e+00 8.20000000e-03
      vertex 6.76838253e-04 4.09443402e-03 8.20000000e-03
      vertex 5.97803050e-04 4.10671785e-03 8.20000000e-03
    endloop
  endfacet
  facet normal 0 0 0
    outer loop
      vertex 0.00000000e+00 0.00000000e+00 8.20000000e-03
      vertex 5.97803050e-04 4.10671785e-03 8.20000000e-03
      vertex 5.18545788e-04 4.11747620e-03 8.20000000e-03
    endloop
  endfacet
  facet normal 0 0 0
    outer loop
      vertex 0.00000000e+00 0.00000000e+00 8.20000000e-03
      vertex 5.18545788e-04 4.11747620e-03 8.20000000e-03
      vertex 4.39095907e-04 4.12670508e-03 8.20000000e-03
    endloop
  endfacet
  facet normal 0 0 0
    outer loop
      vertex 0.00000000e+00 0.00000000e+00 8.20000000e-03
      vertex 4.39095907e-04 4.12670508e-03 8.20000000e-03
      vertex 3.59482921e-04 4.13440105e-03 8.20000000e-03
    endloop
  endfacet
  facet normal 0 0 0
    outer loop
      vertex 0.00000000e+00 0.00000000e+00 8.20000000e-03
      vertex 3.59482921e-04 4.13440105e-03 8.20000000e-03
      vertex 2.79736400e-04 4.14056126e-03 8.20000000e-03
    endloop
  endfacet
  facet normal 0 0 0
    outer loop
      vertex 0.00000000e+00 0.00000000e+00 8.20000000e-03
      vertex 2.79736400e-04 4.14056126e-03 8.20000000e-03
      vertex 1.99885970e-04 4.14518342e-03 8.20000000e-03
    endloop
  endfacet
  facet normal 0 0 0
    outer loop
      vertex 0.00000000e+00 0.00000000e+00 8.20000000e-03
      vertex 1.99885970e-04 4.14518342e-03 8.20000000e-03
      vertex 1.19961289e-04 4.14826582e-03 8.20000000e-03
    endloop
  endfacet
  facet normal 0 0 0
    outer loop
      vertex 0.00000000e+00 0.00000000e+00 8.20000000e-03
      vertex 1.19961289e-04 4.14826582e-03 8.20000000e-03
      vertex 3.99920482e-05 4.14980730e-03 8.20000000e-03
    endloop
  endfacet
  facet normal 0 0 0
    outer loop
      vertex 0.00000000e+00 0.00000000e+00 8.20000000e-03
      vertex 3.99920482e-05 4.14980730e-03 8.20000000e-03
      vertex -3.99920482e-05 4.14980730e-03 8.20000000e-03
    endloop
  endfacet
  facet normal 0 0 0
    outer loop
      vertex 0.00000000e+00 0.00000000e+00 8.20000000e-03
      vertex -3.99920482e-05 4.14980730e-03 8.20000000e-03
      vertex -1.19961289e-04 4.14826582e-03 8.20000000e-03
    endloop
  endfacet
  facet normal 0 0 0
    outer loop
      vertex 0.00000000e+00 0.00000000e+00 8.20000000e-03
      vertex -1.19961289e-04 4.14826582e-03 8.20000000e-03
      vertex -1.99885970e-04 4.14518342e-03 8.20000000e-03
    endloop
  endfacet
  facet normal 0 0 0
    outer loop
      vertex 0.00000000e+00 0.00000000e+00 8.20000000e-03
      vertex -1.99885970e-04 4.14518342e-03 8.20000000e-03
      vertex -2.79736400e-04 4.14056126e-03 8.20000000e-03
    endloop
  endfacet
  facet normal 0 0 0
    outer loop
      vertex 0.00000000e+00 0.00000000e+00 8.20000000e-03
      vertex -2.79736400e-04 4.14056126e-03 8.20000000e-03
      vertex -3.59482921e-04 4.13440105e-03 8.20000000e-03
    endloop
  endfacet
  facet normal 0 0 0
    outer loop
      vertex 0.00000000e+00 0.00000000e+00 8.20000000e-03
      vertex -3.59482921e-04 4.13440105e-03 8.20000000e-03
      vertex -4.39095907e-04 4.12670508e-03 8.20000000e-03
    endloop
  endfacet
  facet normal 0 0 0
    outer loop
      vertex 0.00000000e+00 0.00000000e+00 8.20000000e-03
      vertex -4.39095907e-04 4.12670508e-03 8.20000000e-03
      vertex -5.18545788e-04 4.11747620e-03 8.20000000e-03
    endloop
  endfacet
  facet normal 0 0 0
    outer loop
      vertex 0.00000000e+00 0.00000000e+00 8.20000000e-03
      vertex -5.18545788e-04 4.11747620e-03 8.20000000e-03
      vertex -5.97803050e-04 4.10671785e-03 8.20000000e-03
    endloop
  endfacet
  facet normal 0 0 0
    outer loop
      vertex 0.00000000e+00 0.00000000e+00 8.20000000e-03
      vertex -5.97803050e-04 4.10671785e-03 8.20000000e-03
      vertex -6.76838253e-04 4.09443402e-03 8.20000000e-03
    endloop
  endfacet
  facet normal 0 0 0
    outer loop
      vertex 0.00000000e+00 0.00000000e+00 8.20000000e-03
      vertex -6.76838253e-04 4.09443402e-03 8.20000000e-03
      vertex -7.55622038e-04 4.08062928e-03 8.20000000e-03
    endloop
  endfacet
  facet normal 0 0 0
    outer loop
      vertex 0.00000000e+00 0.00000000e+00 8.20000000e-03
      vertex -7.55622038e-04 4.08062928e-03 8.20000000e-03
      vertex -8.34125140e-04 4.06530875e-03 8.20000000e-03
    endloop
  endfacet
  facet normal 0 0 0
    outer loop
      vertex 0.00000000e+00 0.00000000e+00 8.20000000e-03
      vertex -8.34125140e-04 4.06530875e-03 8.20000000e-03
      vertex -9.12318399e-04 4.04847813e-03 8.20000000e-03
    endloop
  endfacet
  facet normal 0 0 0
    outer loop
      vertex 0.00000000e+00 0.00000000e+00 8.20000000e-03
      vertex -9.12318399e-04 4.04847813e-03 8.20000000e-03
      vertex -9.90172769e-04 4.03014366e-03 8.20000000e-03
    endloop
  endfacet
  facet normal 0 0 0
    outer loop
      vertex 0.00000000e+00 0.00000000e+00 8.20000000e-03
      vertex -9.90172769e-04 4.03014366e-03 8.20000000e-03
      vertex -1.06765933e-03 4.01031215e-03 8.20000000e-03
    endloop
  endfacet
  facet normal 0 0 0
    outer loop
      vertex 0.00000000e+00 0.00000000e+00 8.20000000e-03
      vertex -1.06765933e-03 4.01031215e-03 8.20000000e-03
      vertex -1.14474930e-03 3.98899098e-03 8.20000000e-03
    endloop
  endfacet
  facet normal 0 0 0
    outer loop
      vertex 0.00000000e+00 0.00000000e+00 8.20000000e-03
      vertex -1.14474930e-03 3.98899098e-03 8.20000000e-03
      vertex -1.22141404e-03 3.96618806e-03 8.20000000e-03
    endloop
  endfacet
  facet normal 0 0 0
    outer loop
      vertex 0.00000000e+00 0.00000000e+00 8.20000000e-03
      vertex -1.22141404e-03 3.96618806e-03 8.20000000e-03
      vertex -1.29762508e-03 3.94191187e-03 8.20000000e-03
    endloop
  endfacet
  facet normal 0 0 0
    outer loop
      vertex 0.00000000e+00 0.00000000e+00 8.20000000e-03
      vertex -1.29762508e-03 3.94191187e-03 8.20000000e-03
      vertex -1.37335410e-03 3.91617141e-03 8.20000000e-03
    endloop
  endfacet
  facet normal 0 0 0
    outer loop
      vertex 0.00000000e+00 0.00000000e+00 8.20000000e-03
      vertex -1.37335410e-03 3.91617141e-03 8.20000000e-03
      vertex -1.44857297e-03 3.88897626e-03 8.20000000e-03
    endloop
  endfacet
  facet normal 0 0 0
    outer loop
      vertex 0.00000000e+00 0.00000000e+00 8.20000000e-03
      vertex -1.44857297e-03 3.88897626e-03 8.20000000e-03
      vertex -1.52325376e-03 3.86033651e-03 8.20000000e-03
    endloop
  endfacet
  facet normal 0 0 0
    outer loop
      vertex 0.00000000e+00 0.00000000e+00 8.20000000e-03
      vertex -1.52325376e-03 3.86033651e-03 8.20000000e-03
      vertex -1.59736873e-03 3.83026280e-03 8.20000000e-03
    endloop
  endfacet
  facet normal 0 0 0
    outer loop
      vertex 0.00000000e+00 0.00000000e+00 8.20000000e-03
      vertex -1.59736873e-03 3.83026280e-03 8.20000000e-03
      vertex -1.67089033e-03 3.79876631e-03 8.20000000e-03
    endloop
  endfacet
  facet normal 0 0 0
    outer loop
      vertex 0.00000000e+00 0.00000000e+00 8.20000000e-03
      vertex -1.67089033e-03 3.79876631e-03 8.20000000e-03
      vertex -1.74379127e-03 3.76585873e-03 8.20000000e-03
    endloop
  endfacet
  facet normal 0 0 0
    outer loop
      vertex 0.00000000e+00 0.00000000e+00 8.20000000e-03
      vertex -1.74379127e-03 3.76585873e-03 8.20000000e-03
      vertex -1.81604447e-03 3.73155229e-03 8.20000000e-03
    endloop
  endfacet
  facet normal 0 0 0
    outer loop
      vertex 0.00000000e+00 0.00000000e+00 8.20000000e-03
      vertex -1.81604447e-03 3.73155229e-03 8.20000000e-03
      vertex -1.88762307e-03 3.69585973e-03 8.20000000e-03
    endloop
  endfacet
  facet normal 0 0 0
    outer loop
      vertex 0.00000000e+00 0.00000000e+00 8.20000000e-03
      vertex -1.88762307e-03 3.69585973e-03 8.20000000e-03
      vertex -1.95850050e-03 3.65879431e-03 8.20000000e-03
    endloop
  endfacet
  facet normal 0 0 0
    outer loop
      vertex 0.00000000e+00 0.00000000e+00 8.20000000e-03
      vertex -1.95850050e-03 3.65879431e-03 8.20000000e-03
      vertex -2.02865043e-03 3.62036979e-03 8.20000000e-03
    endloop
  endfacet
  facet normal 0 0 0
    outer loop
      vertex 0.00000000e+00 0.00000000e+00 8.20000000e-03
      vertex -2.02865043e-03 3.62036979e-03 8.20000000e-03
      vertex -2.09804680e-03 3.58060046e-03 8.20000000e-03
    endloop
  endfacet
  facet normal 0 0 0
    outer loop
      vertex 0.00000000e+00 0.00000000e+00 8.20000000e-03
      vertex -2.09804680e-03 3.58060046e-03 8.20000000e-03
      vertex -2.16666382e-03 3.53950108e-03 8.20000000e-03
    endloop
  endfacet
  facet normal 0 0 0
    outer loop
      vertex 0.00000000e+00 0.00000000e+00 8.20000000e-03
      vertex -2.16666382e-03 3.53950108e-03 8.20000000e-03
      vertex -2.23447603e-03 3.49708692e-03 8.20000000e-03
    endloop
  endfacet
  facet normal 0 0 0
    outer loop
      vertex 0.00000000e+00 0.00000000e+00 8.20000000e-03
      vertex -2.23447603e-03 3.49708692e-03 8.20000000e-03
      vertex -2.30145821e-03 3.45337373e-03 8.20000000e-03
    endloop
  endfacet
  facet normal 0 0 0
    outer loop
      vertex 0.00000000e+00 0.00000000e+00 8.20000000e-03
      vertex -2.30145821e-03 3.45337373e-03 8.20000000e-03
      vertex -2.36758550e-03 3.40837775e-03 8.20000000e-03
    endloop
  endfacet
  facet normal 0 0 0
    outer loop
      vertex 0.00000000e+00 0.00000000e+00 8.20000000e-03
      vertex -2.36758550e-03 3.40837775e-03 8.20000000e-03
      vertex -2.43283332e-03 3.36211571e-03 8.20000000e-03
    endloop
  endfacet
  facet normal 0 0 0
    outer loop
      vertex 0.00000000e+00 0.00000000e+00 8.20000000e-03
      vertex -2.43283332e-03 3.36211571e-03 8.20000000e-03
      vertex -2.49717745e-03 3.31460477e-03 8.20000000e-03
    endloop
  endfacet
  facet normal 0 0 0
    outer loop
      vertex 0.00000000e+00 0.00000000e+00 8.20000000e-03
      vertex -2.49717745e-03 3.31460477e-03 8.20000000e-03
      vertex -2.56059398e-03 3.26586260e-03 8.20000000e-03
    endloop
  endfacet
  facet normal 0 0 0
    outer loop
      vertex 0.00000000e+00 0.00000000e+00 8.20000000e-03
      vertex -2.56059398e-03 3.26586260e-03 8.20000000e-03
      vertex -2.62305935e-03 3.21590729e-03 8.20000000e-03
    endloop
  endfacet
  facet normal 0 0 0
    outer loop
      vertex 0.00000000e+00 0.00000000e+00 8.20000000e-03
      vertex -2.62305935e-03 3.21590729e-03 8.20000000e-03
      vertex -2.68455036e-03 3.16475740e-03 8.20000000e-03
    endloop
  endfacet
  facet normal 0 0 0
    outer loop
      vertex 0.00000000e+00 0.00000000e+00 8.20000000e-03
      vertex -2.68455036e-03 3.16475740e-03 8.20000000e-03
      vertex -2.74504417e-03 3.11243193e-03 8.20000000e-03
    endloop
  endfacet
  facet normal 0 0 0
    outer loop
      vertex 0.00000000e+00 0.00000000e+00 8.20000000e-03
      vertex -2.74504417e-03 3.11243193e-03 8.20000000e-03
      vertex -2.80451831e-03 3.05895032e-03 8.20000000e-03
    endloop
  endfacet
  facet normal 0 0 0
    outer loop
      vertex 0.00000000e+00 0.00000000e+00 8.20000000e-03
      vertex -2.80451831e-03 3.05895032e-03 8.20000000e-03
      vertex -2.86295068e-03 3.00433244e-03 8.20000000e-03
    endloop
  endfacet
  facet normal 0 0 0
    outer loop
      vertex 0.00000000e+00 0.00000000e+00 8.20000000e-03
      vertex -2.86295068e-03 3.00433244e-03 8.20000000e-03
      vertex -2.92031959e-03 2.94859857e-03 8.20000000e-03
    endloop
  endfacet
  facet normal 0 0 0
    outer loop
      vertex 0.00000000e+00 0.00000000e+00 8.20000000e-03
      vertex -2.92031959e-03 2.94859857e-03 8.20000000e-03
      vertex -2.97660371e-03 2.89176941e-03 8.20000000e-03
    endloop
  endfacet
  facet normal 0 0 0
    outer loop
      vertex 0.00000000e+00 0.00000000e+00 8.20000000e-03
      vertex -2.97660371e-03 2.89176941e-03 8.20000000e-03
      vertex -3.03178215e-03 2.83386608e-03 8.20000000e-03
    endloop
  endfacet
  facet normal 0 0 0
    outer loop
      vertex 0.00000000e+00 0.00000000e+00 8.20000000e-03
      vertex -3.03178215e-03 2.83386608e-03 8.20000000e-03
      vertex -3.08583441e-03 2.77491009e-03 8.20000000e-03
    endloop
  endfacet
  facet normal 0 0 0
    outer loop
      vertex 0.00000000e+00 0.00000000e+00 8.20000000e-03
      vertex -3.08583441e-03 2.77491009e-03 8.20000000e-03
      vertex -3.13874040e-03 2.71492333e-03 8.20000000e-03
    endloop
  endfacet
  facet normal 0 0 0
    outer loop
      vertex 0.00000000e+00 0.00000000e+00 8.20000000e-03
      vertex -3.13874040e-03 2.71492333e-03 8.20000000e-03
      vertex -3.19048049e-03 2.65392808e-03 8.20000000e-03
    endloop
  endfacet
  facet normal 0 0 0
    outer loop
      vertex 0.00000000e+00 0.00000000e+00 8.20000000e-03
      vertex -3.19048049e-03 2.65392808e-03 8.20000000e-03
      vertex -3.24103543e-03 2.59194701e-03 8.20000000e-03
    endloop
  endfacet
  facet normal 0 0 0
    outer loop
      vertex 0.00000000e+00 0.00000000e+00 8.20000000e-03
      vertex -3.24103543e-03 2.59194701e-03 8.20000000e-03
      vertex -3.29038647e-03 2.52900314e-03 8.20000000e-03
    endloop
  endfacet
  facet normal 0 0 0
    outer loop
      vertex 0.00000000e+00 0.00000000e+00 8.20000000e-03
      vertex -3.29038647e-03 2.52900314e-03 8.20000000e-03
      vertex -3.33851526e-03 2.46511985e-03 8.20000000e-03
    endloop
  endfacet
  facet normal 0 0 0
    outer loop
      vertex 0.00000000e+00 0.00000000e+00 8.20000000e-03
      vertex -3.33851526e-03 2.46511985e-03 8.20000000e-03
      vertex -3.38540393e-03 2.40032086e-03 8.20000000e-03
    endloop
  endfacet
  facet normal 0 0 0
    outer loop
      vertex 0.00000000e+00 0.00000000e+00 8.20000000e-03
      vertex -3.38540393e-03 2.40032086e-03 8.20000000e-03
      vertex -3.43103506e-03 2.33463026e-03 8.20000000e-03
    endloop
  endfacet
  facet normal 0 0 0
    outer loop
      vertex 0.00000000e+00 0.00000000e+00 8.20000000e-03
      vertex -3.43103506e-03 2.33463026e-03 8.20000000e-03
      vertex -3.47539170e-03 2.26807243e-03 8.20000000e-03
    endloop
  endfacet
  facet normal 0 0 0
    outer loop
      vertex 0.00000000e+00 0.00000000e+00 8.20000000e-03
      vertex -3.47539170e-03 2.26807243e-03 8.20000000e-03
      vertex -3.51845737e-03 2.20067211e-03 8.20000000e-03
    endloop
  endfacet
  facet normal 0 0 0
    outer loop
      vertex 0.00000000e+00 0.00000000e+00 8.20000000e-03
      vertex -3.51845737e-03 2.20067211e-03 8.20000000e-03
      vertex -3.56021608e-03 2.13245433e-03 8.20000000e-03
    endloop
  endfacet
  facet normal 0 0 0
    outer loop
      vertex 0.00000000e+00 0.00000000e+00 8.20000000e-03
      vertex -3.56021608e-03 2.13245433e-03 8.20000000e-03
      vertex -3.60065232e-03 2.06344443e-03 8.20000000e-03
    endloop
  endfacet
  facet normal 0 0 0
    outer loop
      vertex 0.00000000e+00 0.00000000e+00 8.20000000e-03
      vertex -3.60065232e-03 2.06344443e-03 8.20000000e-03
      vertex -3.63975106e-03 1.99366804e-03 8.20000000e-03
    endloop
  endfacet
  facet normal 0 0 0
    outer loop
      vertex 0.00000000e+00 0.00000000e+00 8.20000000e-03
      vertex -3.63975106e-03 1.99366804e-03 8.20000000e-03
      vertex -3.67749778e-03 1.92315109e-03 8.20000000e-03
    endloop
  endfacet
  facet normal 0 0 0
    outer loop
      vertex 0.00000000e+00 0.00000000e+00 8.20000000e-03
      vertex -3.67749778e-03 1.92315109e-03 8.20000000e-03
      vertex -3.71387846e-03 1.85191976e-03 8.20000000e-03
    endloop
  endfacet
  facet normal 0 0 0
    outer loop
      vertex 0.00000000e+00 0.00000000e+00 8.20000000e-03
      vertex -3.71387846e-03 1.85191976e-03 8.20000000e-03
      vertex -3.74887959e-03 1.78000052e-03 8.20000000e-03
    endloop
  endfacet
  facet normal 0 0 0
    outer loop
      vertex 0.00000000e+00 0.00000000e+00 8.20000000e-03
      vertex -3.74887959e-03 1.78000052e-03 8.20000000e-03
      vertex -3.78248816e-03 1.70742009e-03 8.20000000e-03
    endloop
  endfacet
  facet normal 0 0 0
    outer loop
      vertex 0.00000000e+00 0.00000000e+00 8.20000000e-03
      vertex -3.78248816e-03 1.70742009e-03 8.20000000e-03
      vertex -3.81469169e-03 1.63420541e-03 8.20000000e-03
    endloop
  endfacet
  facet normal 0 0 0
    outer loop
      vertex 0.00000000e+00 0.00000000e+00 8.20000000e-03
      vertex -3.81469169e-03 1.63420541e-03 8.20000000e-03
      vertex -3.84547822e-03 1.56038370e-03 8.20000000e-03
    endloop
  endfacet
  facet normal 0 0 0
    outer loop
      vertex 0.00000000e+00 0.00000000e+00 8.20000000e-03
      vertex -3.84547822e-03 1.56038370e-03 8.20000000e-03
      vertex -3.87483631e-03 1.48598237e-03 8.20000000e-03
    endloop
  endfacet
  facet normal 0 0 0
    outer loop
      vertex 0.00000000e+00 0.00000000e+00 8.20000000e-03
      vertex -3.87483631e-03 1.48598237e-03 8.20000000e-03
      vertex -3.90275505e-03 1.41102905e-03 8.20000000e-03
    endloop
  endfacet
  facet normal 0 0 0
    outer loop
      vertex 0.00000000e+00 0.00000000e+00 8.20000000e-03
      vertex -3.90275505e-03 1.41102905e-03 8.20000000e-03
      vertex -3.92922409e-03 1.33555160e-03 8.20000000e-03
    endloop
  endfacet
  facet normal 0 0 0
    outer loop
      vertex 0.00000000e+00 0.00000000e+00 8.20000000e-03
      vertex -3.92922409e-03 1.33555160e-03 8.20000000e-03
      vertex -3.95423357e-03 1.25957804e-03 8.20000000e-03
    endloop
  endfacet
  facet normal 0 0 0
    outer loop
      vertex 0.00000000e+00 0.00000000e+00 8.20000000e-03
      vertex -3.95423357e-03 1.25957804e-03 8.20000000e-03
      vertex -3.97777422e-03 1.18313661e-03 8.20000000e-03
    endloop
  endfacet
  facet normal 0 0 0
    outer loop
      vertex 0.00000000e+00 0.00000000e+00 8.20000000e-03
      vertex -3.97777422e-03 1.18313661e-03 8.20000000e-03
      vertex -3.99983729e-03 1.10625568e-03 8.20000000e-03
    endloop
  endfacet
  facet normal 0 0 0
    outer loop
      vertex 0.00000000e+00 0.00000000e+00 8.20000000e-03
      vertex -3.99983729e-03 1.10625568e-03 8.20000000e-03
      vertex -4.02041459e-03 1.02896383e-03 8.20000000e-03
    endloop
  endfacet
  facet normal 0 0 0
    outer loop
      vertex 0.00000000e+00 0.00000000e+00 8.20000000e-03
      vertex -4.02041459e-03 1.02896383e-03 8.20000000e-03
      vertex -4.03949846e-03 9.51289755e-04 8.20000000e-03
    endloop
  endfacet
  facet normal 0 0 0
    outer loop
      vertex 0.00000000e+00 0.00000000e+00 8.20000000e-03
      vertex -4.03949846e-03 9.51289755e-04 8.20000000e-03
      vertex -4.05708182e-03 8.73262318e-04 8.20000000e-03
    endloop
  endfacet
  facet normal 0 0 0
    outer loop
      vertex 0.00000000e+00 0.00000000e+00 8.20000000e-03
      vertex -4.05708182e-03 8.73262318e-04 8.20000000e-03
      vertex -4.07315815e-03 7.94910499e-04 8.20000000e-03
    endloop
  endfacet
  facet normal 0 0 0
    outer loop
      vertex 0.00000000e+00 0.00000000e+00 8.20000000e-03
      vertex -4.07315815e-03 7.94910499e-04 8.20000000e-03
      vertex -4.08772146e-03 7.16263404e-04 8.20000000e-03
    endloop
  endfacet
  facet normal 0 0 0
    outer loop
      vertex 0.00000000e+00 0.00000000e+00 8.20000000e-03
      vertex -4.08772146e-03 7.16263404e-04 8.20000000e-03
      vertex -4.10076635e-03 6.37350246e-04 8.20000000e-03
    endloop
  endfacet
  facet normal 0 0 0
    outer loop
      vertex 0.00000000e+00 0.00000000e+00 8.20000000e-03
      vertex -4.10076635e-03 6.37350246e-04 8.20000000e-03
      vertex -4.11228797e-03 5.58200338e-04 8.20000000e-03
    endloop
  endfacet
  facet normal 0 0 0
    outer loop
      vertex 0.00000000e+00 0.00000000e+00 8.20000000e-03
      vertex -4.11228797e-03 5.58200338e-04 8.20000000e-03
      vertex -4.12228205e-03 4.78843082e-04 8.20000000e-03
    endloop
  endfacet
  facet normal 0 0 0
    outer loop
      vertex 0.00000000e+00 0.00000000e+00 8.20000000e-03
      vertex -4.12228205e-03 4.78843082e-04 8.20000000e-03
      vertex -4.13074487e-03 3.99307955e-04 8.20000000e-03
    endloop
  endfacet
  facet normal 0 0 0
    outer loop
      vertex 0.00000000e+00 0.00000000e+00 8.20000000e-03
      vertex -4.13074487e-03 3.99307955e-04 8.20000000e-03
      vertex -4.13767328e-03 3.19624502e-04 8.20000000e-03
    endloop
  endfacet
  facet normal 0 0 0
    outer loop
      vertex 0.00000000e+00 0.00000000e+00 8.20000000e-03
      vertex -4.13767328e-03 3.19624502e-04 8.20000000e-03
      vertex -4.14306472e-03 2.39822321e-04 8.20000000e-03
    endloop
  endfacet
  facet normal 0 0 0
    outer loop
      vertex 0.00000000e+00 0.00000000e+00 8.20000000e-03
      vertex -4.14306472e-03 2.39822321e-04 8.20000000e-03
      vertex -4.14691718e-03 1.59931056e-04 8.20000000e-03
    endloop
  endfacet
  facet normal 0 0 0
    outer loop
      vertex 0.00000000e+00 0.00000000e+00 8.20000000e-03
      vertex -4.14691718e-03 1.59931056e-04 8.20000000e-03
      vertex -4.14922922e-03 7.99803825e-05 8.20000000e-03
    endloop
  endfacet
  facet normal 0 0 0
    outer loop
      vertex 0.00000000e+00 0.00000000e+00 8.20000000e-03
      vertex -4.14922922e-03 7.99803825e-05 8.20000000e-03
      vertex -4.15000000e-03 5.08228422e-19 8.20000000e-03
    endloop
  endfacet
  facet normal 0 0 0
    outer loop
      vertex 0.00000000e+00 0.00000000e+00 8.20000000e-03
      vertex -4.15000000e-03 5.08228422e-19 8.20000000e-03
      vertex -4.14922922e-03 -7.99803825e-05 8.20000000e-03
    endloop
  endfacet
  facet normal 0 0 0
    outer loop
      vertex 0.00000000e+00 0.00000000e+00 8.20000000e-03
      vertex -4.14922922e-03 -7.99803825e-05 8.20000000e-03
      vertex -4.14691718e-03 -1.59931056e-04 8.20000000e-03
    endloop
  endfacet
  facet normal 0 0 0
    outer loop
      vertex 0.00000000e+00 0.00000000e+00 8.20000000e-03
      vertex -4.14691718e-03 -1.59931056e-04 8.20000000e-03
      vertex -4.14306472e-03 -2.39822321e-04 8.20000000e-03
    endloop
  endfacet
  facet normal 0 0 0
    outer loop
      vertex 0.00000000e+00 0.00000000e+00 8.20000000e-03
      vertex -4.14306472e-03 -2.39822321e-04 8.20000000e-03
      vertex -4.13767328e-03 -3.19624502e-04 8.20000000e-03
    endloop
  endfacet
  facet normal 0 0 0
    outer loop
      vertex 0.00000000e+00 0.00000000e+00 8.20000000e-03
      vertex -4.13767328e-03 -3.19624502e-04 8.20000000e-03
      vertex -4.13074487e-03 -3.99307955e-04 8.20000000e-03
    endloop
  endfacet
  facet normal 0 0 0
    outer loop
      vertex 0.00000000e+00 0.00000000e+00 8.20000000e-03
      vertex -4.13074487e-03 -3.99307955e-04 8.20000000e-03
      vertex -4.12228205e-03 -4.78843082e-04 8.20000000e-03
    endloop
  endfacet
  facet normal 0 0 0
    outer loop
      vertex 0.00000000e+00 0.00000000e+00 8.20000000e-03
      vertex -4.12228205e-03 -4.78843082e-04 8.20000000e-03
      vertex -4.11228797e-03 -5.58200338e-04 8.20000000e-03
    endloop
  endfacet
  facet normal 0 0 0
    outer loop
      vertex 0.00000000e+00 0.00000000e+00 8.20000000e-03
      vertex -4.11228797e-03 -5.58200338e-04 8.20000000e-03
      vertex -4.10076635e-03 -6.37350246e-04 8.20000000e-03
    endloop
  endfacet
  facet normal 0 0 0
    outer loop
      vertex 0.00000000e+00 0.00000000e+00 8.20000000e-03
      vertex -4.10076635e-03 -6.37350246e-04 8.20000000e-03
      vertex -4.08772146e-03 -7.16263404e-04 8.20000000e-03
    endloop
  endfacet
  facet normal 0 0 0
    outer loop
      vertex 0.00000000e+00 0.00000000e+00 8.20000000e-03
      vertex -4.08772146e-03 -7.16263404e-04 8.20000000e-03
      vertex -4.07315815e-03 -7.94910499e-04 8.20000000e-03
    endloop
  endfacet
  facet normal 0 0 0
    outer loop
      vertex 0.00000000e+00 0.00000000e+00 8.20000000e-03
      vertex -4.07315815e-03 -7.94910499e-04 8.20000000e-03
      vertex -4.05708182e-03 -8.73262318e-04 8.20000000e-03
    endloop
  endfacet
  facet normal 0 0 0
    outer loop
      vertex 0.00000000e+00 0.00000000e+00 8.20000000e-03
      vertex -4.05708182e-03 -8.73262318e-04 8.20000000e-03
      vertex -4.03949846e-03 -9.51289755e-04 8.20000000e-03
    endloop
  endfacet
  facet normal 0 0 0
    outer loop
      vertex 0.00000000e+00 0.00000000e+00 8.20000000e-03
      vertex -4.03949846e-03 -9.51289755e-04 8.20000000e-03
      vertex -4.02041459e-03 -1.02896383e-03 8.20000000e-03
    endloop
  endfacet
  facet normal 0 0 0
    outer loop
      vertex 0.00000000e+00 0.00000000e+00 8.20000000e-03
      vertex -4.02041459e-03 -1.02896383e-03 8.20000000e-03
      vertex -3.99983729e-03 -1.10625568e-03 8.20000000e-03
    endloop
  endfacet
  facet normal 0 0 0
    outer loop
      vertex 0.00000000e+00 0.00000000e+00 8.20000000e-03
      vertex -3.99983729e-03 -1.10625568e-03 8.20000000e-03
      vertex -3.97777422e-03 -1.18313661e-03 8.20000000e-03
    endloop
  endfacet
  facet normal 0 0 0
    outer loop
      vertex 0.00000000e+00 0.00000000e+00 8.20000000e-03
      vertex -3.97777422e-03 -1.18313661e-03 8.20000000e-03
      vertex -3.95423357e-03 -1.25957804e-03 8.20000000e-03
    endloop
  endfacet
  facet normal 0 0 0
    outer loop
      vertex 0.00000000e+00 0.00000000e+00 8.20000000e-03
      vertex -3.95423357e-03 -1.25957804e-03 8.20000000e-03
      vertex -3.92922409e-03 -1.33555160e-03 8.20000000e-03
    endloop
  endfacet
  facet normal 0 0 0
    outer loop
      vertex 0.00000000e+00 0.00000000e+00 8.20000000e-03
      vertex -3.92922409e-03 -1.33555160e-03 8.20000000e-03
      vertex -3.90275505e-03 -1.41102905e-03 8.20000000e-03
    endloop
  endfacet
  facet normal 0 0 0
    outer loop
      vertex 0.00000000e+00 0.00000000e+00 8.20000000e-03
      vertex -3.90275505e-03 -1.41102905e-03 8.20000000e-03
      vertex -3.87483631e-03 -1.48598237e-03 8.20000000e-03
    endloop
  endfacet
  facet normal 0 0 0
    outer loop
      vertex 0.00000000e+00 0.00000000e+00 8.20000000e-03
      vertex -3.87483631e-03 -1.48598237e-03 8.20000000e-03
      vertex -3.84547822e-03 -1.56038370e-03 8.20000000e-03
    endloop
  endfacet
  facet normal 0 0 0
    outer loop
      vertex 0.00000000e+00 0.00000000e+00 8.20000000e-03
      vertex -3.84547822e-03 -1.56038370e-03 8.20000000e-03
      vertex -3.81469169e-03 -1.63420541e-03 8.20000000e-03
    endloop
  endfacet
  facet normal 0 0 0
    outer loop
      vertex 0.00000000e+00 0.00000000e+00 8.20000000e-03
      vertex -3.81469169e-03 -1.63420541e-03 8.20000000e-03
      vertex -3.78248816e-03 -1.70742009e-03 8.20000000e-03
    endloop
  endfacet
  facet normal 0 0 0
    outer loop
      vertex 0.00000000e+00 0.00000000e+00 8.20000000e-03
      vertex -3.78248816e-03 -1.70742009e-03 8.20000000e-03
      vertex -3.74887959e-03 -1.78000052e-03 8.20000000e-03
    endloop
  endfacet
  facet normal 0 0 0
    outer loop
      vertex 0.00000000e+00 0.00000000e+00 8.20000000e-03
      vertex -3.74887959e-03 -1.78000052e-03 8.20000000e-03
      vertex -3.71387846e-03 -1.85191976e-03 8.20000000e-03
    endloop
  endfacet
  facet normal 0 0 0
    outer loop
      vertex 0.00000000e+00 0.00000000e+00 8.20000000e-03
      vertex -3.71387846e-03 -1.85191976e-03 8.20000000e-03
      vertex -3.67749778e-03 -1.92315109e-03 8.20000000e-03
    endloop
  endfacet
  facet normal 0 0 0
    outer loop
      vertex 0.00000000e+00 0.00000000e+00 8.20000000e-03
      vertex -3.67749778e-03 -1.92315109e-03 8.20000000e-03
      vertex -3.63975106e-03 -1.99366804e-03 8.20000000e-03
    endloop
  endfacet
  facet normal 0 0 0
    outer loop
      vertex 0.00000000e+00 0.00000000e+00 8.20000000e-03
      vertex -3.63975106e-03 -1.99366804e-03 8.20000000e-03
      vertex -3.60065232e-03 -2.06344443e-03 8.20000000e-03
    endloop
  endfacet
  facet normal 0 0 0
    outer loop
      vertex 0.00000000e+00 0.00000000e+00 8.20000000e-03
      vertex -3.60065232e-03 -2.06344443e-03 8.20000000e-03
      vertex -3.56021608e-03 -2.13245433e-03 8.20000000e-03
    endloop
  endfacet
  facet normal 0 0 0
    outer loop
      vertex 0.00000000e+00 0.00000000e+00 8.20000000e-03
      vertex -3.56021608e-03 -2.13245433e-03 8.20000000e-03
      vertex -3.51845737e-03 -2.20067211e-03 8.20000000e-03
    endloop
  endfacet
  facet normal 0 0 0
    outer loop
      vertex 0.00000000e+00 0.00000000e+00 8.20000000e-03
      vertex -3.51845737e-03 -2.20067211e-03 8.20000000e-03
      vertex -3.47539170e-03 -2.26807243e-03 8.20000000e-03
    endloop
  endfacet
  facet normal 0 0 0
    outer loop
      vertex 0.00000000e+00 0.00000000e+00 8.20000000e-03
      vertex -3.47539170e-03 -2.26807243e-03 8.20000000e-03
      vertex -3.43103506e-03 -2.33463026e-03 8.20000000e-03
    endloop
  endfacet
  facet normal 0 0 0
    outer loop
      vertex 0.00000000e+00 0.00000000e+00 8.20000000e-03
      vertex -3.43103506e-03 -2.33463026e-03 8.20000000e-03
      vertex -3.38540393e-03 -2.40032086e-03 8.20000000e-03
    endloop
  endfacet
  facet normal 0 0 0
    outer loop
      vertex 0.00000000e+00 0.00000000e+00 8.20000000e-03
      vertex -3.38540393e-03 -2.40032086e-03 8.20000000e-03
      vertex -3.33851526e-03 -2.46511985e-03 8.20000000e-03
    endloop
  endfacet
  facet normal 0 0 0
    outer loop
      vertex 0.00000000e+00 0.00000000e+00 8.20000000e-03
      vertex -3.33851526e-03 -2.46511985e-03 8.20000000e-03
      vertex -3.29038647e-03 -2.52900314e-03 8.20000000e-03
    endloop
  endfacet
  facet normal 0 0 0
    outer loop
      vertex 0.00000000e+00 0.00000000e+00 8.20000000e-03
      vertex -3.29038647e-03 -2.52900314e-03 8.20000000e-03
      vertex -3.24103543e-03 -2.59194701e-03 8.20000000e-03
    endloop
  endfacet
  facet normal 0 0 0
    outer loop
      vertex 0.00000000e+00 0.00000000e+00 8.20000000e-03
      vertex -3.24103543e-03 -2.59194701e-03 8.20000000e-03
      vertex -3.19048049e-03 -2.65392808e-03 8.20000000e-03
    endloop
  endfacet
  facet normal 0 0 0
    outer loop
      vertex 0.00000000e+00 0.00000000e+00 8.20000000e-03
      vertex -3.19048049e-03 -2.65392808e-03 8.20000000e-03
      vertex -3.13874040e-03 -2.71492333e-03 8.20000000e-03
    endloop
  endfacet
  facet normal 0 0 0
    outer loop
      vertex 0.00000000e+00 0.00000000e+00 8.20000000e-03
      vertex -3.13874040e-03 -2.71492333e-03 8.20000000e-03
      vertex -3.08583441e-03 -2.77491009e-03 8.20000000e-03
    endloop
  endfacet
  facet normal 0 0 0
    outer loop
      vertex 0.00000000e+00 0.00000000e+00 8.20000000e-03
      vertex -3.08583441e-03 -2.77491009e-03 8.20000000e-03
      vertex -3.03178215e-03 -2.83386608e-03 8.20000000e-03
    endloop
  endfacet
  facet normal 0 0 0
    outer loop
      vertex 0.00000000e+00 0.00000000e+00 8.20000000e-03
      vertex -3.03178215e-03 -2.83386608e-03 8.20000000e-03
      vertex -2.97660371e-03 -2.89176941e-03 8.20000000e-03
    endloop
  endfacet
  facet normal 0 0 0
    outer loop
      vertex 0.00000000e+00 0.00000000e+00 8.20000000e-03
      vertex -2.97660371e-03 -2.89176941e-03 8.20000000e-03
      vertex -2.92031959e-03 -2.94859857e-03 8.20000000e-03
    endloop
  endfacet
  facet normal 0 0 0
    outer loop
      vertex 0.00000000e+00 0.00000000e+00 8.20000000e-03
      vertex -2.92031959e-03 -2.94859857e-03 8.20000000e-03
      vertex -2.86295068e-03 -3.00433244e-03 8.20000000e-03
    endloop
  endfacet
  facet normal 0 0 0
    outer loop
      vertex 0.00000000e+00 0.00000000e+00 8.20000000e-03
      vertex -2.86295068e-03 -3.00433244e-03 8.20000000e-03
      vertex -2.80451831e-03 -3.05895032e-03 8.20000000e-03
    endloop
  endfacet
  facet normal 0 0 0
    outer loop
      vertex 0.00000000e+00 0.00000000e+00 8.20000000e-03
      vertex -2.80451831e-03 -3.05895032e-03 8.20000000e-03
      vertex -2.74504417e-03 -3.11243193e-03 8.20000000e-03
    endloop
  endfacet
  facet normal 0 0 0
    outer loop
      vertex 0.00000000e+00 0.00000000e+00 8.20000000e-03
      vertex -2.74504417e-03 -3.11243193e-03 8.20000000e-03
      vertex -2.68455036e-03 -3.16475740e-03 8.20000000e-03
    endloop
  endfacet
  facet normal 0 0 0
    outer loop
      vertex 0.00000000e+00 0.00000000e+00 8.20000000e-03
      vertex -2.68455036e-03 -3.16475740e-03 8.20000000e-03
      vertex -2.62305935e-03 -3.21590729e-03 8.20000000e-03
    endloop
  endfacet
  facet normal 0 0 0
    outer loop
      vertex 0.00000000e+00 0.00000000e+00 8.20000000e-03
      vertex -2.62305935e-03 -3.21590729e-03 8.20000000e-03
      vertex -2.56059398e-03 -3.26586260e-03 8.20000000e-03
    endloop
  endfacet
  facet normal 0 0 0
    outer loop
      vertex 0.00000000e+00 0.00000000e+00 8.20000000e-03
      vertex -2.56059398e-03 -3.26586260e-03 8.20000000e-03
      vertex -2.49717745e-03 -3.31460477e-03 8.20000000e-03
    endloop
  endfacet
  facet normal 0 0 0
    outer loop
      vertex 0.00000000e+00 0.00000000e+00 8.20000000e-03
      vertex -2.49717745e-03 -3.31460477e-03 8.20000000e-03
      vertex -2.43283332e-03 -3.36211571e-03 8.20000000e-03
    endloop
  endfacet
  facet normal 0 0 0
    outer loop
      vertex 0.00000000e+00 0.00000000e+00 8.20000000e-03
      vertex -2.43283332e-03 -3.36211571e-03 8.20000000e-03
      vertex -2.36758550e-03 -3.40837775e-03 8.20000000e-03
    endloop
  endfacet
  facet normal 0 0 0
    outer loop
      vertex 0.00000000e+00 0.00000000e+00 8.20000000e-03
      vertex -2.36758550e-03 -3.40837775e-03 8.20000000e-03
      vertex -2.30145821e-03 -3.45337373e-03 8.20000000e-03
    endloop
  endfacet
  facet normal 0 0 0
    outer loop
      vertex 0.00000000e+00 0.00000000e+00 8.20000000e-03
      vertex -2.30145821e-03 -3.45337373e-03 8.20000000e-03
      vertex -2.23447603e-03 -3.49708692e-03 8.20000000e-03
    endloop
  endfacet
  facet normal 0 0 0
    outer loop
      vertex 0.00000000e+00 0.00000000e+00 8.20000000e-03
      vertex -2.23447603e-03 -3.49708692e-03 8.20000000e-03
      vertex -2.16666382e-03 -3.53950108e-03 8.20000000e-03
    endloop
  endfacet
  facet normal 0 0 0
    outer loop
      vertex 0.00000000e+00 0.00000000e+00 8.20000000e-03
      vertex -2.16666382e-03 -3.53950108e-03 8.20000000e-03
      vertex -2.09804680e-03 -3.58060046e-03 8.20000000e-03
    endloop
  endfacet
  facet normal 0 0 0
    outer loop
      vertex 0.00000000e+00 0.00000000e+00 8.20000000e-03
      vertex -2.09804680e-03 -3.58060046e-03 8.20000000e-03
      vertex -2.02865043e-03 -3.62036979e-03 8.20000000e-03
    endloop
  endfacet
  facet normal 0 0 0
    outer loop
      vertex 0.00000000e+00 0.00000000e+00 8.20000000e-03
      vertex -2.02865043e-03 -3.62036979e-03 8.20000000e-03
      vertex -1.95850050e-03 -3.65879431e-03 8.20000000e-03
    endloop
  endfacet
  facet normal 0 0 0
    outer loop
      vertex 0.00000000e+00 0.00000000e+00 8.20000000e-03
      vertex -1.95850050e-03 -3.65879431e-03 8.20000000e-03
      vertex -1.88762307e-03 -3.69585973e-03 8.20000000e-03
    endloop
  endfacet
  facet normal 0 0 0
    outer loop
      vertex 0.00000000e+00 0.00000000e+00 8.20000000e-03
      vertex -1.88762307e-03 -3.69585973e-03 8.20000000e-03
      vertex -1.81604447e-03 -3.73155229e-03 8.20000000e-03
    endloop
  endfacet
  facet normal 0 0 0
    outer loop
      vertex 0.00000000e+00 0.00000000e+00 8.20000000e-03
      vertex -1.81604447e-03 -3.73155229e-03 8.20000000e-03
      vertex -1.74379127e-03 -3.76585873e-03 8.20000000e-03
    endloop
  endfacet
  facet normal 0 0 0
    outer loop
      vertex 0.00000000e+00 0.00000000e+00 8.20000000e-03
      vertex -1.74379127e-03 -3.76585873e-03 8.20000000e-03
      vertex -1.67089033e-03 -3.79876631e-03 8.20000000e-03
    endloop
  endfacet
  facet normal 0 0 0
    outer loop
      vertex 0.00000000e+00 0.00000000e+00 8.20000000e-03
      vertex -1.67089033e-03 -3.79876631e-03 8.20000000e-03
      vertex -1.59736873e-03 -3.83026280e-03 8.20000000e-03
    endloop
  endfacet
  facet normal 0 0 0
    outer loop
      vertex 0.00000000e+00 0.00000000e+00 8.20000000e-03
      vertex -1.59736873e-03 -3.83026280e-03 8.20000000e-03
      vertex -1.52325376e-03 -3.86033651e-03 8.20000000e-03
    endloop
  endfacet
  facet normal 0 0 0
    outer loop
      vertex 0.00000000e+00 0.00000000e+00 8.20000000e-03
      vertex -1.52325376e-03 -3.86033651e-03 8.20000000e-03
      vertex -1.44857297e-03 -3.88897626e-03 8.20000000e-03
    endloop
  endfacet
  facet normal 0 0 0
    outer loop
      vertex 0.00000000e+00 0.00000000e+00 8.20000000e-03
      vertex -1.44857297e-03 -3.88897626e-03 8.20000000e-03
      vertex -1.37335410e-03 -3.91617141e-03 8.20000000e-03
    endloop
  endfacet
  facet normal 0 0 0
    outer loop
      vertex 0.00000000e+00 0.00000000e+00 8.20000000e-03
      vertex -1.37335410e-03 -3.91617141e-03 8.20000000e-03
      vertex -1.29762508e-03 -3.94191187e-03 8.20000000e-03
    endloop
  endfacet
  facet normal 0 0 0
    outer loop
      vertex 0.00000000e+00 0.00000000e+00 8.20000000e-03
      vertex -1.29762508e-03 -3.94191187e-03 8.20000000e-03
      vertex -1.22141404e-03 -3.96618806e-03 8.20000000e-03
    endloop
  endfacet
  facet normal 0 0 0
    outer loop
      vertex 0.00000000e+00 0.00000000e+00 8.20000000e-03
      vertex -1.22141404e-03 -3.96618806e-03 8.20000000e-03
      vertex -1.14474930e-03 -3.98899098e-03 8.20000000e-03
    endloop
  endfacet
  facet normal 0 0 0
    outer loop
      vertex 0.00000000e+00 0.00000000e+00 8.20000000e-03
      vertex -1.14474930e-03 -3.98899098e-03 8.20000000e-03
      vertex -1.06765933e-03 -4.01031215e-03 8.20000000e-03
    endloop
  endfacet
  facet normal 0 0 0
    outer loop
      vertex 0.00000000e+00 0.00000000e+00 8.20000000e-03
      vertex -1.06765933e-03 -4.01031215e-03 8.20000000e-03
      vertex -9.90172769e-04 -4.03014366e-03 8.20000000e-03
    endloop
  endfacet
  facet normal 0 0 0
    outer loop
      vertex 0.00000000e+00 0.00000000e+00 8.20000000e-03
      vertex -9.90172769e-04 -4.03014366e-03 8.20000000e-03
      vertex -9.12318399e-04 -4.04847813e-03 8.20000000e-03
    endloop
  endfacet
  facet normal 0 0 0
    outer loop
      vertex 0.00000000e+00 0.00000000e+00 8.20000000e-03
      vertex -9.12318399e-04 -4.04847813e-03 8.20000000e-03
      vertex -8.34125140e-04 -4.06530875e-03 8.20000000e-03
    endloop
  endfacet
  facet normal 0 0 0
    outer loop
      vertex 0.00000000e+00 0.00000000e+00 8.20000000e-03
      vertex -8.34125140e-04 -4.06530875e-03 8.20000000e-03
      vertex -7.55622038e-04 -4.08062928e-03 8.20000000e-03
    endloop
  endfacet
  facet normal 0 0 0
    outer loop
      vertex 0.00000000e+00 0.00000000e+00 8.20000000e-03
      vertex -7.55622038e-04 -4.08062928e-03 8.20000000e-03
      vertex -6.76838253e-04 -4.09443402e-03 8.20000000e-03
    endloop
  endfacet
  facet normal 0 0 0
    outer loop
      vertex 0.00000000e+00 0.00000000e+00 8.20000000e-03
      vertex -6.76838253e-04 -4.09443402e-03 8.20000000e-03
      vertex -5.97803050e-04 -4.10671785e-03 8.20000000e-03
    endloop
  endfacet
  facet normal 0 0 0
    outer loop
      vertex 0.00000000e+00 0.00000000e+00 8.20000000e-03
      vertex -5.97803050e-04 -4.10671785e-03 8.20000000e-03
      vertex -5.18545788e-04 -4.11747620e-03 8.20000000e-03
    endloop
  endfacet
  facet normal 0 0 0
    outer loop
      vertex 0.00000000e+00 0.00000000e+00 8.20000000e-03
      vertex -5.18545788e-04 -4.11747620e-03 8.20000000e-03
      vertex -4.39095907e-04 -4.12670508e-03 8.20000000e-03
    endloop
  endfacet
  facet normal 0 0 0
    outer loop
      vertex 0.00000000e+00 0.00000000e+00 8.20000000e-03
      vertex -4.39095907e-04 -4.12670508e-03 8.20000000e-03
      vertex -3.59482921e-04 -4.13440105e-03 8.20000000e-03
    endloop
  endfacet
  facet normal 0 0 0
    outer loop
      vertex 0.00000000e+00 0.00000000e+00 8.20000000e-03
      vertex -3.59482921e-04 -4.13440105e-03 8.20000000e-03
      vertex -2.79736400e-04 -4.14056126e-03 8.20000000e-03
    endloop
  endfacet
  facet normal 0 0 0
    outer loop
      vertex 0.00000000e+00 0.00000000e+00 8.20000000e-03
      vertex -2.79736400e-04 -4.14056126e-03 8.20000000e-03
      vertex -1.99885970e-04 -4.14518342e-03 8.20000000e-03
    endloop
  endfacet
  facet normal 0 0 0
    outer loop
      vertex 0.00000000e+00 0.00000000e+00 8.20000000e-03
      vertex -1.99885970e-04 -4.14518342e-03 8.20000000e-03
      vertex -1.19961289e-04 -4.14826582e-03 8.20000000e-03
    endloop
  endfacet
  facet normal 0 0 0
    outer loop
      vertex 0.00000000e+00 0.00000000e+00 8.20000000e-03
      vertex -1.19961289e-04 -4.14826582e-03 8.20000000e-03
      vertex -3.99920482e-05 -4.14980730e-03 8.20000000e-03
    endloop
  endfacet
  facet normal 0 0 0
    outer loop
      vertex 0.00000000e+00 0.00000000e+00 8.20000000e-03
      vertex -3.99920482e-05 -4.14980730e-03 8.20000000e-03
      vertex 3.99920482e-05 -4.14980730e-03 8.20000000e-03
    endloop
  endfacet
  facet normal 0 0 0
    outer loop
      vertex 0.00000000e+00 0.00000000e+00 8.20000000e-03
      vertex 3.99920482e-05 -4.14980730e-03 8.20000000e-03
      vertex 1.19961289e-04 -4.14826582e-03 8.20000000e-03
    endloop
  endfacet
  facet normal 0 0 0
    outer loop
      vertex 0.00000000e+00 0.00000000e+00 8.20000000e-03
      vertex 1.19961289e-04 -4.14826582e-03 8.20000000e-03
      vertex 1.99885970e-04 -4.14518342e-03 8.20000000e-03
    endloop
  endfacet
  facet normal 0 0 0
    outer loop
      vertex 0.00000000e+00 0.00000000e+00 8.20000000e-03
      vertex 1.99885970e-04 -4.14518342e-03 8.20000000e-03
      vertex 2.79736400e-04 -4.14056126e-03 8.20000000e-03
    endloop
  endfacet
  facet normal 0 0 0
    outer loop
      vertex 0.00000000e+00 0.00000000e+00 8.20000000e-03
      vertex 2.79736400e-04 -4.14056126e-03 8.20000000e-03
      vertex 3.59482921e-04 -4.13440105e-03 8.20000000e-03
    endloop
  endfacet
  facet normal 0 0 0
    outer loop
      vertex 0.00000000e+00 0.00000000e+00 8.20000000e-03
      vertex 3.59482921e-04 -4.13440105e-03 8.20000000e-03
      vertex 4.39095907e-04 -4.12670508e-03 8.20000000e-03
    endloop
  endfacet
  facet normal 0 0 0
    outer loop
      vertex 0.00000000e+00 0.00000000e+00 8.20000000e-03
      vertex 4.39095907e-04 -4.12670508e-03 8.20000000e-03
      vertex 5.18545788e-04 -4.11747620e-03 8.20000000e-03
    endloop
  endfacet
  facet normal 0 0 0
    outer loop
      vertex 0.00000000e+00 0.00000000e+00 8.20000000e-03
      vertex 5.18545788e-04 -4.11747620e-03 8.20000000e-03
      vertex 5.97803050e-04 -4.10671785e-03 8.20000000e-03
    endloop
  endfacet
  facet normal 0 0 0
    outer loop
      vertex 0.00000000e+00 0.00000000e+00 8.20000000e-03
      vertex 5.97803050e-04 -4.10671785e-03 8.20000000e-03
      vertex 6.76838253e-04 -4.09443402e-03 8.20000000e-03
    endloop
  endfacet
  facet normal 0 0 0
    outer loop
      vertex 0.00000000e+00 0.00000000e+00 8.20000000e-03
      vertex 6.76838253e-04 -4.09443402e-03 8.20000000e-03
      vertex 7.55622038e-04 -4.08062928e-03 8.20000000e-03
    endloop
  endfacet
  facet normal 0 0 0
    outer loop
      vertex 0.00000000e+00 0.00000000e+00 8.20000000e-03
      vertex 7.55622038e-04 -4.08062928e-03 8.20000000e-03
      vertex 8.34125140e-04 -4.06530875e-03 8.20000000e-03
    endloop
  endfacet
  facet normal 0 0 0
    outer loop
      vertex 0.00000000e+00 0.00000000e+00 8.20000000e-03
      vertex 8.34125140e-04 -4.06530875e-03 8.20000000e-03
      vertex 9.12318399e-04 -4.04847813e-03 8.20000000e-03
    endloop
  endfacet
  facet normal 0 0 0
    outer loop
      vertex 0.00000000e+00 0.00000000e+00 8.20000000e-03
      vertex 9.12318399e-04 -4.04847813e-03 8.20000000e-03
      vertex 9.90172769e-04 -4.03014366e-03 8.20000000e-03
    endloop
  endfacet
  facet normal 0 0 0
    outer loop
      vertex 0.00000000e+00 0.00000000e+00 8.20000000e-03
      vertex 9.90172769e-04 -4.03014366e-03 8.20000000e-03
      vertex 1.06765933e-03 -4.01031215e-03 8.20000000e-03
    endloop
  endfacet
  facet normal 0 0 0
    outer loop
      vertex 0.00000000e+00 0.00000000e+00 8.20000000e-03
      vertex 1.06765933e-03 -4.01031215e-03 8.20000000e-03
      vertex 1.14474930e-03 -3.98899098e-03 8.20000000e-03
    endloop
  endfacet
  facet normal 0 0 0
    outer loop
      vertex 0.00000000e+00 0.00000000e+00 8.20000000e-03
      vertex 1.14474930e-03 -3.98899098e-03 8.20000000e-03
      vertex 1.22141404e-03 -3.96618806e-03 8.20000000e-03
    endloop
  endfacet
  facet normal 0 0 0
    outer loop
      vertex 0.00000000e+00 0.00000000e+00 8.20000000e-03
      vertex 1.22141404e-03 -3.96618806e-03 8.20000000e-03
      vertex 1.29762508e-03 -3.94191187e-03 8.20000000e-03
    endloop
  endfacet
  facet normal 0 0 0
    outer loop
      vertex 0.00000000e+00 0.00000000e+00 8.20000000e-03
      vertex 1.29762508e-03 -3.94191187e-03 8.20000000e-03
      vertex 1.37335410e-03 -3.91617141e-03 8.20000000e-03
    endloop
  endfacet
  facet normal 0 0 0
    outer loop
      vertex 0.00000000e+00 0.00000000e+00 8.20000000e-03
      vertex 1.37335410e-03 -3.91617141e-03 8.20000000e-03
      vertex 1.44857297e-03 -3.88897626e-03 8.20000000e-03
    endloop
  endfacet
  facet normal 0 0 0
    outer loop
      vertex 0.00000000e+00 0.00000000e+00 8.20000000e-03
      vertex 1.44857297e-03 -3.88897626e-03 8.20000000e-03
      vertex 1.52325376e-03 -3.86033651e-03 8.20000000e-03
    endloop
  endfacet
  facet normal 0 0 0
    outer loop
      vertex 0.00000000e+00 0.00000000e+00 8.20000000e-03
      vertex 1.52325376e-03 -3.86033651e-03 8.20000000e-03
      vertex 1.59736873e-03 -3.83026280e-03 8.20000000e-03
    endloop
  endfacet
  facet normal 0 0 0
    outer loop
      vertex 0.00000000e+00 0.00000000e+00 8.20000000e-03
      vertex 1.59736873e-03 -3.83026280e-03 8.20000000e-03
      vertex 1.67089033e-03 -3.79876631e-03 8.20000000e-03
    endloop
  endfacet
  facet normal 0 0 0
    outer loop
      vertex 0.00000000e+00 0.00000000e+00 8.20000000e-03
      vertex 1.67089033e-03 -3.79876631e-03 8.20000000e-03
      vertex 1.74379127e-03 -3.76585873e-03 8.20000000e-03
    endloop
  endfacet
  facet normal 0 0 0
    outer loop
      vertex 0.00000000e+00 0.00000000e+00 8.20000000e-03
      vertex 1.74379127e-03 -3.76585873e-03 8.20000000e-03
      vertex 1.81604447e-03 -3.73155229e-03 8.20000000e-03
    endloop
  endfacet
  facet normal 0 0 0
    outer loop
      vertex 0.00000000e+00 0.00000000e+00 8.20000000e-03
      vertex 1.81604447e-03 -3.73155229e-03 8.20000000e-03
      vertex 1.88762307e-03 -3.69585973e-03 8.20000000e-03
    endloop
  endfacet
  facet normal 0 0 0
    outer loop
      vertex 0.00000000e+00 0.00000000e+00 8.20000000e-03
      vertex 1.88762307e-03 -3.69585973e-03 8.20000000e-03
      vertex 1.95850050e-03 -3.65879431e-03 8.20000000e-03
    endloop
  endfacet
  facet normal 0 0 0
    outer loop
      vertex 0.00000000e+00 0.00000000e+00 8.20000000e-03
      vertex 1.95850050e-03 -3.65879431e-03 8.20000000e-03
      vertex 2.02865043e-03 -3.62036979e-03 8.20000000e-03
    endloop
  endfacet
  facet normal 0 0 0
    outer loop
      vertex 0.00000000e+00 0.00000000e+00 8.20000000e-03
      vertex 2.02865043e-03 -3.62036979e-03 8.20000000e-03
      vertex 2.09804680e-03 -3.58060046e-03 8.20000000e-03
    endloop
  endfacet
  facet normal 0 0 0
    outer loop
      vertex 0.00000000e+00 0.00000000e+00 8.20000000e-03
      vertex 2.09804680e-03 -3.58060046e-03 8.20000000e-03
      vertex 2.16666382e-03 -3.53950108e-03 8.20000000e-03
    endloop
  endfacet
  facet normal 0 0 0
    outer loop
      vertex 0.00000000e+00 0.00000000e+00 8.20000000e-03
      vertex 2.16666382e-03 -3.53950108e-03 8.20000000e-03
      vertex 2.23447603e-03 -3.49708692e-03 8.20000000e-03
    endloop
  endfacet
  facet normal 0 0 0
    outer loop
      vertex 0.00000000e+00 0.00000000e+00 8.20000000e-03
      vertex 2.23447603e-03 -3.49708692e-03 8.20000000e-03
      vertex 2.30145821e-03 -3.45337373e-03 8.20000000e-03
    endloop
  endfacet
  facet normal 0 0 0
    outer loop
      vertex 0.00000000e+00 0.00000000e+00 8.20000000e-03
      vertex 2.30145821e-03 -3.45337373e-03 8.20000000e-03
      vertex 2.36758550e-03 -3.40837775e-03 8.20000000e-03
    endloop
  endfacet
  facet normal 0 0 0
    outer loop
      vertex 0.00000000e+00 0.00000000e+00 8.20000000e-03
      vertex 2.36758550e-03 -3.40837775e-03 8.20000000e-03
      vertex 2.43283332e-03 -3.36211571e-03 8.20000000e-03
    endloop
  endfacet
  facet normal 0 0 0
    outer loop
      vertex 0.00000000e+00 0.00000000e+00 8.20000000e-03
      vertex 2.43283332e-03 -3.36211571e-03 8.20000000e-03
      vertex 2.49717745e-03 -3.31460477e-03 8.20000000e-03
    endloop
  endfacet
  facet normal 0 0 0
    outer loop
      vertex 0.00000000e+00 0.00000000e+00 8.20000000e-03
      vertex 2.49717745e-03 -3.31460477e-03 8.20000000e-03
      vertex 2.56059398e-03 -3.26586260e-03 8.20000000e-03
    endloop
  endfacet
  facet normal 0 0 0
    outer loop
      vertex 0.00000000e+00 0.00000000e+00 8.20000000e-03
      vertex 2.56059398e-03 -3.26586260e-03 8.20000000e-03
      vertex 2.62305935e-03 -3.21590729e-03 8.20000000e-03
    endloop
  endfacet
  facet normal 0 0 0
    outer loop
      vertex 0.00000000e+00 0.00000000e+00 8.20000000e-03
      vertex 2.62305935e-03 -3.21590729e-03 8.20000000e-03
      vertex 2.68455036e-03 -3.16475740e-03 8.20000000e-03
    endloop
  endfacet
  facet normal 0 0 0
    outer loop
      vertex 0.00000000e+00 0.00000000e+00 8.20000000e-03
      vertex 2.68455036e-03 -3.16475740e-03 8.20000000e-03
      vertex 2.74504417e-03 -3.11243193e-03 8.20000000e-03
    endloop
  endfacet
  facet normal 0 0 0
    outer loop
      vertex 0.00000000e+00 0.00000000e+00 8.20000000e-03
      vertex 2.74504417e-03 -3.11243193e-03 8.20000000e-03
      vertex 2.80451831e-03 -3.05895032e-03 8.20000000e-03
    endloop
  endfacet
  facet normal 0 0 0
    outer loop
      vertex 0.00000000e+00 0.00000000e+00 8.20000000e-03
      vertex 2.80451831e-03 -3.05895032e-03 8.20000000e-03
      vertex 2.86295068e-03 -3.00433244e-03 8.20000000e-03
    endloop
  endfacet
  facet normal 0 0 0
    outer loop
      vertex 0.00000000e+00 0.00000000e+00 8.20000000e-03
      vertex 2.86295068e-03 -3.00433244e-03 8.20000000e-03
      vertex 2.92031959e-03 -2.94859857e-03 8.20000000e-03
    endloop
  endfacet
  facet normal 0 0 0
    outer loop
      vertex 0.00000000e+00 0.00000000e+00 8.20000000e-03
      vertex 2.92031959e-03 -2.94859857e-03 8.20000000e-03
      vertex 2.97660371e-03 -2.89176941e-03 8.20000000e-03
    endloop
  endfacet
  facet normal 0 0 0
    outer loop
      vertex 0.00000000e+00 0.00000000e+00 8.20000000e-03
      vertex 2.97660371e-03 -2.89176941e-03 8.20000000e-03
      vertex 3.03178215e-03 -2.83386608e-03 8.20000000e-03
    endloop
  endfacet
  facet normal 0 0 0
    outer loop
      vertex 0.00000000e+00 0.00000000e+00 8.20000000e-03
      vertex 3.03178215e-03 -2.83386608e-03 8.20000000e-03
      vertex 3.08583441e-03 -2.77491009e-03 8.20000000e-03
    endloop
  endfacet
  facet normal 0 0 0
    outer loop
      vertex 0.00000000e+00 0.00000000e+00 8.20000000e-03
      vertex 3.08583441e-03 -2.77491009e-03 8.20000000e-03
      vertex 3.13874040e-03 -2.71492333e-03 8.20000000e-03
    endloop
  endfacet
  facet normal 0 0 0
    outer loop
      vertex 0.00000000e+00 0.00000000e+00 8.20000000e-03
      vertex 3.13874040e-03 -2.71492333e-03 8.20000000e-03
      vertex 3.19048049e-03 -2.65392808e-03 8.20000000e-03
    endloop
  endfacet
  facet normal 0 0 0
    outer loop
      vertex 0.00000000e+00 0.00000000e+00 8.20000000e-03
      vertex 3.19048049e-03 -2.65392808e-03 8.20000000e-03
      vertex 3.24103543e-03 -2.59194701e-03 8.20000000e-03
    endloop
  endfacet
  facet normal 0 0 0
    outer loop
      vertex 0.00000000e+00 0.00000000e+00 8.20000000e-03
      vertex 3.24103543e-03 -2.59194701e-03 8.20000000e-03
      vertex 3.29038647e-03 -2.52900314e-03 8.20000000e-03
    endloop
  endfacet
  facet normal 0 0 0
    outer loop
      vertex 0.00000000e+00 0.00000000e+00 8.20000000e-03
      vertex 3.29038647e-03 -2.52900314e-03 8.20000000e-03
      vertex 3.33851526e-03 -2.46511985e-03 8.20000000e-03
    endloop
  endfacet
  facet normal 0 0 0
    outer loop
      vertex 0.00000000e+00 0.00000000e+00 8.20000000e-03
      vertex 3.33851526e-03 -2.46511985e-03 8.20000000e-03
      vertex 3.38540393e-03 -2.40032086e-03 8.20000000e-03
    endloop
  endfacet
  facet normal 0 0 0
    outer loop
      vertex 0.00000000e+00 0.00000000e+00 8.20000000e-03
      vertex 3.38540393e-03 -2.40032086e-03 8.20000000e-03
      vertex 3.43103506e-03 -2.33463026e-03 8.20000000e-03
    endloop
  endfacet
  facet normal 0 0 0
    outer loop
      vertex 0.00000000e+00 0.00000000e+00 8.20000000e-03
      vertex 3.43103506e-03 -2.33463026e-03 8.20000000e-03
      vertex 3.47539170e-03 -2.26807243e-03 8.20000000e-03
    endloop
  endfacet
  facet normal 0 0 0
    outer loop
      vertex 0.00000000e+00 0.00000000e+00 8.20000000e-03
      vertex 3.47539170e-03 -2.26807243e-03 8.20000000e-03
      vertex 3.51845737e-03 -2.20067211e-03 8.20000000e-03
    endloop
  endfacet
  facet normal 0 0 0
    outer loop
      vertex 0.00000000e+00 0.00000000e+00 8.20000000e-03
      vertex 3.51845737e-03 -2.20067211e-03 8.20000000e-03
      vertex 3.56021608e-03 -2.13245433e-03 8.20000000e-03
    endloop
  endfacet
  facet normal 0 0 0
    outer loop
      vertex 0.00000000e+00 0.00000000e+00 8.20000000e-03
      vertex 3.56021608e-03 -2.13245433e-03 8.20000000e-03
      vertex 3.60065232e-03 -2.06344443e-03 8.20000000e-03
    endloop
  endfacet
  facet normal 0 0 0
    outer loop
      vertex 0.00000000e+00 0.00000000e+00 8.20000000e-03
      vertex 3.60065232e-03 -2.06344443e-03 8.20000000e-03
      vertex 3.63975106e-03 -1.99366804e-03 8.20000000e-03
    endloop
  endfacet
  facet normal 0 0 0
    outer loop
      vertex 0.00000000e+00 0.00000000e+00 8.20000000e-03
      vertex 3.63975106e-03 -1.99366804e-03 8.20000000e-03
      vertex 3.67749778e-03 -1.92315109e-03 8.20000000e-03
    endloop
  endfacet
  facet normal 0 0 0
    outer loop
      vertex 0.00000000e+00 0.00000000e+00 8.20000000e-03
      vertex 3.67749778e-03 -1.92315109e-03 8.20000000e-03
      vertex 3.71387846e-03 -1.85191976e-03 8.20000000e-03
    endloop
  endfacet
  facet normal 0 0 0
    outer loop
      vertex 0.00000000e+00 0.00000000e+00 8.20000000e-03
      vertex 3.71387846e-03 -1.85191976e-03 8.20000000e-03
      vertex 3.74887959e-03 -1.78000052e-03 8.20000000e-03
    endloop
  endfacet
  facet normal 0 0 0
    outer loop
      vertex 0.00000000e+00 0.00000000e+00 8.20000000e-03
      vertex 3.74887959e-03 -1.78000052e-03 8.20000000e-03
      vertex 3.78248816e-03 -1.70742009e-03 8.20000000e-03
    endloop
  endfacet
  facet normal 0 0 0
    outer loop
      vertex 0.00000000e+00 0.00000000e+00 8.20000000e-03
      vertex 3.78248816e-03 -1.70742009e-03 8.20000000e-03
      vertex 3.81469169e-03 -1.63420541e-03 8.20000000e-03
    endloop
  endfacet
  facet normal 0 0 0
    outer loop
      vertex 0.00000000e+00 0.00000000e+00 8.20000000e-03
      vertex 3.81469169e-03 -1.63420541e-03 8.20000000e-03
      vertex 3.84547822e-03 -1.56038370e-03 8.20000000e-03
    endloop
  endfacet
  facet normal 0 0 0
    outer loop
      vertex 0.00000000e+00 0.00000000e+00 8.20000000e-03
      vertex 3.84547822e-03 -1.56038370e-03 8.20000000e-03
      vertex 3.87483631e-03 -1.48598237e-03 8.20000000e-03
    endloop
  endfacet
  facet normal 0 0 0
    outer loop
      vertex 0.00000000e+00 0.00000000e+00 8.20000000e-03
      vertex 3.87483631e-03 -1.48598237e-03 8.20000000e-03
      vertex 3.90275505e-03 -1.41102905e-03 8.20000000e-03
    endloop
  endfacet
  facet normal 0 0 0
    outer loop
      vertex 0.00000000e+00 0.00000000e+00 8.20000000e-03
      vertex 3.90275505e-03 -1.41102905e-03 8.20000000e-03
      vertex 3.92922409e-03 -1.33555160e-03 8.20000000e-03
    endloop
  endfacet
  facet normal 0 0 0
    outer loop
      vertex 0.00000000e+00 0.00000000e+00 8.20000000e-03
      vertex 3.92922409e-03 -1.33555160e-03 8.20000000e-03
      vertex 3.95423357e-03 -1.25957804e-03 8.20000000e-03
    endloop
  endfacet
  facet normal 0 0 0
    outer loop
      vertex 0.00000000e+00 0.00000000e+00 8.20000000e-03
      vertex 3.95423357e-03 -1.25957804e-03 8.20000000e-03
      vertex 3.97777422e-03 -1.18313661e-03 8.20000000e-03
    endloop
  endfacet
  facet normal 0 0 0
    outer loop
      vertex 0.00000000e+00 0.00000000e+00 8.20000000e-03
      vertex 3.97777422e-03 -1.18313661e-03 8.20000000e-03
      vertex 3.99983729e-03 -1.10625568e-03 8.20000000e-03
    endloop
  endfacet
  facet normal 0 0 0
    outer loop
      vertex 0.00000000e+00 0.00000000e+00 8.20000000e-03
      vertex 3.99983729e-03 -1.10625568e-03 8.20000000e-03
      vertex 4.02041459e-03 -1.02896383e-03 8.20000000e-03
    endloop
  endfacet
  facet normal 0 0 0
    outer loop
      vertex 0.00000000e+00 0.00000000e+00 8.20000000e-03
      vertex 4.02041459e-03 -1.02896383e-03 8.20000000e-03
      vertex 4.03949846e-03 -9.51289755e-04 8.20000000e-03
    endloop
  endfacet
  facet normal 0 0 0
    outer loop
      vertex 0.00000000e+00 0.00000000e+00 8.20000000e-03
      vertex 4.03949846e-03 -9.51289755e-04 8.20000000e-03
      vertex 4.05708182e-03 -8.73262318e-04 8.20000000e-03
    endloop
  endfacet
  facet normal 0 0 0
    outer loop
      vertex 0.00000000e+00 0.00000000e+00 8.20000000e-03
      vertex 4.05708182e-03 -8.73262318e-04 8.20000000e-03
      vertex 4.07315815e-03 -7.94910499e-04 8.20000000e-03
    endloop
  endfacet
  facet normal 0 0 0
    outer loop
      vertex 0.00000000e+00 0.00000000e+00 8.20000000e-03
      vertex 4.07315815e-03 -7.94910499e-04 8.20000000e-03
      vertex 4.08772146e-03 -7.16263404e-04 8.20000000e-03
    endloop
  endfacet
  facet normal 0 0 0
    outer loop
      vertex 0.00000000e+00 0.00000000e+00 8.20000000e-03
      vertex 4.08772146e-03 -7.16263404e-04 8.20000000e-03
      vertex 4.10076635e-03 -6.37350246e-04 8.20000000e-03
    endloop
  endfacet
  facet normal 0 0 0
    outer loop
      vertex 0.00000000e+00 0.00000000e+00 8.20000000e-03
      vertex 4.10076635e-03 -6.37350246e-04 8.20000000e-03
      vertex 4.11228797e-03 -5.58200338e-04 8.20000000e-03
    endloop
  endfacet
  facet normal 0 0 0
    outer loop
      vertex 0.00000000e+00 0.00000000e+00 8.20000000e-03
      vertex 4.11228797e-03 -5.58200338e-04 8.20000000e-03
      vertex 4.12228205e-03 -4.78843082e-04 8.20000000e-03
    endloop
  endfacet
  facet normal 0 0 0
    outer loop
      vertex 0.00000000e+00 0.00000000e+00 8.20000000e-03
      vertex 4.12228205e-03 -4.78843082e-04 8.20000000e-03
      vertex 4.13074487e-03 -3.99307955e-04 8.20000000e-03
    endloop
  endfacet
  facet normal 0 0 0
    outer loop
      vertex 0.00000000e+00 0.00000000e+00 8.20000000e-03
      vertex 4.13074487e-03 -3.99307955e-04 8.20000000e-03
      vertex 4.13767328e-03 -3.19624502e-04 8.20000000e-03
    endloop
  endfacet
  facet normal 0 0 0
    outer loop
      vertex 0.00000000e+00 0.00000000e+00 8.20000000e-03
      vertex 4.13767328e-03 -3.19624502e-04 8.20000000e-03
      vertex 4.14306472e-03 -2.39822321e-04 8.20000000e-03
    endloop
  endfacet
  facet normal 0 0 0
    outer loop
      vertex 0.00000000e+00 0.00000000e+00 8.20000000e-03
      vertex 4.14306472e-03 -2.39822321e-04 8.20000000e-03
      vertex 4.14691718e-03 -1.59931056e-04 8.20000000e-03
    endloop
  endfacet
  facet normal 0 0 0
    outer loop
      vertex 0.00000000e+00 0.00000000e+00 8.20000000e-03
      vertex 4.14691718e-03 -1.59931056e-04 8.20000000e-03
      vertex 4.14922922e-03 -7.99803825e-05 8.20000000e-03
    endloop
  endfacet
  facet normal 0 0 0
    outer loop
      vertex 0.00000000e+00 0.00000000e+00 8.20000000e-03
      vertex 4.14922922e-03 -7.99803825e-05 8.20000000e-03
      vertex 4.15000000e-03 0.00000000e+00 8.20000000e-03
    endloop
  endfacet
endsolid atmosphere
