timestamp,normU,maxDeltaAlpha,interfaceHeightMaxRel,interfaceHeightMinRel
0,0,nan,0.00082,0.00082
0.000297131,0.00195898292962,0.000526,0.000819707155454,0.000819568453006
0.000524583,0.00312071856064,0.001482,0.000819228474766,0.000818350127055
0.000729454,0.00410667404422,0.001991,0.000818561661469,0.000816707653908
0.000913709,0.00488269188016,0.002179,0.000817732185367,0.000814902547941
0.00109689,0.00551290614458,0.002421,0.000816685335159,0.000812889329566
0.00126803,0.00595679254412,0.002383,0.000815556248178,0.000810897281251
0.00144692,0.00630606148618,0.002513,0.000814281070696,0.000808786093183
0.00166548,0.00642444819504,0.00284,0.000812679036797,0.000806386253913
0.00212696,0.00675118933554,0.006534,0.000809198752988,0.000802770657358
0.00266085,0.00678208516512,0.056289,0.000797345226412,0.000755376482823
0.00319348,0.00683756732616,0.128891,0.000773510224051,0.000612546955857
0.0037391,0.00700770259632,0.156783,0.000723038675639,0.000376498251129
0.0043007,0.00711649295869,0.186566,0.000650781277709,9.7753737126e-05
0.00486257,0.00713810364679,0.127287,0.000568241872283,-0.00021404199968
0.00534325,0.0072479554802,0.051643,0.000490676208857,-0.000316022772408
0.00577884,0.00752592187904,0.046047,0.00041142514683,-0.000350379557314
0.00619803,0.0077875449297,0.042728,0.000327445577012,-0.00036838644646
0.00662228,0.00785721701491,0.038895,0.000240364929242,-0.00037301741174
0.00702151,0.00765110488947,0.031129,0.000161925966516,-0.000362349381352
0.00741238,0.00720540292193,0.024894,9.25878580985e-05,-0.000341956563034
0.0078051,0.00656689962498,0.01984,3.24941237819e-05,-0.00031640317405
0.00818895,0.00589529389784,0.014709,-1.48731608321e-05,-0.000291912229622
0.00860971,0.00526618857715,0.011997,-5.25693532962e-05,-0.000272868508626
0.00935757,0.00445997673187,0.015856,-9.98306940717e-05,-0.000271627428861
0.0100105,0.00390367958826,0.011944,-0.000133613472239,-0.000293364535862
0.0106328,0.00344963031367,0.012872,-0.000168366630534,-0.000317289217165
0.0113182,0.00302010585905,0.015786,-0.000208553208797,-0.000348594304901
0.0119732,0.00266014248249,0.019109,-0.000244017705141,-0.000386284721798
0.0126227,0.00235510881655,0.020599,-0.000272120480159,-0.000424399997628
0.0132717,0.00209426331701,0.020551,-0.000290980753444,-0.000460339080584
0.013916,0.00187967410737,0.017706,-0.00029933771283,-0.000489641073986
0.014565,0.00162465007651,0.016387,-0.000298423058108,-0.000513985213503
0.0152059,0.00138699819375,0.014913,-0.000290434576524,-0.000528846731312
0.0158013,0.001215937765,0.011706,-0.000275566456233,-0.000534249829418
0.0162838,0.00114948877296,0.008351,-0.000256339678485,-0.000533406728357
0.0166636,0.00112513939884,0.008979,-0.000235053216643,-0.000528669032085
0.0170373,0.00112234921927,0.010856,-0.000208448250277,-0.000518153824264
0.0174135,0.00113947353029,0.013709,-0.000173438496524,-0.000500582548015
0.0177935,0.00118725439895,0.016999,-0.00012760667445,-0.000475392699901
0.0181754,0.00126057748109,0.020411,-6.85437775125e-05,-0.000442785130591
0.0185541,0.00134937090086,0.023059,4.0897755611e-06,-0.000403812883482
0.0189062,0.00145597959404,0.023354,7.69162263345e-05,-0.000362434976614
0.0192635,0.00159546760892,0.025022,0.000148076401044,-0.000316127511523
0.019629,0.00174261580977,0.026698,0.000216682942239,-0.000264186466357
0.0200278,0.00190903266853,0.032126,0.000285631003819,-0.000201895491893
0.0204412,0.0020760408298,0.035092,0.000349957554457,-0.000130265897316
0.0208713,0.0022530953312,0.035618,0.000408816832976,-4.77979068368e-05
0.0213173,0.00244163217248,0.03328,0.000461039555561,4.18149145751e-05
0.0218313,0.00235300377834,0.031191,0.000510293117605,0.000129253433264
0.0225077,0.00205201590313,0.035354,0.000558913217736,0.000218321483123
0.0230769,0.00197180831148,0.026087,0.000586520498527,0.000277357670347
0.0235502,0.00198626395627,0.018055,0.000602274895911,0.000314783884726
0.0241857,0.00210228005302,0.018644,0.000615539122537,0.000351050540966
0.02479,0.00217838825085,0.009642,0.000622080899741,0.00036805704509
0.0255498,0.00216173553567,0.002697,0.000623759988896,0.000365100592673
0.0261072,0.00209424114524,0.006439,0.000620566109045,0.000352535974414
0.0266727,0.00191489420095,0.012543,0.000614488526152,0.000329624865167
0.0273379,0.00176806662637,0.020612,0.00060478370923,0.000292116095542
0.0276653,0.00177640921501,0.011718,0.000599192739735,0.000269844002727
0.0282861,0.00170410734465,0.022252,0.000587112970926,0.000223850717141
0.0288203,0.00204306046385,0.016314,0.000574779954118,0.000185227459009
0.0294687,0.00226860816746,0.016455,0.000557364548442,0.000141910976973
0.0302534,0.00231865106164,0.01704,0.000532599730172,9.52726067086e-05
0.0309251,0.00219524249298,0.016787,0.000507091921675,6.30526623487e-05
0.0314411,0.00205844914089,0.014561,0.000483832835147,4.8230612443e-05
0.0318761,0.00201076368749,0.012784,0.000462610473598,4.47437473737e-05
0.0323401,0.00202314781564,0.016046,0.000435278077734,4.5720740601e-05
0.0327664,0.00202078076138,0.016593,0.000405714560956,4.64178605577e-05
0.0331645,0.00206030801018,0.017189,0.000374016964173,4.54014110253e-05
0.0335402,0.00205314488153,0.017407,0.000340304477451,3.86501792731e-05
0.0338978,0.00202592859555,0.017582,0.000304268866388,2.57219071318e-05
0.0342425,0.00198436034394,0.01732,0.0002665622854,2.65636966811e-07
0.0346017,0.00186324247222,0.018006,0.00022479168824,-3.93941121127e-05
0.0352337,0.00150549993567,0.033373,0.000146717948158,-0.000135492900378
0.035965,0.00162423710796,0.036151,5.41718882958e-05,-0.000227619277274
0.0364696,0.00189816036266,0.02158,-6.61846199201e-06,-0.000276983944668
0.0370596,0.00210706703523,0.021391,-6.7268856471e-05,-0.000322895958418
0.0376836,0.00220075963739,0.018971,-0.000113444449202,-0.000357870539323
0.03836,0.00192370407591,0.017755,-0.000145672975642,-0.00038240072634
0.0390649,0.00170164918651,0.016111,-0.000160435136418,-0.000402506979762
0.0397521,0.00146505288403,0.012266,-0.000153143269525,-0.000417022945734
0.0404263,0.00136404154832,0.009965,-0.000126238616791,-0.000424990783711
0.0410565,0.00135890877957,0.014842,-8.45923978505e-05,-0.000426558621057
0.0414571,0.00139209160688,0.011664,-5.00978177623e-05,-0.000424637822071
0.041845,0.00144445888279,0.012402,-1.1597482728e-05,-0.000419244173496
0.0422328,0.00150451685913,0.013532,3.14503625122e-05,-0.000409252936532
0.0426194,0.00158125500627,0.01435,7.49950377891e-05,-0.000393890293717
0.0430108,0.00167752662003,0.015178,0.000118587981216,-0.000371782912167
0.043409,0.00180954557909,0.015918,0.000161747438747,-0.000341899026741
0.043791,0.00195570016771,0.017563,0.000201754238879,-0.000305310274669
0.0441803,0.00211603899768,0.020549,0.000241248300602,-0.000260174396495
0.0446071,0.00229833621898,0.024832,0.000283168103199,-0.000201862703488
0.0450312,0.00249238385354,0.026025,0.00032325550624,-0.00013538247561
0.0454579,0.0026882632567,0.026473,0.000361652248879,-6.09634433781e-05
0.0458962,0.00288089424894,0.026133,0.000397946491729,1.96547874285e-05
0.0463627,0.00308318606991,0.024518,0.00043229009781,9.23337674348e-05
0.0468489,0.00327391234985,0.019837,0.000463119107522,0.000146505806414
0.0473675,0.00344905312511,0.016854,0.000490914573907,0.000181887828498
0.0479171,0.00344030317713,0.015575,0.000515455303463,0.00019998370323
0.048475,0.00327615094962,0.013633,0.000535955967493,0.000204986008614
0.0490472,0.0031167730026,0.011542,0.000552577893239,0.000202462746748
0.0496573,0.00297124267809,0.009258,0.000565369535275,0.000199864838046
0.0502878,0.00286663706751,0.006448,0.000573881127746,0.000199664999157
0.0507273,0.002757655952,0.00296,0.000577581624826,0.000197447879009
0.0512713,0.00263589329426,0.002922,0.000580013831527,0.000192778576887
0.0518463,0.0025367503215,0.001839,0.000579987796933,0.000188371963752
0.0522618,0.0024791412751,0.00192,0.000578378022871,0.000186091557225
0.0528848,0.002448169676,0.003835,0.000573383282214,0.000184028920557
0.0533972,0.00258657421728,0.004847,0.000566757761374,0.000181763363761
0.0539643,0.00277275709508,0.00702,0.000556961310424,0.000175826713306
0.0546496,0.00284228098947,0.010517,0.00054187885849,0.000162519860396
0.0552491,0.0028081029075,0.01063,0.000526107175507,0.000146682595386
0.0558069,0.00274443337055,0.01069,0.000509693590473,0.000129167144176
0.0562522,0.00270031100743,0.008969,0.000495581343743,0.000113256859638
0.0567229,0.00267041924306,0.00991,0.000479636325043,9.43991193845e-05
0.057175,0.00265297984892,0.010082,0.000463154577211,7.41223828839e-05
0.0576132,0.00263856627155,0.0105,0.000445549243417,5.24863754548e-05
0.0580119,0.00263710846126,0.010231,0.000427975534843,3.02472540956e-05
0.0584042,0.00264062542502,0.010778,0.000408803892982,5.70695132597e-06
0.0587865,0.00264109756023,0.01298,0.000385254537359,-1.98308701494e-05
0.059161,0.0026357901138,0.014244,0.000357804380731,-4.48771852696e-05
0.0595311,0.00263262252462,0.015376,0.000326743476158,-6.89592621473e-05
0.0598904,0.00260252965947,0.015904,0.000293006178102,-9.23542145981e-05
0.0602419,0.0025408935409,0.015907,0.000257569011966,-0.0001162386136
0.0605905,0.00246354536746,0.015924,0.000220128377173,-0.000140604329596
0.0609386,0.00244771901707,0.015508,0.00018139762568,-0.000164681007247
0.0613228,0.00257983797028,0.01609,0.000138973993809,-0.000189899377164
0.0617117,0.00258819829639,0.014691,9.85828737279e-05,-0.000210664100834
0.0623448,0.00248882851909,0.019449,4.20235837934e-05,-0.000250583961395
0.0630618,0.00244393471133,0.016653,2.14558927805e-06,-0.000288031484379
0.0637334,0.00209147920239,0.009965,-6.849433476e-06,-0.000307985685719
0.064418,0.00181611315478,0.005909,1.04551596954e-05,-0.000318500000806
0.0649865,0.00163957053894,0.00922,3.85031863927e-05,-0.000322726691491
0.0655237,0.00151948583589,0.01043,6.99519220643e-05,-0.000321320095074
0.0661132,0.00143779994968,0.012436,0.000106317909853,-0.000315967189821
0.0665489,0.00142318636736,0.009601,0.00013337267713,-0.000309669104525
0.0669555,0.00145025363941,0.009136,0.000158245458061,-0.000302460485494
0.0673611,0.0014932730875,0.009205,0.000182489108661,-0.000294184501457
0.0677412,0.00155276297705,0.008647,0.000204551422319,-0.000285178985074
0.068112,0.00161744357431,0.008406,0.000225367873359,-0.000274823650848
0.0684811,0.00171030257183,0.008326,0.000245399485018,-0.000262466893008
0.068851,0.00182447290765,0.008357,0.000264943195062,-0.000247202123847
0.0692233,0.0019538731009,0.008512,0.000284294214608,-0.000227901414854
0.0695969,0.00208721618274,0.010332,0.000303617977272,-0.000203354322376
0.0700021,0.00223388776527,0.01319,0.000324590458468,-0.000169844163481
0.0704272,0.0023955367938,0.015717,0.000346561361833,-0.000129002889321
0.0708536,0.00257385944901,0.016466,0.000368380530576,-8.53797444356e-05
0.0712825,0.00275996032758,0.01541,0.000389855166147,-4.23909583121e-05
0.0717217,0.00295598752042,0.01304,0.00041115081726,-3.13623098144e-06
0.0721785,0.00315968709798,0.012155,0.000432416374834,2.95169336403e-05
0.0726614,0.0033528056508,0.012784,0.00045372605752,5.52905139677e-05
0.0732194,0.00353359433763,0.014219,0.000476453624163,7.72558212221e-05
0.0738274,0.00367853975622,0.014127,0.000498264701582,9.38483149775e-05
0.0744413,0.00377238880454,0.012076,0.000516804646193,0.00010711207654
0.0750534,0.00384385246199,0.009459,0.000531111174219,0.000120679617947
0.0756784,0.00390271234798,0.008374,0.000541260870148,0.000132489102718
0.0762839,0.00393109015223,0.006263,0.000547271309875,0.000141875396227
0.0768859,0.00392789743106,0.004068,0.000550088987247,0.000149082776815
0.0774791,0.00389652011007,0.00374,0.000550188936025,0.000156438584176
0.0780589,0.00384857150133,0.002914,0.000548301303515,0.000161893994563
0.0785894,0.0037910844842,0.002552,0.000544974487241,0.000163995867188
0.0790565,0.00373532743372,0.003208,0.000540593545412,0.000163187753264
0.0795375,0.00367563848369,0.004411,0.000534351213382,0.000161086244118
0.0800402,0.00360602064863,0.005961,0.000525746936823,0.000156731092391
0.0805684,0.00353292168726,0.007581,0.000514591009904,0.000148518722637
0.0811099,0.00345603525069,0.008814,0.000501362560212,0.000134100362701
0.081563,0.00337795518628,0.007922,0.000489234249595,0.00011500023247
0.0819716,0.00330393717654,0.008468,0.000477529097214,9.28185118379e-05
0.0824061,0.00323164584212,0.010025,0.00046423284778,6.5266408436e-05
0.082778,0.00317916716211,0.008978,0.0004521175598,3.95065795894e-05
0.0831682,0.00313791595883,0.009477,0.000438740728696,1.12287490044e-05
0.0835675,0.00310509233993,0.00953,0.000424443245359,-1.80137789708e-05
0.0839657,0.00308045909243,0.009147,0.00040967950151,-4.55688424819e-05
0.0843626,0.00304390609812,0.008701,0.000394577308095,-7.11084410192e-05
0.0847523,0.00300042199392,0.010059,0.000376507985424,-9.41339662586e-05
0.0851915,0.00295389764536,0.012298,0.000353192600544,-0.000115348996333
0.0856376,0.00290570456554,0.013269,0.000326408978555,-0.000130199183235
0.0860733,0.00288686177615,0.013722,0.000297590669928,-0.000138897055458
0.0865513,0.0028179349429,0.015114,0.000265102278977,-0.000143999065912
0.0871071,0.00274369140814,0.016013,0.000229363803075,-0.000149402579461
0.0876368,0.00266713519794,0.012427,0.000200832891638,-0.000155391049619
0.088166,0.00255048316309,0.00846,0.000181345733081,-0.000162581086876
0.0886833,0.00243828672957,0.003903,0.000172454237628,-0.000170515986015
0.0891627,0.00235216342105,0.002983,0.00017218629062,-0.000177427584829
0.0895887,0.00228289635713,0.002589,0.000177020517395,-0.000182934565324
0.0899749,0.00222795182538,0.003248,0.000184375252959,-0.000187484846016
0.0903244,0.00218381311746,0.003764,0.000192995651928,-0.000191216271608
0.090673,0.00213895917263,0.004275,0.000203011927001,-0.000194554124016
0.0910252,0.00209083351168,0.004589,0.000213821271978,-0.000197465643054
0.091395,0.00204318317603,0.004942,0.000225192137809,-0.000199950827589
0.0917559,0.00200478129392,0.004826,0.000236210109684,-0.000201721444032
0.092115,0.00197109757905,0.004737,0.00024726599521,-0.000202629056629
0.0924754,0.00193735215624,0.004616,0.000258014018731,-0.000202533307155
0.0928351,0.00191592408637,0.004451,0.000268303780529,-0.000201022305909
0.0931947,0.00189834937321,0.004332,0.000278172360878,-0.000197909602036
0.0935552,0.00189999142842,0.004271,0.000287763945759,-0.000193643935358
0.0939133,0.00191914913261,0.004276,0.000297183983808,-0.000188636603385
0.0942713,0.00193871110599,0.004424,0.000306742543107,-0.0001826264005
0.0946294,0.00196178884557,0.00467,0.000316646687259,-0.000176176958354
0.0949913,0.00198894859811,0.005093,0.000327136661068,-0.000167769498975
0.0953632,0.00202136979963,0.005633,0.000338458149081,-0.00015574576535
0.0957433,0.00205662088094,0.0065,0.000350553958599,-0.000139256949172
0.0961276,0.00209859338038,0.007867,0.000363244578071,-0.000118116427805
0.09652,0.00215410639553,0.009144,0.000376580014545,-9.22753439912e-05
0.0969493,0.00222951074788,0.010898,0.000391450297063,-5.99441585143e-05
0.0973979,0.00232335079669,0.011911,0.000407147178571,-2.2920485045e-05
0.0978503,0.00243232241657,0.012048,0.000422922322244,1.5922456239e-05
0.0983176,0.0025464766205,0.01191,0.000438839268581,5.33495352275e-05
0.098825,0.00263821659402,0.011888,0.000455196691798,8.90259126159e-05
0.0993591,0.00270213737386,0.011864,0.000470699555381,0.000120882273934
0.0998932,0.00270532015279,0.010577,0.000483873587446,0.000146796806002
0.100488,0.00269280479027,0.010273,0.000495435981184,0.000166123561173
0.10111,0.00273799856448,0.009422,0.000503833177457,0.000179852240169
0.101732,0.00284811888984,0.006564,0.000508472327249,0.000183227071815
0.102351,0.00294415378751,0.003628,0.000509667103177,0.000179730028137
0.102959,0.0030005282108,0.002515,0.000508264621814,0.000173789884938
0.103535,0.00303049084924,0.002232,0.000505726972183,0.000168567327017
0.104102,0.00303822344807,0.002544,0.0005028799645,0.000164019778135
0.104685,0.00302695232053,0.002934,0.000499852197913,0.000158170482679
0.105249,0.0029991998197,0.00347,0.000496573932953,0.000148819785416
0.105774,0.00296187602782,0.004545,0.00049267990189,0.000136392258254
0.106221,0.00291825542253,0.004199,0.000488309754114,0.000124725291783
0.106649,0.00286714005746,0.004188,0.000483048201152,0.000113006668492
0.107106,0.00280735767878,0.004759,0.000476209221197,0.000100093896714
0.107607,0.00273183208289,0.005764,0.000467284792458,8.55212053656e-05
0.108161,0.0026479157613,0.006867,0.00045594261076,6.9473797111e-05
0.108726,0.00256831221349,0.007632,0.000443400094852,5.43098863911e-05
0.109272,0.00249943833206,0.007726,0.000430624686595,4.0960983448e-05
0.109805,0.00244317758452,0.007657,0.000417471483031,2.7981418537e-05
0.110316,0.00240134523517,0.007387,0.000404394055831,1.45123537061e-05
0.110797,0.00237481879879,0.00681,0.000391915885219,1.14392154276e-06
0.111272,0.00235099933374,0.006455,0.000379690824642,-1.19272608867e-05
0.111736,0.00233487299826,0.005999,0.000368370670645,-2.31436813452e-05
0.112186,0.00232591455988,0.005451,0.000358251319654,-3.16144268263e-05
0.112615,0.00231347123644,0.004842,0.000349246829784,-3.74734801404e-05
0.113031,0.00229504472554,0.004381,0.000341115614966,-4.17058865952e-05
0.113442,0.00227219127555,0.003957,0.00033367883935,-4.5085055647e-05
0.113847,0.00224750990394,0.003491,0.000326905404345,-4.80359240284e-05
0.11425,0.00222042963091,0.003017,0.000320793968976,-5.08557929151e-05
0.114651,0.00219261251631,0.002604,0.000315244191269,-5.50270895065e-05
0.115055,0.00216779697441,0.002317,0.000310266676396,-5.97736422098e-05
0.115456,0.00214536638555,0.001962,0.000306419466373,-6.44464427075e-05
0.115854,0.0021257907186,0.001774,0.000303356572455,-6.90104298381e-05
0.116248,0.00211421987492,0.001995,0.000301126123552,-7.35540366548e-05
0.116644,0.00210685962828,0.00204,0.000299874518495,-7.80773875511e-05
0.117041,0.00210098245645,0.00213,0.000299754048523,-8.25510254472e-05
0.117428,0.00209849748674,0.002141,0.000300539998399,-8.65401417816e-05
0.117801,0.00209807161585,0.00206,0.000301991250728,-8.97677487414e-05
0.118173,0.00210081072414,0.001955,0.000304020776106,-9.2322083099e-05
0.118545,0.0021085811797,0.001796,0.00030656476186,-9.43262841815e-05
0.118918,0.00212486879718,0.001593,0.000309546071835,-9.57526040343e-05
0.119288,0.00214643345478,0.001746,0.000312997439856,-9.72024188056e-05
0.119657,0.00217341118678,0.001901,0.000317067284035,-9.77160279041e-05
0.120028,0.00220860223703,0.002054,0.000321436719415,-9.613348044e-05
0.120401,0.00225236180867,0.002216,0.000326118521723,-9.20912813098e-05
0.120777,0.00230591635764,0.002657,0.00033115170669,-8.53944811504e-05
0.121155,0.00236473136841,0.003329,0.000336567203088,-7.59353392781e-05
0.121537,0.00242825956564,0.004028,0.000342394082917,-6.38256059141e-05
0.121923,0.00249562813199,0.00474,0.000348655316482,-4.93329479522e-05
0.122319,0.00256585232773,0.005407,0.000355476472072,-3.24720643011e-05
0.12273,0.00263929210934,0.006031,0.000362924440734,-1.32385844002e-05
0.123152,0.00271128325314,0.006482,0.000370913401864,7.30467886675e-06
0.123577,0.00277790312664,0.006643,0.000379202499454,2.7080911496e-05
0.124007,0.00283862623991,0.006601,0.000387659497781,4.66253296051e-05
0.124443,0.00288824413574,0.006563,0.00039612079584,6.54780690217e-05
0.124884,0.00292582326579,0.006404,0.000404340059643,8.2941397631e-05
0.125333,0.00294800388254,0.006172,0.00041217386617,9.84321879359e-05
0.125789,0.00295185410815,0.005686,0.000419385912029,0.000111213129669
0.126252,0.00294790845344,0.005117,0.00042582734761,0.000120040334539
0.12672,0.00293339100333,0.004452,0.000431355538982,0.000125685107452
0.127238,0.0029067897352,0.00419,0.000436257829829,0.000130282574915
0.127791,0.0028759076003,0.003765,0.000439967804014,0.0001345178418
0.128349,0.00283492445721,0.002961,0.000442225523406,0.000137139065954
0.128911,0.00277972910276,0.002017,0.000443075220884,0.000133483397085
0.129454,0.00272016097381,0.002726,0.000442347982175,0.000125900409176
0.129941,0.00265663626018,0.003706,0.000441004816451,0.000115468049901
0.130414,0.00258831393209,0.004436,0.000439475868733,0.00010279014836
0.130868,0.00251648988604,0.004437,0.000437213054639,8.98966912856e-05
0.131302,0.00244191772944,0.004061,0.000434436766738,7.79048112532e-05
0.131749,0.00236846238281,0.00392,0.000431050827467,6.61519799776e-05
0.132204,0.00229223332112,0.003683,0.000427165250214,5.49474323115e-05
0.132645,0.00221363844925,0.003611,0.000423045147541,4.49826785009e-05
0.133073,0.00213533238497,0.003542,0.000418769655107,3.55607906363e-05
0.133505,0.00205566707393,0.003525,0.000414145227912,2.57886406766e-05
0.133926,0.00197828253321,0.003367,0.000409310198366,1.61700981625e-05
0.13434,0.0019038768047,0.003234,0.000404265574398,6.849433476e-06
0.134749,0.00183631070236,0.003086,0.000398976609736,-1.99836199836e-06
0.135158,0.00178271022653,0.003007,0.000393409122005,-1.01474619022e-05
0.135561,0.00174120359028,0.003067,0.000387649934557,-1.74039650707e-05
0.13596,0.00171103691766,0.003112,0.000381734963349,-2.37523750956e-05
0.136364,0.0016872218827,0.003196,0.000375553311077,-2.93144765272e-05
0.136768,0.00167092114613,0.003243,0.000369198372134,-3.40367843916e-05
0.137169,0.00165625352645,0.003228,0.000362809072417,-3.78272975059e-05
0.137569,0.00164101869439,0.003201,0.000356409452862,-4.02590799929e-05
0.138004,0.00161913301798,0.003454,0.000349431693525,-4.20952039472e-05
0.138442,0.00159900382586,0.003366,0.000342558333452,-4.3973716172e-05
0.138877,0.00158102953399,0.003163,0.000336032440169,-4.531458087e-05
0.139308,0.00156636022733,0.00293,0.000329928425358,-4.61545757942e-05
0.139737,0.00155177487518,0.002695,0.000324423737488,-4.66903460979e-05
0.140159,0.00153669703539,0.00244,0.000319697940651,-4.75598184618e-05
0.140576,0.00151944703956,0.0022,0.000315421805465,-4.87341091725e-05
0.14099,0.00150240485541,0.002011,0.000311569977482,-5.06186182461e-05
0.141399,0.0014854079728,0.001987,0.000308173904005,-5.35429262394e-05
0.141811,0.00146873318695,0.002154,0.000305210335179,-5.68569977817e-05
0.142223,0.00145322246904,0.002203,0.000302761495359,-5.99715594881e-05
0.142635,0.00144168217827,0.002123,0.000300848434173,-6.29283143989e-05
0.143049,0.00143515646502,0.002025,0.000299453874587,-6.58558928661e-05
0.143466,0.00143341743107,0.001866,0.000298543767463,-6.86461636929e-05
0.143885,0.00143936180327,0.001674,0.000298104720198,-7.09793558979e-05
0.144307,0.00144814074832,0.001478,0.000298139854555,-7.24610552596e-05
0.144733,0.00146512712413,0.001242,0.000298701754156,-7.26767778128e-05
0.145158,0.0014868064907,0.001061,0.000299900799974,-7.14235596356e-05
0.145566,0.00151116674773,0.00133,0.000301702999254,-6.90014004878e-05
0.145957,0.00153687633314,0.001551,0.000304044718659,-6.58649584102e-05
0.146343,0.00156643945864,0.001766,0.000306933280011,-6.21484181076e-05
0.14673,0.00159956951992,0.001873,0.000310324894761,-5.79993093216e-05
0.147118,0.00163636152101,0.001996,0.000314147493007,-5.38958200352e-05
0.147507,0.00167598008007,0.002122,0.000318323211223,-5.01502214157e-05
0.147899,0.00171808176741,0.002244,0.000322773244233,-4.68667926926e-05
0.148306,0.00176529086997,0.00255,0.000327523308466,-4.41352359155e-05
0.148738,0.00181688296061,0.002931,0.00033256243413,-4.21730446593e-05
0.149181,0.00187167921136,0.003094,0.000337668508989,-4.11761104514e-05
0.149638,0.00192785814509,0.003091,0.000342788214356,-4.11511711568e-05
0.150102,0.00198193513508,0.002916,0.000347768047516,-4.20765210478e-05
0.150568,0.00203354270621,0.002774,0.000352752229921,-4.38836236513e-05
0.151007,0.00207871989182,0.002456,0.000357319009019,-4.63435301434e-05
0.151439,0.00211755023907,0.002326,0.00036130738523,-4.95365738702e-05
0.151869,0.00214874100015,0.002183,0.000364632631985,-5.35705496785e-05
0.152299,0.00216754284902,0.001967,0.000367182416491,-5.84051351685e-05
0.152729,0.0021794651091,0.001698,0.000368887125177,-6.35680422638e-05
0.15316,0.00218584917236,0.001815,0.000369729897201,-6.90495558233e-05
0.153593,0.00218141471372,0.0019,0.000369704315442,-7.47470875797e-05
0.154027,0.00216989385349,0.001902,0.000368910769536,-8.04093735201e-05
0.154462,0.00215661258401,0.001843,0.000368281924389,-8.58570719189e-05
0.154897,0.00214247815699,0.001767,0.000367178465101,-9.10445060249e-05
0.15533,0.00212740748235,0.001674,0.00036564149187,-9.59270745655e-05
0.155763,0.00210882070837,0.001946,0.000363757258631,-0.000100449511193
0.156195,0.00209088599846,0.002184,0.000361618368785,-0.000104373464373
0.156627,0.00207372858887,0.002295,0.000359378305019,-0.000106699327218
0.157057,0.00205738224601,0.002309,0.000356923620967,-0.000107086286217
0.157486,0.00204000805849,0.002252,0.000354274066594,-0.000106266274879
0.157913,0.00202388415462,0.002143,0.000351421208121,-0.000105132298109
0.158337,0.00200801168707,0.002048,0.000348335958667,-0.000104321698385
0.158762,0.00199231677282,0.001944,0.000345227722022,-0.000104105969196
0.159191,0.00197456682413,0.001966,0.000341886696872,-0.000104482736666
0.159618,0.00195554843844,0.002035,0.000338338317745,-0.000105459744518
0.160042,0.0019349640708,0.002193,0.000334612570563,-0.000106968785989
0.160467,0.00191127189573,0.002325,0.000330683574945,-0.000108849489772
0.160897,0.00188341304557,0.002429,0.000326537327968,-0.000110893837143
0.161329,0.00185358573275,0.002494,0.000322246159631,-0.000112790528321
0.161761,0.00182398593131,0.00253,0.000317884227804,-0.000114302225844
0.162187,0.00179409434237,0.002507,0.000313549113462,-0.000115391517599
0.162612,0.00176260712125,0.002472,0.000309256747436,-0.000116201802913
0.163035,0.00172824838498,0.002408,0.000305071264031,-0.00011693767889
0.163457,0.00169213547852,0.002315,0.00030105835173,-0.000117774580692
0.163877,0.00165363574063,0.002199,0.000297269738135,-0.000118796839608
0.164296,0.00161357055446,0.002066,0.00029374701608,-0.000119983984221
0.164715,0.001573284535,0.001919,0.000290585596482,-0.000121281798162
0.165132,0.00153424615819,0.001758,0.000287891039805,-0.000122549317147
0.165549,0.0015013419016,0.00173,0.000285655610041,-0.000123604435272
0.165966,0.00147218766062,0.001721,0.000283845788728,-0.000124383606206
0.166377,0.0014454630749,0.001551,0.00028242905864,-0.00012502484005
0.166776,0.00142297354591,0.001224,0.000281367380888,-0.000125850084386
0.167161,0.00140429062077,0.00106,0.000280599329915,-0.000127062539668
0.167544,0.00138887922499,0.000987,0.000280051479027,-0.000128668701435
0.167927,0.00137702609411,0.000962,0.000279708565855,-0.000130443772712
0.168309,0.00136739941645,0.00092,0.000279568643716,-0.000132200816786
0.168693,0.00136104481062,0.000879,0.000279640865188,-0.000133796093054
0.169077,0.00135809531923,0.000825,0.000279943209336,-0.000135128437117
0.169461,0.00135916735148,0.000749,0.000280491147442,-0.000136168898572
0.169847,0.00136325051011,0.000726,0.000281317855403,-0.000136973785023
0.170234,0.00137004020105,0.000894,0.000282489740037,-0.000137560367841
0.170622,0.00138005945716,0.001239,0.000284280766147,-0.000137934660158
0.171012,0.00139240123785,0.001536,0.000286357629013,-0.000138044710645
0.171403,0.00140623256743,0.001875,0.000288695414298,-0.00013778056238
0.1718,0.00142093605644,0.002165,0.000291302479959,-0.00013703714701
0.172211,0.00143558579708,0.002411,0.000294226467427,-0.000135763372572
0.172647,0.00145152207394,0.002665,0.000297551111286,-0.000133937178814
0.173093,0.00146685126796,0.002792,0.000301167657729,-0.000131715471321
0.173555,0.00148093327362,0.002957,0.000305029971705,-0.000129214465219
0.174018,0.00149268281065,0.003009,0.000308913281324,-0.000126657672738
0.174483,0.0015019148539,0.002906,0.000312683833289,-0.00012415386208
0.17495,0.00150873789132,0.002919,0.00031623437109,-0.000121574274165
0.175418,0.00149775767688,0.002844,0.000319502333416,-0.000118514584922
0.175893,0.00148499013804,0.002722,0.000322521396977,-0.000114279515714
0.176374,0.00146794967989,0.003015,0.000325275891648,-0.00010833182657
0.176842,0.00144618138017,0.003466,0.000327651440223,-0.000100810739787
0.177286,0.0014256968044,0.003598,0.000329616489099,-9.22695014043e-05
0.177724,0.00141129817585,0.003703,0.000331247799461,-8.26722983688e-05
0.178158,0.00140053256304,0.003724,0.000332556180223,-7.24011217891e-05
0.178591,0.00139325491949,0.003686,0.000333562289198,-6.16776796352e-05
0.179025,0.00138979434736,0.003589,0.000334279990956,-5.06987111154e-05
0.179459,0.00138910934855,0.003529,0.00033471231141,-3.975332783e-05
0.179894,0.00139168889139,0.003327,0.000334866048691,-2.92954935631e-05
0.18033,0.00139693914461,0.00295,0.000334751787951,-1.9907694253e-05
0.180765,0.00140434870256,0.002444,0.000334375624948,-1.20468532857e-05
0.181202,0.00141235675939,0.001909,0.000333718378427,-5.85351271745e-06
0.181639,0.00142038219609,0.001388,0.000332754191556,-1.32077545498e-06
0.182076,0.00142792612329,0.001205,0.000331462912548,2.15867486653e-06
0.182517,0.00143505851921,0.001045,0.000329823765319,5.214964264e-06
0.182961,0.00144064940752,0.000951,0.000327829942761,7.8538870953e-06
0.183401,0.00144465845506,0.001069,0.000325581469905,9.995189498e-06
0.183838,0.00144656800545,0.001153,0.000323147662507,1.15845475289e-05
0.184323,0.00144249633637,0.001377,0.000320305654086,1.2602565731e-05
0.184832,0.00143576124686,0.001575,0.000317312686507,1.30739775167e-05
0.185333,0.00142537247342,0.001614,0.000314507547225,1.33708912737e-05
0.185845,0.00141102892207,0.001633,0.000311901319029,1.33837981092e-05
0.186318,0.00139661459354,0.001429,0.000309770535417,1.33644377792e-05
0.186773,0.00137951493373,0.001253,0.00030798784945,1.32805376903e-05
0.187254,0.00135899385866,0.001206,0.000306371750501,1.31901740687e-05
0.187736,0.00133749916738,0.001165,0.000304975635805,1.30868890644e-05
0.188222,0.00131511924256,0.001108,0.000303726865771,1.28189324502e-05
0.18871,0.00129254134061,0.001039,0.000302552111537,1.17979520395e-05
0.189195,0.00127055362544,0.001059,0.000301432104408,9.92390327685e-06
0.189673,0.00124920596917,0.001071,0.000300399952297,7.49970634903e-06
0.190147,0.00122892437272,0.001125,0.000299491129755,4.99331042995e-06
0.190617,0.00120876978213,0.001113,0.000298756601943,2.69827324569e-06
0.191078,0.00118935525536,0.001168,0.000298249637564,8.16313475889e-07
0.191521,0.00117154856425,0.00124,0.000298021268726,-4.68905892914e-07
0.191952,0.00115417659567,0.001198,0.000298095936322,-1.14719696213e-06
0.192369,0.00113758321756,0.001003,0.000298484512858,-1.54342609262e-06
0.192783,0.00112091320864,0.001091,0.000299206184657,-2.06707135595e-06
0.193193,0.00110444825483,0.001178,0.000300248932284,-2.69173478801e-06
0.193604,0.00108795509989,0.001283,0.000301609072332,-3.39432017995e-06
0.194017,0.00107213577261,0.001371,0.000303262877506,-4.11262087113e-06
0.194425,0.00105827692892,0.001421,0.00030516253274,-4.75203059908e-06
0.194836,0.00104536224482,0.001484,0.000307314590142,-5.23451906994e-06
0.195246,0.00103372342048,0.001538,0.000309692845057,-5.43329971176e-06
0.195657,0.00102373111638,0.001595,0.000312322787475,-5.14325930622e-06
0.19607,0.001014654483,0.001639,0.000315235630346,-4.24315326044e-06
0.196481,0.00100720249979,0.001789,0.000318438236327,-2.7309647508e-06
0.196896,0.00100109354255,0.001939,0.000321972925795,-6.91788065436e-07
0.197314,0.000996150941453,0.002049,0.000325806874512,1.03254949382e-06
0.197731,0.000992768176452,0.002144,0.000329878190626,2.96630505524e-06
0.198151,0.000990155192616,0.002215,0.000334155229908,5.35183808212e-06
0.198571,0.000988466003299,0.002228,0.000338540778527,8.05527914215e-06
0.198992,0.000987360722892,0.002203,0.000342962623179,1.10184313305e-05
0.199391,0.00098728428261,0.002045,0.000347132372302,1.38708813818e-05
0.199772,0.000987589077903,0.001925,0.000351040410455,1.65719534987e-05
0.20017,0.000987556649018,0.001998,0.000355017527474,1.93665694945e-05
0.200593,0.000988073955625,0.002089,0.000359088240761,2.24037086354e-05
0.201011,0.000989947563321,0.002012,0.000362944329717,2.5550281249e-05
0.201427,0.000992288248624,0.001937,0.000366632937968,2.88904170416e-05
0.201841,0.0009948918514,0.001836,0.000370131199128,3.24405497069e-05
0.202253,0.000998009361176,0.001766,0.000373451853408,3.6200952109e-05
0.202669,0.00100089721899,0.001706,0.00037663062469,4.01654463051e-05
0.203084,0.00100523313911,0.001614,0.000379628836063,4.42501435202e-05
0.2035,0.00101110163449,0.001542,0.000382472085181,4.66655785358e-05
0.203918,0.00101793213578,0.001462,0.000385150849701,4.83387520988e-05
0.204335,0.00102561603602,0.001378,0.000387642283873,5.0162551185e-05
0.20475,0.00103477610735,0.001324,0.000389935210057,5.21297793441e-05
0.205169,0.00104557719882,0.00126,0.000392064040421,5.41841557658e-05
0.20559,0.0010575563291,0.001181,0.000394034194164,5.61873379972e-05
0.206016,0.00107120661989,0.001114,0.000395866015873,5.79932050879e-05
0.206445,0.00108615127661,0.001059,0.000397564462707,5.94964747062e-05
0.206872,0.00110050009637,0.000973,0.000399093048348,6.06593169544e-05
0.207303,0.00111488341184,0.000883,0.000400456756569,6.15774216275e-05
0.207731,0.00113106420083,0.000793,0.000401608036862,6.23487763583e-05
0.208189,0.00114650617993,0.000847,0.000402587279095,6.31618297476e-05
0.208678,0.0011588087928,0.000947,0.000403320695074,6.4219364038e-05
0.209181,0.00117543271263,0.000996,0.000403734606988,6.56715374853e-05
0.209667,0.00119533928557,0.000927,0.000403814747087,6.74468064705e-05
0.210127,0.00121274967094,0.000763,0.000403658184658,6.93324088103e-05
0.210585,0.0012287870808,0.000662,0.000403324425247,7.11834807447e-05
0.211032,0.00124327915098,0.000617,0.000402843047027,7.27007433203e-05
0.211476,0.00125674099646,0.000505,0.000402208099989,7.3730567276e-05
0.211948,0.00126974946266,0.000492,0.000401334918422,7.43167224521e-05
0.212397,0.00127969697555,0.000547,0.000400310587552,7.45289459416e-05
0.212846,0.00128781805168,0.00063,0.000399128726775,7.4552854841e-05
0.213322,0.00129521333774,0.000731,0.000397754565631,7.44661816057e-05
0.21382,0.00130097074226,0.000826,0.000396254749363,7.43077539954e-05
0.214284,0.00130239231885,0.000838,0.000394859086492,7.41253730887e-05
0.214737,0.00130235433634,0.000877,0.000393505765036,7.39250041062e-05
0.215215,0.00130079147642,0.000994,0.000392071637175,7.37515089467e-05
0.215697,0.00129701399192,0.00104,0.00039062278407,7.37814246477e-05
0.216173,0.001294285144,0.001086,0.000389216353539,7.4218063777e-05
0.216648,0.00128871455248,0.001062,0.000387892795192,7.49711423947e-05
0.217125,0.00128364478581,0.000998,0.000386706282975,7.58756711905e-05
0.217601,0.00127950601791,0.000918,0.000385726675487,7.69192058787e-05
0.218076,0.00127480545692,0.000825,0.000384964552901,7.82558746338e-05
0.21855,0.00127227333581,0.000681,0.000384682121365,7.9907916516e-05
0.219024,0.00126875804295,0.00064,0.000384845447616,8.18052256532e-05
0.219499,0.00126851212586,0.000707,0.000385208456071,8.38958017447e-05
0.219975,0.00126542344588,0.000761,0.000385805330633,8.61397943599e-05
0.22045,0.00126443712169,0.000821,0.000386648814055,8.85534653072e-05
0.220927,0.00126527452792,0.000909,0.000387737910708,9.12171166951e-05
0.221407,0.00126504495335,0.001017,0.000389040804153,9.41864213473e-05
0.221886,0.00126886221766,0.001117,0.000390500942458,9.74346008706e-05
0.222371,0.00126946735233,0.001197,0.00039207353635,0.000100900298247
0.222855,0.00127321062672,0.001229,0.000393699006151,0.000104442480262
0.22334,0.00127440664902,0.001278,0.000395363699423,0.000106779601437
0.223825,0.00127750691282,0.00141,0.000397061633069,0.000109146773353
0.224311,0.00128002606103,0.001491,0.00039880191084,0.00011176017817
0.224799,0.00128466110502,0.001537,0.000400591651224,0.000114574694682
0.225288,0.00128926691656,0.001555,0.000402421066612,0.000117556961649
0.225778,0.00129189600125,0.001567,0.000404282334361,0.000120617684498
0.22627,0.00130021370545,0.001551,0.000406160290825,0.000123691360924
0.226765,0.00130429640822,0.001523,0.000408051056772,0.000126774966829
0.227262,0.00131690775353,0.001462,0.000409939727047,0.000129851618713
0.227755,0.00132477325028,0.001356,0.000411771106065,0.000132899165765
0.228231,0.00134003749242,0.0012,0.000413477803688,0.000135752334794
0.228706,0.00134763502329,0.001097,0.000415077304573,0.00013848475138
0.229195,0.00136023567424,0.001098,0.00041660145853,0.000141166165837
0.229697,0.00137039577839,0.00108,0.000418023497714,0.000143824370876
0.230205,0.00138764514763,0.000999,0.000419322315477,0.000146334417152
0.23069,0.00140704075416,0.000885,0.000420444275227,0.000148570264529
0.231164,0.00142548920719,0.000798,0.000421419319556,0.000150596560568
0.231629,0.00144877792899,0.000791,0.000422244531238,0.00015237990189
0.232092,0.00146601940028,0.00077,0.000422922322244,0.000153816971123
0.232554,0.00148869308211,0.000731,0.000423445963489,0.000154837139214
0.233016,0.00150412536867,0.000629,0.000423799617638,0.000155509307033
0.233478,0.00152224788748,0.000531,0.000423967351006,0.000155880083111
0.233939,0.00153737930318,0.000461,0.000423951120767,0.000156057345335
0.234395,0.00155896452626,0.000439,0.000423767147771,0.000156070772566
0.234855,0.00157875533975,0.000581,0.000423426109456,0.000155915001747
0.23531,0.00160049174829,0.000615,0.000422960256231,0.000155573803136
0.235762,0.00161700943003,0.000587,0.000422376533723,0.000154955484885
0.236213,0.00163661101245,0.000638,0.000421690894179,0.000154099743773
0.236667,0.00165065480147,0.000746,0.00042089936919,0.000153046206182
0.23712,0.00166843276025,0.000845,0.000420101370601,0.000151980372658
0.237582,0.00168638036324,0.00094,0.00041925144294,0.000150934642742
0.238047,0.00169757411991,0.000947,0.000418272924889,0.000150033651435
0.238506,0.00172121238134,0.001045,0.000417203494216,0.000149275216882
0.238961,0.00173565056723,0.001423,0.00041605911933,0.00014854042492
0.239416,0.00175965628073,0.001656,0.000414846706429,0.000147590359034
0.239878,0.00177146116704,0.001821,0.000413531004239,0.00014262770577
0.240338,0.00178716983449,0.001784,0.000412140772563,0.000137733776441
0.240793,0.00179854838667,0.001642,0.0004107013149,0.000133201029033
0.241269,0.00180178248493,0.001549,0.000409162415023,0.000128899863817
0.24174,0.00180910209447,0.001994,0.000407656699214,0.000125041633642
0.242214,0.00181026979712,0.002277,0.000406637236425,0.000121368990296
0.242683,0.00182438580646,0.002105,0.000406013606957,0.00011794411085
0.243155,0.00182523679129,0.001742,0.000405597503496,0.000114759123545
0.243618,0.00183624869349,0.001336,0.000405435816213,0.000112178747634
0.244083,0.00183642185438,0.001032,0.000405469272229,0.000110123565508
0.244563,0.00184094181015,0.00096,0.000405640241332,0.000108374740137
0.24504,0.00184011551226,0.001354,0.000405883604764,0.000106705061369
0.245515,0.00184446501445,0.001478,0.000406191851149,0.000105089202651
0.24599,0.0018536378358,0.001323,0.000406566738517,0.000103518879043
0.246463,0.00185779587329,0.001116,0.000407028538778,0.000101979956973
0.246926,0.00186852549178,0.000952,0.000407584465552,0.000100614252459
0.247395,0.00187222131459,0.000883,0.000408232413513,9.9474793626e-05
0.247864,0.00188023704221,0.000746,0.000408955458707,9.8808847189e-05
0.248337,0.00188111465875,0.000607,0.000409729340455,9.85857712428e-05
0.248812,0.00188503096137,0.000494,0.00041055755215,9.87190451577e-05
0.249281,0.00189013296543,0.000462,0.000411408580063,9.89768357908e-05
0.249751,0.00189441818229,0.000478,0.000412287841607,9.93358610246e-05
0.250215,0.00189797561181,0.000517,0.000413154832349,9.98625145562e-05
0.250681,0.00190180636518,0.000587,0.000414016933517,0.000100596912934
0.251138,0.00190212413473,0.00065,0.000414833892876,0.000101564438874
0.251588,0.00190081469567,0.000703,0.000415607716658,0.000102723865837
0.252038,0.00189655748476,0.000727,0.000416334914149,0.000104088708242
0.252487,0.00189626762529,0.000718,0.000416997409323,0.000105522919848
0.252938,0.00189352052156,0.000709,0.000417606344521,0.000106905729659
0.253389,0.0018924128259,0.000713,0.000418156416839,0.000108231685562
0.253842,0.00189119741229,0.000725,0.000418649603508,0.000109589626057
0.254296,0.00188401463802,0.000771,0.000419087859518,0.000111144721068
0.254751,0.00188115338614,0.000807,0.000419469485993,0.000112938420311
0.255207,0.00187183892418,0.000813,0.000419803667434,0.000114966198184
0.255664,0.00187034872107,0.000771,0.000420092296432,0.00011549355896
0.256122,0.00186518793222,0.000771,0.000420331809244,0.000115587084876
0.25658,0.00185973077628,0.000752,0.000420515009332,0.000115615423798
0.257038,0.00185524107807,0.000698,0.000420636507743,0.000115598420571
0.257497,0.00185005059926,0.00064,0.000420698154393,0.000115510564526
0.257956,0.00184826300522,0.000567,0.000420703593504,0.000115303637702
0.258416,0.00183824745393,0.000484,0.000420645573818,0.000114957689375
0.258876,0.00183931904174,0.000503,0.000420515009332,0.000114412928048
0.259335,0.00183025452263,0.000537,0.000420308225036,0.000113734269691
0.259795,0.00182512065188,0.000553,0.000420017883152,0.000112952639185
0.260255,0.00182385290675,0.000554,0.000419647496715,0.000112127506549
0.260714,0.00181922148377,0.00054,0.000419265981567,0.000111215979895
0.261173,0.00181856979487,0.00054,0.000419007869443,0.000110152107925
0.261631,0.00181350636588,0.000548,0.000418675070971,0.000108938115225
0.262087,0.00181264904628,0.000561,0.000418291127265,0.000107647745854
0.262544,0.00180297017994,0.000556,0.000417866870952,0.000106444114044
0.263,0.00179574970284,0.00055,0.000417422269402,0.000105336250442
0.263456,0.0017958179099,0.00055,0.000416960926885,0.000104229661344
0.263911,0.00179212238365,0.000584,0.000416502887155,0.000103026413453
0.264365,0.00179197387255,0.000636,0.000416046331124,0.000101780882563
0.264819,0.0017888290887,0.000688,0.00041558760596,0.000100594022975
0.265271,0.00178732215608,0.000717,0.000415135855358,9.94718994524e-05
0.265722,0.00178380610054,0.00073,0.000414691095142,9.84176973648e-05
0.266172,0.00178305230212,0.000711,0.000414277159851,9.74084838771e-05
0.266622,0.0017860432976,0.000702,0.000413910612103,9.64531552356e-05
0.267071,0.00178556802213,0.00069,0.000413606210937,9.55024608366e-05
0.267519,0.00178761387643,0.000694,0.000413378728293,9.45127285955e-05
0.267964,0.00178786531607,0.000703,0.000413224579194,9.34750603993e-05
0.268411,0.00178711295929,0.000713,0.000413136476598,9.23512936078e-05
0.268859,0.00178770433573,0.000728,0.000413101599157,9.11586089138e-05
0.269307,0.00178472219938,0.000735,0.000413116284637,8.98791094745e-05
0.269756,0.00178486910851,0.000753,0.000413180529477,8.85857534765e-05
0.270205,0.0017795775004,0.000794,0.000413290647837,8.73637372334e-05
0.270655,0.00177634276931,0.000811,0.000413435606865,8.62546209714e-05
0.271106,0.00177094894313,0.00079,0.000413582365909,8.52146741398e-05
0.271558,0.00176395458771,0.000753,0.000413699747861,8.41556223852e-05
0.272011,0.00175861647354,0.000723,0.000413774933866,8.30655659267e-05
0.272464,0.00175003274302,0.000721,0.000413820774467,8.20006231998e-05
0.272918,0.00174514950537,0.000733,0.000413872111871,8.10705662716e-05
0.273373,0.00173718071571,0.000731,0.000413952776249,8.03292807255e-05
0.273827,0.00173079387463,0.000699,0.000414073752919,7.97090247611e-05
0.274281,0.00172475960353,0.000629,0.000414233185693,7.90853039881e-05
0.274736,0.00171613267054,0.000575,0.000414432876286,7.83867392372e-05
0.275191,0.00171087003203,0.000552,0.000414672785333,7.76577822743e-05
0.275647,0.00170121105894,0.000539,0.00041495103539,7.69490006958e-05
0.276104,0.00169654884919,0.000538,0.000415249281579,7.62962341437e-05
0.276561,0.00168932143569,0.000539,0.000415547382583,7.57055921617e-05
0.277019,0.00168219518073,0.000516,0.000415819752895,7.51742299912e-05
0.277476,0.00167882613367,0.000469,0.000416060946194,7.47172087572e-05
0.277934,0.00167169113043,0.000416,0.000416278304161,7.43137329779e-05
0.27839,0.00166999328628,0.000384,0.000416480980248,7.3922013136e-05
0.278846,0.00166335728436,0.000389,0.000416674464124,7.35241122667e-05
0.279302,0.00165986806626,0.000406,0.000416864237897,7.31110389238e-05
0.279758,0.00165663480144,0.000402,0.000417050304992,7.26887606582e-05
0.280214,0.00165139934275,0.000404,0.000417236315485,7.22482706934e-05
0.280672,0.00165225630344,0.000412,0.000417405863979,7.17565474164e-05
0.28113,0.00165132221125,0.000415,0.000417548029691,7.11924850294e-05
0.281588,0.00165340152505,0.000414,0.000417648254869,7.05469161204e-05
0.282046,0.001655144909,0.000413,0.000417701094256,6.98286598396e-05
0.282505,0.00165736444214,0.000411,0.000417712025972,6.90405269228e-05
0.282962,0.00166132311068,0.000411,0.000417682874294,6.81913466183e-05
0.283418,0.00166497859354,0.000411,0.000417803116006,6.73261667993e-05
0.283873,0.00167166983726,0.000421,0.000417977970818,6.64962677259e-05
0.284329,0.0016767484113,0.000434,0.000418309329098,6.57622094619e-05
0.284784,0.00168459124588,0.000435,0.000418605942529,6.51303108639e-05
0.28524,0.00169217117524,0.00042,0.000418871498563,6.45796317359e-05
0.285695,0.00170127093624,0.000392,0.000419106037618,6.41012572597e-05
0.286153,0.0017108443213,0.000368,0.000419318681188,6.36892591724e-05
0.286612,0.00171951052286,0.000357,0.000419514901825,6.33588992738e-05
0.287067,0.00172929188066,0.000365,0.000419692899301,6.31102803595e-05
0.287522,0.00173757372633,0.000425,0.00041985450509,6.29343806075e-05
0.287975,0.00174735069151,0.000478,0.000419999732195,6.27796777085e-05
0.288427,0.00175649296636,0.000477,0.000420124962809,6.26097728943e-05
0.28888,0.00176596448066,0.000454,0.000420233838098,6.23882348641e-05
0.289332,0.00177727297749,0.000439,0.000420329995106,6.20968024369e-05
0.289784,0.00178521560273,0.000442,0.000420409812049,6.17445112316e-05
0.290232,0.00179642230326,0.000453,0.000420478736457,6.13647109557e-05
0.290685,0.00180460112829,0.000481,0.000420536772021,6.09816872388e-05
0.291133,0.00181355426893,0.000503,0.000420587548609,6.0580224894e-05
0.291582,0.00182122818934,0.000519,0.000420641947404,5.93167207376e-05
0.292037,0.00182861108572,0.000536,0.000420707219552,5.76818266898e-05
0.292488,0.00183622391512,0.000543,0.000420790612682,5.60221293299e-05
0.292936,0.00184101361905,0.000547,0.000420901181634,5.43466818271e-05
0.293386,0.00184580118157,0.000556,0.000421037099582,5.26400312826e-05
0.293839,0.00185047303007,0.000596,0.000421196538004,5.08742710855e-05
0.294292,0.00185400073793,0.000638,0.000421370423266,4.90490187519e-05
0.294745,0.00185813801342,0.000623,0.000421556932495,4.71700656751e-05
0.295198,0.00186042314162,0.000635,0.000421756054078,4.52494520476e-05
0.295651,0.00186322492356,0.00067,0.000421964157067,4.33210921284e-05
0.296104,0.00186444700851,0.000684,0.000422186658112,4.14192278075e-05
0.296557,0.00186543212714,0.000667,0.000422418117618,3.95659310525e-05
0.29701,0.00186701650365,0.000701,0.000422658525324,3.78147756648e-05
0.297463,0.00186659788327,0.000731,0.000422909677055,3.63232777588e-05
0.297916,0.00186741199196,0.000765,0.00042316794805,3.53127476747e-05
0.298369,0.00186805356887,0.000806,0.000423429719328,3.46561627584e-05
0.298822,0.00186760740786,0.000836,0.000423702202834,3.39455665063e-05
0.299275,0.00186907702994,0.000856,0.000423983580812,3.28060430493e-05
0.299728,0.00186764230287,0.000859,0.000424279248092,3.11694824471e-05
0.300184,0.00186958743699,0.000877,0.000424580176206,2.92448701378e-05
0.300645,0.00186806180421,0.000904,0.00042488095538,2.73029608724e-05
0.301103,0.00186851700558,0.000915,0.000425168987438,2.55216733871e-05
0.301565,0.00186854897343,0.000945,0.000425449687253,2.38766070081e-05
0.302029,0.00186892298942,0.000951,0.000425721266759,2.23430774147e-05
0.302494,0.00186913696573,0.000959,0.000425981940741,2.09249262531e-05
0.302962,0.00186650894781,0.000949,0.000426228129903,1.96387780105e-05
0.303431,0.00186305053447,0.000921,0.000426445484023,1.84371693841e-05
0.303905,0.00185785712555,0.000868,0.000426628647698,1.72177199909e-05
0.304378,0.00185200763248,0.000784,0.00042677944686,1.5906372983e-05
0.304858,0.00184695364276,0.000704,0.000426910468075,1.44350170486e-05
0.305338,0.00183930590855,0.000616,0.000427019929854,1.2806016649e-05
0.305814,0.00183366062174,0.000568,0.000427102461738,1.10151952497e-05
0.306292,0.00182409975761,0.000608,0.000427141929539,9.04527490537e-06
0.306769,0.00181112209128,0.000655,0.000427131165848,6.91773646832e-06
0.307245,0.00180208588912,0.000688,0.000427070167991,4.67702371218e-06
0.307719,0.00179458432473,0.00071,0.00042697327643,2.35820418597e-06
0.308193,0.00178660001722,0.000773,0.000426856627166,-1.73821574913e-07
0.308665,0.00177985724428,0.000874,0.000426730979789,-3.03493323378e-06
0.309137,0.00176995826601,0.000952,0.000426603510859,-6.14004570823e-06
0.309611,0.00175905888762,0.000921,0.000426468831488,-9.13285600636e-06
0.310085,0.00175392488003,0.000778,0.000426321547825,-1.16524550318e-05
0.310558,0.00174861330009,0.000762,0.000426158057024,-1.36515687321e-05
0.311024,0.00174003093592,0.000802,0.000425978345999,-1.54398199512e-05
0.311496,0.00173294667107,0.000867,0.000425769814534,-1.7426440034e-05
0.311974,0.0017280248926,0.000921,0.000425525238119,-1.96707965301e-05
0.312448,0.00172433057534,0.000939,0.00042525357091,-2.20270832881e-05
0.312921,0.00171507494329,0.000896,0.000424954776609,-2.44529205939e-05
0.31339,0.00171192299471,0.000852,0.000424607198386,-2.68461070859e-05
0.313849,0.00170691053118,0.000799,0.000424210752618,-2.90929807673e-05
0.314313,0.00170319862353,0.000764,0.000423765343838,-3.12357663603e-05
0.314769,0.0016948947937,0.000706,0.000423279891623,-3.33004547743e-05
0.315216,0.00169118224905,0.000621,0.000422774176406,-3.52530803313e-05
0.315668,0.00168963152408,0.000588,0.000422228254978,-3.70975737531e-05
0.316101,0.00168662219537,0.000512,0.000421669172664,-3.87002132463e-05
0.316545,0.00168550932365,0.000473,0.000421047971708,-4.01779314301e-05
0.316978,0.00168348430651,0.000435,0.000420393486706,-4.15345268542e-05
0.317412,0.00168166630374,0.000415,0.000419689267218,-4.28266073505e-05
0.317846,0.00168104061558,0.000412,0.000418940596949,-4.40389492348e-05
0.318281,0.00167643757541,0.000435,0.000418149134348,-4.51222804417e-05
0.318719,0.0016774404012,0.000459,0.000417312891595,-4.60895155678e-05
0.319159,0.00167850984446,0.000481,0.000416435338338,-4.69534538998e-05
0.319602,0.00167742467106,0.000499,0.000415523612982,-4.76896936745e-05
0.320052,0.00167711368227,0.00051,0.00041459038442,-4.82182526895e-05
0.320498,0.0016777895536,0.000497,0.000413679574437,-4.85426326198e-05
0.320953,0.00168090787613,0.000489,0.000412782102973,-4.87155811972e-05
0.321401,0.00168443736786,0.000462,0.000411932977493,-4.87094051096e-05
0.321848,0.00168722160015,0.000446,0.00041111214351,-4.84283423975e-05
0.322295,0.00169198121033,0.000438,0.000410304964369,-4.78937404983e-05
0.322741,0.00169356112597,0.000439,0.000409494877647,-4.73092849984e-05
0.323184,0.00169353804708,0.000445,0.000408672629094,-4.68667926926e-05
0.32363,0.00169326171706,0.000459,0.000407823359965,-4.66253296051e-05
0.324071,0.00169538903416,0.000464,0.000406963647983,-4.65572113974e-05
0.324509,0.00169929413275,0.000468,0.000406095308604,-4.65665005869e-05
0.324945,0.00170072779028,0.000469,0.000405223885991,-4.6532439696e-05
0.32538,0.00170403839696,0.000465,0.000404358679551,-4.63899874649e-05
0.325814,0.00170530629124,0.000462,0.000403497853462,-4.61328896422e-05
0.326238,0.00170319426573,0.000448,0.000402661966794,-4.58292215392e-05
0.326672,0.00170311845178,0.00046,0.000401802513541,-4.5475829347e-05
0.327105,0.00170473921254,0.000464,0.000400934376365,-4.50757491768e-05
0.327529,0.00170710186074,0.000458,0.00040007627043,-4.4681675629e-05
0.327952,0.00170954621438,0.000464,0.000399205710075,-4.43339845726e-05
0.328365,0.00170862587564,0.000456,0.000398348967537,-4.40731168063e-05
0.328776,0.00170931463019,0.000454,0.000397532459464,-4.38805168313e-05
0.329199,0.00170692169273,0.000465,0.000396927853305,-4.37344826445e-05
0.329621,0.00170418959712,0.00046,0.000396337748334,-4.36226085975e-05
0.33004,0.00170590356437,0.000449,0.000395854689897,-4.35542334043e-05
0.33044,0.00170476655047,0.000421,0.000395645122129,-4.35231518347e-05
0.330836,0.00170482112759,0.000408,0.000395456261876,-4.35231518347e-05
0.331231,0.0017034569829,0.0004,0.000395273012649,-4.35262600461e-05
0.331625,0.00170030670537,0.000396,0.000395087819445,-4.35293682454e-05
0.33202,0.00169971902681,0.00039,0.000394902571126,-4.35200436112e-05
0.332415,0.00169720423064,0.000385,0.000394715376532,-4.3479635604e-05
0.33281,0.00169373733459,0.000376,0.000394537584107,-4.34050308318e-05
0.333204,0.00169197713161,0.000365,0.000394374878476,-4.33055469555e-05
0.333599,0.00168800663249,0.000352,0.00039423862711,-4.31936127745e-05
0.333994,0.00168484145175,0.000335,0.000394130740305,-4.30878827477e-05
0.334389,0.00168252876813,0.000318,0.000394041766951,-4.30132413573e-05
0.334784,0.00167850200114,0.000298,0.00039395846123,-4.29976901893e-05
0.335179,0.00167616487944,0.000276,0.000393861888386,-4.30536729766e-05
0.335575,0.00167386902986,0.00032,0.00039373688954,-4.31873937487e-05
0.33597,0.00167060983178,0.000347,0.00039377666462,-4.3367725831e-05
0.336366,0.00166933663379,0.000334,0.000393922484861,-4.35666656932e-05
0.336761,0.00166645482043,0.000298,0.000394051232806,-4.37593414145e-05
0.337157,0.00166387644071,0.000271,0.000394147776306,-4.39364377418e-05
0.337553,0.00166376618389,0.000291,0.000394219700952,-4.4085541015e-05
0.33795,0.00166139068312,0.000317,0.000394274585227,-4.42190890426e-05
0.338346,0.00166031995034,0.000336,0.000394327572352,-4.434640472e-05
0.338742,0.0016597785318,0.000345,0.000394382447122,-4.44954314089e-05
0.339138,0.00165801871097,0.000353,0.000394439209039,-4.46878830208e-05
0.339535,0.00165787793953,0.000364,0.000394497857584,-4.49330363656e-05
0.339932,0.00165744035953,0.000373,0.000394558392226,-4.52401474958e-05
0.340328,0.00165503131427,0.000386,0.000394622703836,-4.55967443063e-05
0.340725,0.00165405652647,0.000398,0.000394688900026,-4.59810700532e-05
0.341121,0.00165106701323,0.000408,0.000394751307131,-4.63868903944e-05
0.341517,0.00164738484071,0.000416,0.00039480425371,-4.68234585531e-05
0.341914,0.00164455233248,0.000421,0.00039484396069,-4.73030979897e-05
0.342311,0.00163895198447,0.000417,0.000394868539932,-4.78442794039e-05
0.342708,0.0016337224712,0.000408,0.000394877993228,-4.84345206671e-05
0.343105,0.00162877200659,0.00039,0.000394877993228,-4.90582789115e-05
0.343503,0.00162129912271,0.000373,0.000394874211926,-4.96692111959e-05
0.343901,0.00161487400971,0.000366,0.000394868539932,-5.02488542159e-05
0.344299,0.00160745992486,0.000366,0.000394860977191,-5.08003558257e-05
0.344699,0.00159870611551,0.000367,0.000394849632908,-5.13299299629e-05
0.345098,0.00159153331823,0.000368,0.00039482883452,-5.18468478065e-05
0.345498,0.00158208464202,0.000362,0.000394946052723,-5.23511337168e-05
0.345899,0.00157341038842,0.000349,0.00039509537943,-5.2827451117e-05
0.3463,0.00156582188232,0.000342,0.00039523711215,-5.32666389311e-05
0.346702,0.00155666463236,0.000351,0.000395369366908,-5.36656897169e-05
0.347104,0.00154831750252,0.000364,0.000395488372164,-5.40307987482e-05
0.347508,0.00154014563504,0.000378,0.000395588470072,-5.43773433859e-05
0.347915,0.00153193453125,0.000359,0.000395680999097,-5.47084126785e-05
0.348321,0.00152318061412,0.000335,0.00039576407466,-5.50301530849e-05
0.348728,0.00151395126238,0.000322,0.000395832037325,-5.53364511267e-05
0.349136,0.00150517081633,0.0003,0.000395886779628,-5.56334471372e-05
0.349571,0.00149665238455,0.000284,0.000395922642663,-5.59303318433e-05
0.35,0.0014882919444,0.000271,0.000395935854839,-5.62179284131e-05
0.350449,0.00148145187046,0.000292,0.000395928305059,-5.64656672376e-05
0.35091,0.00147438738582,0.000321,0.000395905655167,-5.66338407829e-05
0.351362,0.00146807301847,0.000347,0.000395871678784,-5.66491275157e-05
0.351821,0.00146293268255,0.000401,0.000395828261816,-5.6438144529e-05
0.352289,0.00145700077376,0.000463,0.000395777290204,-5.59548122134e-05
0.352753,0.00145274569402,0.000501,0.000395728202482,-5.52415113958e-05
0.353227,0.00144918401487,0.000539,0.000395686663692,-5.4371211169e-05
0.3537,0.00144574453092,0.000565,0.00039566211674,-5.34907460076e-05
0.354171,0.00144259202693,0.000585,0.000395650787051,-5.26185212574e-05
0.354632,0.0014406936113,0.000579,0.000395654563637,-5.17207262698e-05
0.355093,0.00143951490016,0.000573,0.000395665893257,-5.07356743326e-05
0.355554,0.00143783798456,0.000573,0.000395677222672,-4.97031381212e-05
0.356015,0.0014371722834,0.000576,0.000395677222672,-4.8703228974e-05
0.356475,0.00143662531796,0.000583,0.000395656451921,-4.78133646593e-05
0.356938,0.00143625055128,0.000591,0.000395609243092,-4.7095805417e-05
0.3574,0.00143641885948,0.000582,0.000395529924194,-4.65881749411e-05
0.357862,0.00143588482037,0.000567,0.000395420371947,-4.62846803143e-05
0.358327,0.0014365089872,0.000543,0.000395274902092,-4.61514778086e-05
0.358792,0.0014358667276,0.000512,0.000395093489443,-4.61421837796e-05
0.359258,0.00143582459458,0.000472,0.00039487988387,-4.62382168527e-05
0.359724,0.00143613864453,0.000415,0.000394635943637,-4.64457326754e-05
0.360191,0.00143587648272,0.000406,0.00039436920193,-4.67553572851e-05
0.360658,0.00143539157566,0.000396,0.000394085308691,-4.7136030583e-05
0.361125,0.00143561906358,0.000405,0.000393793710306,-4.7562910975e-05
0.361593,0.00143526485627,0.000417,0.000393498185732,-4.80050167257e-05
0.362061,0.00143404796129,0.000441,0.000393206312425,-4.84376097838e-05
0.362529,0.0014324185251,0.000462,0.000392925681975,-4.88483554866e-05
0.362997,0.00143101304453,0.000476,0.000392654412257,-4.92249433529e-05
0.363464,0.00142766139044,0.000495,0.000392390617369,-4.95766758601e-05
0.363931,0.00142542987814,0.000482,0.000392134306871,-4.99190028253e-05
0.364399,0.00142342582807,0.000479,0.000391879790803,-5.02426900245e-05
0.364865,0.00142115628307,0.000451,0.000391628971951,-5.05200313244e-05
0.365331,0.00141979342844,0.00041,0.000391372348379,-5.07110323789e-05
0.365797,0.00141729832952,0.000405,0.000391111815091,-5.07726358305e-05
0.366263,0.00141642271963,0.000413,0.000391111815091,-5.06956307697e-05
0.36673,0.00141555174598,0.000418,0.000391687885435,-5.04799768938e-05
0.367195,0.00141595362788,0.000426,0.000392236843707,-5.01193961556e-05
0.367658,0.0014167781231,0.000409,0.000392751172338,-4.96136912866e-05
0.368121,0.00141826449873,0.000406,0.000393230956363,-4.89780206134e-05
0.368584,0.00142034894164,0.000405,0.000393685746421,-4.82615109869e-05
0.369046,0.00142276554673,0.000381,0.000394130740305,-4.75196146974e-05
0.36951,0.00142617322066,0.000371,0.000394569741816,-4.68110769374e-05
0.369959,0.00143128310006,0.00032,0.000394998982743,-4.61638696786e-05
0.370403,0.00143713426399,0.000307,0.000395414704927,-4.55316385301e-05
0.37085,0.00144363443199,0.000308,0.00039582071073,-4.49206253489e-05
0.371288,0.00145198847105,0.000315,0.00039620758592,-4.43215642319e-05
0.371721,0.00145761282617,0.000318,0.000396575365938,-4.37624487063e-05
0.372148,0.00146375976216,0.000304,0.000396933506554,-4.32713465096e-05
0.372581,0.00147005858726,0.00032,0.00039729332424,-4.28421618505e-05
0.372991,0.00147815703698,0.000305,0.000397639757952,-4.25185658513e-05
0.373412,0.00149078442332,0.000341,0.000398010453917,-4.220729217e-05
0.373842,0.0015023325405,0.000378,0.000398394088745,-4.19581858718e-05
0.374252,0.00151300764163,0.000383,0.00039875869815,-4.17993400601e-05
0.374657,0.00152702008909,0.000407,0.000399111826724,-4.16030751597e-05
0.375076,0.00153777581453,0.000429,0.000399455370651,-4.13662469928e-05
0.375482,0.00154968416045,0.000415,0.00039977621523,-4.10919372136e-05
0.375888,0.00156247685072,0.000414,0.00040008376995,-4.07457985447e-05
0.376294,0.00157163389278,0.000418,0.000400391172171,-4.03589438467e-05
0.376699,0.00158297953241,0.000426,0.000400700295014,-3.99687798786e-05
0.377105,0.00159040202853,0.000421,0.000401014879909,-3.96284015215e-05
0.377511,0.00159591742332,0.00041,0.000401338660584,-3.93878634561e-05
0.377938,0.0016068507096,0.000413,0.000401680972775,-3.92441308872e-05
0.378349,0.00161548469096,0.000356,0.000402004405453,-3.92191312836e-05
0.378756,0.00162439249664,0.000335,0.000402318328707,-3.91066234035e-05
0.379179,0.00163458467691,0.000328,0.000402619022469,-3.88346640579e-05
0.379587,0.00164128909233,0.000272,0.000402882242985,-3.84030906914e-05
0.379992,0.00164946450332,0.000198,0.000403122963678,-3.78554709328e-05
0.380414,0.00165677693216,0.0002,0.000403344940799,-3.73544621952e-05
0.380821,0.00166255614104,0.000198,0.000403550058882,-3.70349055423e-05
0.381227,0.0016692857541,0.000277,0.000403747653759,-3.67810491699e-05
0.381631,0.00167299528898,0.000358,0.000403947048697,-3.6483213917e-05
0.382035,0.00167440403139,0.000378,0.000404157554841,-3.61068427559e-05
0.382439,0.00168000896703,0.000381,0.000404377298899,-3.57616806157e-05
0.382843,0.00168343028469,0.000391,0.000404602548535,-3.56047396184e-05
0.383247,0.00168851270441,0.000397,0.000404838879257,-3.5667519702e-05
0.383651,0.00169279840975,0.000404,0.000405078839174,-3.58589686156e-05
0.384055,0.00169524459591,0.000381,0.00040532428306,-3.60064472716e-05
0.384457,0.00169487741404,0.000317,0.00040556405443,-3.59782087771e-05
0.38486,0.00169633488965,0.000246,0.000405790729282,-3.57554035653e-05
0.385262,0.00169869096349,0.000258,0.000405993179855,-3.54352088478e-05
0.385663,0.00169869359869,0.000276,0.000406158434285,-3.51337323318e-05
0.386066,0.00169903313085,0.000285,0.000406273529195,-3.48761314166e-05
0.386466,0.00170220704963,0.000306,0.000406331068598,-3.46498770537e-05
0.386867,0.00170219072394,0.000347,0.000406325500503,-3.44392774977e-05
0.387267,0.00170120602294,0.000363,0.000406264248143,-3.42757890078e-05
0.387669,0.00170574339207,0.000386,0.000406162147359,-3.41877429525e-05
0.388072,0.00170644618131,0.000429,0.00040602660567,-3.4150005973e-05
0.388473,0.00170522065289,0.000443,0.000405883604764,-3.40619461227e-05
0.388875,0.00170912890135,0.000445,0.000405742428507,-3.38354621543e-05
0.389278,0.0017099081798,0.000497,0.000405610510977,-3.34956163981e-05
0.38968,0.001713264042,0.000538,0.000405500867913,-3.31430318256e-05
0.390083,0.00171820971095,0.000578,0.000405406076009,-3.28847913984e-05
0.390487,0.00172080114697,0.000615,0.00040533171923,-3.27556400557e-05
0.390888,0.00172674449539,0.000649,0.000405281523341,-3.26926318678e-05
0.391291,0.00173090796948,0.000683,0.000405249916429,-3.26264679535e-05
0.391693,0.00173513339076,0.000706,0.000405248057148,-3.25634496372e-05
0.392093,0.00174159377719,0.000725,0.000405275945769,-3.258550661e-05
0.392494,0.00174574623323,0.000744,0.000405328001156,-3.27587903354e-05
0.392893,0.00174884960294,0.000759,0.000405404217199,-3.3054861499e-05
0.393293,0.00175567174225,0.000781,0.00040549343378,-3.34106324868e-05
0.393692,0.00175839311712,0.000807,0.000405584495741,-3.3794562407e-05
0.394091,0.00176175432772,0.000833,0.000405675544269,-3.41814535791e-05
0.39449,0.00176677876604,0.000861,0.000405748001866,-3.45492990837e-05
0.39489,0.00176890085598,0.000888,0.000405803732691,-3.48635634029e-05
0.395289,0.00177164743788,0.000916,0.000405844598764,-3.50740516747e-05
0.395688,0.00177563948924,0.000941,0.000405865030786,-3.51462961151e-05
0.396087,0.00177708459384,0.000964,0.000405878032629,-3.50771928726e-05
0.396487,0.00177827435936,0.00099,0.000405883604764,-3.48949830681e-05
0.396886,0.00178049144036,0.001021,0.000405881747391,-3.46184477918e-05
0.397285,0.00178021611481,0.001053,0.000405879890013,-3.42443450965e-05
0.397684,0.0017811902245,0.001083,0.000405874317845,-3.37693922964e-05
0.398084,0.00178248999161,0.001103,0.000405866888209,-3.32091532212e-05
0.398483,0.00178228792438,0.001112,0.000405861315923,-3.25792046796e-05
0.398882,0.0017819579565,0.001115,0.000405850171201,-3.19077661049e-05
0.399281,0.00178236350015,0.001116,0.000405835311258,-3.11947341057e-05
0.399681,0.00178278713316,0.00112,0.000405818593394,-3.0433679979e-05
0.40008,0.00178156779498,0.001127,0.000405798159835,-2.96213057029e-05
0.400482,0.00178058513005,0.001134,0.000405781440965,-2.87827843405e-05
0.400883,0.00178172502563,0.001106,0.0004057702948,-2.71919438271e-05
0.401284,0.00177937680933,0.001106,0.0004057702948,-2.71919438271e-05
0.401686,0.00177803124672,0.001073,0.000405749859642,-2.6455672789e-05
0.402087,0.00177917880311,0.001032,0.000405699697747,-2.57346187085e-05
0.402488,0.0017762055225,0.000992,0.000405621660028,-2.50288232965e-05
0.402889,0.00177429689189,0.000955,0.000405521311317,-2.43001261034e-05
0.403289,0.00177482685449,0.000927,0.000405404217199,-2.35038539634e-05
0.40369,0.00177121789303,0.000907,0.000405277804965,-2.36663571979e-05
0.404091,0.00176912067469,0.000889,0.000405151366842,-2.42555555993e-05
0.404491,0.00176956986265,0.000872,0.000405026762774,-2.486659392e-05
0.404892,0.0017659800072,0.000852,0.000404909574813,-2.5550281249e-05
0.405292,0.00176451792161,0.000827,0.000404797946552,-2.62810271912e-05
0.405692,0.00176472955167,0.000802,0.000404684437133,-2.71062916623e-05
0.406093,0.00176026141468,0.000773,0.000404576490795,-2.80352902323e-05
0.406493,0.00175924850098,0.000746,0.000404464802314,-2.89980353635e-05
0.406893,0.0017593177904,0.000719,0.000404351231656,-3.00038875516e-05
0.407293,0.00175574597092,0.00069,0.00040424136476,-3.09990130152e-05
0.407693,0.00175590897457,0.000658,0.000404127753018,-3.19519154402e-05
0.408093,0.00175597389865,0.000631,0.000404017846376,-3.28973904181e-05
0.408493,0.0017531235106,0.000603,0.000403919100013,-3.37914161863e-05
0.408892,0.00175421749486,0.000575,0.000403827792166,-3.46655912231e-05
0.409292,0.00175340637097,0.000546,0.000403753245148,-3.55764869778e-05
0.409692,0.00175143162998,0.000524,0.000403693601059,-3.64675353119e-05
0.410092,0.0017532607785,0.000497,0.00040364700011,-3.73388006231e-05
0.410492,0.00175403394331,0.000467,0.000403611581039,-3.81934747872e-05
0.410892,0.0017523522235,0.000447,0.000403583617181,-3.90191063403e-05
0.411292,0.00175427177298,0.00042,0.00040355192328,-3.99125805898e-05
0.411693,0.0017554999322,0.000399,0.00040351836326,-4.08954985208e-05
0.412093,0.00175707271455,0.000407,0.000403475478362,-4.19488428745e-05
0.412494,0.00175472456402,0.00042,0.000403415807467,-4.31220910532e-05
0.412895,0.00175608383068,0.000424,0.000403341210749,-4.43774542426e-05
0.413296,0.00175914571123,0.000438,0.000403247952195,-4.57021423864e-05
0.413697,0.00176033192607,0.000452,0.000403132292052,-4.70710504589e-05
0.414098,0.00176158544374,0.000465,0.000402999815959,-4.83820038471e-05
0.414499,0.00176482828727,0.00047,0.000402843047027,-4.96352828231e-05
0.4149,0.00176691331488,0.000462,0.000402665700942,-5.08496334295e-05
0.415302,0.00176781261682,0.000452,0.000402469627684,-5.19821754682e-05
0.415703,0.00176655480601,0.000437,0.000402252941159,-5.30240407504e-05
0.416105,0.00176825929055,0.00042,0.000402023095818,-5.393263469e-05
0.416506,0.00177224739272,0.000404,0.000401780077041,-5.46746989815e-05
0.416908,0.00177435850784,0.000388,0.000401520128319,-5.52690757154e-05
0.41731,0.00177721716052,0.000376,0.00040125258513,-5.57038525445e-05
0.417712,0.00178080657173,0.000367,0.000400975565532,-5.59976510404e-05
0.418114,0.00178260158808,0.000358,0.000400689056884,-5.61842788906e-05
0.418516,0.00178579184281,0.00036,0.000400398667882,-5.62423998949e-05
0.418919,0.00178905772464,0.00037,0.000400098768718,-5.62118104244e-05
0.419321,0.00179108210954,0.000385,0.00039978371838,-5.61383908739e-05
0.419724,0.00179489153525,0.000404,0.000399449740317,-5.60098902797e-05
0.420127,0.00179718001749,0.00042,0.000399089292605,-5.58262818284e-05
0.420529,0.00179975177784,0.000419,0.000398706087336,-5.55783428882e-05
0.420932,0.00180270566284,0.000399,0.000398307603549,-5.53333887322e-05
0.421335,0.00180475592526,0.000368,0.000397897575022,-5.51955687322e-05
0.421738,0.00180729573758,0.000343,0.000397485392877,-5.51863798798e-05
0.422141,0.00180947891901,0.00033,0.000397080472976,-5.52935765278e-05
0.422544,0.00181078056042,0.000323,0.000396684714955,-5.54773084757e-05
0.422947,0.00181237550567,0.000346,0.000396309454475,-5.56579366843e-05
0.42335,0.00181325912748,0.000373,0.00039595284151,-5.57987368893e-05
0.423754,0.0018138115351,0.000361,0.000395611131514,-5.59395120707e-05
0.424158,0.00181499099627,0.000331,0.000395274902092,-5.61567463997e-05
0.424561,0.00181532238271,0.000322,0.000394934709991,-5.65054205723e-05
0.424966,0.0018153322805,0.000337,0.000394575416534,-5.69211819807e-05
0.42537,0.00181588448203,0.000329,0.000394193203364,-5.73153421977e-05
0.425774,0.0018157602469,0.000324,0.000393778558608,-5.76390789116e-05
0.426178,0.00181586384033,0.000321,0.000393329522373,-5.78985834404e-05
0.426583,0.00181586994529,0.000313,0.000392931371684,-5.81427452554e-05
0.426987,0.00181563452567,0.000307,0.00039287826571,-5.83776798372e-05
0.427392,0.00181531587132,0.000324,0.00039278911337,-5.85820466634e-05
0.427796,0.00181490176204,0.000351,0.000392663899203,-5.87375740735e-05
0.4282,0.00181467596534,0.000364,0.000392506397208,-5.88138018272e-05
0.428605,0.00181409510455,0.000382,0.00039232987181,-5.87772134227e-05
0.429009,0.00181342087894,0.000372,0.000392141902771,-5.85911961815e-05
0.429413,0.00181264584528,0.000369,0.000391948178453,-5.8215979105e-05
0.429818,0.00181178700864,0.000384,0.000391746793359,-5.76238112881e-05
0.430222,0.0018112055096,0.000377,0.000391541541694,-5.68631107868e-05
0.430626,0.00181089891706,0.000349,0.000391328616807,-5.6000710868e-05
0.43103,0.00181015988554,0.000311,0.000391108010881,-5.5109801966e-05
0.431435,0.001809490823,0.000289,0.000390885424204,-5.42240237325e-05
0.431839,0.0018065239118,0.000289,0.000390664661636,-5.33372548413e-05
0.432242,0.00180264357411,0.000302,0.000390451437514,-5.31284591864e-05
0.432646,0.00179880772057,0.000331,0.000390240045357,-5.35552034422e-05
0.43305,0.00179495657772,0.000358,0.000390030487061,-5.39541091161e-05
0.433454,0.00179082105119,0.000379,0.000389822764508,-5.43129527427e-05
0.433858,0.00178648835769,0.000383,0.000389609252892,-5.46379187676e-05
0.434262,0.00178193061957,0.000368,0.000389374687344,-5.49259847756e-05
0.434666,0.00177697164556,0.000337,0.000389107595053,-5.51557496023e-05
0.43507,0.00177225705229,0.000293,0.000388807934389,-5.52782636088e-05
0.435474,0.0017672219326,0.000241,0.000388498579851,-5.52598877154e-05
0.435878,0.001762175802,0.000238,0.000388219647761,-5.50975488131e-05
0.436283,0.00175723139949,0.000231,0.00038800558817,-5.47972873702e-05
0.436687,0.0017523277632,0.00024,0.000387879411625,-5.43896076774e-05
0.437091,0.0017475836684,0.000235,0.000387844995427,-5.38774120669e-05
0.437496,0.00174286528395,0.000233,0.000387892795192,-5.32758500584e-05
0.437901,0.00173874982976,0.000277,0.000388003676594,-5.26246670383e-05
0.438306,0.00173483224873,0.000315,0.000388160406451,-5.19452702114e-05
0.438711,0.0017307929581,0.000337,0.00038834384521,-5.1206804685e-05
0.439116,0.00172739160004,0.000338,0.000388538689995,-5.03721280077e-05
0.439521,0.001723837072,0.000322,0.000388733474126,-4.94316821812e-05
0.439924,0.0017207390195,0.00033,0.000388912927391,-4.84128965138e-05
0.440327,0.00171802420681,0.00034,0.000389067521369,-4.73618726317e-05
0.440725,0.00171532964472,0.000336,0.000389195366532,-4.63218491331e-05
0.441122,0.00171283521368,0.000331,0.000389294571633,-4.52959731779e-05
0.441519,0.00171045748858,0.000319,0.000389370872543,-4.43060385341e-05
0.441916,0.00170796662713,0.000311,0.000389449071313,-4.33552904433e-05
0.442312,0.0017056536784,0.000366,0.000389759862413,-4.24438712292e-05
0.442709,0.00170372839634,0.000413,0.000390066688515,-4.15656859038e-05
0.443106,0.00170190928496,0.000452,0.000390365746611,-4.07052499776e-05
0.443503,0.00170004671944,0.000437,0.000390649433755,-3.98438872085e-05
0.443899,0.00169871489882,0.000402,0.000390953920862,-3.8962840318e-05
0.444296,0.00169738337008,0.000372,0.000391467406448,-3.80370092523e-05
0.444693,0.00169604614004,0.000335,0.000391982369468,-3.70756404367e-05
0.445091,0.00169489783515,0.000316,0.000392493112089,-3.60848823176e-05
0.445488,0.00169396654941,0.000328,0.000392992058688,-3.50552042292e-05
0.445886,0.00169295540932,0.000352,0.000393460287829,-3.39487121231e-05
0.446283,0.00169239978114,0.000383,0.00039387893174,-3.27430388133e-05
0.446681,0.0016919225475,0.00041,0.00039423673452,-3.14503625122e-05
0.447079,0.0016916851854,0.000431,0.000394531909044,-3.00892322493e-05
0.447477,0.00169166106075,0.000447,0.000394773999074,-2.86751372574e-05
0.447875,0.00169137639098,0.000468,0.000394978189344,-2.78197818445e-05
0.448273,0.00169100043946,0.00049,0.000395153966201,-2.77341963543e-05
0.448672,0.00169121865685,0.000511,0.000395316468377,-2.76929852847e-05
0.449071,0.00169144738585,0.000524,0.000395463817387,-2.76929852847e-05
0.44947,0.00169128925247,0.000522,0.000395590358557,-2.77341963543e-05
0.449869,0.00169164377809,0.000512,0.000395694216406,-2.7822951503e-05
0.450268,0.00169220101702,0.000494,0.000395779178116,-2.79719113935e-05
0.450667,0.00169294105845,0.000473,0.000395852802214,-2.81905473272e-05
0.451067,0.00169363150144,0.000449,0.00039593207996,-2.84471312394e-05
0.451466,0.00169448028003,0.000424,0.000396032106508,-2.87226303907e-05
0.451866,0.00169509098374,0.000373,0.000396326430945,-2.92796740845e-05
0.452266,0.00169577951545,0.000351,0.000396515027213,-2.95454000899e-05
0.452666,0.00169645333883,0.00033,0.000396711106664,-2.97920671732e-05
0.453067,0.00169721418528,0.00033,0.000396711106664,-2.97920671732e-05
0.453467,0.00169765159889,0.000318,0.000396905239796,-3.00260148235e-05
0.453868,0.00169743742163,0.000317,0.000397086124837,-3.02756947335e-05
0.454268,0.00169726701165,0.00032,0.00039724812299,-3.05821578368e-05
0.454669,0.00169713665472,0.00032,0.000397395015033,-3.09642833316e-05
0.45507,0.00169678979312,0.0003,0.000397526811662,-3.13967188416e-05
0.455471,0.00169583514814,0.000321,0.000397651051451,-3.18320758898e-05
0.455872,0.00169511586863,0.00034,0.000397771502672,-3.22073033003e-05
0.456273,0.00169392225804,0.000336,0.000397893812039,-3.25035776597e-05
0.456674,0.00169262197129,0.000305,0.000398016097323,-3.27398884718e-05
0.457074,0.00169121604021,0.000305,0.000398144000775,-3.29603825538e-05
0.457475,0.00169001571022,0.000307,0.00039827939925,-3.32185986907e-05
0.457874,0.00168863889265,0.000304,0.000398426047616,-3.35617087802e-05
0.458274,0.00168745345291,0.000307,0.000398583937893,-3.4011621872e-05
0.458673,0.00168597862667,0.000293,0.000398922139013,-3.51871270523e-05
0.45947,0.00168440637036,0.000278,0.000399089292605,-3.58338631646e-05
0.459868,0.00168348899052,0.000263,0.000399241382024,-3.64706710575e-05
0.460266,0.0016828031353,0.000253,0.000399534189961,-3.70725070568e-05
0.460663,0.00168197007063,0.000254,0.000399881251068,-3.76394493351e-05
0.461061,0.00168131270425,0.000265,0.000400241238912,-3.81747005368e-05
0.461458,0.00168060311276,0.000272,0.000400612257545,-3.86595608812e-05
0.461856,0.0016801620657,0.000273,0.000400988670601,-3.90472378684e-05
0.462253,0.00167973185785,0.000266,0.000401364855087,-3.93472459989e-05
0.46265,0.00167904944409,0.000258,0.000401742681069,-3.96221546941e-05
0.463048,0.00167833256354,0.000235,0.000402488304005,-4.03152549449e-05
0.463445,0.00167759334412,0.000225,0.000402854246126,-4.07177266788e-05
0.463842,0.00167717400149,0.000225,0.000402854246126,-4.07177266788e-05
0.46424,0.0016765543546,0.000215,0.000403214375672,-4.1042052594e-05
0.464637,0.00167589761788,0.000204,0.000403574295614,-4.12135179347e-05
0.465035,0.00167536468521,0.000224,0.000404300956009,-4.09984009984e-05
0.465433,0.00167483098532,0.000224,0.000404300956009,-4.09984009984e-05
0.465831,0.00167441365956,0.000255,0.000405063960651,-4.03183756599e-05
0.46623,0.00167405507527,0.000278,0.000405459979073,-3.99750240004e-05
0.466629,0.00167370553572,0.0003,0.000405865030786,-3.96502650335e-05
0.467028,0.00167331403191,0.000315,0.000406273529195,-3.93128757711e-05
0.467428,0.00167328836245,0.000323,0.000406679902297,-3.89284535797e-05
0.468228,0.00167282506538,0.00032,0.000407082300264,-3.84750357413e-05
0.468629,0.00167235729549,0.000312,0.000407484435733,-3.79462452354e-05
0.46903,0.00167172011765,0.000417,0.00040827681927,-3.66995473609e-05
0.469834,0.00167073514143,0.000373,0.000408668931115,-3.60064472716e-05
0.470236,0.0016703633902,0.000509,0.000409070032409,-3.52782039641e-05
0.470642,0.00167018483488,0.000589,0.000409480105345,-3.45398692529e-05
0.471048,0.0016697353751,0.000501,0.000409893595796,-3.38417542382e-05
0.471454,0.00166929102451,0.000395,0.000410306808451,-3.32185986907e-05
0.471859,0.00166890005761,0.000395,0.000410721586429,-3.26831802135e-05
0.472265,0.00166874086885,0.000423,0.000411163707969,-3.22640451421e-05
0.472669,0.00166846073528,0.000427,0.000411655194625,-3.20244412285e-05
0.47309,0.0016687139032,0.000434,0.000412287841607,-3.20055220884e-05
0.473517,0.00166873734957,0.000416,0.000413052033068,-3.22073033003e-05
0.473948,0.00166922815012,0.000395,0.000413769432764,-3.24846697928e-05
0.474395,0.00166968765703,0.000424,0.00041444386654,-3.27052339006e-05
0.474847,0.0016704428462,0.000424,0.000415179764775,-3.27493394592e-05
0.475309,0.00167173949292,0.000416,0.000415940361426,-3.258550661e-05
0.475778,0.00167351643142,0.000396,0.00041666351384,-3.22640451421e-05
0.476241,0.00167538015231,0.000362,0.000417323830257,-3.18730756408e-05
0.476705,0.00167758739901,0.000331,0.000417926976666,-3.14061856317e-05
0.47717,0.00168035269708,0.000361,0.000418465842479,-3.0831665293e-05
0.477635,0.00168307135439,0.000381,0.000418933323803,-3.00987144349e-05
0.478093,0.00168573699309,0.00038,0.000419313229714,-2.92069004805e-05
0.478565,0.00168885398043,0.000479,0.000419609355931,-2.81271806968e-05
0.479033,0.00169111661328,0.000552,0.000419809114528,-2.69222673578e-05
0.47949,0.0016913550586,0.000601,0.00041991441546,-2.56074939313e-05
0.47995,0.00168960034224,0.000649,0.000419941645502,-2.59347996394e-05
0.480403,0.00168740536417,0.00068,0.000419919861566,-2.63889943858e-05
0.480849,0.00168554163629,0.000718,0.000419883553277,-2.69444794158e-05
0.481291,0.00168442843068,0.000768,0.00041987629136,-2.76454314327e-05
0.481734,0.00168399345692,0.00083,0.000419921676923,-2.8529474189e-05
0.482179,0.00168418494815,0.00088,0.000420017883153,-2.96086552643e-05
0.482624,0.00168477416197,0.000905,0.000420141295341,-3.08348231194e-05
0.48307,0.00168813040009,0.000907,0.000420244724558,-3.21820834183e-05
0.483516,0.0016924515045,0.000883,0.000420284639916,-3.35554145019e-05
0.483958,0.00169673993563,0.000832,0.000420230209235,-3.48541372635e-05
0.484404,0.00170170390154,0.000768,0.000420083222128,-3.60284098578e-05
0.484851,0.00170643104169,0.000668,0.000419863582797,-3.70693736646e-05
0.485297,0.00171130157908,0.000549,0.000419609355931,-3.7983804007e-05
0.485735,0.00171763500713,0.000419,0.000419353206059,-3.87877651764e-05
0.48617,0.00172410311199,0.000312,0.000419113308707,-3.94940839836e-05
0.486598,0.00173065344349,0.000181,0.00041869689938,-4.05180760963e-05
0.487007,0.00173640038097,0.000181,0.00041869689938,-4.05180760963e-05
0.487438,0.00173912092217,0.000193,0.000418493137217,-4.08705504711e-05
0.487867,0.00173809588126,0.000763,0.000418280205904,-4.11262310841e-05
0.488285,0.00173499388051,0.001581,0.000418058095887,-4.13194962987e-05
0.488702,0.00173302681202,0.001848,0.000417810402622,-4.1481553682e-05
0.489133,0.00173203470935,0.001577,0.000417522515203,-4.16747330115e-05
0.489562,0.00173170969144,0.001141,0.00041720167076,-4.20048992191e-05
0.489992,0.00173171070599,0.000844,0.000416842343928,-4.25683583857e-05
0.490423,0.00173166475179,0.000582,0.00041645724688,-4.34050308318e-05
0.490854,0.00173142362329,0.000406,0.000416062773054,-4.44302356579e-05
0.491284,0.00173085336195,0.00043,0.000415675356883,-4.55099354232e-05
0.491715,0.00173048462372,0.000468,0.000415344397051,-4.65293431792e-05
0.492145,0.00173009026911,0.000512,0.00041510292123,-4.73897117375e-05
0.492577,0.00172985012317,0.000556,0.000414947375026,-4.8066830131e-05
0.493009,0.00172941930969,0.000593,0.00041485219787,-4.85951388404e-05
0.493456,0.00172931986292,0.000624,0.000414780805298,-4.90613656074e-05
0.493898,0.00172966050982,0.000611,0.000414702080765,-4.9533489018e-05
0.494329,0.00173027686944,0.000571,0.000414645319593,-5.00577420493e-05
0.494762,0.00173091718832,0.000531,0.000414621514956,-5.06586656898e-05
0.495207,0.00173158232113,0.000482,0.000414539107147,-5.13360857259e-05
0.495648,0.00173312342748,0.000395,0.000414409063394,-5.19760247112e-05
0.49608,0.00173452610101,0.000309,0.000414240514939,-5.24617877616e-05
0.496509,0.00173609782358,0.00024,0.000414038928749,-5.27014852855e-05
0.496952,0.0017378090167,0.000229,0.000413798771406,-5.26308127717e-05
0.497387,0.00174003628358,0.000237,0.000413582365909,-5.22435386057e-05
0.497816,0.00174215568054,0.000254,0.000413354874418,-5.15730463317e-05
0.49824,0.001744140602,0.000301,0.000413096092012,-5.06463436144e-05
0.498673,0.00174589971659,0.000372,0.000412798632718,-4.94995548538e-05
0.499089,0.00174706553611,0.000378,0.000412491841562,-4.83325730857e-05
0.499494,0.00174729560862,0.000373,0.000412188573867,-4.71793477205e-05
0.499859,0.00174745014017,0.000344,0.000411925620627,-4.61143010422e-05
0.500246,0.00174784272856,0.000373,0.000411758228096,-4.49578578195e-05
0.500679,0.00174685055224,0.000356,0.00041156134553,-4.30568668692e-05
0.501112,0.00174543514049,0.000356,0.00041156134553,-4.30568668692e-05
0.501544,0.00174435049717,0.000371,0.000411566866462,-4.33615925916e-05
0.501974,0.00174278164493,0.000353,0.000411638634062,-4.37469972864e-05
0.502381,0.00174049234168,0.000324,0.000411758228096,-4.42160695763e-05
0.502784,0.00173864782498,0.000334,0.000411914585162,-4.47159026797e-05
0.503186,0.00173620896217,0.000322,0.000412087451333,-4.51751004547e-05
0.503589,0.00173236321956,0.000317,0.000412254754144,-4.55534296225e-05
0.503991,0.00172811467912,0.000322,0.000412396282457,-4.58541042535e-05
0.504394,0.00172521231849,0.000304,0.000412495516615,-4.61051858158e-05
0.504797,0.0017217681119,0.000264,0.000412556151814,-4.63220291877e-05
0.5052,0.00171827667703,0.000261,0.000412596571952,-4.6489268051e-05
0.505604,0.00171466357494,0.000251,0.000412631478111,-4.65759706809e-05
0.506007,0.00170953514794,0.000231,0.000412671893288,-4.6545006539e-05
0.50641,0.00170531783702,0.000257,0.000412715979537,-4.6399458951e-05
0.506814,0.00170018702839,0.00029,0.000412783939633,-4.59626566099e-05
0.507218,0.00169297109655,0.000298,0.000412783939633,-4.57767106376e-05
0.507622,0.00168578123557,0.000298,0.000412783939633,-4.57767106376e-05
0.508026,0.00167793075186,0.000294,0.000412749042146,-4.56093221674e-05
0.50843,0.00167010931623,0.000285,0.000412673730279,-4.54108903093e-05
0.508835,0.00166318879789,0.000298,0.000412550639771,-4.51224559656e-05
0.509239,0.00165605459741,0.000321,0.000412377904,-4.47035752292e-05
0.509643,0.00165044207558,0.00036,0.000412148126852,-4.41354077061e-05
0.510048,0.00164590991375,0.000355,0.000411864923114,-4.34269603854e-05
0.510453,0.00164159047727,0.000306,0.000411526378475,-4.26214256076e-05
0.510857,0.00163733358497,0.000274,0.00041113608469,-4.17683529377e-05
0.511262,0.00163394160593,0.00027,0.000410699472,-4.09268421104e-05
0.511666,0.00163149753276,0.000255,0.000410229352226,-4.01375106821e-05
0.512071,0.00162880469517,0.000264,0.000409742261004,-3.94130116531e-05
0.512475,0.00162665105512,0.000268,0.000409247394782,-3.8762902703e-05
0.51288,0.0016252001969,0.000266,0.000408755827764,-3.81936240038e-05
0.513285,0.0016238408226,0.000262,0.000408271268726,-3.7714814974e-05
0.51369,0.00162180807463,0.000285,0.000407795586304,-3.73170927158e-05
0.514094,0.00162013425932,0.000321,0.000407514075891,-3.69943855369e-05
0.514499,0.00161852792248,0.000348,0.000407252822916,-3.67217063676e-05
0.514904,0.00161553844164,0.000373,0.000406967356213,-3.648969934e-05
0.51531,0.00161113183876,0.000394,0.000406661352281,-3.63266272004e-05
0.515715,0.00160882288407,0.000406,0.000406345916605,-3.62983998091e-05
0.51612,0.0016055260138,0.000656,0.000406028462607,-3.64520702515e-05
0.516525,0.00160164504181,0.001081,0.000405720134567,-3.6727975896e-05
0.516931,0.00159817676332,0.001327,0.000405428381296,-3.70633241978e-05
0.517336,0.00159447181478,0.001335,0.000405151366842,-3.74329849358e-05
0.517742,0.00159060507769,0.001209,0.000404896552555,-3.79305952274e-05
0.518148,0.00158744913453,0.001023,0.000404662104956,-3.88628020682e-05
0.518553,0.00158477101208,0.000661,0.000404276747757,-4.07863450557e-05
0.518959,0.00158232722286,0.000661,0.000404276747757,-4.07863450557e-05
0.519365,0.00157635395867,0.000543,0.000404125890357,-4.17744202047e-05
0.519771,0.00157331656059,0.000453,0.000404002942276,-4.27426078149e-05
0.520177,0.00157248542993,0.000364,0.000403913510124,-4.36723323321e-05
0.520584,0.00157135815756,0.000288,0.000403859471927,-4.45482050194e-05
0.52099,0.00157044764314,0.000263,0.00040384829102,-4.53641992595e-05
0.521397,0.0015699678902,0.000241,0.000403885559922,-4.61112029001e-05
0.521804,0.0015695595739,0.000226,0.000403971269869,-4.67832175984e-05
0.522211,0.00156953757043,0.000228,0.000404107263432,-4.73928049114e-05
0.522618,0.00156975565523,0.00023,0.000404295369574,-4.79617444856e-05
0.523025,0.00157040682083,0.000215,0.000404526233477,-4.84963007243e-05
0.523433,0.00157169372211,0.000201,0.000404792364609,-4.89996294133e-05
0.52384,0.0015731490469,0.000204,0.000405088138069,-4.94656192416e-05
0.524248,0.00157396780032,0.000209,0.000405404217199,-4.9906669278e-05
0.524656,0.00157543653851,0.000231,0.000405733139463,-5.03320661224e-05
0.525064,0.00157747516749,0.000252,0.000406063743341,-5.07418347016e-05
0.52588,0.00158360789302,0.000275,0.000406685467193,-5.14930415646e-05
0.526288,0.00158712497463,0.000274,0.000406952523161,-5.1822240299e-05
0.526697,0.00159064288974,0.000307,0.000407180541899,-5.21144052207e-05
0.527105,0.00159415438663,0.000328,0.000407534452673,-5.23603554764e-05
0.527514,0.00159807612131,0.000319,0.000407980720401,-5.25539876837e-05
0.527923,0.00160264166512,0.000311,0.000408398918594,-5.26953400994e-05
0.528331,0.00160717909876,0.000309,0.000408790952716,-5.2781368376e-05
0.52874,0.00161196663003,0.000298,0.000409158719985,-5.28213069062e-05
0.529149,0.00161687653451,0.000272,0.000409505956642,-5.2827451117e-05
0.529557,0.00162175872066,0.00029,0.00040983638824,-5.28213069062e-05
0.529966,0.00162603335081,0.000277,0.00041015741985,-5.28028739882e-05
0.530376,0.00163016913724,0.00025,0.000410474596806,-5.27414278359e-05
0.530785,0.00163405926829,0.00024,0.000410798980663,-5.26031565967e-05
0.531194,0.00163770805429,0.000246,0.000411139767865,-5.23818724988e-05
0.531603,0.00164092304893,0.000245,0.00041150613348,-5.21174800692e-05
0.532012,0.00164385390223,0.000226,0.000411903549498,-5.18653029367e-05
0.532422,0.00164644396053,0.000229,0.000412324603364,-5.16653495111e-05
0.532831,0.00164879972386,0.000241,0.000412763736066,-5.1536122056e-05
0.533241,0.00165113953128,0.00025,0.00041320622553,-5.14684230918e-05
0.533651,0.00165350539019,0.000244,0.000413639225598,-5.14438038559e-05
0.53406,0.0016552295378,0.000227,0.000414055424655,-5.14499587364e-05
0.53447,0.00165799862087,0.000255,0.000414451193266,-5.14622683544e-05
0.534879,0.00165956834622,0.00028,0.000414826570725,-5.14807324236e-05
0.535289,0.00166250131873,0.000296,0.000415179764775,-5.14991960636e-05
0.535698,0.00166411830258,0.000313,0.000415512642085,-5.15207364345e-05
0.536107,0.00166692361976,0.000374,0.000415827063179,-5.15515073795e-05
0.536515,0.00166891499845,0.000429,0.000416128536354,-5.16007384119e-05
0.536924,0.00167223023422,0.000467,0.000416422557993,-5.16868853761e-05
0.537332,0.00167494743302,0.000489,0.000416710963653,-5.1822240299e-05
0.53774,0.00167833258085,0.000501,0.000416999233387,-5.20313798092e-05
0.538147,0.00168091697587,0.000504,0.000417285544086,-5.23357638795e-05
0.538555,0.00168502362209,0.000509,0.000417573543114,-5.27537174469e-05
0.538962,0.00168883063613,0.000512,0.000417863227991,-5.32850610788e-05
0.539368,0.00169319903901,0.00052,0.000418154596225,-5.39295668674e-05
0.539775,0.00169689722768,0.000527,0.000418440366289,-5.46685690644e-05
0.540181,0.00170186837898,0.000536,0.000418715089124,-5.54864939547e-05
0.540587,0.00170599489419,0.000541,0.000419202372516,-5.72481349585e-05
0.540993,0.00171190823192,0.000541,0.000419202372516,-5.72481349585e-05
0.541398,0.00171708861057,0.000537,0.000419404081256,-5.81366421285e-05
0.541803,0.00172417764053,0.000525,0.000419571212764,-5.90028149462e-05
0.542209,0.00172960753712,0.000506,0.000419703795419,-5.98315000809e-05
0.542614,0.00173694830827,0.000483,0.000419805483138,-6.06106458547e-05
0.543019,0.0017438812871,0.000465,0.000419881737806,-6.13525543286e-05
0.543424,0.00175223666071,0.000446,0.000419943460795,-6.20634022622e-05
0.543829,0.00176027793551,0.000428,0.000419999732195,-6.27645091239e-05
0.544233,0.0017700199631,0.000422,0.000420054183447,-6.34740863359e-05
0.544637,0.00177909766658,0.0004,0.000420112259425,-6.42102795297e-05
0.545041,0.0017895364979,0.000392,0.000420164886005,-6.49790637461e-05
0.545445,0.00179882816582,0.000401,0.000420202992073,-6.57712760852e-05
0.545848,0.00180964859341,0.000393,0.000420221136983,-6.65657110292e-05
0.54625,0.00181974282134,0.000367,0.000420210250102,-6.73472800779e-05
0.546653,0.00183027115481,0.000343,0.000420170329875,-6.80919144499e-05
0.547055,0.00183954298283,0.000313,0.000420106815037,-6.87756329926e-05
0.547457,0.00185013911509,0.000298,0.000420016068081,-6.93775355018e-05
0.547859,0.00185959234986,0.000304,0.00041990715391,-6.98797709156e-05
0.548261,0.00186973295052,0.000292,0.000419672922579,-7.06190059694e-05
0.548662,0.00187853394691,0.000288,0.000419573029159,-7.09012941237e-05
0.549064,0.00188805529004,0.000288,0.000419573029159,-7.09012941237e-05
0.549466,0.00189657431494,0.000296,0.000419496735898,-7.11564672705e-05
0.549868,0.00190567120434,0.000319,0.000419445868424,-7.13995550531e-05
0.550269,0.00191387708567,0.000349,0.000419416799393,-7.16575658178e-05
0.550672,0.00192300547625,0.000368,0.000419404081256,-7.19754623282e-05
0.551074,0.00193154953386,0.00037,0.000419407715036,-7.23801439916e-05
0.551476,0.00194026100044,0.000363,0.000419414982532,-7.28355356453e-05
0.551878,0.00194814065476,0.00035,0.000419418616248,-7.32427671226e-05
0.552281,0.00195626165386,0.00034,0.000419409531918,-7.35091496438e-05
0.552683,0.00196401146639,0.000335,0.000419375010234,-7.35899444115e-05
0.553087,0.0019722099013,0.000337,0.000419316864035,-7.34971793397e-05
0.55349,0.00197929217236,0.000341,0.000419233269169,-7.33026362549e-05
0.553893,0.00198680387987,0.000342,0.000419124215178,-7.30840917907e-05
0.554297,0.00199413888991,0.000341,0.000418993324667,-7.2874471334e-05
0.554701,0.00200214254547,0.000344,0.000418838765019,-7.26947520122e-05
0.555105,0.00200960116909,0.000352,0.000418660518265,-7.2547950652e-05
0.555509,0.00201732705992,0.000362,0.000418460383385,-7.24250957272e-05
0.555914,0.00202447640799,0.000368,0.000418238338881,-7.2308215852e-05
0.556318,0.00203309692533,0.000377,0.000417994360891,-7.21763304513e-05
0.556723,0.00204131718442,0.000404,0.000417722957493,-7.19814591369e-05
0.557128,0.00205077777254,0.000418,0.0004174240922,-7.16905610723e-05
0.557533,0.00205865704905,0.000422,0.000417095901034,-7.12795211194e-05
0.557939,0.00206758437622,0.000418,0.000416736512028,-7.07391410019e-05
0.558344,0.00207628153581,0.000412,0.000416344044302,-7.00992100719e-05
0.558749,0.00208567558989,0.000403,0.000415914779784,-6.93955854524e-05
0.559179,0.00209540036009,0.000409,0.000415415723961,-6.86431525251e-05
0.559589,0.00210331942276,0.000332,0.000414343115171,-6.74649008248e-05
0.560024,0.00211261794882,0.000332,0.000414343115171,-6.74649008248e-05
0.560459,0.00212155184242,0.000403,0.00041376026415,-6.71271996286e-05
0.560894,0.00213020009126,0.000444,0.000413171352055,-6.6997458253e-05
0.561329,0.00213798493853,0.000454,0.000412574524934,-6.70306499446e-05
0.561764,0.00214579095985,0.000435,0.000411971599597,-6.71634027045e-05
0.5622,0.00215331436309,0.000395,0.000411358877082,-6.73655059194e-05
0.562632,0.00216025773272,0.000357,0.000410736328939,-6.76248458782e-05
0.563068,0.00216675896435,0.000391,0.0004100873238,-6.79324545057e-05
0.563518,0.00217385911231,0.00043,0.000409391464079,-6.82940405272e-05
0.563964,0.00218055448114,0.000452,0.000408665233113,-6.86915930831e-05
0.564402,0.00218544511435,0.000464,0.000407912227269,-6.91280668045e-05
0.564839,0.00219078407384,0.000515,0.000407115667103,-6.962444893e-05
0.565289,0.00219629138369,0.000607,0.00040624939817,-7.02168228164e-05
0.565735,0.00220207803579,0.000641,0.000405456261771,-7.09197161861e-05
0.566172,0.00220656024916,0.000612,0.000405428381296,-7.26953077963e-05
0.566622,0.00221254663642,0.000571,0.000405459979073,-7.37490807753e-05
0.56707,0.00221786204778,0.000555,0.000405525028227,-7.48731378182e-05
0.567527,0.00222343905537,0.000525,0.0004056179437,-7.59748456463e-05
0.567978,0.00222868028039,0.000508,0.000405729423806,-7.70182584778e-05
0.568425,0.00223313510028,0.000498,0.000405842741274,-7.80247252224e-05
0.569321,0.00224315314248,0.000484,0.000405939323343,-7.89970626141e-05
0.569771,0.00224780947474,0.000472,0.000406011749976,-7.99772461788e-05
0.570216,0.00225245155507,0.00047,0.000406052602275,-8.09738346116e-05
0.570652,0.00225659905535,0.000486,0.000406065600166,-8.19900285766e-05
0.571101,0.00226144263098,0.000534,0.000406052602275,-8.30727400459e-05
0.571547,0.0022663058607,0.000553,0.00040602660567,-8.41718196497e-05
0.571983,0.00227139258569,0.000536,0.000406071170607,-8.52485561408e-05
0.572419,0.00227613235026,0.0005,0.000406086024871,-8.6309247487e-05
0.572868,0.00228117121929,0.000455,0.000406076740998,-8.7380090849e-05
0.573313,0.00228631845841,0.000389,0.000406060029675,-8.84290755651e-05
0.573749,0.00228909131457,0.000347,0.000406052602275,-8.94473281634e-05
0.574185,0.00229053925713,0.000787,0.000406061886511,-9.04494371406e-05
0.574633,0.00229229201111,0.001443,0.000406087881629,-9.1447672574e-05
0.575078,0.0022945971048,0.001744,0.000406121302314,-9.2397723069e-05
0.575514,0.00229709513451,0.001539,0.00040615657774,-9.33057685996e-05
0.575949,0.00229976258724,0.001165,0.00040619742045,-9.42010964234e-05
0.576384,0.00230290219008,0.000877,0.000406253110697,-9.51070347915e-05
0.576818,0.00230589766036,0.000685,0.00040645169831,-9.60293591525e-05
0.577253,0.00230871396012,0.000373,0.000407402917948,-9.78736193158e-05
0.577663,0.0023117411064,0.000307,0.000407886308963,-9.87636861228e-05
0.578069,0.00231505287249,0.000311,0.000408358221509,-9.96641168603e-05
0.57888,0.00232137065063,0.000315,0.000408800195791,-0.000100575245662
0.579286,0.00232502042573,0.000404,0.000409206753753,-0.000101488187602
0.579692,0.00232846635514,0.000455,0.000409566887544,-0.000102400051006
0.580097,0.00233262105999,0.000366,0.000409878833065,-0.000103290678061
0.580501,0.00233654890066,0.000301,0.00041015557532,-0.00010415706871
0.580934,0.00234131808843,0.000309,0.000410422974497,-0.000105045667357
0.581823,0.0023516801959,0.000391,0.000410966634742,-0.000106647766693
0.582258,0.00235803212093,0.000484,0.000411239205261,-0.00010729573621
0.582703,0.00236330059632,0.000586,0.000411520857179,-0.000107888769302
0.583147,0.0023694445661,0.00058,0.000411796861192,-0.00010843251159
0.583594,0.00237481039637,0.000534,0.000412048836516,-0.000108956059961
0.58405,0.00238072578101,0.000522,0.000412254754144,-0.000109470681896
0.584505,0.00238693747757,0.000522,0.000412381579735,-0.000109981899811
0.58496,0.00239262748073,0.000503,0.000412409147049,-0.000110492982443
0.585418,0.00239911793309,0.000472,0.000412337469458,-0.000111015130551
0.585873,0.0024050454348,0.000442,0.000412177543127,-0.000111539565663
0.586329,0.00241088450291,0.000423,0.000411944012628,-0.000112075238942
0.586788,0.00241656373831,0.000409,0.00041165703466,-0.000112624765056
0.587246,0.0024218877507,0.00039,0.000411338626566,-0.000113182216843
0.587705,0.00242738212727,0.000377,0.000410999791669,-0.000113745155634
0.588161,0.00243182581592,0.000361,0.000410644182448,-0.000114296325931
0.588618,0.00243733126019,0.000349,0.000410257016284,-0.000114821567748
0.589076,0.00244113918532,0.000338,0.000409838233728,-0.0001153180989
0.589532,0.00244595632394,0.000319,0.00040938961725,-0.000115777259334
0.589989,0.00244865787131,0.000291,0.000408931432483,-0.000116205209214
0.590446,0.00245260975315,0.000265,0.000408572775847,-0.000116613108199
0.590899,0.00245481268736,0.000269,0.00040819540627,-0.000117009474949
0.591351,0.00245804616001,0.000272,0.000407802992736,-0.00011740280963
0.591805,0.00245975900994,0.000278,0.000407391801051,-0.000117776160524
0.592258,0.0024622421485,0.000283,0.000406965502101,-0.00011809543962
0.592705,0.00246435100363,0.000283,0.000406516643,-0.000118324440592
0.593153,0.0024672519378,0.000303,0.000406034033383,-0.000118454555239
0.593599,0.00246991861791,0.00034,0.000405515735911,-0.000118443480698
0.594047,0.00247354582221,0.000398,0.000404959800948,-0.000118277088913
0.594487,0.00247611622849,0.000415,0.000404375436989,-0.000118014608838
0.594934,0.00248044997627,0.000378,0.000403740198495,-0.000117695292628
0.595384,0.00248478969418,0.000362,0.000403065124621,-0.000117387370657
0.595829,0.0024906645509,0.000368,0.000402378105563,-0.000117124580701
0.596273,0.00249599793662,0.000366,0.000402045523511,-0.000116878675856
0.596716,0.00250323892799,0.000353,0.000402052999229,-0.000116587403336
0.597161,0.00250993999283,0.000353,0.00040211653918,-0.000116196688894
0.5976,0.00251777342387,0.000405,0.000402237994463,-0.00011569547677
0.598038,0.00252487444763,0.00044,0.000402413595339,-0.000115083331318
0.598472,0.00253303765153,0.000443,0.000402628358445,-0.000114334434917
0.598908,0.00253967032362,0.000438,0.000402871044393,-0.000113380167613
0.599341,0.00254690758474,0.000449,0.000403122963678,-0.000112225242936
0.599753,0.00255079879283,0.00049,0.00040336545567,-0.000110940465822
0.600186,0.00255535831669,0.000572,0.000403605988369,-0.000109504973782
0.600629,0.00255839163948,0.000587,0.00040383338283,-0.000108018116998
0.601066,0.00256141785114,0.000772,0.000404047653499,-0.000106479404322
0.601505,0.00256342749236,0.00088,0.0004042618499,-0.000104883185357
0.602397,0.00256839684203,0.000656,0.00040473468158,-0.000101827732669
0.602842,0.00257102147551,0.000511,0.000405313128636,-9.89022175941e-05
0.603291,0.0025716251421,0.000522,0.000405632808878,-9.7388837148e-05
0.603738,0.00257353172553,0.000543,0.000405950466456,-9.58112221067e-05
0.604187,0.00257309161771,0.000543,0.000405950466456,-9.58112221067e-05
0.604645,0.00257416630768,0.000585,0.000406245685621,-9.41081441872e-05
0.605103,0.00257336836997,0.000627,0.000406494377019,-9.22785980994e-05
0.605562,0.00257466483417,0.000663,0.000406694741908,-9.03391012616e-05
0.60602,0.00257354529188,0.00068,0.00040685053627,-8.83449849923e-05
0.606476,0.00257349880268,0.000679,0.000406965502101,-8.63485025061e-05
0.606931,0.00257187089543,0.000668,0.000407041516118,-8.43795038763e-05
0.607385,0.00257137402761,0.000655,0.000407080446497,-8.24439674006e-05
0.607839,0.00256898125914,0.000637,0.000407086007779,-8.05568394284e-05
0.608291,0.00256789830591,0.000616,0.000407071177582,-7.87277200573e-05
0.608744,0.0025653973276,0.000593,0.000407047077751,-7.69626894268e-05
0.609196,0.00256446574849,0.000573,0.000407030392701,-7.52535359916e-05
0.609649,0.00256216163855,0.000539,0.00040706376235,-7.1976789775e-05
0.610555,0.00255781561692,0.000517,0.000407124935349,-7.0424844359e-05
0.611007,0.00255552383225,0.000487,0.000407215756787,-6.89602734791e-05
0.61146,0.00255130905718,0.000449,0.000407328801513,-6.7607432794e-05
0.611912,0.00254765050675,0.000412,0.000407458499426,-6.63641493572e-05
0.612364,0.00254259962341,0.000397,0.000407588170049,-6.51642694695e-05
0.612816,0.00253849781753,0.000412,0.000407704850284,-6.39169851364e-05
0.613269,0.00253272713334,0.000441,0.000407799289531,-6.25797154429e-05
0.613721,0.00252789860474,0.000461,0.000407860389566,-6.12433325502e-05
0.614174,0.00252149779392,0.000439,0.000407888160307,-6.00568098604e-05
0.614626,0.00251572616401,0.000369,0.000407891862978,-5.91064208048e-05
0.615079,0.00250838604504,0.000335,0.000407882606259,-5.83866891729e-05
0.615532,0.00250238466045,0.000344,0.000407873349401,-5.7834359013e-05
0.615985,0.00249416334455,0.000333,0.000407864092404,-5.73670759015e-05
0.616437,0.00248686469511,0.0003,0.000407851132375,-5.69454779968e-05
0.616889,0.00247797778501,0.000259,0.000407827063026,-5.65785921075e-05
0.61734,0.00247025294882,0.000233,0.000407778921506,-5.62757832028e-05
0.617792,0.0024608564245,0.000228,0.000407704850284,-5.60372331691e-05
0.618242,0.0024531264963,0.000226,0.000407604840007,-5.58872697342e-05
0.618692,0.00244545644686,0.000224,0.000407484435733,-5.58138078952e-05
0.619142,0.00244059534673,0.000213,0.000407349184421,-5.58108546784e-05
0.61959,0.00243465773479,0.000209,0.000407028538778,-5.58567693892e-05
0.620038,0.00243108903692,0.000245,0.000406833845899,-5.58079014388e-05
0.620486,0.00242845214474,0.000245,0.000406833845899,-5.58079014388e-05
0.620932,0.00242756598987,0.000242,0.000406613119626,-5.57191249418e-05
0.621378,0.00242741543253,0.000235,0.000406089738381,-5.56028895099e-05
0.621826,0.00242864001212,0.000228,0.000405790729282,-5.55630839993e-05
0.622275,0.00243061624266,0.000228,0.000405790729282,-5.55630839993e-05
0.622724,0.00243367968994,0.000239,0.000405471130843,-5.54589678225e-05
0.623169,0.00243707422301,0.000284,0.000405138349683,-5.522618806e-05
0.623614,0.00244093399483,0.000321,0.00040479050395,-5.4827853559e-05
0.624059,0.00244490587036,0.000349,0.000404427568333,-5.42760877638e-05
0.624504,0.002448394901,0.000385,0.000404053242175,-5.36102645669e-05
0.624949,0.00245073137427,0.000423,0.000403674961101,-5.2925448717e-05
0.625394,0.00245262547915,0.000458,0.000403296448399,-5.22738645783e-05
0.625839,0.00245390724658,0.000483,0.00040291957016,-5.16832887752e-05
0.626284,0.00245387217902,0.00049,0.00040255179928,-5.11847477893e-05
0.62673,0.00245243663823,0.000485,0.000402191283713,-5.07628130573e-05
0.627174,0.00245107601379,0.000493,0.000401497681584,-5.00385342629e-05
0.627619,0.00244926295838,0.000509,0.000401162754509,-4.9656095484e-05
0.628063,0.00244655778224,0.000527,0.000400838881854,-4.9211742084e-05
0.628953,0.00244024745264,0.000539,0.00040069092992,-4.8689927175e-05
0.629397,0.0024373188027,0.000547,0.000401213285836,-4.80967738804e-05
0.629842,0.0024343777587,0.000554,0.000401753900098,-4.74721500817e-05
0.630287,0.00243115966245,0.000557,0.000402297779079,-4.68129809561e-05
0.630731,0.00242850237581,0.000547,0.000402837447402,-4.60696010576e-05
0.631176,0.00242596614131,0.000517,0.000403367320624,-4.51952427453e-05
0.631622,0.00242352316732,0.000467,0.00040388369653,-4.41770510949e-05
0.632069,0.00242194506417,0.000403,0.000404381022701,-4.30486942599e-05
0.632516,0.00241981944727,0.000386,0.000404857484135,-4.1847091916e-05
0.632964,0.00241817207008,0.000582,0.000405307551349,-4.06094384933e-05
0.633413,0.00241655644948,0.001485,0.000406171429947,-3.81250781543e-05
0.633862,0.00241506751689,0.001717,0.000406601988478,-3.69097806108e-05
0.634761,0.00241385197099,0.001676,0.000407034100529,-3.57554221488e-05
0.635211,0.00241377060793,0.001351,0.000407869646619,-3.37627591503e-05
0.635662,0.00241386816889,0.001351,0.000407869646619,-3.37627591503e-05
0.636112,0.00241461255316,0.001172,0.000408256467029,-3.29536615964e-05
0.636563,0.00241562910369,0.000843,0.000408946217963,-3.1613760091e-05
0.637014,0.0024173851641,0.000692,0.00040923815842,-3.10171799995e-05
0.637915,0.00242123093099,0.000589,0.000409489338075,-3.04201571786e-05
0.638366,0.00242309151331,0.000521,0.00040969611494,-2.98132039712e-05
0.638816,0.00242548568421,0.000465,0.000409860379153,-2.92216166514e-05
0.639267,0.00242793112217,0.000403,0.000409985854837,-2.86612644236e-05
0.639717,0.00243051551272,0.000393,0.000410079944804,-2.81417199299e-05
0.640168,0.00243271993046,0.00041,0.000410148197142,-2.76503789711e-05
0.640619,0.00243537296926,0.000425,0.000410190620454,-2.71872934437e-05
0.64107,0.0024375335025,0.000439,0.000410207220083,-2.72363524793e-05
0.641521,0.0024395832709,0.00047,0.000410122372824,-2.73981061761e-05
0.641972,0.002440281539,0.00047,0.000410122372824,-2.73981061761e-05
0.642424,0.00244042998877,0.000486,0.000410013529851,-2.72839304644e-05
0.642875,0.00244064313843,0.000513,0.000409712727922,-2.68873614592e-05
0.643327,0.00244200055143,0.000513,0.000409712727922,-2.68873614592e-05
0.643779,0.00244297738895,0.000519,0.000409565041242,-2.67635920086e-05
0.644231,0.0024449464902,0.000488,0.000409402544936,-2.69254405464e-05
0.644683,0.00244616118961,0.000504,0.000409419165846,-2.81081697361e-05
0.645586,0.00244992279196,0.000538,0.000409498570668,-2.96750678497e-05
0.646038,0.00245174816769,0.00058,0.000409624120169,-3.12042032733e-05
0.64649,0.00245299645597,0.000609,0.000409766255589,-3.26579752587e-05
0.647392,0.00245685964783,0.000619,0.000410011684889,-3.5419509742e-05
0.647843,0.00245911027753,0.000594,0.000410092857989,-3.67716455379e-05
0.648293,0.00246080753121,0.000558,0.000410148197142,-3.80933403661e-05
0.648744,0.00246263958836,0.000521,0.000410192464879,-3.93503704918e-05
0.649194,0.00246422741182,0.000506,0.00041023672943,-4.052119602e-05
0.649643,0.00246599896239,0.000488,0.000410297587984,-4.15781491834e-05
0.650093,0.00246742284007,0.00047,0.000410389786438,-4.25154537148e-05
0.650542,0.00246870688385,0.000442,0.000410673670828,-4.4088647037e-05
0.65144,0.00247293929153,0.000442,0.000410859783581,-4.48306397018e-05
0.651888,0.00247534310017,0.000449,0.000411064258352,-4.56060446975e-05
0.652336,0.00247759223353,0.00047,0.000411277871014,-4.63899874649e-05
0.652784,0.00248057386596,0.000498,0.000411495090475,-4.71329364116e-05
0.653231,0.0024828643048,0.00052,0.000411703033744,-4.77948152362e-05
0.653678,0.00248520228748,0.000525,0.000411898031592,-4.8351109981e-05
0.654125,0.00248724451182,0.000504,0.000412081935079,-4.88174797221e-05
0.654571,0.00248947041292,0.000465,0.000412258430617,-4.9203340673e-05
0.655016,0.00249105725313,0.000417,0.000412431200008,-4.9496469858e-05
0.655462,0.00249302200949,0.000381,0.000412611269524,-4.96815484271e-05
0.655916,0.00249437764729,0.000382,0.000412809652301,-4.97648197313e-05
0.656373,0.002496096868,0.000405,0.000413015314864,-4.97370635989e-05
0.656831,0.00249635596757,0.000447,0.000413219073152,-4.95859298783e-05
0.65729,0.00249623453462,0.000491,0.000413411755203,-4.93236909898e-05
0.657755,0.00249505227339,0.000523,0.00041358786869,-4.89965424779e-05
0.658222,0.00249184985985,0.000527,0.0004137437603,-4.8656906429e-05
0.658691,0.00248764285811,0.000513,0.000413886778911,-4.83233044761e-05
0.659159,0.00248256207875,0.000493,0.000414024265349,-4.79802900194e-05
0.659633,0.00247642405555,0.000485,0.000414167218541,-4.78138660546e-05
0.660108,0.0024702927711,0.000481,0.00041432296291,-4.85493225669e-05
0.660583,0.00246325888825,0.000473,0.000414493320241,-4.9176070658e-05
0.661059,0.0024555048289,0.000448,0.000414670954322,-4.96944634101e-05
0.661535,0.00244715237424,0.000414,0.00041485402834,-5.01199361633e-05
0.662011,0.00243931314991,0.000382,0.000415035217737,-5.04650603718e-05
0.662487,0.00243119483486,0.000352,0.000415212694771,-5.07391828554e-05
0.662964,0.00242206213652,0.000311,0.000415379147096,-5.09362178003e-05
0.663441,0.0024129933485,0.000261,0.000415529098356,-5.10347661103e-05
0.663918,0.00240497927708,0.000253,0.000415658904543,-5.10038722281e-05
0.664395,0.00239717123867,0.000263,0.000415766750721,-5.08744216878e-05
0.664872,0.002389268698,0.000265,0.000415850821001,-5.07172251503e-05
0.66535,0.00238222066768,0.000256,0.00041591660708,-5.05693398961e-05
0.665827,0.00237549240089,0.000264,0.000415958633373,-5.04429016504e-05
0.666304,0.00236975100427,0.000305,0.00041596411485,-5.03318546323e-05
0.666782,0.00236443946206,0.000323,0.00041591843437,-5.02331226963e-05
0.667259,0.00235979436371,0.000323,0.000415808787304,-5.01652072071e-05
0.667736,0.00235523781267,0.000317,0.000415629654847,-5.01652072071e-05
0.668213,0.00235184512159,0.000349,0.000415117558839,-5.02944780518e-05
0.668691,0.00234923952741,0.000349,0.000415117558839,-5.02944780518e-05
0.669168,0.00234680172487,0.000369,0.0004148357234,-5.0334448809e-05
0.669645,0.00234556744586,0.000417,0.000414335787153,-5.03435974392e-05
0.670123,0.00234452857133,0.000465,0.000414128734422,-5.03558279354e-05
0.6706,0.00234350629272,0.000496,0.000413936277581,-5.03774016557e-05
0.671553,0.00234131445335,0.000506,0.000413736425113,-5.03896315397e-05
0.672029,0.00234037475848,0.000512,0.000413523666506,-5.03710424785e-05
0.672504,0.00233980580698,0.000525,0.000413303493691,-5.03217300601e-05
0.67298,0.00233916740802,0.000547,0.000413092420554,-5.02507406661e-05
0.673456,0.00233805204066,0.000582,0.000412906983356,-5.01674144798e-05
0.67393,0.00233837208328,0.000619,0.000412760062619,-5.00903430476e-05
0.674404,0.00233785638168,0.00064,0.000412651686032,-5.00255002608e-05
0.674878,0.00233809731102,0.000644,0.000412576362216,-4.99637359356e-05
0.675351,0.00233744169358,0.000595,0.000412523078812,-4.98773936552e-05
0.675823,0.00233787785773,0.000537,0.00041247530355,-4.976935609e-05
0.676296,0.00233808621335,0.000482,0.000412414660363,-4.96490618957e-05
0.676767,0.00233897504816,0.000497,0.000412335631461,-4.9525568259e-05
0.677238,0.00234100178775,0.000503,0.000412238209744,-4.93927989447e-05
0.677709,0.0023442660583,0.000503,0.000412127902345,-4.92477586806e-05
0.678179,0.00234734869237,0.000498,0.000412013897209,-4.91149437999e-05
0.678647,0.00235139622005,0.000475,0.000411898031592,-4.90007257148e-05
0.679115,0.00235482148042,0.00046,0.000411771106065,-4.89018343835e-05
0.679583,0.00236011681283,0.00046,0.000411616552617,-4.88061138151e-05
0.680052,0.00236535656608,0.000458,0.00041142514683,-4.86917571071e-05
0.68052,0.00237250520835,0.000457,0.00041118396425,-4.85403176969e-05
0.680988,0.00237827963723,0.000468,0.000410898473216,-4.83456890778e-05
0.681456,0.00238591581423,0.000476,0.000410583358197,-4.81076515962e-05
0.681925,0.00239286385173,0.000461,0.000410255172052,-4.78263537472e-05
0.682393,0.00240115991312,0.000434,0.000409928655862,-4.751393534e-05
0.682862,0.00240782039963,0.000413,0.000409609350969,-4.71922047345e-05
0.683331,0.00241556626621,0.000395,0.00040929726874,-4.68919207738e-05
0.683802,0.00242270595333,0.00037,0.000408986876199,-4.66411580324e-05
0.684273,0.00243022521352,0.000325,0.000408674478076,-4.64428784104e-05
0.684744,0.00243665783674,0.000321,0.000408337871958,-4.62756180998e-05
0.685215,0.00244354459684,0.000322,0.00040796591172,-4.61237248072e-05
0.685686,0.00244955635321,0.00032,0.00040755482878,-4.59780903409e-05
0.686158,0.00245602887475,0.000367,0.000407106398718,-4.58385390237e-05
0.686632,0.00246121233066,0.000456,0.000406128728887,-4.55749557128e-05
0.687104,0.00246754582777,0.000456,0.000406128728887,-4.55749557128e-05
0.687578,0.00247237691565,0.000392,0.000405612369166,-4.54880500943e-05
0.688051,0.00247841086177,0.000305,0.000405089997831,-4.54662559507e-05
0.688525,0.00248267658398,0.000277,0.000404574629485,-4.55375724117e-05
0.688997,0.00248747583382,0.000272,0.000404068145062,-4.57079970368e-05
0.689471,0.00249159965101,0.000269,0.000403566838259,-4.59869399467e-05
0.689944,0.00249653575313,0.00027,0.000403063258755,-4.63803032335e-05
0.690417,0.00249977015405,0.000271,0.000402557401491,-4.68788106054e-05
0.690889,0.00250419886877,0.00029,0.000401555667318,-4.81096213807e-05
0.691362,0.00250780470065,0.000306,0.000401078526469,-4.88108688185e-05
0.691836,0.00251219558203,0.000306,0.000401078526469,-4.88108688185e-05
0.692311,0.00251565473168,0.000344,0.00040063848278,-4.95515080981e-05
0.692786,0.00252042652444,0.000366,0.000400235615709,-5.03285369192e-05
0.69326,0.00252401360651,0.000378,0.000399860620433,-5.11354964975e-05
0.693732,0.00252857776809,0.000408,0.000399136237762,-5.29098816785e-05
0.694204,0.00253196768495,0.000408,0.000399136237762,-5.29098816785e-05
0.694675,0.0025362657628,0.000438,0.000398362128228,-5.50020683283e-05
0.695145,0.00253943409713,0.000455,0.000397969067371,-5.61287555969e-05
0.695609,0.00254301195768,0.000455,0.000397969067371,-5.61287555969e-05
0.696074,0.00254542597758,0.000492,0.000397588934663,-5.72965022574e-05
0.696541,0.00254856164557,0.000535,0.000397229288165,-5.84717877106e-05
0.696999,0.00255061647565,0.000549,0.000396909008771,-5.95903860609e-05
0.697462,0.00255293669642,0.000563,0.000396611189286,-6.06740551556e-05
0.697926,0.00255420853393,0.000556,0.000396333975894,-6.16985196036e-05
0.69839,0.00255646078681,0.000535,0.000396067961165,-6.26456805608e-05
0.698844,0.00255735725828,0.00049,0.000395816935152,-6.3488773615e-05
0.699289,0.00255908236833,0.000455,0.000395582804582,-6.42248605768e-05
0.699733,0.00255956487369,0.000444,0.000395358031887,-6.48907944631e-05
0.70008,0.00255959098497,0.000333,0.000395187981795,-6.53445176753e-05
0.700548,0.00256236536878,0.000448,0.000394972518296,-6.59519705143e-05
0.701015,0.00256515567196,0.000529,0.000394792908394,-6.65771956319e-05
0.701475,0.00256797861211,0.000567,0.00039465485715,-6.71204660504e-05
0.701932,0.00257232011694,0.000587,0.000394547042429,-6.75878521036e-05
0.70239,0.00257646178848,0.000598,0.000394461912357,-6.80159121191e-05
0.702847,0.00258239045151,0.000571,0.000394407044588,-6.84407270832e-05
0.703315,0.00258843084408,0.000512,0.000394395692032,-6.88651805525e-05
0.703762,0.00259523744903,0.000417,0.000394441101013,-6.9256438352e-05
0.70422,0.0026030194868,0.000392,0.000394537584107,-6.96384789957e-05
0.704676,0.00261244274325,0.0004,0.000394668096267,-6.99932793769e-05
0.705135,0.00262154843104,0.00043,0.000394821271297,-7.03027124089e-05
0.705593,0.00263115061189,0.000447,0.000394993311885,-7.06910891961e-05
0.706041,0.00264132147732,0.000432,0.000395187981795,-7.19874558996e-05
0.706489,0.00265102088635,0.00042,0.000395414704927,-7.32457606878e-05
0.706948,0.00266063669473,0.000432,0.0003956847755,-7.45379118645e-05
0.707404,0.00267014277224,0.000444,0.000395992475272,-7.58637370267e-05
0.707853,0.00267869602579,0.000454,0.000396324544693,-7.72171029436e-05
0.708301,0.00268648296608,0.000459,0.000396677174261,-7.85829950263e-05
0.708748,0.00269269854634,0.000448,0.000397044676665,-7.9913852804e-05
0.709196,0.00269866316296,0.000443,0.000397432674066,-8.12276282898e-05
0.709644,0.00270336386676,0.000438,0.000397839246221,-8.25244020338e-05
0.710091,0.00270753604583,0.000428,0.000398256834888,-8.37894864695e-05
0.710528,0.00270999670619,0.00041,0.0003986703846,-8.49994405791e-05
0.710962,0.00271188175005,0.000397,0.000399078025239,-8.61604055142e-05
0.711409,0.00271404714759,0.00042,0.000399487274911,-8.73166981622e-05
0.711853,0.00271587283551,0.00043,0.000399881251068,-8.84389782403e-05
0.712278,0.00271668912762,0.000421,0.000400244987686,-8.94716858403e-05
0.712721,0.00271815941366,0.000444,0.000400601017819,-9.04737393092e-05
0.713147,0.00271861685092,0.000415,0.000400928759448,-9.13809149695e-05
0.71359,0.00271951300595,0.000422,0.00040125258513,-9.22665800943e-05
0.714015,0.00271995946843,0.000395,0.000401550056032,-9.30870346056e-05
0.71446,0.00272092791732,0.000412,0.000401849253637,-9.39007894533e-05
0.714884,0.00272160068853,0.000387,0.00040212588274,-9.46467077379e-05
0.715304,0.00272272880324,0.000376,0.000402385577264,-9.53249845532e-05
0.715724,0.00272363925752,0.00036,0.000402632092797,-9.5953241745e-05
0.716145,0.00272340783183,0.000341,0.000402869177942,-9.65403162963e-05
0.716565,0.00272331522141,0.00031,0.000403331885527,-9.75796791766e-05
0.717405,0.0027238921769,0.000298,0.000403564973907,-9.80147504052e-05
0.718245,0.00272485876364,0.000252,0.000404043927688,-9.86726916274e-05
0.718665,0.00272527000546,0.000265,0.00040429909387,-9.88783641558e-05
0.719085,0.00272633838566,0.00023,0.000404569045524,-9.89913158523e-05
0.719506,0.00272685916424,0.000228,0.000404851902731,-9.90202751588e-05
0.719926,0.00272751255792,0.000249,0.000405149507265,-9.89652515457e-05
0.720346,0.00272836433436,0.000259,0.000405461837715,-9.88407099106e-05
0.720767,0.00272965212188,0.000244,0.00040578887163,-9.86495138167e-05
0.721188,0.00273106222209,0.000256,0.00040648138816,-9.81017351997e-05
0.722029,0.00273411390382,0.000266,0.000406846827338,-9.77305316692e-05
0.72245,0.00273605913117,0.000274,0.00040722687686,-9.72982023761e-05
0.722871,0.00273803670137,0.000282,0.000407621509513,-9.68191655532e-05
0.723292,0.00274027043463,0.00029,0.000408028846154,-9.63078649232e-05
0.723713,0.00274206453128,0.000301,0.000408870438627,-9.53017059497e-05
0.724556,0.00274409270788,0.000306,0.00040929726874,-9.48767481562e-05
0.724978,0.00274434001454,0.000311,0.000409723802994,-9.45389437339e-05
0.7254,0.00274394220367,0.000314,0.000410146352584,-9.42854934694e-05
0.725822,0.00274295746107,0.000315,0.000410559395475,-9.40815076099e-05
0.726245,0.00274134967022,0.000307,0.000410964792638,-9.38891287665e-05
0.726667,0.00273960752477,0.000295,0.000411358877082,-9.36821223024e-05
0.7271,0.00273742005378,0.000285,0.000411750869136,-9.34517260045e-05
0.727537,0.00273445743561,0.000269,0.000412142611144,-9.32212610397e-05
0.727983,0.00273151809038,0.000266,0.000412532265935,-9.30024016194e-05
0.72842,0.00272759904604,0.000274,0.000412901474464,-9.28272694854e-05
0.728859,0.00272375427721,0.000287,0.000413255779162,-9.269297466e-05
0.729308,0.00271998980618,0.000306,0.000413598874104,-9.26199785631e-05
0.729765,0.00271700735872,0.000327,0.000413927111462,-9.25936982822e-05
0.730222,0.00271399376268,0.000345,0.000414236850327,-9.25790977404e-05
0.730675,0.00271090804156,0.00036,0.00041452445571,-9.25644969231e-05
0.731135,0.00270754848441,0.000387,0.000414797281245,-9.25790977404e-05
0.731597,0.00270372837726,0.000415,0.000415289524544,-9.27659638702e-05
0.732065,0.00270036573002,0.000415,0.000415289524544,-9.27659638702e-05
0.732535,0.00269701728688,0.000417,0.000415508985076,-9.28768942824e-05
0.733005,0.00269449066039,0.000404,0.000415887369695,-9.29907273773e-05
0.733476,0.0026921319057,0.000423,0.00041605729246,-9.30169941743e-05
0.734417,0.00268733867695,0.000438,0.000416232647128,-9.30257495751e-05
0.734889,0.00268523310413,0.000439,0.000416426209547,-9.29878087893e-05
0.735361,0.00268347612614,0.000448,0.000416637962416,-9.28768942824e-05
0.735832,0.00268162980384,0.000469,0.00041685146651,-9.26637770477e-05
0.736304,0.0026809152858,0.000484,0.000417044833238,-9.2386344763e-05
0.736776,0.00267970551855,0.000489,0.00041720714111,-9.20883593269e-05
0.737248,0.00267881785344,0.000488,0.000417336591781,-9.18019514848e-05
0.73772,0.00267898261599,0.000481,0.000417447788075,-9.15271341544e-05
0.738191,0.00267905398241,0.000478,0.00041755714175,-9.12434437546e-05
0.738662,0.0026788088157,0.00048,0.000417671942056,-9.08396637944e-05
0.739133,0.00267873709741,0.00049,0.000417794007614,-9.01838044208e-05
0.739604,0.00267964849599,0.0005,0.000417910584785,-8.92429658039e-05
0.740076,0.00268169537249,0.000513,0.000418005287363,-8.82422558773e-05
0.740547,0.00268708948744,0.00053,0.000418059916789,-8.74019543801e-05
0.741019,0.00269419181542,0.000546,0.000418065379463,-8.67461225479e-05
0.74149,0.00270066580424,0.000557,0.000418028960714,-8.62310681782e-05
0.741962,0.00270670138265,0.000557,0.000417968865031,-8.5842343973e-05
0.742435,0.00271269488973,0.00055,0.000417905120727,-8.55683532882e-05
0.742907,0.00271821398528,0.000541,0.000417859585009,-8.5388586498e-05
0.74338,0.00272307872516,0.000531,0.000417835905095,-8.52854228444e-05
0.743853,0.00272777039636,0.000526,0.000417834083525,-8.53266899488e-05
0.744327,0.00273220629571,0.000532,0.000417824975594,-8.54799485871e-05
0.744801,0.00273574760978,0.000532,0.000417824975594,-8.54799485871e-05
0.745275,0.00273814895837,0.00054,0.000417790364219,-8.57068337721e-05
0.74575,0.00273980185585,0.000548,0.000417719313675,-8.59925559253e-05
0.746226,0.0027401578444,0.000556,0.00041760816677,-8.63252750667e-05
0.746703,0.00273926841341,0.00058,0.000417312891595,-8.71579202521e-05
0.747658,0.00273641607177,0.000597,0.000417177965344,-8.76488505976e-05
0.748137,0.00273506457685,0.000612,0.000417086782098,-8.81717760296e-05
0.748617,0.00273441437993,0.000627,0.000417044833238,-8.87090232164e-05
0.749097,0.00273423847761,0.000638,0.000417050304992,-8.92488312631e-05
0.749578,0.0027342599751,0.000639,0.000417081310671,-8.97765409599e-05
0.750056,0.00273537436627,0.000629,0.000417112314777,-9.0271674935e-05
0.750529,0.00273726546811,0.000607,0.000417125080717,-9.07196596118e-05
0.751001,0.00273960433964,0.000577,0.000417112314777,-9.11176508366e-05
0.751473,0.00274326854325,0.000503,0.000417041185375,-9.17727202353e-05
0.751944,0.00274810048247,0.000502,0.000417002881501,-9.20445282606e-05
0.752886,0.00275818936827,0.000518,0.000416973695986,-9.2298713898e-05
0.753357,0.00276291333884,0.000531,0.000416962751058,-9.25382147575e-05
0.753828,0.0027680519425,0.000539,0.000416973695986,-9.27513665791e-05
0.7543,0.00277210302912,0.000541,0.000417006529592,-9.29148405087e-05
0.754772,0.00277621017037,0.000539,0.000417064896095,-9.30257495751e-05
0.755244,0.00277902434048,0.00053,0.000417150611798,-9.30870346056e-05
0.755717,0.00278161059599,0.000511,0.000417261841921,-9.30957892136e-05
0.75619,0.00278209885278,0.000471,0.000417398572538,-9.30724433721e-05
0.756663,0.00278065849814,0.000416,0.00041755714175,-9.30199126522e-05
0.757136,0.00277743709269,0.000371,0.00041772842318,-9.29381911074e-05
0.757609,0.00277219128261,0.000345,0.000417908763438,-9.28214310647e-05
0.758082,0.00276379697127,0.001049,0.000418292947473,-9.24973296143e-05
0.759041,0.00274781391405,0.001196,0.000418502235192,-9.23045562644e-05
0.759523,0.00274009480786,0.00112,0.000418707813291,-9.20971252423e-05
0.760006,0.00273172793509,0.000993,0.000418886046242,-9.18721019801e-05
0.760488,0.00272366532632,0.000845,0.000419024231902,-9.16382422695e-05
0.76097,0.0027155719099,0.000664,0.000419111490943,-9.13838396238e-05
0.761452,0.00270753351465,0.000481,0.000419149662852,-9.10620614097e-05
0.761933,0.00269983900847,0.000362,0.000419155115787,-9.06289123982e-05
0.762413,0.0026899333904,0.000374,0.000419144209868,-9.0084205791e-05
0.762895,0.00267947314874,0.000404,0.00041913148605,-8.95185944319e-05
0.763377,0.00267040374644,0.000425,0.000419127850625,-8.90347132511e-05
0.763859,0.0026593310936,0.000423,0.000419136939148,-8.86708703902e-05
0.76434,0.00264850672201,0.000405,0.000419146027535,-8.8403748051e-05
0.764821,0.00263763230746,0.00039,0.000419135121454,-8.81688392303e-05
0.765303,0.00262638484464,0.000383,0.000418984234006,-8.76341565921e-05
0.766267,0.00260335863873,0.000384,0.00041883149066,-8.74519278103e-05
0.76675,0.00259188876282,0.000378,0.000418635050195,-8.73343381479e-05
0.767235,0.00258135644131,0.000351,0.000418403969889,-8.71520389651e-05
0.76772,0.00257083323554,0.000351,0.000417863227991,-8.63723742272e-05
0.768202,0.00256069977651,0.000342,0.000417566253673,-8.58305614153e-05
0.768685,0.00255098437349,0.000357,0.000417254548762,-8.513507415e-05
0.769168,0.00254176273629,0.000357,0.000417254548762,-8.513507415e-05
0.76965,0.00253239987646,0.000458,0.000417146964566,-8.41585743939e-05
0.770133,0.00252319400806,0.000579,0.000417276427977,-8.29236576863e-05
0.770615,0.00251482299956,0.000668,0.000417404041127,-8.16127407661e-05
0.771097,0.00250678566435,0.000661,0.000417513402627,-8.03945421417e-05
0.771578,0.00249847857374,0.000583,0.000417589944037,-7.92873253001e-05
0.772059,0.00249084170566,0.000534,0.00041762092236,-7.82320787131e-05
0.772541,0.00248338170636,0.00052,0.000417602700007,-7.72081676838e-05
0.773023,0.00247735464219,0.00053,0.000417540739946,-7.62336114422e-05
0.773504,0.00247098787202,0.000541,0.000417462369695,-7.53026258293e-05
0.77398,0.00246415148085,0.000531,0.000417394926785,-7.43824879953e-05
0.774457,0.00245759392104,0.000509,0.000417365759979,-7.34223607943e-05
0.774932,0.00245174348652,0.000491,0.000417391281011,-7.24250957272e-05
0.775408,0.00244623035612,0.000485,0.000417476950968,-7.14085568576e-05
0.775877,0.00244005037757,0.000479,0.000417619100149,-7.04267516533e-05
0.776353,0.0024342613473,0.000477,0.000417806759325,-6.95129000193e-05
0.776828,0.0024285509848,0.000461,0.000418019855687,-6.87364933614e-05
0.777303,0.00242350937518,0.000451,0.000418240159246,-6.81190335616e-05
0.777779,0.00241849030271,0.000447,0.000418451284786,-6.76397914513e-05
0.778246,0.00241374876423,0.000426,0.000418627773409,-6.72356748981e-05
0.778712,0.0024088869344,0.000405,0.000418760561115,-6.68373867851e-05
0.779178,0.00240379293166,0.000387,0.000418846039291,-6.64388968953e-05
0.779645,0.00239910105355,0.000366,0.000418887864677,-6.60341627366e-05
0.780111,0.00239448169428,0.000366,0.000418898775176,-6.56050380639e-05
0.780576,0.00238975205341,0.000373,0.000418896956773,-6.51575322603e-05
0.781042,0.00238463429525,0.000381,0.000418902411966,-6.46795087305e-05
0.781507,0.00238036766101,0.00039,0.000418936960387,-6.41739404491e-05
0.781972,0.00237597895711,0.000418,0.000419009687516,-6.36862289769e-05
0.782437,0.00237129812411,0.000439,0.000419111490943,-6.32649184136e-05
0.782902,0.00236695305665,0.000436,0.000419227816932,-6.29343806075e-05
0.783358,0.00236210156181,0.000436,0.000419340486597,-6.26765255796e-05
0.78383,0.00235813537058,0.000457,0.000419440418086,-6.24944594927e-05
0.784283,0.00235312881952,0.000448,0.000419516718388,-6.24155511349e-05
0.784753,0.00234907635318,0.000474,0.000419576661934,-6.24094809342e-05
0.785205,0.00234484857236,0.000456,0.000419651129046,-6.24489364035e-05
0.786118,0.00233569724675,0.00047,0.000419682002988,-6.24792854216e-05
0.786579,0.00233170824552,0.000463,0.000419720139231,-6.25248067593e-05
0.787029,0.00232749399258,0.000435,0.000419776431233,-6.25824633491e-05
0.787941,0.00231941756505,0.000383,0.00041996342866,-6.27493402476e-05
0.788401,0.00231590416257,0.000348,0.000420099555778,-6.29040490977e-05
0.788851,0.00231254418985,0.000309,0.000420250167716,-6.31133127697e-05
0.7893,0.00230882114516,0.000278,0.000420409812049,-6.33801192078e-05
0.789748,0.00230504679381,0.000289,0.000420567601168,-6.37165304079e-05
0.790194,0.00230204247112,0.000313,0.000420718097563,-6.41436566017e-05
0.790631,0.00229846331037,0.000321,0.000420857681489,-6.46431912887e-05
0.791065,0.00229562899838,0.000322,0.000420986360427,-6.52180208831e-05
0.79151,0.00229323676696,0.000318,0.000421100517586,-6.58710020483e-05
0.791932,0.00228925163446,0.000294,0.000421198349564,-6.65596727244e-05
0.792351,0.00228605275647,0.000268,0.000421276241575,-6.72628235619e-05
0.792766,0.00228342146825,0.000253,0.000421337823559,-6.79653462215e-05
0.793182,0.0022806162674,0.000253,0.000421386722465,-6.86762747364e-05
0.793598,0.00227764543384,0.000259,0.000421426563118,-6.9386560529e-05
0.794014,0.00227461416739,0.000264,0.000421455536501,-7.00871875969e-05
0.794429,0.00227225320756,0.000262,0.000421468211923,-7.07631658014e-05
0.794845,0.00226944681707,0.000256,0.000421466401165,-7.14115574362e-05
0.795261,0.00226682269675,0.000251,0.000421457347292,-7.20204372751e-05
0.795676,0.00226429878376,0.000249,0.000421446482467,-7.25779123467e-05
0.796092,0.00226178894971,0.000245,0.000421442860816,-7.30661265204e-05
0.796508,0.00225933738852,0.000233,0.000421444671644,-7.34941867351e-05
0.796924,0.00225720089278,0.000213,0.000421453725705,-7.38711648943e-05
0.797339,0.00225491844277,0.000188,0.000421464590401,-7.42210536165e-05
0.797755,0.0022522825778,0.000185,0.000421471833424,-7.45618204901e-05
0.798171,0.00224974412615,0.000183,0.000421471833424,-7.49114007161e-05
0.798587,0.00224775376292,0.000181,0.000421459158077,-7.52787398269e-05
0.799002,0.00224531805179,0.000179,0.000421433806593,-7.56578440313e-05
0.799418,0.00224262508082,0.000176,0.000421397588356,-7.60278158175e-05
0.799834,0.00224041481055,0.000205,0.000421305222107,-7.66688845632e-05
0.800665,0.00223610261302,0.00024,0.000421261750792,-7.69281444431e-05
0.80108,0.00223392509626,0.000244,0.00042122914527,-7.71485966738e-05
0.801495,0.0022318017275,0.000237,0.000421220087871,-7.7348141683e-05
0.80191,0.00222990145996,0.000235,0.000421238202534,-7.75535900064e-05
0.802325,0.00222845628373,0.000242,0.000421290732013,-7.77827946542e-05
0.80274,0.00222675703692,0.000268,0.000421480887082,-7.83599732617e-05
0.803155,0.00222511070368,0.000279,0.000421604003471,-7.87138048164e-05
0.803984,0.0022215856552,0.000284,0.000421730714946,-7.91090739158e-05
0.804399,0.00222069106927,0.000279,0.000421851971246,-7.95427479652e-05
0.804813,0.00221937168997,0.000268,0.000421958729197,-8.00058594902e-05
0.805228,0.00221791586379,0.000254,0.000422052805437,-8.04924240263e-05
0.805643,0.00221654693394,0.000244,0.00042213239706,-8.09935054071e-05
0.806059,0.00221525177439,0.000265,0.000422202935485,-8.1485378472e-05
0.806474,0.00221428185181,0.000282,0.00042225899866,-8.196213968e-05
0.806889,0.0022137971247,0.000293,0.000422306015408,-8.24031060761e-05
0.807304,0.00221367769448,0.000305,0.000422340371505,-8.27935524057e-05
0.80772,0.00221315051304,0.00032,0.000422365685283,-8.33640800566e-05
0.808551,0.00221348017799,0.000318,0.000422353028526,-8.35206802954e-05
0.808967,0.00221381119007,0.00031,0.00042232228959,-8.35974915347e-05
0.809382,0.00221393823043,0.00029,0.000422271657373,-8.36093079756e-05
0.810214,0.00221547253957,0.000241,0.000422088984737,-8.35206802954e-05
0.81063,0.00221563586108,0.000227,0.00042195511059,-8.34527255712e-05
0.811046,0.00221669935761,0.000219,0.0004217940608,-8.33670350698e-05
0.811462,0.00221853338351,0.000199,0.000421611244837,-8.32606475276e-05
0.811878,0.00222074792138,0.000189,0.000421410264984,-8.31246867263e-05
0.81271,0.00222626478656,0.000188,0.000420991796967,-8.27965095853e-05
0.813126,0.00222907555395,0.000177,0.000420779735964,-8.26249745977e-05
0.813543,0.00223080294296,0.000164,0.000420563974291,-8.24563602864e-05
0.813959,0.00223302953736,0.000195,0.00042033906574,-8.22906685612e-05
0.814376,0.00223552497262,0.000225,0.000420106815037,-8.21249415797e-05
0.814793,0.00223853422007,0.000217,0.000419869029356,-8.19502982145e-05
0.81521,0.00224166689143,0.000184,0.000419631150957,-8.17637713877e-05
0.815627,0.00224439119063,0.000189,0.000419398630545,-8.15712762581e-05
0.816044,0.00224656559775,0.000196,0.000419176927039,-8.13757709963e-05
0.816461,0.00224703582641,0.000201,0.000418969688667,-8.11891065732e-05
0.816879,0.0022482298025,0.000204,0.000418778748963,-8.10201811839e-05
0.817296,0.00225083528714,0.000204,0.000418602303973,-8.08778998245e-05
0.817714,0.00225269467819,0.000201,0.000418434906967,-8.07652419951e-05
0.818132,0.00225473287333,0.000195,0.000418272924889,-8.0697046452e-05
0.81855,0.00225731347384,0.000186,0.000418112720592,-8.06733248648e-05
0.818967,0.00225991843878,0.000174,0.000417954295491,-8.06881509414e-05
0.819385,0.00226164704143,0.000163,0.000417797650987,-8.0738557493e-05
0.819804,0.00226171080715,0.000176,0.000417502467358,-8.09727569496e-05
0.820222,0.00226241867817,0.000239,0.000417363937007,-8.11713266773e-05
0.82064,0.00226332308846,0.000291,0.000417230845396,-8.14350201948e-05
0.821477,0.00226734190382,0.000299,0.000417101372331,-8.17756156887e-05
0.821896,0.00226911216753,0.000262,0.000416980992495,-8.21811743294e-05
0.822315,0.00227077902494,0.000219,0.000416867886816,-8.26101853294e-05
0.822733,0.00227180264343,0.000198,0.000416765708864,-8.29650502618e-05
0.823152,0.00227234388627,0.000209,0.000416674464124,-8.31394662247e-05
0.823571,0.00227325647021,0.000243,0.000416595982759,-8.30714782087e-05
0.82399,0.00227062308205,0.000276,0.000416524793277,-8.27728518336e-05
0.824828,0.0022704047014,0.00029,0.000416382389457,-8.19029305526e-05
0.825246,0.00226868472906,0.000266,0.000416307522873,-8.15535050792e-05
0.825665,0.0022675530937,0.000211,0.000416230820776,-8.1301703163e-05
0.826084,0.00226424481639,0.000155,0.000416157762219,-8.11002030372e-05
0.826503,0.00225865140714,0.000146,0.00041609200206,-8.08690063772e-05
0.826921,0.00225318640304,0.000175,0.000416039023458,-8.05339459626e-05
0.82734,0.00224806172421,0.00019,0.000416002483819,-8.00919204371e-05
0.827759,0.00224539748812,0.000187,0.000415982386088,-7.96080752185e-05
0.828178,0.00224075962553,0.000176,0.000415980558989,-7.91922629618e-05
0.828597,0.00223619932463,0.000161,0.000415993348569,-7.89040344812e-05
0.829015,0.00223172823821,0.000144,0.000416070080436,-7.85265022042e-05
0.829434,0.00222716033664,0.000153,0.000416137669587,-7.82499257216e-05
0.829853,0.00222258204068,0.000153,0.000416137669587,-7.82499257216e-05
0.830271,0.00221540506827,0.000166,0.000416223515313,-7.78363652643e-05
0.83069,0.00220958701818,0.000185,0.000416329435992,-7.72856032078e-05
0.831109,0.0022046287195,0.000214,0.000416444466992,-7.66480208345e-05
0.831527,0.00220138513474,0.000212,0.000416641612685,-7.55414457505e-05
0.831946,0.0021995309524,0.000223,0.000416705488863,-7.52429094559e-05
0.832365,0.00219734769489,0.000223,0.000416705488863,-7.52429094559e-05
0.832784,0.00219597513876,0.000221,0.000416745636189,-7.50577597279e-05
0.833203,0.00219506131384,0.000208,0.000416773007856,-7.48337297149e-05
0.833621,0.00219445392058,0.000199,0.000416804027596,-7.44243359191e-05
0.83404,0.00219428599154,0.000208,0.000416849642005,-7.38023649584e-05
0.834459,0.00219145369969,0.000249,0.000416926266553,-7.30571437307e-05
0.834878,0.00218986910256,0.000226,0.000417188906419,-7.17415510076e-05
0.835296,0.00218913886696,0.000226,0.000417188906419,-7.17415510076e-05
0.835715,0.00219076474427,0.000259,0.00041735846806,-7.12885243016e-05
0.836134,0.00219217183021,0.000275,0.000417529805165,-7.09493330578e-05
0.836552,0.00219289140518,0.000286,0.000417686518329,-7.0661055323e-05
0.836972,0.0021932329228,0.000337,0.000417823153991,-7.03245973878e-05
0.837391,0.00219344191913,0.000435,0.000417932440529,-6.98346730801e-05
0.83781,0.00219247926031,0.000418,0.000418019855687,-6.91368298449e-05
0.838229,0.00219005443606,0.000291,0.00041808722967,-6.82877536782e-05
0.838649,0.00218743486403,0.000308,0.000418141851771,-6.74166482879e-05
0.839068,0.00218579154164,0.000339,0.000418189186974,-6.6647223608e-05
0.839488,0.0021863273276,0.000361,0.000418240159246,-6.60462473679e-05
0.839909,0.00218498418429,0.000427,0.00041830204843,-6.56322430517e-05
0.840329,0.00218460562631,0.000517,0.00041847494086,-6.52512876451e-05
0.841169,0.00218217626046,0.000662,0.000418582291529,-6.51514831424e-05
0.841589,0.00218049723904,0.000797,0.000418693261366,-6.49851141886e-05
0.842009,0.00217789435627,0.000871,0.000418795117563,-6.4712798248e-05
0.84243,0.00217350955354,0.000873,0.000418882409354,-6.43889223012e-05
0.84285,0.00216856598875,0.000836,0.000418955142981,-6.41042858598e-05
0.843271,0.00216420774339,0.000781,0.000419015141701,-6.38922557369e-05
0.843692,0.00216029176884,0.000696,0.000419069680876,-6.36983496891e-05
0.844113,0.00215756300636,0.000585,0.000419126032904,-6.34255885718e-05
0.844534,0.00215480829039,0.00048,0.000419187832374,-6.29950401271e-05
0.844955,0.00215139490606,0.000411,0.000419258712297,-6.23700234913e-05
0.845376,0.00214768143159,0.000381,0.000419344120756,-6.15500763238e-05
0.845798,0.0021445598162,0.000359,0.00041944405165,-6.06197719144e-05
0.846219,0.00214073982369,0.000319,0.000419565763545,-5.97218710493e-05
0.846641,0.00213718470661,0.000286,0.000419712875369,-5.90058631746e-05
0.847064,0.00213359331247,0.000328,0.000419887184203,-5.85179970723e-05
0.847488,0.00213031695089,0.000361,0.000420095926115,-5.8215979105e-05
0.847912,0.00212624579254,0.000352,0.000420337251624,-5.80481414959e-05
0.848337,0.00212048868899,0.000315,0.000420607495398,-5.79901529533e-05
0.848762,0.00211526517964,0.000282,0.00042089936919,-5.80328817653e-05
0.849187,0.00210993471594,0.000291,0.000421200161119,-5.81305389545e-05
0.849627,0.00210694424289,0.000327,0.000421508047248,-5.82281840874e-05
0.850069,0.00210352477652,0.000357,0.00042180310967,-5.82953081238e-05
0.850508,0.00209943734356,0.000383,0.000422334946987,-5.85240972569e-05
0.850952,0.00209613503012,0.000383,0.000422334946987,-5.85240972569e-05
0.851399,0.00209290001776,0.000385,0.000422575387534,-5.87436725642e-05
0.851849,0.00208964878416,0.00039,0.000422801278949,-5.89906219151e-05
0.852302,0.0020865171965,0.00042,0.00042302347429,-5.91978778695e-05
0.852754,0.00208175660425,0.000438,0.000423245588523,-5.93441434773e-05
0.853208,0.00207696016853,0.000474,0.000423476645719,-5.94873356604e-05
0.853665,0.00207003116946,0.000527,0.000423714831559,-5.97249165056e-05
0.854119,0.00206604370263,0.000566,0.000423965547668,-6.0105506125e-05
0.854579,0.00206347899494,0.000525,0.000424234186149,-6.05954355208e-05
0.855033,0.00206000317747,0.000459,0.000424801722618,-6.148930559e-05
0.855488,0.00205746083783,0.000459,0.000424801722618,-6.148930559e-05
0.855944,0.00205490896288,0.000513,0.000425365131092,-6.2102875044e-05
0.856852,0.00204798256539,0.000514,0.000425636748409,-6.24428664598e-05
0.857306,0.00204469258269,0.000486,0.000425910041856,-6.28373156691e-05
0.85776,0.00204258911486,0.000449,0.000426192196104,-6.32467272755e-05
0.858213,0.0020418303092,0.000423,0.000426479606938,-6.3640774646e-05
0.858667,0.00204249627595,0.000439,0.000426770471769,-6.40437116461e-05
0.85912,0.00204266989455,0.000443,0.000427057608847,-6.44736877499e-05
0.859573,0.00204369722219,0.000462,0.000427348196698,-6.49004037633e-05
0.860027,0.00204460516527,0.000465,0.0004276476076,-6.52482634521e-05
0.86048,0.00204558054832,0.000448,0.000427961202934,-6.54599289153e-05
0.860933,0.00204335500765,0.000418,0.000428292541645,-6.55838779789e-05
0.861385,0.00204241106553,0.000387,0.00042864517349,-6.57440759022e-05
0.861852,0.0020422113001,0.000367,0.000429036944711,-6.60553107197e-05
0.862319,0.00204345037843,0.000336,0.000429467779175,-6.65234419224e-05
0.862786,0.0020467627152,0.000311,0.000429937593245,-6.70606943568e-05
0.863254,0.00204935964673,0.000292,0.000430435590695,-6.75855192132e-05
0.863721,0.00205180740207,0.000303,0.00043094387473,-6.80376734191e-05
0.864189,0.00205436394245,0.000326,0.000431444606895,-6.83931853595e-05
0.865119,0.00205374253591,0.000308,0.00043234167894,-6.89743118141e-05
0.865577,0.00205375934261,0.000283,0.000432709733557,-6.93263917222e-05
0.86603,0.00205667552199,0.000299,0.000433020715886,-6.97174065825e-05
0.866481,0.00205913320442,0.000321,0.000433274713955,-7.00992100719e-05
0.866934,0.00206068511494,0.000324,0.000433477125356,-7.0459798716e-05
0.867386,0.00206230280816,0.000245,0.000433727382388,-7.10574099054e-05
0.86829,0.00206048493036,0.000189,0.000433782389517,-7.12375049024e-05
0.868742,0.00205963463633,0.000174,0.000433803681252,-7.13455420562e-05
0.869194,0.00206013715072,0.000187,0.00043380545553,-7.14415625903e-05
0.870098,0.00206207363457,0.000191,0.00043380545553,-7.18525176417e-05
0.87055,0.00206147316547,0.000195,0.000433830294864,-7.2173332798e-05
0.871001,0.00206103369757,0.000203,0.000433872874201,-7.24880238262e-05
0.871453,0.00205721099079,0.00021,0.000433924320222,-7.27127257993e-05
0.871904,0.00205349164,0.000209,0.000433972214296,-7.28025885514e-05
0.872355,0.00204990948944,0.000321,0.000434007688936,-7.27726354457e-05
0.872805,0.002045986928,0.000358,0.000434023651843,-7.27007433203e-05
0.873255,0.00204296783224,0.000284,0.000434025425474,-7.26647947842e-05
0.873706,0.00203879636035,0.000295,0.000434021878208,-7.27157213904e-05
0.874156,0.00203461706043,0.000302,0.000434021878208,-7.28415258772e-05
0.874606,0.00203020661949,0.000315,0.000434041387911,-7.29882722549e-05
0.875055,0.00202205533461,0.000339,0.000434083952346,-7.31379851301e-05
0.875504,0.00201470979696,0.000369,0.000434153113144,-7.33176028231e-05
0.875954,0.00200743140775,0.000384,0.00043434104857,-7.39250041062e-05
0.876403,0.00200217470297,0.000405,0.000434449173536,-7.44781371053e-05
0.87731,0.00199380375755,0.000415,0.000434553734972,-7.52608248465e-05
0.877766,0.00198938590451,0.000354,0.000434743317072,-7.71068942646e-05
0.878673,0.00197811726016,0.000284,0.000434819487475,-7.78006519325e-05
0.879127,0.00197353293477,0.000242,0.000434872623915,-7.82231550559e-05
0.879581,0.00196951335722,0.000306,0.000434897419317,-7.86275917354e-05
0.880033,0.00196922372793,0.000301,0.000434865539327,-7.88059530994e-05
0.880485,0.00196876818881,0.000301,0.000434865539327,-7.88059530994e-05
0.880937,0.00196840160101,0.000269,0.000434807088298,-7.89842737184e-05
0.881388,0.00196665484705,0.000229,0.000434727373211,-7.90942177958e-05
0.88184,0.00196525985378,0.00024,0.000434631701186,-7.90882752687e-05
0.882291,0.00196523847357,0.00024,0.000434523608961,-7.89307818101e-05
0.88274,0.00196498679044,0.000263,0.000434403089857,-7.86186725974e-05
0.88319,0.00196444707801,0.00031,0.000434275455124,-7.82529001834e-05
0.883639,0.00196565276331,0.000357,0.000434140700251,-7.79821777576e-05
0.884089,0.00196489751151,0.000387,0.000434007688936,-7.78423173276e-05
0.884539,0.00196383177681,0.000393,0.000433881744518,-7.77857708956e-05
0.885007,0.00196460592241,0.000418,0.000433762871433,-7.77500552503e-05
0.885479,0.00196313671587,0.000472,0.000433675919565,-7.76369449324e-05
0.885948,0.00196463437638,0.000473,0.000433869326044,-7.70026285041e-05
0.886421,0.00196418904279,0.000432,0.000434060896989,-7.66182145417e-05
0.887359,0.00196611167321,0.000415,0.000434239996241,-7.62067716061e-05
0.88783,0.00196608827318,0.000454,0.000434390682115,-7.57682571597e-05
0.888298,0.00196906557018,0.000452,0.00043450588708,-7.5308597216e-05
0.888762,0.00196782804492,0.000429,0.000434576771499,-7.48636040892e-05
0.889215,0.00196977862591,0.000391,0.000434601579076,-7.44512369744e-05
0.889668,0.00197042056429,0.000364,0.000434582087494,-7.40446335473e-05
0.890122,0.0019714600115,0.000342,0.000434520064629,-7.36408109156e-05
0.890575,0.00197260647023,0.000362,0.000434314457496,-7.29643155398e-05
0.891481,0.00197675873268,0.000377,0.000434192123431,-7.27217125382e-05
0.891938,0.00197910808687,0.000381,0.000434069764538,-7.24970131422e-05
0.892396,0.00198305759307,0.00038,0.00043395625003,-7.22662547223e-05
0.892854,0.00198767313451,0.000385,0.000433858681425,-7.19814591369e-05
0.893312,0.00199206252973,0.000385,0.000433778840824,-7.16095702419e-05
0.89377,0.00199746143704,0.000377,0.000433709637085,-7.11234495386e-05
0.894228,0.0020029558688,0.000373,0.000433649299142,-7.05889693372e-05
0.894686,0.00200950254055,0.000406,0.000433546355776,-6.94106267609e-05
0.895145,0.00201582422548,0.000421,0.000433496652692,-6.87786436527e-05
0.896061,0.00202978763428,0.000395,0.000433439844152,-6.80467138508e-05
0.896519,0.00203623699273,0.000377,0.000433367050393,-6.71843915313e-05
0.896977,0.00204268753331,0.000358,0.000433272938125,-6.61882278879e-05
0.897435,0.00204831862328,0.000371,0.000433155721191,-6.50849397787e-05
0.897893,0.00205423911348,0.000384,0.000433017162724,-6.39225492476e-05
0.898351,0.0020594909531,0.000383,0.000432855470962,-6.2761475372e-05
0.898809,0.00206523405442,0.000381,0.00043267951533,-6.16503378053e-05
0.899267,0.0020710501346,0.00038,0.000432311442293,-5.975841575e-05
0.899725,0.00207671365137,0.00038,0.000432311442293,-5.975841575e-05
0.900189,0.0020829925303,0.000376,0.000431950263749,-5.84691939015e-05
0.900661,0.00208832807412,0.000363,0.000431775824363,-5.80450895734e-05
0.901608,0.00210071093196,0.000331,0.000431599553825,-5.77337316013e-05
0.902081,0.00210496890907,0.000296,0.000431416106644,-5.75291454464e-05
0.902556,0.00211210289272,0.000277,0.000431225476306,-5.74161423553e-05
0.903028,0.00211571985244,0.000293,0.000431031220941,-5.73672711552e-05
0.903504,0.00211806966142,0.000291,0.000430626470302,-5.73397797786e-05
0.904456,0.00212622651026,0.00027,0.000430435590764,-5.73153421977e-05
0.904933,0.00213064944729,0.000381,0.00043026071364,-5.72298047209e-05
0.90541,0.00213487390371,0.000505,0.000430100067651,-5.70373115888e-05
0.905887,0.00214045021174,0.000373,0.000429950092895,-5.67286137687e-05
0.906364,0.00214563478214,0.000248,0.000429812583371,-5.63188684019e-05
0.90684,0.0021500088678,0.000287,0.000429698265954,-5.58568861928e-05
0.907313,0.00215326141334,0.00023,0.000429549978384,-5.49137287801e-05
0.907787,0.00215742723448,0.000303,0.000429521388651,-5.43344168715e-05
0.908745,0.00216250737359,0.000316,0.000429524962443,-5.35951030389e-05
0.909223,0.00216582653958,0.000314,0.00042955712561,-5.26523224639e-05
0.909702,0.00216871238452,0.000448,0.000429607153805,-5.15084277227e-05
0.910181,0.00217183395529,0.00044,0.000429678615482,-5.02272793366e-05
0.91066,0.00217436180742,0.000416,0.000429891164083,-4.76062048984e-05
0.911618,0.0021808240335,0.000379,0.000430042938812,-4.64333451879e-05
0.912095,0.00218361383758,0.000318,0.000430233942293,-4.54479232904e-05
0.912573,0.0021857463538,0.000317,0.000430462353234,-4.47034012891e-05
0.913052,0.00218788570383,0.000327,0.00043072277919,-4.42501435202e-05
0.913528,0.00219058797307,0.00035,0.000430999136102,-4.40637985228e-05
0.914004,0.00219039133528,0.000387,0.000431271803267,-4.40762228766e-05
0.914479,0.00219396792315,0.000415,0.000431528318861,-4.41818220741e-05
0.914955,0.00219292038067,0.000433,0.000431756241339,-4.4315353989e-05
0.91543,0.00219636159029,0.00045,0.000431955602992,-4.44426543069e-05
0.915903,0.00219658227365,0.000466,0.000432288319169,-4.45823507895e-05
0.916844,0.00220137745592,0.00046,0.000432430601674,-4.45823507895e-05
0.917318,0.00220411246128,0.000463,0.000432563961078,-4.4579246689e-05
0.917788,0.00220648134119,0.000468,0.000432693735946,-4.45916630186e-05
0.918261,0.00220747416149,0.000482,0.000432818151403,-4.45823507895e-05
0.918735,0.00221118372815,0.000495,0.000432938987581,-4.4538892283e-05
0.91921,0.00221205239684,0.000515,0.00043305447014,-4.44612819181e-05
0.919684,0.00221707988688,0.000548,0.000433164602146,-4.43277744264e-05
0.920156,0.00221866096159,0.000572,0.000433260507196,-4.41259183574e-05
0.920632,0.00222348443772,0.000564,0.000433406111646,-4.37034080932e-05
0.921581,0.00222970413919,0.000544,0.000433459372788,-4.35728817651e-05
0.922057,0.0022323366485,0.00053,0.000433505528642,-4.34827439848e-05
0.922534,0.00223583233982,0.000511,0.000433553455982,-4.34392255512e-05
0.923011,0.00223979606775,0.000488,0.000433606704118,-4.34454426155e-05
0.923487,0.0022426717325,0.000473,0.000433663496948,-4.3510718868e-05
0.923963,0.00224793974061,0.000465,0.000433714960832,-4.36785475811e-05
0.924436,0.00225000447129,0.000423,0.000433755773893,-4.43619296324e-05
0.924911,0.00225631337833,0.00039,0.000433723833472,-4.48399490327e-05
0.925866,0.00226264088596,0.00038,0.000433656398137,-4.53766033744e-05
0.926345,0.00226359207479,0.000354,0.000433562330999,-4.5925292328e-05
0.926824,0.00226753193316,0.000341,0.00043346114808,-4.64457326754e-05
0.927301,0.00226841123463,0.000316,0.00043336882605,-4.74175498702e-05
0.927779,0.00227086645134,0.000309,0.000433299575256,-4.83078565536e-05
0.928256,0.00227281359072,0.000329,0.000433258731317,-4.91200105541e-05
0.928733,0.00227375194355,0.000355,0.000433248075922,-4.98820016095e-05
0.929212,0.00227696772921,0.000378,0.000433313781194,-5.14068735712e-05
0.92969,0.00227670519291,0.000353,0.000433388356887,-5.2160526698e-05
0.930647,0.00227852544256,0.000303,0.000433477125456,-5.28735311822e-05
0.931124,0.00228096659957,0.000252,0.000433569430913,-5.35552034422e-05
0.9316,0.00228038946715,0.000277,0.000433651073967,-5.42240237325e-05
0.932077,0.00228290091138,0.000282,0.000433716735361,-5.48861520975e-05
0.932552,0.00228346765022,0.000273,0.000433766420313,-5.55446661823e-05
0.933027,0.00228408516109,0.000266,0.000433803681341,-5.62148694246e-05
0.933504,0.00228571890424,0.000292,0.000433817875408,-5.75841140883e-05
0.934452,0.00228848655657,0.000294,0.000433787712601,-5.82373377005e-05
0.934925,0.00228562832805,0.000284,0.000433741578333,-5.88625837328e-05
0.935397,0.00228993207409,0.000268,0.000433688342101,-5.94416388463e-05
0.935871,0.00228802278539,0.000264,0.000433636875943,-5.99593813948e-05
0.936346,0.00229110935951,0.000243,0.000433533930452,-6.07657745277e-05
0.937296,0.00229157738143,0.000229,0.000433477125418,-6.09634433781e-05
0.93777,0.00229242738687,0.000213,0.000433409662493,-6.09847278413e-05
0.938242,0.00229228452526,0.000201,0.000433327986754,-6.08326833712e-05
0.938717,0.0022945142382,0.000202,0.000433228540493,-6.05163370618e-05
0.939192,0.00229137644082,0.000224,0.000433111314927,-6.00750657018e-05
0.939666,0.00229482836024,0.000275,0.000432857248055,-5.90576812589e-05
0.940612,0.00229403967899,0.000291,0.000432729285781,-5.85576474309e-05
0.941086,0.00229290353136,0.000309,0.000432604852002,-5.80725564526e-05
0.941559,0.00229446785582,0.000324,0.00043247683621,-5.76085433701e-05
0.942032,0.00229508784914,0.000322,0.00043217268988,-5.67163856338e-05
0.942979,0.00229316442806,0.000309,0.000431982298153,-5.62699294081e-05
0.943452,0.00229089798236,0.000289,0.000431765142748,-5.60160098284e-05
0.943925,0.00229499139069,0.00026,0.00043152653781,-5.62791056999e-05
0.944399,0.00229381637157,0.000252,0.000431268239714,-5.64564931077e-05
0.944872,0.00229802216137,0.000279,0.000430997353487,-5.65115362928e-05
0.945346,0.00229815703876,0.000289,0.000430412395638,-5.64075626195e-05
0.946293,0.00230284582267,0.000285,0.000430100067596,-5.62393410011e-05
0.946766,0.00230501447468,0.000273,0.00042977864758,-5.59639921571e-05
0.94724,0.00230822880177,0.000291,0.000429092380452,-5.52721383583e-05
0.948184,0.00230876958563,0.000308,0.000428704223742,-5.49504961978e-05
0.948654,0.0023073613431,0.000308,0.00042827105491,-5.46685690644e-05
0.949586,0.00231411433175,0.000296,0.000427289014179,-5.43129527427e-05
0.950048,0.00231912345582,0.000301,0.000426756111355,-5.41841557658e-05
0.950507,0.00232144634291,0.00031,0.000426204773183,-5.39633122635e-05
0.950965,0.00232657177149,0.000322,0.000425055591121,-5.33464651488e-05
0.951881,0.00233377881294,0.000357,0.000424472075475,-5.31161753778e-05
0.952339,0.00234054012228,0.000344,0.000423891606187,-5.28489554804e-05
0.952796,0.00234281615359,0.00034,0.000423319608589,-5.2575499458e-05
0.953254,0.00234676445311,0.000339,0.000422752493505,-5.23326898763e-05
0.953712,0.00234905486722,0.000372,0.000421636588941,-5.21881982983e-05
0.95463,0.0023625164809,0.000395,0.000421084210732,-5.2160526698e-05
0.955089,0.00236811312229,0.000392,0.000420542212574,-5.21082554879e-05
0.955549,0.0023758755144,0.00041,0.000420014253005,-5.21451531699e-05
0.956009,0.00237986986873,0.000415,0.000419504002334,-5.20928809476e-05
0.956469,0.0023885689064,0.000404,0.000419009687516,-5.20098532852e-05
0.95693,0.00239280567082,0.000396,0.000418529528304,-5.20467555404e-05
0.957391,0.00240038841181,0.000383,0.000418058095887,-5.22558359279e-05
0.957852,0.00240544917878,0.000388,0.000417136022739,-5.27537174469e-05
0.958314,0.00240809904772,0.000401,0.000416805852243,-5.29841124227e-05
0.959239,0.00241854691244,0.000415,0.000416605109021,-5.33126934985e-05
0.959702,0.0024262647501,0.000433,0.000416433512596,-5.37761606032e-05
0.960166,0.00243019009964,0.000455,0.000416287435163,-5.43160190824e-05
0.960629,0.00243806870542,0.000458,0.000416155935648,-5.48984085193e-05
0.961092,0.00244276186471,0.000466,0.000416031715709,-5.55018028498e-05
0.961555,0.00244907982674,0.000458,0.000415905643228,-5.61383908739e-05
0.962018,0.00245482453934,0.000467,0.000415770406194,-5.67989218787e-05
0.962482,0.0024558695023,0.000469,0.000415624170377,-5.73733802203e-05
0.962944,0.00246141833952,0.00047,0.000415465099265,-5.77398378376e-05
0.963407,0.00246488240512,0.000461,0.000415284037025,-5.78650052963e-05
0.963869,0.00247218932366,0.000433,0.000414833892878,-5.78375312091e-05
0.964797,0.00248165650444,0.000417,0.000414568408974,-5.79352125176e-05
0.965259,0.00248535832512,0.000414,0.000414289985055,-5.8057297193e-05
0.965721,0.00248988370637,0.000395,0.000414013267571,-5.81274873498e-05
0.966182,0.00249487724946,0.000383,0.000413752929163,-5.81305389545e-05
0.966644,0.00249788526685,0.000358,0.000413334689648,-5.81274873498e-05
0.967566,0.00250423825146,0.000359,0.000413178694006,-5.81030740887e-05
0.968027,0.00251107540732,0.000358,0.000413042853725,-5.8042037639e-05
0.968487,0.00251345890524,0.000374,0.000413059376445,-5.79993093216e-05
0.968948,0.00251894813302,0.00038,0.000413162174496,-5.80756082692e-05
0.96987,0.0025269273521,0.000379,0.000413228249861,-5.81061257876e-05
0.97033,0.00253193955282,0.000389,0.000413301658586,-5.81000223781e-05
0.970791,0.00253499512668,0.000399,0.000413371388738,-5.81580028666e-05
0.971252,0.00254263369717,0.000395,0.00041343927627,-5.8353274298e-05
0.971712,0.00254558815705,0.000397,0.000413507156287,-5.86521902631e-05
0.972173,0.0025521603929,0.000406,0.000413624552635,-5.91734976365e-05
0.973094,0.00256227700885,0.000403,0.000413663068415,-5.93593779215e-05
0.973555,0.00256805836984,0.000393,0.000413685076346,-5.95147524806e-05
0.974016,0.00257350855808,0.000363,0.000413694246084,-5.95787213621e-05
0.974477,0.00258143828136,0.000323,0.000413707083487,-5.92070202631e-05
0.975398,0.00259550380851,0.000319,0.000413736425113,-5.888392487e-05
0.975858,0.00260098731587,0.000326,0.000413795104153,-5.8606445143e-05
0.976319,0.00260952530856,0.000314,0.000413892278961,-5.83807304766e-05
0.976779,0.00261544664779,0.000301,0.000414027931232,-5.81457968012e-05
0.977241,0.00262340369042,0.000236,0.000414381585831,-5.74955516186e-05
0.978162,0.00263687082559,0.000225,0.000414575734209,-5.70770362277e-05
0.978621,0.00264511289587,0.000234,0.000414767990366,-5.65971514197e-05
0.97908,0.00265169658822,0.000267,0.000414954695733,-5.60527261278e-05
0.979537,0.00265945837019,0.000278,0.000415124877513,-5.54803703138e-05
0.979999,0.00266473729629,0.000293,0.000415423039072,-5.43988057716e-05
0.980922,0.00267880154813,0.000317,0.000415543725782,-5.39602445596e-05
0.981379,0.00268399323618,0.000351,0.000415649764163,-5.35889647701e-05
0.98184,0.00269015772893,0.000377,0.000415742989636,-5.32574276968e-05
0.982299,0.00269539473921,0.000391,0.000415825235617,-5.29687548385e-05
0.982759,0.00270197422795,0.000408,0.000415903815896,-5.27260655544e-05
0.983217,0.00270670305035,0.00043,0.000415978731884,-5.25386217738e-05
0.983676,0.00271245658952,0.000435,0.000416051811817,-5.24095363849e-05
0.984135,0.0027175418942,0.000422,0.00041615958879,-5.23357638795e-05
0.984594,0.00272303144592,0.000416,0.000416188813172,-5.23726509892e-05
0.985507,0.00273333500192,0.00042,0.000416199771956,-5.24249047939e-05
0.985964,0.00274017493886,0.000422,0.000416192466122,-5.24648612649e-05
0.986423,0.00274529885185,0.000421,0.000416130363012,-5.24802286028e-05
0.987337,0.00275779537195,0.000416,0.000416079214542,-5.24556407194e-05
0.987797,0.00276441627705,0.000401,0.000415938534202,-5.23419118501e-05
0.988708,0.0027745110565,0.00041,0.000415854475969,-5.22435386057e-05
0.989162,0.00277859040821,0.000427,0.000415763095229,-5.21113303602e-05
0.989616,0.00278155307102,0.000435,0.000415858130915,-5.19575721543e-05
0.990073,0.0027849314778,0.000435,0.000415980558989,-5.18007081045e-05
0.990525,0.00278633625457,0.000395,0.000416086521727,-5.16838088597e-05
0.990982,0.00278720126764,0.000357,0.000416179680702,-5.16315062576e-05
0.991437,0.00278724591901,0.000326,0.000416265520535,-5.16530430403e-05
0.99189,0.00278672051924,0.00031,0.000416446292707,-5.18745303409e-05
0.992339,0.00278637356616,0.00031,0.000416446292707,-5.18745303409e-05
0.992793,0.00278445841822,0.000324,0.000416544873201,-5.20221542275e-05
0.993245,0.00278339076724,0.000341,0.000416658038625,-5.21758999284e-05
0.993695,0.00278088769815,0.000347,0.000416783956179,-5.23419118501e-05
0.994146,0.00277871874476,0.000332,0.000416928090829,-5.25232555663e-05
0.994596,0.00277616402387,0.000304,0.000417095901034,-5.27291380345e-05
0.995045,0.00277343584657,0.000278,0.000417285544086,-5.29472537213e-05
0.995494,0.00277193703797,0.000258,0.000417498822224,-5.31806632518e-05
0.995943,0.00276893519638,0.00025,0.000417739354408,-5.34201437596e-05
0.996393,0.00276748480437,0.000275,0.000418014392606,-5.36534142241e-05
0.996844,0.00276540823348,0.000298,0.000418651422648,-5.40277313054e-05
0.997293,0.00276390414244,0.000298,0.000418651422648,-5.40277313054e-05
0.997738,0.00276257627506,0.000329,0.000419360474204,-5.42424236564e-05
0.998187,0.00276124426837,0.000346,0.000419727403007,-5.42945544554e-05
0.99908,0.00276037808292,0.00035,0.000420088666726,-5.43098863911e-05
0.999498,0.0027593519924,0.000337,0.000420420695368,-5.42700227417e-05
0.999916,0.00275795055352,0.000347,0.000420736227152,-5.41320177076e-05
1.00036,0.00275743796131,0.000367,0.000421047971708,-5.39080917767e-05
1.00081,0.00275715193954,0.000331,0.000421339634699,-5.37239957132e-05
1.00127,0.00275630397224,0.000311,0.000421616675805,-5.35490648646e-05
1.00172,0.0027561819026,0.000347,0.000421879114872,-5.33372548413e-05
1.00218,0.00275533803598,0.00039,0.000422126970689,-5.30977493081e-05
1.00263,0.00275405365647,0.000401,0.000422363877191,-5.2827451117e-05
1.00308,0.00275298759971,0.000372,0.000422591654517,-5.24525671804e-05
1.00354,0.00275234454059,0.000347,0.00042280850609,-5.19206657538e-05
1.00399,0.00275145990885,0.000349,0.000423009025027,-5.12499007031e-05
1.00444,0.00275001138338,0.000368,0.00042318781051,-5.04799768938e-05
1.0049,0.00274890740016,0.000383,0.000423487474372,-4.8703228974e-05
1.00535,0.00274692299859,0.000368,0.000423606576832,-4.77824487141e-05
1.00626,0.00274415938749,0.000348,0.000423705811068,-4.69286945169e-05
1.00671,0.0027427856522,0.00034,0.000423790598405,-4.6176261356e-05
1.00716,0.00274139072298,0.000322,0.000423943907188,-4.51036682616e-05
1.00807,0.00273810132064,0.000315,0.000424026858177,-4.47344369199e-05
1.00852,0.00273664813752,0.000295,0.000424117009462,-4.44705955605e-05
1.00897,0.00273491695947,0.000317,0.000424302678982,-4.40793289348e-05
1.00987,0.00273140815761,0.000342,0.000424380174723,-4.38960508106e-05
1.01031,0.00272983071246,0.000355,0.000424432433715,-4.36909779339e-05
1.01076,0.0027284049232,0.000357,0.000424448651109,-4.34454426155e-05
1.01121,0.00272680853908,0.000309,0.000424363955502,-4.29137086486e-05
1.0121,0.00272399264918,0.000276,0.00042427023597,-4.268038024e-05
1.01255,0.00272256917635,0.000261,0.000424156671792,-4.24905561866e-05
1.013,0.00272143396284,0.000257,0.000424032267632,-4.23411547177e-05
1.01344,0.00272063462532,0.000245,0.000423906034496,-4.22104055073e-05
1.01389,0.00271974861425,0.000213,0.000423786990674,-4.21014314833e-05
1.01434,0.00271897090269,0.000158,0.00042357229215,-4.19799857737e-05
1.01522,0.00271741447194,0.000159,0.000423474840924,-4.19986709306e-05
1.01566,0.00271723161923,0.00016,0.000423377374083,-4.20360399335e-05
1.0161,0.00271701929801,0.000157,0.000423272670078,-4.20609516312e-05
1.01654,0.00271672301576,0.000146,0.000423021668151,-4.20671794342e-05
1.0174,0.00271631483366,0.000141,0.000422864513524,-4.20640655388e-05
1.01784,0.0027163306377,0.000143,0.000422685633018,-4.20609516312e-05
1.01827,0.00271607012998,0.000147,0.000422486815223,-4.20609516312e-05
1.0187,0.00271615229548,0.000149,0.000422271657373,-4.20734071887e-05
1.01913,0.00271573810756,0.000153,0.000421815777863,-4.21419092845e-05
1.02,0.00271545524076,0.00015,0.000421584089271,-4.2160590655e-05
1.02043,0.00271480836037,0.000144,0.000421361367966,-4.2135682064e-05
1.02085,0.00271337570118,0.000135,0.000420971862749,-4.19675287597e-05
1.02169,0.00271228330612,0.000134,0.000420801489206,-4.18554068935e-05
1.0221,0.00271094095314,0.000124,0.00042053314496,-4.17058865952e-05
1.02251,0.0027096893478,0.000129,0.000420422509236,-4.16342315369e-05
1.02332,0.00270770138313,0.000137,0.000420326366815,-4.15874965157e-05
1.02372,0.00270672128714,0.000137,0.000420244724558,-4.1559454191e-05
1.02413,0.00270543027425,0.000154,0.000420101370601,-4.15127147967e-05
1.02494,0.00270425760562,0.000161,0.000420034218552,-4.14566239154e-05
1.02534,0.00270367367134,0.000166,0.00041996342866,-4.13631303649e-05
1.02575,0.00270361509408,0.000171,0.000419887184203,-4.12166351459e-05
1.02615,0.00270322187114,0.000174,0.000419807298836,-4.10077551124e-05
1.02656,0.00270260964237,0.000181,0.000419629334734,-4.03839078621e-05
1.02737,0.00270322955846,0.000185,0.000419534883721,-3.99687798786e-05
1.02778,0.00270322855655,0.000187,0.0004194349677,-3.94909600517e-05
1.02818,0.00270333419235,0.000189,0.000419333218214,-3.89690922936e-05
1.02859,0.00270378740778,0.000191,0.00041922418208,-3.84124751949e-05
1.029,0.00270439276861,0.000191,0.000419107855399,-3.78429495321e-05
1.0294,0.00270426619284,0.000188,0.000418978779545,-3.72761512737e-05
1.02981,0.00270427118465,0.000183,0.00041883149066,-3.67340299068e-05
1.03021,0.00270453175868,0.000178,0.000418664156474,-3.62354561048e-05
1.03062,0.00270527493111,0.000173,0.000418473121195,-3.57962035148e-05
1.03103,0.00270550277422,0.000167,0.000418260182903,-3.54163698839e-05
1.03143,0.0027055313749,0.000158,0.000417764859845,-3.47692970264e-05
1.03184,0.00270530097801,0.000156,0.000417480596232,-3.4495861911e-05
1.03265,0.00270553946985,0.000168,0.000417174318275,-3.42600672061e-05
1.03306,0.00270555223676,0.000197,0.000416842343928,-3.40619461227e-05
1.03347,0.0027050003866,0.000356,0.000416486457048,-3.38983807754e-05
1.03388,0.0027037877978,0.00053,0.000416108442762,-3.37599533015e-05
1.03469,0.00270078406532,0.000763,0.000415296841162,-3.35145004908e-05
1.0351,0.00269912771394,0.000807,0.000414872332733,-3.3398041513e-05
1.03551,0.00269752728755,0.000828,0.000414436539726,-3.32784174184e-05
1.03632,0.00269387487935,0.000788,0.000413564022949,-3.30737559549e-05
1.03673,0.00269197585861,0.000725,0.000413134640992,-3.29918767699e-05
1.03714,0.00268981875535,0.000661,0.000412715979537,-3.29320367039e-05
1.03754,0.00268756162162,0.000619,0.000412309898925,-3.28973904181e-05
1.03836,0.002683205404,0.000577,0.000411533740125,-3.29572330643e-05
1.03877,0.00268082388689,0.000546,0.000411158183412,-3.30296681998e-05
1.03958,0.00267653872043,0.000477,0.000410421130763,-3.31871133606e-05
1.03999,0.00267432164982,0.000445,0.000410054117619,-3.32469344327e-05
1.0404,0.00267228231719,0.000408,0.000409686885312,-3.33036029187e-05
1.04081,0.00267019782816,0.000369,0.000409319433647,-3.33697111004e-05
1.04122,0.00266790191417,0.000335,0.000408948066123,-3.34641419237e-05
1.04163,0.00266635068658,0.00027,0.000408199107095,-3.37284891841e-05
1.04244,0.00266321596238,0.000233,0.000407825211498,-3.38606301942e-05
1.04285,0.00266186984204,0.000244,0.000407458499426,-3.39487121231e-05
1.04326,0.00266042476682,0.000263,0.000406768934609,-3.39612944672e-05
1.04408,0.00265880716332,0.000256,0.000406518498462,-3.39204011282e-05
1.04449,0.00265779423301,0.00023,0.000406262391916,-3.38826515822e-05
1.04489,0.00265706964815,0.000204,0.000405748001866,-3.38732139185e-05
1.04571,0.00265577869488,0.000214,0.000405504584946,-3.39204011282e-05
1.04612,0.00265440217643,0.000227,0.000405290819184,-3.40053311189e-05
1.04653,0.00265372682653,0.000245,0.000405169962308,-3.41248470012e-05
1.04694,0.00265339683764,0.000245,0.000405063960651,-3.44518521564e-05
1.04776,0.00265154153577,0.000258,0.000405071399957,-3.46624484138e-05
1.04817,0.00265082473976,0.000268,0.000405108595145,-3.48792733893e-05
1.04858,0.00264979681181,0.000271,0.000405246197862,-3.5265642246e-05
1.04939,0.00264846325948,0.000266,0.000405335437282,-3.54163698839e-05
1.0498,0.0026478669169,0.000261,0.000405432098765,-3.55419546212e-05
1.05063,0.00264621667248,0.000266,0.000405621660028,-3.57177402315e-05
1.05104,0.0026451237993,0.000286,0.000405805590299,-3.57805114721e-05
1.05186,0.00264292597412,0.000286,0.000405898463544,-3.57648191225e-05
1.05227,0.00264116293384,0.000278,0.00040599875095,-3.57365721195e-05
1.05268,0.00263857366523,0.000275,0.000406108305596,-3.56989079014e-05
1.05309,0.00263619321775,0.000268,0.000406225266202,-3.56424082581e-05
1.0535,0.00263395609829,0.000245,0.000406479532586,-3.53943905336e-05
1.05391,0.00263240871842,0.000245,0.000406479532586,-3.53943905336e-05
1.05432,0.00263037007507,0.000234,0.000406605698883,-3.51745639083e-05
1.05474,0.00262758654412,0.000224,0.000406731839374,-3.48886992335e-05
1.05515,0.00262484269535,0.000216,0.000406857954067,-3.45650152223e-05
1.05556,0.00262228638139,0.000213,0.000406982188907,-3.4228622679e-05
1.05597,0.00261846497015,0.000257,0.000407230583506,-3.36120612308e-05
1.05638,0.0026149020179,0.000257,0.000407230583506,-3.36120612308e-05
1.05721,0.00260690696733,0.000299,0.000407458499426,-3.31587755086e-05
1.05762,0.00260278208528,0.000302,0.000407562238107,-3.3001324794e-05
1.05803,0.00259797685713,0.000296,0.000407665959327,-3.28816416126e-05
1.05845,0.00259349071378,0.00029,0.00040776966309,-3.2799742848e-05
1.05886,0.00258904203626,0.000285,0.000407878903532,-3.27587903354e-05
1.05968,0.00258052749098,0.000249,0.000408112131842,-3.27871422971e-05
1.06009,0.00257638124603,0.000245,0.000408234263817,-3.28217933365e-05
1.06051,0.00257213077948,0.000225,0.000408358221509,-3.28501430755e-05
1.06092,0.00256839010162,0.00019,0.000408484003809,-3.28564428817e-05
1.06136,0.00256490810906,0.000204,0.000408615307914,-3.28847913984e-05
1.06179,0.0025612162685,0.000219,0.000408746584023,-3.29540835625e-05
1.06223,0.00255728795078,0.000215,0.000408872287015,-3.30769049877e-05
1.06267,0.00255366388098,0.000205,0.000408983180107,-3.3234340893e-05
1.06311,0.00254939154528,0.000221,0.00040907372798,-3.34169278997e-05
1.06355,0.00254501938558,0.000281,0.000409180889882,-3.36655572511e-05
1.06444,0.00253570008226,0.000292,0.000409199364186,-3.36938772312e-05
1.06488,0.00253034400937,0.000308,0.000409197516781,-3.3697023834e-05
1.06533,0.00252507982669,0.000338,0.000409186432232,-3.36938772312e-05
1.06623,0.00251538265489,0.000379,0.000409186432232,-3.37190497085e-05
1.06668,0.00250921107621,0.000372,0.00040921968528,-3.40713815686e-05
1.06713,0.00250335046764,0.000358,0.000409282491693,-3.51965492812e-05
1.06759,0.00249732091234,0.000351,0.00040937484242,-3.62981868391e-05
1.06804,0.00249098529532,0.000336,0.000409644427239,-3.84218595885e-05
1.06894,0.00247795858253,0.000336,0.00040981239639,-3.9472216204e-05
1.06939,0.00247119994566,0.000317,0.000409993234963,-4.04619153883e-05
1.06985,0.00246363285165,0.000277,0.000410393474088,-4.22446514165e-05
1.07031,0.00245723668658,0.000277,0.000410393474088,-4.22446514165e-05
1.07077,0.0024508477804,0.000243,0.000410614692654,-4.30008004472e-05
1.07123,0.00244440376317,0.000216,0.000410856098727,-4.36723323321e-05
1.07169,0.00243799286529,0.000196,0.000411119510126,-4.42811967891e-05
1.07216,0.00243127251637,0.000201,0.000411406739284,-4.48275365674e-05
1.07262,0.00242481584842,0.000201,0.00041171591287,-4.53021757902e-05
1.07308,0.00241860793859,0.000195,0.000412043319916,-4.57176409287e-05
1.07355,0.00241306414149,0.000194,0.000412741695053,-4.65417291743e-05
1.07447,0.00240361060253,0.0002,0.000413107106253,-4.69998756683e-05
1.07493,0.00240001426564,0.000202,0.000413475969104,-4.74763160655e-05
1.07539,0.00239763474356,0.000202,0.00041421852694,-4.84654112952e-05
1.07631,0.00239612029287,0.000208,0.000414584890632,-4.89749335941e-05
1.07676,0.00239737942858,0.000215,0.00041495103539,-4.94532786599e-05
1.07722,0.00239988705108,0.000246,0.000415744817444,-5.02334436476e-05
1.07818,0.00240825748655,0.000273,0.000416170548096,-5.04984638049e-05
1.07865,0.00241451817746,0.000288,0.000416606934252,-5.06617461788e-05
1.07914,0.00242132517027,0.000278,0.000417044833238,-5.07233534512e-05
1.07962,0.00242939431083,0.000229,0.000417894192464,-5.05785687842e-05
1.0801,0.00243864341164,0.000218,0.000418291127265,-5.04183507509e-05
1.08107,0.00245757046138,0.000207,0.000418660518265,-5.02241971632e-05
1.08156,0.00246700657343,0.000207,0.000419004233282,-5.00176643159e-05
1.08204,0.00247589546712,0.000198,0.00041961298849,-4.96692111959e-05
1.08301,0.00248981308188,0.000197,0.000419874475867,-4.95705064548e-05
1.08349,0.00249472607305,0.000194,0.000420302782397,-4.95365738702e-05
1.08446,0.00250162462289,0.000213,0.000420471481623,-4.95828452175e-05
1.08494,0.00250398245653,0.000242,0.000420625628275,-4.96537893877e-05
1.08543,0.00250528831193,0.000258,0.000420772484711,-4.97185589723e-05
1.08591,0.00250622938613,0.000254,0.000420910243773,-4.97709876292e-05
1.08639,0.00250654683444,0.000228,0.000421031663446,-4.97956587421e-05
1.08688,0.00250604326279,0.00022,0.000421145812121,-4.97864071645e-05
1.08735,0.00250543432965,0.000226,0.000421276241575,-4.97278113394e-05
1.08782,0.00250521555281,0.000228,0.000421439239143,-4.96106067336e-05
1.0883,0.00250507858261,0.00021,0.000421853780858,-4.91786511775e-05
1.08877,0.0025045677112,0.000232,0.000422067277415,-4.88421804295e-05
1.08971,0.00250171638133,0.000251,0.000422262615462,-4.84098073011e-05
1.09019,0.0025012171072,0.000281,0.000422600691542,-4.73216588716e-05
1.09066,0.0024998745009,0.000305,0.000422745265696,-4.67460702975e-05
1.09162,0.00249853646856,0.000324,0.000422877159651,-4.62041419256e-05
1.0921,0.00249784883234,0.000324,0.00042298915673,-4.56680445324e-05
1.09257,0.0024966115677,0.000322,0.000423079461943,-4.51067703218e-05
1.09304,0.00249512839855,0.00031,0.000423149890706,-4.4538892283e-05
1.09352,0.00249416640536,0.000314,0.000423202255528,-4.39333311274e-05
1.09399,0.00249258774104,0.000269,0.000423261837601,-4.26399297162e-05
1.09446,0.00249159651991,0.000269,0.000423261837601,-4.26399297162e-05
1.09492,0.00249050259763,0.000262,0.000423283502363,-4.19394997681e-05
1.09538,0.00248939157245,0.000246,0.000423305166353,-4.12010489681e-05
1.09583,0.00248731760865,0.000244,0.00042332141384,-4.04400740479e-05
1.09628,0.00248576673809,0.000244,0.000423332245256,-3.96783743855e-05
1.09673,0.00248405856838,0.000242,0.000423335855686,-3.89222012867e-05
1.09717,0.0024822853711,0.000234,0.000423337660892,-3.81997327728e-05
1.09762,0.00248107666,0.00024,0.00042334127129,-3.75079294044e-05
1.09806,0.00248035615755,0.000247,0.000423350297189,-3.6871945259e-05
1.0985,0.002479947936,0.000247,0.000423364738349,-3.6241729399e-05
1.09894,0.00247985248347,0.000248,0.000423393619641,-3.57459878977e-05
1.09938,0.00248017673431,0.000248,0.000423393619641,-3.57459878977e-05
1.09982,0.00248082792498,0.000248,0.000423406254776,-3.57459878977e-05
1.10027,0.00248151700127,0.000253,0.000423415279711,-3.57554035653e-05
1.10072,0.00248248489619,0.000238,0.000423422499562,-3.57899267346e-05
1.10118,0.00248385287808,0.000247,0.000423411669753,-3.59436937113e-05
1.10208,0.00248683553612,0.000275,0.000423384594385,-3.60001721366e-05
1.10253,0.00248836638843,0.0003,0.000423335855686,-3.60001721366e-05
1.10299,0.00249091550314,0.000319,0.000423263643027,-3.59185909123e-05
1.10344,0.00249242974245,0.000286,0.000423063207994,-3.59217288051e-05
1.10435,0.00249599515366,0.000253,0.000422942192723,-3.65898203007e-05
1.10481,0.00249871909195,0.00025,0.000422691054412,-3.79744144792e-05
1.10527,0.00250075413814,0.00024,0.00042257177259,-3.86595608812e-05
1.10618,0.0025031473013,0.000238,0.000422457890861,-3.93628683417e-05
1.10663,0.0025040067272,0.000235,0.000422503084573,-4.00842882424e-05
1.10709,0.00250487702722,0.000241,0.000422736230817,-4.08362456316e-05
1.10754,0.00250481455921,0.000249,0.00042318781051,-4.233492905e-05
1.10845,0.00250478876106,0.000253,0.000423408059773,-4.30567830163e-05
1.10891,0.00250456488655,0.000241,0.000423619207543,-4.37593414145e-05
1.10936,0.0025039430804,0.000234,0.000423819459482,-4.44861180564e-05
1.10982,0.00250293205396,0.00024,0.0004241783047,-4.59717740368e-05
1.11074,0.00250095429734,0.000246,0.000424333318014,-4.67336874789e-05
1.11119,0.0024996446036,0.000247,0.000424479282783,-4.74979656758e-05
1.11165,0.00249823576643,0.000255,0.000424619808326,-4.82862289583e-05
1.11211,0.00249708814169,0.000247,0.000424758500392,-4.90490187519e-05
1.11257,0.00249537243913,0.000242,0.000424898961385,-4.97956587421e-05
1.11302,0.00249316550189,0.000207,0.000425194183747,-5.11206056343e-05
1.11394,0.00248987362591,0.000197,0.000425352536613,-5.17268790046e-05
1.11439,0.00248864182039,0.000193,0.00042551984194,-5.23203937445e-05
1.11485,0.00248707811337,0.000187,0.00042589026817,-5.34968850366e-05
1.11576,0.00248397788612,0.000178,0.000426098758268,-5.40430684012e-05
1.11622,0.00248269839208,0.000178,0.000426314362341,-5.4530633395e-05
1.11667,0.00248132268531,0.000177,0.000426535277047,-5.49504961978e-05
1.11713,0.00247994380693,0.000186,0.000426757906418,-5.53027641371e-05
1.11759,0.00247871206161,0.00018,0.000426975070858,-5.55722199572e-05
1.11805,0.00247767447818,0.000163,0.000427410959735,-5.59211515094e-05
1.11898,0.00247472414679,0.00016,0.000427642230265,-5.5985411612e-05
1.11943,0.00247342284655,0.000165,0.00042788057963,-5.59823517253e-05
1.11989,0.00247224184628,0.000183,0.000428403544363,-5.57099744582e-05
1.12035,0.00247056691501,0.000191,0.000428673804628,-5.54375035025e-05
1.12127,0.00246628357107,0.000196,0.000428940367128,-5.50975488131e-05
1.12173,0.00246359651853,0.000189,0.000429196085264,-5.4702283022e-05
1.12219,0.00246075224064,0.000191,0.000429692906715,-5.36319316546e-05
1.12311,0.00245368516608,0.000243,0.000429939378914,-5.28858187477e-05
1.12357,0.00244947316229,0.000329,0.000430440943279,-5.09882103076e-05
1.12449,0.00244196431363,0.000372,0.000430706728685,-4.98419150157e-05
1.12494,0.00243795585666,0.000391,0.000430983092931,-4.86352883184e-05
1.1254,0.00243460013519,0.000375,0.00043161379977,-4.62320215198e-05
1.12632,0.00242782380539,0.000356,0.000431980518476,-4.51284844053e-05
1.12678,0.00242426767448,0.00033,0.000432379028042,-4.41041769654e-05
1.12723,0.0024213993753,0.000299,0.000433233868333,-4.22135188324e-05
1.1277,0.00241844278944,0.000299,0.000433233868333,-4.22135188324e-05
1.12862,0.00241385749051,0.000277,0.000434073311519,-4.04775159806e-05
1.12908,0.00241180448019,0.000262,0.000434450945915,-3.96596349272e-05
1.12954,0.0024102169942,0.000259,0.000434789374746,-3.8850296408e-05
1.13,0.00240847513512,0.00024,0.000435085122828,-3.80995991342e-05
1.13045,0.00240681352036,0.000235,0.000435338252859,-3.73889165763e-05
1.13092,0.00240500649048,0.000271,0.000435769921564,-3.6031547321e-05
1.13184,0.00240196018261,0.000286,0.000435960889286,-3.5359850338e-05
1.1323,0.0024003256369,0.000282,0.000436324974642,-3.40808169037e-05
1.13322,0.00239771969289,0.00028,0.000436498103017,-3.34609944085e-05
1.13368,0.00239611403234,0.000284,0.000436660586378,-3.28249433569e-05
1.13414,0.00239477259471,0.0003,0.000436814198766,-3.21505574532e-05
1.1346,0.00239338533368,0.000336,0.000437070132278,-3.0616904018e-05
1.13507,0.00239202246548,0.000345,0.000437165417626,-2.97319885632e-05
1.13599,0.0023897302078,0.000373,0.000437237753827,-2.87669547892e-05
1.13645,0.00238889249681,0.000385,0.000437292441276,-2.77880845743e-05
1.1369,0.00238768201447,0.000377,0.000437362998379,-2.58363041163e-05
1.13782,0.00238587785545,0.000361,0.000437382400131,-2.48920438206e-05
1.13828,0.00238548484861,0.000366,0.000437391218903,-2.39243834277e-05
1.13874,0.00238485797411,0.000361,0.000437385927655,-2.29619404457e-05
1.1392,0.00238464391145,0.000372,0.000437322429057,-2.0899351175e-05
1.14011,0.00238296578672,0.000362,0.000437262452001,-1.98564789935e-05
1.14057,0.00238155096261,0.000345,0.00043717953269,-1.88218779965e-05
1.14102,0.0023804887514,0.000313,0.000437082484935,-1.78405100702e-05
1.14148,0.00237910639439,0.000287,0.000436845975745,-1.59578382811e-05
1.14193,0.00237735876867,0.000287,0.000436845975745,-1.59578382811e-05
1.14285,0.00237352554922,0.000297,0.000436566987194,-1.52692198716e-05
1.14376,0.00236907007267,0.000311,0.000436259596898,-1.56811739467e-05
1.14421,0.00236672987956,0.000318,0.000436098772761,-1.5854904423e-05
1.14466,0.00236498905432,0.000308,0.0004359326016,-1.59964351141e-05
1.14511,0.00236337538717,0.000286,0.000435608966554,-1.62151158531e-05
1.14602,0.00235921943302,0.000271,0.000435449737947,-1.63115739283e-05
1.14647,0.00235811270197,0.0003,0.00043529400704,-1.64144499114e-05
1.14737,0.00235572363786,0.000361,0.000434977111927,-1.65976654683e-05
1.14783,0.00235470321899,0.000394,0.000434808859639,-1.66490869641e-05
1.14828,0.00235392105519,0.000425,0.000434631701202,-1.66747964905e-05
1.14918,0.00235322331112,0.000435,0.000434227585149,-1.6697291658e-05
1.14963,0.00235274581107,0.000407,0.000434000594193,-1.67294265302e-05
1.15008,0.00235303370995,0.000408,0.000433750450523,-1.67840528931e-05
1.15053,0.00235370902097,0.000416,0.000433478900613,-1.68868690148e-05
1.15098,0.00235420438705,0.000431,0.000433191243885,-1.70378565816e-05
1.15144,0.00235548284781,0.000446,0.00043288212643,-1.72594682952e-05
1.15189,0.00235711973032,0.000447,0.0004322456278,-1.79207317556e-05
1.15279,0.00235979723035,0.000437,0.000431916447781,-1.83634127144e-05
1.15324,0.00236119156553,0.000426,0.000431221912511,-1.94594509134e-05
1.1537,0.00236278174558,0.000418,0.000430863647775,-2.01125229155e-05
1.1546,0.00236586555531,0.000415,0.000430489114419,-2.08322127507e-05
1.15505,0.00236650996904,0.000395,0.000430112563813,-2.158320636e-05
1.1555,0.00236721779023,0.000381,0.000429723274671,-2.23430774147e-05
1.15595,0.00236762815806,0.000356,0.000429330160016,-2.31277407957e-05
1.1564,0.00236881584793,0.000328,0.000428528845587,-2.49079496012e-05
1.15731,0.00236966342678,0.000316,0.000428129581476,-2.59062054033e-05
1.15777,0.00237050574693,0.000328,0.000427317709464,-2.7981418537e-05
1.15867,0.00237126465744,0.000323,0.000426906878844,-2.90043654052e-05
1.15913,0.00237190015157,0.000319,0.000426053831124,-3.10368982331e-05
1.16003,0.00237271387894,0.000333,0.000425613368928,-3.20370537413e-05
1.16049,0.00237289791547,0.000315,0.000425181585735,-3.3001324794e-05
1.16094,0.00237309236052,0.000287,0.000424329713514,-3.47598697798e-05
1.16185,0.00237305623749,0.00027,0.000423918659,-3.54854439222e-05
1.1623,0.00237253137566,0.000251,0.000423510935802,-3.61037055872e-05
1.16275,0.00237210209474,0.000208,0.000422750686568,-3.70380390693e-05
1.16367,0.00236998735239,0.000202,0.000422394614036,-3.74484251999e-05
1.16458,0.00236729079115,0.000238,0.000421716234978,-3.83499097607e-05
1.16503,0.00236501005213,0.000265,0.000421403021238,-3.88596756715e-05
1.16549,0.0023632532592,0.000296,0.000421102329441,-3.94034850061e-05
1.16594,0.00236041941468,0.000325,0.000420815990945,-3.99625357082e-05
1.1664,0.00235833008443,0.000361,0.000420534958502,-4.05399153066e-05
1.16685,0.00235538736576,0.000418,0.000420228394795,-4.17868802295e-05
1.16776,0.002350281563,0.00045,0.000420190290315,-4.24656578822e-05
1.16821,0.00234712398302,0.000469,0.000420152183453,-4.3153188241e-05
1.16867,0.00234523762153,0.000494,0.000420112259425,-4.3833913079e-05
1.16912,0.00234315638207,0.000509,0.000420074147688,-4.44830135814e-05
1.16958,0.00234069749018,0.000531,0.00042000336243,-4.56308452101e-05
1.17049,0.00233798741845,0.000516,0.000419974319947,-4.61143010422e-05
1.17094,0.00233445398713,0.000509,0.000419950721912,-4.65417291743e-05
1.17185,0.00233224600871,0.000524,0.000419921676923,-4.72350377213e-05
1.17276,0.00233387098937,0.000503,0.000419916230834,-4.77051535982e-05
1.17321,0.00233563186443,0.000494,0.000419932568956,-4.77793570535e-05
1.17412,0.0023378628368,0.000502,0.000419945276082,-4.76309432262e-05
1.17458,0.00233587839281,0.000518,0.000419957982943,-4.74206429359e-05
1.17503,0.00233557191237,0.000545,0.000419988841361,-4.70462947314e-05
1.17594,0.00234133279022,0.000535,0.000420005177539,-4.68636974751e-05
1.1764,0.00234600525292,0.000555,0.000420021513279,-4.6659386525e-05
1.17686,0.00235011527666,0.000554,0.000420039663588,-4.64581199704e-05
1.17731,0.00235512082307,0.000514,0.000420086851865,-4.61421837796e-05
1.17777,0.00235994122022,0.000505,0.000420115888991,-4.60027603367e-05
1.17869,0.00236958933502,0.0005,0.000420141295341,-4.5835420004e-05
1.17914,0.0023739183234,0.000493,0.000420164886005,-4.56556449512e-05
1.1796,0.00237707966615,0.00051,0.000420202992073,-4.54820305603e-05
1.18006,0.00237859483718,0.00051,0.000420202992073,-4.54820305603e-05
1.18051,0.00238250283793,0.000537,0.000420217508044,-4.55161363711e-05
1.18097,0.00238715554506,0.000565,0.00042024653895,-4.56618447659e-05
1.18188,0.00239528528045,0.000582,0.000420255610824,-4.56587448646e-05
1.18234,0.00239854840741,0.000621,0.000420244724558,-4.51284844053e-05
1.1828,0.00240068376111,0.000614,0.000420213879083,-4.47282298903e-05
1.18325,0.00240292958783,0.000614,0.000420213879083,-4.47282298903e-05
1.18417,0.00240554848001,0.00057,0.000420092296432,-4.4274986232e-05
1.18462,0.00240541240387,0.000527,0.000419941645502,-4.39115844876e-05
1.18508,0.00240524222199,0.000527,0.000419941645502,-4.39115844876e-05
1.18554,0.00240506483073,0.000537,0.000419888999658,-4.36381475973e-05
1.186,0.00240451815392,0.000553,0.000419869029356,-4.32775648815e-05
1.18645,0.00240358528857,0.000553,0.000419869029356,-4.32775648815e-05
1.18691,0.00240219375454,0.000557,0.00041989444599,-4.32340352613e-05
1.18737,0.00240148243021,0.000547,0.000419987026203,-4.30194617397e-05
1.18783,0.00239975041146,0.000541,0.00042004147859,-4.27706086418e-05
1.18874,0.00239623090168,0.000536,0.000420101370601,-4.24905561866e-05
1.1892,0.00239466383089,0.000523,0.000420168515257,-4.21917253017e-05
1.18965,0.00239325047502,0.000508,0.00042025379646,-4.18242591383e-05
1.19011,0.00239120536527,0.000491,0.000420364462795,-4.13537804084e-05
1.19056,0.00238996123734,0.000487,0.000420505941316,-4.07832261663e-05
1.19102,0.00238958981905,0.000486,0.00042067095811,-4.01404754704e-05
1.19148,0.00239000303585,0.000485,0.000420855868915,-3.94222304637e-05
1.19193,0.00239040257118,0.000469,0.000421261750792,-3.79462452354e-05
1.19284,0.0023929443548,0.000441,0.000421475454903,-3.93253742065e-05
1.1933,0.00239414455182,0.000407,0.000421690894179,-4.05960705376e-05
1.19375,0.00239640325112,0.000363,0.000421902638369,-4.17276933812e-05
1.19421,0.00239841936746,0.000352,0.000422110691286,-4.27301626878e-05
1.19466,0.00240049112539,0.00036,0.000422313248432,-4.36226085975e-05
1.19511,0.00240254381303,0.000355,0.000422513930565,-4.44364450066e-05
1.19556,0.00240325999692,0.000341,0.000422716353612,-4.51812161466e-05
1.19601,0.00240500946892,0.000322,0.000422922322244,-4.58664116053e-05
1.19646,0.0024070697616,0.000308,0.000423137250246,-4.64797972731e-05
1.19691,0.00240881738188,0.000303,0.000423359322954,-4.70339165791e-05
1.19736,0.00240963840619,0.00029,0.000423581314622,-4.75443557158e-05
1.19781,0.00241138837382,0.00027,0.000423799617638,-4.80328333521e-05
1.19827,0.00241263307901,0.000257,0.000424008826316,-4.85148338063e-05
1.19871,0.0024127802651,0.000263,0.000424199936838,-4.89934555304e-05
1.19914,0.00241400604516,0.000256,0.000424360351172,-4.94316821812e-05
1.19957,0.00241503469321,0.000255,0.000424495498928,-4.98295802726e-05
1.20045,0.00241835544801,0.000269,0.000424709871713,-5.04522457208e-05
1.20091,0.0024185042597,0.00027,0.000424796320008,-5.06463436144e-05
1.20136,0.00242033589884,0.000274,0.000424864749519,-5.07603155222e-05
1.20182,0.00242162947217,0.000271,0.000424916966856,-5.08188352852e-05
1.20227,0.00242466078354,0.000239,0.000425237374988,-5.0778795913e-05
1.20318,0.00242742983231,0.000227,0.000425473073051,-5.06093762417e-05
1.20363,0.00243021436247,0.000289,0.000425895661059,-4.99282528602e-05
1.20409,0.00243156290507,0.000289,0.000425895661059,-4.99282528602e-05
1.20454,0.00243402359469,0.00032,0.000426273044162,-4.88854048222e-05
1.20544,0.00243797211996,0.000306,0.000426450871981,-4.82367922477e-05
1.2059,0.00244070146569,0.00029,0.000426625056786,-4.75381705332e-05
1.20635,0.00244189871335,0.00027,0.000426980454115,-4.61545757942e-05
1.20726,0.00244368013319,0.000259,0.000427158074719,-4.55409396808e-05
1.20771,0.00244494145883,0.000236,0.000427498817074,-4.44426543069e-05
1.20861,0.00244582174014,0.000229,0.0004276727012,-4.39426509345e-05
1.20907,0.00244610046473,0.000219,0.000427848327306,-4.34516596315e-05
1.20952,0.00244604807904,0.000208,0.000428025693857,-4.29417034769e-05
1.20998,0.00244652161683,0.000185,0.000428378481013,-4.18211442961e-05
1.21089,0.00244534002122,0.000195,0.00042855569246,-4.12135179347e-05
1.21134,0.00244497061231,0.000195,0.000428731062846,-4.06054293594e-05
1.21179,0.00244373261791,0.000193,0.000428909959888,-4.00031219451e-05
1.21224,0.00244439455225,0.000199,0.000429090592269,-3.93816147507e-05
1.2127,0.00244335499075,0.000207,0.000429276533671,-3.87346097892e-05
1.21315,0.00244356960233,0.000222,0.000429469566233,-3.80401388626e-05
1.2136,0.0024428657803,0.000236,0.00042966611021,-3.73012116012e-05
1.21406,0.00244266125937,0.000276,0.000430059006758,-3.56267132065e-05
1.21497,0.00244316701454,0.000292,0.000430246435655,-3.4709589261e-05
1.21542,0.00244337953511,0.000304,0.00043042310115,-3.37536605766e-05
1.21588,0.00244213268019,0.000312,0.000430587228898,-3.27808419476e-05
1.21633,0.00244170602795,0.00033,0.000430865430697,-3.0841138735e-05
1.21723,0.00244172162239,0.000336,0.000430986658097,-2.98805959013e-05
1.21769,0.00244134991838,0.000344,0.000431205875331,-3.00610211022e-05
1.21814,0.00244020917403,0.000344,0.000431205875331,-3.00610211022e-05
1.2186,0.00244000506566,0.000351,0.000431382260736,-3.10118850231e-05
1.2195,0.00243690619996,0.000362,0.000431455294165,-3.15263360246e-05
1.21996,0.00243585640191,0.000361,0.000431517632791,-3.19994666102e-05
1.22041,0.00243433007413,0.000347,0.000431636948797,-3.27086408283e-05
1.22132,0.00242964707729,0.000342,0.000431699268685,-3.29606409395e-05
1.22177,0.00242801095979,0.000342,0.000431765142721,-3.31653328526e-05
1.22222,0.00242548431369,0.000343,0.00043183456974,-3.33542329577e-05
1.22268,0.00242305223375,0.000348,0.000431907548517,-3.35683318216e-05
1.22313,0.00242007265362,0.000337,0.000432042802934,-3.41377608573e-05
1.22404,0.00241383868417,0.000312,0.000432176248,-3.48607625662e-05
1.22495,0.00240718975889,0.000308,0.000432247406647,-3.52471441963e-05
1.2254,0.00240247199542,0.000291,0.000432322114204,-3.56239226605e-05
1.22584,0.00239790299996,0.000282,0.000432403926161,-3.59597342744e-05
1.2263,0.00239305016481,0.0003,0.00043257462846,-3.65901780389e-05
1.2272,0.00238295830804,0.000329,0.00043266884968,-3.6897378901e-05
1.22765,0.00237734711513,0.000371,0.000432871464366,-3.75239543251e-05
1.22856,0.00236681832144,0.000373,0.000432974522932,-3.78496539704e-05
1.22901,0.00236075309763,0.000376,0.000433081116725,-3.81845352628e-05
1.22946,0.00235595237872,0.000373,0.000433187691693,-3.85411706805e-05
1.22991,0.00234982689538,0.000372,0.000433409662435,-3.9238340654e-05
1.23082,0.00234103867279,0.000367,0.000433525054954,-3.95414045559e-05
1.23126,0.00233584413031,0.000374,0.000433645749661,-3.97725307901e-05
1.23172,0.00233233130325,0.000374,0.000433904806731,-3.99754920134e-05
1.23263,0.00232509316591,0.000375,0.00043404670863,-3.99192925217e-05
1.23308,0.00232129412914,0.000361,0.000434200989049,-3.97694079076e-05
1.23354,0.00231789778819,0.000353,0.00043449170919,-3.91633380578e-05
1.23399,0.00231533568879,0.000344,0.000434617526261,-3.8750698114e-05
1.2349,0.00230930488513,0.000334,0.000434734459424,-3.830655999e-05
1.23536,0.00230636497343,0.000325,0.000434842513841,-3.78559886832e-05
1.23581,0.00230452803982,0.000326,0.000435039087756,-3.83530381485e-05
1.23673,0.00229930787525,0.00032,0.000435124072833,-3.86001421731e-05
1.23719,0.00229779519594,0.000299,0.000435278077734,-3.90191063403e-05
1.23764,0.00229439409112,0.000312,0.000435352410838,-3.91753800982e-05
1.23856,0.00229078578748,0.000323,0.000435424965258,-3.92816288285e-05
1.23902,0.00228958150592,0.000328,0.000435492203015,-3.93409969763e-05
1.23993,0.00228269306696,0.000312,0.000435587738496,-3.93722416011e-05
1.24039,0.00227967148959,0.000273,0.000435616042394,-3.93659927737e-05
1.24085,0.00227514054946,0.000235,0.000435663802207,-3.92003810684e-05
1.24177,0.00226812920717,0.000243,0.000435699177404,-3.89972255793e-05
1.24223,0.00226442944081,0.000236,0.000435746930623,-3.88065250587e-05
1.24268,0.0022613951372,0.000218,0.000435785837854,-3.87690048545e-05
1.24314,0.00225724547577,0.000188,0.00043581236407,-3.93191250132e-05
1.24359,0.00225281068191,0.000164,0.000435803522128,-3.97096058407e-05
1.24452,0.00224241059244,0.00015,0.000435782300937,-4.00405843364e-05
1.24498,0.00224042937206,0.000142,0.000435750467748,-4.03277377318e-05
1.24544,0.00223686947962,0.00013,0.000435663802207,-4.10607596911e-05
1.24636,0.00222932096999,0.000137,0.000435617811344,-4.14877860021e-05
1.24681,0.00222642049017,0.000158,0.000435568278794,-4.18180294416e-05
1.24727,0.00222205204478,0.000189,0.000435518742169,-4.2020469728e-05
1.24773,0.00221929426001,0.000206,0.000435421426221,-4.27146060062e-05
1.24864,0.00221324573122,0.000288,0.000435370107844,-4.36101771798e-05
1.24908,0.00221060529087,0.000334,0.000435255068009,-4.57052421189e-05
1.24999,0.00220848141937,0.000312,0.000435180722892,-4.65417291743e-05
1.25044,0.00220615530526,0.000275,0.000435095745806,-4.70462947314e-05
1.2509,0.00220630848972,0.000154,0.000434918671706,-4.72102870906e-05
1.2518,0.00220363696285,0.00014,0.000434842513841,-4.69967809679e-05
1.25224,0.00220357528181,0.000142,0.000434741545553,-4.66903460979e-05
1.25313,0.00220250753648,0.000137,0.000434720286915,-4.66996337352e-05
1.25358,0.00220301688839,0.00013,0.000434711428928,-4.66717704986e-05
1.25403,0.00220350534314,0.000138,0.000434709657315,-4.65262466503e-05
1.25493,0.00220596798356,0.000132,0.000434714972139,-4.61266934904e-05
1.25538,0.00220774196276,0.000131,0.000434713200536,-4.58695106991e-05
1.25583,0.00221029985371,0.000133,0.000434688397553,-4.51688089917e-05
1.25672,0.00221496682059,0.00014,0.000434668908778,-4.47716780829e-05
1.25717,0.00221728001595,0.00019,0.000434651191164,-4.43712444348e-05
1.25761,0.00221946138145,0.000302,0.000434622841897,-4.35666656932e-05
1.25851,0.00222392172377,0.000307,0.000434613982478,-4.31252008265e-05
1.25895,0.00222574371296,0.000293,0.000434610438674,-4.26554878524e-05
1.2594,0.00222759802429,0.000261,0.000434615754372,-4.21387956803e-05
1.25985,0.00223037368936,0.00023,0.000434638788524,-4.15906122688e-05
1.26029,0.002231754841,0.000246,0.00043467776739,-4.1026463012e-05
1.26119,0.00223696791924,0.000285,0.000434807088298,-3.98563773529e-05
1.26163,0.00223678294464,0.000277,0.000434959403358,-3.85469743279e-05
1.26252,0.00223815451353,0.00026,0.000435028463779,-3.78335583531e-05
1.26297,0.0022370203908,0.000242,0.000435085122828,-3.70819071598e-05
1.26342,0.00223694540094,0.000241,0.000435134695125,-3.56361302743e-05
1.26432,0.00223496596755,0.000245,0.000435118761617,-3.49483936761e-05
1.26477,0.00223335362143,0.000229,0.000435005444518,-3.37347821062e-05
1.26567,0.00222438036783,0.000238,0.000434916900703,-3.31430318256e-05
1.26612,0.00222252112326,0.000227,0.000434815944879,-3.25161826572e-05
1.26658,0.00222042614744,0.000262,0.000434594491297,-3.12010468965e-05
1.26748,0.00221450940222,0.000309,0.000434489936931,-3.05000245351e-05
1.26838,0.00220776933038,0.000289,0.000434323321316,-2.89600540681e-05
1.26883,0.0022035201583,0.000281,0.000434270136424,-2.81461912091e-05
1.26929,0.00219929294733,0.000257,0.000434225812096,-2.73315056424e-05
1.26974,0.00219705765626,0.00026,0.000434177938162,-2.6563616616e-05
1.27019,0.00219481622766,0.000228,0.000434057349926,-2.51083355981e-05
1.27109,0.00219298241052,0.00021,0.000433977535625,-2.44401888235e-05
1.27153,0.00219288935461,0.000196,0.000433890614704,-2.38957179149e-05
1.27198,0.00219329902392,0.000221,0.000433794809787,-2.34911072297e-05
1.27243,0.00219358689308,0.000228,0.000433606704016,-2.27961060886e-05
1.27287,0.00219517461188,0.000227,0.000433525054953,-2.23303123681e-05
1.27377,0.00220024150627,0.000245,0.000433461147978,-2.18227385479e-05
1.27421,0.00220334901461,0.000243,0.000433400785172,-2.10751635213e-05
1.27509,0.00220731023537,0.000231,0.000433399009704,-2.08258183247e-05
1.27553,0.00221012784139,0.000207,0.000433413213302,-2.05955853456e-05
1.27599,0.00221230231451,0.000194,0.000433441619496,-2.03460923874e-05
1.27687,0.00221537038425,0.000242,0.000433519729631,-1.99589062747e-05
1.27732,0.00221780411223,0.000267,0.000433567655843,-1.98340712992e-05
1.27821,0.00222077948973,0.000287,0.000433695440463,-1.96579892741e-05
1.27866,0.00222299222257,0.000291,0.000433784163857,-1.95459171474e-05
1.2791,0.00222387818856,0.000291,0.000434005915254,-1.92416432118e-05
1.27999,0.0022283229143,0.000293,0.000434121193761,-1.90686365595e-05
1.28043,0.0022312126002,0.000336,0.000434333957731,-1.88058521155e-05
1.28131,0.00223740353348,0.000352,0.000434434994318,-1.87577725713e-05
1.28176,0.002242221324,0.00039,0.000434539558213,-1.87802100468e-05
1.28219,0.00224711317545,0.000447,0.000434792917498,-1.91134936825e-05
1.28308,0.00225852599638,0.000478,0.000434948777975,-1.94402349416e-05
1.28352,0.00226301945404,0.000483,0.000435124072834,-1.98276689869e-05
1.28395,0.00226919176584,0.000476,0.000435513434432,-2.07650687582e-05
1.28481,0.00228208769686,0.000487,0.000435739856312,-2.1282892529e-05
1.28524,0.00228826810016,0.000449,0.000435973264734,-2.18035785822e-05
1.28566,0.00229394606699,0.000421,0.000436222487446,-2.23047816703e-05
1.28611,0.0023010759967,0.000415,0.000436485738358,-2.28471356673e-05
1.28653,0.00230689010592,0.000366,0.000436740045961,-2.334131805e-05
1.28696,0.00231185454208,0.000348,0.000437255395486,-2.42173503529e-05
1.28783,0.00232132246374,0.000317,0.000437502324343,-2.45611325408e-05
1.28825,0.00232567873624,0.000313,0.000437953589285,-2.5095614156e-05
1.28909,0.00233129338481,0.000324,0.000438156195728,-2.53277489303e-05
1.28953,0.0023342716599,0.000352,0.000438346407426,-2.55534598377e-05
1.28996,0.00233500142618,0.000355,0.00043850839213,-2.57695745125e-05
1.29041,0.00233639521256,0.000366,0.000438654493036,-2.59697467744e-05
1.29083,0.00233671229353,0.000328,0.000438874457484,-2.63604162403e-05
1.29168,0.00233302499489,0.000321,0.000438965938971,-2.65572673789e-05
1.2921,0.00232873924686,0.000309,0.000439046853287,-2.67889821622e-05
1.29255,0.00232536294497,0.000348,0.000439138308518,-2.74171338896e-05
1.2934,0.00231514228614,0.000351,0.000439136549895,-2.77151761225e-05
1.29385,0.00230938047608,0.000355,0.000439080271237,-2.80384590434e-05
1.29427,0.00230232249076,0.000347,0.000438881495016,-2.86656382947e-05
1.29514,0.00228803884714,0.000337,0.000438770644303,-2.90644983213e-05
1.29556,0.00227702860391,0.000335,0.000438679133061,-2.94821399461e-05
1.29601,0.00227102695826,0.000364,0.000438557683155,-3.04084044236e-05
1.29687,0.00225654509603,0.000375,0.000438538319306,-3.0831665293e-05
1.2973,0.00225109692538,0.000359,0.000438538319306,-3.1245235045e-05
1.29772,0.00224589811727,0.000356,0.000438561203787,-3.16306968077e-05
1.29816,0.00224085363227,0.000385,0.000438596408979,-3.28443582054e-05
1.29857,0.00223802783659,0.000393,0.000438643932716,-3.40813508734e-05
1.29901,0.00223468970853,0.000429,0.000438737209119,-3.67659514564e-05
1.29983,0.00223154785242,0.000434,0.000438768884602,-3.81252295406e-05
1.30025,0.00223008590486,0.000428,0.000438784721717,-3.94634603373e-05
1.30068,0.00222999391136,0.000415,0.000438784721717,-4.07589105483e-05
1.3011,0.0022308869022,0.000394,0.000438767124896,-4.19868687991e-05
1.30155,0.00223087999478,0.000392,0.00043866505317,-4.44774969354e-05
1.30197,0.00223118566378,0.000392,0.00043866505317,-4.44774969354e-05
1.30242,0.0022338556067,0.000389,0.000438596408979,-4.56842543247e-05
1.30285,0.00223591556433,0.000353,0.00043846261827,-4.79037581839e-05
1.30369,0.0022436532292,0.000355,0.000438400994106,-4.90003899952e-05
1.30454,0.00225327205215,0.000355,0.00043828477134,-5.12014415671e-05
1.30496,0.00225799932994,0.000349,0.000438235457919,-5.22749900766e-05
1.30581,0.00226863307568,0.00032,0.000438147388172,-5.42922229614e-05
1.30623,0.00227396594226,0.000299,0.000438099825141,-5.52085672705e-05
1.30666,0.00228053825844,0.000264,0.000437992354061,-5.68669358031e-05
1.30751,0.00229272872016,0.000251,0.00043792715732,-5.76337504149e-05
1.30793,0.00229885589499,0.000275,0.00043778087944,-5.90127560464e-05
1.30878,0.00231176236593,0.000302,0.000437689217327,-5.960084726e-05
1.3092,0.00231729096651,0.000301,0.000437579909615,-6.01184927719e-05
1.30963,0.00232366720308,0.000294,0.000437452946682,-6.05719150641e-05
1.31006,0.00233054763941,0.000286,0.000437146008873,-6.12530805249e-05
1.31091,0.00234413081259,0.00029,0.000436964241964,-6.14688630374e-05
1.31133,0.002349961651,0.000296,0.000436768295727,-6.16329398268e-05
1.31176,0.00235563186993,0.000302,0.00043656168869,-6.17605315277e-05
1.31218,0.00236315474594,0.000309,0.000436346176713,-6.1851655828e-05
1.31303,0.00237645744884,0.000309,0.000435890167564,-6.19275847071e-05
1.31346,0.00238209385029,0.00029,0.000435644344964,-6.1948843484e-05
1.31388,0.00238927388387,0.000281,0.000435108139046,-6.20612017904e-05
1.31473,0.00240318692661,0.000331,0.000434525381122,-6.23314035483e-05
1.31558,0.00241861768819,0.000356,0.000434227585133,-6.25044055067e-05
1.31601,0.00242131871568,0.000338,0.000433631551538,-6.28108596763e-05
1.31686,0.00243148875818,0.000333,0.000433331538047,-6.2929161602e-05
1.31728,0.00243739648697,0.000323,0.000433026045616,-6.30413803581e-05
1.31813,0.00244269786407,0.000299,0.000432533735435,-6.33021514536e-05
1.31856,0.00244901032697,0.000321,0.00043235946452,-6.34264422005e-05
1.31898,0.00245415794269,0.000322,0.000432176248004,-6.35204051225e-05
1.31941,0.0024592084729,0.000342,0.000431768703278,-6.36931464294e-05
1.32025,0.00246757968582,0.000367,0.000431539004557,-6.37779879437e-05
1.32068,0.00247184971346,0.000366,0.000431293183635,-6.38416130861e-05
1.3211,0.00247479834081,0.000411,0.000430763794882,-6.40203419539e-05
1.32194,0.00247874009486,0.00043,0.000430480194117,-6.41414910136e-05
1.32279,0.00248218687404,0.000371,0.000429871519778,-6.43685953049e-05
1.32321,0.00248368845383,0.000414,0.000429201448828,-6.4601687621e-05
1.32363,0.00248482991208,0.000443,0.000428843774144,-6.47620877189e-05
1.32448,0.00248752192171,0.00045,0.000428471568238,-6.49285061198e-05
1.3249,0.00248930474254,0.000447,0.000428088386787,-6.50404405339e-05
1.32532,0.00249003822843,0.000427,0.00042729618812,-6.50434655675e-05
1.32616,0.0024920457628,0.000404,0.000426881753521,-6.50403156103e-05
1.32658,0.00249348285457,0.000328,0.00042601968425,-6.50947643376e-05
1.32743,0.00249483590005,0.000283,0.000425575600143,-6.50856898111e-05
1.32785,0.00249485981325,0.000247,0.000424684655313,-6.4964686132e-05
1.32869,0.00249512343925,0.000241,0.000424250408836,-6.4858792659e-05
1.32911,0.0024946171564,0.000235,0.00042341888965,-6.44925940656e-05
1.32995,0.0024929684861,0.000229,0.000423028892678,-6.42594699299e-05
1.33037,0.00249204449743,0.000223,0.000422654910876,-6.40505078654e-05
1.33079,0.00248988280252,0.000207,0.00042229697401,-6.38808747182e-05
1.33121,0.00248816906343,0.000201,0.00042161486549,-6.35869594472e-05
1.33206,0.00248289057123,0.000209,0.000421287109438,-6.34293514833e-05
1.33248,0.00248094742609,0.000219,0.000420643760616,-6.31504294082e-05
1.33332,0.00247548557701,0.000214,0.000420326366817,-6.30594552182e-05
1.33417,0.00247117208136,0.000224,0.00041968200299,-6.29472392591e-05
1.33459,0.0024692224009,0.000233,0.000419347754895,-6.28926419366e-05
1.33501,0.00246739438567,0.000241,0.000418996960896,-6.28259067417e-05
1.33543,0.00246583570061,0.00026,0.000418229236976,-6.26560098489e-05
1.33628,0.00246319720442,0.000266,0.00041780493767,-6.25649785986e-05
1.33713,0.00246151230762,0.000275,0.000416875184589,-6.23555668429e-05
1.33755,0.00246052970933,0.000274,0.000415883714926,-6.21248460591e-05
1.33839,0.00245992797616,0.000277,0.000415377318197,-6.20185703702e-05
1.33882,0.00246046487546,0.00028,0.000414865011043,-6.19274655274e-05
1.33924,0.0024604022204,0.000287,0.000413817107346,-6.17968635723e-05
1.34009,0.00246204599779,0.000292,0.000413281472064,-6.17452242785e-05
1.34051,0.00246243345051,0.000293,0.000412743531836,-6.17026952637e-05
1.34135,0.00246503410095,0.000288,0.000411679114652,-6.16662399982e-05
1.34177,0.00246566711717,0.000282,0.000411160024938,-6.16904249545e-05
1.3422,0.00246845616491,0.000274,0.000410655240758,-6.17542184814e-05
1.34262,0.00246950968752,0.000283,0.000409685039371,-6.19789736218e-05
1.34348,0.00247500416478,0.000309,0.000409201211588,-6.21490160461e-05
1.34435,0.00248018388518,0.000294,0.000408315671682,-6.26376839473e-05
1.34478,0.00247987906053,0.00028,0.000407917781051,-6.29410520242e-05
1.34522,0.00248131227076,0.000321,0.000407147178572,-6.37353232913e-05
1.3461,0.00247912716755,0.000311,0.000406793045315,-6.42230092645e-05
1.34654,0.00247886323644,0.000289,0.000406455409621,-6.47557866791e-05
1.34742,0.00247374292216,0.000231,0.000405794444571,-6.59350902889e-05
1.34787,0.00247060134526,0.000221,0.000405463696353,-6.65331381192e-05
1.34831,0.00246814633436,0.000229,0.000405140209295,-6.71065952847e-05
1.3492,0.00246336751833,0.000262,0.000404846321276,-6.82251417487e-05
1.34965,0.00246119413085,0.000271,0.000404816552663,-6.88152980964e-05
1.35055,0.00245539158855,0.000262,0.000404823994951,-7.00456439162e-05
1.35099,0.00245317361444,0.000259,0.000404851902731,-7.06525858076e-05
1.35144,0.00245036783968,0.000189,0.000404954220468,-7.1751097783e-05
1.35233,0.00244688717028,0.000238,0.000405030482662,-7.22368335519e-05
1.35277,0.00244674612416,0.000255,0.000405216448522,-7.3030752973e-05
1.35366,0.00244501481035,0.000224,0.000405328001156,-7.3348095643e-05
1.3541,0.00244226314458,0.000196,0.000405461837715,-7.36353894262e-05
1.35455,0.00244022979058,0.000209,0.000405629092617,-7.39016405966e-05
1.35544,0.00243505009813,0.000233,0.000406100878777,-7.4293373762e-05
1.35588,0.00243147356244,0.000233,0.000406403449256,-7.44518055497e-05
1.35633,0.00242890555351,0.000235,0.000406729984554,-7.46430766764e-05
1.35678,0.00242493569842,0.000261,0.000407410329101,-7.51716741474e-05
1.35723,0.00242228802078,0.000261,0.000407410329101,-7.51716741474e-05
1.35812,0.00241345357142,0.000297,0.000408041802445,-7.56642457472e-05
1.35857,0.00240769358854,0.000288,0.000408336021966,-7.58910229143e-05
1.35901,0.00240461104536,0.000288,0.000408615307914,-7.61177343406e-05
1.35946,0.00239885244389,0.000316,0.000408890770584,-7.63503435283e-05
1.3599,0.00239343194423,0.000307,0.000409145787176,-7.65977875819e-05
1.36035,0.00238728574504,0.000326,0.000409380383023,-7.68838902762e-05
1.3608,0.00238341895853,0.000313,0.000409762564175,-7.76344118801e-05
1.3617,0.00237589799057,0.000317,0.000409906512895,-7.80808088504e-05
1.36215,0.00237184376985,0.000306,0.000410017219759,-7.85239773699e-05
1.3626,0.00236985860678,0.000312,0.000410161108895,-7.9308571483e-05
1.3635,0.00236448949482,0.000312,0.000410216441906,-7.96204068429e-05
1.36395,0.00236159617815,0.000279,0.000410651554676,-8.00627022461e-05
1.36485,0.00235364570894,0.000272,0.000410857941157,-8.02140343535e-05
1.3653,0.00235056015621,0.000271,0.000411069783753,-8.0329739096e-05
1.36621,0.0023475312974,0.000323,0.000411511654909,-8.04156118826e-05
1.36666,0.00234748472281,0.000332,0.000411745349858,-8.03948479569e-05
1.36711,0.00234698925592,0.000337,0.000411984473092,-8.03473854792e-05
1.36801,0.00234632942294,0.000315,0.000412449576869,-8.02138817715e-05
1.36846,0.00234552082351,0.000252,0.000412681078185,-8.00922251603e-05
1.36891,0.00234505548259,0.000209,0.000412905147064,-7.99230612637e-05
1.36936,0.00234491955969,0.000213,0.000413119955952,-7.97033902336e-05
1.36981,0.0023423351774,0.00023,0.000413320009395,-7.95044455271e-05
1.37026,0.0023379160428,0.000228,0.000413503487289,-7.93915886677e-05
1.37071,0.00233502319371,0.000219,0.000413670404479,-7.93767378656e-05
1.37117,0.00233218911428,0.000202,0.000413822608019,-7.94361393779e-05
1.37162,0.00233221234497,0.000203,0.000414086582378,-7.97093281019e-05
1.37252,0.00233185861148,0.000231,0.00041420936504,-7.99230612637e-05
1.37297,0.00233289231485,0.000217,0.000414462183191,-8.06558399574e-05
1.37342,0.00233294957481,0.000217,0.000414462183191,-8.06558399574e-05
1.37387,0.00233219224916,0.00018,0.000414689264186,-8.16130509728e-05
1.37478,0.00232725810526,0.000177,0.0004147533444,-8.2015735704e-05
1.37523,0.00232785583305,0.000167,0.00041472954396,-8.26430352629e-05
1.37614,0.00233074908016,0.000151,0.000414667292284,-8.2938755979e-05
1.37659,0.0023324614208,0.000149,0.000414616021447,-8.3210719866e-05
1.37704,0.0023335150536,0.000145,0.000414603203068,-8.34174269259e-05
1.37749,0.0023340554379,0.000145,0.000414744190494,-8.34912939738e-05
1.3784,0.00232864976774,0.000153,0.000414886975853,-8.33908330723e-05
1.37885,0.00232901672675,0.000164,0.000415060836155,-8.32371619018e-05
1.37931,0.00233021620652,0.000175,0.000415254769412,-8.30864164714e-05
1.37976,0.00233122527149,0.000186,0.000415472413783,-8.30065982474e-05
1.38021,0.00233172383196,0.000195,0.000415706432319,-8.30272926469e-05
1.38066,0.00233374376543,0.000199,0.000415956806203,-8.30982406975e-05
1.38112,0.00233391516283,0.000218,0.00041647732902,-8.29799903541e-05
1.38157,0.00233388962519,0.000258,0.000416731037466,-8.27670944635e-05
1.38247,0.00233533134559,0.000315,0.000416973695985,-8.25896367428e-05
1.38293,0.00233705130693,0.000372,0.000417208964549,-8.25630145963e-05
1.38338,0.00233799702164,0.000432,0.000417442319878,-8.27641371662e-05
1.38384,0.00234013536153,0.000436,0.000417671942056,-8.31514474923e-05
1.3843,0.00233763900884,0.000408,0.000418138210449,-8.40790257638e-05
1.38521,0.0023390710693,0.00039,0.00041836757132,-8.44184674456e-05
1.38567,0.00234011813609,0.000384,0.000418591388176,-8.46397626743e-05
1.38659,0.00234127693778,0.000374,0.000419004233282,-8.50851127979e-05
1.3875,0.00234142581857,0.000336,0.000419369559263,-8.57953752843e-05
1.38796,0.00233776262891,0.00032,0.000419536700224,-8.60339485409e-05
1.38888,0.00233881707756,0.000263,0.000419870844865,-8.59161437417e-05
1.38935,0.00233911805679,0.000216,0.000420054183447,-8.5656910301e-05
1.38981,0.00233874808363,0.000272,0.000420476922757,-8.53003230748e-05
1.39073,0.00233845036114,0.000332,0.000420710845577,-8.50762672654e-05
1.39118,0.00233666222372,0.00033,0.000420950115587,-8.4642712852e-05
1.39165,0.00233235842,0.000303,0.000421194726438,-8.39520660373e-05
1.39211,0.00233273929957,0.000289,0.000421672792971,-8.22612333136e-05
1.39257,0.00233273778528,0.000289,0.000421672792971,-8.22612333136e-05
1.39303,0.0023316278228,0.000253,0.000421895400467,-8.15121923406e-05
1.39395,0.002328133319,0.000196,0.000422275274099,-8.0299767376e-05
1.39441,0.00232418545269,0.000192,0.000422428965124,-7.97448026273e-05
1.39487,0.00232379463572,0.000195,0.000422562735136,-7.91983554447e-05
1.39533,0.00232256703641,0.000184,0.000422794051722,-7.822032946e-05
1.39625,0.00231436911541,0.000172,0.000422900644617,-7.78365135489e-05
1.39671,0.00231184629748,0.000166,0.000423003606465,-7.75120569052e-05
1.39717,0.00231087759537,0.00019,0.000423104745001,-7.71695941207e-05
1.39763,0.00230999995181,0.000187,0.000423202255528,-7.6806121632e-05
1.39809,0.00230943706632,0.000173,0.000423379179167,-7.58638817358e-05
1.39855,0.00230844813787,0.000199,0.000423453182976,-7.52699260187e-05
1.39945,0.00230620157195,0.000188,0.000423516349837,-7.47083874983e-05
1.39991,0.00230487090414,0.000156,0.00042357048764,-7.42510931622e-05
1.40038,0.00230403910108,0.000169,0.000423622816269,-7.38294284039e-05
1.40085,0.00230239975773,0.00016,0.000423727460022,-7.29225288859e-05
1.40178,0.00229906150629,0.000173,0.000423777971253,-7.24462108135e-05
1.40271,0.00229549073918,0.000191,0.000423855533902,-7.14326978073e-05
1.40318,0.00229376132112,0.00034,0.000423864552173,-6.9585218154e-05
1.40367,0.00229236455327,0.00034,0.000423864552173,-6.9585218154e-05
1.40415,0.0022905557444,0.000313,0.000423819459482,-6.86432840655e-05
1.40512,0.00228821732799,0.000242,0.000423630033658,-6.74740772419e-05
1.4056,0.00228756225887,0.000234,0.000423417084682,-6.65809343442e-05
1.40657,0.00228491711015,0.000228,0.000423350297189,-6.6140023915e-05
1.40705,0.00228385658822,0.000189,0.000423332245256,-6.56686409845e-05
1.40801,0.00228158284818,0.000166,0.000423445963489,-6.58650848499e-05
1.40898,0.00228001634465,0.000156,0.000423545223932,-6.60735639332e-05
1.40946,0.00227876839771,0.000179,0.000423658902356,-6.62819878017e-05
1.41043,0.00227700740752,0.000206,0.000423947513988,-6.66624455087e-05
1.41091,0.00227619264678,0.000213,0.00042413684095,-6.68616594724e-05
1.41138,0.00227633632941,0.00022,0.000424354944636,-6.70427193033e-05
1.41185,0.00227454795571,0.000227,0.000424589183733,-6.71935706613e-05
1.41233,0.00227516947353,0.000231,0.000424823332578,-6.72810511921e-05
1.4128,0.00227161627095,0.00023,0.000425222978248,-6.72780347841e-05
1.41327,0.00227012092022,0.000244,0.000425375926151,-6.72599360929e-05
1.41422,0.00226239784466,0.000245,0.000425501854331,-6.73655059194e-05
1.41469,0.00225707738012,0.000247,0.000425604376563,-6.76881600847e-05
1.41516,0.00225166754506,0.000248,0.000425794985926,-6.88329654496e-05
1.41612,0.0022400857304,0.000252,0.000425892065805,-6.93144901774e-05
1.41659,0.0022341296424,0.000262,0.000425998116817,-6.96183007287e-05
1.41707,0.00222726869637,0.000261,0.000426188602607,-7.00213288199e-05
1.41803,0.00221600895964,0.000254,0.000426255078856,-7.02076728693e-05
1.41898,0.00220518558634,0.000235,0.000426292805381,-7.04931142395e-05
1.41945,0.00219990777455,0.000346,0.000426204773176,-7.06763429254e-05
1.4204,0.00219020647431,0.000423,0.000426050236794,-7.07183893748e-05
1.42135,0.00218248823154,0.00037,0.000425967561645,-7.07304022322e-05
1.42229,0.00217523157921,0.00026,0.000425816560574,-7.09315902572e-05
1.42277,0.00217253846254,0.000235,0.000425714074166,-7.10696894845e-05
1.42371,0.00216627861922,0.000233,0.000425667320234,-7.09496045786e-05
1.42465,0.00215984014583,0.00022,0.000425476670784,-7.04841018888e-05
1.42513,0.00215834669102,0.000242,0.000425316550951,-7.02557544757e-05
1.42559,0.00215536668567,0.000278,0.000424898961385,-6.97988602592e-05
1.42653,0.00215099511739,0.000283,0.000424675649198,-6.94951189662e-05
1.42747,0.00214700793391,0.000279,0.000424259421248,-6.86434156063e-05
1.42794,0.00214254685221,0.000279,0.000423906034496,-6.75405485221e-05
1.42887,0.00213619893549,0.000286,0.000423732872141,-6.69493053611e-05
1.42934,0.00213341069209,0.000297,0.000423556051364,-6.63606373649e-05
1.42981,0.00212917928684,0.000323,0.000423193227432,-6.52999239532e-05
1.43074,0.00212144908844,0.000329,0.000423009025027,-6.48552685921e-05
1.43121,0.00211658252882,0.000318,0.000422828380286,-6.44830170118e-05
1.43215,0.00210782581649,0.000313,0.000422497661505,-6.38712951217e-05
1.43261,0.00210497660695,0.000316,0.000422358452882,-6.35501024697e-05
1.43355,0.00209957124737,0.000319,0.00042211250013,-6.27404801428e-05
1.43402,0.00209712592828,0.000326,0.00042198767728,-6.22306284742e-05
1.43448,0.00209501997313,0.000322,0.000421861019256,-6.16475370866e-05
1.43542,0.00209300636766,0.000287,0.000421604003471,-6.02944428819e-05
1.43589,0.00209349341309,0.000289,0.000421489940605,-5.9557628556e-05
1.43683,0.00209248937926,0.000257,0.000421325145424,-5.81338148399e-05
1.4373,0.00209172002135,0.000231,0.000421278052898,-5.74682865166e-05
1.43776,0.0020922414321,0.000228,0.000421243636828,-5.62089685423e-05
1.4387,0.00209368209396,0.00026,0.000421256316659,-5.56673351804e-05
1.43917,0.00209489402994,0.000272,0.000421288920727,-5.52172224058e-05
1.44011,0.00209763753189,0.000237,0.000421388533461,-5.4552302582e-05
1.44058,0.00209898938989,0.000222,0.000421435617448,-5.42824986367e-05
1.44105,0.00210021504692,0.000229,0.000421498993994,-5.35953104142e-05
1.442,0.00210151220454,0.000239,0.000421513479136,-5.31348066726e-05
1.44294,0.00210286960144,0.000238,0.000421489940605,-5.22222200708e-05
1.44388,0.00210249307227,0.000231,0.000421399399319,-5.14778545567e-05
1.44435,0.00210140006427,0.000229,0.000421336012413,-5.10992524386e-05
1.44482,0.00210099149199,0.000246,0.000421183856929,-5.02613773395e-05
1.44577,0.00209983595292,0.000262,0.000421102329432,-4.99037794024e-05
1.44624,0.00210072172715,0.0003,0.000420970050515,-4.9357824148e-05
1.44719,0.0020996056298,0.000312,0.000420926555285,-4.91819282344e-05
1.44766,0.00209897309638,0.000325,0.00042089211936,-4.90769893408e-05
1.44861,0.0020982957779,0.000364,0.000420835930252,-4.89566012073e-05
1.44908,0.00209894182449,0.0004,0.000420767046215,-4.88022307906e-05
1.45002,0.00209907374492,0.000418,0.000420730788332,-4.86756246943e-05
1.45096,0.00209980923629,0.000439,0.000420692715234,-4.83389397554e-05
1.45189,0.00210193441713,0.000409,0.000420680023673,-4.80731978637e-05
