x,y,z
-0.0007106748525984585,-0.003856617258861661,0.004149811342358589
-0.0007106759585440159,-0.0038568165618926287,0.004149799235165119
-0.0007098140777088702,-0.0037509885150939226,0.004149955231696367
-0.0007108363788574934,-0.0038986417930573225,0.004149999935179949
-0.0006676174234598875,-0.0037497219163924456,0.004149999935179949
-0.0006034757243469357,-0.0037981239147484303,0.004149999935179949
0.0007108437712304294,-0.0038569127209484577,0.004149803426116705
0.000604201341047883,-0.0037985206581652164,0.004149999935179949
0.0007108426070772111,-0.0038567178416997194,0.004149815533310175
0.0007112211897037923,-0.0039419145323336124,0.004149999935179949
0.0006438574637286365,-0.0037490599788725376,0.004149999935179949
0.0007099208887666464,-0.0037510518450289965,0.00414991844445467
-0.0007096592453308403,-0.0037055497523397207,0.004149999935179949
-0.0007237842655740678,-0.003751336596906185,0.004149999935179949
0.0007096777553670108,-0.00368492747657001,0.004149999935179949
0.0007312169182114303,-0.0037515845615416765,0.004149999935179949
-0.0019248909084126353,-0.003444164991378784,0.004149858374148607
-0.0019248913740739226,-0.003444024594500661,0.004149862099438906
-0.0018068089848384261,-0.003342283656820655,0.004149999935179949
-0.0019249696051701903,-0.0033429928589612246,0.004149927757680416
-0.001777463243342936,-0.0033699250780045986,0.004149999935179949
-0.0019245032453909516,-0.0035171746276319027,0.004149999935179949
-0.002131400164216757,-0.0033488026820123196,0.004149880725890398
-0.0020275888964533806,-0.003345214296132326,0.004149896092712879
-0.0020276964642107487,-0.0033452161587774754,0.004149893764406443
-0.002131278160959482,-0.0033489218913018703,0.004149882588535547
-0.0019246272277086973,-0.0031398646533489227,0.004149988293647766
-0.0021305398549884558,-0.0032459653448313475,0.004149768501520157
-0.0019246271112933755,-0.0031398406717926264,0.004149977117776871
-0.0021305419504642487,-0.0032462056260555983,0.004149758256971836
-0.0021314010955393314,-0.0033489263150840998,0.004149877466261387
-0.002129199681803584,-0.003142816945910454,0.0041498891077935696
-0.0019246510928496718,-0.0031398411374539137,0.004149988293647766
-0.001736733946017921,-0.003138445783406496,0.004149999935179949
-0.0018875778187066317,-0.003176682163029909,0.004149999935179949
-0.0009108131052926183,-0.0031372494995594025,0.00414998410269618
-0.0009725311538204551,-0.0031373745296150446,0.004149999935179949
-0.0009108718950301409,-0.003161461791023612,0.004149999935179949
-0.0007715875981375575,-0.0031369482167065144,0.004149999935179949
0.002130466513335705,-0.0032460626680403948,0.004149847663938999
0.002001710468903184,-0.003179691033437848,0.004149999935179949
0.0021291603334248066,-0.003142824163660407,0.004149956628680229
0.002130467677488923,-0.0032462209928780794,0.0041498406790196896
0.0020632571540772915,-0.003141867695376277,0.004149999935179949
0.0021312255412340164,-0.0033398813102394342,0.004149999935179949
-0.0025484911166131496,-0.003057482885196805,0.0041497317142784595
-0.0024401526898145676,-0.0031514230649918318,0.004149938467890024
-0.002547481330111623,-0.0031585972756147385,0.004149905871599913
-0.0025475837755948305,-0.0031586040277034044,0.004149903077632189
-0.002368375426158309,-0.0031484137289226055,0.004149999935179949
-0.0025484978687018156,-0.003057766007259488,0.00414972472935915
-0.002340904902666807,-0.002944221254438162,0.004149999935179949
-0.0025475849397480488,-0.003158507402986288,0.004149904940277338
-0.0023388739209622145,-0.0029459313955157995,0.004149999935179949
-0.0025444284547120333,-0.002951536327600479,0.00414983369410038
-0.0023427263367921114,-0.002958726603537798,0.004149999935179949
-0.0024400874972343445,-0.0031514205038547516,0.004149938467890024
-0.0023453340400010347,-0.0029541715048253536,0.004149999935179949
-0.0022320919670164585,-0.00314501766115427,0.004149982240051031
-0.002128640189766884,-0.002939129015430808,0.004149983171373606
-0.002232074039056897,-0.0031450174283236265,0.004149982705712318
-0.0022714880760759115,-0.0031457836739718914,0.004149999935179949
-0.002128640189766884,-0.0029391467105597258,0.004149991553276777
-0.002262585796415806,-0.0029422990046441555,0.004149999935179949
-0.0021286574192345142,-0.0029391294810920954,0.004149983171373606
-0.0023135431110858917,-0.002986377105116844,0.004149999935179949
-0.001924042822793126,-0.0029364563524723053,0.004149937070906162
-0.0019240425899624825,-0.002936391858384013,0.004149937070906162
-0.00192410743329674,-0.002936392789706588,0.004149937070906162
-0.001721077598631382,-0.003131340956315398,0.004149999935179949
-0.001720643718726933,-0.002935070777311921,0.004149946384131908
-0.0015181145863607526,-0.0030445645097643137,0.004149999935179949
-0.0015178833855316043,-0.0029345673974603415,0.004149971529841423
-0.0013665147125720978,-0.002934438642114401,0.004149999935179949
-0.0011129829799756408,-0.0029342833440750837,0.004149986431002617
-0.0012312289327383041,-0.002934348536655307,0.004149999935179949
-0.0011130752973258495,-0.0029898243956267834,0.004149999935179949
-0.0009105874341912568,-0.0029341308400034904,0.004149930085986853
-0.0007083232048898935,-0.0031203823164105415,0.004149999935179949
-0.0007082066731527448,-0.002933977171778679,0.004149917513132095
-0.0005058942479081452,-0.0031149908900260925,0.004149999935179949
-0.0005058440729044378,-0.002933862851932645,0.004149903543293476
-0.0003035150875803083,-0.003088457277044654,0.004149999935179949
-0.00030349951703101397,-0.0029338228050619364,0.00414993055164814
-0.00011038549564545974,-0.002933826530352235,0.004149999935179949
0.002128871390596032,-0.0030320158693939447,0.004149999935179949
0.0022290321066975594,-0.003144953167065978,0.004149999935179949
0.0025484825018793344,-0.003057642374187708,0.0041498723439872265
0.002548485528677702,-0.00305777695029974,0.004149869084358215
0.002337157726287842,-0.0029450079891830683,0.004149999935179949
0.002338998718187213,-0.0029441469814628363,0.004149999935179949
0.002544455463066697,-0.0029515279456973076,0.00414993753656745
0.0025477150920778513,-0.0031383202876895666,0.004149999935179949
-0.002742395969107747,-0.002844303846359253,0.004149528220295906
-0.002648556139320135,-0.002955013420432806,0.004149731248617172
-0.0026488355360925198,-0.0029550178442150354,0.00414972472935915
-0.00274763279594481,-0.0029522497206926346,0.004149741493165493
-0.002742394106462598,-0.002843828871846199,0.004149541258811951
-0.0027478912379592657,-0.0029522418044507504,0.004149734508246183
-0.002747876802459359,-0.00295195821672678,0.004149740096181631
-0.002538826782256365,-0.0027564908377826214,0.004149999935179949
-0.0027417249511927366,-0.0027416590601205826,0.004149765707552433
-0.0025438941083848476,-0.0027443496510386467,0.004149999935179949
-0.0025484466459602118,-0.00275168614462018,0.004149999935179949
-0.0025433870032429695,-0.002751222811639309,0.004149999935179949
-0.002548876218497753,-0.0027415864169597626,0.004149999935179949
-0.002127296756953001,-0.0027348489966243505,0.004149994347244501
-0.002141924574971199,-0.0027350711170583963,0.004149999935179949
-0.0019233438652008772,-0.0027329877484589815,0.004149927292019129
-0.0017202722374349833,-0.002732101595029235,0.004149910062551498
-0.001517651486210525,-0.0027317495550960302,0.004149951972067356
-0.0013599410885944963,-0.002731652231886983,0.004149999935179949
-0.0011129218619316816,-0.0028392246458679438,0.004149999935179949
-0.0009105022763833404,-0.0027315160259604454,0.004149960819631815
-0.0010555871995165944,-0.0027315530460327864,0.004149999935179949
-0.000708159408532083,-0.002731469227001071,0.004149911925196648
-0.0005058227689005435,-0.0027314359322190285,0.004149868153035641
-0.0003034916298929602,-0.002731423592194915,0.004149892833083868
-0.00010116558405570686,-0.002916495082899928,0.004149999935179949
-0.00010116364137502387,-0.002731423592194915,0.004149964544922113
-2.6553640054771677e-05,-0.002731423592194915,0.004149999935179949
0.0021272925660014153,-0.002734849229454994,0.00414998410269618
0.002086237771436572,-0.0027344748377799988,0.004149999935179949
0.0021275372710078955,-0.002772241597995162,0.004149999935179949
0.0023351460695266724,-0.0029331061523407698,0.004149999935179949
0.002332480624318123,-0.002737961709499359,0.00414995988830924
0.0025383848696947098,-0.00274159898981452,0.004149989224970341
0.002538383938372135,-0.002741576172411442,0.00414997898042202
0.0023547590244561434,-0.0029246124904602766,0.004149999935179949
0.0025383620522916317,-0.0027415757067501545,0.00414997898042202
0.00233248108997941,-0.002738002920523286,0.004149960353970528
0.00274267909117043,-0.002844142494723201,0.004149624612182379
0.0027426821179687977,-0.0028445320203900337,0.004149613901972771
0.002748137107118964,-0.0029521724209189415,0.004149564076215029
0.002747712191194296,-0.002952185459434986,0.0041495757177472115
0.002648724475875497,-0.0029549908358603716,0.004149793181568384
0.0026489398442208767,-0.0029549940954893827,0.004149788059294224
0.0025384058244526386,-0.002741576172411442,0.004149989224970341
0.002748113591223955,-0.0029517081566154957,0.004149573389440775
0.0027416381053626537,-0.002741621807217598,0.0041498830541968346
-0.0029552646446973085,-0.002648554742336273,0.004149732645601034
-0.0029525344725698233,-0.0027476262766867876,0.004149736370891333
-0.002955269068479538,-0.002648832742124796,0.004149726126343012
-0.002767215482890606,-0.0025391392409801483,0.004149999935179949
-0.0029522376134991646,-0.002747875638306141,0.004149734508246183
-0.0027572507970035076,-0.0025464349891990423,0.004149999935179949
-0.00274618505500257,-0.002547280630096793,0.004149999935179949
-0.002741702599450946,-0.0025551416911184788,0.004149999935179949
-0.002951806178316474,-0.002544533461332321,0.004149847663938999
-0.0028447292279452085,-0.002742566168308258,0.004149525426328182
-0.0027576086577028036,-0.0025542015209794044,0.004149999935179949
-0.002952526556327939,-0.002747889840975404,0.004149729385972023
-0.002844250062480569,-0.002742562908679247,0.004149538930505514
-0.002126069040969014,-0.0025309317279607058,0.004149976652115583
-0.0021921845618635416,-0.002531526144593954,0.004149999935179949
-0.0019227745942771435,-0.002529881661757827,0.004149935208261013
-0.0017200196161866188,-0.0025293948128819466,0.004149911925196648
-0.001517532509751618,-0.0025292057543992996,0.004149951506406069
-0.001376802334561944,-0.0025291605852544308,0.004149999935179949
-0.0009104814380407333,-0.0025767043698579073,0.004149999935179949
-0.000708144623786211,-0.0025290881749242544,0.004149958025664091
-0.0008646462229080498,-0.002529097953811288,0.004149999935179949
-0.0005058161914348602,-0.002529079793021083,0.00414989935234189
-0.0003034891851712018,-0.0025290765333920717,0.004149897024035454
-0.00010116299381479621,-0.002529076300561428,0.004149951506406069
1.6794407201814465e-05,-0.002529076300561428,0.004149999935179949
0.002126067876815796,-0.0025309347547590733,0.004149953834712505
0.0020175769459456205,-0.0025303734000772238,0.004149999935179949
0.00233020493760705,-0.002532779239118099,0.004149884916841984
0.00253532943315804,-0.002535357838496566,0.004149929154664278
0.002741514937952161,-0.0025383851025253534,0.00414999620988965
0.0027415191289037466,-0.002538389293476939,0.0041499980725348
0.0027415191289037466,-0.0025383851025253534,0.00414999620988965
0.0025353305973112583,-0.0025354314129799604,0.004149929620325565
0.002954978495836258,-0.002648829948157072,0.004149823449552059
0.0029549812898039818,-0.0026490134187042713,0.004149819258600473
0.0029521570540964603,-0.002747567603364587,0.004149591084569693
0.002952144481241703,-0.0027479762211441994,0.004149579908698797
0.0029516960494220257,-0.002747952938079834,0.004149588756263256
0.0028438903391361237,-0.0027423754800111055,0.004149623680859804
0.0028442798648029566,-0.0027423773426562548,0.004149612504988909
0.0029516168870031834,-0.0025446603540331125,0.004149959422647953
0.0027415233198553324,-0.002538385335355997,0.0041499980725348
-0.0031588205602020025,-0.0025478042662143707,0.004149938467890024
-0.0030579983722418547,-0.0025486061349511147,0.004149738233536482
-0.0031587621197104454,-0.002547872019931674,0.004149938002228737
-0.0031588252168148756,-0.002547871321439743,0.004149936605244875
-0.0030577294528484344,-0.002548599848523736,0.0041497452184557915
-0.0029457607306540012,-0.002382009057328105,0.004149999935179949
-0.003151188837364316,-0.0024400807451456785,0.004149994347244501
-0.0031509571708738804,-0.002434625755995512,0.004149999935179949
-0.0031511890701949596,-0.00244008656591177,0.004149994347244501
-0.0031285593286156654,-0.0024286366533488035,0.004149999935179949
-0.0030343113467097282,-0.0024246324319392443,0.004149999935179949
-0.0029607173055410385,-0.00236651673913002,0.004149999935179949
-0.0021252422593533993,-0.002327617025002837,0.004149988759309053
-0.0022640374954789877,-0.0023282859474420547,0.004149999935179949
-0.0019224126590415835,-0.0023271022364497185,0.00414994265884161
-0.0017198774730786681,-0.002326875925064087,0.004149907734245062
-0.0015174770960584283,-0.002326791873201728,0.0041499389335513115
-0.001367258606478572,-0.0023267713841050863,0.004149999935179949
-0.0007081420626491308,-0.002398181241005659,0.004149999935179949
-0.0005058144452050328,-0.0023267462383955717,0.004149960353970528
-0.000633966934401542,-0.00232674740254879,0.004149999935179949
-0.0003034885448869318,-0.0023267455399036407,0.004149939864873886
-0.0001011628337437287,-0.0023267455399036407,0.00414996175095439
1.8792929040500894e-05,-0.0023267455399036407,0.004149999935179949
0.0021253146696835756,-0.002345792483538389,0.004149999935179949
0.0023285956121981144,-0.0023286037612706423,0.004149914253503084
0.002135504735633731,-0.0023276687134057283,0.004149999935179949
0.0025327426847070456,-0.002330190734937787,0.004149897489696741
0.002737909322604537,-0.002332465024664998,0.004149989690631628
0.0027871946804225445,-0.002333143725991249,0.004149999935179949
0.0027630780823528767,-0.002516757696866989,0.004149999935179949
0.0027379095554351807,-0.002332475734874606,0.004149989690631628
0.002946202177554369,-0.0023966385051608086,0.004149999935179949
0.0030577441211789846,-0.0025487886741757393,0.004149914253503084
0.0030578344594687223,-0.002548791002482176,0.004149912390857935
0.0029626155737787485,-0.0023702795151621103,0.004149999935179949
0.0031075337901711464,-0.0025483849458396435,0.004149999935179949
-0.0030507927294820547,-0.002128908410668373,0.004149999935179949
-0.0031436688732355833,-0.002173540648072958,0.004149999935179949
-0.0031427594367414713,-0.0021291475277394056,0.004149948712438345
-0.0021247784607112408,-0.00212477776221931,0.004149995744228363
-0.0021451113279908895,-0.0021248238626867533,0.004149999935179949
-0.0019222234841436148,-0.002124556340277195,0.004149925895035267
-0.0017198091372847557,-0.00212446553632617,0.004149901680648327
-0.0015174540458247066,-0.0021244336385279894,0.004149958491325378
-0.001423703390173614,-0.00212442921474576,0.004149999935179949
-0.0005058142705820501,-0.0022266763262450695,0.004149999935179949
-0.00030348842847160995,-0.002153876470401883,0.004149999935179949
-0.00010116279736394063,-0.00213624001480639,0.004149999935179949
0.0017198091372847557,-0.00212446553632617,0.004149978514760733
0.0016202940605580807,-0.002124449936673045,0.004149999935179949
0.0017198586137965322,-0.0022715774830430746,0.004149999935179949
0.0019224097486585379,-0.0023245415650308132,0.004149999935179949
0.0019222231348976493,-0.0021245565731078386,0.004149962682276964
0.0020962683483958244,-0.002124747494235635,0.004149999935179949
0.002327656140550971,-0.0021342779509723186,0.004149999935179949
0.00253091799095273,-0.0021260606590658426,0.00414995476603508
0.002344081411138177,-0.0021253060549497604,0.004149999935179949
0.002734827809035778,-0.0021272851154208183,0.0041499813087284565
0.0028074621222913265,-0.0021277591586112976,0.004149999935179949
0.0031449245288968086,-0.002231927588582039,0.004149972926825285
0.003144924994558096,-0.002231955761089921,0.00414997199550271
0.002969701075926423,-0.0021286928094923496,0.004149999935179949
0.0031428062357008457,-0.002129115629941225,0.004149902146309614
0.003021067474037409,-0.002295649377629161,0.004149999935179949
0.0030190409161150455,-0.0021687508560717106,0.004149999935179949
0.003145468421280384,-0.0022626088466495275,0.004149999935179949
-0.003348912112414837,-0.002131341490894556,0.004149974789470434
-0.0033489384222775698,-0.0021313417237251997,0.00414997385814786
-0.00334525341168046,-0.0020276703871786594,0.004149943590164185
-0.0032461679074913263,-0.002130485139787197,0.004149835556745529
-0.0032308336813002825,-0.0019247636664658785,0.004149999935179949
-0.003348937490954995,-0.002131315413862467,0.004149974789470434
-0.003273710608482361,-0.0020569665357470512,0.004149999935179949
-0.0031627188436686993,-0.001968915341421962,0.004149999935179949
-0.0031411750242114067,-0.002018372993916273,0.004149999935179949
-0.0033430224284529686,-0.001924956333823502,0.004149946384131908
-0.0033452524803578854,-0.0020276133436709642,0.0041499449871480465
-0.0032460044603794813,-0.002130483742803335,0.004149842541664839
-0.003230487462133169,-0.0019700899720191956,0.004149999935179949
-0.002124556340277195,-0.0019222227856516838,0.004149957560002804
-0.002252247417345643,-0.0019223412964493036,0.004149999935179949
-0.0019221395486965775,-0.0019221394322812557,0.004149893298745155
-0.001719781314022839,-0.001922107650898397,0.004149917978793383
-0.0015181981725618243,-0.0019220972899347544,0.004149999935179949
-0.001517445663921535,-0.0019235782092437148,0.004149999935179949
0.001719781314022839,-0.0019221077673137188,0.004149978514760733
0.0016059380723163486,-0.0019221018301323056,0.004149999935179949
0.0019221394322812557,-0.0019221395486965775,0.004149933345615864
0.002124754711985588,-0.0021041452419012785,0.004149999935179949
0.0021245558746159077,-0.0019222231348976493,0.004149945918470621
0.0023274917621165514,-0.002077462850138545,0.004149999935179949
0.0023271003738045692,-0.0019224113784730434,0.004149986896663904
0.002400448312982917,-0.001922541530802846,0.004149999935179949
0.002530226483941078,-0.001990965800359845,0.004149999935179949
0.002733845729380846,-0.0020187264308333397,0.004149999935179949
0.0031399948056787252,-0.001934212283231318,0.004149999935179949
0.0033488816116005182,-0.0021312616299837828,0.004149856977164745
0.0032459942158311605,-0.002130425302311778,0.004149754531681538
0.0033490299247205257,-0.002131262794137001,0.004149853251874447
0.003148880088701844,-0.0019291173666715622,0.004149999935179949
0.003141903318464756,-0.001928552403114736,0.004149999935179949
0.003246249398216605,-0.0021304276306182146,0.004149743355810642
0.003146983915939927,-0.0019316342659294605,0.004149999935179949
0.0033452913630753756,-0.002027511829510331,0.00414989423006773
0.0033490245696157217,-0.002131115412339568,0.004149859305471182
0.0033452934585511684,-0.0020276212599128485,0.004149891901761293
0.003154132980853319,-0.0019246158190071583,0.004149999935179949
0.0033430433832108974,-0.001924935495480895,0.0041499356739223
-0.003444220870733261,-0.0019248874159529805,0.004149865359067917
-0.003342466661706567,-0.0018345873104408383,0.004149999935179949
-0.003444087225943804,-0.0019248878816142678,0.004149868618696928
-0.003376383800059557,-0.001790243899449706,0.004149999935179949
-0.00351508310995996,-0.0019245172152295709,0.004149999935179949
-0.002326875925064087,-0.0017198767745867372,0.004149999003857374
-0.002334162127226591,-0.0017198818968608975,0.004149999935179949
-0.0023268850054591894,-0.0017280173487961292,0.004149999935179949
-0.00212446553632617,-0.001719808904454112,0.004149946384131908
-0.001922107650898397,-0.0017197811976075172,0.004149928223341703
-0.0017197715351358056,-0.0017197714187204838,0.00414997898042202
-0.001640456379391253,-0.0017197702545672655,0.004149999935179949
0.0009104651398956776,-0.0017197674605995417,0.004149984568357468
0.000867668364662677,-0.0017197674605995417,0.004149999935179949
0.0009104651398956776,-0.0017667633946985006,0.004149999935179949
0.0011127908946946263,-0.0018051513470709324,0.004149999935179949
0.0011127907782793045,-0.0017197675770148635,0.004149965010583401
0.001315116765908897,-0.0017805484822019935,0.004149999935179949
0.0013151165330782533,-0.0017197676934301853,0.004149985499680042
0.0014027833240106702,-0.0017197680426761508,0.004149999935179949
0.001719774561934173,-0.0017845906550064683,0.004149999935179949
0.001922107650898397,-0.0017197811976075172,0.0041499570943415165
0.001758744241669774,-0.0017197733977809548,0.004149999935179949
0.0021244653034955263,-0.0017198090208694339,0.0041499328799545765
0.0023268754594027996,-0.001719876891002059,0.004149958025664091
0.0025294607039541006,-0.001747980946674943,0.004149999935179949
0.0025293941143900156,-0.0017200182192027569,0.00414999620988965
0.0026094461791217327,-0.0017201172886416316,0.004149999935179949
0.0029350758995860815,-0.0017206359189003706,0.004149998538196087
0.002894194331020117,-0.0017205619951710105,0.004149999935179949
0.002935396507382393,-0.0017701799515634775,0.004149999935179949
0.002955296542495489,-0.0017206799238920212,0.004149999935179949
0.00334237446077168,-0.0018146607326343656,0.004149999935179949
0.003444091649726033,-0.0019248792668804526,0.004149873740971088
0.00344422017224133,-0.0019248789176344872,0.004149870481342077
0.0033726179972290993,-0.0017827103147283196,0.004149999935179949
0.0035112323239445686,-0.0019245540024712682,0.004149999935179949
-0.002731749089434743,-0.001517650904133916,0.004149999935179949
-0.0027345363050699234,-0.0015176540473476052,0.004149999935179949
-0.002731751184910536,-0.0015188325196504593,0.004149999935179949
-0.002529231831431389,-0.0015455397078767419,0.004149999935179949
-0.0025292057543992996,-0.0015175321605056524,0.004149995278567076
-0.002326791873201728,-0.0015174768632277846,0.004149977117776871
-0.0021244336385279894,-0.0015174539294093847,0.0041499631479382515
-0.0019220972899347544,-0.0015174455475062132,0.004149977583438158
-0.0017632741946727037,-0.0015174434520304203,0.004149999935179949
-0.001719769206829369,-0.0015631269197911024,0.004149999935179949
-0.0013151163002476096,-0.0015174419386312366,0.00414999620988965
-0.0013638853561133146,-0.0015174419386312366,0.004149999935179949
-0.0013151163002476096,-0.0015299866208806634,0.004149999935179949
-0.0012711454182863235,-0.0015174419386312366,0.004149999935179949
0.0007081395597197115,-0.0015174418222159147,0.004149997606873512
0.000701253127772361,-0.0015174418222159147,0.004149999935179949
0.0007081395597197115,-0.001525699975900352,0.004149999935179949
0.0009104651398956776,-0.0015174418222159147,0.0041499026119709015
0.0011127906618639827,-0.0015174418222159147,0.004149867687374353
0.0013151163002476096,-0.0015174419386312366,0.004149903543293476
0.0015174425207078457,-0.0016290334751829505,0.004149999935179949
0.0015174420550465584,-0.0015174420550465584,0.004149977117776871
0.0017197687411680818,-0.0015350367175415158,0.004149999935179949
0.001719768508337438,-0.0015174428699538112,0.004149999003857374
0.0019220972899347544,-0.0015174455475062132,0.004149976652115583
0.0021244336385279894,-0.0015174539294093847,0.004149962682276964
0.002326791873201728,-0.0015174768632277846,0.0041499813087284565
0.0024764728732407093,-0.001517517608590424,0.004149999935179949
0.0025293261278420687,-0.001646725577302277,0.004149999935179949
0.0029350644908845425,-0.0017160660354420543,0.004149999935179949
-0.003549376269802451,-0.0013548264978453517,0.004149999935179949
-0.003549252636730671,-0.0013182032853364944,0.004149958956986666
-0.003467355854809284,-0.0013175917556509376,0.004149999935179949
-0.002731624525040388,-0.001315220375545323,0.004149986431002617
-0.002848892705515027,-0.001315320492722094,0.004149999935179949
-0.00252914079464972,-0.0013151526218280196,0.004149979446083307
-0.0023267643991857767,-0.0013151280581951141,0.004149982705712318
-0.002124423859640956,-0.0013151197927072644,0.004149992018938065
-0.0019220942631363869,-0.0013151172315701842,0.0041499980725348
-0.0017197682755067945,-0.001453310251235962,0.004149999935179949
-0.0017197676934301853,-0.0013151165330782533,0.004149986431002617
-0.0015174420550465584,-0.0014795389724895358,0.004149999935179949
-0.0015174419386312366,-0.0013151163002476096,0.004149947315454483
-0.0013151163002476096,-0.0013151163002476096,0.00414992356672883
-0.0011127906618639827,-0.0014714254066348076,0.004149999935179949
-0.0011127906618639827,-0.0013151163002476096,0.004149952437728643
-0.0009878766722977161,-0.0013151163002476096,0.004149999935179949
0.0007081395597197115,-0.0013151163002476096,0.004149952903389931
0.0005870708846487105,-0.0013151163002476096,0.004149999935179949
0.0009104651398956776,-0.0013151163002476096,0.004149851854890585
0.0011127906618639827,-0.0013151163002476096,0.004149803426116705
0.0013151163002476096,-0.0013151163002476096,0.004149831831455231
0.0015174419386312366,-0.0013151163002476096,0.004149905405938625
0.0017197676934301853,-0.0013151165330782533,0.004149951972067356
0.0019220942631363869,-0.0013151172315701842,0.004149968735873699
0.002124423859640956,-0.0013151197927072644,0.00414999620988965
0.002142000710591674,-0.0013151204911991954,0.004149999935179949
0.002326783025637269,-0.0014525209553539753,0.004149999935179949
0.003549478016793728,-0.001377758220769465,0.004149999935179949
0.0035492635797709227,-0.001318138325586915,0.004149941727519035
0.0034708573948591948,-0.0013175662606954575,0.004149999935179949
-0.0036543947644531727,-0.0013197268126532435,0.004149870481342077
-0.003654531668871641,-0.0013197284424677491,0.004149863496422768
-0.0035692453384399414,-0.001153967808932066,0.004149999935179949
-0.0035493792966008186,-0.0012010711943730712,0.004149999935179949
-0.0037072261329740286,-0.0013204632559791207,0.004149999935179949
-0.0029342833440750837,-0.0011129847262054682,0.004149999935179949
-0.002935005584731698,-0.0011129858903586864,0.004149999935179949
-0.002934285206720233,-0.001116245286539197,0.004149999935179949
-0.002731567481532693,-0.0011128532933071256,0.004149971529841423
-0.00252911658026278,-0.0011128089390695095,0.004149958025664091
-0.002326755551621318,-0.0011127955513074994,0.00414997385814786
-0.002124421065673232,-0.001112791826017201,0.004149997606873512
-0.001922093564644456,-0.0011127910111099482,0.004149998538196087
-0.0017197675770148635,-0.0011127907782793045,0.004149959422647953
-0.0015174418222159147,-0.0011127906618639827,0.004149904008954763
-0.0013151163002476096,-0.0011127906618639827,0.004149887710809708
-0.0011127906618639827,-0.0011127906618639827,0.00414992356672883
-0.0009244096581824124,-0.0011127906618639827,0.004149999935179949
0.0005058139795437455,-0.0011127906618639827,0.00414998410269618
0.00043689500307664275,-0.0011127906618639827,0.004149999935179949
0.0005058139795437455,-0.0011797791812568903,0.004149999935179949
0.0007081395597197115,-0.0011127906618639827,0.00414991332218051
0.0009104651398956776,-0.0011127906618639827,0.00414983369410038
0.0011127906618639827,-0.0011127906618639827,0.004149791784584522
0.0013151163002476096,-0.0011127906618639827,0.004149806220084429
0.0015174418222159147,-0.0011127906618639827,0.004149865824729204
0.0017197675770148635,-0.0011127907782793045,0.004149916581809521
0.001922093564644456,-0.0011127910111099482,0.004149963613599539
0.002060819650068879,-0.0011127915931865573,0.004149999935179949
0.0021244233939796686,-0.0012771593173965812,0.004149999935179949
0.003549333196133375,-0.0012392845237627625,0.004149999935179949
0.003654355648905039,-0.0013196326326578856,0.004149819724261761
0.003654546570032835,-0.001319634960964322,0.004149809014052153
0.0035847455728799105,-0.0011840596562251449,0.004149999935179949
0.0037135640159249306,-0.0013204566203057766,0.004149999935179949
-0.0037564681842923164,-0.0010154059855267406,0.004149968735873699
-0.0037564688827842474,-0.0010154382325708866,0.004149968735873699
-0.0037569585256278515,-0.0010335613042116165,0.004149999935179949
-0.0035470593720674515,-0.0009122831397689879,0.004149903077632189
-0.0036958849523216486,-0.0009129006648436189,0.004149999935179949
-0.003548565087839961,-0.001039136783219874,0.004149999935179949
-0.0035471743904054165,-0.0009121843613684177,0.004149944521486759
-0.003547058207914233,-0.0009121837210841477,0.004149901680648327
-0.0036562695167958736,-0.0010638920357450843,0.004149999935179949
-0.0037549196276813745,-0.0009549242095090449,0.004149999935179949
-0.003341758856549859,-0.0009842850267887115,0.004149999935179949
-0.0033413958735764027,-0.0009113200940191746,0.004149960819631815
-0.0031373982783406973,-0.000983788981102407,0.004149999935179949
-0.003137251129373908,-0.0009108176454901695,0.004149974323809147
-0.0029341313056647778,-0.0009105890057981014,0.004149958956986666
-0.0027315160259604454,-0.0009105027420446277,0.004149924963712692
-0.0025291007477790117,-0.0009104751516133547,0.004149910993874073
-0.0023267511278390884,-0.0009104674682021141,0.004149936139583588
-0.002124419901520014,-0.0009104656055569649,0.004149983171373606
-0.0019220932153984904,-0.0009104651981033385,0.004149999003857374
-0.0017197674605995417,-0.0009104651398956776,0.004149965010583401
-0.0015174418222159147,-0.0009104651398956776,0.004149917978793383
-0.0013151163002476096,-0.0009104651398956776,0.004149914253503084
-0.0011127906618639827,-0.0009104651398956776,0.004149947315454483
-0.000959431694354862,-0.0009104651398956776,0.004149999935179949
0.00030348837026394904,-0.0009104651398956776,0.004149994347244501
0.0002807450364343822,-0.0009104651398956776,0.004149999935179949
0.00030348837026394904,-0.0009408289915882051,0.004149999935179949
0.0005058139795437455,-0.0009104651398956776,0.004149952437728643
0.0007081395597197115,-0.0009104651398956776,0.004149910528212786
0.0009104651398956776,-0.0009104651398956776,0.004149869550019503
0.0011127906618639827,-0.0009104651398956776,0.004149851389229298
0.0013151163002476096,-0.0009104651398956776,0.0041498588398098946
0.0015174418222159147,-0.0009104651398956776,0.004149890039116144
0.0017197674605995417,-0.0009104651398956776,0.004149917978793383
0.0019220932153984904,-0.0009104651981033385,0.0041499510407447815
0.002124419901520014,-0.0009197714389301836,0.004149999935179949
0.002124419901520014,-0.0009104656055569649,0.004149999003857374
0.002127311658114195,-0.0009104656055569649,0.004149999935179949
-0.0037535724695771933,-0.000811383593827486,0.004149766638875008
-0.0037535754963755608,-0.000811623118352145,0.004149759188294411
-0.0035449503920972347,-0.0007091122097335756,0.004149890970438719
-0.003544951556250453,-0.0007092230371199548,0.004149891901761293
-0.0037510355468839407,-0.0007097969064489007,0.0041495924815535545
-0.003753828350454569,-0.0009048511856235564,0.004149999935179949
-0.0035450742579996586,-0.0007091127918101847,0.004149940796196461
-0.0033403283450752497,-0.0007086164550855756,0.004149924963712692
-0.003136813174933195,-0.0007083350792527199,0.004149933345615864
-0.00293397787027061,-0.0007082073716446757,0.004149933811277151
-0.002731469227001071,-0.0007081596413627267,0.004149892367422581
-0.0025290881749242544,-0.0007081446819938719,0.004149873275309801
-0.002326748101040721,-0.0007081406656652689,0.004149901680648327
-0.0021244194358587265,-0.0007081397343426943,0.004149963613599539
-0.0019561147782951593,-0.0007081396179273725,0.004149999935179949
-0.0019220932153984904,-0.0008854094194248319,0.004149999935179949
-0.0017197674605995417,-0.0007081395597197115,0.004149995278567076
-0.0017977539682760835,-0.0007081395597197115,0.004149999935179949
-0.0015174418222159147,-0.0007081395597197115,0.004149967338889837
-0.0013151163002476096,-0.0007081395597197115,0.004149973392486572
-0.0011127906618639827,-0.0007081395597197115,0.0041499994695186615
-0.001110709155909717,-0.0007081395597197115,0.004149999935179949
0.00010116279008798301,-0.0007081395597197115,0.004149994347244501
8.165110921254382e-05,-0.0007081395597197115,0.004149999935179949
0.00010116279008798301,-0.0007309827487915754,0.004149999935179949
0.00030348837026394904,-0.0007081395597197115,0.004149951972067356
0.0005058139795437455,-0.0007081395597197115,0.004149922169744968
0.0007081395597197115,-0.0007081395597197115,0.004149910062551498
0.0009104651398956776,-0.0007081395597197115,0.004149909596890211
0.0011127906618639827,-0.0007081395597197115,0.004149926360696554
0.0013151163002476096,-0.0007081395597197115,0.004149942193180323
0.0015174418222159147,-0.0007081395597197115,0.004149949178099632
0.0017197674605995417,-0.0007081395597197115,0.004149945452809334
0.0019220930989831686,-0.0007081395597197115,0.004149950575083494
0.0021244194358587265,-0.0007081397343426943,0.004149968735873699
0.0022754305973649025,-0.0007081404328346252,0.004149999935179949
0.003136813174933195,-0.0007083371165208519,0.0041499994695186615
0.003136071842163801,-0.0007083366508595645,0.004149999935179949
0.0031368141062557697,-0.0007087701233103871,0.004149999935179949
0.00334068457596004,-0.0007768520736135542,0.004149999935179949
0.003340327413752675,-0.0007086250116117299,0.00414995476603508
0.0035466228146106005,-0.0008717941818758845,0.004149999935179949
0.003544945502653718,-0.0007091407314874232,0.0041498830541968346
0.0035449466668069363,-0.0007092597661539912,0.004149883985519409
0.0037510122638195753,-0.0007098761270754039,0.004149721469730139
0.0035450784489512444,-0.0007091414299793541,0.004149936605244875
0.003752661170437932,-0.0007763738976791501,0.004149999935179949
0.0036073841620236635,-0.0007398399175144732,0.004149999935179949
-0.003856893163174391,-0.0007106322445906699,0.004149368964135647
-0.003856267547234893,-0.0007106288685463369,0.004149408079683781
-0.0039608473889529705,-0.0007110062288120389,0.004149698186665773
-0.003948555327951908,-0.0006080482853576541,0.0041497512720525265
-0.0037448916118592024,-0.0005064518772996962,0.004149890039116144
-0.0039485241286456585,-0.0006077887373976409,0.004149759188294411
-0.0037451228126883507,-0.0005062242271378636,0.004149879794567823
-0.003744882997125387,-0.0005062249838374555,0.0041497936472296715
-0.003960545640438795,-0.0007110052392818034,0.00414971262216568
-0.0038207184989005327,-0.000505999953020364,0.004149999935179949
-0.003945331554859877,-0.0005509211914613843,0.004149999935179949
-0.0035427361726760864,-0.0005061778356321156,0.004149795509874821
-0.0035425296518951654,-0.0005063839489594102,0.004149799235165119
-0.0035425270907580853,-0.0005061777774244547,0.004149796441197395
-0.0033393753692507744,-0.000506015436258167,0.004149844404309988
-0.0031364643946290016,-0.0005059001850895584,0.004149884916841984
-0.002933862851932645,-0.0005058441311120987,0.0041499207727611065
-0.0027314359322190285,-0.0005058228271082044,0.004149886313825846
-0.002529079793021083,-0.0005058161914348602,0.004149868153035641
-0.0023267462383955717,-0.0005058144452050328,0.004149879328906536
-0.002124418970197439,-0.0005058140377514064,0.004149941261857748
-0.001951934420503676,-0.0005058139795437455,0.004149999935179949
-0.0017197674605995417,-0.000679783639498055,0.004149999935179949
-0.0015174418222159147,-0.0006041209562681615,0.004149999935179949
-0.0013151163002476096,-0.0006351029733195901,0.004149999935179949
-0.0011127906618639827,-0.0007065078825689852,0.004149999935179949
0.00010116279008798301,-0.0005058139795437455,0.004149970598518848
-4.888728290097788e-05,-0.0005058139795437455,0.004149999935179949
0.00030348837026394904,-0.0005058139795437455,0.004149941727519035
0.0005058139795437455,-0.0005058139795437455,0.00414992356672883
0.0007081395597197115,-0.0005058139795437455,0.004149919841438532
0.0009104651398956776,-0.0005058139795437455,0.0041499356739223
0.0011127906618639827,-0.0005058139795437455,0.004149973392486572
0.0013151163002476096,-0.0005058139795437455,0.004149988759309053
0.0015174418222159147,-0.0005058139795437455,0.004149978049099445
0.0017197674605995417,-0.0005058139795437455,0.0041499510407447815
0.0019220930989831686,-0.0005058139795437455,0.004149939399212599
0.002124418970197439,-0.0005058140377514064,0.004149936139583588
0.0023267476353794336,-0.0006650477880612016,0.004149999935179949
0.0023267462383955717,-0.0005058144452050328,0.004149960819631815
0.002529081190004945,-0.000540553592145443,0.004149999935179949
0.002529079793021083,-0.0005058162496425211,0.004149989224970341
0.0027314419858157635,-0.0005401187227107584,0.004149999935179949
0.0027314363978803158,-0.000505823059938848,0.004149983637034893
0.002933920593932271,-0.0006060999003238976,0.004149999935179949
0.0029338642489165068,-0.0005058449460193515,0.004149935208261013
0.0031364685855805874,-0.0005059032700955868,0.00414983881637454
0.0033393872436136007,-0.0005060248076915741,0.004149744752794504
0.003542556194588542,-0.0005062010604888201,0.0041496651247143745
0.003542899852618575,-0.0005062011769041419,0.0041496641933918
0.0037449588999152184,-0.0005066110752522945,0.00414983369410038
0.0037449460942298174,-0.0005062682321295142,0.004149688873440027
0.003542560152709484,-0.0005065402365289629,0.00414966931566596
0.0038565699942409992,-0.0007107685669325292,0.004149753134697676
0.0038568307645618916,-0.000710770080331713,0.0041497377678751945
0.00383381312713027,-0.0005506432498805225,0.004149999935179949
0.0038196430541574955,-0.0005060458206571639,0.004149999935179949
0.0037453060504049063,-0.000506267067976296,0.004149819724261761
0.003915830049663782,-0.0007110119331628084,0.004149999935179949
0.003846177365630865,-0.0006023976602591574,0.004149999935179949
-0.003935424145311117,-0.0004087336710654199,0.004149999935179949
-0.003948034718632698,-0.00030385659192688763,0.004149680491536856
-0.003943909890949726,-0.0004027107497677207,0.004149999935179949
-0.003937867470085621,-0.00040139310294762254,0.004149999935179949
-0.00374553888104856,-0.00030361078097485006,0.0041497014462947845
-0.0037455379497259855,-0.00030391168547794223,0.004149706102907658
-0.003948048688471317,-0.00030353059992194176,0.004149679560214281
-0.0037459058221429586,-0.0003036106354556978,0.004149820655584335
-0.0035423163790255785,-0.00030360405799001455,0.004149715881794691
-0.0033391625620424747,-0.00030355711351148784,0.0041497936472296715
-0.003136357292532921,-0.00030351895838975906,0.004149859305471182
-0.002933822339400649,-0.00030349925509653986,0.004149921238422394
-0.002731423359364271,-0.0003034915716852993,0.004149903077632189
-0.002529076300561428,-0.00030348915606737137,0.004149893298745155
-0.0023267455399036407,-0.0003034885448869318,0.004149897024035454
-0.0021244187373667955,-0.0003034883993677795,0.0041499449871480465
-0.001980532892048359,-0.00030348837026394904,0.004149999935179949
-0.00010116279008798301,-0.00030348837026394904,0.004149990156292915
-0.00016098501509986818,-0.00030348837026394904,0.004149999935179949
-0.00010116279008798301,-0.00040343235014006495,0.004149999935179949
0.00010116279008798301,-0.00030348837026394904,0.004149987827986479
0.00030348837026394904,-0.00030348837026394904,0.004149971064180136
0.0005058139795437455,-0.00030348837026394904,0.00414994265884161
0.0007081395597197115,-0.00030348837026394904,0.00414992356672883
0.0009104651398956776,-0.00030348837026394904,0.004149924498051405
0.0011127906618639827,-0.00030348837026394904,0.00414995988830924
0.0013151163002476096,-0.00030348837026394904,0.004149968735873699
0.0015174418222159147,-0.00030348837026394904,0.004149952903389931
0.0017197674605995417,-0.00030348837026394904,0.004149925895035267
0.0019220930989831686,-0.00030348837026394904,0.004149910993874073
0.0021244187373667955,-0.0003034883993677795,0.004149902146309614
0.0023267455399036407,-0.0003034885448869318,0.004149918910115957
0.0025290765333920717,-0.0003034892142750323,0.004149941727519035
0.002731424057856202,-0.0003034917754121125,0.004149904940277338
0.0029338249005377293,-0.00030350007000379264,0.004149834159761667
0.003136365208774805,-0.00030352172325365245,0.004149711225181818
0.003339185379445553,-0.0003035652043763548,0.004149597138166428
0.0035423715598881245,-0.000303623586660251,0.004149488173425198
0.0037456522695720196,-0.00030364838312380016,0.004149500280618668
0.0039482261054217815,-0.0003039571747649461,0.004149634391069412
0.003911960870027542,-0.0003881612792611122,0.004149999935179949
0.0037456504069268703,-0.0003041520540136844,0.004149508196860552
0.003944592084735632,-0.0003908020444214344,0.004149999935179949
0.003746264846995473,-0.00030364817939698696,0.004149700980633497
0.00394824193790555,-0.0003035841218661517,0.004149632062762976
0.0038975279312580824,-0.000428231549449265,0.004149999935179949
-0.00395451532676816,-0.00010164264676859602,0.0041496665216982365
-0.003952206112444401,-0.00020285867503844202,0.004149657674133778
-0.003952221013605595,-0.00020250878878869116,0.004149647429585457
-0.0037479382008314133,-0.00010122330422746018,0.004149787127971649
-0.003747935639694333,-0.00010143919644178823,0.004149788990616798
-0.003954524174332619,-0.00010130132432095706,0.0041496665216982365
-0.003748210845515132,-0.00010122341336682439,0.004149869550019503
-0.0035430213902145624,-0.00010119628859683871,0.004149714019149542
-0.00333933113142848,-0.00010118010686710477,0.004149801097810268
-0.0031363884918391705,-0.00010117018973687664,0.004149877931922674
-0.0029338260646909475,-0.00010116538032889366,0.004149952437728643
-0.002731423359364271,-0.00010116353951161727,0.0041499449871480465
-0.002529076300561428,-0.00010116297198692337,0.004149953369051218
-0.0023267455399036407,-0.00010116282646777108,0.004149965010583401
-0.0021543363109230995,-0.00010116280463989824,0.004149999935179949
-0.0021244187373667955,-0.00012133931159041822,0.004149999935179949
-0.00030348837026394904,-0.00010116279008798301,0.0041499980725348
-0.0003190325805917382,-0.00010116279008798301,0.004149999935179949
-0.00030348837026394904,-0.00011449348676251248,0.004149999935179949
-0.0002694009162951261,-0.00010116279008798301,0.004149999935179949
-0.00010116279008798301,-0.00019288371549919248,0.004149999935179949
0.00010116279008798301,-0.0002383252722211182,0.004149999935179949
0.00030348837026394904,-0.00010116279008798301,0.004149989224970341
0.0002443470584694296,-0.00010116279008798301,0.004149999935179949
0.0005058139795437455,-0.00010116279008798301,0.004149927292019129
0.0007081395597197115,-0.00010116279008798301,0.004149878863245249
0.0009104651398956776,-0.00010116279008798301,0.004149867687374353
0.0011127906618639827,-0.00010116279008798301,0.004149904008954763
0.0013151163002476096,-0.00010116279008798301,0.004149919841438532
0.0015174418222159147,-0.00010116279008798301,0.004149919375777245
0.0017197674605995417,-0.00010116279008798301,0.004149901680648327
0.0019220930989831686,-0.00010116279008798301,0.00414989423006773
0.0021244187373667955,-0.00010116279736394063,0.004149887710809708
0.0023267455399036407,-0.0001011628337437287,0.004149905871599913
0.002529076300561428,-0.00010116300109075382,0.004149931017309427
0.002731424057856202,-0.00010116367047885433,0.004149871412664652
0.002933829091489315,-0.00010116588236996904,0.004149796906858683
0.0031363985035568476,-0.00010117195779457688,0.004149663262069225
0.0033393590711057186,-0.0001011855638353154,0.004149545915424824
0.0035430884454399347,-0.00010121123341377825,0.004149445798248053
0.0037480720784515142,-0.00010126092820428312,0.004149492364376783
0.003952446859329939,-0.00020218788995407522,0.004149600397795439
0.003952419385313988,-0.0002029924071393907,0.004149612504988909
0.003952436149120331,-0.0002025968860834837,0.004149600863456726
0.0037480660248547792,-0.000101774676295463,0.004149497952312231
0.003954743035137653,-0.00010139174992218614,0.004149537067860365
0.0037487209774553776,-0.0001012613793136552,0.004149690270423889
-0.003955948632210493,-3.660866525478923e-07,0.004149642772972584
-0.003954524174332619,0.00010130131704499945,0.004149699117988348
-0.003955948632210493,3.6541027270686754e-07,0.004149643238633871
-0.003955952823162079,-3.605619492211276e-13,0.004149633459746838
-0.003747938433662057,0.00010122327512362972,0.004149825777858496
-0.003747938433662057,0.00010104508692165837,0.004149825777858496
-0.0037481607869267464,0.0001012233697110787,0.004149893764406443
-0.003543021623045206,0.00010119626676896587,0.0041497694328427315
-0.00333933113142848,0.00010118009959114715,0.0041498588398098946
-0.0031363884918391705,0.00010117018246091902,0.0041499268263578415
-0.0029338260646909475,0.00010116538032889366,0.004149992950260639
-0.002731423359364271,0.00010116353951161727,0.004149994347244501
-0.0026915227063000202,0.00010116343037225306,0.004149999935179949
-0.002529076300561428,3.5916185879614204e-05,0.004149999935179949
-0.0023267455399036407,-2.142115044989623e-05,0.004149999935179949
-0.0005058139795437455,0.00010116279008798301,0.004149993881583214
-0.0005415090708993375,0.00010116279008798301,0.004149999935179949
-0.0005058139795437455,5.455266000353731e-05,0.004149999935179949
-0.00039301745709963143,0.00010116279008798301,0.004149999935179949
-0.00030348837026394904,-4.867665484198369e-05,0.004149999935179949
0.00030348837026394904,0.00010116279008798301,0.004149952437728643
0.00017671498062554747,0.00010116279008798301,0.004149999935179949
0.0005058139795437455,0.00010116279008798301,0.004149855580180883
0.0007081395597197115,0.00010116279008798301,0.004149795509874821
0.0009104651398956776,0.00010116279008798301,0.004149791784584522
0.0011127906618639827,0.00010116279008798301,0.0041498406790196896
0.0013151163002476096,0.00010116279008798301,0.004149880260229111
0.0015174418222159147,0.00010116279008798301,0.004149910993874073
0.0017197674605995417,0.00010116279008798301,0.004149917047470808
0.0019220930989831686,0.00010116279008798301,0.004149923101067543
0.0021244187373667955,0.00010116279736394063,0.004149924032390118
0.0023267455399036407,0.00010116282646777108,0.004149934276938438
0.002529076300561428,0.00010116297926288098,0.00414994964376092
0.002731424057856202,0.0001011635540635325,0.0041498830541968346
0.002933829091489315,0.00010116543126059696,0.004149816930294037
0.0031363985035568476,0.0001011703789117746,0.004149700980633497
0.0033393590711057186,0.0001011807908071205,0.004149598069489002
0.0035430884454399347,0.00010119871149072424,0.004149500280618668
0.003748072311282158,0.00010123231913894415,0.0041495333425700665
0.003956186585128307,-5.8787385626146715e-08,0.00414934242144227
0.003954751417040825,0.00010064821981359273,0.004149330779910088
0.0037486727815121412,0.00010123264655703679,0.004149713087826967
0.003748072311282158,0.00010075494355987757,0.004149533808231354
0.003954748157411814,-0.00010090242722071707,0.004149522632360458
0.003954743500798941,0.00010133467003470287,0.004149346612393856
-0.003952220547944307,0.00020250878878869116,0.004149689804762602
-0.003954515792429447,0.0001016092937788926,0.004149699117988348
-0.00395220797508955,0.00020281688193790615,0.004149698186665773
-0.003745541675016284,0.0003034261171706021,0.004149819724261761
-0.003745539579540491,0.00030361066455952823,0.00414982158690691
-0.003948048688471317,0.0003035305708181113,0.004149748012423515
-0.0037457586731761694,0.00030361057724803686,0.004149892833083868
-0.003542316844686866,0.00030360399978235364,0.0041498299688100815
-0.0033391627948731184,0.0003035570844076574,0.004149943590164185
-0.003136357292532921,0.00030351895838975906,0.004149988759309053
-0.0030734227038919926,0.00030351284658536315,0.004149999935179949
-0.002933825133368373,0.00014551696949638426,0.004149999935179949
-0.002731423359364271,0.00012517822324298322,0.004149999935179949
-0.0005058139795437455,0.00030348837026394904,0.004149981774389744
-0.0006978226592764258,0.00030348837026394904,0.004149999935179949
-0.00032791614648886025,0.00030348837026394904,0.004149999935179949
0.00010116279008798301,0.00030348837026394904,0.004149957560002804
-8.173302194336429e-05,0.00030348837026394904,0.004149999935179949
0.00010116279008798301,0.00018209301924798638,0.004149999935179949
0.00030348837026394904,0.00030348837026394904,0.004149853251874447
0.0005058139795437455,0.00030348837026394904,0.004149748012423515
0.0007081395597197115,0.00030348837026394904,0.0041497028432786465
0.0009104651398956776,0.00030348837026394904,0.004149718210101128
0.0011127906618639827,0.00030348837026394904,0.004149782005697489
0.0013151163002476096,0.00030348837026394904,0.004149851389229298
0.0015174418222159147,0.00030348837026394904,0.00414991844445467
0.0017197674605995417,0.00030348837026394904,0.004149954300373793
0.0019220930989831686,0.00030348837026394904,0.004149976186454296
0.0021244187373667955,0.0003034883993677795,0.004149978049099445
0.0023267455399036407,0.0003034885448869318,0.004149965941905975
0.0025290765333920717,0.0003034891851712018,0.004149952903389931
0.002731424057856202,0.0003034916881006211,0.004149910528212786
0.0029338249005377293,0.0003034997789654881,0.004149883985519409
0.0031363654416054487,0.0003035207628272474,0.00414982158690691
0.003339185379445553,0.0003035624686162919,0.004149755463004112
0.0035423720255494118,0.0003036173584405333,0.0041496166959404945
0.0037456529680639505,0.0003036378766410053,0.004149512387812138
0.003952436149120331,0.00020257265714462847,0.004149266052991152
0.0037456590216606855,0.00030313481693156064,0.004149508662521839
0.003954725805670023,0.00010200747783528641,0.004149342887103558
0.003948242403566837,0.00030357512878254056,0.0041493079625070095
0.003952405881136656,0.00020330290135461837,0.004149285145103931
0.0037462590262293816,0.0003036376729141921,0.004149704240262508
-0.0038381703197956085,0.00035070552257820964,0.004149999935179949
-0.0037726128939539194,0.0004920368082821369,0.004149999935179949
-0.0037554954178631306,0.0005061936681158841,0.004149999935179949
-0.003945210948586464,0.00037153056473471224,0.004149999935179949
-0.003948037978261709,0.00030378668452613056,0.00414974894374609
-0.0037449204828590155,0.0005062250420451164,0.0041499813087284565
-0.0037448827642947435,0.0005062251584604383,0.004149967338889837
-0.0037448827642947435,0.0005061913398094475,0.00414996687322855
-0.003542527323588729,0.0005061778938397765,0.004149936605244875
-0.00337733025662601,0.0005060458206571639,0.004149999935179949
-0.003339331829920411,0.0004644441360142082,0.004149999935179949
-0.003136382671073079,0.00035134266363456845,0.004149999935179949
-0.0007081395597197115,0.0005058139795437455,0.004149978514760733
-0.0008201871532946825,0.0005058139795437455,0.004149999935179949
-0.0007081395597197115,0.0003121440240647644,0.004149999935179949
-0.0005058139795437455,0.0005058139795437455,0.004149968735873699
-0.00030348837026394904,0.00032468876452185214,0.004149999935179949
-0.00030348837026394904,0.0005058139795437455,0.00414997898042202
-0.00010116279008798301,0.0003195857279933989,0.004149999935179949
-0.00010116279008798301,0.0005058139795437455,0.00414994778111577
0.00010116279008798301,0.0005058139795437455,0.0041498662903904915
0.00030348837026394904,0.0005058139795437455,0.004149756394326687
0.0005058139795437455,0.0005058139795437455,0.004149670246988535
0.0007081395597197115,0.0005058139795437455,0.004149639513343573
0.0009104651398956776,0.0005058139795437455,0.004149662330746651
0.0011127906618639827,0.0005058139795437455,0.004149726126343012
0.0013151163002476096,0.0005058139795437455,0.004149809014052153
0.0015174418222159147,0.0005058139795437455,0.0041499012149870396
0.0017197674605995417,0.0005058139795437455,0.004149960353970528
0.0018945800838992,0.0005058139795437455,0.004149999935179949
0.0019220930989831686,0.00046416648547165096,0.004149999935179949
0.0021244187373667955,0.00040310947224497795,0.004149999935179949
0.0023267462383955717,0.0005058144452050328,0.0041499980725348
0.0023110168986022472,0.0005058143869973719,0.004149999935179949
0.002529079793021083,0.0005058161914348602,0.004149964544922113
0.0027314363978803158,0.0005058230017311871,0.004149936139583588
0.0029338642489165068,0.0005058448296040297,0.004149953369051218
0.0031364685855805874,0.0005059028626419604,0.004149950109422207
0.0033393872436136007,0.0005060238181613386,0.004149929154664278
0.003542556194588542,0.0005061991396360099,0.004149734973907471
0.0037449458613991737,0.0005062657292000949,0.004149565473198891
0.003944011405110359,0.0004050751740578562,0.004149389453232288
0.003948212135583162,0.0003042829339392483,0.00414930609986186
0.003944020252674818,0.00040445022750645876,0.00414936151355505
0.0037454573903232813,0.0005062640993855894,0.0041497438214719296
0.0037449474912136793,0.0005058141541667283,0.004149559419602156
0.00394291989505291,0.0005056775407865644,0.004149746615439653
-0.003856892231851816,0.000710632128175348,0.00414971774443984
-0.003790234448388219,0.0005288437241688371,0.004149999935179949
-0.0037448841612786055,0.0005062606651335955,0.004149982705712318
-0.003856611903756857,0.0007106306147761643,0.004149734508246183
-0.003808502806350589,0.0005665507051162422,0.004149999935179949
-0.0037510322872549295,0.0007097962661646307,0.0041497983038425446
-0.003946887794882059,0.0007109559956006706,0.004149999935179949
-0.0035871542058885098,0.0007092521991580725,0.004149999935179949
-0.0035434793680906296,0.0005859177326783538,0.004149999935179949
-0.003695171093568206,0.0005566715844906867,0.004149999935179949
-0.0035425922833383083,0.0005061778938397765,0.004149936605244875
-0.0009104651398956776,0.0007081395597197115,0.004149997606873512
-0.0009196838364005089,0.0007081395597197115,0.004149999935179949
-0.0009104651398956776,0.0006823049625381827,0.004149999935179949
-0.0007081395597197115,0.0007081395597197115,0.004149967804551125
-0.0005058139795437455,0.0007081395597197115,0.004149958025664091
-0.00030348837026394904,0.0007081395597197115,0.004149955231696367
-0.00010116279008798301,0.0007081395597197115,0.004149904008954763
0.00010116279008798301,0.0007081395597197115,0.0041498178616166115
0.00030348837026394904,0.0007081395597197115,0.004149727988988161
0.0005058139795437455,0.0007081395597197115,0.004149656742811203
0.0007081395597197115,0.0007081395597197115,0.004149620421230793
0.0009104651398956776,0.0007081395597197115,0.004149619955569506
0.0011127906618639827,0.0007081395597197115,0.004149659536778927
0.0013151163002476096,0.0007081395597197115,0.004149738699197769
0.0015174418222159147,0.0007081395597197115,0.004149843472987413
0.0017197674605995417,0.0007081395597197115,0.004149929620325565
0.0018971741665154696,0.0007081395597197115,0.004149999935179949
0.0023267462383955717,0.0005130580975674093,0.004149999935179949
0.0025290860794484615,0.0006600789492949843,0.004149999935179949
0.002731469227001071,0.0007081596413627267,0.004149985034018755
0.00261458707973361,0.0007081510266289115,0.004149999935179949
0.0028366143815219402,0.0007081845542415977,0.004149999935179949
0.0029339517932385206,0.000661830126773566,0.004149999935179949
0.0031366259790956974,0.00059841712936759,0.004149999935179949
0.0033398123923689127,0.0005976254469715059,0.004149999935179949
0.003544945502653718,0.000709140207618475,0.004149924498051405
0.0034488902892917395,0.0007088981801643968,0.004149999935179949
0.00354503164999187,0.0007091406732797623,0.004149958956986666
0.003744963789358735,0.0005067433230578899,0.004149768501520157
0.0037510155234485865,0.0007098763016983867,0.004149516113102436
0.0037445039488375187,0.0005062656127847731,0.0041495682671666145
0.0035449445713311434,0.0007090616854839027,0.00414992356672883
0.003960750065743923,0.0007111961604095995,0.004149740096181631
0.003948560915887356,0.0006079906597733498,0.004149950109422207
0.003856050316244364,0.0007107655983418226,0.004149260465055704
0.003856831695884466,0.0007107701385393739,0.0041492111049592495
0.003942935261875391,0.0005059379036538303,0.004149748478084803
0.003960492089390755,0.000711195170879364,0.00414975406602025
0.003948554862290621,0.0006079385057091713,0.0041499510407447815
-0.0037529440596699715,0.0007863960927352309,0.004149999935179949
-0.0009104651398956776,0.0009104651398956776,0.00414999620988965
-0.0009374781511723995,0.0009104651398956776,0.004149999935179949
-0.0007081395597197115,0.0009104651398956776,0.004149988293647766
-0.0005058139795437455,0.0009104651398956776,0.004149982705712318
-0.00030348837026394904,0.0009104651398956776,0.004149962216615677
-0.00010116279008798301,0.0009104651398956776,0.004149900749325752
0.00010116279008798301,0.0009104651398956776,0.004149831365793943
0.00030348837026394904,0.0009104651398956776,0.0041497694328427315
0.0005058139795437455,0.0009104651398956776,0.004149709828197956
0.0007081395597197115,0.0009104651398956776,0.004149650223553181
0.0009104651398956776,0.0009104651398956776,0.004149608314037323
0.0011127906618639827,0.0009104651398956776,0.004149616230279207
0.0013151163002476096,0.0009104651398956776,0.004149688873440027
0.0015174418222159147,0.0009104651398956776,0.004149807617068291
0.0017197674605995417,0.0009104651398956776,0.004149910062551498
0.0018975031562149525,0.0009104651981033385,0.004149999935179949
0.0027314794715493917,0.0007527410052716732,0.004149999935179949
0.0035458593629300594,0.0007977649220265448,0.004149999935179949
0.0037535398732870817,0.0008117000106722116,0.004149906802922487
0.0036230687983334064,0.0008751875138841569,0.004149999935179949
0.0037535387091338634,0.0008116066455841064,0.004149909131228924
0.0037536262534558773,0.0008434072369709611,0.004149999935179949
-0.0009104651398956776,0.000950183835811913,0.004149999935179949
-0.0007081395597197115,0.0009583505452610552,0.004149999935179949
-0.0005058139795437455,0.000981397577561438,0.004149999935179949
-0.00030348837026394904,0.0011127906618639827,0.00414999108761549
-0.00034693905035965145,0.0011127906618639827,0.004149999935179949
-0.00010116279008798301,0.0011127906618639827,0.004149922169744968
0.00010116279008798301,0.0011127906618639827,0.004149871412664652
0.00030348837026394904,0.0011127906618639827,0.004149838350713253
0.0005058139795437455,0.0011127906618639827,0.004149794112890959
0.0007081395597197115,0.0011127906618639827,0.004149718675762415
0.0009104651398956776,0.0011127906618639827,0.0041496469639241695
0.0011127906618639827,0.0011127906618639827,0.004149641375988722
0.0013151163002476096,0.0011127906618639827,0.004149721469730139
0.0015174418222159147,0.0011127906618639827,0.004149847198277712
0.0017197675770148635,0.0011127907782793045,0.004149950575083494
0.0018223252845928073,0.0011127908946946263,0.004149999935179949
-0.0013151163002476096,0.0013151163002476096,0.004149998538196087
-0.0013265927555039525,0.0013151163002476096,0.004149999935179949
-0.0013151163002476096,0.0013040017802268267,0.004149999935179949
-0.0012794117210432887,0.0013151163002476096,0.004149999935179949
-0.00030348837026394904,0.0011758481850847602,0.004149999935179949
-0.00010116279008798301,0.0013151163002476096,0.004149943124502897
-0.0002525888558011502,0.0013151163002476096,0.004149999935179949
0.00010116279008798301,0.0013151163002476096,0.004149908199906349
0.00030348837026394904,0.0013151163002476096,0.004149905405938625
0.0005058139795437455,0.0013151163002476096,0.004149885848164558
0.0007081395597197115,0.0013151163002476096,0.004149816930294037
0.0009104651398956776,0.0013151163002476096,0.004149744287133217
0.0011127906618639827,0.0013151163002476096,0.004149746615439653
0.0013151163002476096,0.0013151163002476096,0.004149828106164932
0.0015174419386312366,0.0013151163002476096,0.00414993753656745
0.00168509129434824,0.0013151165330782533,0.004149999935179949
0.0017197676934301853,0.001273118774406612,0.004149999935179949
-0.0013151163002476096,0.0015174419386312366,0.004149986896663904
-0.0013582446845248342,0.0015174419386312366,0.004149999935179949
-0.0011127906618639827,0.0014151870273053646,0.004149999935179949
-0.0011127906618639827,0.0015174418222159147,0.0041499934159219265
-0.0010898951441049576,0.0015174418222159147,0.004149999935179949
-0.00010116279008798301,0.0015174418222159147,0.00414994265884161
-0.0002546339819673449,0.0015174418222159147,0.004149999935179949
0.00010116279008798301,0.0015174418222159147,0.0041499268263578415
0.00030348837026394904,0.0015174418222159147,0.004149951506406069
0.0005058139795437455,0.0015174418222159147,0.0041499570943415165
0.0007081395597197115,0.0015174418222159147,0.0041499086655676365
0.0009104651398956776,0.0015174418222159147,0.00414985790848732
0.0011127906618639827,0.0015174418222159147,0.004149878863245249
0.0013151163002476096,0.0015174419386312366,0.004149950575083494
0.001442563720047474,0.0015174420550465584,0.004149999935179949
0.0015174420550465584,0.0014531860360875726,0.004149999935179949
-0.0013151165330782533,0.0017197676934301853,0.004149994812905788
-0.001326348981820047,0.0017197676934301853,0.004149999935179949
-0.0011127907782793045,0.0017197675770148635,0.00414997385814786
-0.0010034109000116587,0.0017197674605995417,0.004149999935179949
-0.00030348837026394904,0.0017197674605995417,0.004149986431002617
-0.00034229998709633946,0.0017197674605995417,0.004149999935179949
-0.00030348837026394904,0.0016337833367288113,0.004149999935179949
-0.00010116279008798301,0.0017197674605995417,0.0041499147191643715
0.00010116279008798301,0.0017197674605995417,0.004149915650486946
0.00030348837026394904,0.0017197674605995417,0.004149963613599539
0.0005058139795437455,0.0017197674605995417,0.004149989690631628
0.0007081395597197115,0.0017197674605995417,0.004149972461163998
0.0009104651398956776,0.0017197674605995417,0.004149950575083494
0.0011127907782793045,0.0017197675770148635,0.004149983637034893
0.0011803039815276861,0.0017197675770148635,0.004149999935179949
0.0013151164166629314,0.0016390422824770212,0.004149999935179949
-0.003444121917709708,0.0019248882308602333,0.0041499026119709015
-0.0034442213363945484,0.0019248878816142678,0.004149899818003178
-0.003397981636226177,0.0018331111641600728,0.004149999935179949
-0.003497293684631586,0.0019246103474870324,0.004149999935179949
-0.0033427386078983545,0.0018784586573019624,0.004149999935179949
-0.003343024989590049,0.0019249586621299386,0.004149965010583401
-0.0032629002816975117,0.0019248250173404813,0.004149999935179949
-0.001315116765908897,0.0017862058011814952,0.004149999935179949
-0.0011127910111099482,0.001922093564644456,0.004149965010583401
-0.0012681507505476475,0.001922094146721065,0.004149999935179949
-0.0009104651981033385,0.0018300683004781604,0.004149999935179949
-0.0009104651981033385,0.0019220932153984904,0.0041499813087284565
-0.0007891719578765333,0.0019220930989831686,0.004149999935179949
-0.0005058139795437455,0.0019220930989831686,0.004149990156292915
-0.0005948372418060899,0.0019220930989831686,0.004149999935179949
-0.0005058139795437455,0.0018919457215815783,0.004149999935179949
-0.00030348837026394904,0.0019220930989831686,0.004149919841438532
-0.00010116279008798301,0.0019220930989831686,0.0041498588398098946
0.00010116279008798301,0.0019220930989831686,0.004149867687374353
0.00030348837026394904,0.0019220930989831686,0.00414992542937398
0.0005058139795437455,0.0019220930989831686,0.00414997199550271
0.0007081395597197115,0.0019220930989831686,0.004149984568357468
0.0009104651981033385,0.0019220932153984904,0.004149990156292915
0.0009588317479938269,0.0019220933318138123,0.004149999935179949
0.0011127908946946263,0.0017905732383951545,0.004149999935179949
0.0019221394322812557,0.0019221395486965775,0.004149996675550938
0.0018860948039218783,0.001922133844345808,0.004149999935179949
0.0019221371039748192,0.0019070362905040383,0.004149999935179949
0.0019324768800288439,0.0019221438560634851,0.004149999935179949
-0.003245953004807234,0.0021305098198354244,0.004149763844907284
-0.003246198408305645,0.0021305119153112173,0.004149753600358963
-0.0033489468041807413,0.002131348941475153,0.00414987513795495
-0.0033452543430030346,0.0020275816787034273,0.004149911925196648
-0.00334525597281754,0.002027672715485096,0.004149909596890211
-0.003217914840206504,0.0019637858495116234,0.004149999935179949
-0.003142807399854064,0.002129189670085907,0.004149906802922487
-0.003348942380398512,0.0021312234457582235,0.004149880260229111
-0.0031409277580678463,0.0019992718007415533,0.004149999935179949
-0.0033488208428025246,0.0021313480101525784,0.004149878863245249
-0.003159518353641033,0.0019627013243734837,0.004149999935179949
-0.0032059475779533386,0.001989970216527581,0.004149999935179949
-0.002981720957905054,0.002128751715645194,0.004149999935179949
-0.001112791826017201,0.002124421065673232,0.004149958491325378
-0.001253186259418726,0.0021244229283183813,0.004149999935179949
-0.0009104656055569649,0.002124419901520014,0.00414994265884161
-0.0007081396179273725,0.0019558791536837816,0.004149999935179949
-0.0007081397343426943,0.0021244194358587265,0.004149938467890024
-0.0005058140377514064,0.002124418970197439,0.0041498905047774315
-0.0003034883993677795,0.0021244187373667955,0.0041498225182294846
-0.00010116279736394063,0.0021244187373667955,0.004149781074374914
0.00010116279736394063,0.0021244187373667955,0.00414980249479413
0.0003034883993677795,0.0021244187373667955,0.004149868618696928
0.0005058140377514064,0.002124418970197439,0.004149927757680416
0.0007081397343426943,0.0021244194358587265,0.004149965476244688
0.0009104656055569649,0.002124419901520014,0.004149999003857374
0.0009151321137323976,0.002124419901520014,0.004149999935179949
0.0019221465336158872,0.0019392742542549968,0.004149999935179949
0.00324627966620028,0.0021304546389728785,0.004149887710809708
0.0032461679074913263,0.002130453707650304,0.004149892367422581
0.0031915633007884026,0.002024604706093669,0.004149999935179949
0.003325531492009759,0.002131083747372031,0.004149999935179949
0.003147686133161187,0.0021292187739163637,0.004149999935179949
-0.0031449871603399515,0.002232098486274481,0.004149950109422207
-0.0031449864618480206,0.0022320474963635206,0.004149950575083494
-0.0029759753961116076,0.0023188930936157703,0.004149999935179949
-0.003007985185831785,0.0021632404532283545,0.004149999935179949
-0.0031465180218219757,0.0023112951312214136,0.004149999935179949
-0.002328605856746435,0.002328594448044896,0.004149966407567263
-0.0025048337411135435,0.0023299800232052803,0.004149999935179949
-0.0023282936308532953,0.00226413831114769,0.004149999935179949
-0.0022100997157394886,0.0023280219174921513,0.004149999935179949
-0.0011127954348921776,0.002326755551621318,0.004149944055825472
-0.0012487659696489573,0.002326761605218053,0.004149999935179949
-0.0009104674682021141,0.0023267511278390884,0.004149885848164558
-0.0007081406656652689,0.002326748101040721,0.004149843007326126
-0.0005058144452050328,0.0023267462383955717,0.004149776417762041
-0.0003034885448869318,0.0023267455399036407,0.004149720538407564
-0.0001011628337437287,0.0023267455399036407,0.00414970051497221
0.00010116282646777108,0.0023267455399036407,0.004149726592004299
0.0003034885448869318,0.0023267455399036407,0.004149782937020063
0.0005058144452050328,0.0023267462383955717,0.0041498406790196896
0.0007081407238729298,0.002326748101040721,0.004149895627051592
0.0009104674682021141,0.0023267511278390884,0.004149946849793196
0.0010962386149913073,0.0023267550859600306,0.004149999935179949
-0.003057689405977726,0.0025484745856374502,0.00414985092356801
-0.0030578470323234797,0.0025484783109277487,0.0041498467326164246
-0.003151372540742159,0.0024402106646448374,0.004149962682276964
-0.0031513741705566645,0.002440250013023615,0.0041499631479382515
-0.0029859505593776703,0.0023565066512674093,0.004149999935179949
-0.0029506308492273092,0.002347631612792611,0.004149999935179949
-0.0031462281476706266,0.0025477572344243526,0.004149999935179949
-0.0031482484191656113,0.002365537453442812,0.004149999935179949
-0.002944698790088296,0.002353343181312084,0.004149999935179949
-0.0029516364447772503,0.0025443972554057837,0.004149903077632189
-0.0031559437047690153,0.0025083983782678843,0.004149999935179949
-0.0027660741470754147,0.0025390544906258583,0.004149999935179949
-0.002330188173800707,0.002532743150368333,0.004149979911744595
-0.002412814646959305,0.0025337813422083855,0.004149999935179949
-0.0021257612388581038,0.002457159338518977,0.004149999935179949
-0.002126058330759406,0.002530918223783374,0.004149986431002617
-0.002083706669509411,0.0025307012256234884,0.004149999935179949
-0.0011128088226541877,0.00252911658026278,0.004149917978793383
-0.0012718880316242576,0.00252913567237556,0.004149999935179949
-0.0009104750351980329,0.0025291007477790117,0.004149806685745716
-0.000708144623786211,0.0025290881749242544,0.004149731248617172
-0.0005058161914348602,0.002529079793021083,0.004149667918682098
-0.0003034891851712018,0.0025290765333920717,0.004149635788053274
-0.00010116299381479621,0.002529076300561428,0.004149637650698423
0.00010116297198692337,0.002529076300561428,0.004149660933762789
0.0003034892142750323,0.0025290765333920717,0.00414970051497221
0.0005058162496425211,0.002529079793021083,0.00414975406602025
0.0007081447402015328,0.0025290881749242544,0.004149820655584335
0.0009104752098210156,0.0025291007477790117,0.00414988212287426
0.001112796482630074,0.002341414801776409,0.004149999935179949
0.0011128089390695095,0.0025291163474321365,0.004149940330535173
0.0013151364400982857,0.0023964561987668276,0.004149999935179949
0.0013151525054126978,0.00252914079464972,0.004149967804551125
0.0015175289008766413,0.002517283894121647,0.004149999935179949
0.0015175321605056524,0.0025292057543992996,0.004149998538196087
0.0015221876092255116,0.002529210178181529,0.004149999935179949
0.003057630965486169,0.002548663876950741,0.004149944055825472
0.002981904661282897,0.002545720897614956,0.004149999935179949
0.00301909982226789,0.0024762568064033985,0.004149999935179949
0.003057690104469657,0.0025486655067652464,0.00414994265884161
0.0030848693568259478,0.002548418240621686,0.004149999935179949
-0.002844342030584812,0.0027425410225987434,0.004149644169956446
-0.0028447117656469345,0.0027425435837358236,0.004149633925408125
-0.002952519804239273,0.0027476432733237743,0.00414976617321372
-0.002955207135528326,0.0026485698763281107,0.0041497936472296715
-0.002955210627987981,0.002648784313350916,0.004149788990616798
-0.0027540898881852627,0.0025447923690080643,0.004149999935179949
-0.0029525128193199635,0.0027478772681206465,0.004149759653955698
-0.0029522564727813005,0.002747864695265889,0.004149764776229858
-0.002741637174040079,0.0025561638176441193,0.004149999935179949
-0.002752788132056594,0.0025494350120425224,0.004149999935179949
-0.002741686999797821,0.002741593634709716,0.004149867221713066
-0.002745198318734765,0.0025454144924879074,0.004149999935179949
-0.0025545358657836914,0.002741530304774642,0.004149999935179949
-0.002332445699721575,0.002737917937338352,0.004149989690631628
-0.0023961360566318035,0.0027390336617827415,0.004149999935179949
-0.002127279294654727,0.002734828507527709,0.00414997199550271
-0.001997204264625907,0.002733649453148246,0.004149999935179949
-0.0013152201427146792,0.002731624525040388,0.0041499980725348
-0.0013208179734647274,0.002731628017500043,0.004149999935179949
-0.0013152145547792315,0.002714733360335231,0.004149999935179949
-0.0011128527112305164,0.0027315677143633366,0.0041498830541968346
-0.0009105022763833404,0.0027315160259604454,0.0041497391648590565
-0.000708159408532083,0.0027314689941704273,0.004149644169956446
-0.0005058227689005435,0.0027314359322190285,0.0041495817713439465
-0.0003034916298929602,0.002731423592194915,0.004149564076215029
-0.00010116364137502387,0.002731423592194915,0.0041495636105537415
0.00010116351768374443,0.002731423592194915,0.0041495724581182
0.000303491746308282,0.002731423592194915,0.004149602726101875
0.0005058232345618308,0.002731436165049672,0.0041496604681015015
0.0007081599906086922,0.0027314689941704273,0.004149753134697676
0.0009105029748752713,0.0027315157931298018,0.004149824846535921
0.0011128531768918037,0.0027315672487020493,0.004149885382503271
0.0013152201427146792,0.0027316242922097445,0.004149915184825659
0.001517650787718594,0.0027317493222653866,0.004149950109422207
0.0016979021020233631,0.0027320627123117447,0.004149999935179949
0.0026257731951773167,0.0027416511438786983,0.004149999935179949
0.0027416404336690903,0.002642143750563264,0.004149999935179949
0.0027417028322815895,0.00274165952578187,0.004149892367422581
0.0029519242234528065,0.0027479587588459253,0.004149804823100567
0.002952143084257841,0.0027477762196213007,0.004149806220084429
0.0029549309983849525,0.002648970577865839,0.004149910528212786
0.002819749293848872,0.0026162164285779,0.004149999935179949
0.002952137030661106,0.002747969701886177,0.004149800632148981
0.002766919555142522,0.0025887428782880306,0.004149999935179949
0.0029549296014010906,0.0026488800067454576,0.004149912856519222
0.0028442947659641504,0.0027423871215432882,0.0041496483609080315
0.002843941794708371,0.0027423854917287827,0.0041496590711176395
0.0028614779002964497,0.002600546460598707,0.004149999935179949
0.002952181501314044,0.0025659336242824793,0.004149999935179949
-0.002747884951531887,0.002952002687379718,0.0041497740894556046
-0.0027478975243866444,0.0029522490222007036,0.0041497694328427315
-0.002742384560406208,0.0028439247980713844,0.0041496483609080315
-0.002747673075646162,0.0029522560071200132,0.0041497754864394665
-0.002648877678439021,0.002955067902803421,0.004149800166487694
-0.0027423861902207136,0.002844288945198059,0.004149638116359711
-0.0026486744172871113,0.0029550648760050535,0.0041498043574392796
-0.0025448102969676256,0.0027447701431810856,0.004149999935179949
-0.0025445015635341406,0.002753377426415682,0.004149999935179949
-0.002539028413593769,0.002763996133580804,0.004149999935179949
-0.002544546965509653,0.0029516781214624643,0.004149904008954763
-0.0025487837847322226,0.002752000233158469,0.004149999935179949
-0.0024158814921975136,0.0028636169154196978,0.004149999935179949
-0.0023352568969130516,0.0029439819045364857,0.004149985034018755
-0.0023352729622274637,0.0029439826030284166,0.004149992484599352
-0.002332456177100539,0.002737918170168996,0.004149989690631628
-0.002335256664082408,0.002943966304883361,0.004149985034018755
-0.002128617139533162,0.002939102938398719,0.004149965476244688
-0.0019236673833802342,0.0028294785879552364,0.004149999935179949
-0.0019240331603214145,0.0029363809153437614,0.004149982705712318
-0.001844405778683722,0.00293586659245193,0.004149999935179949
-0.0013153927866369486,0.002934394869953394,0.004149965010583401
-0.0014245281927287579,0.0029344873037189245,0.004149999935179949
-0.001112982863560319,0.0029342833440750837,0.004149839282035828
-0.0009105873759835958,0.0029341308400034904,0.004149680957198143
-0.0007082066731527448,0.002933977171778679,0.00414959155023098
-0.0005058440729044378,0.002933862851932645,0.004149538930505514
-0.00030349951703101397,0.0029338228050619364,0.004149525426328182
-0.00010116576595464721,0.0029338267631828785,0.004149517975747585
0.00010116526391357183,0.002933826996013522,0.00414951192215085
0.00030349986627697945,0.0029338232707232237,0.00414953101426363
0.0005058456445112824,0.0029338637832552195,0.0041495985351502895
0.0007082090014591813,0.002933977637439966,0.004149716347455978
0.000910589937120676,0.0029341308400034904,0.004149795975536108
0.0011129846097901464,0.0029342821799218655,0.004149858374148607
0.0013153926702216268,0.002934393472969532,0.00414988212287426
0.0015178817557170987,0.0029345666989684105,0.0041499086655676365
0.0017203140305355191,0.0027563017792999744,0.004149999935179949
0.0017206391785293818,0.002935071475803852,0.00414995476603508
0.0018872808432206511,0.002936151111498475,0.004149999935179949
0.0024230212438851595,0.0029472217429429293,0.004149999935179949
0.002542368834838271,0.0028760156128555536,0.004149999935179949
0.0025445905048400164,0.0029516953509300947,0.004149954300373793
0.0027478989213705063,0.002952193608507514,0.004149749409407377
0.002648815745487809,0.0029550495091825724,0.0041498346254229546
0.002748149447143078,0.0029521856922656298,0.004149742424488068
0.0027481357101351023,0.002951911184936762,0.004149747546762228
0.002742702141404152,0.0028441818431019783,0.004149645566940308
0.0027427049353718758,0.0028445497155189514,0.0041496348567306995
0.0026489878073334694,0.0029550520703196526,0.004149830434471369
0.0025904958602041006,0.0027939178980886936,0.004149999935179949
0.002574695274233818,0.002811652375385165,0.004149999935179949
0.0025763208977878094,0.002760734409093857,0.004149999935179949
-0.0024399394169449806,0.003151234705001116,0.004149951506406069
-0.0024399906396865845,0.0031512368004769087,0.004149951972067356
-0.0025486177764832973,0.0030577541328966618,0.004149851389229298
-0.002548621501773596,0.003057910827919841,0.004149847663938999
-0.00240895664319396,0.0030184888746589422,0.004149999935179949
-0.0023349726106971502,0.0031467655207961798,0.004149997141212225
-0.0023352568969130516,0.002943997737020254,0.004149992018938065
-0.00252272910438478,0.0031570810824632645,0.004149999935179949
-0.0025478708557784557,0.003150002099573612,0.004149999935179949
-0.0022319136187434196,0.0031448951922357082,0.004149929154664278
-0.002128652762621641,0.0029391038697212934,0.004149965941905975
-0.0021286173723638058,0.0029391394928097725,0.004149982240051031
-0.002231986727565527,0.003144896123558283,0.004149927757680416
-0.0023349695838987827,0.0031467655207961798,0.004149997141212225
-0.002129157306626439,0.003142767818644643,0.004149871412664652
-0.0019246531883254647,0.0031398264691233635,0.0041499813087284565
-0.0019246140727773309,0.003139787819236517,0.0041499631479382515
-0.0019246141891926527,0.0031398257706314325,0.0041499631479382515
-0.0019240510882809758,0.002936381148174405,0.004149982705712318
-0.001720973988994956,0.0030860044062137604,0.004149999935179949
-0.0017210895894095302,0.0031383256427943707,0.004149990621954203
-0.001601364929229021,0.003138086525723338,0.004149999935179949
-0.0013158012880012393,0.0031378394924104214,0.004149960353970528
-0.0014894733903929591,0.003137909108772874,0.004149999935179949
-0.0011133207008242607,0.0031376597471535206,0.004149831831455231
-0.0009108131052926183,0.0031372494995594025,0.004149651620537043
-0.0007083334494382143,0.003136811312288046,0.004149551037698984
-0.0005059001850895584,0.0031364639289677143,0.00414948258548975
-0.00030351991881616414,0.003136358456686139,0.004149461630731821
-0.00010117157216882333,0.003136390820145607,0.004149445332586765
0.00010116968041984364,0.003136391518637538,0.004149431828409433
0.0003035209374502301,0.0031363603193312883,0.004149444401264191
0.0005059052491560578,0.003136466722935438,0.004149522166699171
0.0007083411328494549,0.0031368141062557697,0.0041496641933918
0.0009108210797421634,0.0031372499652206898,0.004149771295487881
0.0011133262887597084,0.003137656021863222,0.0041498648934066296
0.0013158002402633429,0.0031378341373056173,0.004149876069277525
0.001518307370133698,0.0031379181891679764,0.004149884916841984
0.0017210871446877718,0.0031383333262056112,0.004149924498051405
0.0019242246635258198,0.0030054894741624594,0.004149999935179949
0.0019246044103056192,0.0031398420687764883,0.004149980843067169
0.0019727195613086224,0.0030924996826797724,0.004149999935179949
0.002128732856363058,0.002987961983308196,0.004149999935179949
0.001924624782986939,0.0031398425344377756,0.004149990156292915
0.002129118889570236,0.0031427766662091017,0.00414989935234189
0.0019246044103056192,0.0031398222781717777,0.004149980843067169
0.0022319192066788673,0.00314489658921957,0.00414997199550271
0.002231948310509324,0.0031448970548808575,0.004149971529841423
0.0022675092332065105,0.003145538968965411,0.004149999935179949
0.0022793812677264214,0.003052668645977974,0.004149999935179949
0.002183441538363695,0.0030483005102723837,0.004149999935179949
0.002548612654209137,0.003057928057387471,0.004149836488068104
0.002548608696088195,0.0030577597208321095,0.0041498406790196896
0.002547787968069315,0.003152674762532115,0.004149999935179949
0.0023717116564512253,0.002963453531265259,0.004149999935179949
-0.0021313922479748726,0.003348737256601453,0.004149825777858496
-0.0021305126138031483,0.0032459034118801355,0.004149738699197769
-0.0020275108981877565,0.003345210338011384,0.004149822983890772
-0.0021305151749402285,0.003246174892410636,0.0041497270576655865
-0.0021313936449587345,0.0033489179331809282,0.004149820189923048
-0.002027694135904312,0.003345213597640395,0.0041498178616166115
-0.002131212968379259,0.0033489116467535496,0.004149827640503645
-0.0019246143056079745,0.0031398646533489227,0.004149980843067169
-0.0019249673932790756,0.0033429902978241444,0.004149869550019503
-0.001721558510325849,0.003341770963743329,0.004149998538196087
-0.0017215555999428034,0.003341768169775605,0.004149997141212225
-0.0017215555999428034,0.003341770963743329,0.004149997141212225
-0.0017210992518812418,0.0031383256427943707,0.004149990621954203
-0.0016698362305760384,0.0033418710809201,0.004149999935179949
-0.0013166578719392419,0.0033425833098590374,0.004149968735873699
-0.0014771368587389588,0.0033422503620386124,0.004149999935179949
-0.0011140734422951937,0.0033424035646021366,0.00414982158690691
-0.0009113089763559401,0.003341390285640955,0.00414962088689208
-0.0007086140685714781,0.0033403225243091583,0.004149542655795813
-0.0005060160183347762,0.003339374205097556,0.004149457905441523
-0.0003035600238945335,0.0033391660545021296,0.004149402491748333
-0.00010118441423401237,0.003339337883517146,0.004149368964135647
0.00010117807687493041,0.0033393397461622953,0.004149351269006729
0.00030356220668181777,0.0033391714096069336,0.0041493745520710945
0.0005060301627963781,0.0033393821213394403,0.004149468149989843
0.0007086354307830334,0.003340331604704261,0.004149630665779114
0.0009113306296057999,0.0033413937781006098,0.004149764776229858
0.0011140897404402494,0.0033423942513763905,0.00414992542937398
0.0013166522840037942,0.003342567477375269,0.004149950109422207
0.0015190382255241275,0.003342149779200554,0.004149939864873886
0.0017215566476806998,0.0033417840022593737,0.004149990621954203
0.0017215663101524115,0.0033417840022593737,0.004149995278567076
0.001924604526720941,0.003139862325042486,0.004149990156292915
0.0019249710021540523,0.00334303081035614,0.004149911925196648
0.0019245846197009087,0.0031398418359458447,0.004149980843067169
0.0017215566476806998,0.003341774456202984,0.004149990621954203
0.00213043880648911,0.003245917847380042,0.004149737302213907
0.0021311165764927864,0.0033489433117210865,0.004149832762777805
0.002131291665136814,0.0033489493653178215,0.004149825777858496
0.0020276582799851894,0.003345252713188529,0.004149876534938812
0.002131290268152952,0.0033487731125205755,0.0041498299688100815
0.002027533482760191,0.0033452503848820925,0.004149879328906536
0.00213044136762619,0.0032461904920637608,0.004149726126343012
-0.001822783495299518,0.0035442954394966364,0.004149994347244501
-0.0019243566785007715,0.003544756444171071,0.00414992356672883
-0.001924277050420642,0.003544833743944764,0.004149923101067543
-0.0019243562128394842,0.0035448342096060514,0.004149921704083681
-0.0019248905591666698,0.003444164525717497,0.004149758722633123
-0.0019248912576586008,0.0034439247101545334,0.004149764776229858
-0.0017215600237250328,0.0033478105906397104,0.004149999935179949
-0.0017215555999428034,0.0033417739905416965,0.004149998538196087
-0.0018227891996502876,0.0035442954394966364,0.004149994347244501
-0.0018120529130101204,0.003544347593560815,0.004149999935179949
-0.0016951647121459246,0.0033952235244214535,0.004149999935179949
-0.0013166893040761352,0.0033425833098590374,0.0041499692015349865
-0.0014196690171957016,0.0035496344789862633,0.004149998538196087
-0.0014222974423319101,0.0035495830234140158,0.004149999935179949
-0.0014196704141795635,0.0035496344789862633,0.004149998538196087
-0.0013166582211852074,0.003342617070302367,0.004149983637034893
-0.0013182086404412985,0.003549272892996669,0.004149883985519409
-0.0014445425476878881,0.003497707424685359,0.004149999935179949
-0.0011156342225149274,0.0035494647454470396,0.004149931017309427
-0.0011154928943142295,0.0035494642797857523,0.0041498662903904915
-0.0011142548173666,0.0033424037974327803,0.004149822983890772
-0.0011154919629916549,0.0035493243485689163,0.0041498662903904915
-0.0009121604962274432,0.0035470433067530394,0.0041496180929243565
-0.0007091124425642192,0.0035449338611215353,0.004149497486650944
-0.0005061800475232303,0.0035425242967903614,0.004149335436522961
-0.0003036112757399678,0.003542325459420681,0.004149247892200947
-0.00010120803926838562,0.003543037688359618,0.004149207845330238
0.00010118912905454636,0.0035430421121418476,0.004149231128394604
0.00030361427343450487,0.0035423377994447947,0.004149294458329678
0.0005062143318355083,0.003542543388903141,0.004149442072957754
0.0007091637817211449,0.003544959705322981,0.004149635788053274
0.0009122103801928461,0.003547058207914233,0.004149775952100754
0.0011006916174665093,0.003549269400537014,0.004149999935179949
0.0011152640217915177,0.003510069567710161,0.004149999935179949
0.0011676211142912507,0.003495869692414999,0.004149999935179949
0.0011300165206193924,0.0035494286566972733,0.004149999935179949
0.0013166527496650815,0.0033426217269152403,0.00414997385814786
0.0013166009448468685,0.003342567477375269,0.00414994964376092
0.0013181837275624275,0.003549236571416259,0.004149882588535547
0.001419573905877769,0.0035495832562446594,0.004149950109422207
0.0014196248957887292,0.0035495830234140158,0.004149948712438345
0.0014825505204498768,0.003548350650817156,0.004149999935179949
0.0015196268213912845,0.003447654889896512,0.004149999935179949
0.0015189761761575937,0.0033421500120311975,0.004149939399212599
0.0015190386911854148,0.003342216368764639,0.004149967804551125
0.001620767405256629,0.0035458195488899946,0.004149978514760733
0.0016207890585064888,0.0035458190832287073,0.004149978514760733
0.0017215472180396318,0.0033417840022593737,0.004149990621954203
0.0017215665429830551,0.003354869782924652,0.004149999935179949
0.0017215566476806998,0.0033417940139770508,0.004149995278567076
0.0015792440390214324,0.0035465601831674576,0.004149999935179949
0.001644084113650024,0.0035455834586173296,0.004149999935179949
0.0017291627591475844,0.0033569943625479937,0.004149999935179949
0.0017776874592527747,0.0033979828003793955,0.004149999935179949
0.0019249398028478026,0.0034440909512341022,0.004149855580180883
0.0019249393371865153,0.0034442381002008915,0.004149851389229298
0.0019245157018303871,0.0035370388068258762,0.004149999935179949
-0.0013197589432820678,0.0036545577459037304,0.00414977828040719
-0.0013197562657296658,0.0036543358583003283,0.00414979038760066
-0.001236326526850462,0.0036732403095811605,0.004149999935179949
-0.001162953325547278,0.0036458387039601803,0.004149999935179949
-0.001115494640544057,0.0035496228374540806,0.00414992542937398
-0.001117080682888627,0.0037085183430463076,0.004149999935179949
-0.0013209753669798374,0.0037404552567750216,0.004149999935179949
-0.001015180954709649,0.0037564404774457216,0.004149852320551872
-0.0010153333423659205,0.0037564437370747328,0.004149853251874447
-0.0009125478682108223,0.0035470479633659124,0.004149623215198517
-0.0011030662572011352,0.0037588095292448997,0.004149999935179949
-0.0009131425176747143,0.0037538185715675354,0.004149939864873886
-0.0009121629409492016,0.0035474966280162334,0.004149783868342638
-0.0008113657822832465,0.0037535266019403934,0.004149742424488068
-0.0007096249610185623,0.0035449392162263393,0.004149500746279955
-0.0009130805847235024,0.003753818105906248,0.004149939399212599
-0.0007098156493157148,0.0037509959656745195,0.004149480257183313
-0.000709115294739604,0.0035455108154565096,0.004149725195020437
-0.000811630510725081,0.0037535300944000483,0.004149734508246183
-0.0005069471662864089,0.003744907211512327,0.004149651154875755
-0.000506227312143892,0.00374421919696033,0.004149354062974453
-0.0005062274867668748,0.0037448802031576633,0.004149350803345442
-0.0005068536847829819,0.0035425322130322456,0.004149343352764845
-0.00030362437246367335,0.0037455589044839144,0.004149214830249548
-0.00010125111293746158,0.003747970797121525,0.004149270243942738
0.00010120184015249833,0.0037479798775166273,0.004149326588958502
0.00030362431425601244,0.0037455828860402107,0.004149376880377531
0.0005062998970970511,0.0037449151277542114,0.00414956733584404
0.000506775570102036,0.0037449330557137728,0.0041497694328427315
0.0007091659354045987,0.003545373911038041,0.004149802960455418
0.0007099219365045428,0.003751056967303157,0.004149597603827715
0.0007087852573022246,0.0035449552815407515,0.004149631131440401
0.0005062997224740684,0.0037444736808538437,0.004149568732827902
0.0008115861564874649,0.0037536025047302246,0.004149847198277712
0.0009119780734181404,0.0035470558796077967,0.004149773623794317
0.0009122118353843689,0.0035473210737109184,0.004149874672293663
0.0008117429097183049,0.003753604367375374,0.004149843007326126
0.0009131021215580404,0.003727411851286888,0.004149999935179949
0.0009025402832776308,0.0037538420874625444,0.004149999935179949
0.0009633990121074021,0.0036508780904114246,0.004149999935179949
0.0013197020161896944,0.0036542732268571854,0.004149778746068478
0.0013197048101574183,0.003654507454484701,0.004149766638875008
0.0011235350975766778,0.0035535579081624746,0.004149999935179949
0.0013205696595832705,0.003715276252478361,0.004149999935179949
-0.0007110745646059513,0.003960737492889166,0.004149352200329304
-0.0006077982252463698,0.003948488738387823,0.004149620421230793
-0.0006082059699110687,0.003948537167161703,0.004149609711021185
-0.0007106762495823205,0.003856817726045847,0.004149163607507944
-0.0005060115945525467,0.0039428225718438625,0.004149621352553368
-0.0007110722945071757,0.003960090223699808,0.004149382933974266
-0.0007106715929694474,0.0038559872191399336,0.004149213898926973
-0.0005056203226558864,0.0039427997544407845,0.00414962088689208
-0.0005062249256297946,0.0037456382997334003,0.004149620421230793
-0.0003044412878807634,0.003948048688471317,0.004149125423282385
-0.00040518262539990246,0.003943858202546835,0.004149255808442831
-0.0004044212109874934,0.003943868912756443,0.004149225074797869
-0.0003036239941138774,0.003746524453163147,0.004149528685957193
-0.0003035488771274686,0.0039480868726968765,0.0041491249576210976
-0.00030441759736277163,0.003745556343346834,0.004149226006120443
-0.00010218551324214786,0.00395455677062273,0.004149191081523895
-0.00020347788813523948,0.003952228929847479,0.004149093758314848
-0.00020255218259990215,0.003952267579734325,0.004149069078266621
-0.00010199133976129815,0.003747961949557066,0.00414927676320076
-0.00010135745105799288,0.003954578656703234,0.004149192478507757
-0.0001012516368064098,0.0037489032838493586,0.004149554762989283
7.661129757252638e-07,0.0039560068398714066,0.004149190615862608
-0.00010050829587271437,0.00395458796992898,0.004149171058088541
-6.333653601586775e-08,0.003956015687435865,0.00414916779845953
0.00010051213757833466,0.0037479798775166273,0.0041493261232972145
0.00010120205843122676,0.00374883902259171,0.004149589687585831
0.00010124951950274408,0.003954593557864428,0.004149417858570814
0.00020301024778746068,0.00395227549597621,0.004149476531893015
0.00010184637358179316,0.003954577725380659,0.0041494169272482395
0.00020247527572792023,0.003952297847718,0.004149461630731821
0.0003029800718650222,0.0037455905694514513,0.004149370826780796
0.0003036239359062165,0.0037463479675352573,0.004149626474827528
0.0003035333356820047,0.003948123659938574,0.004149565938860178
0.00040457805152982473,0.003943909425288439,0.004149904474616051
0.0004044803499709815,0.003943910822272301,0.004149900283664465
0.0005062983836978674,0.003745416644960642,0.00414974894374609
0.0005058491951785982,0.0037449165247380733,0.00414956035092473
0.0005058466922491789,0.003908829297870398,0.004149999935179949
0.0003039745206478983,0.0039481050334870815,0.004149567801505327
0.0004699528217315674,0.003943218849599361,0.004149999935179949
0.0007113052415661514,0.003960847854614258,0.004149704705923796
0.0005267459200695157,0.003944011405110359,0.004149999935179949
0.0007108439458534122,0.0038569134194403887,0.004149418789893389
0.0006080003222450614,0.003948543220758438,0.0041497997008264065
0.0006082156905904412,0.00394856883212924,0.0041497936472296715
0.0007108404533937573,0.003856334835290909,0.004149452783167362
0.0007113040192052722,0.003960552159696817,0.004149718210101128
-0.0006065529305487871,-0.004042245913296938,0.004151167813688517
-0.000732275890186429,-0.004084595013409853,0.004151562228798866
-0.00059452501591295,-0.004106984008103609,0.004151890054345131
-0.0004041782231070101,-0.0041300165466964245,0.004150229971855879
-0.000404218677431345,-0.004043092019855976,0.0041505396366119385
-0.0005029380554333329,-0.00411915872246027,0.004150322172790766
-0.0005047722370363772,-0.00403797160834074,0.004150692839175463
-0.0002028770832112059,-0.004144794773310423,0.00415049446746707
-0.00020269905508030206,-0.0040551237761974335,0.004150368273258209
-0.00030380135285668075,-0.004138614982366562,0.004150294233113527
-0.0003036274283658713,-0.0040497262962162495,0.0041502718813717365
-9.117547250525604e-08,-0.0041497740894556046,0.004150216933339834
-7.881197916503879e-08,-0.004059663973748684,0.0041501824744045734
-0.00010158115765079856,-0.004148521460592747,0.004150151275098324
-0.00010147183638764545,-0.004058466292917728,0.004150031600147486
0.00020275614224374294,-0.004144837614148855,0.00415056012570858
0.00020259866141714156,-0.004055161029100418,0.00415043393149972
0.00010141421807929873,-0.004148544277995825,0.0041502490639686584
0.00010132918396266177,-0.004058486316353083,0.00415016757324338
0.0004042393993586302,-0.004130073823034763,0.004150400869548321
0.0004042811051476747,-0.004043139982968569,0.004150577820837498
0.0003037567366845906,-0.004138670861721039,0.004150584805756807
0.00030359718948602676,-0.004049773793667555,0.0041504791006445885
0.0005947664612904191,-0.004106916021555662,0.0041534751653671265
0.0006067805807106197,-0.004042261280119419,0.004151725675910711
0.0005031210603192449,-0.004119194578379393,0.004150135908275843
0.0005049336468800902,-0.004038005601614714,0.004150549415498972
-0.0012263277312740684,-0.003964413423091173,0.00415095454081893
-0.0012206723913550377,-0.003865741193294525,0.00415088189765811
-0.0013102265074849129,-0.003937435336410999,0.004150804597884417
-0.001321511110290885,-0.0038623844739049673,0.004150766413658857
-0.0010147838620468974,-0.003957251086831093,0.004150208551436663
-0.0010156335774809122,-0.0038589616306126118,0.004150681663304567
-0.0011407311540096998,-0.00398995541036129,0.004150495398789644
-0.0011188832577317953,-0.0038654166273772717,0.004151073284447193
-0.000913808646146208,-0.003959950990974903,0.0041506621055305
-0.000813354505226016,-0.003965116571635008,0.0041506728157401085
-0.0009136335575021803,-0.003857490373775363,0.004150529857724905
-0.000812325335573405,-0.003858380950987339,0.0041503398679196835
-0.000711073458660394,-0.00396042549982667,0.004150297027081251
-0.0005062333075329661,-0.00394283514469862,0.0041505927219986916
-0.0007110745646059513,-0.003960737492889166,0.00415031285956502
-0.000608222559094429,-0.003948539029806852,0.004150405991822481
-0.0005062262644059956,-0.0037452541291713715,0.0041501871310174465
-0.0005062274867668748,-0.0037448802031576633,0.004150322172790766
-0.0006077982252463698,-0.003948488738387823,0.004150393884629011
-0.000506580516230315,-0.0037448934745043516,0.004150171298533678
-0.0005056202062405646,-0.00394279882311821,0.004150597378611565
-0.00030376893118955195,-0.003948077093809843,0.004150215536355972
-0.00030362422694452107,-0.0037459039594978094,0.004150168504565954
-0.00030362437246367335,-0.0037455589044839144,0.00415028166025877
-0.0005058917449787259,-0.0037448813673108816,0.0041503277607262135
-0.0003035489353351295,-0.003948086407035589,0.00415021600201726
-0.00040498937596566975,-0.003943860996514559,0.00415055500343442
-0.0004044212109874934,-0.003943868912756443,0.004150579683482647
-0.00010146971908397973,-0.003954572603106499,0.004150109831243753
-0.00010135737829841673,-0.0039545753970742226,0.004150109365582466
-0.00010125134576810524,-0.0037483815103769302,0.004150195978581905
-0.00010125111293746158,-0.003747970797121525,0.004150322172790766
-0.00030333298491314054,-0.003745562396943569,0.004150284454226494
-0.00020255218259990215,-0.003952267114073038,0.004150255583226681
-0.00020280579337850213,-0.003952256869524717,0.004150248132646084
-0.00010124187247129157,-0.0039545767940580845,0.004150112625211477
0.00010124949767487124,-0.003954591695219278,0.004150188993662596
0.0001012019274639897,-0.0037483361084014177,0.004150169901549816
0.00010120184015249833,-0.0037479798775166273,0.0041502793319523335
-6.333132773761463e-08,-0.003956015221774578,0.0041502052918076515
1.417263746361641e-07,-0.0039560128934681416,0.004150200169533491
-0.00010092093725688756,-0.003747970797121525,0.004150322172790766
0.0003035333356820047,-0.003948123659938574,0.00415030075237155
0.0002027674054261297,-0.003952285274863243,0.004150285851210356
0.0003036241978406906,-0.003745841793715954,0.004150126129388809
0.00030362431425601244,-0.0037455828860402107,0.004150210879743099
0.00010148528235731646,-0.003747976617887616,0.004150277003645897
0.00010144327825400978,-0.003954586572945118,0.004150188993662596
0.00020247527572792023,-0.003952297382056713,0.00415029376745224
0.000404480320867151,-0.003943910356611013,0.004150557331740856
0.0004050271527376026,-0.0039439029060304165,0.004150534048676491
0.0005057523376308382,-0.003942838404327631,0.004150594584643841
0.0005062987911514938,-0.0037452869582921267,0.004150186199694872
0.0005062998970970511,-0.0037449151277542114,0.004150319378823042
0.00030383715056814253,-0.0037455821875482798,0.004150207620114088
0.0003038403519894928,-0.003948110621422529,0.00415030075237155
0.0006080003222450614,-0.003948543220758438,0.004150140564888716
0.0005063599091954529,-0.003942874260246754,0.004150587134063244
0.0007113052415661514,-0.003960847854614258,0.004150046035647392
0.0006081518949940801,-0.003948561381548643,0.004150145221501589
0.0007113050669431686,-0.003960801754146814,0.004150043707340956
0.0005066496087238193,-0.0037449283991008997,0.004150169435888529
0.0007431739359162748,-0.00385741563513875,0.004149999935179949
0.0008124813321046531,-0.0038584950380027294,0.0041504413820803165
0.0008135939133353531,-0.003965286072343588,0.004150570835918188
0.0010148980654776096,-0.003957307431846857,0.0041514174081385136
0.001015768852084875,-0.0038589737378060818,0.004150202497839928
0.0009138382156379521,-0.003960141446441412,0.004150525666773319
0.0009137249435298145,-0.0038575916551053524,0.004150694701820612
0.0012266401899978518,-0.003964362200349569,0.004151336383074522
0.0012208637781441212,-0.003865699050948024,0.004151168745011091
0.0011410227743908763,-0.00398978590965271,0.004152209032326937
0.0011190965306013823,-0.003865329548716545,0.0041506290435791016
0.001321509713307023,-0.0038623951841145754,0.004151017405092716
0.0013104252284392715,-0.0039375657215714455,0.004151111468672752
0.0014468475710600615,-0.003889300161972642,0.004150660242885351
-0.0018224939703941345,-0.0036449171602725983,0.004150261636823416
-0.001945055671967566,-0.0036656195297837257,0.004150196444243193
-0.0018174080178141594,-0.0037307897582650185,0.004150357097387314
-0.0016206837026402354,-0.0037479931488633156,0.004150411579757929
-0.0016210373723879457,-0.0036476205568760633,0.0041503142565488815
-0.001742165768519044,-0.003766364650800824,0.004150449763983488
-0.0017219696892425418,-0.0036465725861489773,0.0041503626853227615
-0.0015231426805257797,-0.003757765516638756,0.004150500521063805
-0.0014238322619348764,-0.0037628912832587957,0.004150467459112406
-0.0015214550076052547,-0.0036521314177662134,0.004150391090661287
-0.0014212060486897826,-0.0036548450589179993,0.004150281194597483
-0.0013197587104514241,-0.0036545507609844208,0.004150006454437971
-0.001319758826866746,-0.0036545575130730867,0.004150006920099258
-0.001321255462244153,-0.0037602372467517853,0.004150482825934887
-0.0011175880208611488,-0.003759206272661686,0.004150611814111471
-0.0012191373389214277,-0.003761239815503359,0.0041506304405629635
-0.001321248710155487,-0.003759743645787239,0.004150461871176958
-0.0011154969688504934,-0.0035498319193720818,0.00415017269551754
-0.0012197877513244748,-0.003761248430237174,0.004150629509240389
-0.001320777228102088,-0.0037602426018565893,0.004150466062128544
-0.0011158250272274017,-0.003549465211108327,0.004150161519646645
-0.0011154928943142295,-0.0035494642797857523,0.004150312393903732
-0.0013182084076106548,-0.003549272194504738,0.004150027874857187
-0.0010148014407604933,-0.0037564330268651247,0.004150514956563711
-0.0009131430415436625,-0.0037538206670433283,0.004150413908064365
-0.000912162009626627,-0.003547322005033493,0.0041501326486468315
-0.0009121604962274432,-0.0035470433067530394,0.004150236491113901
-0.0010153334587812424,-0.0037564446683973074,0.004150509834289551
-0.0011151682119816542,-0.00354946032166481,0.0041503156535327435
-0.0011169445933774114,-0.0037591850850731134,0.004150621127337217
-0.0008113417425192893,-0.00375352636910975,0.004150281194597483
-0.0009119152091443539,-0.003547040745615959,0.004150238819420338
-0.0007091140723787248,-0.0035452661104500294,0.0041501582600176334
-0.0009127167868427932,-0.003753818105906248,0.00415041483938694
-0.0007091124425642192,-0.0035449338611215353,0.004150293301790953
-0.000811630510725081,-0.0037535300944000483,0.004150290507823229
-0.0007088075508363545,-0.003544930135831237,0.004150297027081251
-0.0005062274285592139,-0.0037445512134581804,0.004150321241468191
-0.0005061800475232303,-0.0035425242967903614,0.004150297027081251
-0.0003036112757399678,-0.003542325459420681,0.004150245804339647
-0.00010120803926838562,-0.003543037688359618,0.004150176886469126
0.00010118912905454636,-0.0035430421121418476,0.004150106571614742
0.00030361427343450487,-0.0035423377994447947,0.004150068387389183
0.0005062143318355083,-0.003542543388903141,0.004150163847953081
0.0007091657025739551,-0.0035453217569738626,0.004150172229856253
0.0007091637817211449,-0.003544959705322981,0.004150319378823042
0.0005063804564997554,-0.0035425452515482903,0.004150161985307932
0.0005062997806817293,-0.0037445893976837397,0.00415031798183918
0.0009126932127401233,-0.0037538702599704266,0.0041505261324346066
0.0009132336708717048,-0.003753873286768794,0.004150525666773319
0.0009122128831222653,-0.003547507803887129,0.00415021413937211
0.0009122103801928461,-0.003547058207914233,0.004150380380451679
0.0008117430261336267,-0.003753604833036661,0.00415031798183918
0.0007094888132996857,-0.003544962964951992,0.004150316584855318
0.0008114271913655102,-0.003753600874915719,0.004150307271629572
0.0009125976939685643,-0.0035470628645271063,0.004150376655161381
0.0010148878209292889,-0.003756435588002205,0.0041505442932248116
0.0011177207343280315,-0.0037591634318232536,0.00415066909044981
0.0011155398096889257,-0.003549443557858467,0.004150478634983301
0.001115546328946948,-0.003550007939338684,0.004150264896452427
0.0011170163052156568,-0.0037591406144201756,0.004150679800659418
0.001015450106933713,-0.003756447695195675,0.004150537773966789
0.0013197032967582345,-0.0036543868482112885,0.004150114022195339
0.001219091471284628,-0.0037611955776810646,0.004150773864239454
0.0013181837275624275,-0.003549236571416259,0.00415011728182435
0.0011160492431372404,-0.0035494447220116854,0.004150248132646084
0.0013205824652686715,-0.0037601992953568697,0.004150611348450184
0.001219889847561717,-0.003761206055060029,0.004150773398578167
0.0013197046937420964,-0.0036545072216540575,0.0041501205414533615
0.0013211999321356416,-0.0037595455069094896,0.004150605294853449
0.0013212088961154222,-0.0037601925432682037,0.0041506327688694
0.0014211207162588835,-0.0036547696217894554,0.0041504064574837685
0.0014236412243917584,-0.0037627853453159332,0.004150591790676117
0.0016206558793783188,-0.0037479421589523554,0.0041505019180476665
0.0016210150206461549,-0.0036475849337875843,0.004150422289967537
0.0015231636352837086,-0.0037575920578092337,0.004150596912950277
0.0015214331215247512,-0.0036520403809845448,0.0041505033150315285
0.0018173184944316745,-0.0037306060548871756,0.004150502383708954
0.001822521910071373,-0.0036449111066758633,0.004150419030338526
0.0017420953372493386,-0.0037663925904780626,0.004150549881160259
0.001721943961456418,-0.0036465784069150686,0.004150477237999439
-0.0019243566785007715,-0.0035447797272354364,0.004150053486227989
-0.0018226350657641888,-0.003544296370819211,0.0041501508094370365
-0.0017215567640960217,-0.0033418822567909956,0.004150053486227989
-0.001721664099022746,-0.003341773059219122,0.004150052089244127
-0.0017215566476806998,-0.0033417721278965473,0.004150100983679295
-0.001924356329254806,-0.0035448342096060514,0.004150054883211851
-0.0017217062413692474,-0.0035447871778160334,0.004150204826146364
-0.0019243007991462946,-0.003544833976775408,0.0041500539518892765
-0.0018227891996502876,-0.0035442954394966364,0.0041501522064208984
-0.0016206161817535758,-0.003545844927430153,0.004150182008743286
-0.0017214524559676647,-0.003341772360727191,0.004150101915001869
-0.0015202065696939826,-0.0035476621706038713,0.004150210414081812
-0.0015190464910119772,-0.0033422873821109533,0.004150059539824724
-0.0015190456761047244,-0.0033421635162085295,0.004150111228227615
-0.0016208012821152806,-0.0035458409693092108,0.004150180611759424
-0.0017214955296367407,-0.0035447892732918262,0.004150206223130226
-0.001419511274434626,-0.0035496349446475506,0.00415015546604991
-0.0013166579883545637,-0.0033425833098590374,0.004150157794356346
-0.001518930890597403,-0.003342163749039173,0.00415011215955019
-0.0015199909685179591,-0.00354766589589417,0.004150211811065674
-0.0014196705305948853,-0.003549634711816907,0.004150159657001495
-0.0013166595017537475,-0.0033427553717046976,0.004150081891566515
-0.0013164953561499715,-0.0033425830770283937,0.004150158725678921
-0.0011154906824231148,-0.0035491364542394876,0.00415031285956502
-0.0011140734422951937,-0.0033424035646021366,0.00415016757324338
-0.0009113089763559401,-0.003341390285640955,0.00415011728182435
-0.0007086140685714781,-0.0033403225243091583,0.0041501447558403015
-0.0005060160183347762,-0.003339374205097556,0.004150160122662783
-0.0003035600238945335,-0.0033391660545021296,0.0041501568630337715
-0.00010118441423401237,-0.003339337883517146,0.004150133114308119
0.00010117807687493041,-0.0033393397461622953,0.004150114953517914
0.00030356220668181777,-0.0033391714096069336,0.004150109831243753
0.0005060301627963781,-0.0033393821213394403,0.004150145687162876
0.0007086354307830334,-0.003340331604704261,0.004150226712226868
0.0009113306296057999,-0.0033413937781006098,0.004150287248194218
0.0011140897404402494,-0.0033423942513763905,0.00415035430341959
0.0011144507443532348,-0.003342394484207034,0.004150352440774441
0.0013166553108021617,-0.003342903684824705,0.004150160122662783
0.001115536317229271,-0.0035489408764988184,0.004150480031967163
0.0013166522840037942,-0.0033425677102059126,0.004150307737290859
0.0015201850328594446,-0.0035476151388138533,0.004150296561419964
0.0015190402045845985,-0.003342418000102043,0.004150128457695246
0.0015190384583547711,-0.003342150244861841,0.0041502402164042
0.0015198811888694763,-0.0035476204939186573,0.004150298424065113
0.001419625012204051,-0.003549583489075303,0.00415026256814599
0.0013169649755582213,-0.0033425670117139816,0.004150305408984423
0.001419363310560584,-0.0035495839547365904,0.004150255583226681
0.0017214141553267837,-0.0035448013804852962,0.004150290507823229
0.0017215576954185963,-0.003341785166412592,0.004150248598307371
0.0016207892913371325,-0.003545819316059351,0.004150268156081438
0.0016205145511776209,-0.0035458251368254423,0.004150270018726587
0.0017217108979821205,-0.0035447983536869287,0.004150288179516792
0.00172155792824924,-0.0033420564141124487,0.004150131717324257
0.0015192822320386767,-0.003342149779200554,0.004150237888097763
0.0018228471744805574,-0.0035443403758108616,0.004150281194597483
0.0019242343259975314,-0.0035449517890810966,0.00415023835375905
0.001924480777233839,-0.0035447124391794205,0.004150236491113901
0.001924973214045167,-0.003343033604323864,0.004150042776018381
0.0019249398028478026,-0.003444238565862179,0.004150028806179762
0.0018225620733574033,-0.003544342005625367,0.004150278866291046
0.0019249399192631245,-0.0034442099276930094,0.004150027874857187
0.0019244796130806208,-0.0035449531860649586,0.0041502430103719234
0.001721822191029787,-0.003341787261888385,0.004150128457695246
0.0020269867964088917,-0.0034454017877578735,0.00415008794516325
0.002024116227403283,-0.003541995771229267,0.00415017968043685
0.0021387310698628426,-0.003556191688403487,0.004150143824517727
0.0022410822566598654,-0.003475797828286886,0.004149999935179949
0.002131502376869321,-0.0034506109077483416,0.004150077700614929
0.0022495542652904987,-0.003486861940473318,0.004149999935179949
-0.002436928218230605,-0.003248994704335928,0.004150030203163624
-0.002556415041908622,-0.0032689087092876434,0.004150030203163624
-0.0024430260527879,-0.0033543603494763374,0.004150097258388996
-0.002334056654945016,-0.003247197950258851,0.004150128457695246
-0.0023323234636336565,-0.003346516052260995,0.004150107968598604
-0.002273357706144452,-0.0033503856975585222,0.004149999935179949
-0.0022492739371955395,-0.0032476496417075396,0.004149999935179949
-0.0017215564148500562,-0.003341667354106903,0.004150101915001869
-0.001721093081869185,-0.0031383296009153128,0.004150001797825098
-0.001518310746178031,-0.003137921914458275,0.0041500236839056015
-0.0013158014044165611,-0.003137839725241065,0.0041500539518892765
-0.0011133208172395825,-0.0031376597471535206,0.0041500357910990715
-0.0007083334494382143,-0.003136811312288046,0.004150007385760546
-0.0005059001850895584,-0.0031364639289677143,0.004150011111050844
-0.00030351991881616414,-0.003136358456686139,0.004150021355599165
-0.00010117157216882333,-0.003136390820145607,0.004150054883211851
0.00010116968041984364,-0.003136391518637538,0.004150105640292168
0.00030352090834639966,-0.0031363603193312883,0.004150148015469313
0.0005059051909483969,-0.003136466722935438,0.004150178283452988
0.0007083411910571158,-0.0031368141062557697,0.004150208085775375
0.0009108210797421634,-0.0031372499652206898,0.0041502234525978565
0.0011133262887597084,-0.003137656021863222,0.004150248598307371
0.0013158004730939865,-0.003137834370136261,0.004150202963501215
0.0015183081850409508,-0.003137919120490551,0.004150182008743286
0.001721090404316783,-0.0031383372843265533,0.004150192253291607
0.001924616750329733,-0.003139856271445751,0.004150178749114275
0.001924617332406342,-0.003140045329928398,0.004150091670453548
0.0017212873790413141,-0.0031383386813104153,0.004150191321969032
0.0017215571133419871,-0.00334152695722878,0.004150250926613808
0.002131283050402999,-0.0033489572815597057,0.00415001530200243
0.002027660608291626,-0.003345255274325609,0.004150055348873138
0.002027604728937149,-0.0033452543430030346,0.0041500539518892765
0.0021312988828867674,-0.003348957747220993,0.004150015767663717
0.0021312986500561237,-0.003348941681906581,0.00415001530200243
0.0019248058088123798,-0.003139859763905406,0.004150091204792261
0.002223095390945673,-0.0032475984189659357,0.004149999935179949
0.002232808619737625,-0.003247742773965001,0.004150017164647579
0.002235096413642168,-0.003352917730808258,0.004150017164647579
0.0024430782068520784,-0.003354541724547744,0.004150165244936943
0.00243700691498816,-0.0032489693257957697,0.00415015546604991
0.002332282718271017,-0.003346453420817852,0.00415013637393713
0.00233405246399343,-0.0032471700105816126,0.004150158725678921
-0.0023352906573563814,-0.0029440291691571474,0.004150004591792822
-0.0023352906573563814,-0.0029440196231007576,0.004150008782744408
-0.0023351963609457016,-0.0031470225658267736,0.004150028340518475
-0.002335300436243415,-0.002944020088762045,0.004150004591792822
-0.0023352811112999916,-0.002944019390270114,0.004150008782744408
-0.002335166558623314,-0.0031470221001654863,0.004150028340518475
-0.0013153929030522704,-0.0029343951027840376,0.004150009714066982
-0.00010116576595464721,-0.0029338267631828785,0.00415000319480896
0.00010116526391357183,-0.002933826996013522,0.00415009306743741
0.00030349986627697945,-0.0029338232707232237,0.004150165244936943
0.0005058455863036215,-0.002933863550424576,0.00415020389482379
0.0007082090596668422,-0.00293397787027061,0.00415022624656558
0.000910589937120676,-0.0029341308400034904,0.0041502173990011215
0.0011129846097901464,-0.0029342821799218655,0.00415021600201726
0.0013153927866369486,-0.002934393472969532,0.004150173161178827
0.0015178823377937078,-0.0029345673974603415,0.0041501484811306
0.0017206416232511401,-0.0029350740369409323,0.004150142893195152
0.001924036769196391,-0.0029363969806581736,0.00415011215955019
0.002128629246726632,-0.0029391306452453136,0.004150071181356907
0.0019241522531956434,-0.002936398610472679,0.004150111693888903
0.0021286297123879194,-0.002939205849543214,0.004150036256760359
0.0019246161682531238,-0.0031396718695759773,0.004150179214775562
0.0023351272102445364,-0.0031470106914639473,0.004150059074163437
0.002335295081138611,-0.0029440163634717464,0.004150000866502523
0.0021287028212100267,-0.0029391322750598192,0.004150070250034332
0.0023351891431957483,-0.0031470118556171656,0.004150059074163437
0.002335295081138611,-0.00294401403516531,0.004150002263486385
0.0022320528514683247,-0.00314501766115427,0.004150001332163811
0.0022320514544844627,-0.00314501766115427,0.004150001332163811
0.002547485288232565,-0.003158624516800046,0.00415003253147006
0.0024401068221777678,-0.0031514172442257404,0.004150047432631254
0.002440157113596797,-0.0031514193397015333,0.004150046966969967
0.0023352974094450474,-0.00294401403516531,0.004150000866502523
0.0025475213769823313,-0.0031585933174937963,0.004150032997131348
0.002547520911321044,-0.0031586268451064825,0.004150033928453922
0.002568437485024333,-0.003162110224366188,0.004149999935179949
-0.0025383997708559036,-0.002741609700024128,0.004150012508034706
-0.002538398839533329,-0.0027415824588388205,0.004150025080889463
-0.0025384249165654182,-0.0027415824588388205,0.004150012508034706
-0.0023352904245257378,-0.002944010077044368,0.004150009248405695
-0.0023324841167777777,-0.0027379640378057957,0.004150070250034332
-0.002538372529670596,-0.002741581993177533,0.004150025080889463
-0.001315220259130001,-0.0027316247578710318,0.004150013439357281
-0.0011128527112305164,-0.0027315677143633366,0.00415001530200243
0.00010116351768374443,-0.002731423592194915,0.004150060936808586
0.000303491746308282,-0.002731423592194915,0.004150133579969406
0.0005058232345618308,-0.002731436165049672,0.004150165244936943
0.0007081600488163531,-0.002731469227001071,0.004150184337049723
0.0009105029748752713,-0.0027315157931298018,0.004150175955146551
0.0011128532933071256,-0.0027315672487020493,0.004150178749114275
0.001315220259130001,-0.002731624525040388,0.004150138236582279
0.0015176511369645596,-0.002731749787926674,0.004150110762566328
0.0017202713061124086,-0.002732102759182453,0.004150101915001869
0.0019233414204791188,-0.002732989378273487,0.00415006373077631
0.002335295081138611,-0.0029440117068588734,0.004150002263486385
-0.0027417007368057966,-0.0025383939500898123,0.004150041379034519
-0.0027417007368057966,-0.002538437256589532,0.004150020889937878
-0.0027417459059506655,-0.002538395579904318,0.004150020889937878
-0.002741657430306077,-0.0025383932515978813,0.004150041379034519
-0.002535319421440363,-0.0025353110395371914,0.0041501400992274284
-0.0025383983738720417,-0.0027415563818067312,0.004150025080889463
-0.002330204239115119,-0.002532767131924629,0.004150048363953829
-0.0013151526218280196,-0.00252914079464972,0.004150021355599165
-0.0011128088226541877,-0.00252911658026278,0.004150046035647392
-0.0009104750351980329,-0.0025291007477790117,0.004150012042373419
0.00010116297198692337,-0.002529076300561428,0.00415003439411521
0.0003034892142750323,-0.0025290765333920717,0.004150095395743847
0.0005058162496425211,-0.002529079793021083,0.004150128457695246
0.0007081447984091938,-0.0025290881749242544,0.004150143824517727
0.0009104752098210156,-0.0025291007477790117,0.004150136839598417
0.0011128089390695095,-0.00252911658026278,0.004150145221501589
0.0013151526218280196,-0.00252914079464972,0.004150106105953455
0.001517532393336296,-0.0025292059872299433,0.00415006885305047
0.0017200192669406533,-0.002529395278543234,0.004150057677179575
0.0019227737793698907,-0.002529882825911045,0.004150040447711945
-0.003248775377869606,-0.0024369540624320507,0.004150122869759798
-0.0033543899189680815,-0.002443008590489626,0.0041502127423882484
-0.0032687182538211346,-0.0025568141136318445,0.004150099121034145
-0.0029440228827297688,-0.0023352683056145906,0.004150085616856813
-0.002944027306511998,-0.002335361670702696,0.004150043707340956
-0.002944114850834012,-0.0023352683056145906,0.00415004463866353
-0.0031467266380786896,-0.0023350196424871683,0.00415010005235672
-0.0027417000383138657,-0.0025383506435900927,0.004150041379034519
-0.002737982664257288,-0.002332456409931183,0.004150135908275843
-0.0029439327772706747,-0.0023352671414613724,0.004150086548179388
-0.002532762009650469,-0.002330176066607237,0.004150086548179388
-0.0023286007344722748,-0.00232859724201262,0.004150005057454109
-0.0013151280581951141,-0.0023267643991857767,0.004150021355599165
-0.0011127955513074994,-0.002326755551621318,0.00415006885305047
-0.0009104674682021141,-0.0023267511278390884,0.004150062333792448
-0.0007081406656652689,-0.002326748101040721,0.004150022752583027
0.00010116282646777108,-0.0023267455399036407,0.004150026012212038
0.0003034885448869318,-0.0023267455399036407,0.004150075372308493
0.0005058144452050328,-0.0023267462383955717,0.004150101449340582
0.0007081407238729298,-0.002326748101040721,0.00415011215955019
0.0009104674682021141,-0.0023267511278390884,0.004150103311985731
0.0011127955513074994,-0.002326755551621318,0.004150125198066235
0.0013151280581951141,-0.0023267643991857767,0.004150091204792261
0.0015174769796431065,-0.002326791873201728,0.004150037653744221
0.0017198772402480245,-0.0023268761578947306,0.004150007851421833
0.0019224121933802962,-0.0023271029349416494,0.004150000400841236
0.0021252408623695374,-0.00232761912047863,0.004150004591792822
0.0029439604841172695,-0.0023353383876383305,0.004150016698986292
0.002943958854302764,-0.0023353025317192078,0.004150032997131348
0.0031511869747191668,-0.0024399899411946535,0.004150086548179388
0.003158682957291603,-0.0025479672476649284,0.0041500902734696865
0.0031511907000094652,-0.002440081909298897,0.004150086082518101
0.0031587679404765368,-0.0025478682946413755,0.004150089807808399
0.0031587749253958464,-0.002547966316342354,0.004150092601776123
0.0029439940117299557,-0.0023353025317192078,0.004150017164647579
0.0031467515509575605,-0.0023349986877292395,0.004150065127760172
0.0032488107681274414,-0.0024368627928197384,0.00415019178763032
0.0032687284983694553,-0.002556456485763192,0.004150277469307184
-0.0033463879954069853,-0.002332302974537015,0.004150254651904106
-0.0032470214646309614,-0.0023340140469372272,0.004150256980210543
-0.0033528385683894157,-0.002235159045085311,0.004150067456066608
-0.0032476435881108046,-0.002232813276350498,0.004150099586695433
-0.0031467247754335403,-0.0023349144030362368,0.004150100983679295
-0.002939244033768773,-0.0021286187693476677,0.004150061868131161
-0.003144865855574608,-0.002231923397630453,0.004150066990405321
-0.002944020787253976,-0.0023351777344942093,0.004150086548179388
-0.002939116209745407,-0.0021286180708557367,0.004150121007114649
-0.0031448667868971825,-0.002231992781162262,0.004150068387389183
-0.002734851324930787,-0.002127282787114382,0.0041501205414533615
-0.0025309291668236256,-0.002126056468114257,0.004150067456066608
-0.0023276163265109062,-0.0021252369042485952,0.004150037188082933
-0.0013151197927072644,-0.002124423859640956,0.004150048363953829
-0.001112791826017201,-0.002124421065673232,0.004150105640292168
-0.0009104656055569649,-0.002124419901520014,0.004150118213146925
-0.0007081397343426943,-0.0021244194358587265,0.004150091204792261
-0.0005058140377514064,-0.002124418970197439,0.004150040913373232
-0.0003034883993677795,-0.0021244187373667955,0.00415001017972827
-0.00010116279736394063,-0.0021244187373667955,0.004150002263486385
0.00010116279736394063,-0.0021244187373667955,0.00415004463866353
0.0003034883993677795,-0.0021244187373667955,0.004150080494582653
0.0005058140377514064,-0.002124418970197439,0.004150098655372858
0.0007081397343426943,-0.0021244194358587265,0.004150098655372858
0.0009104656055569649,-0.002124419901520014,0.004150082357227802
0.001112791826017201,-0.002124421065673232,0.004150098655372858
0.0013151197927072644,-0.002124423859640956,0.004150069784373045
0.0015174539294093847,-0.0021244336385279894,0.004150021821260452
0.0021247772965580225,-0.0021247786935418844,0.004150005988776684
0.002327612368389964,-0.0021252394653856754,0.004150004126131535
0.002939108991995454,-0.0021286180708557367,0.004150033928453922
0.002939144615083933,-0.0021286183036863804,0.004150017164647579
0.002943958155810833,-0.0023352678399533033,0.004150032997131348
0.0031467503868043423,-0.002334930468350649,0.004150065127760172
0.003247555810958147,-0.0022620568051934242,0.004149999935179949
0.003247082233428955,-0.002333964454010129,0.004150140564888716
0.0034071917179971933,-0.002329600742086768,0.004149999935179949
0.003348918166011572,-0.002296048915013671,0.004149999935179949
0.0033464711159467697,-0.002332281321287155,0.00415007071569562
-0.0031398357823491096,-0.0019246968440711498,0.004150043241679668
-0.003139834152534604,-0.0019246074371039867,0.0041500842198729515
-0.003139923559501767,-0.0019246076699346304,0.004150043241679668
-0.0031397470738738775,-0.001924607204273343,0.004150084685534239
-0.002936387900263071,-0.001924031414091587,0.004150086082518101
-0.0029391145799309015,-0.0021284925751388073,0.004150121007114649
-0.0027329877484589815,-0.0019233376951888204,0.004150081425905228
-0.0025298811960965395,-0.0019227704033255577,0.004150058142840862
-0.002327102003619075,-0.0019224106799811125,0.004150024615228176
-0.0015174455475062132,-0.0019220972899347544,0.004150000400841236
-0.0013151172315701842,-0.0019220942631363869,0.004150069784373045
-0.0011127910111099482,-0.001922093564644456,0.004150116350501776
-0.0009104651981033385,-0.0019220932153984904,0.004150138236582279
-0.0007081395597197115,-0.0019220930989831686,0.004150131717324257
-0.0005058139795437455,-0.0019220930989831686,0.004150101915001869
-0.00030348837026394904,-0.0019220930989831686,0.004150076303631067
-0.00010116279008798301,-0.0019220930989831686,0.004150060471147299
0.00010116279008798301,-0.0019220930989831686,0.00415008794516325
0.00030348837026394904,-0.0019220930989831686,0.004150107502937317
0.0005058139795437455,-0.0019220930989831686,0.004150111693888903
0.0007081395597197115,-0.0019220930989831686,0.004150092601776123
0.0009104651981033385,-0.0019220932153984904,0.004150049760937691
0.0011127910111099482,-0.001922093564644456,0.004150047432631254
0.0013151172315701842,-0.0019220942631363869,0.004150032997131348
0.0015174455475062132,-0.0019220972899347544,0.004150016698986292
0.002529877470806241,-0.0019227713346481323,0.004150022752583027
0.0027329828590154648,-0.001923337229527533,0.004150016698986292
0.002936392091214657,-0.0019240271067246795,0.004150004126131535
0.003139856271445751,-0.0019246017327532172,0.004150004591792822
0.0029363965149968863,-0.0019240271067246795,0.004150004126131535
0.0031398560386151075,-0.00192459172103554,0.004150009248405695
0.0029391085263341665,-0.002128582913428545,0.004150033928453922
0.0031398660503327847,-0.00192459172103554,0.004150004591792822
-0.0036448738537728786,-0.0018224536906927824,0.00415023323148489
-0.003730630734935403,-0.001817329553887248,0.0041503156535327435
-0.0036657131277024746,-0.001945057767443359,0.004150175489485264
-0.003544299164786935,-0.0018227711552754045,0.004150139633566141
-0.003544299863278866,-0.0018226305255666375,0.004150137305259705
-0.003341773059219122,-0.0017216841224581003,0.004150066990405321
-0.0033417718950659037,-0.0017215462867170572,0.004150128923356533
-0.0035449001006782055,-0.0019243614515289664,0.004150058142840862
-0.0033419120591133833,-0.001721546403132379,0.004150068387389183
-0.0035447683185338974,-0.0017216859851032495,0.004150174092501402
-0.003544899867847562,-0.0019243026617914438,0.004150057211518288
-0.003544842591509223,-0.001924361800774932,0.004150056280195713
-0.003341637784615159,-0.0017215459374710917,0.004150130320340395
-0.003139833454042673,-0.0019245203584432602,0.004150084685534239
-0.00313832750543952,-0.001721084932796657,0.004150073509663343
-0.002935069380328059,-0.001720638945698738,0.004150055348873138
-0.0027321013621985912,-0.0017202699091285467,0.0041500357910990715
-0.0025293948128819466,-0.0017200182192027569,0.004150027874857187
-0.0015174428699538112,-0.001719768508337438,0.00415003253147006
-0.0013151165330782533,-0.0017197676934301853,0.004150058142840862
-0.0011127907782793045,-0.0017197675770148635,0.0041500842198729515
-0.0009104651398956776,-0.0017197674605995417,0.004150119610130787
-0.0007081395597197115,-0.0017197674605995417,0.004150137770920992
-0.0005058139795437455,-0.0017197674605995417,0.0041501326486468315
-0.00030348837026394904,-0.0017197674605995417,0.004150122869759798
-0.00010116279008798301,-0.0017197674605995417,0.004150106571614742
0.00010116279008798301,-0.0017197674605995417,0.004150114953517914
0.00030348837026394904,-0.0017197674605995417,0.0041501158848404884
0.0005058139795437455,-0.0017197674605995417,0.004150100983679295
0.0007081395597197115,-0.0017197674605995417,0.004150056745857
0.0015174428699538112,-0.001719768508337438,0.004150018561631441
0.0017197714187204838,-0.0017197715351358056,0.00415001017972827
0.002732102060690522,-0.001720268977805972,0.0041500055231153965
0.003138346364721656,-0.0017210778314620256,0.004150012508034706
0.0033418098464608192,-0.0017215398838743567,0.00415010517463088
0.003341810777783394,-0.0017216516425833106,0.0041500539518892765
0.0031398560386151075,-0.0019245819421485066,0.004150009248405695
0.0031383594032377005,-0.0017210778314620256,0.004150012508034706
0.003544331295415759,-0.0018226568354293704,0.00415014335885644
0.0035448125563561916,-0.0019243912538513541,0.004150065127760172
0.0035443303640931845,-0.0018228036351501942,0.0041501447558403015
0.003544878214597702,-0.001924323383718729,0.004150065593421459
0.003341924399137497,-0.0017215400002896786,0.004150055814534426
0.0035448786802589893,-0.0019243909046053886,0.004150066990405321
0.003544851904734969,-0.001721699838526547,0.004150168038904667
0.0036449250765144825,-0.0018224999075755477,0.00415023323148489
0.0036656579468399286,-0.0019451235421001911,0.004150200169533491
-0.003646531840786338,-0.0017219296423718333,0.004150297958403826
-0.003647593082860112,-0.0016210426110774279,0.004150227643549442
-0.0037663106340914965,-0.001742099062539637,0.00415035430341959
-0.0037480026949197054,-0.0016207126900553703,0.0041502718813717365
-0.003545817220583558,-0.0016206554137170315,0.004150141961872578
-0.003544769948348403,-0.0017215075204148889,0.0041501750238239765
-0.00354762258939445,-0.0015202176291495562,0.004150152672082186
-0.0033417721278965473,-0.001721413224004209,0.004150129854679108
-0.0033422810956835747,-0.0015190475387498736,0.004150062799453735
-0.0033421500120311975,-0.0015190467238426208,0.004150118678808212
-0.003545813960954547,-0.0016207995358854532,0.004150141030550003
-0.003137917025014758,-0.0015183094656094909,0.004150055348873138
-0.0029345660004764795,-0.001517882221378386,0.004150014836341143
-0.001719768508337438,-0.0015174428699538112,0.004150005988776684
-0.0015174420550465584,-0.0015174420550465584,0.004150012042373419
-0.0011127906618639827,-0.0015174418222159147,0.004150013905018568
-0.0009104651398956776,-0.0015174418222159147,0.004150069784373045
-0.0007081395597197115,-0.0015174418222159147,0.004150118213146925
-0.0005058139795437455,-0.0015174418222159147,0.004150147084146738
-0.00030348837026394904,-0.0015174418222159147,0.004150155931711197
-0.00010116279008798301,-0.0015174418222159147,0.004150139167904854
0.00010116279008798301,-0.0015174418222159147,0.004150124732404947
0.00030348837026394904,-0.0015174418222159147,0.004150100983679295
0.0005058139795437455,-0.0015174418222159147,0.00415006885305047
0.0025292059872299433,-0.0015175319276750088,0.004150006454437971
0.002731750486418605,-0.0015176497399806976,0.004150034859776497
0.0029345708899199963,-0.0015178786125034094,0.004150061402469873
0.0031379293650388718,-0.0015182991046458483,0.004150088876485825
0.003342174692079425,-0.0015190213453024626,0.004150141961872578
0.003545881249010563,-0.0016206849832087755,0.0041500902734696865
0.003341810079291463,-0.001721431384794414,0.004150106105953455
0.00354587915353477,-0.0016207767184823751,0.004150089342147112
0.003547664498910308,-0.0015201568603515625,0.004150118213146925
0.003342332784086466,-0.0015190222766250372,0.00415007583796978
0.0035448535345494747,-0.0017215270781889558,0.004150169435888529
0.003647663863375783,-0.0016210080357268453,0.004150139167904854
0.003646695287898183,-0.0017219596775248647,0.0041502658277750015
0.0037480094470083714,-0.0016206508735194802,0.004150159657001495
0.003766611684113741,-0.0017421520315110683,0.00415028678253293
0.0038246961776167154,-0.0016098845517262816,0.004150134511291981
-0.00375763769261539,-0.0015232755104079843,0.0041502793319523335
-0.003652062499895692,-0.0015214968007057905,0.00415025232359767
-0.0037627993151545525,-0.0014237513532862067,0.004150173626840115
-0.0036547863855957985,-0.0014211834641173482,0.00415010517463088
-0.0035495960619300604,-0.0014195891562849283,0.004150072578340769
-0.0033427055459469557,-0.0013166613643988967,0.004150062333792448
-0.0035476251505315304,-0.001520060934126377,0.004150154069066048
-0.003342150244861841,-0.0015189243713393807,0.004150119610130787
-0.0035495960619300604,-0.0014196635456755757,0.004150074440985918
-0.0033425744622945786,-0.0013166602002456784,0.004150121007114649
-0.003137836465612054,-0.0013158030342310667,0.004150064662098885
-0.0029343939386308193,-0.0013153934851288795,0.004150009714066982
-0.0009104651398956776,-0.0013151163002476096,0.0041500297375023365
-0.0007081395597197115,-0.0013151163002476096,0.004150103777647018
-0.0005058139795437455,-0.0013151163002476096,0.004150151740759611
-0.00030348837026394904,-0.0013151163002476096,0.004150166641920805
-0.00010116279008798301,-0.0013151163002476096,0.00415014335885644
0.00010116279008798301,-0.0013151163002476096,0.004150110762566328
0.00030348837026394904,-0.0013151163002476096,0.004150075372308493
0.0005058139795437455,-0.0013151163002476096,0.004150031600147486
0.0023267643991857767,-0.0013151279417797923,0.00415003951638937
0.002529141027480364,-0.0013151522725820541,0.004150073975324631
0.002731625223532319,-0.0013152192113921046,0.004150121472775936
0.002934396034106612,-0.0013153895270079374,0.0041501582600176334
0.0031378408893942833,-0.001315791392698884,0.004150166641920805
0.003342582145705819,-0.0013166307471692562,0.0041501824744045734
0.0035496288910508156,-0.0014195406110957265,0.004150040913373232
0.0033421749249100685,-0.0015188750112429261,0.004150142893195152
0.003549628658220172,-0.0014195822877809405,0.0041500418446958065
0.0035476665943861008,-0.0015200357884168625,0.004150118678808212
0.003342781448736787,-0.0013166324933990836,0.00415009493008256
0.003654833184555173,-0.0014210572699084878,0.004150036256760359
0.003652107436209917,-0.0015213896986097097,0.004150155931711197
0.0038574885111302137,-0.0015297455247491598,0.004150184337049723
0.003889454295858741,-0.001446721376851201,0.0041501447558403015
0.0037576693575829268,-0.0015230935532599688,0.0041501750238239765
0.0037628840655088425,-0.001423543319106102,0.004150127526372671
-0.0038624347653239965,-0.001321426942013204,0.004150258842855692
-0.003865869715809822,-0.0012206630781292915,0.004150186665356159
-0.003937583416700363,-0.0013101977529004216,0.004150263965129852
-0.003964651841670275,-0.001226235181093216,0.0041501945815980434
-0.0037600866053253412,-0.0013212005142122507,0.004150136839598417
-0.003761305706575513,-0.0012196337338536978,0.004150163847953081
-0.0037613080348819494,-0.0012198027689009905,0.004150162450969219
-0.003760234685614705,-0.0013210600009188056,0.0041501387022435665
-0.0035494721960276365,-0.0011155980173498392,0.0041500297375023365
-0.003759232582524419,-0.001117707695811987,0.004150140564888716
-0.003549471963196993,-0.0011155364336445928,0.004150058142840862
-0.0037602330558001995,-0.0013212024932727218,0.00415014335885644
-0.0035495408810675144,-0.0011155372485518456,0.004150032065808773
-0.0035494109615683556,-0.0011155359679833055,0.004150058142840862
-0.0033424044959247112,-0.0011140891583636403,0.00415006885305047
-0.0033425744622945786,-0.0013165355194360018,0.004150121472775936
-0.003137659514322877,-0.0011133262887597084,0.004150045569986105
-0.0009104651398956776,-0.0011127906618639827,0.0041500055231153965
-0.0007081395597197115,-0.0011127906618639827,0.00415008282288909
-0.0005058139795437455,-0.0011127906618639827,0.004150137305259705
-0.00030348837026394904,-0.0011127906618639827,0.004150151740759611
-0.00010116279008798301,-0.0011127906618639827,0.00415011728182435
0.00010116279008798301,-0.0011127906618639827,0.004150073975324631
0.00030348837026394904,-0.0011127906618639827,0.004150030668824911
0.002124421065673232,-0.001112791826017201,0.004150016698986292
0.002326755551621318,-0.0011127954348921776,0.004150073975324631
0.00252911658026278,-0.0011128087062388659,0.004150118213146925
0.0027315677143633366,-0.001112852361984551,0.00415017269551754
0.00293428311124444,-0.0011129818158224225,0.00415020203217864
0.0031376578845083714,-0.0011133179068565369,0.004150183871388435
0.003342396579682827,-0.0011140683200210333,0.004150178749114275
0.0035494433250278234,-0.001115491846576333,0.004150175955146551
0.0035494437906891108,-0.001115678925998509,0.004150091204792261
0.0033425840083509684,-0.0011140696005895734,0.004150179214775562
0.0033425819128751755,-0.0013164427364245057,0.004150183405727148
0.003761196043342352,-0.0012193982256576419,0.004150363616645336
0.0037612011656165123,-0.0012197733158245683,0.0041503626853227615
0.0037600616924464703,-0.001321104122325778,0.0041501508094370365
0.0037602244410663843,-0.0013209496391937137,0.004150153137743473
0.0037602228112518787,-0.0013211063342168927,0.004150157794356346
0.0035496524069458246,-0.0011154941748827696,0.004150098189711571
0.0037591506261378527,-0.0011176248081028461,0.004150415305048227
0.003865673439577222,-0.0012207162799313664,0.004150589928030968
0.0038623809814453125,-0.0013213842175900936,0.004150437656790018
-0.0038609930779784918,-0.0010479831835255027,0.004149999935179949
-0.003978671971708536,-0.0010977538768202066,0.004149999935179949
-0.003989914897829294,-0.0011412310414016247,0.004150094464421272
-0.0038654368836432695,-0.0011191392550244927,0.0041501750238239765
-0.003549471264705062,-0.001115475781261921,0.004150059074163437
-0.003753851167857647,-0.0009131800034083426,0.004150021355599165
-0.003759227693080902,-0.001117558917030692,0.00415014335885644
-0.0009104651398956776,-0.0009104651398956776,0.004150016698986292
-0.0007081395597197115,-0.0009104651398956776,0.00415008282288909
-0.0005058139795437455,-0.0009104651398956776,0.004150130786001682
-0.00030348837026394904,-0.0009104651398956776,0.004150139167904854
-0.00010116279008798301,-0.0009104651398956776,0.00415009493008256
0.00010116279008798301,-0.0009104651398956776,0.004150042776018381
0.0023267511278390884,-0.0009104674682021141,0.004150054883211851
0.0025291007477790117,-0.0009104750351980329,0.004150103777647018
0.0027315157931298018,-0.0009105023345910013,0.004150148015469313
0.002934130607172847,-0.0009105878998525441,0.004150159657001495
0.0031372488010674715,-0.0009108151425607502,0.004150111228227615
0.003341388190165162,-0.0009113164851441979,0.00415008794516325
0.0035470393486320972,-0.0009121838957071304,0.004150028806179762
0.0037564083468168974,-0.0010150008602067828,0.0041503761895000935
0.0035494412295520306,-0.001115308841690421,0.0041501778177917
0.003753818804398179,-0.0009132028790190816,0.0041503519751131535
0.003756416728720069,-0.0010153893381357193,0.004150372929871082
0.0035470735747367144,-0.0009121840703301132,0.004150016233325005
0.0037591364234685898,-0.001117187668569386,0.00415042182430625
0.0038589374162256718,-0.0010157086653634906,0.00415001017972827
0.0038653207011520863,-0.0011189663782715797,0.004150124732404947
0.003957271110266447,-0.001014862791635096,0.0041522067040205
0.003989799413830042,-0.001140856882557273,0.004153148271143436
0.004026960581541061,-0.0010024593211710453,0.004154928494244814
-0.003965210635215044,-0.0008132699294947088,0.004150054883211851
-0.003962573129683733,-0.0008642440079711378,0.004149999935179949
-0.003947524819523096,-0.0008131079957820475,0.004149999935179949
-0.0037538509350270033,-0.0009131578844971955,0.004150021355599165
-0.0019220930989831686,-0.0007081395597197115,0.004150007385760546
-0.0009104651398956776,-0.0007081395597197115,0.004150051157921553
-0.0007081395597197115,-0.0007081395597197115,0.004150097724050283
-0.0005058139795437455,-0.0007081395597197115,0.004150123335421085
-0.00030348837026394904,-0.0007081395597197115,0.004150110762566328
-0.00010116279008798301,-0.0007081395597197115,0.004150051157921553
0.002326748101040721,-0.0007081406656652689,0.004150010645389557
0.0025290881749242544,-0.0007081446819938719,0.00415005162358284
0.002731469227001071,-0.0007081596413627267,0.004150080494582653
0.00293397787027061,-0.0007082077208906412,0.004150065593421459
0.003753816708922386,-0.0009128423989750445,0.0041503505781292915
0.003753538243472576,-0.0008115486125461757,0.004150147549808025
0.0035470391158014536,-0.0009121541515924037,0.004150028806179762
0.0037535401061177254,-0.0008117001852951944,0.004150152672082186
0.003858397714793682,-0.0008124220184981823,0.004150500521063805
0.0038575027137994766,-0.0009137173183262348,0.004150768276304007
0.004036613740026951,-0.0009135475847870111,0.004149999935179949
0.004049994982779026,-0.0009041514713317156,0.004149999935179949
0.004067821428179741,-0.000820590415969491,0.004150474909693003
0.003959994297474623,-0.0009139112080447376,0.00415036641061306
0.003965144045650959,-0.0008134895469993353,0.004150609485805035
-0.004042243584990501,-0.0006065804627723992,0.004151221364736557
-0.004106875043362379,-0.0005946346209384501,0.0041529168374836445
-0.00408475985750556,-0.0007321820012293756,0.004151841159909964
-0.003942800685763359,-0.0005058346432633698,0.004150190390646458
-0.003942788578569889,-0.0005056375521235168,0.004150192718952894
-0.0019220930989831686,-0.0005058139795437455,0.00415001017972827
-0.0017197674605995417,-0.0005058139795437455,0.004150028340518475
-0.0015174418222159147,-0.0005058139795437455,0.004150031134486198
-0.0013151163002476096,-0.0005058139795437455,0.00415004650130868
-0.0011127906618639827,-0.0005058139795437455,0.004150065593421459
-0.0009104651398956776,-0.0005058139795437455,0.004150098189711571
-0.0007081395597197115,-0.0005058139795437455,0.004150116350501776
-0.0005058139795437455,-0.0005058139795437455,0.004150114022195339
-0.00030348837026394904,-0.0005058139795437455,0.004150073044002056
-0.00010116279008798301,-0.0005058139795437455,0.00415001017972827
0.003948554862290621,-0.000607938738539815,0.004150231368839741
0.003948584198951721,-0.0006081886240281165,0.004150239285081625
0.003960750065743923,-0.0007111961604095995,0.004150209482759237
0.0039429375901818275,-0.0005059844115749002,0.004150295630097389
0.0039429194293916225,-0.0005056785885244608,0.004150297027081251
0.003960540983825922,-0.0007111954037100077,0.0041501992382109165
0.004042330663651228,-0.0006067708018235862,0.004151359666138887
0.004084577318280935,-0.0007323948666453362,0.004151881672441959
-0.004051973111927509,-0.0005045097204856575,0.004149999935179949
-0.0040379357524216175,-0.0005048211314715445,0.0041500721126794815
-0.004040411673486233,-0.00045612279791384935,0.004149999935179949
-0.003943838179111481,-0.0004044339875690639,0.004150005057454109
-0.003943838179111481,-0.00040442857425659895,0.0041500055231153965
-0.0019220930989831686,-0.00030348837026394904,0.00415002228692174
-0.0017197674605995417,-0.00030348837026394904,0.004150060936808586
-0.0015174418222159147,-0.00030348837026394904,0.004150078631937504
-0.0013151163002476096,-0.00030348837026394904,0.00415009493008256
-0.0011127906618639827,-0.00030348837026394904,0.004150102846324444
-0.0009104651398956776,-0.00030348837026394904,0.004150118213146925
-0.0007081395597197115,-0.00030348837026394904,0.004150107502937317
-0.0005058139795437455,-0.00030348837026394904,0.004150070250034332
-0.00030348837026394904,-0.00030348837026394904,0.0041500236839056015
0.003944019787013531,-0.00040450957021676004,0.004150054883211851
0.003944020718336105,-0.00040445325430482626,0.004150057211518288
0.004043032880872488,-0.0004088871064595878,0.004149999935179949
0.0040211547166109085,-0.00040428226930089295,0.004149999935179949
0.004038133658468723,-0.0005048020393587649,0.004150344058871269
-0.0021244187373667955,-0.00010116279736394063,0.004150005988776684
-0.0019220930989831686,-0.00010116279008798301,0.004150073509663343
-0.0017197674605995417,-0.00010116279008798301,0.004150107968598604
-0.0015174418222159147,-0.00010116279008798301,0.0041501191444695
-0.0013151163002476096,-0.00010116279008798301,0.004150119610130787
-0.0011127906618639827,-0.00010116279008798301,0.00415010703727603
-0.0009104651398956776,-0.00010116279008798301,0.004150104243308306
-0.0007081395597197115,-0.00010116279008798301,0.004150068387389183
-0.0005058139795437455,-0.00010116279008798301,0.004150019958615303
-0.00010116279008798301,-0.00010116279008798301,0.00415000831708312
0.00010116279008798301,-0.00010116279008798301,0.004150025546550751
-0.002529076300561428,0.00010116297198692337,0.00415002228692174
-0.0023267455399036407,0.00010116282646777108,0.0041500539518892765
-0.0021244187373667955,0.00010116279736394063,0.004150099586695433
-0.0019220930989831686,0.00010116279008798301,0.004150155931711197
-0.0017197674605995417,0.00010116279008798301,0.00415017269551754
-0.0015174418222159147,0.00010116279008798301,0.004150161519646645
-0.0013151163002476096,0.00010116279008798301,0.004150134511291981
-0.0011127906618639827,0.00010116279008798301,0.004150095395743847
-0.0009104651398956776,0.00010116279008798301,0.004150072578340769
-0.0007081395597197115,0.00010116279008798301,0.004150027874857187
-0.00030348837026394904,0.00010116279008798301,0.004150004591792822
-0.00010116279008798301,0.00010116279008798301,0.004150031134486198
0.00010116279008798301,0.00010116279008798301,0.004150028340518475
-0.002933822339400649,0.00030349925509653986,0.004150025080889463
-0.002731423359364271,0.0003034915716852993,0.004150039982050657
-0.002529076300561428,0.00030348915606737137,0.004150077700614929
-0.0023267455399036407,0.0003034885448869318,0.004150137770920992
-0.0021244187373667955,0.0003034883993677795,0.004150196444243193
-0.0019220930989831686,0.00030348837026394904,0.004150245804339647
-0.0017197674605995417,0.00030348837026394904,0.004150253254920244
-0.0015174418222159147,0.00030348837026394904,0.0041502127423882484
-0.0013151163002476096,0.00030348837026394904,0.0041501582600176334
-0.0011127906618639827,0.00030348837026394904,0.004150088410824537
-0.0009104651398956776,0.00030348837026394904,0.004150042776018381
-0.0007081395597197115,0.00030348837026394904,0.004150000866502523
-0.00030348837026394904,0.00030348837026394904,0.004150002263486385
-0.00010116279008798301,0.00030348837026394904,0.004150004591792822
-0.004044386092573404,0.000383957929443568,0.004149999935179949
-0.004043050110340118,0.0004042359651066363,0.004150074440985918
-0.00407978892326355,0.0004042215005028993,0.004149999935179949
-0.0039438363164663315,0.00040454757981933653,0.004150116350501776
-0.003943838179111481,0.00040442857425659895,0.004150121472775936
-0.003942788112908602,0.0005056374939158559,0.004150331486016512
-0.003339375602081418,0.0005060154944658279,0.004150014370679855
-0.0031364643946290016,0.0005059002432972193,0.004150036256760359
-0.0029338630847632885,0.0005058441311120987,0.004150071181356907
-0.0027314359322190285,0.0005058228271082044,0.0041500842198729515
-0.002529079793021083,0.0005058161914348602,0.00415012938901782
-0.0023267462383955717,0.0005058144452050328,0.004150195047259331
-0.002124418970197439,0.0005058140377514064,0.0041502476669847965
-0.0019220930989831686,0.0005058139795437455,0.004150288179516792
-0.0017197674605995417,0.0005058139795437455,0.004150287713855505
-0.0015174418222159147,0.0005058139795437455,0.004150234628468752
-0.0013151163002476096,0.0005058139795437455,0.004150163382291794
-0.0011127906618639827,0.0005058139795437455,0.004150076303631067
-0.0009104651398956776,0.0005058139795437455,0.004150017164647579
0.0019220930989831686,0.0005058139795437455,0.004150005988776684
0.002124418970197439,0.0005058140377514064,0.00415002228692174
-0.0041186935268342495,0.0005060777766630054,0.004149999935179949
-0.004094500094652176,0.0005035663489252329,0.004149999935179949
-0.0040379357524216175,0.0005048211314715445,0.004150262102484703
-0.004106875043362379,0.0005946346209384501,0.004153268411755562
-0.004042243584990501,0.0006065804627723992,0.004151596687734127
-0.00394853251054883,0.0006078588776290417,0.004150066990405321
-0.003942808136343956,0.0005059760296717286,0.004150327295064926
-0.0039608473889529705,0.0007110062288120389,0.004150046035647392
-0.003960801288485527,0.0007110060541890562,0.004150043707340956
-0.0039485241286456585,0.0006077887373976409,0.004150064662098885
-0.0035449503920972347,0.0007091122679412365,0.0041500963270664215
-0.0035450595896691084,0.0007091127918101847,0.004150052089244127
-0.0033403283450752497,0.0007086164550855756,0.00415008282288909
-0.003136813174933195,0.0007083350792527199,0.004150074906647205
-0.00293397787027061,0.0007082073716446757,0.00415011215955019
-0.002731469227001071,0.0007081596413627267,0.004150122869759798
-0.0025290881749242544,0.0007081446819938719,0.0041501643136143684
-0.002326748101040721,0.0007081406656652689,0.00415022112429142
-0.0021244194358587265,0.0007081397343426943,0.004150252789258957
-0.0019220930989831686,0.0007081395597197115,0.004150268156081438
-0.0017197674605995417,0.0007081395597197115,0.004150259308516979
-0.0015174418222159147,0.0007081395597197115,0.00415020389482379
-0.0013151163002476096,0.0007081395597197115,0.004150137770920992
-0.0011127906618639827,0.0007081395597197115,0.004150052554905415
0.0019220930989831686,0.0007081395597197115,0.004150009714066982
0.0021244194358587265,0.0007081397343426943,0.004150060936808586
0.002326748101040721,0.0007081406656652689,0.004150050692260265
0.0025290881749242544,0.0007081446819938719,0.004150010645389557
0.00293397787027061,0.0007082076626829803,0.004150013439357281
0.003136813174933195,0.0007083369418978691,0.004150059074163437
0.003340327413752675,0.0007086246623657644,0.004150085151195526
-0.003857917385175824,0.0007776814163662493,0.004149999935179949
-0.003858446842059493,0.0008122923318296671,0.004150153137743473
-0.003965210635215044,0.0008132699294947088,0.004150428809225559
-0.003753574099391699,0.0008115546661429107,0.004150066524744034
-0.003547299886122346,0.0009121850598603487,0.004150114953517914
-0.003547058207914233,0.0009121837210841477,0.004150204360485077
-0.0035449513234198093,0.0007092104060575366,0.004150095395743847
-0.003753853030502796,0.000913180410861969,0.004150344990193844
-0.0037535750307142735,0.0008116230019368231,0.00415006885305047
-0.0037538509350270033,0.0009128255187533796,0.004150344990193844
-0.0033413958735764027,0.0009113200940191746,0.004150132182985544
-0.003137251129373908,0.0009108176454901695,0.004150130320340395
-0.0029341313056647778,0.0009105890057981014,0.004150160122662783
-0.0027315160259604454,0.0009105027420446277,0.0041501750238239765
-0.0025291007477790117,0.0009104751516133547,0.004150200169533491
-0.0023267511278390884,0.0009104674682021141,0.004150226712226868
-0.002124419901520014,0.0009104656055569649,0.0041502295061945915
-0.0019220932153984904,0.0009104651981033385,0.004150211811065674
-0.0017197674605995417,0.0009104651398956776,0.004150183871388435
-0.0015174418222159147,0.0009104651398956776,0.004150131717324257
-0.0013151163002476096,0.0009104651398956776,0.004150084685534239
-0.0011127906618639827,0.0009104651398956776,0.004150025546550751
0.0019220932153984904,0.0009104651981033385,0.004150012508034706
0.002124419901520014,0.0009104656055569649,0.0041500902734696865
0.0023267511278390884,0.0009104674682021141,0.004150104243308306
0.0025291007477790117,0.0009104750351980329,0.004150080494582653
0.0027315157931298018,0.0009105023345910013,0.004150052089244127
0.002934130607172847,0.0009105878998525441,0.004150069318711758
0.0031372488010674715,0.0009108151425607502,0.004150126129388809
0.003341388190165162,0.000911316426936537,0.004150179214775562
0.0035470393486320972,0.0009121837792918086,0.0041500963270664215
0.003753816708922386,0.0009129921672865748,0.004150204826146364
0.0035471527371555567,0.0009121844195760787,0.0041500539518892765
0.0037538178730756044,0.0009132026461884379,0.00415020389482379
0.0040749432519078255,0.000730745552573353,0.004149999935179949
0.004084577318280935,0.0007323948666453362,0.00415002228692174
0.004082539118826389,0.0007431220728904009,0.004149999935179949
-0.0038575350772589445,0.0009136619628407061,0.004150471184402704
-0.0038589821197092533,0.0010157799115404487,0.004150696564465761
-0.003960009198635817,0.0009137954330071807,0.004150462336838245
-0.003957255743443966,0.001014935551211238,0.004150323569774628
-0.0037564700469374657,0.0010154384654015303,0.004150507040321827
-0.003759214887395501,0.0011170475045219064,0.004150638356804848
-0.0035470607690513134,0.0009123917552642524,0.00415020203217864
-0.003549471963196993,0.0011155364336445928,0.0041503943502902985
-0.0035499378573149443,0.0011155417887493968,0.0041502187959849834
-0.003759236540645361,0.0011177088599652052,0.00415062764659524
-0.003756458405405283,0.0010149091249331832,0.004150512162595987
-0.003342404728755355,0.0011140891583636403,0.004150276072323322
-0.003137659514322877,0.0011133264051750302,0.004150249995291233
-0.0029342833440750837,0.00111298484262079,0.004150265362113714
-0.0027315677143633366,0.0011128532933071256,0.004150275141000748
-0.00252911658026278,0.0011128089390695095,0.004150266759097576
-0.002326755551621318,0.0011127955513074994,0.00415025046095252
-0.002124421065673232,0.001112791826017201,0.0041502187959849834
-0.001922093564644456,0.0011127910111099482,0.004150169901549816
-0.0017197675770148635,0.0011127907782793045,0.0041501084342598915
-0.0015174418222159147,0.0011127906618639827,0.004150048829615116
-0.0013151163002476096,0.0011127906618639827,0.004150024149566889
-0.0011127906618639827,0.0011127906618639827,0.004150004591792822
-0.0009104651398956776,0.0011127906618639827,0.004150016233325005
-0.0007081395597197115,0.0011127906618639827,0.004150036722421646
-0.0005058139795437455,0.0011127906618639827,0.004150031600147486
0.001922093564644456,0.0011127910111099482,0.004150047432631254
0.002124421065673232,0.001112791826017201,0.0041501191444695
0.002326755551621318,0.0011127954348921776,0.004150147084146738
0.00252911658026278,0.0011128087062388659,0.004150144290179014
0.0027315677143633366,0.001112852361984551,0.004150129854679108
0.00293428311124444,0.0011129818158224225,0.004150149878114462
0.0031376578845083714,0.0011133179068565369,0.004150217864662409
0.003342396579682827,0.0011140683200210333,0.0041503142565488815
0.0035494433250278234,0.001115491846576333,0.004150310531258583
0.0035498086363077164,0.001115495921112597,0.004150171298533678
0.003756411373615265,0.0010151469614356756,0.004150234628468752
0.0037564164958894253,0.0010153892217203975,0.004150232300162315
0.003759135026484728,0.0011171349324285984,0.0041504730470478535
0.0035470405127853155,0.000912281742785126,0.004150095395743847
0.0037591508589684963,0.0011176250409334898,0.004150464665144682
0.0038589376490563154,0.0010157086653634906,0.00415030075237155
0.0038575022481381893,0.000913717201910913,0.004150127060711384
-0.003865437349304557,0.0011191394878551364,0.004151009023189545
-0.0038658699486404657,0.0012206630781292915,0.004150866996496916
-0.003989914897829294,0.0011412310414016247,0.00415061367675662
-0.003964651841670275,0.001226235181093216,0.004150888416916132
-0.003760239575058222,0.0013206530129536986,0.00415053591132164
-0.0037612991873174906,0.0012191147543489933,0.004150667693465948
-0.0037613085005432367,0.0012198030017316341,0.0041506653651595116
-0.0035494728945195675,0.0011159555288031697,0.00415020389482379
-0.003654531668871641,0.001319728558883071,0.004150143824517727
-0.0036543875467032194,0.0013197268126532435,0.004150135908275843
-0.003760233288630843,0.0013212024932727218,0.004150553606450558
-0.003549253335222602,0.001318203518167138,0.004150119610130787
-0.0037596668116748333,0.0013211948098614812,0.004150529857724905
-0.0033424049615859985,0.0011143704177811742,0.00415027467533946
-0.003342574695125222,0.0013166603166610003,0.004150334745645523
-0.0033429390750825405,0.0013166635762900114,0.004150173626840115
-0.0035490577574819326,0.001115533523261547,0.00415039574727416
-0.003137836465612054,0.0013158031506463885,0.004150328226387501
-0.0029343939386308193,0.0013153936015442014,0.004150351509451866
-0.002731624525040388,0.0013152204919606447,0.004150353372097015
-0.00252914079464972,0.0013151526218280196,0.004150331486016512
-0.0023267643991857767,0.0013151280581951141,0.00415030075237155
-0.002124423859640956,0.0013151197927072644,0.00415025232359767
-0.0019220942631363869,0.0013151172315701842,0.0041501871310174465
-0.0017197676934301853,0.0013151165330782533,0.0041501023806631565
-0.0015174419386312366,0.0013151163002476096,0.004150023218244314
-0.0011127906618639827,0.0013151163002476096,0.004150006454437971
-0.0009104651398956776,0.0013151163002476096,0.00415005162358284
-0.0007081395597197115,0.0013151163002476096,0.004150089342147112
-0.0005058139795437455,0.0013151163002476096,0.004150076769292355
-0.00030348837026394904,0.0013151163002476096,0.004150019027292728
0.0017197676934301853,0.0013151165330782533,0.004150012973695993
0.0019220942631363869,0.0013151172315701842,0.004150072578340769
0.002124423859640956,0.0013151197927072644,0.004150113090872765
0.0023267643991857767,0.0013151280581951141,0.004150134511291981
0.002529141027480364,0.001315152388997376,0.004150148015469313
0.002731625223532319,0.0013152193278074265,0.0041501522064208984
0.002934396266937256,0.001315389759838581,0.004150177352130413
0.003137841122224927,0.0013157916255295277,0.004150252789258957
0.003342582145705819,0.001316630863584578,0.004150351509451866
0.003549444256350398,0.0011158216511830688,0.00415016058832407
0.0033429639879614115,0.001316634239628911,0.004150182008743286
0.0033427239395678043,0.001114070531912148,0.004150312393903732
0.0033423968125134706,0.00111438799649477,0.004150311928242445
0.0035492638126015663,0.0013181384420022368,0.004150092136114836
0.0037602228112518787,0.0013211063342168927,0.004150471184402704
0.0036544844042509794,0.0013196341460570693,0.00415005860850215
0.0037597408518195152,0.0013210998149588704,0.00415045116096735
0.003760227933526039,0.0013206395087763667,0.004150455351918936
0.0036545463372021914,0.0013196348445490003,0.004150061868131161
0.003761201398447156,0.00121977343223989,0.00415053591132164
0.003761193947866559,0.001219219178892672,0.004150537308305502
0.0038656736724078655,0.0012207162799313664,0.004150730557739735
0.0038653213996440172,0.0011189666111022234,0.004150785971432924
-0.003889285260811448,0.0014470252208411694,0.0041506034322083
-0.003937583416700363,0.0013101977529004216,0.004150801803916693
-0.0038624347653239965,0.001321426942013204,0.0041507817804813385
-0.0037627993151545525,0.0014237513532862067,0.0041505321860313416
-0.003654786618426442,0.0014211834641173482,0.0041503747925162315
-0.003342150244861841,0.0015190469566732645,0.004150289110839367
-0.0035495967604219913,0.0014194308314472437,0.004150227177888155
-0.003549596294760704,0.0014196636620908976,0.00415023323148489
-0.0033425739966332912,0.0013170003658160567,0.004150331951677799
-0.0033424708526581526,0.0015190490521490574,0.00415015360340476
-0.0035476272460073233,0.0015199711779132485,0.004150242079049349
-0.0035476230550557375,0.001520217745564878,0.0041502402164042
-0.0031379179563373327,0.0015183102805167437,0.004150315187871456
-0.0029345666989684105,0.001517882919870317,0.004150342661887407
-0.0027317495550960302,0.0015176512533798814,0.004150359891355038
-0.0025292059872299433,0.001517532393336296,0.004150354769080877
-0.002326791873201728,0.0015174769796431065,0.0041503384709358215
-0.0021244336385279894,0.0015174539294093847,0.004150306340306997
-0.0019220972899347544,0.0015174455475062132,0.004150243476033211
-0.001719768508337438,0.0015174428699538112,0.004150151275098324
-0.0015174420550465584,0.0015174420550465584,0.004150048363953829
-0.0009104651398956776,0.0015174418222159147,0.004150053020566702
-0.0007081395597197115,0.0015174418222159147,0.004150099121034145
-0.0005058139795437455,0.0015174418222159147,0.004150086082518101
-0.00030348837026394904,0.0015174418222159147,0.004150018095970154
0.0015174420550465584,0.0015174420550465584,0.004150028806179762
0.001719768508337438,0.0015174428699538112,0.004150061402469873
0.0019220972899347544,0.0015174455475062132,0.0041500781662762165
0.0021244336385279894,0.0015174540458247066,0.004150091204792261
0.002326791873201728,0.0015174769796431065,0.004150113556534052
0.0025292064528912306,0.0015175322769209743,0.004150142893195152
0.002731751184910536,0.0015176503220573068,0.004150153137743473
0.002934571821242571,0.0015178794274106622,0.004150178283452988
0.0031379302963614464,0.0015183000359684229,0.004150252789258957
0.0033421749249100685,0.001519021694548428,0.0041503459215164185
0.00334255862981081,0.0015190241392701864,0.004150184337049723
0.0035476654302328825,0.001520157209597528,0.004150356166064739
0.0035496291238814592,0.0014195825206115842,0.004150284454226494
0.003342581447213888,0.0013169868616387248,0.004150347784161568
0.003547671716660261,0.001519791316241026,0.00415035942569375
0.0035496295895427465,0.0014192985836416483,0.004150277469307184
0.0036548334173858166,0.0014210573863238096,0.004150427877902985
0.0038623809814453125,0.0013213842175900936,0.004150696564465761
0.003889454295858741,0.001446721376851201,0.0041505745612084866
0.0037628840655088425,0.001423543319106102,0.004150569438934326
-0.003652062499895692,0.0015214969171211123,0.004150400869548321
-0.003647593082860112,0.0016210426110774279,0.0041502988897264
-0.00375763769261539,0.0015232755104079843,0.004150501452386379
-0.0037480026949197054,0.0016207126900553703,0.00415038550272584
-0.003342149779200554,0.001519340556114912,0.00415028678253293
-0.0033417728263884783,0.0017215473344549537,0.004150229040533304
-0.00354581861756742,0.0016205997671931982,0.00415019690990448
-0.0033420217223465443,0.0017215475672855973,0.004150121007114649
-0.0035447683185338974,0.0017216862179338932,0.00415020901709795
-0.0035458144266158342,0.001620799652300775,0.004150195047259331
-0.0035447704140096903,0.0017214711988344789,0.004150210414081812
-0.0031383312307298183,0.00172108830884099,0.004150223918259144
-0.002935072174295783,0.0017206413904204965,0.004150254186242819
-0.002732102759182453,0.0017202711896970868,0.004150285851210356
-0.0025293955113738775,0.0017200190341100097,0.004150299821048975
-0.0023268763907253742,0.0017198772402480245,0.004150310531258583
-0.00212446553632617,0.0017198090208694339,0.004150311462581158
-0.0019221077673137188,0.0017197811976075172,0.004150277469307184
-0.0017197715351358056,0.0017197714187204838,0.0041501992382109165
-0.0015174428699538112,0.001719768508337438,0.004150087013840675
-0.0009104651398956776,0.0017197674605995417,0.00415002228692174
-0.0007081395597197115,0.0017197674605995417,0.00415007071569562
-0.0005058139795437455,0.0017197674605995417,0.004150056280195713
0.0013151165330782533,0.0017197676934301853,0.00415003253147006
0.0015174428699538112,0.001719768508337438,0.004150066990405321
0.0017197714187204838,0.0017197714187204838,0.004150057677179575
0.001922107650898397,0.001719781314022839,0.004150038119405508
0.00212446553632617,0.0017198091372847557,0.004150054883211851
0.0023268761578947306,0.0017198774730786681,0.004150114953517914
0.0025293955113738775,0.001720019499771297,0.004150167107582092
0.0027321043889969587,0.0017202711896970868,0.004150172229856253
0.0029350793920457363,0.001720638945698738,0.004150175955146551
0.003138350322842598,0.0017210813239216805,0.004150233697146177
0.0033418110106140375,0.001721541048027575,0.004150346852838993
0.003544856095686555,0.0017212891252711415,0.004150402266532183
0.003545887768268585,0.0016203869599848986,0.00415038364008069
0.0033421884290874004,0.0017215413972735405,0.004150183405727148
0.003544852137565613,0.0017217000713571906,0.004150399938225746
0.0033421742264181376,0.00151937291957438,0.004150342661887407
0.0035458793863654137,0.0016207769513130188,0.004150380380451679
0.003647663863375783,0.0016210080357268453,0.004150564782321453
0.0036521076690405607,0.0015213898150250316,0.0041506001725792885
0.0038574885111302137,0.0015297455247491598,0.004150652326643467
0.0038246961776167154,0.0016098845517262816,0.004150606691837311
0.0037576693575829268,0.0015230935532599688,0.0041506728157401085
0.0037480094470083714,0.0016206508735194802,0.004150637425482273
-0.003646531840786338,0.0017219296423718333,0.004150328692048788
-0.0036448738537728786,0.0018224536906927824,0.004150252789258957
-0.0037663106340914965,0.001742099062539637,0.00415040273219347
-0.003730630734935403,0.001817329553887248,0.0041503324173390865
-0.003544899635016918,0.0019242684356868267,0.0041500902734696865
-0.003544299164786935,0.0018227711552754045,0.004150160122662783
-0.0033417746890336275,0.0017217911081388593,0.004150118213146925
-0.003544808831065893,0.0019243619171902537,0.004150089342147112
-0.0035443000961095095,0.0018226092215627432,0.0041501582600176334
-0.0035449001006782055,0.0019243614515289664,0.004150092136114836
-0.003138332860544324,0.0017213176470249891,0.004150222986936569
-0.0031398481223732233,0.0019246198935434222,0.004150104708969593
-0.003341534873470664,0.0017215467523783445,0.004150231368839741
-0.003139959182590246,0.0019246202427893877,0.0041500539518892765
-0.002936396049335599,0.0019240389810875058,0.004150128923356533
-0.0027329912409186363,0.0019233414204791188,0.004150169901549816
-0.002529884222894907,0.0019227734301239252,0.004150188062340021
-0.0023271036334335804,0.0019224119605496526,0.004150212276726961
-0.0021245568059384823,0.0019222231348976493,0.004150244873017073
-0.0019221395486965775,0.001922139315865934,0.004150246735662222
-0.0017197811976075172,0.001922107650898397,0.004150203429162502
-0.0015174455475062132,0.0019220972899347544,0.004150110296905041
-0.0013151172315701842,0.0019220942631363869,0.00415001017972827
-0.0007081395597197115,0.0019220930989831686,0.004150012508034706
0.0011127910111099482,0.001922093564644456,0.004150030203163624
0.0013151172315701842,0.0019220942631363869,0.004150052554905415
0.0015174455475062132,0.0019220972899347544,0.004150053486227989
0.0017197811976075172,0.001922107650898397,0.004150013905018568
0.002124556340277195,0.0019222234841436148,0.004150056280195713
0.002327102469280362,0.0019224128918722272,0.0041501484811306
0.002529882127419114,0.0019227752927690744,0.004150204360485077
0.0027329905424267054,0.001923343981616199,0.0041501945815980434
0.002936402801424265,0.0019240366527810693,0.004150189459323883
0.0031398707069456577,0.0019246048759669065,0.0041501992382109165
0.003140081651508808,0.0019246054580435157,0.0041501023806631565
0.003341814037412405,0.0017219105502590537,0.004150179214775562
0.003138588275760412,0.0017210819059982896,0.0041502309031784534
0.0033430461771786213,0.0019249378237873316,0.004150060471147299
0.003138352185487747,0.0017213206738233566,0.004150232300162315
0.0035445436369627714,0.001924392650835216,0.004150329157710075
0.00354487681761384,0.0019240486435592175,0.004150332883000374
0.003544330596923828,0.0018228036351501942,0.0041504064574837685
0.003444153815507889,0.0019248796161264181,0.004150065593421459
0.0035443331580609083,0.0018223931547254324,0.004150401335209608
0.0034442206379026175,0.0019248793832957745,0.004150067456066608
0.0035448786802589893,0.0019243909046053886,0.0041503384709358215
0.0036449250765144825,0.0018224999075755477,0.004150595981627703
0.0036466955207288265,0.0017219597939401865,0.0041506532579660416
-0.003542840015143156,0.0019955881871283054,0.004149999935179949
-0.003139850217849016,0.001924731070175767,0.004150053486227989
-0.0029391348361968994,0.002128635998815298,0.004150048363953829
-0.0031397398561239243,0.0019246195442974567,0.00415010517463088
-0.0029391858261078596,0.0021286362316459417,0.004150024615228176
-0.002936397911980748,0.0019241718109697104,0.004150128457695246
-0.0027348578441888094,0.002127291401848197,0.004150060471147299
-0.00253093964420259,0.0021260662470012903,0.004150063265115023
-0.0023276207502931356,0.0021252401638776064,0.0041500721126794815
-0.002124778926372528,0.002124777063727379,0.004150128923356533
-0.0019222231348976493,0.002124555641785264,0.004150177352130413
-0.0017198090208694339,0.0021244653034955263,0.00415017269551754
-0.0015174539294093847,0.0021244336385279894,0.004150111693888903
-0.0013151197927072644,0.002124423859640956,0.004150018095970154
0.001112791826017201,0.002124421065673232,0.004150045569986105
0.0013151197927072644,0.002124423859640956,0.004150053486227989
0.0015174539294093847,0.0021244336385279894,0.004150039982050657
0.0017198090208694339,0.00212446553632617,0.004150012042373419
0.0019222227856516838,0.0021245561074465513,0.00415003253147006
0.00212477776221931,0.002124778227880597,0.004150126129388809
0.002327617025002837,0.002125242492184043,0.00415018480271101
0.0025309312622994184,0.0021260713692754507,0.004150164779275656
0.0027348482981324196,0.002127302810549736,0.004150195047259331
0.002939135069027543,0.002128641353920102,0.004150232765823603
0.0031428541988134384,0.0021291582379490137,0.004150005057454109
0.0031398746650666,0.0019248159369453788,0.004150101915001869
0.002939380705356598,0.0021286425180733204,0.004150118678808212
0.0029365969821810722,0.0019240372348576784,0.0041501885280013084
0.002936405362561345,0.001924231881275773,0.0041501885280013084
0.003349003382027149,0.0021312700118869543,0.004150033462792635
0.0033490369096398354,0.002131235785782337,0.004150032997131348
0.0033490380737930536,0.002131270244717598,0.00415003439411521
0.0033452962525188923,0.002027623588219285,0.004150058142840862
0.003345295088365674,0.0020275649148970842,0.004150056745857
0.003445430425927043,0.002026938134804368,0.004150095395743847
0.0036656579468399286,0.0019451235421001911,0.0041505564004182816
0.0036262969952076674,0.0020178277045488358,0.004150255583226681
0.003542002523317933,0.0020240629091858864,0.0041502127423882484
-0.003146980656310916,0.0023352280259132385,0.004150014836341143
-0.0029440433718264103,0.002335291588678956,0.004150018095970154
-0.0029440626967698336,0.002335291588678956,0.004150009248405695
-0.0029391360003501177,0.00212868582457304,0.0041500478982925415
-0.0031469808891415596,0.002335243858397007,0.004150014836341143
-0.0027379877865314484,0.0023324701469391584,0.00415002228692174
-0.0025327897164970636,0.0023301998153328896,0.004150005057454109
-0.0021252392325550318,0.0023276121355593204,0.004150024149566889
-0.0019224112620577216,0.0023271001409739256,0.004150103311985731
-0.001719876891002059,0.002326875226572156,0.0041501387022435665
-0.0015174768632277846,0.002326791640371084,0.004150111228227615
-0.0013151280581951141,0.0023267643991857767,0.004150026943534613
0.0011127955513074994,0.002326755551621318,0.004150004591792822
0.0013151280581951141,0.0023267643991857767,0.004150017164647579
0.0015174768632277846,0.002326791873201728,0.004150018561631441
0.001719876891002059,0.0023268756922334433,0.00415003253147006
0.0019224109128117561,0.002327101305127144,0.004150083754211664
0.002125237602740526,0.0023276146966964006,0.00415014149621129
0.0023285981733351946,0.002328599104657769,0.0041501144878566265
0.0025327664334326982,0.0023302072659134865,0.004150153137743473
0.002737955190241337,0.0023325039073824883,0.0041502537205815315
0.002943996340036392,0.002335337223485112,0.0041502127423882484
0.003147006966173649,0.0023352261632680893,0.004150196444243193
0.0031470030080527067,0.0023350203409790993,0.004150197375565767
0.0031450458336621523,0.0022320628631860018,0.004150131717324257
0.0029391406569629908,0.002128882333636284,0.004150230437517166
0.0031450437381863594,0.002231928985565901,0.00415012938901782
0.0029442247468978167,0.002335337223485112,0.004150111228227615
0.0032469264697283506,0.0021738549694418907,0.004149999935179949
0.0032478049397468567,0.002232803264632821,0.004150157328695059
0.0034506861120462418,0.00213145581074059,0.004150072578340769
0.003480432089418173,0.002260176232084632,0.004150025546550751
0.0033530481159687042,0.0022350784856826067,0.004150110762566328
-0.0032471257727593184,0.0023341060150414705,0.004150088410824537
-0.0032489208970218897,0.0024370825849473476,0.004150038119405508
-0.0033464026637375355,0.0023323160130530596,0.00415007071569562
-0.0033543899189680815,0.002443008590489626,0.004150083754211664
-0.0031585744582116604,0.0025476336013525724,0.004150021355599165
-0.003158576088026166,0.002547656651586294,0.004150021821260452
-0.002944044303148985,0.002335311146453023,0.004150009248405695
-0.003158554434776306,0.002547656884416938,0.004150021355599165
-0.002741659991443157,0.0025383520405739546,0.004150012508034706
-0.0027379882521927357,0.002332493430003524,0.00415002228692174
-0.0029440245125442743,0.0023352913558483124,0.004150018095970154
-0.002741632517427206,0.00253835110925138,0.004150025080889463
-0.002535369712859392,0.002535321516916156,0.0041500297375023365
-0.0019227707525715232,0.00252987677231431,0.004150052089244127
-0.0017200183356180787,0.002529393183067441,0.00415010703727603
-0.0015175321605056524,0.002529205521568656,0.004150102846324444
-0.0013151525054126978,0.00252914079464972,0.00415002228692174
0.0017200184520334005,0.0025293943472206593,0.004150049295276403
0.001922770868986845,0.0025298797991126776,0.004150106571614742
0.0021260578650981188,0.0025309245102107525,0.004150085616856813
0.00233018072322011,0.0025327522307634354,0.0041501084342598915
0.0025353175587952137,0.002535309875383973,0.004150210879743099
0.0027415757067501545,0.0025384174659848213,0.004150219261646271
0.0027418152894824743,0.002538426546379924,0.004150111693888903
0.0029514736961573362,0.002544539049267769,0.00415002228692174
0.0029440068174153566,0.002335569355636835,0.004150108899921179
0.0027382168918848038,0.002332507399842143,0.004150250926613808
0.00273795984685421,0.00233276654034853,0.00415025232359767
0.003158370265737176,0.002547750947996974,0.004150155000388622
0.0031585281249135733,0.0025477490853518248,0.004150158725678921
0.003158516949042678,0.002547581447288394,0.004150154069066048
0.0031513755675405264,0.0024402467533946037,0.004150207154452801
0.0031513667199760675,0.0024400255642831326,0.004150208085775375
0.003248955123126507,0.002436994342133403,0.004150384571403265
0.0032471863087266684,0.002334058051928878,0.004150368273258209
0.0033544511534273624,0.00244313245639205,0.004150391556322575
0.0033464855514466763,0.0023322945926338434,0.004150317050516605
0.0034350084606558084,0.0023283727932721376,0.004150213673710823
-0.003163507441058755,0.002577501814812422,0.004149999935179949
-0.002741632517427206,0.002538377419114113,0.004150012508034706
-0.0025383916217833757,0.002741524949669838,0.0041500115767121315
-0.0025353701785206795,0.0025353524833917618,0.0041500297375023365
-0.002741606207564473,0.0025383506435900927,0.004150025080889463
-0.002538367873057723,0.002741524949669838,0.004150022752583027
-0.001923337229527533,0.002732980065047741,0.004150015767663717
-0.0017202701419591904,0.0027320990338921547,0.004150065127760172
-0.001517650904133916,0.0027317488566040993,0.004150070250034332
0.0017202700255438685,0.002732101595029235,0.004150005988776684
0.0019233376951888204,0.0027329858858138323,0.004150053020566702
0.0021272839512676,0.0027348424773663282,0.004150067456066608
0.0023324668873101473,0.002737957052886486,0.0041501447558403015
0.0025384260807186365,0.0027416450902819633,0.004150158725678921
0.0025385923217982054,0.002741645323112607,0.004150080494582653
0.002741576172411442,0.0025386475026607513,0.004150111693888903
0.0025355371180921793,0.0025353131350129843,0.004150210414081812
0.002535320818424225,0.0025355294346809387,0.004150210414081812
0.003188110189512372,0.0026563319843262434,0.004149999935179949
0.0031735526863485575,0.002639173064380884,0.004149999935179949
0.0032687284983694553,0.002556456485763192,0.004150422755628824
-0.0025383688043802977,0.0027415496297180653,0.0041500115767121315
-0.0025383441243320704,0.0027415244840085506,0.004150022752583027
-0.0017206406919285655,0.0029350672848522663,0.004150026943534613
-0.0015178825706243515,0.002934566466137767,0.004150029271841049
0.0019240293186157942,0.0029363890644162893,0.004150009714066982
0.0021286113187670708,0.0029391117859631777,0.004150062333792448
0.0023352724965661764,0.0029439933132380247,0.004150064196437597
0.0023353425785899162,0.002943996572867036,0.004150032997131348
0.002538432599976659,0.002741818316280842,0.004150080494582653
0.002332617063075304,0.00273795984685421,0.004150144290179014
0.00233246898278594,0.002738106530159712,0.00415014335885644
-0.0025477989111095667,0.0031588368583470583,0.004150014370679855
-0.002547798678278923,0.003158851759508252,0.004150014836341143
-0.0025477828457951546,0.003158850595355034,0.004150014370679855
-0.0015183099312707782,0.0031379207503050566,0.004150006454437971
0.0021286115515977144,0.002939177444204688,0.004150031600147486
0.0019240293186157942,0.00293639930896461,0.004150009714066982
0.001924039563164115,0.002936389297246933,0.004150009714066982
0.002128675812855363,0.0029391134157776833,0.004150061402469873
0.0023352724965661764,0.0029440622311085463,0.004150033462792635
0.0023349670227617025,0.0031467569060623646,0.0041500539518892765
0.0023349106777459383,0.00314675597473979,0.0041500539518892765
0.0025477223098278046,0.003158875275403261,0.004150010645389557
0.0025477339513599873,0.003158876206725836,0.004150011111050844
0.002547734184190631,0.003158865263685584,0.004150010645389557
0.002439995529130101,0.0031512335408478975,0.004150055814534426
0.0024399361573159695,0.0031512309797108173,0.004150055814534426
-0.0024377654772251844,0.0032192706130445004,0.004149999935179949
-0.0024367980659008026,0.0032488498836755753,0.004150021355599165
-0.002556415041908622,0.0032689087092876434,0.004150095395743847
-0.0023339642211794853,0.003247093176469207,0.004150064662098885
-0.0023349265102297068,0.003151361597701907,0.004149999935179949
-0.002292277757078409,0.003247335320338607,0.004149999935179949
-0.001519045326858759,0.003342163283377886,0.004150007851421833
0.002333961194381118,0.003247065469622612,0.004150128923356533
0.002436879323795438,0.0032488235738128424,0.0041501643136143684
0.0026147523894906044,0.0032215616665780544,0.004149999935179949
0.0025565887335687876,0.003268665401265025,0.004150215536355972
0.0025541228242218494,0.003159928834065795,0.004149999935179949
-0.0023114257492125034,0.003347872756421566,0.004149999935179949
-0.002330786781385541,0.0033815063070505857,0.004149999935179949
-0.002332310425117612,0.0033465013839304447,0.00415003951638937
-0.0017217060085386038,0.003544786712154746,0.004150046966969967
-0.001620796974748373,0.003545840736478567,0.004150004126131535
-0.0017216576961800456,0.0035447871778160334,0.004150047432631254
-0.0016208011656999588,0.003545840736478567,0.004150004126131535
-0.001519045326858759,0.0033421721309423447,0.004150004126131535
-0.001520206336863339,0.0035476614721119404,0.004150053020566702
-0.0015190370613709092,0.003342163283377886,0.004150007851421833
-0.001520151854492724,0.003547662403434515,0.004150053486227989
0.0011155398096889257,0.003549443557858467,0.004150017164647579
0.0011155583197250962,0.003549443557858467,0.004150008782744408
0.0015201844507828355,0.003547613974660635,0.004150030203163624
0.0015201533678919077,0.0035476144403219223,0.004150030668824911
0.0017216387204825878,0.0035447985865175724,0.00415007071569562
0.0017217107815667987,0.0035447978880256414,0.004150069784373045
0.0019244797294959426,0.003544940147548914,0.004150012508034706
0.0019244796130806208,0.003544952953234315,0.004150012973695993
0.0019244664581492543,0.003544952953234315,0.004150012508034706
0.0018228471744805574,0.0035443403758108616,0.0041500600054860115
0.0018227864056825638,0.0035443406086415052,0.004150059539824724
0.002332269912585616,0.003346438752487302,0.004150052554905415
0.0023561115376651287,0.0034154835157096386,0.004149999935179949
0.0023302275221794844,0.003392876824364066,0.004149999935179949
0.0024430782068520784,0.003354541724547744,0.004150145221501589
-0.0019252417841926217,0.0036622725892812014,0.004149999935179949
-0.0018227278487756848,0.0035652064252644777,0.004149999935179949
-0.0018224939703941345,0.0036449171602725983,0.00415002228692174
-0.00172196957282722,0.0036465725861489773,0.004150087013840675
-0.0016210373723879457,0.0036476205568760633,0.004150026012212038
-0.0015214548911899328,0.0036521311849355698,0.004150091204792261
-0.0014319001929834485,0.0036545556504279375,0.004149999935179949
-0.0012196955503895879,0.003761246567592025,0.004150088876485825
-0.001117586623877287,0.003759201383218169,0.0041500236839056015
-0.001321254763752222,0.0037601827643811703,0.004150050692260265
-0.001321255462244153,0.0037602372467517853,0.004150053486227989
-0.0013212022604420781,0.0037602379452437162,0.00415005162358284
-0.0012197875184938312,0.003761247731745243,0.004150088410824537
-0.0011175615945830941,0.0037592004518955946,0.004150024149566889
0.0009132329141721129,0.003753870027139783,0.004150018095970154
0.0009132139966823161,0.003753870027139783,0.004150018561631441
0.0011155400425195694,0.0035494640469551086,0.004150009714066982
0.001117719803005457,0.0037591601721942425,0.004150295630097389
0.0010154498741030693,0.0037564467638731003,0.004150125663727522
0.0010153183247894049,0.0037564439699053764,0.004150127060711384
0.0011174086248502135,0.0037591501604765654,0.004150300286710262
0.0013212088961154222,0.00376019231043756,0.00415017968043685
0.001321030780673027,0.003760194405913353,0.004150173626840115
0.001219546073116362,0.0037612009327858686,0.004150333348661661
0.001321206334978342,0.0037600083742290735,0.004150172229856253
0.0012198897311463952,0.0037612055893987417,0.0041503324173390865
0.0016209529712796211,0.003619643859565258,0.004149999935179949
0.0016210150206461549,0.0036475849337875843,0.00415000831708312
0.0015214330051094294,0.003652040148153901,0.004150076303631067
0.0017219438450410962,0.0036465784069150686,0.004150109831243753
0.001822521910071373,0.0036449111066758633,0.00415010005235672
0.0019347068155184388,0.0035446493420749903,0.004149999935179949
0.001982108922675252,0.0036457220558077097,0.004149999935179949
0.0019452640553936362,0.003665827913209796,0.004150102846324444
-0.0016099251806735992,0.003824793267995119,0.00415004463866353
-0.001742165768519044,0.003766364650800824,0.004150111693888903
-0.0016206837026402354,0.0037479931488633156,0.004150042310357094
-0.0014238322619348764,0.0037628912832587957,0.004150042776018381
-0.0014472564216703176,0.0038894081953912973,0.004150071181356907
-0.0015231426805257797,0.003757765516638756,0.00415010005235672
-0.0015296963974833488,0.003857705742120743,0.004150121472775936
-0.001321511110290885,0.0038623844739049673,0.004150157794356346
-0.0012206723913550377,0.0038657409604638815,0.004150069784373045
-0.001118611660785973,0.003843181300908327,0.004149999935179949
0.0005057526286691427,0.0039428407326340675,0.004150052089244127
0.0005058060050942004,0.003942843526601791,0.00415005162358284
0.0009248606511391699,0.003857742063701153,0.004149999935179949
0.0009134862339124084,0.0038072785828262568,0.004149999935179949
0.001015768852084875,0.0038589737378060818,0.004150149878114462
0.0011190965306013823,0.003865329548716545,0.004150559194386005
0.0012208636617287993,0.00386569881811738,0.004150473978370428
0.0014236412243917584,0.0037627853453159332,0.004150099121034145
0.0014468475710600615,0.003889300161972642,0.0041501992382109165
0.001321509713307023,0.0038623951841145754,0.004150396678596735
0.0016206558793783188,0.0037479421589523554,0.004150042310357094
0.0016099018976092339,0.003824738087132573,0.004150031600147486
0.0015231636352837086,0.0037575920578092337,0.004150123801082373
0.001529847620986402,0.0038574105128645897,0.00415014149621129
0.0005054111243225634,0.003982521593570709,0.004149999935179949
0.0006077890866436064,0.003964771516621113,0.004149999935179949
0.0006067805807106197,0.004042261280119419,0.0041509959846735
0.000512097030878067,0.0040383050218224525,0.004149999935179949
0.0007148053846322,0.003981261979788542,0.004149999935179949
0.0008073390345089138,0.0039650145918130875,0.004149999935179949
0.0008135939133353531,0.003965286072343588,0.004150019958615303
0.0007325414335355163,0.004084705375134945,0.004151508677750826
0.0008207934442907572,0.004067996982485056,0.0041502914391458035
0.0009184454684145749,0.003960012458264828,0.004149999935179949
0.0009370585321448743,0.004042557440698147,0.004149999935179949
0.0009132666164077818,0.004048224538564682,0.004150277003645897
0.0009138382156379521,0.003960141446441412,0.004150017164647579
-0.0010024196235463023,-0.004026821814477444,0.004149779677391052
-0.0010088022099807858,-0.003990908153355122,0.004149999935179949
-0.0010446679079905152,-0.004015560727566481,0.004149999935179949
-0.000985854072496295,-0.004030749201774597,0.004149999935179949
-0.0020177646074444056,-0.0036261382047086954,0.004149934742599726
-0.0020240433514118195,-0.003541945479810238,0.004149911925196648
-0.002138681011274457,-0.003556209849193692,0.0041498844511806965
-0.0019634792115539312,-0.0035437005572021008,0.004149999935179949
-0.0019997265189886093,-0.0036359329242259264,0.004149999935179949
-0.0021316036581993103,-0.0034505724906921387,0.0041498648934066296
-0.00226052338257432,-0.003480095649138093,0.0041498360224068165
-0.0023226705379784107,-0.0034390415530651808,0.004149999935179949
-0.002235265914350748,-0.003352885600179434,0.004149928689002991
-0.0020269923843443394,-0.003445353591814637,0.004149851854890585
0.002260211855173111,-0.0034801948349922895,0.004149986431002617
0.002249067882075906,-0.003423721296712756,0.004149999935179949
0.0022719220723956823,-0.0034724168945103884,0.004149999935179949
-0.0026680934242904186,-0.003178342944011092,0.004149760585278273
-0.0025543307419866323,-0.0032428749836981297,0.004149999935179949
-0.0025691145565360785,-0.0032586101442575455,0.004149999935179949
-0.0024379759561270475,-0.0032172882929444313,0.004149999935179949
0.0026195102836936712,-0.0032177085522562265,0.004149999935179949
0.002667741384357214,-0.003178648417815566,0.0041498360224068165
-0.0028356416150927544,-0.003029709681868553,0.004149350803345442
-0.0028355796821415424,-0.002937199780717492,0.004149511456489563
-0.002934494288638234,-0.0029343077912926674,0.004149234388023615
-0.002777935704216361,-0.0030827822629362345,0.0041497936472296715
-0.0026536863297224045,-0.0030619234312325716,0.004149697721004486
0.002653698669746518,-0.0030619350727647543,0.004149723798036575
0.0027783107943832874,-0.0030824942514300346,0.004149554297327995
0.002835933119058609,-0.003029844956472516,0.004149072803556919
0.002835660008713603,-0.0029372484423220158,0.004149262327700853
0.0029342626221477985,-0.0029343252535909414,0.004149048589169979
-0.002937355311587453,-0.0028355135582387447,0.0041495091281831264
-0.0030298051424324512,-0.002835650462657213,0.004149347543716431
-0.003083091927692294,-0.0027778944931924343,0.0041497861966490746
-0.002838936634361744,-0.002838843036442995,0.0041495137847959995
0.00283889751881361,-0.0028388616628944874,0.004149431362748146
0.002937181154266,-0.0028355694375932217,0.004149267449975014
0.0030297236517071724,-0.0028357352130115032,0.004149087704718113
0.0030825836583971977,-0.002778073772788048,0.004149595741182566
-0.0032018902711570263,-0.002551375888288021,0.004149999935179949
-0.0032411175779998302,-0.00259076664224267,0.004149999935179949
-0.0031784388702362776,-0.002667869906872511,0.004149771295487881
-0.0030621353071182966,-0.0026536094956099987,0.004149699583649635
0.003061868716031313,-0.0026539203245192766,0.004149775952100754
0.0031783580780029297,-0.0026684135664254427,0.004149900283664465
0.003168311668559909,-0.0026066226419061422,0.004149999935179949
0.0032020036596804857,-0.0026391197461634874,0.004149999935179949
-0.003155473619699478,-0.0024399489630013704,0.004149999935179949
0.003422053763642907,-0.0023468276485800743,0.004149999935179949
0.0034350084606558084,-0.0023283727932721376,0.004149967804551125
-0.0034299269318580627,-0.002250406425446272,0.004149999935179949
-0.0034800833091139793,-0.002260326873511076,0.004149956628680229
-0.0034705845173448324,-0.0022746683098375797,0.004149999935179949
-0.0034506539814174175,-0.0021315605845302343,0.00414996175095439
-0.003556413110345602,-0.002138769719749689,0.004149959422647953
-0.0033500471618026495,-0.0021608576644212008,0.004149999935179949
0.0033530364744365215,-0.0022350680083036423,0.0041498783975839615
0.003480432089418173,-0.002260176232084632,0.00414979038760066
0.0034506849478930235,-0.0021314548794180155,0.004149839282035828
0.0035561365075409412,-0.0021386672742664814,0.00414987513795495
-0.003542016027495265,-0.0020240747835487127,0.004149952437728643
-0.0036261097993701696,-0.0020177760161459446,0.004149956628680229
-0.0036338879726827145,-0.002003493718802929,0.004149999935179949
-0.003543290076777339,-0.0019800299778580666,0.004149999935179949
-0.003445417620241642,-0.002026983769610524,0.004149904474616051
0.003445429727435112,-0.002026937436312437,0.004149853717535734
0.003542002523317933,-0.0020240626763552427,0.004149921704083681
0.003543532220646739,-0.0019710492342710495,0.004149999935179949
0.0036262969952076674,-0.0020178277045488358,0.004149947315454483
0.0036344476975500584,-0.0020027724094688892,0.004149999935179949
-0.003957255743443966,-0.001014935551211238,0.0041498164646327496
-0.004026828333735466,-0.0010024174116551876,0.004149802029132843
-0.004001930356025696,-0.0010960468789562583,0.004149999935179949
-0.0040391660295426846,-0.000950503395870328,0.004149999935179949
-0.003960009198635817,-0.0009137954330071807,0.004149946384131908
-0.003983686212450266,-0.0009136650478467345,0.004149999935179949
-0.0038589818868786097,-0.0010157797951251268,0.004149919375777245
-0.003857534611597657,-0.0009136619046330452,0.004149952437728643
-0.00378811894915998,-0.0009133392595686018,0.004149999935179949
0.004047779366374016,-0.0009144340874627233,0.004149999935179949
0.004048001952469349,-0.0009134935680776834,0.004149946384131908
-0.00397840328514576,-0.0007140064262785017,0.004149999935179949
-0.003964567091315985,-0.0007981896633282304,0.004149999935179949
-0.003964467905461788,-0.0006075832061469555,0.004149999935179949
-0.004119101446121931,-0.0005030206521041691,0.004149644169956446
-0.004117816220968962,-0.0005126523901708424,0.004149999935179949
0.004101654514670372,-0.0005032959743402898,0.004149999935179949
0.0041188993491232395,-0.0005063838325440884,0.004149999935179949
0.004119366407394409,-0.0005028760642744601,0.004149900749325752
-0.004043050110340118,-0.0004042359651066363,0.004149920307099819
-0.004129969980567694,-0.00040420173900201917,0.004149687476456165
-0.003950577229261398,-0.0004044154775328934,0.004149999935179949
-0.004138567950576544,-0.0003037737915292382,0.004149650223553181
-0.004049681127071381,-0.0003036050475202501,0.004149558022618294
0.004043270833790302,-0.00040423322934657335,0.004149982705712318
0.004130212124437094,-0.0004041715001221746,0.0041497028432786465
0.004049910698086023,-0.00030366561259143054,0.004149553831666708
0.0041388110257685184,-0.0003038420982193202,0.004149619955569506
-0.0041447412222623825,-0.000202813112991862,0.004149662796407938
-0.00405507255345583,-0.00020264486374799162,0.004149558022618294
-0.004148458130657673,-0.00010149597801500931,0.004149379208683968
-0.004058406688272953,-0.00010139869118575007,0.004149352665990591
0.00405531469732523,-0.00020275918359402567,0.004149561747908592
0.0041449968703091145,-0.00020295067224651575,0.004149649757891893
0.004058663733303547,-0.00010153545736102387,0.004149286542087793
0.004148733336478472,-0.00010167258733417839,0.004149303305894136
-0.004149699583649635,1.4941184733533027e-17,0.004149417392909527
-0.0040595936588943005,-2.798327670657571e-14,0.004149438347667456
-0.004148458130657673,0.00010149597801500931,0.004149469546973705
-0.004058406222611666,0.00010139869118575007,0.004149422515183687
0.004059863742440939,-1.032015148894061e-07,0.004149126820266247
0.004149997606873512,-1.850519737445211e-07,0.004149119835346937
0.004058663733303547,0.00010148384171770886,0.004148893523961306
0.004148733336478472,0.00010167258733417839,0.004148939158767462
-0.0041447412222623825,0.000202813112991862,0.0041498467326164246
-0.00405507255345583,0.00020264486374799162,0.0041496725752949715
-0.004138567950576544,0.0003037737915292382,0.0041498844511806965
-0.004049681127071381,0.0003036050475202501,0.004149699117988348
0.004055315162986517,0.00020274499547667801,0.004148978274315596
0.0041449968703091145,0.00020295067224651575,0.004149018321186304
0.004049910698086023,0.00030366150895133615,0.004148948937654495
0.0041388110257685184,0.0003038420982193202,0.004149050917476416
-0.004129969980567694,0.00040420173900201917,0.0041498951613903046
-0.004119101446121931,0.0005030206521041691,0.004149882588535547
0.004043270833790302,0.0004042320651933551,0.004149266052991152
0.004130212124437094,0.0004041715001221746,0.00414929399266839
0.004038133658468723,0.0005048016901127994,0.00414958456531167
0.004119366407394409,0.0005028760642744601,0.004149444401264191
0.004042330663651228,0.0006067707436159253,0.004149904940277338
0.004107107874006033,0.0005949174519628286,0.004149849992245436
0.004076558630913496,0.0007085500983521342,0.004149999935179949
0.004087536595761776,0.000714336521923542,0.004149999935179949
0.004067821428179741,0.000820590415969491,0.004149838350713253
0.003965144045650959,0.0008134894887916744,0.0041497391648590565
0.003959994297474623,0.0009139112080447376,0.004149881657212973
0.004048001952469349,0.0009134935680776834,0.004149971529841423
-0.004014998208731413,0.0010045459493994713,0.004149999935179949
-0.004026828333735466,0.0010024174116551876,0.004149934276938438
-0.004029052332043648,0.0009930599480867386,0.004149999935179949
-0.004023296758532524,0.0010156974894925952,0.004149999935179949
0.003911894746124744,0.0009138201712630689,0.004149999935179949
0.003957271110266447,0.001014862791635096,0.0041498783975839615
0.003930083476006985,0.0010150966700166464,0.004149999935179949
0.00396573543548584,0.0010476481402292848,0.004149999935179949
0.004026960581541061,0.0010024593211710453,0.004149504005908966
0.004004973452538252,0.0010843445779755712,0.004149999935179949
-0.0036261097993701696,0.0020177760161459446,0.004149974789470434
-0.003542016027495265,0.0020240747835487127,0.00414996175095439
-0.0036303286906331778,0.002010029274970293,0.004149999935179949
-0.003556413110345602,0.002138769719749689,0.004149910062551498
-0.003445418318733573,0.0020269842352718115,0.004149887710809708
-0.003450654912739992,0.002131561515852809,0.004149868153035641
-0.0034800833091139793,0.002260326873511076,0.004149812273681164
-0.0033528502099215984,0.0022351692896336317,0.004149897024035454
-0.0034070678520947695,0.002329680137336254,0.004149999935179949
-0.0033490629866719246,0.0022922311909496784,0.004149999935179949
-0.003434950252994895,0.002328468719497323,0.004149967804551125
-0.0034129125997424126,0.002359801670536399,0.004149999935179949
-0.003200080944225192,0.002438668394461274,0.004149999935179949
-0.0031784388702362776,0.002667869906872511,0.004149931948632002
-0.003212509909644723,0.002625958062708378,0.004149999935179949
-0.003062102012336254,0.0026535815559327602,0.004149798769503832
-0.003083091927692294,0.0027778944931924343,0.004149835556745529
0.0030618375167250633,0.0026538935489952564,0.004149857442826033
0.0031783580780029297,0.0026684135664254427,0.00414994778111577
0.0030825836583971977,0.002778073772788048,0.0041498346254229546
-0.0029373522847890854,0.002835510764271021,0.004149414598941803
-0.0030298051424324512,0.002835650462657213,0.0041493503376841545
-0.002934494288638234,0.0029343077912926674,0.004149073734879494
-0.0028389303479343653,0.0028388353530317545,0.004149468615651131
-0.002835579914972186,0.0029372002463787794,0.004149419255554676
0.0028389052022248507,0.0028388677164912224,0.004149589687585831
0.0029371806886047125,0.002835569204762578,0.004149237647652626
0.0028356630355119705,0.0029372514691203833,0.004149203188717365
0.0029342626221477985,0.0029343252535909414,0.004148390609771013
0.0030297236517071724,0.0028357352130115032,0.004148746840655804
-0.0028356416150927544,0.003029709681868553,0.0041493563912808895
-0.002777935704216361,0.0030827822629362345,0.004149848595261574
-0.0026537126395851374,0.003061954164877534,0.004149810876697302
-0.0026680934242904186,0.003178342944011092,0.004149940330535173
-0.002572503173723817,0.0031628545839339495,0.004149999935179949
0.0026537261437624693,0.0030619679018855095,0.004149735439568758
0.0027783107943832874,0.0030824942514300346,0.004149729385972023
0.002667741384357214,0.003178648417815566,0.004149800632148981
0.002835933119058609,0.003029844956472516,0.0041486890986561775
-0.002625602064654231,0.0032128014136105776,0.004149999935179949
-0.002328448463231325,0.003435224760323763,0.004149939864873886
-0.0023858724161982536,0.003394697094336152,0.004149999935179949
-0.0022352556698024273,0.003352873958647251,0.0041498527862131596
-0.00226052338257432,0.003480095649138093,0.004149752669036388
-0.0021316027268767357,0.003450571559369564,0.004149779677391052
-0.002138681011274457,0.003556209849193692,0.004149791784584522
-0.002026991918683052,0.0034453528933227062,0.004149751737713814
-0.0020240433514118195,0.0035419452469795942,0.004149798769503832
0.0020269860979169607,0.0034454010892659426,0.004149830434471369
0.0021315014455467463,0.003450609976425767,0.004149811342358589
0.002024116227403283,0.003541995771229267,0.0041498830541968346
0.0021387310698628426,0.003556191688403487,0.004149840213358402
0.0022350861690938473,0.0033529058564454317,0.004149849526584148
0.002260211855173111,0.0034801948349922895,0.004149768967181444
0.002306750975549221,0.003348137019202113,0.004149999935179949
0.002328378614038229,0.00343491742387414,0.004149952903389931
-0.0020177646074444056,0.0036261382047086954,0.004149801097810268
-0.001945055671967566,0.0036656195297837257,0.004149995744228363
-0.0019379450241103768,0.003669249825179577,0.004149999935179949
0.00201785983517766,0.0036262134090065956,0.004149899818003178
-0.0011188830249011517,0.003865415696054697,0.004149992950260639
-0.0011276293080300093,0.0038654436357319355,0.004149999935179949
-0.0011407311540096998,0.00398995541036129,0.0041498709470033646
-0.001196818077005446,0.0039732190780341625,0.004149999935179949
-0.0010156334610655904,0.003858961397781968,0.004149740561842918
-0.0009136334992945194,0.0038574901409447193,0.004149760585278273
-0.0010147838620468974,0.003957251086831093,0.004149538930505514
-0.000913808646146208,0.003959950990974903,0.0041494774632155895
0.0009137248271144927,0.003857591189444065,0.0041499813087284565
0.0010155013296753168,0.0038891832809895277,0.004149999935179949
0.0010148980654776096,0.003957307431846857,0.004149643704295158
0.0009137851884588599,0.003912157844752073,0.004149999935179949
0.001140373176895082,0.003986098803579807,0.004149999935179949
0.0011410227743908763,0.00398978590965271,0.004149981774389744
0.001143812551163137,0.0039889574982225895,0.004149999935179949
-0.0010024196235463023,0.004026821814477444,0.004149490501731634
-0.0009133857092820108,0.004047930706292391,0.004149552434682846
-0.000813354505226016,0.003965116571635008,0.004149320535361767
-0.0008204189944081008,0.004067790694534779,0.004149378277361393
-0.000732275890186429,0.004084595013409853,0.0041499268263578415
-0.0006065529305487871,0.004042245913296938,0.004149754531681538
-0.0005047722370363772,0.004037971142679453,0.004149244166910648
-0.0005973087972961366,0.004092000890523195,0.004149999935179949
-0.0006638382328674197,0.004095718264579773,0.004149999935179949
-0.0005029380554333329,0.00411915872246027,0.004148966167122126
-0.0005881975521333516,0.004107824992388487,0.004149999935179949
-0.000404218677431345,0.004043092019855976,0.004149014595896006
-0.0003036274283658713,0.0040497262962162495,0.004148704465478659
-0.0004041782231070101,0.0041300165466964245,0.0041489372961223125
-0.00030380135285668075,0.004138614982366562,0.004148813895881176
-0.00020269905508030206,0.0040551237761974335,0.004148743115365505
-0.00010147185093956068,0.004058466758579016,0.004148657899349928
-0.0002028770832112059,0.004144794773310423,0.0041487799026072025
-0.00010158115765079856,0.004148521460592747,0.004148672800511122
-7.881311603341601e-08,0.004059663973748684,0.00414891354739666
0.00010132918396266177,0.00405848678201437,0.00414911238476634
-9.117547250525604e-08,0.0041497740894556046,0.004148920066654682
0.00010141421807929873,0.004148544277995825,0.004149152431637049
0.00020259866141714156,0.004055161029100418,0.0041493866592645645
0.00030359718948602676,0.004049773793667555,0.004149454180151224
0.00020275614224374294,0.004144837614148855,0.004149505402892828
0.0003037567366845906,0.004138670861721039,0.004149542190134525
0.0004042811051476747,0.004043139982968569,0.004149766638875008
0.0005049336468800902,0.004038005601614714,0.004149922169744968
0.0004042393993586302,0.004130073823034763,0.004149504005908966
0.0005031210603192449,0.004119194578379393,0.0041495724581182
0.0005167010822333395,0.004117375239729881,0.004149999935179949
0.001002450124360621,0.004026981070637703,0.004149252083152533
-0.0009133857092820108,-0.004047930706292391,0.004150974564254284
-0.0008204189944081008,-0.004067790694534779,0.004151004832237959
0.0007325414335355163,-0.004084705375134945,0.004152251873165369
0.0008207934442907572,-0.004067996982485056,0.0041506327688694
0.0009132666164077818,-0.004048224538564682,0.0041505442932248116
0.001002450124360621,-0.004026981070637703,0.00415315805003047
-0.0016099251806735992,-0.003824793267995119,0.00415041483938694
-0.0015296963974833488,-0.003857705742120743,0.004150540102273226
-0.0014472564216703176,-0.0038894081953912973,0.004150583874434233
0.001529847620986402,-0.0038574105128645897,0.004150626715272665
0.0016099018976092339,-0.003824738087132573,0.004150487948209047
0.0019452640553936362,-0.003665827913209796,0.004150397144258022
0.00201785983517766,-0.0036262134090065956,0.004150195978581905
-0.002328448463231325,-0.003435224760323763,0.004150014836341143
0.002328378614038229,-0.00343491742387414,0.004150064662098885
0.0025565887335687876,-0.003268665401265025,0.004150210879743099
-0.003434950252994895,-0.002328468719497323,0.004150160122662783
0.0033544511534273624,-0.00244313245639205,0.0041501643136143684
0.003730716882273555,-0.0018173725111410022,0.004150311462581158
-0.0038249175995588303,-0.0016099795466288924,0.004150254651904106
-0.0038574703503400087,-0.0015300052473321557,0.004150278400629759
-0.003889285260811448,-0.0014470252208411694,0.004150185268372297
0.003937430214136839,-0.0013103015953674912,0.0041505759581923485
0.0039643170312047005,-0.001226461841724813,0.00415070541203022
-0.004048004746437073,-0.0009133108542300761,0.004150142893195152
-0.004067905247211456,-0.0008202768513001502,0.004150297027081251
0.004107107874006033,-0.0005949174519628286,0.004152406472712755
-0.00408475985750556,0.0007321820012293756,0.004152222536504269
-0.004067905247211456,0.0008202768513001502,0.004150601103901863
-0.004048004746437073,0.0009133108542300761,0.0041505685076117516
0.003989799413830042,0.001140856882557273,0.00415033707395196
0.0039643170312047005,0.001226461841724813,0.004150773864239454
0.003937430214136839,0.0013103015953674912,0.004150704480707645
-0.0038574703503400087,0.0015300052473321557,0.0041505261324346066
-0.0038249175995588303,0.0016099795466288924,0.004150390625
0.003766611684113741,0.0017421520315110683,0.004150729160755873
-0.0036657131277024746,0.001945057767443359,0.0041502113454043865
0.003730716882273555,0.0018173725111410022,0.004150696564465761
0.0035561365075409412,0.0021386672742664814,0.004150133579969406
-0.0032687182538211346,0.0025568141136318445,0.004150110296905041
-0.0024430260527879,0.0033543603494763374,0.00415005860850215
-0.0018174080178141594,0.0037307897582650185,0.004150075372308493
0.0017420953372493386,0.0037663925904780626,0.004150131717324257
0.0018173184944316745,0.0037306060548871756,0.004150159657001495
-0.0013102265074849129,0.003937435336410999,0.004150157328695059
-0.0012263277312740684,0.003964413423091173,0.004150065127760172
0.0012266401899978518,0.003964362200349569,0.004150514956563711
0.0013104252284392715,0.0039375657215714455,0.004150425083935261
-0.00059452501591295,0.004106984008103609,0.004150075372308493
0.0005947664612904191,0.004106916021555662,0.004152365028858185
-0.0007495004101656377,-0.003857413772493601,0.004149999935179949
-0.0022328849881887436,-0.0032477369531989098,0.004149974789470434
-0.0032470969017595053,-0.002194916596636176,0.004149999935179949
0.003247748827561736,-0.0022327532060444355,0.004149941727519035
-0.003654677653685212,-0.00137795670889318,0.004149999935179949
0.0036547889467328787,-0.001405407558195293,0.004149999935179949
-0.0038584470748901367,-0.000812292390037328,0.0041497377678751945
0.0038573851343244314,-0.0007467527175322175,0.004149999935179949
0.003858397714793682,0.0008124219602905214,0.004149766638875008
0.0038578177336603403,0.0008780092466622591,0.004149999935179949
-0.003247699933126569,0.002232862636446953,0.0041499356739223
-0.0032474605832248926,0.0022750799544155598,0.004149999935179949
-0.0022328353952616453,0.003247680375352502,0.0041499063372612
0.002232759492471814,0.003247686428949237,0.004149924963712692
0.002269611693918705,0.003247460350394249,0.004149999935179949
-0.0014212060486897826,0.0036548450589179993,0.004149988759309053
-0.0014217591378837824,0.0036775993648916483,0.004149999935179949
0.0014211207162588835,0.0036547693889588118,0.004149970598518848
0.0014488307060673833,0.0036540154833346605,0.004149999935179949
0.0014217147836461663,0.0036802294198423624,0.004149999935179949
-0.000812325335573405,0.003858380950987339,0.004149495158344507
0.0008124812738969922,0.0038584950380027294,0.004149800632148981
0.0008134962990880013,0.003955919295549393,0.004149999935179949